company name,location,,Nature of Business,Exhibit / Brand / Service Description,Product Strategy,Company Website,HKTDC Events,supplier_url,exhibitor_url,Company Background,Product / Service Range,Brand Name,Booth: 3E-C01   |   Hong Kong MedTech Association (HKMTA)   |   Hong Kong MedTech Association Pavilion,Certificates,Other Certificates,Booth: 3E-C09   |   Hong Kong MedTech Association (HKMTA)   |   Hong Kong MedTech Association Pavilion,Booth: 3E-A14   |   Medical Supplies and Disposables   |   ,Booth: 3D-D06   |   Rehabilitation and Elderly Care   |   ,Booth: 3D-D05   |   World of Health and Wellness   |   Chinese Mainland (Jilin),Booth: 3D-D40   |   Startup Zone   |   ,Booth: 3E-F33   |   Hospital Equipment and Digital Health   |   ,Booth: 3E-B25   |   Medical Supplies and Disposables   |   ,Booth: 3E-A38   |   Medical Supplies and Disposables   |   
Hong Kong Science and Technology Parks Corporation,Hong Kong,,Statutory Body,"Life and Health Technology is one of the core industries we focus on at HKSTP. We currently host more than 300 biotech companies in our Park, ranging from therapeutics and medical devices to digital health and diagnostics.",OEM,www.hkstp.org,"Exhibited in HKTDC Event(s) in recent years Asia Summit on Global Health 2026 HKTDC Hong Kong International Medical and Healthcare Fair 2026 Innoex 2026 Think Business, Think Hong Kong - Hong Kong Dinner, Milan Eco Expo Asia 2025 HKTDC Hong Kong International Medical and Healthcare Fair 2025 ""Think Business Think Hong Kong"" Jakarta, Indonesia Asian Logistics, Maritime and Aviation Conference 2024 Show More",https://sourcing.hktdc.com/en/Supplier-Store/Profile/HONG-KONG-SCIENCE-TECHNOLOGY-PARKS-CORP/1X00H0R9,https://www.hktdc.com/event/hkmedicalfair/en/exhibitor/1S0061N41,,,,,,,,,,,,,,
"Dayton Industrial Co., Ltd.",Hong Kong    |    Factory in Chinese Mainland,,"Trade/Industrial Organisation, Exporter, Retailer, Service Company, Manufacturer","Watch2Care Vital leverages big data integration aggregating health data from wearables to identify trends, predict health risk, and provide personalized care actionable recommendations to empower everyone to proactively manage their well-being.","OEM, OBM, ODM",www.link2care.asia,Exhibited in HKTDC Event(s) in recent years HKTDC Hong Kong International Medical and Healthcare Fair 2026 HKTDC Hong Kong Watch & Clock Fair 2025 Salon de TIME 2025 HKTDC Hong Kong Watch & Clock Fair 2024 CHILL 11 HKTDC Hong Kong Watch & Clock Fair 2023 HKTDC Hong Kong Watch & Clock Fair 2022 HKTDC Hong Kong Watch & Clock Fair 2021 Show More,https://sourcing.hktdc.com/en/Supplier-Store/Profile/Dayton-Industrial-Co-Ltd/1X0A3SDB,https://www.hktdc.com/event/hkmedicalfair/en/exhibitor/1S0060ZY7,"At LINK2CARE, our vision is to promote the integration of Modern Chinese Medicine and Western Medicine using smart wearables technology developed and manufactured by Dayton Industrial Company Limited which has over 65 years of unparalleled experience in state-of-the-art micro-electronics. The LINK2CARE is to support truly preventive healthcare where everyone is empowered to proactively manage their well-being. The Watch2Care Vital Smartwatch stands as the flagship product and cornerstone of the LINK2CARE ecosystem. Its development is a testament to deep collaboration, cutting-edge research, and a revolutionary approach to health monitoring. At its core, the Watch2Care Vital leverages big data integration aggregating health data from wearables and AI-powered analyze to identify trends, predict health risks, and provide personalized care actionable recommendations. The powerful integration also includes the sophisticated mathematical models of MCM's Five Organs insights from an extensive database of over 5,000,000 historical medical cases and a unique framework for the Five Organ System's functional positioning. By leveraging innovative technology and blending the best of Eastern and Western Medicine, we can create a healthier, more sustainable future for all.","Health Management and Consultancy, Electronic Health Product, Healthcare Product, Health Supplement, Healthcare & Medical Science Course","LINK2CARE,Watch2Care",,,,,,,,,,,
"Pro-safe Nutritionals Co., Limited",Hong Kong,,Manufacturer,香港御安營養品製造有限公司 是一家專注於為客戶提供一站式的營養保健食品代加工服務的高科技型研發、生產型及品牌代理商公司。 我們致力於打造「全球代工廠 」模式，為各大品牌商提供供應鏈管理保健食品代工、客製化、產品開發、設計、生產一手包辦的代加工服務！ 經過行業積累，擁有豐富的進口膳食營養品研發、生產和營經驗，而且集團也歡迎接受海外其他國家的訂單。,"OEM, OBM, ODM",www.prosafenutri.com,Exhibited in HKTDC Event(s) in recent years HKTDC Hong Kong International Medical and Healthcare Fair 2026 HKTDC Hong Kong International Medical and Healthcare Fair 2025,https://sourcing.hktdc.com/en/Supplier-Store/Profile/Pro-safe-Nutritionals-Co-Limited/1S00P85SJ,https://www.hktdc.com/event/hkmedicalfair/en/exhibitor/1S005YY7H,,"Skin Care, Joint & Bone Support, Hair Removal Product, Health Food, Anti-Aging Supplement, Healthcare Product, Immune System Booster, Cosmetics, Weight Loss Product, Nutritional Manufacturing/ Processing Service","AIDEVI,御安堂",,,HACCP Issued By SGS Type HACCP Valid Date 22 Jul 2024 - 21 Jul 2027 ISO 22000 Issued By SGS Type ISO_22000 Valid Date 22 Jul 2024 - 21 Jul 2027 Show More,,,,,,,,
Promised Land Management Limited,Hong Kong,,Service Company,"1) BTO Wellness Treatment 2) LPG Infinity Series, LPG Alliance Series, LPG Huber 3) Healthway Air Purifier 4) Life Element Health supplement",Others,,Exhibited in HKTDC Event(s) in recent years HKTDC Hong Kong International Medical and Healthcare Fair 2026,https://sourcing.hktdc.com/en/Supplier-Store/Profile/Promised-Land-Management-Limited/1S00P9HPG,https://www.hktdc.com/event/hkmedicalfair/en/exhibitor/1S005YYSQ,"We are the owner and manager of the BTO brand, dedicated to its long-term growth and value creation. Through integrated strategy, operations, and marketing, we ensure consistent brand innovation and deliver exceptional experiences, driving sustainable returns for our investors.","Treatment Equipment, Health Supplement, Air Purifier, Elderly Care Product, Healthcare Product, Skin Care, Body Trimming and Shaping, Physiotherapy Treatment, Health Food, Rehabilitation Equipment","BTO,LPG,Healthway,Life Element",,,,,,,,,,,
Action Medical Sundries Limited,Hong Kong,,"Wholesaler, Manufacturer, Distributor","Surgical Mask, Disposable Bed Cover, Disposable Pillow Case, Protective Clothing",ODM,www.action.com.hk,Exhibited in HKTDC Event(s) in recent years HKTDC Hong Kong International Medical and Healthcare Fair 2026 HKTDC Hong Kong International Medical and Healthcare Fair 2025 HKTDC Hong Kong International Medical and Healthcare Fair 2024 HKTDC Hong Kong International Medical and Healthcare Fair 2023 HKTDC Hong Kong International Medical and Healthcare Fair 2022 HKTDC Simply Shopping Fest 2022 HKTDC Hong Kong International Medical and Healthcare Fair 2021 HKTDC Hong Kong International Medical and Healthcare Fair 2019 Show More,https://sourcing.hktdc.com/en/Supplier-Store/Profile/Action-Medical-Sundries-Ltd-/1X00ABW7,https://www.hktdc.com/event/hkmedicalfair/en/exhibitor/1S005YY8E,,"First Aid Equipment, Medical Mask, Dental Supplies, Medical Gloves, Medical Protective Clothing, Medical Preparation & Production Equipment, Rapid Test, Medical Consumable, Personal Hygiene Supplies, Personal Protective Equipment",Canuxi,,,ISO14611-1:Class 8 Issued By Fugro Type ISO_OTHERS Valid Date 08 Dec 2023 - 08 Dec 2024 ISO13485:2016 Issued By Lloyd's Register Type ISO_13485 Valid Date 20 Aug 2023 - 19 Aug 2026,,,,,,,,
Contin Technology Limited,Hong Kong,,"Wholesaler, Manufacturer","Professional in fall management system, anti-wandering system, incontinence monitoring system and elderly care related product.","OBM, OEM, ODM",www.warmcarehk.com,"Exhibited in HKTDC Event(s) in recent years HKTDC Hong Kong International Medical and Healthcare Fair 2026 HKTDC Hong Kong International Medical and Healthcare Fair 2025 HKTDC Hong Kong International Medical and Healthcare Fair 2024 HKTDC Hong Kong International Medical and Healthcare Fair 2023 MEDICA, Dusseldorf, Germany HKTDC Hong Kong International Medical and Healthcare Fair 2022 HKTDC Hong Kong International Medical and Healthcare Fair 2021 HKTDC Hong Kong International Medical and Healthcare Fair 2020 Show More",https://sourcing.hktdc.com/en/Supplier-Store/Profile/Contin-Technology-Ltd/1X0044TV,https://www.hktdc.com/event/hkmedicalfair/en/exhibitor/1S005Z8X1,"Contin Technology Company was established in 1997, we are professional, energetic and innovative enterprise integrating with developing, manufacturing and exporting high-end safety and security products for elderly/patients in hospital, senior housing and retirement center.","Companion and Caring Robots, Elderly Care Product, First Aid Equipment, Rehabilitation Equipment, Monitoring Support Devices and Solutions, Medical Consumable, Fall Prevention and Preventive Care Solutions",Warmcare,,,Patent & Management Certification Issued By - Type - Valid Date (N/A) - (N/A),,,,,,,,
Green Life Technology Ltd,Hong Kong    |    Factory in Germany,,Distributor,"HAB:Ozone-oxygen therapy by autohaemo&insufflation;Colon Hydro therapy with water purifier Schumann:Neuromodulation via Earth-frequency resonance Sanza:Magnetic fields,biofrequency&laser to balance body NatuGena:Labtested,toxinfree,German supplement","OEM, OBM, ODM",greenlifetechnology.com.hk,Exhibited in HKTDC Event(s) in recent years HKTDC Hong Kong International Medical and Healthcare Fair 2026 HKTDC Hong Kong International Medical and Healthcare Fair 2025,https://sourcing.hktdc.com/en/Supplier-Store/Profile/Green-Life-Technology-Ltd/1S00P23X6,https://www.hktdc.com/event/hkmedicalfair/en/exhibitor/1S005ZAU8,"Green Life Technology LTD. is a leading provider of innovative medical devices and technologies based in Hong Kong. With a focus on cutting-edge solutions, we are dedicated to improving the quality of healthcare and enhancing patient outcomes. Our team of experts is committed to developing and delivering advanced products that meet the evolving needs of the medical industry. We strive to create impactful solutions that make a difference in the lives of healthcare professionals and patients worldwide.","Skin Care, Massager, Health Supplement, Anti-Aging Supplement, Treatment Equipment, Healthcare Product, Fitness & Gym Equipment, Joint & Bone Support","NatuGena,Schumann 3D System,HAB,Sanza",,,,,,,,,,,
Pacific Medical Systems Limited,Hong Kong    |    Factory in USA,,Distributor,"Ultrasound Medical device, Surgical device, patient care solution, AED and etc.",OBM,www.pacificmedicalsystems.com,Exhibited in HKTDC Event(s) in recent years HKTDC Hong Kong International Medical and Healthcare Fair 2026 HKTDC Hong Kong International Medical and Healthcare Fair 2025 HKTDC Hong Kong International Medical and Healthcare Fair 2024 HKTDC Hong Kong International Medical and Healthcare Fair 2023 HKTDC Hong Kong International Medical and Healthcare Fair 2022 HKTDC Hong Kong International Medical and Healthcare Fair 2021 HKTDC Hong Kong International Medical and Healthcare Fair 2019,https://sourcing.hktdc.com/en/Supplier-Store/Profile/Pacific-Medical-Systems-Limited/1X0ARK0C,https://www.hktdc.com/event/hkmedicalfair/en/exhibitor/1S005YYLB,"Pacific Medical Systems (PMS) focuses in the marketing, sales and after sales support of innovative medical products in the Asia Pacific region.","Smart Healthcare Platform & Solution, Dental Equipment, Orthopedics Equipment, Diagnostic Equipment, Diagnostic Imaging and IVD, Ultrasound Equipment, Rescue Equipment and Service, Surgical Instrument","GE Healthcare,verathon,ZOLL",,,,,,,,,,,
"Synergy Medical Supply Co., Ltd.",Hong Kong,,Distributor,"We offer a wide range of products that cover all the major specialties in medicine including the Operating Room, Intensive Care Unit, Infection Control, Specialty Clinics and the Emergency Room.",OEM,hkmedicalstore.com,Exhibited in HKTDC Event(s) in recent years HKTDC Hong Kong International Medical and Healthcare Fair 2026 HKTDC Hong Kong International Medical and Healthcare Fair 2025 HKTDC Hong Kong International Medical and Healthcare Fair 2024 HKTDC Hong Kong International Medical and Healthcare Fair 2023 HKTDC Hong Kong International Medical and Healthcare Fair 2022 HKTDC Hong Kong International Medical and Healthcare Fair 2019 HKTDC Hong Kong International Medical Devices and Supplies Fair 2018 HKTDC Hong Kong International Medical Devices and Supplies Fair 2017 Show More,https://sourcing.hktdc.com/en/Supplier-Store/Profile/Synergy-Medical-Supply-Co-Ltd/1X0910LF,https://www.hktdc.com/event/hkmedicalfair/en/exhibitor/1S005YZLA,"Since 2001, Synergy Medical Supply Co. Limited has established excellent long-term relationships with the best manufacturers in the world. We are the exclusive distributors of many well-known medical brands in the United States, Europe, Australia and Asia.","Dental Equipment, Infection Prevention - UV Light Devices, Nursing Beds, Smart Healthcare Platform & Solution, Medical Consumable, Air Purifier, Personal Hygiene Supplies, Surgical Instrument, Wound Care & Dressing, Sterilization","Enduro,Eolis,Power Technologies",,,,,,,,,,,
Anward Co,Hong Kong    |    Factory in Chinese Mainland,,"Importer, Retailer, Distributor","VR First Aid Training, Safety Footwears, Fire Protection PPE, Medical Dressing, Rapid First Aid, Chemical Protection PPE, Personal Alarm",ODM,,Exhibited in HKTDC Event(s) in recent years HKTDC Hong Kong International Medical and Healthcare Fair 2026 HKTDC Hong Kong International Medical and Healthcare Fair 2025 HKTDC Hong Kong International Medical and Healthcare Fair 2024 HKTDC Hong Kong International Medical and Healthcare Fair 2021,https://sourcing.hktdc.com/en/Supplier-Store/Profile/Anward-Co/1X0A2NTA,https://www.hktdc.com/event/hkmedicalfair/en/exhibitor/1S005Z4GK,"Anward Shop is based in HK for many years, and have been providing our customers the highest quality indoor & outdoor activities and industrial PPE, including many well-known domestic and foreign brands such as MSA, HAIX, KASK, CMC, etc. We are always committed to collecting the latest & the best international brand equipment and products that are certified to meet safety standards locally and around the world. Members and new customers are welcome to visit our showroom in Cheung Sha Wan and purchase.","First Aid Equipment, Medical Consumable, Wound Care & Dressing, VR and AR in Healthcare, Personal Protective Equipment","Aemulus XR,E-GEAR,HAIX,PAX",,,,,,,,,,,
ASSA ABLOY Entrance Systems Hong Kong Limited,Hong Kong,,"Service Company, Manufacturer","We will demonstrate how our automatic door entrance solutions are well-suited for hospitals and various parties, including both public and private hospitals, shopping malls, and different commercial buildings.","OBM, OEM",www.assaabloyentrance.com/hk/en,Exhibited in HKTDC Event(s) in recent years HKTDC Hong Kong International Medical and Healthcare Fair 2026,https://sourcing.hktdc.com/en/Supplier-Store/Profile/ASSA-ABLOY-Entrance-Systems-Hong-Kong-Limited/1S00P9HNM,https://www.hktdc.com/event/hkmedicalfair/en/exhibitor/1S005YYN5,"ASSA ABLOY Entrance Systems Hong Kong is a leader in entrance solutions, specializing in innovative products and services designed to enhance safety, convenience, and efficiency. As part of the global ASSA ABLOY Group, we offer a wide range of entrance automation solutions, including automatic doors, high-speed doors, loading dock equipment, and access control systems. Our commitment to quality and customer satisfaction drives our expertise in designing and implementing tailored solutions that meet the unique needs of various sectors, including retail, healthcare, logistics, and more. With a focus on sustainability and advanced technology, we deliver reliable products that improve user experience while ensuring security and compliance. We provide our own products, tailored access solutions, and maintenance services, offering 24/7 technical support.","Emergency Response System, Hospital Automation Systems, Smart Healthcare Platform & Solution","ASSA ABLOY,Entrance Systems,AAESHK",,,,,,,,,,,
"Meiji Health Tech Co., Limited",Hong Kong    |    Factory in Chinese Mainland,,"Export Agent, Manufacturer, Wholesaler",Meiji robotic bed is designed to improve patient quality of life and to assist nurse/ caretaker's workload. Meiji wound dressing is specifically designed to offer tailor-made healing which has proven to achieve high efficacy with less scars.,"OBM, ODM",https://www.mj12.cn/tn/home,Exhibited in HKTDC Event(s) in recent years HKTDC Hong Kong International Medical and Healthcare Fair 2026,https://sourcing.hktdc.com/en/Supplier-Store/Profile/MEIJI-HEALTH-TECH-CO-LIMITED/1S00P8ZDY,https://www.hktdc.com/event/hkmedicalfair/en/exhibitor/1S005YZY7,"Meiji Health Tech Co Ltd has productized and commercialized from in-depth R&D, successfully offered an innovative solution simultaneously to heal and rehabilitate bed-ridden patient, resulted in shortened healing time, better patient quality of life and subsequently reduce the workload of caretakers.","Wound Care & Dressing, Physical Therapy Equipment, Rehabilitation Equipment, Therapeutic Devices & Accessories, Elderly Care Product, Incontinence Pad, Smart Healthcare Platform & Solution, Nursing Beds, Medical Preparation & Production Equipment, Compression Therapy","Meiji robotic bed,Meiji wound dressing",,,,,,,,,,,
Ergotron Inc,USA,,"Professional Association, Buying Office, Government, Buying Cooperative","Mounting solution for Laptop, AIO, Monitor, Tablet, including computer carts, EMR carts, documentation carts and monitor arm.",Others,www.ergotron.com,Exhibited in HKTDC Event(s) in recent years HKTDC Hong Kong International Medical and Healthcare Fair 2026,https://sourcing.hktdc.com/en/Supplier-Store/Profile/Ergotron-Inc-/1S00P9CAU,https://www.hktdc.com/event/hkmedicalfair/en/exhibitor/1S0061N34,,Ward Facilities,Ergotron Inc.,,,,,,,,,,,
Pingtung Christian Hospital,Taiwan,,Others,"Medical appointment scheduling and arrangements. Consultation on medical procedures. Providing accommodation information for patients and their families. Offering living and travel information. Assisting with the application of diagnosis, and more.",Others,https://www.ptch.org.tw/,Exhibited in HKTDC Event(s) in recent years HKTDC Hong Kong International Medical and Healthcare Fair 2026 HKTDC Hong Kong International Medical and Healthcare Fair 2025,https://sourcing.hktdc.com/en/Supplier-Store/Profile/Pingtung-Christian-Hospital/1S00OX1WB,https://www.hktdc.com/event/hkmedicalfair/en/exhibitor/1S005ZG55,"Pingtung Christian Hospital was established by a group of medical missionaries from the United States, Norway, and Finland who were inspired by the love of Christ and devoted 20 to 30 years of their lives to Taiwan and upheld the noble tradition of ""going wherever there is a need."" PCH began as a humble clinic and transformed into a regional teaching hospital with over 600 beds. Throughout this journey, it safeguarded the health of the people in southern Taiwan and also made significant contributions to Taiwan's medical history in the areas of surgery, orthopedics, infectious disease treatment in the 1950s, physical therapy, and nurse assistant education. Our hospital not only offers various specialized medical treatments but is also committed to international humanitarian aid and social care. We provide a warm and comfortable medical environment, along with professional and high-quality medical care services, ensuring a safe and reassuring healthcare experience for international patients.","Medical and Healthcare Service, Fitness Centre, Electronic Health Product, Health Management and Consultancy, Fitness & Gym Equipment",,,,,,,,,,,,
Continental Supplies Ltd,Hong Kong    |    Factory in Chinese Mainland,,Distributor,"Medical equipment, medical supplies, physiotherapy equipment and rehabilitation equipment.",OEM,www.medishop.com.hk,Exhibited in HKTDC Event(s) in recent years HKTDC Hong Kong International Medical and Healthcare Fair 2026 HKTDC Hong Kong International Medical and Healthcare Fair 2025 HKTDC Hong Kong International Medical and Healthcare Fair 2024 HKTDC Hong Kong International Medical and Healthcare Fair 2023 HKTDC Hong Kong International Medical and Healthcare Fair 2022 HKTDC Hong Kong International Medical and Healthcare Fair 2021 HKTDC Hong Kong International Medical and Healthcare Fair 2020 HKTDC Hong Kong International Medical and Healthcare Fair 2019 Show More,https://sourcing.hktdc.com/en/Supplier-Store/Profile/Continental-Supplies-Ltd/1X05X3P2,https://www.hktdc.com/event/hkmedicalfair/en/exhibitor/1S005YYFT,"Continental Supplies Ltd specializes in medical equipment, medical supplies, physiotherapy equipment and rehabilitation equipment. We offer high-quality products, competitive prices and prompt delivery. Your satisfaction is always our first concern.","Ultrasound Equipment, Nursing Beds, Dental Supplies, Transfer and Lifting Aids, Physical Therapy Equipment, First Aid Equipment, Rehabilitation Equipment, Electronic Health Product, Diagnostic Imaging and IVD, Sterilization","Defibtech,Longest,Peaksonic,OriOri,Opump,Fomos,Wheely-x,BangBang,MagicWheel,Medisuper,Meike,XZ Right Gait& Posture,Sonostar",,,,,,,,,,,
Pro-Cure Medical Technology Company Limited,"Hong Kong    |    Factory in Korea, Republic Of",,Distributor,"ICG Non-invasive Cardic Output Monitor, Digital ENT Scope, Stress & Cardiovascular Monitor, Disposable Medical Gloves, Body Composition Analyser, Diabetes Care",Others,www.pro-cure.com.hk,Exhibited in HKTDC Event(s) in recent years HKTDC Hong Kong International Medical and Healthcare Fair 2026 HKTDC Hong Kong International Medical and Healthcare Fair 2025 HKTDC Hong Kong International Medical and Healthcare Fair 2024 HKTDC Hong Kong International Medical and Healthcare Fair 2023 HKTDC Hong Kong International Medical and Healthcare Fair 2022 HKTDC Simply Shopping Fest 2022 HKTDC Hong Kong Gifts & Premium Fair 2022 HKTDC Hong Kong International Medical and Healthcare Fair 2021 Show More,https://sourcing.hktdc.com/en/Supplier-Store/Profile/Pro-Cure-Medical-Technology-Co-Ltd/1X04VDV2,https://www.hktdc.com/event/hkmedicalfair/en/exhibitor/1S005YYRT,"PRO-CURE MEDICAL TECHNOLOGY CO., LTD. was established in 2003, which is engaged in the marketing of hi-tech medical diagnosis equipment and instruments. Over the past ten years of rapid growth and development, we have earned a reputation for prompt delivery, extensive product knowledge and competitive price. Our products are well accepted and exported all over the world. We sincerely hope to establish mutual-benefit and long-trade relationship with the customers all the world. We look forward to being of service.","Diabetes Care, Electronic Health Product, Mental Health Assessment Tool, Mobile Health Apps for Mental Health, Fitness & Gym Equipment, Psychosocial Rehabilitation","MediCore,BodyStat,medis,EasyMax,SafeHealth,MiiS",,,,,,,,,,,
Bodycare Company Limited,Hong Kong,,"Export Agent, Distributor","Vesta, Zeuswave, Tesla, Lazer, Ict Interferential, Ultrasound...",OBM,www.bodycareco.com.hk,Exhibited in HKTDC Event(s) in recent years HKTDC Hong Kong International Medical and Healthcare Fair 2026 HKTDC Hong Kong International Medical and Healthcare Fair 2025 HKTDC Hong Kong International Medical and Healthcare Fair 2024 HKTDC Home Delights Expo 2023 HKTDC Hong Kong International Medical and Healthcare Fair 2023 HKTDC Hong Kong International Medical and Healthcare Fair 2022 HKTDC Home Delights Expo 2022 HKTDC Hong Kong Sports and Leisure Expo 2022 Show More,https://sourcing.hktdc.com/en/Supplier-Store/Profile/Bodycare-Co-Ltd/1X04VDZY,https://www.hktdc.com/event/hkmedicalfair/en/exhibitor/1S005YZDY,"We are a company of providing quality medical products, including treatment table, medical equipment, rehabilitation supplies, orthopedic and surgical supplies. We providing over 300 products in Hong Kong and Macao market with over 15 years.","Medical Consumable, Medical Preparation & Production Equipment, Therapeutic Devices & Accessories","ZEUSWAVE,BODYCARE,VESTA",,,,,,,,,,,
Delta Pyramax Engineering Limited,Hong Kong    |    Factory in Chinese Mainland,,Distributor,"Through worldwide sourcing, we are bringing innovative products and solutions from Diabetes Care, Building Technology, Hospital Equipment, Patient Monitoring System, Elderly Care and Rehabilitation, to other Wellness and Assistive solutions.",Others,www.deltapyramax.com,Exhibited in HKTDC Event(s) in recent years HKTDC Hong Kong International Medical and Healthcare Fair 2026 HKTDC Hong Kong International Medical and Healthcare Fair 2025 HKTDC Hong Kong International Medical and Healthcare Fair 2024 HKTDC Hong Kong International Medical and Healthcare Fair 2023 HKTDC Hong Kong International Medical and Healthcare Fair 2022 HKTDC Hong Kong International Medical and Healthcare Fair 2021 HKTDC Hong Kong International Medical and Healthcare Fair 2019 HKTDC Hong Kong International Medical Devices and Supplies Fair 2018 Show More,https://sourcing.hktdc.com/en/Supplier-Store/Profile/Delta-Pyramax-Engineering-Ltd/1X04VEHD,https://www.hktdc.com/event/hkmedicalfair/en/exhibitor/1S005Z4IE,"Founded in 1999, Delta Pyramax Engineering has most experience in construction and installation work. Having diversified and explored new markets, Delta Pyramax Engineering has more than 10 years’ experience in hospital infrastructure product. To further carry out our commitment to provide quality standard of living with technology and efficiency, we have increased sourcing from Europe and USA for rehabilitation and health monitoring systems.","Fall Prevention and Preventive Care Solutions, Swallowing Aids, Sterilization, Diabetes Care, Transfer and Lifting Aids, Rehabilitation Equipment, Physical Therapy Equipment, Respiratory Care Device, Wheelchair, Elderly Care Product","Restorative Therapies,OMNIFIT,DangQLac",,,,,,,,,,,
DexRobot (Hong Kong) Limited,Hong Kong    |    Factory in Chinese Mainland,,"Service Company, Retailer, Distributor, Manufacturer","MiniMore is a high-end service robot featuring autonomous navigation, smart interaction, and precise manipulation. Designed for versatile settings like elderly homes, it provides end-to-end intelligent services including guest greeting and patrols.",OBM,www.dexsenior.com,Exhibited in HKTDC Event(s) in recent years HKTDC Hong Kong International Medical and Healthcare Fair 2026,https://sourcing.hktdc.com/en/Supplier-Store/Profile/DexRobot-Hong-Kong-Limited/1S00P8L6X,https://www.hktdc.com/event/hkmedicalfair/en/exhibitor/1S005YZUJ,"Company Profile DexRobot (HK) Ltd., operating under the brand DexSenior, combines ""dexterity"" with ""senior."" Our logo, inspired by the ancient Chinese ""foot"" character, symbolizes mobility. We believe that smart technology can enhance movement and independence for the silver generation. Product Overview Our parent company, Zhejiang DexRobot, is a leader in humanoid and industrial robotics R&D. Our flagship service robot, MiniMore, features autonomous navigation, intelligent interaction, and dexterous manipulation for residential and commercial use, providing services from guest reception to security patrols. In Jordan, DexSenior is a one-stop provider of smart living solutions for adults 50+. Our products support independent living and ease family care through three core series: - Dex Motion: Walking aids, canes, wheelchairs- Dex Lifting: Electric toilet aids, lift chairs - Dex Living: Home modifications, nursing beds Business Model We serve the market through B2B (elderly care homes) and B2C/O2O retail channels. Our experiential marketing includes professional gait assessments, custom cane workshops, product trials, and home modification consultations.","Respiratory Care Device, Wheelchair, Transfer and Lifting Aids, Elderly Care Product, Companion and Caring Robots, Rehabilitation Equipment, Physical Therapy Equipment, Walking Sticks and Walkers",DexSenior,,,,,,,,,,,
Enlighten Company Limited,Hong Kong    |    Factory in Hong Kong,,"Manufacturer, Private Individual, Exporter",1. IP-based Nurse Call System with Voice Intercom 2. Wireless Nurse Call System with floor map location indication,ODM,www.enlightenmed.com.hk/,Exhibited in HKTDC Event(s) in recent years HKTDC Hong Kong International Medical and Healthcare Fair 2026 HKTDC Hong Kong International Medical and Healthcare Fair 2024 HKTDC Hong Kong International Medical and Healthcare Fair 2021 HKTDC International Sourcing Show 2021 HKTDC Hong Kong International Medical and Healthcare Fair 2020,https://sourcing.hktdc.com/en/Supplier-Store/Profile/Enlighten-Company-Limited/1X0B91Q7,https://www.hktdc.com/event/hkmedicalfair/en/exhibitor/1S005Z4L5,"Enlighten is an experienced developer and manufacturer of wireless and IP-based nurse call and IOT products, specializing in Nurse Call, Fall Prevention, Anti-Wandering and Smart Sensors. We were incorporated in 2015 and have been consistently helping our clients leverage on IoT to find innovative solutions to their business problems. We aim to develop innovative products that can benefit the society, more environmental friendly and improve the quality of life for elderly, patients and caregivers by advanced technology.","Remote Patient Monitoring Solution, Patient Monitoring System, Fall Prevention and Preventive Care Solutions, Elderly Care Product, Monitoring Support Devices and Solutions, Manufacturing Solution",Enlighten,,,Test Report Issued By ATL Type - Valid Date (N/A) - 26 Dec 2016 CE Issued By ATL Type - Valid Date (N/A) - 10 Jan 2017 Show More,,,,,,,,
Hanshin Technology Limited,Hong Kong    |    Factory in Chinese Mainland,,Manufacturer,Falling Detection System ; Anti-Wandering System ; In-bed Healthcare System; Smart Wearable Thermometer; Smart Hygiene Shower Robot; eHome Care365; Smart Monitoring Mattress,"ODM, OEM, Others, OBM",aiecare.com,Exhibited in HKTDC Event(s) in recent years HKTDC Hong Kong International Medical and Healthcare Fair 2026 HKTDC Hong Kong International Medical and Healthcare Fair 2025 HKTDC Hong Kong International Medical and Healthcare Fair 2024 HKTDC Hong Kong Baby Products Fair 2024 HKTDC Hong Kong International Medical and Healthcare Fair 2023,https://sourcing.hktdc.com/en/Supplier-Store/Profile/Hanshin-Technology-Limited/1X0AZ25P,https://www.hktdc.com/event/hkmedicalfair/en/exhibitor/1S005YYM8,"In observation of the global aging and inspiration of Gerontech trend, we aim to develop and provide the best healthcare solution to our customers and also contribute to our society at the same time. After three years of continuous efforts from R&D team, a series of eCare products have been launched recently and there is positive response from different industries.","Hospital Automation Systems, Wearable Devices/Sensors, Mobile Health Apps for Mental Health, Patient Monitoring System, Smart Healthcare Platform & Solution, Smart Robot",Hanshin eCare,,,,,,,,,,,
Health Care & Co.,Hong Kong,,Wholesaler,"We are a wholesaler of a wide range of medical devices and health and wellness products established in Hong Kong since 1988. Over these years, we have successfully gained our reputation by introducing new medical supplies and equipment from overseas","OEM, OBM",,Exhibited in HKTDC Event(s) in recent years HKTDC Hong Kong International Medical and Healthcare Fair 2026 HKTDC Hong Kong International Medical and Healthcare Fair 2025 HKTDC Hong Kong International Medical and Healthcare Fair 2024 HKTDC Hong Kong International Medical and Healthcare Fair 2023 HKTDC Hong Kong International Medical and Healthcare Fair 2022 HKTDC Hong Kong International Medical and Healthcare Fair 2021 HKTDC Hong Kong Sports and Leisure Expo 2021 HKTDC Hong Kong Sports and Leisure Expo 2019 Show More,https://sourcing.hktdc.com/en/Supplier-Store/Profile/Health-Care-Co/1X079WXF,https://www.hktdc.com/event/hkmedicalfair/en/exhibitor/1S005YZM7,,"Compression Therapy, Psychosocial Rehabilitation, Recreational Therapy Tools (Games and Toys), Wheelchair, Elderly Care Product, Physical Therapy Equipment, Respiratory Care Device, Virtual Reality-based Rehabilitation System, Nursing Beds, Rehabilitation Equipment",,,,,,,,,,,,
Health Park Trading Company Limited,Hong Kong    |    Factory in United Kingdom,,"Wholesaler, Distributor, Retailer","TOTO lateral turning system. The system has three turning settings and 5 duration selections, can stand 250kg, around 50db during operation, preset at 30degreesturning degrees which meets the Int' nursing care turning standard.",Others,www.hptltd.com,Exhibited in HKTDC Event(s) in recent years HKTDC Hong Kong International Medical and Healthcare Fair 2026 HKTDC Hong Kong International Medical and Healthcare Fair 2025 HKTDC Hong Kong International Medical and Healthcare Fair 2024 HKTDC Hong Kong International Medical and Healthcare Fair 2023 HKTDC Hong Kong International Medical and Healthcare Fair 2022,https://sourcing.hktdc.com/en/Supplier-Store/Profile/Health-Park-Trading-Company-Limited/1S00O27FK,https://www.hktdc.com/event/hkmedicalfair/en/exhibitor/1S005YY6K,Health Park Trading Company Limited founded in November 2020 and are constantly expanding our portfolio of products and areas of activity. We specialize in distributing quality health products to paramedical industry and general public. There have been views that population ageing and human lifespan extension will lead to an increase in expenditures on long-term care and health care in order to maintain quality of life. Everything we do is focused on achieving the highest quality in meeting the needs of our customers. Professional sales team lead by an experienced management team (registered nurse and has been working in a medical distributor for over 30 years),"Orthopedics Equipment, Remote Patient Monitoring Solution, Emergency Response System, Smart Healthcare Platform & Solution, Physical Therapy Equipment, Fall Prevention and Preventive Care Solutions, Electronmedical Equipment, Patient Monitoring System, Elderly Care Product, Rehabilitation Equipment","Toto,Repose",,,,,,,,,,,
JCare Medical Technology Co. Limited,Hong Kong,,"Importer, Distributor","We are the local market leader specialising in the areas of Advanced Wound Care, Compression Therapy, Orthopaedics and UVC LED Disinfection products. Offer high quality solutions for health professionals and patients.",Others,www.jcaremedical.hk,Exhibited in HKTDC Event(s) in recent years HKTDC Hong Kong International Medical and Healthcare Fair 2026 HKTDC Hong Kong International Medical and Healthcare Fair 2025 HKTDC Hong Kong International Medical and Healthcare Fair 2024 HKTDC Hong Kong International Lighting Fair (Spring Edition) 2024 HKTDC Hong Kong International Medical and Healthcare Fair 2023 HKTDC Hong Kong International Medical and Healthcare Fair 2022 HKTDC Beauty & Wellness Expo 2021 HKTDC Hong Kong International Medical and Healthcare Fair 2019 Show More,https://sourcing.hktdc.com/en/Supplier-Store/Profile/JCare-Medical-Technology-Co-Limited/1X0ADWUI,https://www.hktdc.com/event/hkmedicalfair/en/exhibitor/1S005ZJCH,"Incorporated in 2017, we are a company specialising in distributing advanced wound care, lymphology, orthopaedics, and physiotherapy products in HK and Macau. Our major customers include Hospital Authority Hospitals and Clinics, Private Hospitals and Clinics, Key Sport institutions and private Physiotherapy centres. We have a professional and experienced Senior Management team with more than 20 years of experience in Healthcare and Pharmaceutical industries from companies like Smith and Nephew, Paul Hartmann, Zuellig Pharma and Kerry Pharma.","Wound Care & Dressing, Antiseptic Products & Alcohol, Medical Consumable, Infection Prevention - UV Light Devices","Essity (Former BSN),59S,Advancis Medical",,,,,,,,,,,
NF Essential Limited,Hong Kong    |    Factory in Malaysia,,"Export Agent, Wholesaler, Manufacturer, Exporter, Mail Order Co.",Agent for the anti-aging exosomes and health products for the nervous system and cells developed by Swiss biotechnology,OEM,www.smartol.hk,Exhibited in HKTDC Event(s) in recent years HKTDC Hong Kong International Medical and Healthcare Fair 2026 HKTDC Food Expo PRO 2025 HKTDC Hong Kong International Medical and Healthcare Fair 2025 HKTDC Hong Kong International Medical and Healthcare Fair 2024 HKTDC Hong Kong International Medical and Healthcare Fair 2023 HKTDC Hong Kong International Medical and Healthcare Fair 2022 HKTDC Beauty & Wellness Expo 2022 HKTDC Hong Kong International Medical and Healthcare Fair 2021 Show More,https://sourcing.hktdc.com/en/Supplier-Store/Profile/NF-Essential-Limited/1X0A7H6F,https://www.hktdc.com/event/hkmedicalfair/en/exhibitor/1S005Z1ET,,"Hardware Cosmetology, Health Supplement, Health Food, Hair Care, Treatment Equipment, Anti-Aging Supplement","Lab91,Smartol,SWISS STEMGLOW JELLY",,,,,,,,,,,
Pro-Med Technology Ltd,Hong Kong    |    Factory in Hong Kong,,Distributor,AI Chinese Medicine Body Check System Edema Management System Bone Densitometer,Others,www.promed.com.hk,Exhibited in HKTDC Event(s) in recent years HKTDC Hong Kong International Medical and Healthcare Fair 2026 HKTDC Hong Kong International Medical and Healthcare Fair 2025 HKTDC Hong Kong International Medical and Healthcare Fair 2024 HKTDC Hong Kong International Medical and Healthcare Fair 2023,https://sourcing.hktdc.com/en/Supplier-Store/Profile/Pro-Med-Technology-Ltd/1X0BAEDH,https://www.hktdc.com/event/hkmedicalfair/en/exhibitor/1S005Z3GL,"Pro-Med Technology Limited has been a trusted provider, diligently exploring and introducing cutting-edge products, technologies, and solutions to professionals in the fields of rehabilitation, wellness, and healthcare in Hong Kong and worldwide for over two decades.","Physiotherapy Treatment, Wheelchair, Fall Prevention and Preventive Care Solutions, Physical Therapy Equipment, Electronic Health Records System, Rehabilitation Equipment, Digital Therapeutics (DTX) Solution, Ward Facilities, Orthopedics Equipment","HighEnd,InBody,Nanjin Kejin",,,,,,,,,,,
Rondish Company Limited,Hong Kong    |    Factory in Hong Kong,,"Wholesaler, Exporter, Manufacturer","Rondish pioneers and manufactures for Smart Sensor Fall Prevention, wander management with our DoorWatcher system, wireless/wired nurse call systems to minimize injury risks, protect, assist caregivers, and enhance safety in special care environment.","ODM, OEM, OBM, Others",www.rondish.com,Exhibited in HKTDC Event(s) in recent years HKTDC Hong Kong International Medical and Healthcare Fair 2026 HKTDC Hong Kong International Medical and Healthcare Fair 2025 HKTDC Hong Kong International Medical and Healthcare Fair 2024 HKTDC Hong Kong International Medical and Healthcare Fair 2023 HKTDC Hong Kong International Medical and Healthcare Fair 2022 HKTDC Hong Kong Electronics Fair 2021 (Autumn Edition) HKTDC Hong Kong International Medical and Healthcare Fair 2021 HKTDC Hong Kong International Medical and Healthcare Fair 2019 Show More,https://sourcing.hktdc.com/en/Supplier-Store/Profile/Rondish-Co-Ltd/1X00I33O,https://www.hktdc.com/event/hkmedicalfair/en/exhibitor/1S005YYA8,"Rondish: Pioneering Digital Safety for Global Healthcare For over 36 years, Hong Kong-based Rondish has been a trusted leader in smart sensor safety solutions for the elderly and patients with special needs. Driven by our mission: Patient Safety, Caregiver Smile, Elderly Independence. We develop patented innovations like the Nexus Nurse Call, Fall Management, BedWatcher, and DoorWatcher, Real Time Location system. Our products are internationally recognized, complying with FCC, CE, and FDA standards, and manufactured in ISO 13485 & 9001 certified facilities. With over one million products sold globally, our systems are deployed in 60% of Hong Kong hospitals and hundreds of facilities across 30+ countries, including the US, UK (NHS), Europe and Asia. Recently honored with the Digital Transformation Award 2025 by GS1, we offer fully customizable and scalable solutions for any facility. Our systems are scalable and customizable for any healthcare facility, from small nursing home/eldercare centers to large acute-care hospitals. We welcome OEM and distributor corporations. We invite you to our booth to discover how Rondish enhances safety, streamlines workflows, and improves care.","Smart Healthcare Platform & Solution, Wearable Devices/Sensors, Fall Prevention and Preventive Care Solutions, Monitoring Support Devices and Solutions, Ward Facilities, Patient Monitoring System, Elderly Care Product, Remote Patient Monitoring Solution","Rondish,Nexus",,,ISO13485 Issued By - Type - Valid Date (N/A) - (N/A) ISO9001 Issued By - Type - Valid Date (N/A) - (N/A),,,,,,,,
Savewo Limited,Hong Kong    |    Factory in Hong Kong,,Manufacturer,"SAVEWO, an innovative company specialised in the development, design and production of health protection gear, was founded in 2020 with an aim to contribute to the local and global fight against COVID-19 and create products that can make Hong Kong pr",Others,www.savewo.com,"Exhibited in HKTDC Event(s) in recent years HKTDC Hong Kong International Medical and Healthcare Fair 2026 HKTDC Hong Kong Gifts & Premium Fair 2026 Innoex 2026 HKTDC Hong Kong International Medical and Healthcare Fair 2025 HKTDC Hong Kong Gifts & Premium Fair 2025 Entrepreneur Day 2024, Hong Kong MEDICA, Dusseldorf, Germany Tokyo International Gift Show, Japan Show More",https://sourcing.hktdc.com/en/Supplier-Store/Profile/Savewo-Limited/1S00NW785,https://www.hktdc.com/event/hkmedicalfair/en/exhibitor/1S005YZGP,"SAVEWO, an innovative company specialised in the development, design and production of health protection gear, was founded in 2020 with an aim to contribute to the local and global fight against COVID-19 and create products that can make Hong Kong proud. The world-class capabilities of our mask products have been confirmed by various renowned professional testing and certification bodies, including Nelson labs / SGS / TUV / KOTITI / STC / Bureau Veritas. SAVEWO is the first mask manufacturer in Hong Kong to mass-produce protective respirators certified under KF94 / KF99 (Korea) and EN149: 2001+A1: 2009 FFP2 / FFP3 (EU) standards.","Medical Mask, Wound Care & Dressing, Medical Consumable, Medical Preparation & Production Equipment",Savewo,,,ISO13485 Issued By Bureau Veritas Type ISO_13485 Valid Date (N/A) - 09 Nov 2020 ISO14644-1:1999 Class7 Cleanroom Issued By FUGRO Type ISO_OTHERS Valid Date (N/A) - 26 Jun 2020 Show More,,,,,,,,
Tfe Hong Kong Limited,Hong Kong,,Manufacturer,We have variety types of the Prevention Fall Alarms and Sensor Mats. All of them is specially designed and is helpful to caregivers to patient who is at risk of falling from bed or wheelchair.,OEM,www.tfehk.com,Exhibited in HKTDC Event(s) in recent years HKTDC Hong Kong International Medical and Healthcare Fair 2026 HKTDC Hong Kong International Medical and Healthcare Fair 2025 HKTDC Hong Kong International Medical and Healthcare Fair 2024 HKTDC Hong Kong International Medical and Healthcare Fair 2023 HKTDC Hong Kong International Medical and Healthcare Fair 2022 HKTDC Hong Kong International Medical and Healthcare Fair 2021 HKTDC Hong Kong International Medical and Healthcare Fair 2019 HKTDC Hong Kong International Medical Devices and Supplies Fair 2018 Show More,https://sourcing.hktdc.com/en/Supplier-Store/Profile/TFE-HK-Ltd/1X00B6I0,https://www.hktdc.com/event/hkmedicalfair/en/exhibitor/1S005YY4Q,"Founded in 1976, TFE Hong Kong Limited is a manufacturer of innovative and reliable products in consumer electronics, premiums for promotion, toys and security products. All products are developed and manufactured not only as open items, but also for joint venture manufacturing or OEM/ODM projects. All TFE's products are carefully designed and packaged to maximize sales for you and your customers. We have our own team of highly professional mechanical and electronic engineers at our Hong Kong Office and our China factory. Combined with the expertise of our product designers, you can be assured of a highly marketable product with international appeal. Please feel free to contact our sales team who will be more than glad to assist you with your enquiry and update you on any new additions to our product range.","Elderly Care Product, Fall Prevention and Preventive Care Solutions","TFE,Lifemax",,,,,,,,,,,
U.S. Pacific Nonwovens Industry Ltd,Hong Kong    |    Factory in Chinese Mainland,,"Exporter, Wholesaler, Retailer, Manufacturer","Proprietary designed Apparel, Stretchers, Back Support Belts, Patient Specific Lifting Slings for medical, safety, first aid & environmental protection made of Engineered/Laminated Composites Nonwovens which are Biodegradable/Compostable materials.","OBM, ODM, OEM",www.us-pacific.com.hk,Exhibited in HKTDC Event(s) in recent years HKTDC Hong Kong International Medical and Healthcare Fair 2026 HKTDC Hong Kong International Medical and Healthcare Fair 2025 HKTDC Hong Kong International Medical and Healthcare Fair 2024 HKTDC Hong Kong International Medical and Healthcare Fair 2023 HKTDC Hong Kong International Medical and Healthcare Fair 2022 HKTDC Lifestyle Sourcing Show | Physical + Online HKTDC Hong Kong International Medical and Healthcare Fair 2021 HKTDC Hong Kong Baby Products Fair 2020 Show More,https://sourcing.hktdc.com/en/Supplier-Store/Profile/U-S-Pacific-Nonwovens-Industry-Ltd/1X002G5J,https://www.hktdc.com/event/hkmedicalfair/en/exhibitor/1S005YYGQ,"In conjunction with operating as OEM, ODM and OBM, U.S. Pacific manufactures a comprehensive range of customized disposable / limited-use nonwoven products including but not limited to patient handling & movement, medical/healthcare and industrial safety protection under patent protection. To comply with the global environmental protection criteria resulted from the global warming effect, U.S. Pacific has spent a great deal of effort in R&D in the past years for the ""green"" products focusing on medical, agriculture, infant supplies and home textiles. The company has expanded its scope of business to include the most updated technology in producing compostable and biodegradable nonwoven roll goods at 2.4 meters wide from bio-based polymers such as Polylatic Acid (PLA), PHA, PBS and PBAT, etc. Final process of the composting will become water and carbon dioxide, back to the nature. PLA's special characteristics find its excellent applications in products which has direct skin contact. U.S. Pacific is a technology oriented company. The material specifications, product characteristics and performance can be tested and verified by our in-house laboratory. Customer satisfaction is guaranteed by the company as a result of its profound technical knowledge, manufacturing expertise.","Medical Protective Clothing, Elderly Care Product, Transfer and Lifting Aids, Personal Hygiene Supplies, Rehabilitation Equipment, Medical Consumable","Zlincher (Patient Specific Lifting Sling),Smart Mover (Life Saver Handling Device),Smart Cart(Mobility Transfer Device),Backare (Back Protection device)",,,,,,,,,,,
"Bingray International Medical Co., Limited",Hong Kong    |    Factory in Chinese Mainland,,"Distributor, Import Agent, Importer, Wholesaler, Export Agent, Exporter, Retailer",Non-invasive Glucometer,Others,bingray.hk,Exhibited in HKTDC Event(s) in recent years HKTDC Hong Kong International Medical and Healthcare Fair 2026,https://sourcing.hktdc.com/en/Supplier-Store/Profile/BINGRAY-INTERNATIONAL-MEDICAL-CO-LIMITED/1S00P8W4S,https://www.hktdc.com/event/hkmedicalfair/en/exhibitor/1S005YYQW,"BINGRAY INTERNATIONAL MEDICAL CO., LIMITED Medical Equipment & Consumables Trading Asia Agency Specializing in Glucose Management Respiratory Therapy & Home Medical Equipment","Diabetes Care, Electronmedical Equipment","GHA,昺瑞醫療",,,,,,,,,,,
Carmelton Company Limited,Hong Kong,,"Manufacturer, Distributor","Baby & Adult Diaper, Light Incontinence Pad, Underpad, Sanitory Napkin, Wet Wipes, Insert Pad, Pet Sheet, Pet Diaper.","ODM, OEM",www.nicecare.hk,"Exhibited in HKTDC Event(s) in recent years HKTDC Hong Kong International Medical and Healthcare Fair 2026 MEDICA 2025, Dusseldorf, Germany HKTDC Hong Kong International Medical and Healthcare Fair 2025 MEDICA, Dusseldorf, Germany HKTDC Hong Kong International Medical and Healthcare Fair 2024 MEDICA, Dusseldorf, Germany HKTDC Hong Kong International Medical and Healthcare Fair 2023 HKTDC Hong Kong Baby Products Fair 2023 Show More",https://sourcing.hktdc.com/en/Supplier-Store/Profile/Carmelton-Co-Ltd/1X04GNY5,https://www.hktdc.com/event/hkmedicalfair/en/exhibitor/1S005YZO1,"Carmelton Company Ltd is a Hong Kong based enterprise which professionally produces high quality adult & baby diaper and absorbent hygiene products. We have a 35,000m2 facility located in Dongguan, China. Carmelton was established in 1993 with investment capital more than USD10 million. To ensure the quality products and management, we observe ISO9001:2008 and the ISO13485:2003, most of our products are accredited with CE Certificate and FDA. We have innovative product design team to develop new products to accommodate global demand of the needy. We associate with many reputable companies to make OEM products selling to more than 50 countries around the world.","Adult Diaper, Elderly Care Product","Dryplus,Softsome,NiceBaby,Nice Care",,,ISO 9001:2008 Issued By - Type - Valid Date (N/A) - (N/A) ISO 13485 Issued By - Type - Valid Date (N/A) - (N/A) Show More,,,,,,,,
Greenfield Organic Product Company Limited,Hong Kong    |    Factory in Australia,,"Importer, Retailer, Exporter, Manufacturer, Wholesaler","Super Food Chlorophyll Drink (500mL), Super C Plus (Bottle Pack / 150 tablets), Eye Health (50 vege-capsules), Super C Plus (Blister Pack / 150 tablets), Super C Plus (Blister Pack / 60 tablets), Super C Plus (Blister Pack / 15 tablets)",OEM,https://www.organicgreenfield.com.hk,Exhibited in HKTDC Event(s) in recent years HKTDC Hong Kong International Medical and Healthcare Fair 2026,https://sourcing.hktdc.com/en/Supplier-Store/Profile/Greenfield-Organic-Product-Company-Limited/1S00P8DON,https://www.hktdc.com/event/hkmedicalfair/en/exhibitor/1S005Z1FQ,"Greenfield Organic Product Company Limited We are a brand owner and supplier of premium health products manufactured in Australia to strict GMP standards. We aim to inspire people globally to live better, feel happier and strive to support them along the way by providing professional advice and premium quality health products.","Healthcare Product, Diabetes Care, Anti-Aging Supplement, Health Supplement, Immune System Booster, Weight Loss Product",Greenfield Organic,,,,,,,,,,,
Gutolution Limited,Hong Kong    |    Factory in Hong Kong,,Manufacturer,"Powered by AI and next-generation sequencing, GUTolution's pioneering at-home microbiome health test leverages your unique bioinformatics data to offer disease risk assessment, precision supplement, eradicating cancers and non-communicable disease.","OBM, OEM, ODM",gutolution.com,Exhibited in HKTDC Event(s) in recent years HKTDC Hong Kong International Medical and Healthcare Fair 2026 Innoex 2026 Asia Summit on Global Health 2025 HKTDC Hong Kong International Medical and Healthcare Fair 2024,https://sourcing.hktdc.com/en/Supplier-Store/Profile/Gutolution-Limited/1S00OTCOO,https://www.hktdc.com/event/hkmedicalfair/en/exhibitor/1S0061F3C,,"Personalised Health and Nutrition Apps, Precision Medicine, Diabetes Care, Biotechnology, Health Management and Consultancy, Anti-Aging Supplement, Health Supplement, Immune System Booster, Medical and Healthcare Service, Nutritional Manufacturing/ Processing Service",GUTolution,,,,,,,,,,,
Healthcare Technology International Limited,Hong Kong    |    Factory in Chinese Mainland,,Manufacturer,"We are a comprehensive healthcare solution provider who has been designing and manufacturing medical devices for over 30 years. We also function as distributor for medical devices such as otoscope, endoscope and dermatoscope for telemedicine.","OEM, ODM",www.automatic.com.hk,Exhibited in HKTDC Event(s) in recent years HKTDC Hong Kong International Medical and Healthcare Fair 2026 HKTDC Hong Kong International Medical and Healthcare Fair 2025 HKTDC Hong Kong International Medical and Healthcare Fair 2024 HKTDC Hong Kong International Medical and Healthcare Fair 2023 HKTDC Hong Kong International Medical and Healthcare Fair 2022 HKTDC Hong Kong International Medical and Healthcare Fair 2021 HKTDC Hong Kong International Medical and Healthcare Fair 2019 HKTDC Hong Kong International Medical Devices and Supplies Fair 2018 Show More,https://sourcing.hktdc.com/en/Supplier-Store/Profile/Healthcare-Technology-International-Limited/1X07VSRX,https://www.hktdc.com/event/hkmedicalfair/en/exhibitor/1S005YY3T,"Over 30 years experience in design and manufacturing in medical devices, Healthcare Technology International Ltd (HTI) is a member of the AML Holdings Ltd, is a Hong Kong Based company provided turnkey contract manufacturing solution on Medical device and Healthcare products. AML is an ISO 9001, ISO 13485, ISO 14001, and TS16949 certified and cGMP practicing manufacturer with FDA and CFDA registered facilities. With total 750,000 sq. ft. manufacturing facilities and over 3000 workers in China, AML has an in-house mold making, plastic injection, hybrid automation, 10K/100K clean room environment and in-house bio-burden testing lab to support different production requirement. HTI provides innovative, high-quality services to world- class renowned medical and Health Devices Companies.","Heart Rate Monitor, Manufacturing Solution, Wearable Devices/Sensors, Data Loggers, Medical Device Development Consulting Service, Electronmedical Equipment",,,,,,,,,,,,
Hong Kong Medical Tourism Consultancy Ltd,Hong Kong,,"Service Company, Shopping Mall, Buying Office, Others, Religious Group, Exporter, Government, Manufacturer, Department Store, Trade/Industrial Organisation, Mail Order Co., Statutory Body, Professional Association, Chain Store, Import Agent, Charity / Welfare Organisation, Consulate and Trade Commission, Buying Cooperative, Private Individual, Retailer, Distributor, Importer, Export Agent, Wholesaler","MantraPharm offers proven plants premium quality as food supplement designed for a wide range of applications. The combination of vitamins, minerals and trace elements can serve an increase nutrient requirements. Proven plants contribute to nutrition","ODM, OBM, OEM",https://www.mantrapharm-hk.com/hk/oem,Exhibited in HKTDC Event(s) in recent years HKTDC Hong Kong International Medical and Healthcare Fair 2026 Hong Kong Beauty Mission to Guangzhou HKTDC Hong Kong International Medical and Healthcare Fair 2025 HKTDC Hong Kong International Medical and Healthcare Fair 2024 HKTDC Hong Kong International Medical and Healthcare Fair 2023,https://sourcing.hktdc.com/en/Supplier-Store/Profile/Hong-Kong-Medical-Tourism-Consultancy-Ltd/1S00O90JF,https://www.hktdc.com/event/hkmedicalfair/en/exhibitor/1S0061N27,"MantraPharm is a family-owned company based in Baden-Baden, Germany and the Asia-Pacific Headquarter is located in Hong Kong. We produce and market independently developed, high-quality dietary supplements and pharmaceutical-grade health products. We offers a comprehensive range of effective nutritional supplements based on European Pharmacopoeia approved traditional plants and nutrients, straightly manufactured in Germany according to the highest quality standards.","Health Supplement, Healthcare Product, Health Management and Consultancy",MantraPharm,,,,,,,,,,,
Just Med Limited,Hong Kong    |    Factory in Chinese Mainland,,"Importer, Retailer, Wholesaler, Exporter, Others, Distributor","We have over 30-year experience in Medical rehabilitation products wholesale and retail business, operating 29 branches in Kowloon, Hong Kong and New Territories, Online Shop and Kwai Chung Showroom to serve elderly and caretakers.","Others, OEM",www.justmed.com.hk,Exhibited in HKTDC Event(s) in recent years HKTDC Hong Kong International Medical and Healthcare Fair 2026 HKTDC Hong Kong International Medical and Healthcare Fair 2025 HKTDC Hong Kong International Medical and Healthcare Fair 2024 HKTDC Hong Kong International Medical and Healthcare Fair 2023 HKTDC Hong Kong International Medical and Healthcare Fair 2021 HKTDC Hong Kong International Medical and Healthcare Fair 2019 HKTDC Hong Kong International Medical Devices and Supplies Fair 2018 HKTDC Hong Kong International Medical Devices and Supplies Fair 2016 Show More,https://sourcing.hktdc.com/en/Supplier-Store/Profile/Just-Med-Limited/1X04VE0U,https://www.hktdc.com/event/hkmedicalfair/en/exhibitor/1S005YZFS,"We have over 30-year experience in Medical rehabilitation products wholesale and retail business, operating over 30 branches in Kowloon, Hong Kong and New Territories, Online Shop and Kwai Chung Showroom to serve elderly and caretakers.","Transfer and Lifting Aids, Adult Diaper, Elderly Care Product, Physiotherapy Treatment, Respiratory Care Device, Monitoring Support Devices and Solutions, Wheelchair, Fall Prevention and Preventive Care Solutions, Compression Therapy, Rehabilitation Equipment","Abena,ROHO,SYSTAM,Rossmax,Well O2,Molift,Convatec,Jay,Meling,Obbomed,Alpha,Dansac,SECA",,,,,,,,,,,
King Cypress International Limited,Hong Kong    |    Factory in Chinese Mainland,,"Export Agent, Exporter",KING CYPRESS HEALTH CARE PRODUCTS FOR SENIORS - BED SIDE HANDRAIL; YJGH BRAND - HEEL PROTECTORS AND WHEELCHAIR BAGS EIIMOO - PORTABLE MICRO WATER SHOWER AND DRYER MACHINE,Others,KING-CYPRESS.COM.HK,Exhibited in HKTDC Event(s) in recent years HKTDC Hong Kong International Medical and Healthcare Fair 2026,https://sourcing.hktdc.com/en/Supplier-Store/Profile/King-Cypress-International-Limited/1S00P4OF3,https://www.hktdc.com/event/hkmedicalfair/en/exhibitor/1S005Z1IH,"KING CYPRESS INTERNATIONAL LIMITED was established in 2020. Since the beginning of pandemics, we have been supplying anti- epidemic products to help combat the outbreak. In the post-pandemic era, we have shifted our focus to providing elderly care supplies, offering more suitable products to seniors and their caregivers.","Elderly Care Product, Walking Sticks and Walkers, Fall Prevention and Preventive Care Solutions, Wheelchair, Orthopaedic Supplies, Adult Diaper","KING CYPRESS,EIIMOO,YJGH",,,,,,,,,,,
Life Is For Excellence Limited,Hong Kong,,"Importer, Wholesaler, Distributor","LIFE has been a dedicated importer and distributor of premium food products, specializing in sustainably sourced seafood from the pristine waters of New Zealand. Products include Akaroa King Salmon, Ling Cod Maw, Blue cod fillet, Salba Chia etc.",OEM,,Exhibited in HKTDC Event(s) in recent years HKTDC Hong Kong International Medical and Healthcare Fair 2026 HKTDC Hong Kong International Wine & Spirits Fair 2025 HKTDC Food Expo 2025 HKTDC Hong Kong International Medical and Healthcare Fair 2025 HKTDC Hong Kong International Wine and Spirits Fair 2024 HKTDC Food Expo 2024 HKTDC Hong Kong International Medical and Healthcare Fair 2024 HKTDC Beauty & Wellness Expo 2023 Show More,https://sourcing.hktdc.com/en/Supplier-Store/Profile/Life-Is-For-Excellence-Limited/1X0B5ADT,https://www.hktdc.com/event/hkmedicalfair/en/exhibitor/1S00606UC,,"Baby Food, Weight Loss Product, Skin Care, Health Food",,,,,,,,,,,,
Marksam Holdings Company Limited,Hong Kong    |    Factory in Chinese Mainland,,"Buying Office, Exporter, Manufacturer, Retailer, Wholesaler, Distributor","Mobility Aids, Toileting Aids, Bathroom Safety, Walking Aids, Living Room Aids, Rehabilitation Care, Moving & Handling, Ceiling Hoists & Slings","OEM, ODM",www.marksam.com.hk,Exhibited in HKTDC Event(s) in recent years HKTDC Hong Kong International Medical and Healthcare Fair 2026 HKTDC Hong Kong International Medical and Healthcare Fair 2025 HKTDC Hong Kong International Medical and Healthcare Fair 2024 HKTDC Hong Kong International Medical and Healthcare Fair 2023 HKTDC Hong Kong International Medical and Healthcare Fair 2019 HKTDC Hong Kong International Medical Devices and Supplies Fair 2015 HKTDC Hong Kong International Medical Devices and Supplies Fair 2014 HKTDC Hong Kong International Medical Devices & Supplies Fair 2013 Show More,https://sourcing.hktdc.com/en/Supplier-Store/Profile/Marksam-Holdings-Company-Limited/1X0AR0PB,https://www.hktdc.com/event/hkmedicalfair/en/exhibitor/1S005YZKD,"With 35 years of history and experience in manufacturing and supplying rehabilitation care products to key markets in Europe, North America, Australia/NZ and Asia, we strive to help improve the quality of life for the elderly and less abled people in the home, hospital, and care environment.","Fall Prevention and Preventive Care Solutions, Nursing Beds, Walking Sticks and Walkers, Rehabilitation Equipment, Transfer and Lifting Aids, Physiotherapy Treatment, Elderly Care Product, Physical Therapy Equipment, Compression Therapy, Wheelchair","AIDAPT,CHILTERN INVADEX",,,,,,,,,,,
OOXY Technology Limited,Hong Kong    |    Factory in Chinese Mainland,,"Manufacturer, Exporter","Ergonomic Workstation, Safety frame, Hospital furniture","OBM, ODM, OEM",www.xymann.com.hk,Exhibited in HKTDC Event(s) in recent years HKTDC Hong Kong International Medical and Healthcare Fair 2026 HKTDC Hong Kong International Medical and Healthcare Fair 2025 HKTDC Hong Kong International Medical and Healthcare Fair 2024 HKTDC Hong Kong International Medical and Healthcare Fair 2023 HKTDC Hong Kong Electronics Fair (Spring Edition) 2022 HKTDC Hong Kong International Medical and Healthcare Fair 2019 HKTDC Hong Kong International Medical Devices and Supplies Fair 2018 HKTDC Hong Kong International Medical Devices and Supplies Fair 2017 Show More,https://sourcing.hktdc.com/en/Supplier-Store/Profile/OOXY-Technology-Limited/1X08XLMN,https://www.hktdc.com/event/hkmedicalfair/en/exhibitor/1S0060LNI,"Our company ""OOXY Technology Ltd."" is the pioneer product developer in the Ergonomic Workstation furniture, utensils and healthcare related field. We supply to worldwide and local Hong Kong, providing full range OBM products, accept OEM/ODM export projects and local Hong Kong custom-made services. We support to hospitals, clinics, elderly care, rehibition, occupational/physiotherapy, organizations and corporates.","Ward Facilities, Elderly Care Product, Rehabilitation Equipment, Air Purifier, Dental Equipment, Healthcare Product",XYMANN,,,,,,,,,,,
One Stop Medical Limited,Hong Kong,,"Service Company, Import Agent","Medical devices, Medical disposable products",OEM,www.onestopmedical.com.hk,Exhibited in HKTDC Event(s) in recent years HKTDC Hong Kong International Medical and Healthcare Fair 2026 HKTDC Hong Kong International Medical and Healthcare Fair 2025 HKTDC Hong Kong International Medical and Healthcare Fair 2024 HKTDC Hong Kong International Medical and Healthcare Fair 2023 HKTDC Hong Kong International Medical and Healthcare Fair 2022 HKTDC Hong Kong International Medical and Healthcare Fair 2021 HKTDC Hong Kong International Medical and Healthcare Fair 2019,https://sourcing.hktdc.com/en/Supplier-Store/Profile/One-Stop-Medical-Limited/1X0AR1U3,https://www.hktdc.com/event/hkmedicalfair/en/exhibitor/1S005YZN4,,"Antiseptic Products & Alcohol, Medical Gloves, First Aid Equipment, Medical Mask, Personal Hygiene Supplies, Wound Care & Dressing, Medical Protective Clothing, Medical Consumable, Dental Supplies, Personal Protective Equipment","Blossom,Peace,Hartmann",,,,,,,,,,,
Original Cells (HK) Biotechnology Research Institute Limited,Hong Kong,,"Wholesaler, Trade/Industrial Organisation, Manufacturer","This booth showcases biological reagents and healthcare products developed using stem cell technology, as well as achievements in the translational application of stem cells and immune cells. The exhibits include research-grade reagents.","OBM, Others, OEM, ODM",,Exhibited in HKTDC Event(s) in recent years HKTDC Hong Kong International Medical and Healthcare Fair 2026,https://sourcing.hktdc.com/en/Supplier-Store/Profile/Original-Cells-HK-Biotechnology-Research-Institute-Limited/1S00PBM9N,https://www.hktdc.com/event/hkmedicalfair/en/exhibitor/1S00627J8,"Original Cells Group has established an all-inclusive industrial platform system covering cell storage, technology research and development, clinical-grade cell preparation, cell inspection, health management, and scientific research transformation. In Tianjin, it has a 1,700-square-meter cell culture medium production workshop that meets the production qualifications for Class II medical devices. In its headquarters in Xi'an, it has a 1,200-square-meter cell preparation laboratory and R&D center that complies with GMP standards, as well as a 100,000-person cell storage biobank, providing an integrated service from research and development to application. Currently, the company is applying to the National Medical Products Administration for a clinical trial of umbilical cord mesenchymal stem cells for the treatment of stroke. The cell products under development include NK cells, DC-CIK cells, and TILS cells for tumor treatment. The stem cell derivatives being developed include exosome nebulizers for the treatment of allergic rhinitis and chronic pharyngitis, pluripotent stem cell supernatant eye drops for dry eye and eye fatigue, and beauty and anti-aging products such as Ice Beauty, Chuyuan Skin Essence, and Deer Antler Essence.","Laboratory Equipment & Supplies, Biotechnology, Regenerative Medicine",,,,,,,,,,,,
Solar-Med Limited,Hong Kong,,"Private Individual, Retailer, Import Agent","Gloves, Mask, Filter, Feeding Set, Needle",OEM,Solar-Med Limited,Exhibited in HKTDC Event(s) in recent years HKTDC Hong Kong International Medical and Healthcare Fair 2026 HKTDC Hong Kong International Medical and Healthcare Fair 2025 Home InStyle 2025 HKTDC Hong Kong International Medical and Healthcare Fair 2019,https://sourcing.hktdc.com/en/Supplier-Store/Profile/Solar-Med-Limited/1S00NMV05,https://www.hktdc.com/event/hkmedicalfair/en/exhibitor/1S005YZZ4,We are estimated in 1997,"Wound Care & Dressing, First Aid Equipment, Medical Gloves, Medical Consumable, Antiseptic Products & Alcohol, Medical Protective Clothing, Medical Preparation & Production Equipment, Personal Protective Equipment, Medical Mask","Cardinal Health,Teleflex,BD",,,,,,,,,,,
Wecare Products Limited,Hong Kong    |    Factory in Chinese Mainland,,"Manufacturer, Exporter","Product scopes include fall prevention, patient transfer devices, mobility aid devices, patient care safety & rehabilitation supplies. Services provide with in-house manufacturing and healthcare products development.","Others, OEM, OBM, ODM",www.wecareproductsltd.com,Exhibited in HKTDC Event(s) in recent years HKTDC Hong Kong International Medical and Healthcare Fair 2026 HKTDC Hong Kong International Medical and Healthcare Fair 2025 HKTDC Hong Kong International Medical and Healthcare Fair 2024 HKTDC Hong Kong International Medical and Healthcare Fair 2023 HKTDC Hong Kong International Medical and Healthcare Fair 2022 HKTDC Hong Kong Houseware Fair 2022 HKTDC Hong Kong International Medical and Healthcare Fair 2021 HKTDC Hong Kong International Medical and Healthcare Fair 2020 Show More,https://sourcing.hktdc.com/en/Supplier-Store/Profile/WECARE-PRODUCTS-LIMITED/1X09I3XU,https://www.hktdc.com/event/hkmedicalfair/en/exhibitor/1S005YZIJ,"WeCare Products Ltd is specialized in design, manufacturing and supplies of rehab and patient transfer-aid devices to help the caregivers or the patient to rotate, to sliding forward & backward or to re-positioning from the bed, the car or the wheelchair more easily and less pain during relocation. With the aids of detail product design and appropriate material selections, the products are widely used in the hospitals, at home, at rehab centers, the elderly house and the health care clinics. The device would help the patient to reduce stress and pains. The products provide the care givers with ease working conditions and to enhance the services given. We have the sewing production, welding production, as well as the medical plastic parts injection production line.","Transfer and Lifting Aids, Wheelchair, Medical Consumable, Fall Prevention and Preventive Care Solutions, Incontinence Pad, Swallowing Aids, First Aid Equipment, Physical Therapy Equipment, Rehabilitation Equipment, Elderly Care Product",WeCare,,,,,,,,,,,
Win Horizon Ltd,Hong Kong,,Distributor,PASESA is the world’s only portable cardiovascular measuring instrument. It is fully automatic and efficient.,OBM,,Exhibited in HKTDC Event(s) in recent years HKTDC Hong Kong International Medical and Healthcare Fair 2026 HKTDC Hong Kong International Medical and Healthcare Fair 2025 HKTDC Hong Kong International Medical and Healthcare Fair 2024 HKTDC Hong Kong International Medical and Healthcare Fair 2023 HKTDC Hong Kong Electronics Fair (Spring Edition) 2023 HKTDC Hong Kong International Medical and Healthcare Fair 2022 HKTDC Beauty & Wellness Expo 2022 HKTDC Hong Kong International Medical and Healthcare Fair 2021 Show More,https://sourcing.hktdc.com/en/Supplier-Store/Profile/Win-Horizon-Ltd/1X0A25BA,https://www.hktdc.com/event/hkmedicalfair/en/exhibitor/1S005YZXA,,"Rehabilitation Equipment, Monitoring Support Devices and Solutions, Elderly Care Product",,,,PASESA Unique patented Issued By China CFDA Type - Valid Date (N/A) - (N/A),,,,,,,,
"Dongguan Changxing Paper Co., Ltd.",Chinese Mainland    |    Factory in Chinese Mainland,,Manufacturer,"""Abison"" baby diaper have NB to XXL size & pants type with M to 4XL size. Our ""Wellcare"" adult diaper have M to XL size. Our ""Wellcare"" underpads have 90-33 (L) x 60-45 (W) cm. Our ""Uniluv"" Sanitary/Period have M to XXL size.","ODM, OEM",www.changxinggd.com,Exhibited in HKTDC Event(s) in recent years HKTDC Hong Kong International Medical and Healthcare Fair 2026 HKTDC Hong Kong Baby Products Fair 2026,https://sourcing.hktdc.com/en/Supplier-Store/Profile/DONGGUAN-CHANGXING-PAPER-CO-LTD/1S00P8GXT,https://www.hktdc.com/event/hkmedicalfair/en/exhibitor/1S005Z3HI,"Founded in 1996, we are one of largest manufacturer of Hygiene product including Baby Diaper, Adult Diaper, Underpads & Sanitary/Period Pant. Our certification is ISO9001, ISO14000, ISO45001 & ISO13485.",Adult Diaper,"一片爽Abison,Katebaby,雅康健",,,ISO9001 Issued By GIC Type ISO_9001 Valid Date 27 Jun 2023 - (N/A) ISO45001 Issued By GIC Type ISO_45001 Valid Date 27 Jun 2023 - (N/A) Show More,,,,,,,,
"Jiangsu Yveelt Medical Equipment Co., Ltd",Chinese Mainland    |    Factory in Chinese Mainland,,Manufacturer,"Electric wheelchairs consist of components such as frames, motors, controllers and batteries, and are suitable as a mobility aid for people with disabilities, the elderly and individuals with limited mobility.","OEM, ODM",https://yveeltmedical.com,Exhibited in HKTDC Event(s) in recent years HKTDC Hong Kong International Medical and Healthcare Fair 2026,https://sourcing.hktdc.com/en/Supplier-Store/Profile/Jiangsu-Yveelt-Medical-Equipment-Co-Ltd/1S00PAP0B,https://www.hktdc.com/event/hkmedicalfair/en/exhibitor/1S0060OQ6,"Yveelt, a national high-tech enterprise, specializes in electric wheelchairs and rehabilitation aids. Committed to ""Defender of Your Healthy Life"", we offer innovative, durable models from basic to premium custom types, praised for performance and comfort. Our R&D team holds 1 invention patent, 1 design patent, 5 software copyrights, and 20 utility model patents. Certified by ISO 13485, 9001, NMPA, CE, and Saudi SFDA, we ensure global quality. Driven by innovation, we deliver smart rehab solutions to lead the industry.",Wheelchair,伊维尔,,,,,,,,,,,
"Jilin Aodong Yanbian Pharmaceutical Co., Ltd.",Chinese Mainland    |    Factory in Chinese Mainland,,"Exporter, Manufacturer","Anshen Bunao Liquid, Guiqishen Liquid and Shenqi Wangjiang Yangxue Liquid are produced with ginseng and velvet antler as raw materials. Anshen Brain Nourishing Liquid has been on the market for 43 years and is highly popular in China.",Others,www.jlad.cn,Exhibited in HKTDC Event(s) in recent years HKTDC Hong Kong International Medical and Healthcare Fair 2026,https://sourcing.hktdc.com/en/Supplier-Store/Profile/Jilin-Aodong-Yanbian-Pharmaceutical-Co-Ltd-/1S00PAYSQ,https://www.hktdc.com/event/hkmedicalfair/en/exhibitor/1S0062RQ3,"Jilin Aodong Yanbian Pharmaceutical Co., Ltd. has two production plants with a total area of 160000 square meters. Founded on December 27, 2001, it is a core enterprise of Aodong Group, continuing the functions of the group's original pharmaceutical production and operation, scientific research and development, national enterprise technology center, and postdoctoral research workstation. The company's annual output value has exceeded 1 billion yuan, and the total operating revenue has exceeded 1 billion yuan. It has 189 varieties and 218 approval numbers.The leading product ""Anshen Brain Nourishing Liquid"" has an annual sales revenue of over 700 million yuan.The company's Anshen Bunao Liquid, Xuefu Zhuyu Oral Liquid, and Xiao'er Chaigui Tuire Liquid have achieved export business to the United States and Canada.In February 2024, the ""Aodong"" brand was recognized as part of the third batch of ""China Time-honored Brands.""",,Jilin Aodong,,,CERTIFICATE OF GOOD MANUFACTURING PRACTICES FOR PHARMACEUTICAL PRODUCTS PEOPLE'S REPUBLIC OF CHINA Issued By CHINA FOOD ANDDRUG ADMINISTRATION Type GMP Valid Date 28 Jun 2016 - (N/A) CERTIFICATE OF GOOD MANUFACTURING PRACTICES FOR PHARMACEUTICAL PRODUCTS PEOPLE'S REPUBLIC OF CHINA Issued By CHINA FOOD ANDDRUG ADMINISTRATION Type GMP Valid Date 02 Jun 2016 - (N/A) Show More,,,,,,,,
SQ-Med Co Ltd,Chinese Mainland,,,"Patented brain–machine EMG interface enables non‑invasive electrical stimulation of paralyzed limbs using bioelectric signals from healthy limbs controlled by intention, supporting multi‑DOF coordination and stroke‑related hemiplegia rehabilitation.",,www.sq-med.com,Exhibited in HKTDC Event(s) in recent years HKTDC Hong Kong International Medical and Healthcare Fair 2026 HKTDC Hong Kong International Medical and Healthcare Fair 2024,https://sourcing.hktdc.com/en/Supplier-Store/Profile/SQ-Med-Co-Ltd/1S00NZICI,https://www.hktdc.com/event/hkmedicalfair/en/exhibitor/1S0062QZD,"Founded by Professors Wang Zhigong and Lü Xiaoying's team from Southeast University, our company focuses on the research, development, production, and sales of a series of products related to brain-computer interfaces, motor function reconstruction of paralyzed limbs, and neuromodulation. We have established a collaborative innovation system integrating industry, academia, research, and medicine, undertaken multiple research projects, and obtained EU CE certification and ISO13485 international medical device manufacturing management system certification.",,,,,European CE/EC Certificate Issued By TUV SUD Type - Valid Date (N/A) - 26 May 2024 European CE/EC Certificate Issued By DNV Type - Valid Date (N/A) - 27 May 2024,,,,,,,,
"VVFLY Electronics Co., Ltd.",Chinese Mainland    |    Factory in Chinese Mainland,,"Manufacturer, Distributor, Exporter",SNORE STOPPER/ CPAP/ APAP/ SLEEP MONITOR,"OBM, ODM, OEM, Others",www.vvfly.cn,Exhibited in HKTDC Event(s) in recent years HKTDC Hong Kong International Medical and Healthcare Fair 2026 HKTDC Hong Kong International Medical and Healthcare Fair 2025 HKTDC Hong Kong International Medical and Healthcare Fair 2024 HKTDC Hong Kong Electronics Fair 2023 (Autumn Edition) HKTDC Hong Kong Electronics Fair (Spring Edition) 2023 HKTDC Hong Kong Electronics Fair (Autumn Edition) 2019 HKTDC Hong Kong International Medical and Healthcare Fair 2019 HKTDC Hong Kong Electronics Fair (Spring Edition) 2019 Show More,https://sourcing.hktdc.com/en/Supplier-Store/Profile/VVFLY-ELECTRONICS-CO-LTD/1X0AR1NA,https://www.hktdc.com/event/hkmedicalfair/en/exhibitor/1S005ZMPB,"Founded on December 31, 2014, VVFLY Electronics Co., Ltd. is a Chinese high-tech enterprise specializing in the application of intelligent hardware, big data, and artificial intelligence technology to human sleep.",Positive Airway Pressure (PAP) Therapy,"Snore Circle,雲中飛",,,,,,,,,,,
Whole Health Studio Pty Ltd,Australia    |    Factory in Australia,,"Retailer, Exporter","Whole Health Studio is an Australian practitioner formulated supplement company that is TGA registered. Specialising in women health, gut health and hormone support. Our range combines evidence-based nutrients and herbal extracts.",OBM,www.wholehealthstudio.com.au,Exhibited in HKTDC Event(s) in recent years HKTDC Hong Kong International Medical and Healthcare Fair 2026,https://sourcing.hktdc.com/en/Supplier-Store/Profile/Whole-Health-Studio/1S00PC4VB,https://www.hktdc.com/event/hkmedicalfair/en/exhibitor/1S0062PTW,,Health Supplement,,,,ENERGY & STRESS TGA CERTIFICATION Issued By Australian Government- Therapeutic Goods Administration Type OTHERS Valid Date 06 Sep 2022 - (N/A) TGA CERTIFICATION BALANCE HORMONE SUPORT Issued By TGA- Therapeutic Goods Administration Type OTHERS Valid Date 21 Feb 2023 - (N/A) Show More,,,,,,,,
"Accue Co., Limited",Hong Kong,,Manufacturer,"WiFi clock, Etrolley Logger","ODM, OBM",www.accue.com.hk,Exhibited in HKTDC Event(s) in recent years HKTDC Hong Kong International Medical and Healthcare Fair 2026 HKTDC Hong Kong International Medical and Healthcare Fair 2025 HKTDC Hong Kong International Medical and Healthcare Fair 2024 Hong Kong International Stationery & School Supplies Fair 2024 HKTDC Hong Kong Watch & Clock Fair 2023 HKTDC Hong Kong International Medical and Healthcare Fair 2023 HKTDC Hong Kong International Medical and Healthcare Fair 2021 SmartBiz Expo 2019 Show More,https://sourcing.hktdc.com/en/Supplier-Store/Profile/Accue-Co-Limited/1X0976MW,https://www.hktdc.com/event/hkmedicalfair/en/exhibitor/1S005YY9B,,"Ward Facilities, Rescue Equipment and Service, Hospital Automation Systems",ACCUE,,,,,,,,,,,
E-Health Therapy Limited,Hong Kong,,Service Company,"EECP體外反搏治療儀器, 是一種非侵入性的機械輔助循環裝置，以充氣特殊壓力褲配合心跳做下肢擠壓，靠機械作用提高主動脈舒張壓，減低主動脈收縮，使心臟冠脈血流量增加，進而改善心肌的代謝與功能。 長時間接受體外反搏治療，能增加心臟的血管新生，能進一步改善心肌功能。",Others,www.eecp.com.hk,Exhibited in HKTDC Event(s) in recent years HKTDC Hong Kong International Medical and Healthcare Fair 2026 HKTDC Hong Kong International Medical and Healthcare Fair 2025,https://sourcing.hktdc.com/en/Supplier-Store/Profile/e-health-therapy-limited/1S00OVMKQ,https://www.hktdc.com/event/hkmedicalfair/en/exhibitor/1S0061U8I,,Physical Therapy Equipment,,,,,,,,,,,,
E-Sense Innovation & Technology Limited,Hong Kong,,Manufacturer,VitoCheck is our first flagship product developed using EIT as the backbone to conduct health assessment for vital organs. This product exemplifies our unwavering commitment to advancing biomedical imaging and enhancing patient care.,OEM,www.esense-inno.tech,Exhibited in HKTDC Event(s) in recent years HKTDC Hong Kong International Medical and Healthcare Fair 2026 HKTDC Hong Kong International Medical and Healthcare Fair 2025 Asia Summit on Global Health 2025,https://sourcing.hktdc.com/en/Supplier-Store/Profile/E-SENSE-Innovation-Technology-Limited/1S00P1NJS,https://www.hktdc.com/event/hkmedicalfair/en/exhibitor/1S0060A2K,"E-SENSE's Mission Make Broad Early Disease Detection Practical in Communities - E-SENSE Innovation & Technology aims to develop a multimodal medical screening and monitoring platform to serve healthcare professionals, patients, and families in primary health settings with clinical standard readout, environmental versatility, accessible pricing, user-centric operation and connectivity. E-SENSE's Vision We aim to revolutionize Chronic Organ Disease Management for Millions with E-SENSE. We enable chronic disease screening, monitoring, and prevention for all vital organs (brain, heart, lung, liver, and kidney).","Patient Monitoring System, Healthcare Product, Wearable Devices/Sensors, Remote Patient Monitoring Solution, Elderly Care Product, Medical and Healthcare Service, Telemedicine Technology & Services, Electronic Health Product","E-SENSE,VitoCheck",,,,,,,,,,,
EURADIS International Limited,Hong Kong,,"Import Agent, Importer",Neuromuscular Electrical Stimulation for Postpartum Rehabilitation; Home-based Postpartum Rehabilitation; Smart Pelvic Floor Information Platform for Women's Health Center; 3D Posture Assessment device; WAFF Cushions for Exercise & Rehabilitation.,Others,euradis.com,Exhibited in HKTDC Event(s) in recent years HKTDC Hong Kong International Medical and Healthcare Fair 2026,https://sourcing.hktdc.com/en/Supplier-Store/Profile/EURADIS-INTERNATIONAL-LIMITED/1S00P9VST,https://www.hktdc.com/event/hkmedicalfair/en/exhibitor/1S0060F8X,,"Rehabilitation Equipment, Physiotherapy Treatment, Electronic Health Records System, Artificial Intelligence (AI) Diagnostic Tool, Physical Therapy Equipment, Healthcare & Medical Science Course, Electronmedical Equipment, Fitness & Gym Equipment, Smart Healthcare Platform & Solution, Recreational Therapy Tools (Games and Toys)","PHENIX,EURADIS,WAFF",,,,,,,,,,,
Exhibition+,Hong Kong,,,,,,Exhibited in HKTDC Event(s) in recent years Hong Kong International Lighting Fair 2026 (Autumn Edition) Eco Expo Asia 2026 HKTDC Hong Kong International Outdoor and Tech Light Expo 2026 HKTDC Hong Kong Electronics Fair 2026 (Autumn Edition) HKTDC Food Expo PRO 2026 HKTDC Hong Kong International Tea Fair 2026 HKTDC Hong Kong International Medical and Healthcare Fair 2026 DeLuxe PrintPack Hong Kong 2026 Show More,https://sourcing.hktdc.com/en/Supplier-Store/Profile/EXHIBITION-/1S00O2V5Q,https://www.hktdc.com/event/hkmedicalfair/en/exhibitor/1S005ZNAJ,"The Hong Kong Trade Development Council (HKTDC) introduces ‘EXHIBITION+’, a brand-new exhibition model integrating online-and-offline trade show formats, extending face-to-face interactions from its world-class exhibitions in Hong Kong to an online smart business matching platform to help you connect business partners proactively.",,,,,HKTDC Issued By HKTDC Type OTHERS Valid Date 01 Nov 2023 - 01 Mar 2024,,,,,,,,
Ergo Healthtech Limited,Hong Kong    |    Factory in Chinese Mainland,,Manufacturer,TBC,"OBM, OEM, ODM",www.ergo222.com,Exhibited in HKTDC Event(s) in recent years HKTDC Hong Kong International Medical and Healthcare Fair 2026 HKTDC Hong Kong Electronics Fair 2025 (Autumn Edition) Eco Expo Asia 2024 HKTDC Hong Kong Electronics Fair 2024 (Autumn Edition) HKTDC Hong Kong International Medical and Healthcare Fair 2022,https://sourcing.hktdc.com/en/Supplier-Store/Profile/Ergo-Healthtech-Limited/1S00O3NOD,https://www.hktdc.com/event/hkmedicalfair/en/exhibitor/1S0062R6R,,"Ward Facilities, Sterilization, Manufacturing Solution, Air Purifier, Elderly Care Product, Personal Protective Equipment, Infection Prevention - UV Light Devices, Personal Hygiene Supplies, Electronic Health Product, Wearable Devices/Sensors",,,,Test Report Issued By SGS Type SGS Valid Date 30 May 2022 - (N/A) CE EMC Test Report Issued By HTT Type OTHERS Valid Date 26 Apr 2022 - (N/A) Show More,,,,,,,,
Golden Biotech Limited,Hong Kong    |    Factory in Hong Kong,,"Manufacturer, Others","Golden GynoBio Intimate Care Gel is infused with our exclusively patented Plant Intelligent Microcapsule technology, efficiently boosts transdermal absorption of ingredients to deliver effects of anti-aging, antibacterial, firming and moisturizing.",OEM,,Exhibited in HKTDC Event(s) in recent years HKTDC Hong Kong International Medical and Healthcare Fair 2026,https://sourcing.hktdc.com/en/Supplier-Store/Profile/Golden-Biotech-Limited/1S00PBWMA,https://www.hktdc.com/event/hkmedicalfair/en/exhibitor/1S0062RC9,,Healthcare Product,"Golden GynoBio Intimate Care Gel,Golden GynoBio,GoldenEV",,,,,,,,,,,
Harvest Link Furniture (H.K.) Limited,Hong Kong    |    Factory in Malaysia,,Manufacturer,"To achieve our Mission, we are guided by 4 Values. Sustainability: Protecting the environment is in our DNA We respect our social and physical environment by placing sustainable change at the core of our decisions and actions. Innovation: We look",ODM,https://www.harvestlink.com.hk/news,Exhibited in HKTDC Event(s) in recent years HKTDC Hong Kong International Medical and Healthcare Fair 2026,https://sourcing.hktdc.com/en/Supplier-Store/Profile/Harvest-Link-Furniture-H-K-Limited/1S00P9JIZ,https://www.hktdc.com/event/hkmedicalfair/en/exhibitor/1S005Z3ER,"With over 20 years' experience in the furniture and design industry, Harvest Link Furniture Hong Kong believes in helping to create better communities. Our mission is to build experiences for the next generation. Whether it be a school, auditorium, hospital, or community centre, we create holistic, welcoming, and efficient spaces for those within our community.",Ward Facilities,"Harvest Link,Markant,Krede",,,,,,,,,,,
Hong Kong Cancer Testing Center Limited,Hong Kong,,"Government, Professional Association, Trade/Industrial Organisation, Charity / Welfare Organisation, Statutory Body, Service Company, Private Individual",香港癌症檢測中心的超早期癌症篩查艾康簡及MCTL治療後監測，結合全球頂尖的 Waters XEVO G3 QTof「飛行時間質譜儀」技術，高通量檢測血液中腫瘤標靶的表達情況，突破傳統檢測局限，提供精準的檢測分析。香港癌症檢測中心成立於2024年，我們匯聚了來自多國的醫學專家團隊，國際認可的醫學檢測設備。採用分子水準（百摩爾級）技術，提供高質量的超早期癌症篩查艾康簡及MCTL治療後監測、治療(臨床)建議方案等等。確保每一位客戶都能獲得最精準的檢測結果。,Others,hkctcl.com,Exhibited in HKTDC Event(s) in recent years HKTDC Hong Kong International Medical and Healthcare Fair 2026,https://sourcing.hktdc.com/en/Supplier-Store/Profile/Hong-Kong-Cancer-Testing-Center-Limited/1S00PAXD0,https://www.hktdc.com/event/hkmedicalfair/en/exhibitor/1S00628K4,,"Precision Medicine, Gene Test, Rapid Test, Laboratory",,,,,,,,,,,,
Ivy AI Solutions Limited,Hong Kong    |    Factory in Hong Kong,,Manufacturer,"Ivy AI Oral Checkups: AI oral screening from mouth photos/videos; flags caries, gum issues, ulcers and guides next steps. ScanSkinAI: AI skin triage from photos; checks moles/rashes, gives risk signal + advice (monitor/GP/derm).","OBM, OEM, ODM, Others",www.ivyai.hk,Exhibited in HKTDC Event(s) in recent years HKTDC Hong Kong International Medical and Healthcare Fair 2026,https://sourcing.hktdc.com/en/Supplier-Store/Profile/Ivy-AI-Solutions-Limited/1S00P9VQZ,https://www.hktdc.com/event/hkmedicalfair/en/exhibitor/1S005ZMQ8,"Ivy AI Solutions Limited builds AI-powered preventive health tools. Our core products are Ivy AI Oral Checkups for early oral risk screening and ScanSkinAI for fast skin condition triage, helping users identify concerns early and take the right next step.",Artificial Intelligence (AI) Diagnostic Tool,Ivy AI,,,,,,,,,,,
"Kanghua Medical Technology (Hongkong) Co., Limited",Hong Kong    |    Factory in Chinese Mainland,,"Distributor, Exporter, Importer",medical consumables:1. Titanium ligating clips;2.Polymer ligating clips;3. Nasal packs with different sizes;4.Eye spears;5.Eye drainage wicks;6.Anal plugs;7.NPWT dressing kits,"OBM, ODM, OEM",https://kh-medical.en.made-in-china.com/,Exhibited in HKTDC Event(s) in recent years HKTDC Hong Kong International Medical and Healthcare Fair 2026 HKTDC Hong Kong International Medical and Healthcare Fair 2025,https://sourcing.hktdc.com/en/Supplier-Store/Profile/Kanghua-Medical-Technology-Hongkong-Co-Limited/1S00OZ7MZ,https://www.hktdc.com/event/hkmedicalfair/en/exhibitor/1S0060LML,"KANGHUA MEDICAL TECHNOLOGY (HONGKONG) CO., LIMITED is formally established in 2024 in Hongkong, while its parent company, Jiande Kanghua Medical Devices was established in 2009 at Hangzhou in Zhejiang. The company is a leading Manufacturer of Ligating Clips, Rapid Nasal Packing, Ear Tampon, NPWT Dressing Kit in China. With their extensive experience of supplying and trading the medical consumables, it has made a reputed name for themselves in the market with high quality Titanium Clips, Polymer Ligating Clips, PVA Hemostatic Nasal Sponge With Rapid Absorbent ,Medical Grade Ear Tampon ,Dry White PVA Foam NPWT Dressing Kit etc.","Wound Care & Dressing, Implant Material, Dental Supplies, First Aid Equipment, Medical Consumable, Incontinence Pad","Kanghua,Zhuo Likang",,,,,,,,,,,
Kimberly Clark HK Ltd,Hong Kong,,"Professional Association, Distributor",1. Paper Hand Towel 2. Tissue paper 3. Disposable Cleaning Wiper,OBM,https://www.kcprofessional.com/en-hk,Exhibited in HKTDC Event(s) in recent years HKTDC Hong Kong International Medical and Healthcare Fair 2026 HKTDC Hong Kong International Medical and Healthcare Fair 2025 HKTDC Hong Kong International Medical and Healthcare Fair 2024,https://sourcing.hktdc.com/en/Supplier-Store/Profile/Kimberly-Clark-Limited-Hong-Kong-/1S00ON9NU,https://www.hktdc.com/event/hkmedicalfair/en/exhibitor/1S005YZPY,"Kimberly-Clark Professional is a leading provider of hygiene and cleaning solutions in Hong Kong, offering a wide range of products and services designed to meet the needs of various industries, including healthcare, education, hospitality, and manufacturing. With a focus on improving hygiene, cleanliness, and protection for people when they are away from home, Kimberly-Clark Professional is committed to sustainability, innovation, and global reach. In Hong Kong, Kimberly-Clark Professional offers a range of solutions, such as hand hygiene products, surface disinfectants, personal protective equipment, and cleaning and maintenance products. The company also offers a range of services, such as training and education programs, to help businesses and organizations maintain a clean, safe, and healthy environment for their employees, customers, and visitors.","Medical Consumable, Healthcare Product","Wypall,Scott,Kleenex",,,,,,,,,,,
Kin Technology Limited,Hong Kong    |    Factory in Chinese Mainland,,"Service Company, Manufacturer","Our main product, Kindo, the Automatic Pill Dispenser, and its Remote Medication Management Application deliver accessible and innovative solutions for personal health management, directly tackling adherence pain points.","OEM, OBM",www.kintechnology.io/,Exhibited in HKTDC Event(s) in recent years HKTDC Hong Kong International Medical and Healthcare Fair 2026 HKTDC Hong Kong Gifts & Premium Fair 2026 HKTDC Hong Kong Electronics Fair 2025 (Autumn Edition) HKTDC Hong Kong Electronics Fair (Spring Edition) 2025 HKTDC Hong Kong Electronics Fair 2024 (Autumn Edition) HKTDC Hong Kong Electronics Fair (Spring Edition) 2024 Start Up Express HKTDC Hong Kong Electronics Fair 2023 (Autumn Edition) Show More,https://sourcing.hktdc.com/en/Supplier-Store/Profile/Kin-Technology-Limited/1X0B91R6,https://www.hktdc.com/event/hkmedicalfair/en/exhibitor/1S005ZMR5,"Kin Technology is a Hong Kong-based health-tech company dedicated to empowering independence and peace of mind in personal healthcare. Our core mission is to revolutionize at-home care by simplifying complex medication and supplement management through smart robotics automation, IoT, and AI-driven solutions. Our diverse in-house team, featuring engineers, designers, pharmacists, and technologists, brings deep local insight and a global perspective to our work. Our flagship product, Kindo, is a patented automatic pill dispenser paired with a connected app platform. Kindo ensures safe and timely treatment for users, while simultaneously providing essential support and remote monitoring capabilities to caregivers and healthcare providers. Our vision is clear: to fundamentally transform personal healthcare at home, making it safer, smarter, and genuinely more accessible for everyone.","Elderly Care Product, Monitoring Support Devices and Solutions, Health Management and Consultancy, Healthcare Product",Kindo,,,,,,,,,,,
Maddox Technology Limited,Hong Kong,,"Manufacturer, Distributor, Importer",- Walking Assistance Robot (iClimber) - Ankle Joint Walking Assistance Training Device (Stropro / Strohope Light) - Lower Limb Exoskeleton Gait Training System (MoonWalker) - Bilateral Lower Limb Hip Mobility Aids (Rider RX) - Ankle Trainer,Others,www.maddox-technology.com,Exhibited in HKTDC Event(s) in recent years HKTDC Hong Kong International Medical and Healthcare Fair 2026,https://sourcing.hktdc.com/en/Supplier-Store/Profile/Maddox-Technology-Limited/1S00P77X2,https://www.hktdc.com/event/hkmedicalfair/en/exhibitor/1S005Z4DT,"Maddox Technology Limited is a pioneering Hong Kong-based technology firm committed to enhancing the quality of life for individuals facing mobility challenges due to aging, injury, or physical limitations. Our core mission is to develop cutting-edge wearable robotic technologies that empower people to gain the walking ability, and hence reclaim their independence, dignity, and freedom of movement. Our mission statement: ""Together we walk through the darkest hours before dawn; our destination is your next brightest chapter."" We are strategically positioned at the intersection of advanced robotics research, artificial intelligence and market demand, leveraging a strong research partnership with renowned research institutes. Our primary focus spans three high-impact sectors: elderly care, rehabilitation, and sports support. By combining innovative research, superior design, commercializing and trusted Hong Kong quality standards, Maddox aims to become a globally recognized leader in human-robot integrations-driving human potential forward. Our target customers are wide individual groups of people in need, as well as facilities including elderly care homes physiotherapy centers, and hospitals.","Wearable Devices/Sensors, Physiotherapy Treatment, Rehabilitation Equipment, Walking Sticks and Walkers, Elderly Care Product",Maddox,,,,,,,,,,,
Maliphant International Sales Ltd,Hong Kong,,Import Agent,"Hospital & Aged Care Furniture, Equipment, Disposable Items, Healthcare Products, Medication Management System and Pharmacy Refrigerator",Others,,Exhibited in HKTDC Event(s) in recent years HKTDC Hong Kong International Medical and Healthcare Fair 2026 HKTDC Hong Kong International Medical and Healthcare Fair 2025 HKTDC Hong Kong International Medical and Healthcare Fair 2024 HKTDC Hong Kong International Medical and Healthcare Fair 2023 HKTDC Hong Kong International Medical and Healthcare Fair 2022 HKTDC Hong Kong International Medical and Healthcare Fair 2019 HKTDC Hong Kong International Medical Devices and Supplies Fair 2017 HKTDC Hong Kong International Medical Devices and Supplies Fair 2016 Show More,https://sourcing.hktdc.com/en/Supplier-Store/Profile/Maliphant-International-Sales-Ltd/1X079G0O,https://www.hktdc.com/event/hkmedicalfair/en/exhibitor/1S005YYPZ,,"Fall Prevention and Preventive Care Solutions, Nursing Beds, Rehabilitation Equipment, Transfer and Lifting Aids, Ward Facilities, Remote Patient Monitoring Solution",,,,,,,,,,,,
Mitsui & Company (Hong Kong) Limited,Hong Kong,,"Importer, Import Agent, Exporter, Export Agent","We provide carefood products imported from Japan and Australia for dysphagia. These include soft meals, liquid thickeners, medication lubricant gel, high-calorie nutritional products(400Kcal/100mL), and IDDSI ready-to-drink thickened beverages etc.","Others, OEM",www.mitsui.com/cn/en/index.html,Exhibited in HKTDC Event(s) in recent years HKTDC Hong Kong International Medical and Healthcare Fair 2026 HKTDC Hong Kong International Medical and Healthcare Fair 2025,https://sourcing.hktdc.com/en/Supplier-Store/Profile/Mitsui-Co-Hong-Kong-Ltd/1X03N0GK,https://www.hktdc.com/event/hkmedicalfair/en/exhibitor/1S005Z4M2,,"Diabetes Care, Elderly Care Product, Wound Care & Dressing, Health Supplement, Swallowing Aids","MITSUI & CO. (HONG KONG) LTD.,Precise,NUTRI Co.,Ltd.",,,,,,,,,,,
Namfield Medical Technology Ltd,Hong Kong,,Import Agent,"Canfield: The global leader in imaging systems for scientific research and healthcare applications; Cortex: In precision skin tools in skin analysis and cryosurgery; Strata: FDA -approved excimer laser for psoriasis, vitiligo, and atopic dermatitis.",Others,namfield.com,Exhibited in HKTDC Event(s) in recent years HKTDC Hong Kong International Medical and Healthcare Fair 2026,https://sourcing.hktdc.com/en/Supplier-Store/Profile/Namfield-Medical-Technology-Ltd/1X09M8GW,https://www.hktdc.com/event/hkmedicalfair/en/exhibitor/1S0061N6V,"Founded in 1995 in Hong Kong, Namfield Medical Technology Limited specializes in distributing cutting-edge aesthetic medical devices, including skin analysis systems, from the USA and Europe. The company is dedicated to providing the latest, highest-quality technologies to a diverse range of clients, including beauty centers, clinics, hospitals, Clinical Research Organizations (CROs), universities, and healthcare professionals across Hong Kong, China, Macau, and Taiwan. As the exclusive distributor for leading brands like Canfield and Cortex, Namfield ensures top-tier solutions tailored to the needs of its customers. Website: www.namfield.com","Hardware Cosmetology, Laboratory Equipment & Supplies, Rapid Test, Biotechnology, Ultrasound Equipment, Surgical Instrument, Dental Equipment, Artificial Intelligence (AI) Diagnostic Tool, Diagnostic Imaging and IVD, Diagnostic Equipment","Canfield,Cortex,Strata",,,,,,,,,,,
Oxygen Two Point Zero Company Limited.,Hong Kong,,Service Company,"Medical manufacturers trust Oxygen to build award-winning websites and AI-powered sales systems that convert global buyer interest into revenue. ISO 27001 certified. HubSpot Diamond Partner. Hong Kong, China and the UAE.",Others,www.chooseoxygen.com/,Exhibited in HKTDC Event(s) in recent years HKTDC Hong Kong International Medical and Healthcare Fair 2026,https://sourcing.hktdc.com/en/Supplier-Store/Profile/Oxygen-Two-Point-Zero-Company-Limited-/1S00PAVZ8,https://www.hktdc.com/event/hkmedicalfair/en/exhibitor/1S006230X,"Medical manufacturers spend years perfecting their product. Their digital systems tell a different story. Oxygen fixes that. Oxygen is a certified digital agency headquartered in Hong Kong with offices in China and the UAE. We help medical manufacturers build an international go-to-market presence, from award-winning websites to CRM implementation compatible with China-based ERP systems, converting global buyer interest into revenue. We work with organisations where brand credibility, data integrity, and operational precision are non-negotiable. For China-based manufacturers selling into global markets, we connect both sides: a digital presence international buyers trust, and an automated sales and marketing system that works long after the fair ends. 25+ certified strategists, designers, and developers. ISO 27001 certified. Clients across healthcare, manufacturing, and professional services throughout Asia and the Gulf.",Smart Healthcare Platform & Solution,Oxygen Strategic Partners,,,,,,,,,,,
PRIME Achiever Limited,Hong Kong    |    Factory in Chinese Mainland,,Manufacturer,"PRIME Crush electronic pill crusher was developed to crush medication automatically for the elderly, children, and patients who has swallow difficulty. Finest medication powder! No more repetitive strain injury! High working efficiency!","OEM, OBM, ODM",www.primeachiever.com,Exhibited in HKTDC Event(s) in recent years HKTDC Hong Kong International Medical and Healthcare Fair 2026 HKTDC Hong Kong International Medical and Healthcare Fair 2025 HKTDC Hong Kong International Medical and Healthcare Fair 2024 HKTDC Hong Kong International Medical and Healthcare Fair 2023,https://sourcing.hktdc.com/en/Supplier-Store/Profile/PRIME-Achiever-Limited/1S00O2T6P,https://www.hktdc.com/event/hkmedicalfair/en/exhibitor/1S005YYEW,"PRIME Achiever Limited is a global healthcare products development company, with base in Hong Kong and Vancouver. We are dedicated to improving the quality of patients and caregivers by designing technologies-integrated products. We insist on delivering values to end users through high quality production and quick turn technical support and after-sales services. We love to listen to patients, nurses, and caregivers so we keep improving and innovation products and services. With full support of our sister company, which has over 40 years of experience in R&D, project management of ODM and OEM, and manufacturing, PRIME Achiever is well equipped with in-house engineering, quality assurance and manufacturing teams. Our rich-experience head, Bill Tang, has led us to keep moving forward and pay closed attention to updated technologies and quick-change medical and healthcare trends and needs.",Medication Management Solution,PRIME Crush,,,,,,,,,,,
Smart Idea Health Technology Limited,Hong Kong,,"Service Company, Distributor","-Non-invasive Dementia screening and cognitive training methods -Non-invasive depression disorder screening methods We'll be offering exclusive discounts and are actively exploring partnerships. If you'd like to learn more, see you at the fair",OBM,www.smartidhk.com,Exhibited in HKTDC Event(s) in recent years HKTDC Hong Kong International Medical and Healthcare Fair 2026 HKTDC Hong Kong International Medical and Healthcare Fair 2025 HKTDC Hong Kong International Medical and Healthcare Fair 2024,https://sourcing.hktdc.com/en/Supplier-Store/Profile/Smart-Idea-Health-Technology-Ltd/1S00OMC59,https://www.hktdc.com/event/hkmedicalfair/en/exhibitor/1S005Z1B2,"Smart Idea was founded by a team of professionals in Hong Kong with extensive experience in healthcare and innovation. Leveraging our past experience, we understand how to effectively utilize innovative medical technology to enhance the efficiency of healthcare services in Hong Kong. Our goal is to use our expertise to provide quality and appropriate medical options for disadvantaged communities and improve their quality of life. The team is committed to introducing medical products that break from tradition, with clinical proof and international recognition (FDA, NMPA, CE). We collaborate with various sectors, including government agencies and community service organizations, to promote gerontechnology and mental health technology. By using high-tech products, we aim to reduce healthcare costs for the public and effectively benefit those in need. Additionally, we engage in health education initiatives, working with professional healthcare personnel to promote the importance of early detection. This helps deepen community understanding of early disease prevention, planting the seeds of preventive healthcare and fostering their growth.","Laboratory, Gene Test, Virtual Reality-based Rehabilitation System, Rapid Test, Mental Health Assessment Tool, VR and AR in Healthcare","Gernotechnology,Quality and afforable health tech,健康研點",,,,,,,,,,,
Supermax Global (HK) Limited,Hong Kong    |    Factory in Malaysia,,"Manufacturer, Distributor, Wholesaler",Latex & Nitrile Examination and Surgical Gloves,Others,www.supermax.hk,Exhibited in HKTDC Event(s) in recent years HKTDC Hong Kong International Medical and Healthcare Fair 2026 HKTDC Hong Kong International Medical and Healthcare Fair 2025 HKTDC Hong Kong International Medical and Healthcare Fair 2024 HKTDC Hong Kong International Medical and Healthcare Fair 2023 HKTDC Hong Kong International Medical and Healthcare Fair 2022 HKTDC Hong Kong International Medical and Healthcare Fair 2019 HKTDC Hong Kong International Medical Devices and Supplies Fair 2017,https://sourcing.hktdc.com/en/Supplier-Store/Profile/Supermax-Global-HK-Limited/1X0A07D2,https://www.hktdc.com/event/hkmedicalfair/en/exhibitor/1S005YZHM,SUPERMAX is a World-class manufacturer of medical Latex & Nitrile Examination and Surgical Gloves. We are exporting to 163 countries around the world.,Medical Gloves,"Transform,Robust,Vibrant",,,,,,,,,,,
Tongyu Technology Limited,Hong Kong,,"Manufacturer, Wholesaler, Distributor","Professional medical equipment battery manufacturer and distributor. The medical batteries we develop are used in monitors, ventilators, ultrasound equipment, anesthesia machines, AEDs, defibrillators, injection pumps, infusion pumps.","OEM, ODM",www.tongyu-tech.com,Exhibited in HKTDC Event(s) in recent years HKTDC Hong Kong International Medical and Healthcare Fair 2026 HKTDC Hong Kong International Medical and Healthcare Fair 2025,https://sourcing.hktdc.com/en/Supplier-Store/Profile/Tongyu-Technology-Limited/1S00OYFLU,https://www.hktdc.com/event/hkmedicalfair/en/exhibitor/1S005Z8W4,"Professional medical equipment battery manufacturer and distributor. The medical batteries we develop are used in monitors, ventilators, ultrasound equipment, anesthesia machines, AEDs, defibrillators, injection pumps, infusion pumps. We can customize any medical battery pack according to customer product equipment.","Electronmedical Equipment, Smart Robot, Diagnostic Equipment, Diagnostic Imaging and IVD, Rescue Equipment and Service, Patient Monitoring System","JINWO,TONGYU",,,,,,,,,,,
Top-Sharp International Enterprise Limited,Hong Kong    |    Factory in Chinese Mainland,,"Exporter, Buying Cooperative, Importer, Buying Office, Service Company, Distributor, Export Agent, Consulate and Trade Commission, Wholesaler, Import Agent, Manufacturer",Walking Aids Bathroom and Toileting Safety Wheelchairs and Rollators Transfer and Moving Hospital and Home Furniture Air and foam Mattress and Pillow Outdoor Furniture and Equipment Gas Injection Molding processing Blow Molding processing,"OEM, ODM, Others, OBM",www.topsharp.com,Exhibited in HKTDC Event(s) in recent years HKTDC Hong Kong International Medical and Healthcare Fair 2026 HKTDC Hong Kong International Medical Devices and Supplies Fair 2015,https://sourcing.hktdc.com/en/Supplier-Store/Profile/TOP-SHARP-INTERNATIONAL-ENTERPRISE-LIMITED/1X0911YZ,https://www.hktdc.com/event/hkmedicalfair/en/exhibitor/1S005YZEV,"Top-Sharp Int'l Enterprise Ltd., since 2004 A professional Manufacturing, Design Engineering and Importing & Exporting healthcare products. One stop Service for Oversea customers. Introducing the worldwide known brand product from oversea to Asia market in order to increase elderly living standard and Independent living. Specification assurance, severe Q.C inspection check, as well as new products development have been our focus in the company. With our manufacturing experience in this industry, plus advanced knowledge in all R&D, we have all the confidence to manufacture all DME (Durable Medical Equipment) with good quality and services for our customers.","Rehabilitation Equipment, Wheelchair, Medical Gloves, Physical Therapy Equipment, Personal Protective Equipment, Transfer and Lifting Aids, Compression Therapy, 3D Printing, Elderly Care Product, Walking Sticks and Walkers","Top-Sharp,FlexyFoot,Surfacecare",,,,,,,,,,,
Webber & Nickel (Int'l) Co Limited,Hong Kong    |    Factory in Chinese Mainland,,Manufacturer,"Custom furniture can be tailored to healthcare professionals' needs, effectively utilizing every inch of space. As medical demands evolve, designs & functions can be adjusted. Such as mobile storage racks, mobile workstations & mobile storage cabinet",OBM,www.wn-int.com,Exhibited in HKTDC Event(s) in recent years HKTDC Hong Kong International Medical and Healthcare Fair 2026 HKTDC Hong Kong International Medical and Healthcare Fair 2025 HKTDC International Sourcing Show 2021 SmartBiz Expo 2018 Hong Kong International Furniture Fair 2007,https://sourcing.hktdc.com/en/Supplier-Store/Profile/Webber-Nickel-Int-l-Co-Limited/1X00JM06,https://www.hktdc.com/event/hkmedicalfair/en/exhibitor/1S005YYB5,"With 60 years of experience, WEBBER has established ideal workspaces in Hong Kong, becoming a company that integrates design, production, and marketing, while holding a leading position in the Asia-Pacific market. We produce a variety of steel products, filing storage systems, system furniture, and medical furniture, all developed and manufactured in our own facilities. We are proud to be ISO-9001 and ISO-14001 certified. Currently, our domestic factories are moving towards smart manufacturing, with a production area of 50,000 square meters.",Ward Facilities,WEBBER,,,Mobile filing cabinet test Issued By SGS Type - Valid Date (N/A) - (N/A) occupational HEALTH AND SAFETY MANAGEMENT SYSTEM CERTIFICATE Issued By CNAS Type - Valid Date (N/A) - 12 Jan 2021 Show More,,,,,,,,
"Youlumi (HK) Co, Ltd.",Hong Kong,,"Distributor, Export Agent, Exporter, Wholesaler, Shopping Mall, Retailer, Buying Cooperative, Trade/Industrial Organisation, Chain Store, Buying Office","Red therapy light Panel, Red therapy light sleeping bag, Red therapy light mat, Red therapy light cap, Light therapy face mask, Light therapy feet legs","OEM, ODM",www.youlumi.com,Exhibited in HKTDC Event(s) in recent years HKTDC Hong Kong International Medical and Healthcare Fair 2026 HKTDC Hong Kong International Lighting Fair 2025 (Autumn Edition) HKTDC Hong Kong International Lighting Fair 2024 (Autumn Edition) HKTDC Hong Kong International Lighting Fair 2023 (Autumn Edition) HKTDC Hong Kong Gifts & Premium Fair 2023 HKTDC Hong Kong International Lighting Fair 2020 (Autumn Edition) HKTDC Hong Kong International Lighting Fair (Autumn Edition) 2019 HKTDC Hong Kong Gifts & Premium Fair 2019 Show More,https://sourcing.hktdc.com/en/Supplier-Store/Profile/Youlumi-HK-Co-Ltd-/1X09SXXC,https://www.hktdc.com/event/hkmedicalfair/en/exhibitor/1S005Z4FN,,"Skin Care, Hair Care, Oral Care, Electronic Health Product, Health Management and Consultancy, Hardware Cosmetology, Healthcare Product",,,,,,,,,,,,
"Changchun Wancheng Bio-Electron Co., Ltd.",Chinese Mainland,,,"Changchun Wancheng Bio-Electron Co., Ltd. was set up in 2002 and specialized in research and develop-ment, production and sales of Medical Appliances and Reagents. We are a professional manufacturer of Medical Urine Test Strips,Water Test Strips,",,www.ccvansful.com,Exhibited in HKTDC Event(s) in recent years HKTDC Hong Kong International Medical and Healthcare Fair 2026 HKTDC Hong Kong International Medical and Healthcare Fair 2025 HKTDC Hong Kong International Medical and Healthcare Fair 2024 SmartBiz Expo 2018,https://sourcing.hktdc.com/en/Supplier-Store/Profile/Changchun-Wancheng-Bio-Electron-Co-Ltd-/1S00NOGH5,https://www.hktdc.com/event/hkmedicalfair/en/exhibitor/1S0062RP6,"Changchun Wancheng Bio-electron Engineering Co., Ltd. was established in 2002 with a registered capital of 20 million yuan. It is a national high-tech enterprise engaged in the R&D, production and sales of in vitro diagnosis and family health testing projects. Our company mainly focuses on international trade, and most of our export products fall under the general health category of medical devices and medical consumables. More than hundreds of products basically cover various aspects such as disease prevention, scientific sports, food safety, healthy water usage, and pet disease detection etc. Our company is headquartered in Changchun City, Jilin Province. It has established two specialized R&D centers in ShenZhen and Beijing, equipped with professional laboratories and internationally advanced equipment. Among them, the Changchun headquarters is backed by strong scientific research capabilities universities such as Jilin University, Northeast Normal University, and Beijing University of Science and Technology, committed to transforming international cutting-edge biotechnology achievements into productivity. We have a modern diversified production and R&D base of 27,000 square meters, which includes 5 fully automated assembly lines operating in the workshop.",,VANSFUL,,,,,,,,,,,
"Changzhou DSB Medical Co., Ltd.",Chinese Mainland    |    Factory in Chinese Mainland,,,"male external catheter, fecal management system, nebulizer",,www.dsbmedical.com,Exhibited in HKTDC Event(s) in recent years HKTDC Hong Kong International Medical and Healthcare Fair 2026 HKTDC Lifestyle Sourcing Show | Physical + Online,https://sourcing.hktdc.com/en/Supplier-Store/Profile/Changzhou-DSB-Medical-Co-Ltd-/1S00O0P6T,https://www.hktdc.com/event/hkmedicalfair/en/exhibitor/1S0062QE4,,,,,,ISO13485 Issued By intertek Type - Valid Date (N/A) - 14 Jul 2023,,,,,,,,
"Chongqing Qimeisi Medical Equipment Co., Ltd",Chinese Mainland,,,Anti-reflux drainage bag; Precision drainage bag; Negative pressure drainage device; Sterile negative pressure drainage device set; Medical silicone urine sheath,,http://www.023qms.com/,Exhibited in HKTDC Event(s) in recent years HKTDC Hong Kong International Medical and Healthcare Fair 2026,https://sourcing.hktdc.com/en/Supplier-Store/Profile/Chongqing-Qimeisi-Medical-Equipment-Co-Ltd/1S00PC891,https://www.hktdc.com/event/hkmedicalfair/en/exhibitor/1S0062S7N,,,,,,,,,,,,,,
"GuangZhou Supbio Bio-technology and Science Co., Ltd.",Chinese Mainland    |    Factory in Chinese Mainland,,"Retailer, Government, Professional Association, Export Agent",Total HIV DNA load test is the only test to date that covers clinical demands of the entire course of HIV infection from the initiation of HIV-I infection to cure.,OBM,www.supbio.com,Exhibited in HKTDC Event(s) in recent years HKTDC Hong Kong International Medical and Healthcare Fair 2026,https://sourcing.hktdc.com/en/Supplier-Store/Profile/GuangZhou-Supbio-Bio-technology-and-science-Co-Ltd/1S00P7PF2,https://www.hktdc.com/event/hkmedicalfair/en/exhibitor/1S005Z4JB,,Precision Medicine,Supbio,,,,,,,,,,,
"Shenzhen Apexflux Biotech Co., Ltd.",Chinese Mainland,,"Manufacturer, Service Company","CBE Technology is a non - invasive bioinformatics modulation technology, grounded in the theories of bio-photonics and bio-electromagnetics.",OEM,apexfluxcbe.com/,Exhibited in HKTDC Event(s) in recent years HKTDC Hong Kong International Medical and Healthcare Fair 2026,https://sourcing.hktdc.com/en/Supplier-Store/Profile/Shenzhen-Apexflux-Biotech-Co-Ltd-/1S00PBUC6,https://www.hktdc.com/event/hkmedicalfair/en/exhibitor/1S0062RBC,"Apexflux Biotech Limited is a leading bioinformatics technology company jointly established by a Hong Kong-based investment firm, with XinZhou Biotech Limited and ShengYang Technologies Limited. The company focuses on transforming bioinformatics technologies to natural healing solutions, and applies its' related research results to the fields of medical rehabilitation, medical aesthetics, anti - aging, and general health wellness.","Health Management and Consultancy, Medical and Healthcare Service, Immune System Booster",,,,A biological compensatory physical therapy system Issued By China National Intellectual Property Administration Type OTHERS Valid Date 30 Jan 2024 - 30 Jan 2034 A cultivation tray with controllable quantity Issued By China National Intellectual Property Administration Type OTHERS Valid Date 23 May 2023 - 23 May 2033 Show More,,,,,,,,
"Shenzhen Yuxing Industry Co., Ltd.",Chinese Mainland,,Manufacturer,保温配餐车/不锈钢置物架,OEM,,Exhibited in HKTDC Event(s) in recent years HKTDC Hong Kong International Medical and Healthcare Fair 2026 HKTDC Hong Kong International Medical and Healthcare Fair 2024 HKTDC Hong Kong International Medical and Healthcare Fair 2023 HKTDC Hong Kong International Medical and Healthcare Fair 2019 HKTDC Hong Kong International Medical Devices and Supplies Fair 2018 HKTDC Hong Kong Houseware Fair 2018 HKTDC Hong Kong Houseware Fair 2017 HKTDC Hong Kong Houseware Fair 2016 Show More,https://sourcing.hktdc.com/en/Supplier-Store/Profile/Shenzhen-Yuxing-Industry-Co-Ltd/1X00DJ1E,https://www.hktdc.com/event/hkmedicalfair/en/exhibitor/1S005Z4K8,"Shenzhen Yuxing Industry Co., Ltd was established in year of 1990 in Shenzhen, China, specialized in producing stainless steel wire shelving and involving in stainless steel accessory products. From 1990 up to now, Yuxing has grown from beginner to be well recognized by overseas customers today. As a reliable and leading manufacturer of wire shelving and industrial shelving system, Yuxing pays great attention to product quality and after-sales services, so as to establish friendly cooperative relations with customers and always maintain the faithful relationship.",Medical Preparation & Production Equipment,,,,ISO9001 Issued By - Type ISO_9001 Valid Date (N/A) - (N/A),,,,,,,,
"Sinicline Technology Co., Ltd",Chinese Mainland,,Manufacturer,"Packaging solution for Medical Packaging, Oral Care Packaging Solution, Health Care Products Packaging solution","OEM, ODM",www.pinespack.com,Exhibited in HKTDC Event(s) in recent years HKTDC Hong Kong International Medical and Healthcare Fair 2026 HKTDC Hong Kong International Medical and Healthcare Fair 2025,https://sourcing.hktdc.com/en/Supplier-Store/Profile/Sinicline-Technology-Co-Ltd/1S00P0A4E,https://www.hktdc.com/event/hkmedicalfair/en/exhibitor/1S005Z8ZV,,"Dental Supplies, Elderly Care Product, Healthcare Product, Medical Consumable",,,,,,,,,,,,
Sonoma Pharmaceuticals Inc,USA    |    Factory in Mexico,,Manufacturer,"Hypochlorous acid products based on our patented Microcyn technology for a wide range of applications, including wound care, dermatology and eye care.","OBM, ODM",www.sonomapharma.com,Exhibited in HKTDC Event(s) in recent years HKTDC Hong Kong International Medical and Healthcare Fair 2026,https://sourcing.hktdc.com/en/Supplier-Store/Profile/Sonoma-Pharmaceuticals-Inc/1S00P9YJH,https://www.hktdc.com/event/hkmedicalfair/en/exhibitor/1S005ZS08,"Sonoma Pharmaceuticals is a global healthcare leader for developing and producing stabilized hypochlorous acid (HOCl) products for a wide range of applications, including wound, eye, oral and nasal care, dermatological conditions, podiatry, animal health care and non-toxic disinfectants. Sonoma’s products are clinically proven to reduce itch, pain, scarring, and irritation safely and without damaging healthy tissue. In-vitro and clinical studies of HOCl show it to safely manage skin abrasions, lacerations, minor irritations, cuts, and intact skin.  Sonoma’s products are sold either directly or via partners in over 55 countries worldwide and the company actively seeks new distribution partners. The company's principal office is in Boulder, Colorado, with manufacturing operations in Guadalajara, Mexico. European marketing and sales are headquartered in Roermond, Netherlands.","Wound Care & Dressing, Elderly Care Product, Skin Care","Microcyn,Regenacyn,Reliefacyn",,,,,,,,,,,
"TaiZhou Huaan Technology Co., Ltd",Chinese Mainland,,,"Wrist-Type Semiconductor Laser Therapy Device For adjunctive physical therapy, prevention and rehabilitation of cardiovascular and cerebrovascular diseases, including hyperlipidemia, hyperviscosity and diabetes etc.",,www.shbjy.cn,Exhibited in HKTDC Event(s) in recent years HKTDC Hong Kong International Medical and Healthcare Fair 2026 HKTDC Hong Kong Electronics Fair 2025 (Autumn Edition),https://sourcing.hktdc.com/en/Supplier-Store/Profile/Taizhou-Huaan-Technology-Co-Ltd/1S00O2BDM,https://www.hktdc.com/event/hkmedicalfair/en/exhibitor/1S0062QIS,"BaiJiayi has been deeply engaged in the big health sector, focusing on building an integrated ecosystem of AI-powered chronic disease management services + IoT wearable devices.It primarily serves people with chronic diseases and those at risk of cardiovascular and cerebrovascular conditions, and has developed a full-chain comprehensive solution integrating laser therapeutic devices + AI chronic disease management services + the Silver Age Light Monitoring Program.This creates a closed-loop health service system for users, covering everything from preventive intervention to long-term health management.",,,,,,,,,,,,,
"Unimax Medical Products Co., Ltd",Chinese Mainland,,Manufacturer,"Gauze dressing, Disposable non-woven items, Disposable plastic items, Paper items, PPE",OEM,www.unimaxmedical.com,Exhibited in HKTDC Event(s) in recent years HKTDC Hong Kong International Medical and Healthcare Fair 2026 HKTDC Hong Kong International Medical and Healthcare Fair 2019 HKTDC Hong Kong International Medical Devices and Supplies Fair 2015,https://sourcing.hktdc.com/en/Supplier-Store/Profile/Unimax-Medical-Products-Co-Ltd/1X093Z4Z,https://www.hktdc.com/event/hkmedicalfair/en/exhibitor/1S0060A3H,"Unimax Medical Products Co., Ltd. was established in 2002, We are an ISO 13485-certified manufacturer specializing in premium disposable products for the medical, PPE, and food service sectors. With over 20 years of expertise, we deliver innovative solutions made from non-woven, plastic, paper and gauze materials. Certified Excellence: Quality Systems: ISO 13485/9001/14001/45001, ISO 11135(Sterilization) Social Accountability: Amfori BSCI, Ecovadis Product Compliance: Medical: EN 13795 (Surgical Gowns), EN 14683 (Face Masks), AAMI PB70 Level 1-4, FDA 510(k) PPE: EN 14126 (Protective Gowns), EN 149 (Respirators), Type 3/4/5/6-B Coveralls Food Safety: EU 10/2011 compliance Strategic Manufacturing Hubei, Operating 3 factories in Central China's industrial belt (Wuhan/Xiantao/Xiaogan), we leverage Wuhan's Yangtze River port infrastructure for efficient global logistics.","Personal Protective Equipment, Dental Supplies, Medical Protective Clothing, Antiseptic Products & Alcohol, Medical Consumable, Wound Care & Dressing, Medical Mask, Personal Hygiene Supplies",,,,ISO13485 Issued By TUV Type ISO_13485 Valid Date 25 Dec 2025 - (N/A) ISO13485 Issued By TUV Type ISO_OTHERS Valid Date 12 Jun 2024 - (N/A) Show More,,,,,,,,
"Xiamen Wellness Technology Co., Ltd.",Chinese Mainland,,"Manufacturer, Exporter",massager,OEM,https://wellness.en.alibaba.com/,Exhibited in HKTDC Event(s) in recent years HKTDC Hong Kong International Medical and Healthcare Fair 2026 HKTDC Hong Kong Electronics Fair 2025 (Autumn Edition) HKTDC Hong Kong Electronics Fair (Spring Edition) 2025 HKTDC Hong Kong Electronics Fair 2024 (Autumn Edition) HKTDC Hong Kong Electronics Fair (Spring Edition) 2024 HKTDC Hong Kong Electronics Fair 2023 (Autumn Edition) HKTDC Hong Kong Electronics Fair (Spring Edition) 2023 HKTDC Hong Kong Electronics Fair (Spring Edition) 2020 Show More,https://sourcing.hktdc.com/en/Supplier-Store/Profile/Xiamen-Wellness-Technology-Co-Ltd/1X00FXSH,https://www.hktdc.com/event/hkmedicalfair/en/exhibitor/1S0062FBO,,"Healthcare Product, Electronic Health Product, Hardware Cosmetology, Hair Removal Product, Medical and Healthcare Service, Fitness & Gym Equipment, Massager",,,,ISO 9001:2015 Issued By - Type - Valid Date (N/A) - (N/A) W8800 (Shiatsu massage cushion) CE CERT. Issued By - Type - Valid Date (N/A) - (N/A) Show More,,,,,,,,
"Yabo Pharmaceutical and Chemical Equipment (Jiangsu) Co., Ltd",Chinese Mainland,,Manufacturer,"Liyang Space Micro - hyperbaric Oxygen Chamber, originating from the source factory, integrates Japanese patents and German components, improves various health issues, and is suitable for multiple scenarios and groups.",OBM,www.yaboyiyao.com/,Exhibited in HKTDC Event(s) in recent years HKTDC Hong Kong International Medical and Healthcare Fair 2026,https://sourcing.hktdc.com/en/Supplier-Store/Profile/Yabo-Pharmaceutical-and-Chemical-Equipment-Jiangsu-Co-Ltd/1S00PBJ38,https://www.hktdc.com/event/hkmedicalfair/en/exhibitor/1S006231U,"Liyang Space is a company dedicated to the research, development, production, and sales of micro-hyperbaric oxygen chambers. The company boasts a professional R&D team and advanced production technology, and is committed to providing users with high-quality, safe, and reliable micro-hyperbaric oxygen chamber products.","Medical and Healthcare Service, Healthcare Marketing Service, Personalised Health and Nutrition Apps, Medical Preparation & Production Equipment, Healthcare Product, Rehabilitation Equipment, Nutritional Manufacturing/ Processing Service, Elderly Care Product",,,,,,,,,,,,
"Zhuhai Ninuo Biological Technology Co., Ltd",Chinese Mainland    |    Factory in Chinese Mainland,,Manufacturer,"Nasal spray Sterile saline solution for eyewash, wound wash, ear irrigation, Sinus rinse kit and salt refill Eyewash and wound wash spray","OEM, ODM",www.ninoo.com.cn,Exhibited in HKTDC Event(s) in recent years HKTDC Hong Kong International Medical and Healthcare Fair 2026,https://sourcing.hktdc.com/en/Supplier-Store/Profile/Zhuhai-Ninuo-Biological-Technology-Co-Ltd/1S00P9HZM,https://www.hktdc.com/event/hkmedicalfair/en/exhibitor/1S005YZSP,"Ninuo Bio-Tech (abbreviated as ""Ninuo""), founded in 2014 and headquartered in Zhuhai City, Guangdong Province, is committed to becoming a leader in daily cleaning and care products for the ENT (Ear, Nose, and Throat) field, with a focus on R&D, production, and sales. Leveraging our strengths in technology and innovation, we ensure that products deliver a scientific approach to healthcare, aiming to become a respected enterprise. Vision & Mission To provide global consumers with safe, scientific, healthy, and natural care products. Products and Services We are dedicated to comprehensive products of ENT medical device. RD Collaboration Through industry-academia-research partnerships with institutions such as University of South China, we actively attract top talent and deepen our innovation system. Our key R&D focuses include novel nasal sprays, home medical devices, and smart health products to meet diverse market demands. Production Capacity Our automated production facilities and scalable manufacturing processes ensure high product quality. Nasal spray production capacity: 1.5 million units/month Single-use dose production: 75 million units/month (supported by five fully automated BFS systems) Certified under ISO 13485,EU MDR CLASS IIa and MOHAP,FDA.","Personal Hygiene Supplies, Medical Consumable",,,,,,,,,,,,
Easy Health HK Limited,Hong Kong    |    Factory in Hong Kong,,"Service Company, Manufacturer",We address ourselves as an OEM manufacturer and Logistics provider focusing on Supplements /Skincare / Cosmetics items / Healthcare consumable /Medical device Logistics,OEM,easyhealth.hk,"Exhibited in HKTDC Event(s) in recent years HKTDC Hong Kong International Medical and Healthcare Fair 2026 HKTDC Hong Kong International Medical and Healthcare Fair 2025 China International Import Expo, Shanghai - Hong Kong Merchandise Exhibition HKTDC Beauty & Wellness Expo 2024 HKTDC Hong Kong International Medical and Healthcare Fair 2024 HKTDC Hong Kong International Medical and Healthcare Fair 2023",https://sourcing.hktdc.com/en/Supplier-Store/Profile/Easy-Health-HK-Limited/1S00O4X4R,https://www.hktdc.com/event/hkmedicalfair/en/exhibitor/1S005YYJH,"We are a leading health supplement OEM and skincare & cosmetics packaging manufacturer based in Hong Kong. With our qualifications as a Hong Kong supplement factory and adherence to international standards like GMP and ISO, we deliver exceptional products and services. From powder mixing to blister packaging, bottling, labeling, and more, our comprehensive services cater to the diverse needs of our clients. We also provide medical logistics support, ensuring regular deliveries to hospitals, clinics, and laboratories in accordance with ISO13485 for medical devices and cold chain management. At Easy Health International, customer satisfaction is our priority. We offer customized solutions marked ""MADE IN HONG KONG"" to help our partners succeed in the health supplement industry globally.","Immune System Booster, Hair Care, Anti-Aging Supplement, Cosmetics, Health Supplement, Joint & Bone Support, Weight Loss Product, Health Food, Medical and Healthcare Service, Healthcare Product",紀律健康,,,,,,,,,,,
Efficiency Medical Products Co Ltd,Hong Kong,,Trade/Industrial Organisation,"Endoscopy instruments / equipment, Surgical Instruments, ENT Workstation, Physiotherapy & Rehabilitation Equipment, Examination Tables, Blood Pressure Monitors, Medical Scales, Autoclaves, Diagnostic Instruments",Others,www.efficiencymedical.com/en,Exhibited in HKTDC Event(s) in recent years HKTDC Hong Kong International Medical and Healthcare Fair 2026 HKTDC Hong Kong International Medical Devices and Supplies Fair 2009,https://sourcing.hktdc.com/en/Supplier-Store/Profile/Efficiency-Medical-Products-Co-Ltd/1X04VE5P,https://www.hktdc.com/event/hkmedicalfair/en/exhibitor/1S005YY5N,"Supplying medical products including Endoscopy instruments / equipment, Surgical Instruments, ENT Workstation, Physiotherapy & Rehabilitation Equipment, Examination Tables, Blood Pressure Monitors, Medical Scales, Autoclaves, Diagnostic Instruments etc. to hospitals, clinics, or home care.","Physical Therapy Equipment, Therapeutic Devices & Accessories, Surgical Instrument, Sterilization, Nursing Beds, Rehabilitation Equipment, Endoscopy Device, Patient Monitoring System, Diagnostic Equipment, Fitness & Gym Equipment",,,,,,,,,,,,
Healthmark Medical Supply Company Limited,Hong Kong    |    Factory in Taiwan,,Wholesaler,"Medical Cart, Storage Cabinet, Utility Cart",OBM,,Exhibited in HKTDC Event(s) in recent years HKTDC Hong Kong International Medical and Healthcare Fair 2026 HKTDC Hong Kong International Medical and Healthcare Fair 2025 HKTDC Hong Kong International Medical and Healthcare Fair 2024 HKTDC Hong Kong International Medical and Healthcare Fair 2023 HKTDC Hong Kong International Medical and Healthcare Fair 2019 HKTDC Hong Kong International Medical Devices and Supplies Fair 2018 HKTDC Hong Kong International Medical Devices and Supplies Fair 2017 HKTDC Hong Kong International Medical Devices and Supplies Fair 2016 Show More,https://sourcing.hktdc.com/en/Supplier-Store/Profile/Healthmark-Medical-Supply-Co-Ltd/1X07UR5M,https://www.hktdc.com/event/hkmedicalfair/en/exhibitor/1S005Z3FO,"Healthmark Medical Supply Co., Limited is a medical supplies trading company based in Hong Kong, incorporated on 20 January 2006. The company primarily engages in the distribution of healthcare and first-aid equipment, aiming to become a leading supplier in Hong Kong. Its clients include healthcare institutions, elderly homes, community health centres, hospitals, and other related organizations.",Ward Facilities,"BAILIDA,DAEKYUNG,MATTTEO",,,,,,,,,,,
Nova Pharma Company,Hong Kong    |    Factory in Hong Kong,,"Wholesaler, Buying Office, Export Agent, Manufacturer, Distributor, Buying Cooperative, Import Agent, Chain Store","Customized health products, White Label Products, Health care products processing(OEM), Packaging and Design Cross-border trade.","OEM, ODM",novapharmahk.com,Exhibited in HKTDC Event(s) in recent years HKTDC Hong Kong International Medical and Healthcare Fair 2026,https://sourcing.hktdc.com/en/Supplier-Store/Profile/Nova-Pharma-Company/1S00PAOZF,https://www.hktdc.com/event/hkmedicalfair/en/exhibitor/1S0060OP9,"Nova Pharma HK is an experienced nutritional supplement manufacturer. We always put health first and insist on using the purest ingredients. No matter the size of your business, we can produce high-quality supplements to help your brand grow.","Nutritional Manufacturing/ Processing Service, Weight Loss Product, Health Supplement","FitAltus,Hebe Nutrition,Healthxis",,,,,,,,,,,
Sup Fook Pharma Limited,Hong Kong,,Service Company,痛症保健養生,Others,,Exhibited in HKTDC Event(s) in recent years HKTDC Hong Kong International Medical and Healthcare Fair 2026,https://sourcing.hktdc.com/en/Supplier-Store/Profile/SUP-FOOK-PHARMA-LIMITED/1S00P98X1,https://www.hktdc.com/event/hkmedicalfair/en/exhibitor/1S005Z1HK,,"Medical and Healthcare Service, Chinese Medicated Ointment, Healthcare Product, Joint & Bone Support, Chinese Medicated Oil, Hair Care, Skin Care, Weight Loss Product, Body Trimming and Shaping, Immune System Booster",,,,,,,,,,,,
Consulate General of Canada In Hong Kong and Macao,Canada,,Consulate and Trade Commission,The Canadian Trade Commissioner Service (TCS) is a government organization that has facilitated trade with Canada since 1895.,Others,,Exhibited in HKTDC Event(s) in recent years HKTDC Hong Kong International Medical and Healthcare Fair 2026 HKTDC Hong Kong International Wine and Spirits Fair 2024 HKTDC Hong Kong International Medical and Healthcare Fair 2024,https://sourcing.hktdc.com/en/Supplier-Store/Profile/Consulate-General-of-Canada-in-Hong-Kong-and-Macao/1S00OM1M5,https://www.hktdc.com/event/hkmedicalfair/en/exhibitor/1S0062RO9,,,,,,,,,,,,,,
"Insoftb (China) Co., Ltd.",Chinese Mainland,,"Exporter, Manufacturer","adult diaper, adult pull ups, under pad, sanitary pants, sanitary napkins, wet wipes, baby diaper, baby pull ups","OEM, ODM",,Exhibited in HKTDC Event(s) in recent years HKTDC Hong Kong International Medical and Healthcare Fair 2026 HKTDC Hong Kong Baby Products Fair 2024 HKTDC Hong Kong Baby Products Fair 2020,https://sourcing.hktdc.com/en/Supplier-Store/Profile/Insoftb-China-Co-Ltd/1X09BNU9,https://www.hktdc.com/event/hkmedicalfair/en/exhibitor/1S0060ZVG,,"Adult Diaper, Personal Hygiene Supplies, Medical Consumable",,,,,,,,,,,,
"TFC Technology Co.,Ltd",Chinese Mainland    |    Factory in Chinese Mainland,,"Wholesaler, Service Company, Manufacturer","We are a professional German brand manufacturer in China and OEM/ODM solution provider specializing in homecare and rehabilitation equipment, serving global healthcare, aged care and home care markets. With office and warehouse in USA, Europe & Japan",OBM,www.tecfor-care.com,Exhibited in HKTDC Event(s) in recent years HKTDC Hong Kong International Medical and Healthcare Fair 2026,https://sourcing.hktdc.com/en/Supplier-Store/Profile/TFC-Technology-Co-Ltd/1S00P9QYG,https://www.hktdc.com/event/hkmedicalfair/en/exhibitor/1S005ZAV5,,"Ward Facilities, Walking Sticks and Walkers, Speech & Hearing Therapy Equipment, Elderly Care Product, Nursing Beds, Rehabilitation Equipment, Transfer and Lifting Aids","tecfor care,meise.moebel",,,,,,,,,,,
"Young-In Biotech Co., Ltd.","Korea, Republic Of    |    Factory in Korea, Republic Of",,"Export Agent, Chain Store, Buying Office, Import Agent, Retailer, Distributor",Product Introduction – IN-5300 Extracorporeal Shockwave Therapy System The IN-5300 is YOUNG-IN BIOTECH’s flagship extracorporeal shockwave therapy (ESWT) device designed for effective treatment of musculoskeletal disorders. 1. Stable and Powerful,"ODM, OEM",www.young-inbt.com,Exhibited in HKTDC Event(s) in recent years HKTDC Hong Kong International Medical and Healthcare Fair 2026 HKTDC Hong Kong International Medical and Healthcare Fair 2025 HKTDC Hong Kong International Medical and Healthcare Fair 2024,https://sourcing.hktdc.com/en/Supplier-Store/Profile/YOUNG-IN-biotech-Co-Ltd/1S00OLLUX,https://www.hktdc.com/event/hkmedicalfair/en/exhibitor/1S005ZRZC,"YOUNG-IN BIOTECH CO., LTD. is a leading Korean manufacturer specializing in advanced physiotherapy and rehabilitation medical devices,including extracorporeal shockwave therapy systems (ESWT), magnetotherapy devices, high-frequency stimulators, and ultrasound therapy equipment.Established in 2007, the company has built strong technological capabilities through in-house R&D, precision manufacturing, and strict quality control under ISO 13485.In 2025, YOUNG-IN BIOTECH achieved a significant milestone by being awarded the ""World-Class Product of Korea""for its extracorporeal shockwave technology. This recognition highlights the company's industry leadership, technological innovation, and global competitiveness in the medical device sector.","Therapeutic Devices & Accessories, Orthopaedic Supplies, Orthopedics Equipment, Physical Therapy Equipment",SuperStar ESWT,,,,,,,,,,,
AKSO (HK) Technology Limited,Hong Kong,,Manufacturer,"Our production covers over ten dosage forms-soft capsules, tablets, hard capsules, powders, probiotics, granules, tea preparations, oral liquids, convenience foods, sports nutrition, etc. The factory has obtained multiple authoritative certificates.",OEM,,Exhibited in HKTDC Event(s) in recent years HKTDC Hong Kong International Medical and Healthcare Fair 2026,https://sourcing.hktdc.com/en/Supplier-Store/Profile/AKSO-HK-Technology-Limited/1S00PAU3X,https://www.hktdc.com/event/hkmedicalfair/en/exhibitor/1S0060ZUJ,,"Health Supplement, Weight Loss Product",,,,,,,,,,,,
Able Pride Limited,Hong Kong,,"Retailer, Wholesaler","HASPERO selects precious Chinese herbal medicines and employs advanced technology to refine them into various shampoos and hair care products. With a pH value around 5.5 close to human skin, to target different scalp problems and hair type",Others,https://www.haspero.com.hk/,Exhibited in HKTDC Event(s) in recent years HKTDC Hong Kong International Medical and Healthcare Fair 2026 HKTDC Hong Kong International Medical and Healthcare Fair 2025 HKTDC Hong Kong International Medical and Healthcare Fair 2024 CHILL 11,https://sourcing.hktdc.com/en/Supplier-Store/Profile/ABLE-PRIDE-LIMITED/1S00OJ93I,https://www.hktdc.com/event/hkmedicalfair/en/exhibitor/1S005Z1A5,"HASPERO is a sister brand of the renowned ""HairAgain 2000"". Seeing that ""HairAgain 2000"" had been regarded as a brand focusing on the men's hair care market, Able Pride Limited established HASPERO in 2020 and positioned it to be a high-level hair care and treatment center.",Hair Care,HASPERO 桂圓美,,,,,,,,,,,
Advance Medical Designs (Hong Kong) Limited,Hong Kong,,"Exporter, Manufacturer","Advance Medical Designs lives up to its name and mission when you seek innovative infection control products for your surgical procedures. We supply sterile equipment covers, such as c-arm drapes, microscope drapes and probe covers. Our flagship prod",ODM,www.advancemedicaldesigns.com,Exhibited in HKTDC Event(s) in recent years HKTDC Hong Kong International Medical and Healthcare Fair 2026,https://sourcing.hktdc.com/en/Supplier-Store/Profile/Advance-Medical-Designs-Hong-Kong-Limited/1S00O0CV3,https://www.hktdc.com/event/hkmedicalfair/en/exhibitor/1S0061N5Y,"Advance Medical Designs lives up to its name and mission when you seek innovative infection control products for your surgical procedures. We supply sterile equipment covers, such as c-arm drapes, microscope drapes and probe covers. Our flagship product line is the Advance Room Turnover infection control system (A.R.T). It is the answer for efficiently and effectively cleaning the OR and is one of the many infection control products we offer that will revolutionize operating room. Would you like to know more about our company, please visit: http://www.advancemedicaldesigns.com/",Medical Consumable,,,,,,,,,,,,
Alpha MedTech Limited,Hong Kong    |    Factory in Hong Kong,,Distributor,"Spirometer, MDI Spacer, mobile MDI spacer, mucus clearance device, mesh nebulizer, Smoke cessation device, patient non rinse bathing solution, body fluid management, mobile ultrasound, disposable antimicrobial curtain, workplace hygiene and first aid",Others,www.alphamedtech.hk,Exhibited in HKTDC Event(s) in recent years HKTDC Hong Kong International Medical and Healthcare Fair 2026 HKTDC Hong Kong International Medical and Healthcare Fair 2023 HKTDC Hong Kong International Medical and Healthcare Fair 2021,https://sourcing.hktdc.com/en/Supplier-Store/Profile/Alpha-MedTech-Limited/1X0B7GUU,https://www.hktdc.com/event/hkmedicalfair/en/exhibitor/1S0061C9X,"Alpha MedTech is a local medical device company, our core products range is Respiratory diagnostic, critical care, and solution devices for both infant, paediatric and adult with Asthma and COPD . We do also specialize in Infection Control, smoke cessation, mobile ultrasound, and patient hygienic care products, and workplace hygiene and first aid","Electronmedical Equipment, Laboratory, Sterilization, Respiratory Care Device, Healthcare Product, Patient Monitoring System, Endoscopy Device, Diagnostic Equipment, Ultrasound Equipment","Trudell,Bedfont,Aerogen,Clarius,Hygie,Dymacare,Plum Safety",,,,,,,,,,,
Assurelink Limited,Hong Kong    |    Factory in Chinese Mainland,,"Exporter, Distributor, Manufacturer, Others","Wireless / Wired Nurse Call System, Face Recognition Anti-wandering System, Bed-exit Alarm System, Smart Home Safety Monitoring System",OBM,www.assurelink.hk,Exhibited in HKTDC Event(s) in recent years HKTDC Hong Kong International Medical and Healthcare Fair 2026 HKTDC Hong Kong International Medical and Healthcare Fair 2023,https://sourcing.hktdc.com/en/Supplier-Store/Profile/Assurelink-Limited/1S00OBA4E,https://www.hktdc.com/event/hkmedicalfair/en/exhibitor/1S005Z4HH,"Established in 2017, Assurelink Limited is a Hong Kong-based technology company specializing in smart solutions for elderly care. We are a solution provider in the areas of Nurse Call Bell, Facial Recognition Anti-Wandering, and Bed Exit Alert systems - designed to enhance safety, responsiveness, and operational efficiency in elderly homes and rehabilitation centers.","Elderly Care Product, Fall Prevention and Preventive Care Solutions","Assurelink CARE ,Assurelink HOME ,Assurelink CHECK",,,,,,,,,,,
Bonnie Care Co Ltd,Hong Kong    |    Factory in Taiwan,,"Service Company, Private Individual, Department Store, Retailer, Distributor",應用程式 3D ChiroRobot 表格：全脊椎運動、動態屈曲、動態牽引、軸向旋轉。申請對象：骨科、物理與復健、脊椎指壓中心、中醫科學、運動傷害復健、醫療中心。,OEM,www.bonniecare.com.hk,Exhibited in HKTDC Event(s) in recent years HKTDC Hong Kong International Medical and Healthcare Fair 2026 HKTDC Hong Kong International Medical and Healthcare Fair 2025 HKTDC Hong Kong International Medical and Healthcare Fair 2024 HKTDC Hong Kong International Medical and Healthcare Fair 2023 HKTDC Hong Kong International Medical and Healthcare Fair 2022 HKTDC Hong Kong International Medical and Healthcare Fair 2021 HKTDC Hong Kong International Medical and Healthcare Fair 2019 HKTDC Hong Kong International Medical Devices and Supplies Fair 2018 Show More,https://sourcing.hktdc.com/en/Supplier-Store/Profile/Bonnie-Care-Co-Ltd/1X0910T7,https://www.hktdc.com/event/hkmedicalfair/en/exhibitor/1S0060ZXA,,"Rehabilitation Equipment, Physical Therapy Equipment","CHIROBOT,Young Sun Massage gun,Myovision",,,,,,,,,,,
Click Services Limited,Hong Kong    |    Factory in Hong Kong,,Service Company,力奇服務為各行業提供廣泛的專業和高品質人力資源解決方案。力奇護理團隊致力於專業上門護理服務，涵蓋出院病人照護、長者居家護理、復康支援、流動平安鐘及call centre緊急支援等範疇。我們根據客戶健康狀況與需求，配對經驗豐富護理專才。醫護團隊包括多職能合資格人員，能解決安老院、醫院及社福機構人手短缺問題。我們因應機構個別狀況，迅速匹配合適醫護人才，舒緩人力壓力。目前亦積極發展流動平安鐘（力奇守護卡），接收長者緊急求助信息，並可綁定多位照顧者手機，方便與家人共同守護長者。,Others,clicksc.com.hk/,Exhibited in HKTDC Event(s) in recent years HKTDC Hong Kong International Medical and Healthcare Fair 2026,https://sourcing.hktdc.com/en/Supplier-Store/Profile/Click-Services-Limited/1S00P7PAH,https://www.hktdc.com/event/hkmedicalfair/en/exhibitor/1S005YZJG,"Click Services Limited is a member company of Click Holdings Limited, which is publicly listed on the U.S. NASDAQ Stock Exchange under the stock code CLIK. As a forward-looking human resources solution provider integrating Artificial Intelligence (A.I.), Click Services is committed to delivering a full spectrum of professional, flexible, and high-quality HR outsourcing services to meet the evolving needs of modern industries and families. Through continuous innovation, digitalization, and system optimization, Click Services strives to help organizations tackle challenges such as labor shortages, recruitment management pressures, manpower instability, and escalating operational costs, while also enabling families to access trustworthy, professional caregiving and household services. With over a decade of experience and a talent pool exceeding 20,000 qualified personnel, the company has built a solid reputation in Hong Kong for reliability, efficiency, and professionalism. Today, Click Services stands as a trusted partner for both corporate clients and individual households, offering tailor-made solutions that optimize manpower deployment and enhance operational performance.","Monitoring Support Devices and Solutions, Medical and Healthcare Service, Healthcare Marketing Service",,,,,,,,,,,,
Cognitact Limited,Hong Kong,,Service Company,"By using advanced AI and proteomics, PlasmarkAD® ProMax analyses 22 protein biomarkers from a simple blood draw, assessing the status of amyloid proteins in the brain with over 96% accuracy to identify and manage Alzheimer's disease.",Others,www.cognitact.com,Exhibited in HKTDC Event(s) in recent years Asia Summit on Global Health 2026 HKTDC Hong Kong International Medical and Healthcare Fair 2026 Asia Summit on Global Health 2025 HKTDC Hong Kong International Medical and Healthcare Fair 2024 InnoEX 2024 HKTDC Hong Kong International Medical and Healthcare Fair 2023 HKTDC Hong Kong International Medical and Healthcare Fair 2021,https://sourcing.hktdc.com/en/Supplier-Store/Profile/Cognitact-Limited/1S00O00TL,https://www.hktdc.com/event/hkmedicalfair/en/exhibitor/1S005ZN9M,,Biotechnology,PlasmarkAD®,,,,,,,,,,,
Dr. Ho's HK Limited,Hong Kong    |    Factory in Chinese Mainland,,"Manufacturer, Wholesaler, Retailer","Dr. Ho’s products are world-renowned for providing Drug-Free Pain Relief Solutions, integrating three proprietary technologies with patented AMP (Auto-Modulating Pulse), a brand-exclusive patent featuring over 300 different pulse patterns.",ODM,https://drho.com.hk/en,Exhibited in HKTDC Event(s) in recent years HKTDC Hong Kong International Medical and Healthcare Fair 2026 HKTDC Hong Kong International Medical and Healthcare Fair 2025 HKTDC Beauty & Wellness Expo 2024 HKTDC Hong Kong International Medical and Healthcare Fair 2024 HKTDC Hong Kong Electronics Fair (Spring Edition) 2024,https://sourcing.hktdc.com/en/Supplier-Store/Profile/Dr-Ho-s-HK-Limited/1S00OKUKI,https://www.hktdc.com/event/hkmedicalfair/en/exhibitor/1S0060LLO,"Dr. Ho's are world-renowned for providing Drug-Free Pain Relief solutions, integrating three proprietary technologies; TENS(Transcutaneous Electrical Nerve Stimulation): Effectively blocks pain signals from reaching the brain to provide immediate relief; EMS(Electrical Muscle Stimulation): mimics deep-tissue massage to stimulate muscle contraction, improving circulation and relaxing tense muscles; AMP(Auto Modulated Pulse): A brand exclusive patented featuring over 300 different pulse patterns. This prevents the body from adapting to a single stimulation mode, ensuring long-term therapeutic effectiveness.","Rehabilitation Equipment, Orthopedics Equipment, Physical Therapy Equipment, Therapeutic Devices & Accessories, Orthopaedic Supplies",DR. HO'S,,,,,,,,,,,
E-Label Solutions Company Limited,Hong Kong    |    Factory in Chinese Mainland,,"Service Company, Distributor","E-Labels (or ESLs), Asset Trackers (or Beacons), High-Powered Charging Solutions, Sensors and Software Development",ODM,www.e-labelsolutions.com,Exhibited in HKTDC Event(s) in recent years HKTDC Hong Kong International Medical and Healthcare Fair 2026 HKTDC Hong Kong International Medical and Healthcare Fair 2025,https://sourcing.hktdc.com/en/Supplier-Store/Profile/E-Label-Solutions-Company-Limited/1S00P03PU,https://www.hktdc.com/event/hkmedicalfair/en/exhibitor/1S005YYO2,"We are E-Label Solutions, a leading technology solutions provider based in Hong Kong with over 30 years of experience in the electronics industry. We have built a reputation for delivering innovative solutions that drive efficiency and growth. We specialize in solutions related to E-Labels (or ESLs), Asset Trackers (or Beacons), High-Powered Charging Solutions, Sensors and Software Development. We are dedicated to delivering innovative, eco-friendly solutions, enabling clients to save costs and time while boosting service excellence.","Wearable Device/Sensor,Smart Health Platform & Solution,Big Data Medical Application",,,,,,,,,,,,
"EasyMed Instruments Co., Limited",Hong Kong    |    Factory in Chinese Mainland,,Manufacturer,"Our products sell all over the world and have good reputation, including: T.E.N.S., E.M.S., Incontinence Devices, Micro Current Devices Interferential Current Devices, Biofeedback Devices, Hospital Equipment and Accessories.","ODM, OEM",www.easymed.com.cn,Exhibited in HKTDC Event(s) in recent years HKTDC Hong Kong International Medical and Healthcare Fair 2026 HKTDC Hong Kong International Medical and Healthcare Fair 2025 HKTDC Hong Kong International Medical and Healthcare Fair 2024,https://sourcing.hktdc.com/en/Supplier-Store/Profile/EasyMed-Instruments-Co-Limited/1S00OQ2Z1,https://www.hktdc.com/event/hkmedicalfair/en/exhibitor/1S00625JA,"EasyMed, established in 2002, a manufacturer of medical instruments which aims to produce the medical electronic equipments of physiotherapy, rehabilitation and healthcare. As a trusted brand, EasyMed's products have been marketed and well accepted throughout the whole world in the past two decades. For years, EasyMed has developed various kinds of devices for customers, the OEM/ODM services become a very important part of the company activities. Through the operation of OEM/ODM platform, EasyMed has been developing and customizing many high quality products. With more than 20 years of development and manufacturing experience, Easymed has been providing lots of high quality and reliable medical stimulators and accessories across the country and oversea markets, such as: T.E.N.S. E.M.S. Incontinence Devices Micro Current Devices Interferential Current Devices Biofeedback Devices Hospital Equipments Accessories Certificate & Qualification: ISO 13485 MDSAP CE of Europe U.S. FDA CFDA of China TGA","Electronic Health Product, Weight Loss Product, Medical and Healthcare Service, Treatment Equipment, Body Trimming and Shaping",,,,,,,,,,,,
Fayeking Technology Limited,Hong Kong    |    Factory in Taiwan,,"Importer, Wholesaler, Distributor","K-clean Antibacterial Fluid is Medical grade pure Hypochlorous Acid (HClO) with pH5.0 (+/- 0.5), can kill all kinds of bacteria & virus, human-friendly, suitable for all ages, especially good for skin care and disinfection.",Others,www.k-clean.com.hk,Exhibited in HKTDC Event(s) in recent years HKTDC Hong Kong International Medical and Healthcare Fair 2026 HKTDC Hong Kong International Medical and Healthcare Fair 2025 HKTDC Hong Kong International Medical and Healthcare Fair 2024 HKTDC Hong Kong International Medical and Healthcare Fair 2023 HKTDC Hong Kong International Medical and Healthcare Fair 2022,https://sourcing.hktdc.com/en/Supplier-Store/Profile/Fayeking-Technology-Limited/1S00O4I0I,https://www.hktdc.com/event/hkmedicalfair/en/exhibitor/1S005Z1DW,"Fayeking Technology Limited is sole supplier of K-clean Antibacterial Fluid in China, Hong Kong and Macau market, has been supplying K-clean to renowned enterprises in Hong Kong, including Hong Kong Jockey Club, MTR, Hong Kong Electric, Government Departments, Schools & Kindergartens, clinics. Retail sales networks including Watsons, Yata, Sincere, Wing On, HKTV Mall etc...","Rehabilitation Equipment, Physical Therapy Equipment, Orthopaedic Supplies, Elderly Care Product, Skin Care, Oral Care, Healthcare Product, Health Supplement, Hair Care","Baldur,K-clean Antibacterial Fluid,Natural Femi",,,,,,,,,,,
"Good Skin & Co., Limited",Hong Kong    |    Factory in Chinese Mainland,,"Wholesaler, Importer",Hydrogen Oxygen Generator with Nebulizer,OEM,www.good-skin.com,Exhibited in HKTDC Event(s) in recent years HKTDC Hong Kong International Medical and Healthcare Fair 2026,https://sourcing.hktdc.com/en/Supplier-Store/Profile/Good-Skin-Co-Limited/1S00P7XKF,https://www.hktdc.com/event/hkmedicalfair/en/exhibitor/1S005YZRS,"Engaged in the design, manufacturing and marketing of wellness products that enhance vitality and health.",Therapeutic Devices & Accessories,,,,,,,,,,,,
Harvest Land Industrial Limited,Hong Kong,,"Retailer, Wholesaler","SHENGFA DING, compound formulated hair product extracted from Chinese herbs Effectively helps to improve and restore scalp & hair healthy.",Others,www.hairagain.com.hk,Exhibited in HKTDC Event(s) in recent years HKTDC Hong Kong International Medical and Healthcare Fair 2026 HKTDC Hong Kong International Medical and Healthcare Fair 2025 HKTDC Hong Kong International Medical and Healthcare Fair 2024 HKTDC Hong Kong International Medical and Healthcare Fair 2023 HKTDC Hong Kong International Medical and Healthcare Fair 2022 HKTDC Hong Kong International Medical Devices and Supplies Fair 2009,https://sourcing.hktdc.com/en/Supplier-Store/Profile/Harvest-Land-Industrial-Limited/1X04VDW1,https://www.hktdc.com/event/hkmedicalfair/en/exhibitor/1S005Z198,,Hair Care,SHENGFA DING,,,,,,,,,,,
Health & Beauty International Holdings Ltd,Hong Kong    |    Factory in Japan,,"Manufacturer, Import Agent, Service Company",Eaulier Systemic Curer and Hand Training Device for Post-Stroke Sequelae,Others,eaulier.com,Exhibited in HKTDC Event(s) in recent years HKTDC Hong Kong International Medical and Healthcare Fair 2026 HKTDC Home Delights Expo 2025 HKTDC Home Delights Expo 2023 HKTDC Home Delights Expo 2022 HKTDC Home Delights Expo 2021 Better Living Expo 2012,https://sourcing.hktdc.com/en/Supplier-Store/Profile/Health-Beauty-Int-l-Holdings-Ltd/1X07ETWP,https://www.hktdc.com/event/hkmedicalfair/en/exhibitor/1S0060WWG,,Physical Therapy Equipment,"愛麗健,Eaulier,康加美",,,,,,,,,,,
Healthy Medical Company Limited,Hong Kong,,"Import Agent, Distributor","Vaccine refrigerator, medication management solutions, patient monitoring solutions including the system and device, multifunctional chair, delivery bed, Gyne chair, examination table, OT table, OT & examination light, electrosurgical devices etc.",Others,www.hmed.com.hk,Exhibited in HKTDC Event(s) in recent years HKTDC Hong Kong International Medical and Healthcare Fair 2026 HKTDC Hong Kong International Medical and Healthcare Fair 2025 HKTDC Hong Kong International Medical and Healthcare Fair 2024 HKTDC Hong Kong International Medical and Healthcare Fair 2023 HKTDC Hong Kong International Medical and Healthcare Fair 2021 HKTDC Hong Kong International Medical and Healthcare Fair 2019 HKTDC Hong Kong International Medical Devices and Supplies Fair 2018 HKTDC Hong Kong International Medical Devices and Supplies Fair 2017 Show More,https://sourcing.hktdc.com/en/Supplier-Store/Profile/Healthy-Medical-Company-Limited/1X08I0R9,https://www.hktdc.com/event/hkmedicalfair/en/exhibitor/1S005YYHN,"Healthy Medical Co., Ltd. is the well-known medical distributor in HK. Over 13 years, we strive to offer a wide range of high-quality medical instruments, medical devices and medical consumable to the markets. Our business covers to both public and private hospitals, medical clinic, specialty clinic, veterinary centers and beauty centers in HK. Due to strong partnership with international medical brands and substantial knowledge and experience of the healthcare industry, we have built positive reputation and achieved sustainable growth in the market. We keep expanding our product offerings and improve our services quality thereby catering the needs of the healthcare professionals. We aims to be the leading supplier providing one-stop-shop high quality and comprehensive healthcare solutions to improve the overall quality of healthcare service in the community.","Automated Drug Dispensing Cabinet, Patient Monitoring System, Biotechnology, Surgical Instrument, Diagnostic Imaging and IVD, Endoscopy Device, Hospital Automation Systems, Orthopaedic Supplies, Precision Medicine, Wheelchair","Linet,Edan,Fiocchetti,provita",,,,,,,,,,,
Hong Kong Maile Trading Limited,Hong Kong    |    Factory in Germany,,Import Agent,"SOLOASSIST is a German-engineered robotic control system for hybrid laparoscopy. It offers 4 control modes, stable vision, easy setup, broad compatibility, and benefits patients, clinics, and surgeons with shorter ops and efficient workflows.",Others,,Exhibited in HKTDC Event(s) in recent years HKTDC Hong Kong International Medical and Healthcare Fair 2026,https://sourcing.hktdc.com/en/Supplier-Store/Profile/HONG-KONG-MAILE-TRADING-LIMITED/1S00P7UD3,https://www.hktdc.com/event/hkmedicalfair/en/exhibitor/1S005YYIK,,"Surgical Robotic Systems, Smart Robot",AKTORmed,,,,,,,,,,,
Keychain Innovation Limited,Hong Kong,,Distributor,Our product including the ECG monitor and the monitoring system,Others,www.keychaininnov.com,Exhibited in HKTDC Event(s) in recent years HKTDC Hong Kong International Medical and Healthcare Fair 2026 HKTDC Hong Kong International Medical and Healthcare Fair 2025,https://sourcing.hktdc.com/en/Supplier-Store/Profile/Keychain-Innovation-Limited/1S00OYESA,https://www.hktdc.com/event/hkmedicalfair/en/exhibitor/1S005YYDZ,,"Patient Monitoring System, Smart Healthcare Platform & Solution, Remote Patient Monitoring Solution",Edan,,,,,,,,,,,
Life Sources Limited,Hong Kong,,,AI Quantumn Spine Device could balance the spine in 6-15 mins by non-invasive treatment. Aculife electrical acupuncture device got the FDA 510K approval to for pain relieve. Quantum Chips for pain relieve. Anion device improves micro-circulation,"OEM, ODM",www.lifesourcesltd.com,Exhibited in HKTDC Event(s) in recent years HKTDC Hong Kong International Medical and Healthcare Fair 2026 HKTDC Beauty & Wellness Expo 2025 HKTDC Hong Kong Sports and Leisure Expo 2025 HKTDC Hong Kong International Medical and Healthcare Fair 2025 HKTDC Beauty & Wellness Expo 2024 HKTDC Hong Kong International Medical and Healthcare Fair 2024 HKTDC Beauty & Wellness Expo 2023 HKTDC Hong Kong International Medical and Healthcare Fair 2023 Show More,https://sourcing.hktdc.com/en/Supplier-Store/Profile/Life-Sources-Limited/1X0AE4EA,https://www.hktdc.com/event/hkmedicalfair/en/exhibitor/1S0061N8P,"LIfe Sources Ltd is the manufacture, wholesaler and retailer of healthcare and medical equipment in Hong Kong and worldwide. We are looking for worldwide exclusive distributors & distributors. Our products include AI Quantum Spine Device which provide non-invasive treatment helping the alignment of the spine and pain relieve in 6- 15 minustes. We got worldwide invention patent rights. 5D-MRA(magnetic resonance analysis) device is based on the technology of Russia Space Administration which could detect the cell energy level and adjustment. Wearable AI quantum cell frequencies bracelet for cell detect and energy improvement. Bio-wave quantum chips for pain relieve. Electrical acupuncture device with FDA 510K approval .Anion Device fro improving micro-circulation. Healthcare supplements include NMN, Metabolic Enzyme, Digestive Enzyme, Slimming Enzyme, and Whitening Enzyme.",,"Jade,Allone,Aculife,Life Sources",,,,,,,,,,,
One Belt One Road Eurasia Centre (HK) Limited,Hong Kong    |    Factory in Hong Kong,,Manufacturer,"Bovis Terahertz Stone contains a unique Terahertz energy. When its frequency resonance cooperates with the human body, it can effectively promote health, improve blood circulation and relieve pain.",Others,bovis-life-energy.com/aboutus,Exhibited in HKTDC Event(s) in recent years HKTDC Hong Kong International Medical and Healthcare Fair 2026 HKTDC Hong Kong International Medical and Healthcare Fair 2025 HKTDC Hong Kong International Medical and Healthcare Fair 2023 HKTDC Hong Kong International Medical and Healthcare Fair 2022 HKTDC Hong Kong International Medical and Healthcare Fair 2021,https://sourcing.hktdc.com/en/Supplier-Store/Profile/AA-Plasma-Tech-Limited/1S00NV1UH,https://www.hktdc.com/event/hkmedicalfair/en/exhibitor/1S005YZQV,"The core technology of Bovis health products - high-frequency energy patches - will continue to demonstrate its powerful penetration and perfect resonance with the human body. With advancing technology, these patches will more precisely regulate and optimize the body's bio-magnetic field, stimulating and enhancing positive energy, promoting physical and mental well-being. They will significantly improve blood circulation and meridian repair, effectively clearing blood impurities and toxins, enhancing vascular elasticity, and repairing damaged meridian tissues. Bawis products will also break through in health maintenance, pain relief, brain flexibility, and beauty, offering comprehensive health care solutions, pain relief methods, improved brain elasticity and creativity, and promoting skin cell metabolism for a better complexion.",Elderly Care Product,"Stylies,Bovis",,,,,,,,,,,
Pacific Care Ltd,Hong Kong,,"Retailer, Exporter, Importer, Distributor, Manufacturer, Wholesaler","We provide complete oral care solutions because oral health is key to overall wellness. Our full product range meets every mouth's unique needs, offering personalized care for healthier smiles and better lives.",Others,www.pac-care.com,Exhibited in HKTDC Event(s) in recent years HKTDC Hong Kong International Medical and Healthcare Fair 2026 HKTDC Hong Kong International Medical and Healthcare Fair 2025 HKTDC Hong Kong International Medical and Healthcare Fair 2024 HKTDC Hong Kong International Medical and Healthcare Fair 2023 HKTDC Hong Kong International Medical and Healthcare Fair 2019,https://sourcing.hktdc.com/en/Supplier-Store/Profile/Pacific-Care-Ltd/1X0308VH,https://www.hktdc.com/event/hkmedicalfair/en/exhibitor/1S005Z1CZ,Pacific Care Limited is specialized in the dental industry that can bring your idea to realty. We understand that product design can be the single most important factor in determining market success. Our collaborative and iterative approach to product design and development is proven to be effective and sustainable to support your growth. Our eye's are fixed firmly on the future and on providing tomorrow's innovative solutions.,"Healthcare Product, Personal Hygiene Supplies, Oral Care, Dental Supplies, Diabetes Care",,,,,,,,,,,,
PalmX Technology Limited,Hong Kong    |    Factory in Chinese Mainland,,Manufacturer,"Key products include palm vein authentication modules, SDKs, and devices for mobile, POS, and access systems. Notable deployments include Shanghai Metro, Wuhan Metro, Xi an Metro, and a biometric access system for the Hong Kong Hospital Authority.","ODM, OBM",www.palmx.net,Exhibited in HKTDC Event(s) in recent years HKTDC Hong Kong International Medical and Healthcare Fair 2026,https://sourcing.hktdc.com/en/Supplier-Store/Profile/PALMX-TECHNOLOGY-LIMITED/1S00PBH2D,https://www.hktdc.com/event/hkmedicalfair/en/exhibitor/1S0062PSZ,"PalmX Technology specializes in biometric solutions combining palm vein recognition with edge computing and LLM technologies. The company develops secure, low-latency AIoT systems for natural human-machine interaction, with applications in access control, payments, and smart infrastructure.",Clinic Management System,UNIPALMX,,,,,,,,,,,
Prime Priority Technology Ltd,Hong Kong    |    Factory in Chinese Mainland,,Distributor,"Our main product are mainly patient monitor, ECG monitor, Blood pressure monitor and the equipment accessories We are also introducing the central monitoring system, Patient monitoring system",OBM,primeprioritytech.com,Exhibited in HKTDC Event(s) in recent years HKTDC Hong Kong International Medical and Healthcare Fair 2026 HKTDC Hong Kong International Medical and Healthcare Fair 2025 HKTDC Hong Kong International Medical and Healthcare Fair 2024 HKTDC Hong Kong International Medical and Healthcare Fair 2023 HKTDC Hong Kong International Medical and Healthcare Fair 2022 HKTDC Hong Kong International Medical and Healthcare Fair 2021 HKTDC Hong Kong International Medical and Healthcare Fair 2019 HKTDC Hong Kong International Medical Devices and Supplies Fair 2018,https://sourcing.hktdc.com/en/Supplier-Store/Profile/Prime-Priority-Technology-Ltd/1X0ADWRL,https://www.hktdc.com/event/hkmedicalfair/en/exhibitor/1S005YYC2,"We are a medical system developer and distributor of professional medical equipment. We specialize in providing innovative and reliable technology solutions to the healthcare industry. Our team of software developers has created a range of self-developed solutions, including a Central Monitoring System, Smart Clinical Solution, Outpatient App, Patient Management System, and Clinic Booking System. These tools help healthcare providers manage vital data, patient health records, appointments, and secure communication with patients. Our services are designed to streamline operations, maximize resources, and deliver the best possible care to patients. We also supply a wide range of medical equipment, catering to various budgets and providing multi-party technical support.","Diagnostic Equipment, Surgical Instrument, Electronmedical Equipment, Patient Monitoring System, Clinic Management System, Remote Patient Monitoring Solution","Edan,Northern,Comen",,,,,,,,,,,
Rigenera Hong Kong Limited,Hong Kong    |    Factory in Italy,,Distributor,"Rigenera WOUNDINGEN line, disposable HOSPITAL (trauma,burns,vascular ulcer,diabetic foot) kits: KIT-OS-S:TISSUE KIT-TS-S:MAX TISSUE ORAL&MAXILLO-FACIAL Strongbone kits: KIT-RS-S:ORTHO 7945DS:RIGENERACONS DENTAL NEW SHORE BONE GRANULAR BIOMAT",OBM,https://rigenerahbw.com,Exhibited in HKTDC Event(s) in recent years HKTDC Hong Kong International Medical and Healthcare Fair 2026 HKTDC Hong Kong International Medical and Healthcare Fair 2025,https://sourcing.hktdc.com/en/Supplier-Store/Profile/Rigenera-Hong-Kong-Limited/1S00P06A0,https://www.hktdc.com/event/hkmedicalfair/en/exhibitor/1S0062RD6,"Rigenera is a cutting edge, one-of-a-kind made in Italy Technology that provides a quick and effective method for tissue regeneration by means of injection of the micrograft suspension. It is the result of more than 10 years of biotechnological research, which today is shedding new light on the field of regenerative medicine. Main core of Rigenera is a disposable, sterile Class IIa (CE mark) Medical Device specifically designed for an efficient mechanical disaggregation of small tissue biopsies (samples) to obtain micrografts in an autologous and homologous way, in a minimally invasive procedure lasting about 30 minutes. The Technology is currently applied in Wound Healing, for acute and chronic wounds, with a special focus on: Vascular/venous or Diabetic ulcers, Surgical dehiscence Post-surgical wound Oncological post-surgical wound Post-traumatic wound Non-healing wounds Burns. The Technology is also currently applied in other fields such as Oral & Maxillofacial Surgery and Plastic surgery.","Biotechnology, Wound Care & Dressing, Surgical Instrument, Dental Supplies, Emergency Response System, Regenerative Medicine","Rigenera Micrografting Technology,Woundigen,Strongbone",,,,,,,,,,,
Sonos Medical Limited,Hong Kong,,"Trade/Industrial Organisation, Wholesaler, Service Company, Importer, Private Individual, Government, Import Agent, Statutory Body",Diagnostic Ultrasound Scanning Systems,Others,www.sonosmed.com.hk,Exhibited in HKTDC Event(s) in recent years HKTDC Hong Kong International Medical and Healthcare Fair 2026 HKTDC Hong Kong International Medical and Healthcare Fair 2025 HKTDC Hong Kong International Medical and Healthcare Fair 2024 HKTDC Hong Kong International Medical and Healthcare Fair 2023,https://sourcing.hktdc.com/en/Supplier-Store/Profile/Sonos-Medical-Limited/1S00O79I9,https://www.hktdc.com/event/hkmedicalfair/en/exhibitor/1S005YYKE,,Ultrasound Equipment,Samsung,,,,,,,,,,,
"Sunnybest (HK) Health Management Co., Limited",Hong Kong,,Private Individual,中醫五診儀系統，舌脈象，經穴、體質辨識采集分析儀標配舌面診功能，脈診功能，經絡穴位檢測功能，體質辨識功能，智能國標證候問診功能，搭載遠程會診平台及移動在線互動平台。健康管理咨詢，指定體檢計劃，中醫，口腔，旅遊治病，養老服務等延伸服務,Others,,Exhibited in HKTDC Event(s) in recent years HKTDC Hong Kong International Medical and Healthcare Fair 2026,https://sourcing.hktdc.com/en/Supplier-Store/Profile/Sunnybest-HK-Health-Management-Co-Limited/1S00PBUTR,https://www.hktdc.com/event/hkmedicalfair/en/exhibitor/1S0062HRA,,"Health Management and Consultancy, Chinese Medicated Ointment, Healthcare & Medical Science Course, Chinese Medical Equipment, Oral Care, Massager, Nursing Beds, Medical and Healthcare Service, Acupuncture Equipment, Chinese Medicated Oil",,,,,,,,,,,,
The University of Hong Kong Techno-Entrepreneurship Core,Hong Kong,,Professional Association,HKU TEC,Others,,"Exhibited in HKTDC Event(s) in recent years HKTDC Hong Kong International Medical and Healthcare Fair 2026 Entrepreneur Day 2025, Hong Kong HKTDC Hong Kong Electronics Fair 2025 (Autumn Edition) HKTDC Hong Kong International Medical and Healthcare Fair 2025 Entrepreneur Day 2024, Hong Kong InnoEX 2024",https://sourcing.hktdc.com/en/Supplier-Store/Profile/The-University-of-Hong-Kong-Techno-Entrepreneurship-Core/1S00ONZKD,https://www.hktdc.com/event/hkmedicalfair/en/exhibitor/1S0062SC8,,"Biotechnology Engineering, Rapid Test, Gene Test, Regenerative Medicine, Biotechnology, Precision Medicine",,,,,,,,,,,,
"Tiray Technology (Hong Kong) Co., Ltd.",Hong Kong    |    Factory in Chinese Mainland,,Manufacturer,"Comprehensive X-ray flat panel detectors and a 4kg ultra portable X ray system with HD display for DR and C Arm, human and veterinary imaging, ideal for clinics, mobile care, emergencies, bedside use, and remote diagnostics.","OEM, ODM, OBM",www.tiray.com,Exhibited in HKTDC Event(s) in recent years HKTDC Hong Kong International Medical and Healthcare Fair 2026,https://sourcing.hktdc.com/en/Supplier-Store/Profile/Tiray-Technology-Hong-Kong-Co-Ltd-/1S00PBE71,https://www.hktdc.com/event/hkmedicalfair/en/exhibitor/1S0061U9F,,"AI-Powered Radiology Imaging Solution, X-Ray Machine, X-Ray Inspection System",,,,,,,,,,,,
Tradeport Hong Kong Limited,Hong Kong,,Service Company,Provide comprehensive range of logistics and cold chain services for pharmaceuticals and healthcare products,Others,www.tradeport-logistics.com,Exhibited in HKTDC Event(s) in recent years HKTDC Hong Kong International Medical and Healthcare Fair 2026,https://sourcing.hktdc.com/en/Supplier-Store/Profile/Tradeport-Hong-Kong-Limited/1X035GI6,https://www.hktdc.com/event/hkmedicalfair/en/exhibitor/1S0060T7M,,"Logistic and Transport Service, Cold-Chain Logistics Solutions / Medical Courier, Data Loggers",,,,,,,,,,,,
Tronex (Hong Kong) Limited,Hong Kong    |    Factory in Malaysia,,"Wholesaler, Manufacturer","Disposable head-to-toe personal protective equipment. Products including Exam gloves, Face masks, Isolation Gowns, Bouffant Caps, Coverall apparel, shoe covers.",OEM,www.tronexcompany.hk,Exhibited in HKTDC Event(s) in recent years HKTDC Hong Kong International Medical and Healthcare Fair 2026 HKTDC Hong Kong International Medical and Healthcare Fair 2025,https://sourcing.hktdc.com/en/Supplier-Store/Profile/Tronex-Hong-Kong-Limited/1X06J918,https://www.hktdc.com/event/hkmedicalfair/en/exhibitor/1S005YZVG,"Tronex International is a multiple award-winning, medical-based global enterprise, offering highly advanced medical-grade exam gloves and an extensive range of disposable head-to-toe personal protective solutions. As a leading supplier to hospitals, restaurants, hospitality, and government agencies, we proudly leverage an agile and adaptable business model.","Medical Protective Clothing, Medical Consumable, Medical Mask, Medical Gloves, Personal Hygiene Supplies, Personal Protective Equipment",Tronex,,,,,,,,,,,
Tung Wah College Limited,Hong Kong,,Others,An Immersive Therapeutic Virtual Reality Based System and other inclusive Digital Mental Health products and research findings.,Others,,Exhibited in HKTDC Event(s) in recent years HKTDC Hong Kong International Medical and Healthcare Fair 2026 HKTDC Education & Careers Expo 2012,https://sourcing.hktdc.com/en/Supplier-Store/Profile/Tung-Wah-College-Limited/1S00P9FRC,https://www.hktdc.com/event/hkmedicalfair/en/exhibitor/1S0060ZWD,,"Virtual Reality-based Rehabilitation System, Elderly Care Product, VR and AR in Healthcare, Smart Healthcare Platform & Solution, Mobile Health Apps for Mental Health",,,,,,,,,,,,
U-Med Products Ltd,Hong Kong    |    Factory in Chinese Mainland,,"Wholesaler, Manufacturer, Retailer","1) Geriatric /Healthcare Chair (Rigid, Mobile, Recline and Electric etc.) 2) Ward Furniture (Overbed Table, Locker and Folding Screen etc.) 3) Patient Chairs 4) Foam Care Products 5) Others (Arm Board, Belly Board, Oncology Positioning Foam etc.)",OEM,www.umed.com.hk,Exhibited in HKTDC Event(s) in recent years HKTDC Hong Kong International Medical and Healthcare Fair 2026 HKTDC Hong Kong International Medical and Healthcare Fair 2025 HKTDC Hong Kong International Medical and Healthcare Fair 2024 HKTDC Hong Kong International Medical and Healthcare Fair 2023 HKTDC Hong Kong International Medical Devices and Supplies Fair 2018 HKTDC Hong Kong International Medical Devices and Supplies Fair 2017 HKTDC Hong Kong International Medical Devices and Supplies Fair 2016 HKTDC Hong Kong International Medical Devices and Supplies Fair 2015,https://sourcing.hktdc.com/en/Supplier-Store/Profile/U-Med-Products-Ltd/1X0912CI,https://www.hktdc.com/event/hkmedicalfair/en/exhibitor/1S005YZTM,"We are a company established in the Year of 2013.Our management team is experienced in medical field for more than 40 years. We are mainly manufacturer, wholesaler and exporter of various Geriatric Chairs, Ward Furniture, Foam Care Products and Patient Chairs in OEM and ODM products.","Rehabilitation Equipment, Elderly Care Product",UMED,,,,,,,,,,,
Vita-Can Wellness Company Limited,Hong Kong    |    Factory in Canada,,"Buying Office, Buying Cooperative, Retailer, Distributor","Magnesium, Collagen Powder, Omega 3, D3+K2",OEM,vita-can.com.hk,Exhibited in HKTDC Event(s) in recent years HKTDC Hong Kong International Medical and Healthcare Fair 2026,https://sourcing.hktdc.com/en/Supplier-Store/Profile/Vita-Can-Wellness-Company-Limited/1S00PADFE,https://www.hktdc.com/event/hkmedicalfair/en/exhibitor/1S0060C73,"Our company successfully acquired the exclusive Hong Kong distributorship for CanPrev, a well-established health product brand with 20 years of experience in Canada, in 2025. We are currently actively promoting their products in Hong Kong.","Health Supplement, Healthcare Product, Anti-Aging Supplement, Immune System Booster, Skin Care, Health Food, Joint & Bone Support",CanPrev,,,,,,,,,,,
Bio Innovations Limited Partnership,New Zealand,,"Trade/Industrial Organisation, Manufacturer","Wild abalone oil is an emerging marine-derived supplement with a unique lipid profile and bioactive compounds. Produced exclusively by Bio Innovations, it shows promising potential for wide-ranging human health benefits.",OEM,https://www.bio-innovate.com/,Exhibited in HKTDC Event(s) in recent years HKTDC Hong Kong International Medical and Healthcare Fair 2026,https://sourcing.hktdc.com/en/Supplier-Store/Profile/Bio-Innovations-Limited-Partnership/1S00PC4UE,https://www.hktdc.com/event/hkmedicalfair/en/exhibitor/1S0062PR2,,Biotechnology,"Bio Innovations NZ,OcenNZ Vital Wild Abalone Oil",,,,,,,,,,,
"Biolitec Laser Science and Technology Shanghai Co., Ltd.",Chinese Mainland    |    Factory in Chinese Mainland,,Manufacturer,Our diode laser and fiber laser medical devices are designed for non-invasive surgical applications. Our photodynamic therapy (PDT) drugs and corresponding devices are indicated for tumor treatment. Our cell therapy is applied in multiple areas.,"OBM, OEM",www.biolitec.com,Exhibited in HKTDC Event(s) in recent years HKTDC Hong Kong International Medical and Healthcare Fair 2026,https://sourcing.hktdc.com/en/Supplier-Store/Profile/Biolitec-Laser-Science-and-Technology-Shanghai-Co-Ltd/1S00P74EQ,https://www.hktdc.com/event/hkmedicalfair/en/exhibitor/1S005Z8YY,"Biolitec Group was founded by Dr. Neubauer in Bonn, Germany, in the 1980s, focusing on the research and development and production of quartz optical fiber preforms, with complete intellectual property rights and technical accumulation. The group is a global leader in the development and supply of energy transmission optical fibers, active optical fibers, conical optical fibers, fiber lasers, femtosecond lasers, and laser gain amplification modules, and is renowned for its minimally invasive laser surgery technology in the medical field. Biolitec Laser Science and Technology Shanghai Co., Ltd., a subsidiary of the Biolitec Group in China, provides unique dual-wavelength laser equipment and medical consumables, serving experts in various medical fields worldwide, including vascular, proctology, gynecology and obstetrics, urology, otolaryngology, spinal neurological diseases, thoracic and lung diseases, and dermatological aesthetics. In addition, the company is an advocate for targeted photodynamic therapy and cell gene therapy of solid tumors. Our company focuses on the research and development and sales of laser medical devices, relying on foreign technical background and the locational advantage of the Shanghai Free Trade Zone, focusing localized market services.","Biotechnology Engineering, Biotechnology, Physical Therapy Equipment, VR and AR in Healthcare, Rehabilitation Equipment, Personalised Health and Nutrition Apps, Surgical Instrument","biolitec,CeramOptec",,,,,,,,,,,
"Camfil Filtration (Taicang) Co., Ltd",Chinese Mainland    |    Factory in Chinese Mainland,,Manufacturer,"For more than half a century, Camfil has been helping people breathe cleaner air. As a leading manufacturer of premium clean air solutions, we provide commercial and industrial systems for air filtration and air pollution control that improve worker",OBM,www.camfil.com,Exhibited in HKTDC Event(s) in recent years HKTDC Hong Kong International Medical and Healthcare Fair 2026,https://sourcing.hktdc.com/en/Supplier-Store/Profile/Camfil-Filtration-Taicang-Co-Ltd/1S00PBNE7,https://www.hktdc.com/event/hkmedicalfair/en/exhibitor/1S00628L1,,Air Filtration System,,,,,,,,,,,,
"Cangzhou YMY Rubber Products Co., Ltd.",Chinese Mainland,,Manufacturer,"Radiation high, medium ultra-soft lead aprons, lead caps, lead collars, gonad protectors, lead glasses, suspended screens, bed curtains, lead screens, ICU bedside protection devices, DSA protection accessories, and patient radiation protection",OBM,http://ymymed.com/,Exhibited in HKTDC Event(s) in recent years HKTDC Hong Kong International Medical and Healthcare Fair 2026,https://sourcing.hktdc.com/en/Supplier-Store/Profile/Cangzhou-YMY-Rubber-Products-Co-Ltd-/1S00P9M28,https://www.hktdc.com/event/hkmedicalfair/en/exhibitor/1S005Z4NZ,,Medical Protective Clothing,,,,,,,,,,,,
"ChangChun HaoBang Health Technology Co., Ltd",Chinese Mainland    |    Factory in Chinese Mainland,,"Retailer, Export Agent, Wholesaler, Manufacturer","Zhi Zun Enjoy Drink1,Red Ginseng with Pomegranate Drink,Bird's Nest & Collagen Dipeptide Drink","Others, ODM",www.cchaobang.com,Exhibited in HKTDC Event(s) in recent years HKTDC Hong Kong International Medical and Healthcare Fair 2026,https://sourcing.hktdc.com/en/Supplier-Store/Profile/ChangChun-HaoBang-Health-Technology-Co-Ltd/1S00PC84G,https://www.hktdc.com/event/hkmedicalfair/en/exhibitor/1S0062S08,"Changchun Haobang Health Technology Co., Ltd. was established in 2013. It is a technology company under the Changchun Haobang Group specializing in the production of health products. The project investment is approximately 120 million yuan. The company is located in the China-Korea (Changchun) International Cooperation Demonstration Zone. The company has production qualifications for food (including special diets), cosmetics, and medical devices. At present, the company has obtained 74 production technology patents: including 4 invention patents, 35 utility model patents, and 35 software copyright patents.","Healthcare Product, Health Food, Health Supplement",One Line One Tree,,,,,,,,,,,
"Changchun Shandong Hepatology Hospital Co., Ltd.",Chinese Mainland    |    Factory in Chinese Mainland,,"Service Company, Wholesaler, Exporter, Export Agent, Import Agent, Retailer","Beauty Anti-Aging Tea: American Ginseng, Ganoderma & Rose LiverNourishing & EyeBrightening Tea Cassia Seed, Hawthorn & Dai Dai Flower Tea Black Wolfberry Liver-Nourishing Special Dietary Tablets",ODM,https://www.shanshigandan.com,Exhibited in HKTDC Event(s) in recent years HKTDC Hong Kong International Medical and Healthcare Fair 2026,https://sourcing.hktdc.com/en/Supplier-Store/Profile/Changchun-Shandong-Hepatology-Hospital-Co-Ltd-/1S00PC86A,https://www.hktdc.com/event/hkmedicalfair/en/exhibitor/1S0062S22,"Changchun Shandong Hepatology Hospital Co., Ltd. Shandong TCM, a China Time-honored Brand founded in 1856, has been passed down for five generations and boasts a cultural heritage of over 170 years. It is a Grade II Class A TCM Hospital and an Inheritance Base of Jilin Intangible Cultural Heritage.","Healthcare Product, Health Food, Health Supplement","Beauty Anti-Aging Tea: American Ginseng, Ganoderma,LiverNourishing & EyeBrightening Tea — Cassia Se,Black Wolfberry Liver-Nourishing Special Dietary T",,,,,,,,,,,
"Changzhou Medical Bioengineering Co.,Ltd",Chinese Mainland    |    Factory in Chinese Mainland,,Manufacturer,"Production, sales of skin staplers, Infusion pumps, circumcision staplers, anorectal ligation device, micro-invasive fascial closure system, multi-channel single-port trocars, laparoscopic trocars, incision dilator, minimally invasive suture device.",OEM,www.czswmed.com,Exhibited in HKTDC Event(s) in recent years HKTDC Hong Kong International Medical and Healthcare Fair 2026,https://sourcing.hktdc.com/en/Supplier-Store/Profile/Changzhou-Medical-Bioengineering-Company-Limited/1S00PC5RM,https://www.hktdc.com/event/hkmedicalfair/en/exhibitor/1S0062R09,成立于1997年，自然人投资,,,,,,,,,,,,,
"Chongqing Guochengtang Pharmaceutical Co., Ltd.",Chinese Mainland,,,"Traditional Chinese herbal slices: White Lotus Seed (Semen Nelumbinis), Gongju Chrysanthemum Flower, Codonopsis Root Segments (Radix Codonopsis), American Ginseng Slices (Panax quinquefolius) and etc.",,http://www.gctzy.cn,Exhibited in HKTDC Event(s) in recent years HKTDC Hong Kong International Medical and Healthcare Fair 2026,https://sourcing.hktdc.com/en/Supplier-Store/Profile/Chongqing-Guochengtang-Pharmaceutical-Co-Ltd-/1S00PC884,https://www.hktdc.com/event/hkmedicalfair/en/exhibitor/1S0062S6Q,"Guochengtang is a leading domestic manufacturer of traditional Chinese herbal slices, integrating standardized cultivation, production, sales, R&D, and importation. The company operates multiple advanced digital production lines for general herbal slices, ready-to-use herbal slices, and toxic herbal slices. With a team of professional quality control personnel and a fully equipped testing center, it strictly adheres to national GMP standards in the production of high-quality traditional Chinese herbal slices. The company has an annual production capacity of 5,000 tons of traditional Chinese herbal slices.",,,,,,,,,,,,,
"Chongqing Iyasocare Medical Co., Ltd.",Chinese Mainland    |    Factory in Chinese Mainland,,Manufacturer,Wheelchairs and mobility scooters designed and manufactured for the elderly and people with disabilities,"OBM, OEM, ODM",www.iyasocare.com/,Exhibited in HKTDC Event(s) in recent years HKTDC Hong Kong International Medical and Healthcare Fair 2026,https://sourcing.hktdc.com/en/Supplier-Store/Profile/Chongqing-Iyasocare-Medical-Co-Ltd-/1S00PBYTN,https://www.hktdc.com/event/hkmedicalfair/en/exhibitor/1S0062RWL,"Chongqing Iyasocare Medical Co., Ltd. was established in 2006 and is headquartered in the beautiful mountain city of Chongqing in China. It is an integrated industry and trade company specializing in medical device R&D, production, sales and consulting services, with business all over the world. The company's main products include wheelchairs, hospital beds, electric scooters, walkers, etc.; the company is committed to providing customers with reasonable, complete, reliable, and high-quality medical procurement programs; since the company was founded, it has served Europe, the Middle East, Southeast Asia and other global customers; and has obtained medical device registration certificate, medical device production license, medical device business license, ISO13485, CE, TUV, CFS and other qualifications Certificate; is a supplier of continuous strategic cooperation with China Medical Device Association.",Wheelchair,IYASOCARE,,,,,,,,,,,
"Chongqing Jizhong Economic and Trade Co., Ltd.",Chinese Mainland,,,HPV E7 Oncoprotein Rapid Test Kit. This product is a screening tool designed to rapidly assess the risk of developing cervical cancer within just 15 minutes.,,,Exhibited in HKTDC Event(s) in recent years HKTDC Hong Kong International Medical and Healthcare Fair 2026,https://sourcing.hktdc.com/en/Supplier-Store/Profile/Chongqing-Jizhong-Economic-and-Trade-Co-Ltd-/1S00PC877,https://www.hktdc.com/event/hkmedicalfair/en/exhibitor/1S0062S3Z,"The Kyrgyzstan-China (Chongqing) Economic and Trade Cooperation Center is an important economic and trade platform established to deepen economic and trade ties between China and Kyrgyzstan under the joint Belt and Road Initiative, facilitating practical bilateral cooperation. Operating in a market-oriented manner, the Center showcases and sells a variety of specialty products from Kyrgyzstan, including honey, foreign wines, beer, snacks, handicrafts, and more, allowing visitors to learn and understand Kyrgyzstan through these products. It serves not only as an urban window for bilateral economic and trade cooperation but also as an important bridge for enhancing people-to-people friendship between the two countries, further promoting cultural exchanges and integration between China and Kyrgyzstan.",,,,,,,,,,,,,
"Chongqing JoySuch Information Technology Co.,Ltd.",Chinese Mainland,,,1. Medical IoT Solutions 2. Hospital Indoor Navigation 3. Medical Asset Tracking and Management 4. Staff & Patient Location Management 5、Intelligent Vital Signs Monitoring System,,www.med-iot.com,Exhibited in HKTDC Event(s) in recent years HKTDC Hong Kong International Medical and Healthcare Fair 2026,https://sourcing.hktdc.com/en/Supplier-Store/Profile/Chongqing-JoySuch-Information-Technology-Co-Ltd-/1S00PC24M,https://www.hktdc.com/event/hkmedicalfair/en/exhibitor/1S0062RUR,"Chongqing JoySuch Information Technology Co.,Ltd . is led by a team of academicians from the Chinese Academy of Engineering in technological innovation. The company holds over 400 credentials, including invention patents, prestigious honors and certifications from authoritative institutions. The brand Joysuch Health, specializes in providing integrated intelligent IoT solutions for hospital and elderly care institution. The company is committed to advancing the integration of artificial intelligence and IoT technologies, unlocking IoT data, and enabling AI applications to form a richer and more intelligent AIoT ecosystem.","Wearable Devices/Sensors, Remote Patient Monitoring Solution, Patient Monitoring System, Medication Management Solution, Hospital Automation Systems, Clinic Management System","Medical IoT Solutions,Hospital Indoor Navigation,Medical Asset Tracking and Management",,,,,,,,,,,
"Chongqing Kangkeer Pharmaceutical Co., Ltd",Chinese Mainland    |    Factory in Chinese Mainland,,Manufacturer,公司成功研发全球首个二甲双胍控释片—都乐宁盐酸二甲双胍缓释片（Ⅱ），攻克了二甲双胍耐受性差的世界级难题，释放机制实现药物零级释放，帮助患者平稳控糖，解决了胃肠道耐受性差的世界性难题，荣获国家知识产权局“中国专利优秀奖”。另一款拳头产品力贻苹格列美脲片，品质卓越，被誉为格列美脲的金标准，荣获中国驰名商标。,OBM,www.conquer.net.cn,Exhibited in HKTDC Event(s) in recent years HKTDC Hong Kong International Medical and Healthcare Fair 2026,https://sourcing.hktdc.com/en/Supplier-Store/Profile/Chongqing-Kangkeer-Pharmaceutical-Co-Ltd/1S00PBULF,https://www.hktdc.com/event/hkmedicalfair/en/exhibitor/1S0062S4W,"Founded in 1999, Chongqing Kangkeer Pharmaceutical Co., Ltd. is a high-tech enterprise that focuses on drug development in the field of chronic diseases, integrating high-end chemical drug research and development, production, and sales. The company has always adhered to the business philosophy of ""making medicine is like doing charity, like doing good deeds and accumulating virtue,"" and is committed to becoming a lifelong volunteer for diabetes patients. It has successively won honors such as ""National Biological Industry Base Leading Enterprise,"" ""Most Investment-Worthy Enterprise in China's Pharmaceutical Industry,"" and ""National Intellectual Property Demonstration Enterprise."".","Health Food, Health Supplement, Biotechnology","都乐宁 盐酸二甲双胍缓释片（Ⅱ）,力贻苹 格列美脲片,易克亚欣 那格列奈胶囊,长亚宁 替米沙坦片,平亚舒 缬沙坦氢氯噻嗪胶囊,康尔可通 盐酸氨溴索口腔崩解片,伉尔纾坦 氯雷他定口腔崩解片,康尔贝宁 硫酸沙丁胺醇口腔崩解片,康尔多安 扎来普隆口腔崩解片,舒楠 黄藤素胶囊",,,,,,,,,,,
"Chongqing Nanfang Numerical Control Equipment Co., Ltd.",Chinese Mainland,,,"Fully Automatic Agglutination Analyzer: Syphilis Screening; Hemorheology Analyzer: Investigates blood flow patterns in blood vessels, as well as bodily functions and pathological changes; Lactose Detection Kit: Detects lactose in human feces",,www.nfyl.com,Exhibited in HKTDC Event(s) in recent years HKTDC Hong Kong International Medical and Healthcare Fair 2026,https://sourcing.hktdc.com/en/Supplier-Store/Profile/Chongqing-Nanfang-Numerical-Control-Equipment-Co-Ltd-/1S00PBYO2,https://www.hktdc.com/event/hkmedicalfair/en/exhibitor/1S0062RXI,"Chongqing Nanfang Numerical Control Equipment Co., Ltd. was founded in 2004 and restructured into a joint-stock company in 2019. It is a technology innovation enterprise specializing in the R&D, production, sales and service of in vitro diagnostic (IVD) reagents and instruments. As one of the earliest enterprises engaged in the R&D, production and sales of IVD products in China, Nanfang Numerical Control has long focused on in vitro diagnostics for thrombosis and hemostasis in the field of hemodynamics. The company has formed a core technology cluster covering instruments, reagents and consumables, with outstanding independent R&D and technological innovation capabilities.",,,,,,,,,,,,,
"Chongqing Sanxia Yunhai Pharmaceutical Co., Ltd.",Chinese Mainland,,,"Under MAH, the Company integrates TCM chain: resources, decoction pieces, proprietary medicines, intelligent pharmacies, R&D/production of inhospital/prepared preparations, and quality inspection for food, agriproducts and pharmaceuticals.",,https://www.cqsxyhyy.com/,Exhibited in HKTDC Event(s) in recent years HKTDC Hong Kong International Medical and Healthcare Fair 2026,https://sourcing.hktdc.com/en/Supplier-Store/Profile/Chongqing-Three-Gorges-Yunhai-Pharmaceutical-Co-Ltd-/1S00PBSD5,https://www.hktdc.com/event/hkmedicalfair/en/exhibitor/1S0062RVO,"Chongqing Three Gorges Yunhai Pharmaceutical Co., Ltd. is located in the heart of the Three Gorges Reservoir area — Yunyang New County, Chongqing. Founded in 1992, the company began production in 1996, underwent restructuring in 2003, and completed its shareholding system transformation in 2011. It is a pharmaceutical service enterprise integrating the R&D and planting technology promotion of Chinese medicinal herb seeds, seedlings, and high-end edible mushroom strains; the R&D, production, and sales of Chinese patent medicines, prepared herbal slices, and health foods; and the R&D, filing, and contract manufacturing of medical institution preparations. The company is a national high-tech enterprise. Leveraging the distinctive Chinese medicinal resources in the reservoir area, the company has established five Chinese medicinal herb resource bases and is recognized as a municipal-level leading agricultural enterprise in Chongqing. Through an industry-academia-research innovation system, the company has built its own technology R&D center.","Skin Care, Healthcare Product, Health Supplement, Health Food, Diabetes Care, Anti-Aging Supplement","Huan Shao Tang,Yun Hai Bai Cao",,,,,,,,,,,
"Combest Life Technology (Zhuhai) Co., Ltd",Chinese Mainland    |    Factory in Chinese Mainland,,"Exporter, Manufacturer, Retailer","Photonic calcium supplementation devices help middle-aged and elderly people supplement calcium absorption, increase bone density, treat osteoporosis, and maintain good health after use. The vibration massage comb is a portable health product.","Others, ODM",www.combest.com.cn,Exhibited in HKTDC Event(s) in recent years HKTDC Hong Kong International Medical and Healthcare Fair 2026,https://sourcing.hktdc.com/en/Supplier-Store/Profile/Combest-Life-Technology-Zhuhai-Co-Ltd/1S00P8L8R,https://www.hktdc.com/event/hkmedicalfair/en/exhibitor/1S005Z1GN,"Combest Life Technology (Zhuhai) Co., Ltd. is a high-tech enterprise specializing in the research, development, production, sales and service of smart and healthy home products. Since its establishment in 1999, Combest has always adhered to the business philosophy of ""technology creates health, integrity builds brand"" and provides high-quality and efficient value-added services to users.","Medical and Healthcare Service, Healthcare Product, Electronic Health Product, Joint & Bone Support, Health Supplement","Photoelectric calcium supplement,Vibrating massage comb",,,,,,,,,,,
"Finess Healthcare (Zhejiang) Co., Ltd.",Chinese Mainland    |    Factory in Chinese Mainland,,"Exporter, Manufacturer","Surgical kits, Dressing kits, Macerator, Wet wipe warmer","OEM, OBM, ODM",www.finess-healthcare.com,Exhibited in HKTDC Event(s) in recent years HKTDC Hong Kong International Medical and Healthcare Fair 2026,https://sourcing.hktdc.com/en/Supplier-Store/Profile/Finess-Healthcare-Zhejiang-Co-Ltd-/1S00PBUUO,https://www.hktdc.com/event/hkmedicalfair/en/exhibitor/1S0062HS7,"Finess Healthcare (Zhejiang) Co., Ltd. was founded in 2006. With 20 years of dedicated experience in manufacturing and exporting medical products, we have built a strong reputation across the global market. Our core product portfolio covers Surgical kits, Dressing kits, Macerators and Wet wipe warmers. We have been accredited with CE and ISO 13845 certificates.","Infection Prevention - UV Light Devices, Wound Care & Dressing, Dental Equipment, Dental Supplies, Elderly Care Product, Medical Consumable, Surgical Instrument",,,,,,,,,,,,
GenomeMe Lab Incorporated,Canada    |    Factory in Canada,,Manufacturer,"Canadian manufacturer of clinical-grade IHC antibodies and molecular diagnostic solutions for clinical pathology. Providing reliable, performance-validated IVD reagents with strong technical support and global distribution.",OBM,https://genomeme.ca/,Exhibited in HKTDC Event(s) in recent years HKTDC Hong Kong International Medical and Healthcare Fair 2026 HKTDC Hong Kong International Medical and Healthcare Fair 2021,https://sourcing.hktdc.com/en/Supplier-Store/Profile/GenomeMe-Lab-Incorporated/1S00NZYSQ,https://www.hktdc.com/event/hkmedicalfair/en/exhibitor/1S00616QO,"GenomeMe Lab Inc. is a Canadian biotechnology company specializing in the development and manufacturing of high-quality in vitro diagnostic (IVD) reagents for clinical pathology and molecular diagnostics. Headquartered in Richmond, British Columbia, GenomeMe focuses on immunohistochemistry (IHC) antibodies and molecular diagnostic solutions that support accurate disease detection and precision medicine. With strong in-house R&D and manufacturing capabilities, GenomeMe operates as an Original Brand Manufacturer (OBM), delivering reliable, performance-validated products to hospitals, pathology laboratories, and distribution partners worldwide. The company is committed to regulatory excellence, operating under ISO 13485 quality management systems and actively transitioning products in compliance with EU IVDR (Regulation (EU) 2017/746) requirements. GenomeMe portfolio includes a comprehensive range of IHC antibodies, companion diagnostic markers, and molecular assays, supported by technical validation data and international distribution networks across Europe, Asia, and North America. Through strategic partnerships and continuous innovation, GenomeMe aims to enhance diagnostic accuracy and expand global access to high-quality pathology solutions.",Precision Medicine,,,,,,,,,,,,
"Good Time Health Care Products Co., Ltd",Vietnam,,Manufacturer,Braces and Supports/ Compression Stockings,"OEM, ODM",https://www.cathayahealthcare.com/,Exhibited in HKTDC Event(s) in recent years HKTDC Hong Kong International Medical and Healthcare Fair 2026,https://sourcing.hktdc.com/en/Supplier-Store/Profile/Good-Time-Health-Care-Products-Co-Ltd/1S00P9NBG,https://www.hktdc.com/event/hkmedicalfair/en/exhibitor/1S005Z9ZU,,"Fitness & Gym Equipment, Orthopaedic Supplies, Joint & Bone Support, Fitness Centre, Rehabilitation Equipment, Elderly Care Product, Physiotherapy Treatment, Compression Therapy, Physical Therapy Equipment",,,,,,,,,,,,
"Guangdong Pigeon Medical Apparatus Co., Ltd.",Chinese Mainland    |    Factory in Chinese Mainland,,Manufacturer,"HFNC, Infant Resuscitator, Neonate CPAP, Infant CPAP, Air Oxygen Blender, Medical Air Compressor, Medical Humidifier, Suction Device, Oxygen Concentration Analyzer, Vein Finder, Medical Infant Crib, Newborn Bed, Medical Transport System.","OEM, ODM, OBM",www.gdgezi.com/en/,Exhibited in HKTDC Event(s) in recent years HKTDC Hong Kong International Medical and Healthcare Fair 2026,https://sourcing.hktdc.com/en/Supplier-Store/Profile/Guangdong-Pigeon-Medical-Apparatus-Co-Ltd-/1S00P7DRE,https://www.hktdc.com/event/hkmedicalfair/en/exhibitor/1S005Z90R,"Founded in 1992 and established as Guangdong Pigeon Medical Devices Co., Ltd. in 2001, our company is a integrated manufacturer specializing in the R&D and production of medical devices, with three production bases. We have obtained ISO 13485:2016 quality management system certification and hold multiple recognitions, including National High-Tech Enterprise, Guangdong Provincial Doctoral Workstation, Innovative SME, and Guangdong ""Specialized, Refined, Unique, and Innovative"" SME. We are also a Class A Medical Device Manufacturer in Guangdong for Quality Credit. Our production facilities cover approximately 25,000 square meters. We primarily manufacture products for respiratory applications, related supporting products, and various consumables. Our products are sold across China and in nearly 100 countries worldwide, enjoying a solid reputation.","Surgical Instrument, Diagnostic Equipment, Ward Facilities, Medical Consumable, Respiratory Care Device, Electronmedical Equipment",鸽子 Pigeon,,,,,,,,,,,
"Guiyang Xintian Pharmaceutical Co., Ltd.",Chinese Mainland,,Manufacturer,1.Heyuan Kuntai Capsules 2.Kunlishu Kushen Gel 3.Qianletai Ningmitai Capsules 4.Jirui Xiakucao Oral Liquid 5.Longzhang Longzhang Mouth Rinse 6.Zhongdao Xinlikang Capsules,Others,https://www.gyxtyy.com/,Exhibited in HKTDC Event(s) in recent years HKTDC Hong Kong International Medical and Healthcare Fair 2026,https://sourcing.hktdc.com/en/Supplier-Store/Profile/Guiyang-Xintian-Pharmaceutical-Co-Ltd-/1S00PBS9H,https://www.hktdc.com/event/hkmedicalfair/en/exhibitor/1S0062SME,"Guiyang Xintian Pharmaceutical Co., Ltd. was founded in August 1995 as a modern enterprise integrating the research, development, production, and sales of health products. It went public on the main board of the Shenzhen Stock Exchange (Stock Code: 002873) in May 2017, with a current registered capital of 244 million yuan and total assets of 1.884 billion yuan (including over 8 million yuan in laboratory equipment). The company employs nearly 2,000 people and is recognized as a National High-Tech Enterprise, a designated manufacturer of ethnic specialty products, and a national key leading enterprise in agricultural industrialization. It has been honored as one of China's Top 100 Herbal Medicine Enterprises for 2023 and 2024, among the Top 50 Herbal Medicine R&D Powerhouses for 2023 and 2024, an influential industry brand in 2024, and an outstanding unit in national adverse drug reaction monitoring and evaluation. Currently, the company operates several wholly-owned subsidiaries engaged in R&D, production, and sales (located in Guiyang, Beijing, Shanghai, Jiangsu, and other regions)",Medical and Healthcare Service,,,,,,,,,,,,
"Guizhou Bailing Group Pharmaceutical Co., Ltd.",Chinese Mainland    |    Factory in Chinese Mainland,,"Manufacturer, Exporter","Chinese patent medicines such as Yindan Xinnaotong Soft Capsules, Xiao'er Chaigui Tuire Granules, Kesuting Syrup, Shuangyang Houbitong Granules, Danyankang Capsules, Compound Yizhihuanghua Spray, Xietingfeng Capsules, Muxiang Shunqi Pills, etc.",OBM,www.gzbl.com,Exhibited in HKTDC Event(s) in recent years HKTDC Hong Kong International Medical and Healthcare Fair 2026,https://sourcing.hktdc.com/en/Supplier-Store/Profile/Guizhou-Bailing-Group-Pharmaceutical-Co-Ltd-/1S00PBZ2V,https://www.hktdc.com/event/hkmedicalfair/en/exhibitor/1S0062SFZ,,"Chinese Medicated Ointment, Diabetes Care, Healthcare Product, Nutritional Manufacturing/ Processing Service, Joint & Bone Support, Health Supplement",Bailing,,,,,,,,,,,
"Guizhou National Pharmacy Co., Ltd.",Chinese Mainland,,,Liqi Huoxue Pills; Dandeng Tongnao Pills; Zhenzhu Pills,,https://www.gzcci.com/index.html,Exhibited in HKTDC Event(s) in recent years HKTDC Hong Kong International Medical and Healthcare Fair 2026,https://sourcing.hktdc.com/en/Supplier-Store/Profile/Guizhou-National-Pharmacy-Co-Ltd-/1S00PC8SG,https://www.hktdc.com/event/hkmedicalfair/en/exhibitor/1S0062SP5,"Guizhou National Pharmaceutical Co., Ltd. was established in 1994. It is an enterprise mainly engaged in the research and development, production and sales of dripping pill pharmaceuticals. In April 2010, it was wholly acquired by Guizhou Yibai Pharmaceutical Co., Ltd. The company is located in Dongjiayan, Huaxi District, Guiyang City, with a registered capital of 48.15 million yuan and an area of 129 mu. Its main products are Liqi Huoxue Pills and Dandeng Tongnao Pills. Corporate Mission: Innovate in pharmaceutical manufacturing and pursue perfection in dripping pills. Corporate Vision: Build a world-class production center for dripping pills. Corporate Values: Customer first, quality foremost, technology priority, and self-transcendence.",,,,,,,,,,,,,
"Guizhou Ruihe Pharmaceutical Co., Ltd",Chinese Mainland    |    Factory in Chinese Mainland,,Manufacturer,"Dahuang Lindan Capsules is derived from the classical theories of liver and gallbladder in Traditional Chinese Medicine. It is specifically formulated to address damp-heat stagnation, clearing heat and dampness.",OBM,http://www.gzrhzy.cn/,Exhibited in HKTDC Event(s) in recent years HKTDC Hong Kong International Medical and Healthcare Fair 2026,https://sourcing.hktdc.com/en/Supplier-Store/Profile/Guizhou-Ruihe-Pharmaceutical-Co-Ltd/1S00PBUMC,https://www.hktdc.com/event/hkmedicalfair/en/exhibitor/1S0062SGW,"Being innovative and professional, Ruihe has always been dedicated to human health since its inception in 1998. As a modern high-tech enterprise, Ruihe aims to develop an innovative business model based on the coordinated development of the product R&D and the market expansion. With a nationwide sales network, we are able to bring our products and services to every corner, which also lies a solid foundation for the domestic commercialization of other products. In the future, we will enhance our existing strengths in liver disease and digestion treatment as a constant innovator by expanding our product portfolio, so as to strengthen our technologies, products, talents and business for a sustainable development.","Chinese Medicated Ointment, Healthcare Product, Weight Loss Product, Health Supplement, Oral Care","Dahuang Lidan Capsules,Miaozhai Jin Gu Tong Plaster",,,,,,,,,,,
"Guizhou Sanli Pharmaceutical Co., Ltd",Chinese Mainland,,Others,"Astragalus Granules, Duzhong Butiansu Tablets, Kaihoujian Sprays (For Children), Kaihoujian Sprays, Qijiao Shengbai Capsules",Others,https://www.gz-sanli.com/,Exhibited in HKTDC Event(s) in recent years HKTDC Hong Kong International Medical and Healthcare Fair 2026,https://sourcing.hktdc.com/en/Supplier-Store/Profile/Guizhou-Sanli-Pharmaceutical-Co-Ltd/1S00PC8TD,https://www.hktdc.com/event/hkmedicalfair/en/exhibitor/1S0062SHT,,"Medical and Healthcare Service, Immune System Booster","Guizhou Sanli Pharmaceutical Co., Ltd,Guizhou Dechangxiang Pharmaceutical Co., Ltd,Guizhou Hanfang Pharmaceutical",,,,,,,,,,,
"Guizhou Shuifang Pharmaceutical Co., Ltd.",Chinese Mainland,,,"A series of health products including Hemp Analgesic Liniment, Touguxiang Tongluo Spray, Ginger Flower Foot Comfort Spray, Chick Embryo Earthworm Plaster and Shujin Huoluo Pain Relief Plaster, etc.",,,Exhibited in HKTDC Event(s) in recent years HKTDC Hong Kong International Medical and Healthcare Fair 2026,https://sourcing.hktdc.com/en/Supplier-Store/Profile/Guizhou-Shuifang-Pharmaceutical-Co-Ltd-/1S00PCA75,https://www.hktdc.com/event/hkmedicalfair/en/exhibitor/1S0062SO8,"Founded in 2018, Guizhou Shuifang Pharmaceutical Co., Ltd. Since its establishment, the company has cooperated with domestic universities, scientific research institutions and experts in the field of ethnic medicine to diligently collect, sort out and develop proven prescriptions and secret recipes from the Shui ethnic region. Starting with establishing quality standards for Shui medicinal materials, it has been building a systematic framework for Shui Nationality Medicine. It is an enterprise specializing in the research and development, production and sales of traditional Chinese medicine-related products such as ethnic medicine, health and wellness products, and medical institution preparations, as well as providing medical, health and wellness services.",,,,,,,,,,,,,
"Guizhou Tongde Pharmaceutical Co., Ltd",Chinese Mainland,,Manufacturer,"Guizhou Tongde Pharmaceutical Co., Ltd. was established in Tongren City, Guizhou Province in 2013. Its product offerings primarily include authentic medicinal herbs, traditional Chinese medicine slices, and health products.",OBM,,Exhibited in HKTDC Event(s) in recent years HKTDC Hong Kong International Medical and Healthcare Fair 2026,https://sourcing.hktdc.com/en/Supplier-Store/Profile/Guizhou-Tongde-Pharmaceutical-Co-Ltd/1S00PCA4E,https://www.hktdc.com/event/hkmedicalfair/en/exhibitor/1S0062SE2,,"Health Food, Healthcare Product",,,,,,,,,,,,
"Guizhou Yibai Pharmaceutical Co., Ltd.",Chinese Mainland,,"Distributor, Manufacturer","The company cover eight product lines with a total of 54 products. These include gummies, oral strips, and stick packs, offering multiple functions such as cough relief and phlegm removal alcohol detoxification, and powerful nutrition support.",OBM,www.gzcci.com/index.html,Exhibited in HKTDC Event(s) in recent years HKTDC Hong Kong International Medical and Healthcare Fair 2026 International Conference & Exhibition of the Modernization of Chinese Medicine & Health Products 2013 International Conference & Exhibition of the Modernization of Chinese Medicine & Health Products,https://sourcing.hktdc.com/en/Supplier-Store/Profile/Guizhou-Yibai-Pharmaceutical-Co-Ltd-/1S00PC25J,https://www.hktdc.com/event/hkmedicalfair/en/exhibitor/1S0062SIQ,"Guizhou Yibai Pharmaceutical Co., Ltd. was founded in 1995, completed its shareholding system reform in 2000, and became the first private enterprise in Guizhou Province to be listed on the stock market in 2004. It is recognized as one of China's Top 100 Pharmaceutical Enterprises and a national-level innovative enterprise. The company has been listed among the Top 100 Enterprises in Guizhou for 13 consecutive times and among the Top 100 Private Enterprises in Guizhou for four times. Yibai operates four major business segments: pharmaceutical manufacturing, R&D, healthcare, and marketing. It currently owns seven pharmaceutical manufacturing subsidiaries, five medical institutions, and employs nearly 10,000 staff. The company offers over 230 product specifications, covering therapeutic areas such as oncology, cardiovascular, respiratory, orthopedics, digestive health, men's health, and women's health. Yibai has always placed great emphasis on technological innovation and scientific R&D, possessing core technologies. The company has been granted 154 patents, including 111 invention patents, and has filed 54 international patent applications. Its two trademarks, ""Yibai"" and ""KEKE,"" have been recognized as China's Well-known Trademarks.","Healthcare Product, Health Food, Health Management and Consultancy, Immune System Booster, Health Supplement","KEKE,Yibai,100",,,,,,,,,,,
"Jiangsu Sunride Medical Technology Co., Ltd.",Chinese Mainland,,Manufacturer,"Drainage tubes, Silicone Dressings, Foam dressings, Catheter fixing devices, Transparent dressings","OEM, OBM, ODM",www.sunridemed.com,Exhibited in HKTDC Event(s) in recent years HKTDC Hong Kong International Medical and Healthcare Fair 2026,https://sourcing.hktdc.com/en/Supplier-Store/Profile/Jiangsu-Sunride-Medical-Technology-Co-Ltd-/1S00PAZDY,https://www.hktdc.com/event/hkmedicalfair/en/exhibitor/1S0062QD7,,"Therapeutic Devices & Accessories, Surgical Instrument, Wound Care & Dressing, Medical Preparation & Production Equipment, Medical Consumable",,,,,,,,,,,,
"Jiangsu TaiMedical Technology Co.,Ltd",Chinese Mainland    |    Factory in Chinese Mainland,,Manufacturer,"With 20 years of industry experience, our products offer stable quality and are sold in markets worldwide.","ODM, OEM",www.taimedical.com,Exhibited in HKTDC Event(s) in recent years HKTDC Hong Kong International Medical and Healthcare Fair 2026,https://sourcing.hktdc.com/en/Supplier-Store/Profile/Jiangsu-TaiMedical-Technology-Co-Ltd/1S00PBKVV,https://www.hktdc.com/event/hkmedicalfair/en/exhibitor/1S0062QF1,,"Orthopaedic Supplies, Personal Protective Equipment, Orthopedics Equipment, Joint & Bone Support, Rehabilitation Equipment, Fitness & Gym Equipment, Manufacturing Solution, Medical Consumable",TaiMedical,,,,,,,,,,,
"Jiangxi Shengqi Biotechnology Co., Ltd.",Chinese Mainland,,Manufacturer,Kidney Injury Molecule-1 (Kim-1) Detection Kit (Colloidal Gold Method),OEM,,Exhibited in HKTDC Event(s) in recent years HKTDC Hong Kong International Medical and Healthcare Fair 2026,https://sourcing.hktdc.com/en/Supplier-Store/Profile/Jiangxi-Shengqi-Biotechnology-Co-Ltd-/1S00PC83J,https://www.hktdc.com/event/hkmedicalfair/en/exhibitor/1S0062RZC,,Therapeutic Devices & Accessories,,,,,,,,,,,,
"Jilin Beiyao Pinzheng Biotech Co., Ltd",Chinese Mainland,,Manufacturer,"The company focusses on taking local ginseng as the core raw material, integrating traditional health wisdom with modern food technology, and developing a series of healthy foods and functional foods.","ODM, OBM, OEM",http://www.jilinbeiyao.com/,Exhibited in HKTDC Event(s) in recent years HKTDC Hong Kong International Medical and Healthcare Fair 2026,https://sourcing.hktdc.com/en/Supplier-Store/Profile/Jilin-Beiyao-Pinzheng-Biotech-Co-Ltd/1S00PC85D,https://www.hktdc.com/event/hkmedicalfair/en/exhibitor/1S0062S15,,"Healthcare Product, Health Supplement, Health Food, Immune System Booster",,,,,,,,,,,,
"Jilin Province Bainong Import and Export Co., Ltd.",Chinese Mainland,,Export Agent,"The company specializes in the processing of Changbai Mountain blueberries. The products exports to countries such as Malaysia and Saudi Arabia, and domestic markets including Shanghai, Shandong, Nanjing, and Jiangsu.",OEM,www.jlbainongexport.com,Exhibited in HKTDC Event(s) in recent years HKTDC Hong Kong International Medical and Healthcare Fair 2026 HKTDC Food Expo PRO 2025 HKTDC Hong Kong International Medical and Healthcare Fair 2025 HKTDC Food Expo PRO 2024 HKTDC Hong Kong International Medical and Healthcare Fair 2024 HKTDC Food Expo PRO 2023 HKTDC Food Expo 2019,https://sourcing.hktdc.com/en/Supplier-Store/Profile/Jilin-Province-Bainong-Import-and-Export-Co-Ltd-/1X0AVUPT,https://www.hktdc.com/event/hkmedicalfair/en/exhibitor/1S0062RR0,"吉林省柏農進出口有限公司位於風景旖旎的長白山腳下。是專業的長白山藍莓深加工企業，公司產品包括藍莓幹（幹品散裝及壓縮,罐裝）、藍莓汁及薇乾菜，產品已遍佈國內外市場，國外已遠銷到馬來西亞、沙烏地阿拉伯等；國內的市場有上海、山東、南京和江蘇等 。今年年初我公司已在松花江畔長白山生態保護圈內建立了自己的藍莓種植基地。並於（基地備案號為：220282syj00001），成為吉林省具有基地備案的藍莓深加工企業。",Biotechnology,Bainong,,,,,,,,,,,
"Jilin Shoucao Gangmu Technology Co., Ltd.",Chinese Mainland,,"Shopping Mall, Others, Private Individual, Trade/Industrial Organisation, Manufacturer, Department Store, Retailer, Charity / Welfare Organisation, Mail Order Co., Government, Chain Store, Statutory Body, Wholesaler, Buying Office, Distributor","We specialize in natural ginseng skincare and herbal health products, blending traditional Chinese medicine with modern formulation.",OEM,,Exhibited in HKTDC Event(s) in recent years HKTDC Hong Kong International Medical and Healthcare Fair 2026,https://sourcing.hktdc.com/en/Supplier-Store/Profile/Jilin-Shoucao-Gangmu-Technology-Co-Ltd-/1S00PBJH2,https://www.hktdc.com/event/hkmedicalfair/en/exhibitor/1S0062RSX,"The birth of Shou Cao Gang Mu is indeed a cultural inheritance spanning thousands of years.In the brilliant galaxy of Chinese medicine, Compendium of Materia Medica stands as an eternal beacon, illuminating the path of medical wisdom over millennia and leaving countless treasures of health preservation for future generations. Let the wisdom of ancient times light the way to wellness for modern people.With products that embody the essence of nature and millennia-old wisdom, Shou Cao Gang Mu carries forward the heritage of nourishment across time and space, allowing the nourishing power of ginseng to thrive with new vitality in the new era.","Skin Care, Immune System Booster, Cosmetics, Health Food, Hair Care","Shoucao Gangmu,Shanxiaoyou",,,,,,,,,,,
"Jilin Yatai Pharmaceutical Co., Ltd.",Chinese Mainland    |    Factory in Chinese Mainland,,Manufacturer,"Shenyi Capsule:The main ingredient is 20(R)-ginsenoside Rg3, a national Class I monomer of traditional Chinese medicine and a tumor neovascularization inhibitor. Yatai Yushi includes: Ginseng Black Sesame Pills， Deer Whip Pills and Deer Heart Pills.","OBM, OEM, ODM",http://rg3.yatai.com/,Exhibited in HKTDC Event(s) in recent years HKTDC Hong Kong International Medical and Healthcare Fair 2026,https://sourcing.hktdc.com/en/Supplier-Store/Profile/Jilin-Yatai-Pharmaceutical-Co-Ltd-/1S00PC81P,https://www.hktdc.com/event/hkmedicalfair/en/exhibitor/1S0062RTU,"was founded in 1999. As an independent innovative high-tech enterprise engaged in the research and development, production and sales of ginseng products, the company has been awarded many honors, including Jilin Provincial Science & Technology Little Giant Enterprise, Changchun City and Jilin Provincial Specialized, Sophisticated, Unique and New Small and Medium-sized Enterprise, Changchun City and Jilin Provincial Green Factory, as well as Changchun City and Jilin Provincial Enterprise Technology Center. Relying on the authentic ginseng medicinal resources of Jilin Province, the company is committed to the R&D, production and sales of innovative traditional Chinese medicines with ginseng as the main raw material., the active pharmaceutical ingredient of its flagship product shenyi Capsule, was independently developed by the company. won the Second Class Prize of the National Technological Invention Award in 2013 and the First Class Prize of Jilin Provincial Science and Technology Progress Award in 2022.","Health Supplement, Immune System Booster, Health Food, Cosmetics","Kanglang (Shenyi Capsule),Yatai Yushi",,,,,,,,,,,
"Lishizhen Pharmaceutical Group Co., Ltd.",Chinese Mainland    |    Factory in Chinese Mainland,,"Importer, Exporter","We specialize in natural plant extracts, including herbal, TCM, and botanical ingredients for health supplements, functional foods, and traditional medicine. We provide GMP-compliant OEM/ODM services with strict quality control.","OEM, ODM, OBM",www.chinabencaogangmu.com,Exhibited in HKTDC Event(s) in recent years HKTDC Hong Kong International Medical and Healthcare Fair 2026,https://sourcing.hktdc.com/en/Supplier-Store/Profile/LISHIZHEN-PHARMACEUTICAL-GROUP-CO-LTD-/1S00PBYM8,https://www.hktdc.com/event/hkmedicalfair/en/exhibitor/1S0062SNB,"Li Shizhen Pharmaceutical Group Co., Ltd. is a large-scale integrated pharmaceutical enterprise headquartered in Qichun County, Huanggang City, Hubei Province, China, the hometown of the great medical scientist Li Shizhen. Founded in 1998, the group has evolved from a time-honored pharmaceutical workshop with a history dating back to the Ming and Qing dynasties, and now operates two major production bases: the Qichun Compendium of Materia Medica Science and Technology Park in Hubei and Xiamen Dongfeng Pharmaceutical in Fujian, supported by three pharmaceutical logistics companies and a nationwide sales network. The group is a national high-tech enterprise, a leading agricultural industrialization enterprise in Hubei Province, and one of the top 10 pharmaceutical industrial enterprises in the province. Its business covers the entire traditional Chinese medicine (TCM) industrial chain, including the cultivation of authentic medicinal materials, R&D and production of proprietary Chinese medicines, TCM decoction pieces, TCM formula granules, health-care wines, and a series of Ai (Artemisiae Argyi Folium) related health products, as well as pharmaceutical wholesale, retail, cultural tourism, and training on traditional Chinese medicine therapies such as moxibustion and tuina. With a","Chinese Medicated Ointment, Healthcare Product, Health Food, Skin Care, Weight Loss Product, Biotechnology, Health Supplement, Chinese Medicated Oil, Immune System Booster, Anti-Aging Supplement",,,,,,,,,,,,
"Long-Range Pharmaceutical Co., Ltd. Guizhou",Chinese Mainland,,"Distributor, Manufacturer, Export Agent, Buying Cooperative, Private Individual, Wholesaler, Exporter, Chain Store, Retailer",Jinggushang Spray Longqing Capsules Kangfuyan Capsules Shuangdong Capsules,Others,www.gzyczy.cn,Exhibited in HKTDC Event(s) in recent years HKTDC Hong Kong International Medical and Healthcare Fair 2026,https://sourcing.hktdc.com/en/Supplier-Store/Profile/Long-Range-Pharmaceutical-Co-Ltd-Guizhou/1S00PCA5B,https://www.hktdc.com/event/hkmedicalfair/en/exhibitor/1S0062SKK,"Long-range Pharmaceuticals Co.,Ltd.Guizhou.China, founded in 1998, is a pharmaceutical enterprise integrating medicinal material cultivation, scientific research, production, and sales. It is a National High-tech Enterprise, a Guizhou Provincial Specialized, Refined, Distinctive, and Innovative Enterprise, a Guizhou Provincial Enterprise Technology Center, a designated manufacturer of national ethnic-specific commodities, an Innovative Enterprise, and a key leading enterprise in agricultural industrialization. The "" Long-range "" registered trademark is a China Well-known Trademark. After more than 20 years of development, Long-range Pharmaceuticals Ltd has established a distinctive system for product research and development, production, and sales. Through the expansion project for large-scale and intelligent pharmaceutical production lines, the company has achieved transformation and upgrading. It has built production lines for hard capsules, sprays, tablets, and granules, significantly enhancing its level of intelligence and informatization. Its product range covers obstetrics and gynecology, urology, orthopedics and traumatology, cardiovascular and cerebrovascular medicine, pediatrics, and other fields.","Chinese Medicated Oil, Chinese Medicated Ointment, Joint & Bone Support",,,,,,,,,,,,
NVENTRIC (USA),USA,,Manufacturer,Medical Device/ULTRIVA / Thrombectomy Device,OBM,www.nventric.com,Exhibited in HKTDC Event(s) in recent years HKTDC Hong Kong International Medical and Healthcare Fair 2026,https://sourcing.hktdc.com/en/Supplier-Store/Profile/NVENTRIC-USA-/1S00PB495,https://www.hktdc.com/event/hkmedicalfair/en/exhibitor/1S0061F49,"At Nventric, we are driving innovation in medical technology to transform patient care and improve lives worldwide. We specialize in advanced solutions for neurovascular, coronary, electrophysiology, peripheral and arterial applications. With deep expertise across every stage of development, Nventric turns bold ideas into real-world medical solutions. From pioneering our own devices to developing global partnerships, Nventric delivers full-cycle solutions with lasting impact. Our unique blend of innovation, experience, and global execution allow us to deliver full- cycle solutions that transform ideas into life-changing technologies.","Therapeutic Devices & Accessories, Medical and Healthcare Service","NVENTRIC (USA),NVENTRIC",,,,,,,,,,,
"Nanjing Dingshi Medical Instrument Co.,Ltd.",Chinese Mainland,,Manufacturer,EMS电脉冲手套,"OBM, OEM, ODM",,Exhibited in HKTDC Event(s) in recent years HKTDC Hong Kong International Medical and Healthcare Fair 2026,https://sourcing.hktdc.com/en/Supplier-Store/Profile/Nanjing-Dingshi-Medical-Instrument-Co-Ltd-/1S00PB9GF,https://www.hktdc.com/event/hkmedicalfair/en/exhibitor/1S0062QGY,,"Fitness & Gym Equipment, Wearable Devices/Sensors, Acupuncture Equipment, Rehabilitation Equipment, Massager, Physiotherapy Treatment, Therapeutic Devices & Accessories, Chinese Medical Equipment",Nanjing Dingshi Medical,,,,,,,,,,,
"Nantong Mevid Life Scientific Co.,Ltd.",Chinese Mainland    |    Factory in Chinese Mainland,,,MeVid、ERMA,,www.mevidchina.com,Exhibited in HKTDC Event(s) in recent years HKTDC Hong Kong International Medical and Healthcare Fair 2026,https://sourcing.hktdc.com/en/Supplier-Store/Profile/Nantong-Mevid-Life-Scientific-Co-Ltd-/1S00PBOOC,https://www.hktdc.com/event/hkmedicalfair/en/exhibitor/1S0062QHV,,Laboratory Equipment & Supplies,MeVid,,,,,,,,,,,
"Ningbo Pinmed Instruments Co., Ltd",Chinese Mainland,,"Exporter, Manufacturer",Diagnostic rehabilitation/respiratory device and oral irrigator/monitoring operating room/urology wound drainage/hypodermic injection,"ODM, OEM, OBM",,Exhibited in HKTDC Event(s) in recent years HKTDC Hong Kong International Medical and Healthcare Fair 2026,https://sourcing.hktdc.com/en/Supplier-Store/Profile/Ningbo-Pinmed-Instruments-Co-Ltd/1S00PBT4V,https://www.hktdc.com/event/hkmedicalfair/en/exhibitor/1S0062FDI,,"Electronmedical Equipment, Personal Hygiene Supplies, Surgical Instrument",,,,,,,,,,,,
Rehab Medical,Macao,,Import Agent,"At OS1st, we believe movement is freedom and comfort should never hold you back. For a decade, we have been creating purpose-built performance socks and compression bracing designed to deliver relief you can feel and comfort that keeps you moving.",Others,rehabmedicals.com,Exhibited in HKTDC Event(s) in recent years HKTDC Hong Kong International Medical and Healthcare Fair 2026,https://sourcing.hktdc.com/en/Supplier-Store/Profile/REHAB-MEDICAL/1S00P8LF6,https://www.hktdc.com/event/hkmedicalfair/en/exhibitor/1S005YZWD,,"Joint & Bone Support, Elderly Care Product, Orthopaedic Supplies, Healthcare Product, Physiotherapy Treatment, Rehabilitation Equipment, Compression Therapy",OS1st,,,,,,,,,,,
"Shandong Cheerway Group Co., Ltd.",Chinese Mainland,,Manufacturer,Manufacturers of wheelchairs and canes for the elderly.,"OBM, ODM, OEM",,Exhibited in HKTDC Event(s) in recent years HKTDC Hong Kong International Medical and Healthcare Fair 2026,https://sourcing.hktdc.com/en/Supplier-Store/Profile/Shandong-Cheerway-Group-Co-Ltd-/1S00PAKDD,https://www.hktdc.com/event/hkmedicalfair/en/exhibitor/1S0060JR8,,"Walking Sticks and Walkers, Wheelchair",,,,,,,,,,,,
Shenqi Pharmaceutical,Chinese Mainland,,"Manufacturer, Others","Shenqi Pharma: Anti-tumor: sodium cantharidate; Skin: Coral Tinea Net; Chronic: Paidu Jiangzhi, Yindan Xintai; Cough: Qiangli Pipalu, Pipakezhi; Nourishing: Jingwu, Quantianma; Miao: Jinwu Gutong; Children: Pediatric Cold Granules.",Others,www.gzsq.com/index.html,Exhibited in HKTDC Event(s) in recent years HKTDC Hong Kong International Medical and Healthcare Fair 2026,https://sourcing.hktdc.com/en/Supplier-Store/Profile/Shenqi-Pharmaceutical/1S00PCA68,https://www.hktdc.com/event/hkmedicalfair/en/exhibitor/1S0062SLH,,"Immune System Booster, Chinese Medicated Ointment",,,,,,,,,,,,
"Shenzhen Zhilai Medical Technology Co., Ltd.",Chinese Mainland,,Manufacturer,RFID、手术室行为管理解决方案,OEM,https://www.smartelocker.com/,Exhibited in HKTDC Event(s) in recent years HKTDC Hong Kong International Medical and Healthcare Fair 2026,https://sourcing.hktdc.com/en/Supplier-Store/Profile/Shenzhen-Zhilai-Medical-Technology-Co-Ltd-/1S00PBT3Y,https://www.hktdc.com/event/hkmedicalfair/en/exhibitor/1S0062FCL,,,,,,,,,,,,,,
"Sinopharm Group Tongjitang (Guizhou) Pharmaceuticals Co., Ltd",Chinese Mainland    |    Factory in Chinese Mainland,,Manufacturer,"Prepared Traditional Chinese Medicinal Materials, Formula Granules of Traditional Chinese Medicine, Chinese Patent Medicine, 4. Big health products and health foods with Rosa roxburghii as the core raw material: Such as Rosa roxburghii raw juice",OBM,www.tjtzy.com/,Exhibited in HKTDC Event(s) in recent years HKTDC Hong Kong International Medical and Healthcare Fair 2026,https://sourcing.hktdc.com/en/Supplier-Store/Profile/Sinopharm-Group-Tongjitang-Guizhou-Pharmaceuticals-Co-Ltd/1S00PC8UA,https://www.hktdc.com/event/hkmedicalfair/en/exhibitor/1S0062SJN,"Sinopharm Tongjitang (Guizhou) Pharmaceutical Co., Ltd. (hereinafter referred to as ""Sinopharm Tongjitang"") was founded in 1888, the 14th year of the Guangxu reign of the Qing Dynasty. It boasts a complete industrial chain with business covering the breeding and cultivation of traditional Chinese medicine (TCM) raw materials, production and sales of TCM decoction pieces and TCM formula granules, TCM decoction and dispensing services, R&D, production and sales of big health products and proprietary Chinese medicines, as well as the operation of TCM medical centers. Sinopharm Tongjitang is an inheritor enterprise of national intangible cultural heritage, and also the first pharmaceutical high-tech enterprise in Guizhou Province to be honored as a ""China Time-honored Brand"" by the state.","Health Food, Health Supplement, Anti-Aging Supplement, Chinese Medicated Ointment","Tongjitang Prepared TCM&TCM formula granules,Tongjitang Xianling Gubao Capsules,JINCILI Rosa roxburghii raw juice",,,,,,,,,,,
"Tiansheng Pharmaceutical Group Co., Ltd.",Chinese Mainland,,,Jinfuyang Brand Broken-wall Ganoderma Lucidum Spore Powder & Ganoderma Lucidum Extract Capsules; Jianduobang Xia Sang Ju Herbal Beverage; The Zero Cup Anti-Hangover Capsules; Changsheng Yin + Dual-Tablet,,www.tszy.com.cn,Exhibited in HKTDC Event(s) in recent years HKTDC Hong Kong International Medical and Healthcare Fair 2026,https://sourcing.hktdc.com/en/Supplier-Store/Profile/Tiansheng-Pharmaceutical-Group-Co-Ltd-/1S00PC82M,https://www.hktdc.com/event/hkmedicalfair/en/exhibitor/1S0062RYF,"Tiansheng Pharmaceutical Group Co., Ltd. is a listed pharmaceutical company (Stock Code: 002872.SZ) integrating new drug R&D, pharmaceutical production, cultivation, sales, drug distribution and medical e-commerce. In addition to a wide range of traditional Chinese medicine products, the company also engages in the R&D, production and sales of health supplements and medicinal and edible homologous products. Its products including Jinfuyang Brand Broken-wall Ganoderma Lucidum Spore Powder & Ganoderma Lucidum Extract Capsules, Jianduobang Xiasangju Herbal Drink, Dilingbei Anti-hangover Capsules, Changsheng Yin and a series of medicinal and edible homologous products benefit the general public.",,,,,,,,,,,,,
"Utech Co., Ltd.",Chinese Mainland,,,"Patient Monitor: a high-performance bedside vital sign monitoring device. Pulse oximeter: a portable, fast, non-invasive, and accurate device for measuring a person’s pulse oxygen saturation and heart rate.",,www.chinautech.com,Exhibited in HKTDC Event(s) in recent years HKTDC Hong Kong International Medical and Healthcare Fair 2026 HKTDC Hong Kong International Medical and Healthcare Fair 2025 HKTDC Hong Kong International Medical and Healthcare Fair 2024,https://sourcing.hktdc.com/en/Supplier-Store/Profile/Utech-Co-Ltd/1S00OQBOP,https://www.hktdc.com/event/hkmedicalfair/en/exhibitor/1S0062S5T,"UTECH, founded in July 2009, is a leading innovator in ICU medical technology. We research and manufacture cutting-edge medical equipment, offering comprehensive solutions including patient monitor, pulse oximeter, and ECG machines. Committed to quality and innovation. We aim to make a meaningful impact in the global healthcare industry.",,UTECH,,,,,,,,,,,
"Xiamen YiZheng ANNO Health Care Products Co.,Ltd",Chinese Mainland    |    Factory in Chinese Mainland,,Manufacturer,"Yizheng Anno, adhering to the business philosophy of being truth-seeking, honest and responsible, insisting on the principle of professionalism and high quality, and taking the road of brand management.",,www.annochina.com,Exhibited in HKTDC Event(s) in recent years HKTDC Hong Kong International Medical and Healthcare Fair 2026,https://sourcing.hktdc.com/en/Supplier-Store/Profile/Xiamen-YiZheng-ANNO-Health-Care-Products-Co-Ltd/1S00PC5SJ,https://www.hktdc.com/event/hkmedicalfair/en/exhibitor/1S0062R16,"Xiamen YiZheng ANNO Health Care Products Co., Ltd was established in Xiamen in 2000.It is dedicated to nursing products in the medical field. It independently research, produces and sells medical clothing, medical shoes and hats and other nursing products. It is China's first manufacturer of new operating room shoes.","Personal Protective Equipment, Medical Protective Clothing, Medical Consumable, Hospital Uniform",ANNO,,,,,,,,,,,
"Xiangcheng Songxin Garment Co.,Ltd",Chinese Mainland,,Manufacturer,"hospital uniform, hotel uniform, guard uniform, military uniform, school uniform, work wear etc.",OEM,,Exhibited in HKTDC Event(s) in recent years HKTDC Hong Kong International Medical and Healthcare Fair 2026,https://sourcing.hktdc.com/en/Supplier-Store/Profile/Xiangcheng-Songxin-Garment-Co-Ltd/1S00P9M1B,https://www.hktdc.com/event/hkmedicalfair/en/exhibitor/1S005Z4EQ,"Xiangcheng Songxin Garment Co., Ltd., founded in 2003, is located in the eastern Henan Province with convenient transportation. We focus on uniform, such as hospital uniform, hotel uniform, guard uniform, military uniform, school uniform, work wear etc. And specializes in garment manufacturing, processing, and exporting business. At present, we have 50 production lines totally with an area of 19,898 square meters and more than 1000 sets of specialized equipment. We can produce 20 million pieces of clothes, and the annual total output value has reached 300 million dollars. And we can design and make OEM products in accordance with ideas and samples by customers.","Medical Mask, Medical Protective Clothing",,,,,,,,,,,,
"Zhejiang Zhuoyi Industrial & Trading Co.,Ltd",Chinese Mainland    |    Factory in Chinese Mainland,,"Manufacturer, Wholesaler",Manufacturing disposable medical latex surgical gloves and examination gloves.,"OEM, ODM",,Exhibited in HKTDC Event(s) in recent years HKTDC Hong Kong International Medical and Healthcare Fair 2026,https://sourcing.hktdc.com/en/Supplier-Store/Profile/Zhejiang-Zhuoyi-Industrial-Trading-Co-Ltd/1S00PBB0P,https://www.hktdc.com/event/hkmedicalfair/en/exhibitor/1S0061N7S,"Products and Applications Medical Field: Used in hospital operating rooms, medical services, and pharmaceutical production to effectively prevent cross-infection.","Wound Care & Dressing, Surgical Instrument, Therapeutic Devices & Accessories, Medical Gloves, Elderly Care Product, Medical Consumable, Medical Protective Clothing, Personal Hygiene Supplies, Dental Supplies, Personal Protective Equipment",Zhuoyi Glove,,,,,,,,,,,
"Zunyi Liao Yuan He Tang Pharmaceutical Co., Ltd",Chinese Mainland,,,,,www.zylyht.com,Exhibited in HKTDC Event(s) in recent years HKTDC Hong Kong International Medical and Healthcare Fair 2026,https://sourcing.hktdc.com/en/Supplier-Store/Profile/Zunyi-Liao-Yuan-He-Tang-Pharmaceutical-Co-Ltd/1S00PC26G,https://www.hktdc.com/event/hkmedicalfair/en/exhibitor/1S0062SD5,"Founded in 1710, Liao Yuan He Tang is rooted in Guizhou, a region rich in traditional Chinese medicinal resources. It is one of only two pharmaceutical companies in Guizhou to hold companies in Guizhou to hold both the titles of China Time-honored Brand and National Intangible Cultural Heritage. With 316 years of heritage, its core product Huafeng Dan was once a royal tribute medicine, while its patented Shengjing Capsule has served millions of patients in the 23 years since its launch. The company has built an 81,000 ㎡ intelligent industrial park. It obtained the first GMP certification in Zunyi in 2004, holds more than 21 patents, and received the Guizhou Provincial Science and Technology Progress Award in 2025.","Healthcare Product, Health Supplement, Hair Care","Shengjing Capsules,Huafeng Pills,Platycladi Leaf & Ginseng Hair Nourishing Soap",,,,,,,,,,,
Vocal Engineering Technologies Limited,Hong Kong,,,Tailored speech reconstruction that brings your speech back to clarity,,https://www.vocal-engineering.com/,Exhibited in HKTDC Event(s) in recent years HKTDC Hong Kong International Medical and Healthcare Fair 2026 Home InStyle 2026,https://sourcing.hktdc.com/en/Supplier-Store/Profile/Vocal-Engineering-Technologies-Limited/1S00PBSQ2,https://www.hktdc.com/event/hkmedicalfair/en/exhibitor/1S0062Q5V,"TalkRehab leverages AI technology to provide professional, real‑time speech therapy feedback. It helps speech therapists track patient progress and supports remote assessment and review. Acting as a dedicated AI assistant, TalkRehab enhances the precision and effectiveness of your speech therapy services",,"TalkClear,TalkRehab",,,,,,,,,,,
Dresio Limited,Hong Kong,,,"Accudex measures 3D human movement with unparalleled precision using only a 2D camera. It provides real-time biomechanics analysis to enable the evaluation of balance, gait, range-of-motion, and motor function.",,https://www.dresio.io/,Exhibited in HKTDC Event(s) in recent years HKTDC Hong Kong International Medical and Healthcare Fair 2026 Innoex 2026 HKTDC Hong Kong International Medical and Healthcare Fair 2025 HKTDC Hong Kong International Medical and Healthcare Fair 2024 HKTDC Hong Kong International Medical and Healthcare Fair 2023 InnoEX 2023,https://sourcing.hktdc.com/en/Supplier-Store/Profile/DRESIO-Limited/1S00OBASE,https://www.hktdc.com/event/hkmedicalfair/en/exhibitor/1S0062PXK,"Accudex Movement Analysis System AI-powered platform analyzing posture, balance, gait, and range-of-motion in real-time using any standard camera—no specialized equipment required. Built on patented technology from Nokia and trained on 70,000+ peer-reviewed medical records for clinical-grade accuracy. Serving healthcare providers, insurers, elderly care facilities, and corporate wellness programs with scalable MSK assessment solutions.",,"Accudex Movement Analysis System,One Stop A.I. Physical Assessment & Rehabilitation",,,,,,,,,,,
Medmind Technology Limited,Hong Kong,,,"NeuroGym Through joyful play,safeguard memory and cognitive health, empowering seniors to live independently and with dignity.PhysioPlay Through joyful interactive e-sports,build strength and prevent falls, empowering seniors to live with confidence.",,https://www.medmindtechnology.hk/,"Exhibited in HKTDC Event(s) in recent years HKTDC Hong Kong International Medical and Healthcare Fair 2026 Innoex 2026 HKTDC Hong Kong International Medical and Healthcare Fair 2025 Hong Kong Pavilion at Mobile World Congress, Barcelona, Spain, March 2025 HKTDC Hong Kong International Medical and Healthcare Fair 2024 HKTDC International ICT Expo 2022",https://sourcing.hktdc.com/en/Supplier-Store/Profile/Medmind-Technology-Limited/1X0BADKD,https://www.hktdc.com/event/hkmedicalfair/en/exhibitor/1S0062QAG,,,NeuroGym,,,,,,,,,,,
RHT Industries Limited,Hong Kong,,,"The device eliminates harmful pollutants like VOCs, formaldehyde, and airborne pathogens, ensuring a clean and odor-free environment critical for patient care and staff comfort.",,www.rhtind.com.hk,"Exhibited in HKTDC Event(s) in recent years HKTDC Hong Kong International Medical and Healthcare Fair 2026 Eco Expo Asia 2025 HKTDC Hong Kong International Medical and Healthcare Fair 2025 Eco Expo Asia 2023 SmartHK 2023, Guangzhou Eco Expo Asia 2022 HKTDC Hong Kong International Building and Hardware Fair 2015",https://sourcing.hktdc.com/en/Supplier-Store/Profile/RHT-Industries-Limited/1X06UIJZ,https://www.hktdc.com/event/hkmedicalfair/en/exhibitor/1S0062Q24,"NCCO Air Treatment Solution for improvement of IAQ at workspace Breathe to Believe RHT Air Treatment Solutions utilize advanced NCCO (Nano Confined Catalytic Oxidation) technology to effectively decompose harmful airborne pollutants, including formaldehyde, volatile organic compounds (VOCs), odors, bacteria, and viruses. Unlike conventional filtration systems, NCCO breaks down pollutants into water molecules and carbon dioxide, eliminating secondary pollution and reducing the need for frequent filter replacement. Designed for high performance and reliability, RHT systems are ideal for offices, schools, healthcare facilities, and various commercial environments, delivering a comprehensive improvement in indoor air quality (IAQ).",,"The NCCO solution,Indoor Odour Removal System",,,,,,,,,,,
Booguu Company Limited,Hong Kong,,,"Fall Risk Management AI based award winning and patented body multifactorial Fall Risk Management technology now equips standard tests -TUG, SPPB, 4-Stage balance, with deep invisible insights.",,www.booguu.bio,"Exhibited in HKTDC Event(s) in recent years HKTDC Hong Kong International Medical and Healthcare Fair 2026 HKTDC Hong Kong International Medical and Healthcare Fair 2024 HKTDC Hong Kong International Medical and Healthcare Fair 2023 Entrepreneur Day 2022, Hong Kong HKTDC Hong Kong International Medical and Healthcare Fair 2022 HKTDC International ICT Expo 2021",N/A,https://www.hktdc.com/event/hkmedicalfair/en/exhibitor/1S0062Q6S,"Aspire Motion Connect-Remote Therapeutics Monitoring, body balance rehab training to improve therapy outcome and reduce risk of falls.",,"Aspire Motion Pro,Fall Risk Management",,,,,,,,,,,
Applied Technology Group Limited,Hong Kong,,,One stop healthcare and mental wellness hub for AI powered relaxation and health screening services,,www.atg.ai,"Exhibited in HKTDC Event(s) in recent years HKTDC Hong Kong International Medical and Healthcare Fair 2026 HKTDC Hong Kong International Medical and Healthcare Fair 2025 Global Pavilion at CES, Las Vegas HKTDC Hong Kong International Medical and Healthcare Fair 2023 Asia Summit on Global Health 2022 Asia Summit on Global Health",N/A,https://www.hktdc.com/event/hkmedicalfair/en/exhibitor/1S0062QMG,,,EneHub,,,,,,,,,,,
Belun Technology Company Limited,Hong Kong,,,Belun Sleep Platform is the only AI-enabled medical-grade system for sleep apnea testing and digital sleep diary. Clinically validated in accredited sleep labs to provide accurate AHI and sleep stages.,,www.beluntech.com,Exhibited in HKTDC Event(s) in recent years HKTDC Hong Kong International Medical and Healthcare Fair 2026 HKTDC Hong Kong International Medical and Healthcare Fair 2025 HKTDC Hong Kong International Medical and Healthcare Fair 2024 HKTDC Hong Kong International Medical and Healthcare Fair 2023 InnoEX 2023 HKTDC Hong Kong International Medical and Healthcare Fair 2019 HKTDC Hong Kong International Medical Devices and Supplies Fair 2018 HKTDC International ICT Expo 2018,N/A,https://www.hktdc.com/event/hkmedicalfair/en/exhibitor/1S0062PVQ,"Belun is a data technology company with Preventive Healthcare Solutions powered by billions of health fingerprints and proprietary AI algorithms. We develop medical-grade wearables & solutions for remote patient monitoring, screening of sleep health (sleep apnea risk), evaluating treatment effectiveness for chronic disease patients & predicting health risks.",,Belun® Home Sleep Apnea Testing System,,,,,,,,,,,
Bone's Technology Limited,Hong Kong,,,"Enables retrospective analysis with any CT scan, including low-dose CT, without the need for a phantom. Advanced Fat Analysis: Measures fat area and volume within the body, with separate assessments for muscle and visceral fat.",,https://www.bonestech.com/index.html,Exhibited in HKTDC Event(s) in recent years HKTDC Hong Kong International Medical and Healthcare Fair 2026 HKTDC Hong Kong International Medical and Healthcare Fair 2025 HKTDC Hong Kong International Medical and Healthcare Fair 2024 HKTDC Hong Kong International Medical and Healthcare Fair 2023,N/A,https://www.hktdc.com/event/hkmedicalfair/en/exhibitor/1S0062PWN,Bone's QCT Enhance the Flexibility of Bone Screening.,,"Bone mineral density detection system QCT,Bone's QCT",,,,,,,,,,,
Codex Genetics Limited,Hong Kong,,,End-to-End Alzheimer's Screening Solution,,www.codexgenetics.com,Exhibited in HKTDC Event(s) in recent years HKTDC Hong Kong International Medical and Healthcare Fair 2026 HKTDC Hong Kong International Medical and Healthcare Fair 2025 HKTDC Hong Kong International Medical and Healthcare Fair 2024 Asia Summit on Global Health HKTDC International ICT Expo 2015,N/A,https://www.hktdc.com/event/hkmedicalfair/en/exhibitor/1S0062Q7P,"CoGenesis AD Screening Tests provide a comprehensive biomarker‑based approach to early detection and risk assessment of Alzheimer’s disease. The panel includes p‑tau217, amyloid‑beta 42/40 ratio, neurofilament light chain (NfL), and other AD‑related protein biomarkers. Genetic components such as APOE genotyping and hereditary AD mutation screening further enhance diagnostic accuracy. Designed for clinicians, specialists, and health screening programs, the solution enables earlier identification, stratification, and monitoring of individuals at risk of cognitive decline. CoGenesis Whole Genome Sequencing (WGS) provides a comprehensive, high‑resolution analysis of an individual’s entire genetic makeup. The service covers pathogenic variant detection, pharmacogenomics profiling, carrier screening, cancer‑related gene analysis, and actionable insights for disease risk prediction. Powered by clinical‑grade sequencing, secure data handling, and expert interpretation, WGS enables clinicians to deliver personalized preventive care, early detection strategies, and precision treatment planning. Designed for hospitals, specialty clinics, and health screening programs, the solution supports long‑term genomic health management.",,"CoGenesis AD Screening Tests,CoGenesis Whole Genome Sequencing (WGS)",,,,,,,,,,,
HKG Epitherapeutics Limited,Hong Kong,,,,,https://epimedtech.com/,Exhibited in HKTDC Event(s) in recent years HKTDC Hong Kong International Medical and Healthcare Fair 2026 HKTDC Hong Kong International Medical and Healthcare Fair 2022 HKTDC Simply Shopping Fest 2022 HKTDC Hong Kong International Medical and Healthcare Fair 2021 HKTDC International Sourcing Show 2021,N/A,https://www.hktdc.com/event/hkmedicalfair/en/exhibitor/1S0062QOA,,,,,,,,,,,,,,
Sharpsight Limited,Hong Kong,,,"masquer® is an AI-powered embodied intelligence rehabilitation system for patients with facial,neck and limb motor impairments. It integrates multimodal sensing,intention decoding and real-time feedback to deliver personalized, active rehabation.",,https://sharpsight.hk/,Exhibited in HKTDC Event(s) in recent years HKTDC Hong Kong International Medical and Healthcare Fair 2026 HKTDC Hong Kong International Medical and Healthcare Fair 2025 Asia Summit on Global Health 2025 HKTDC Hong Kong International Medical and Healthcare Fair 2024 HKTDC Hong Kong International Medical and Healthcare Fair 2023,N/A,https://www.hktdc.com/event/hkmedicalfair/en/exhibitor/1S0062QCA,"World’s first AI-driven multimodal rehabilitation system with visual, auditory, and neurostimulation technologies. Reconnecting Minds, Rebuilding Lives.",,masquer® - Multimodal Intelligent Rehabilitation S,,,,,,,,,,,
Sramek Insight Limited,Hong Kong,,,Cardiax Home is a wearable smart cardiovascular analyzer that delivers continuous hemodynamic data and alerts cardiovascular risk in real time.,,www.sramekinsight.com,"Exhibited in HKTDC Event(s) in recent years HKTDC Hong Kong International Medical and Healthcare Fair 2026 HKTDC Hong Kong Watch & Clock Fair 2025 Salon de TIME 2025 HKTDC Hong Kong International Medical and Healthcare Fair 2025 HKTDC Hong Kong Watch & Clock Fair 2024 HKTDC Hong Kong International Medical and Healthcare Fair 2024 Entrepreneur Day 2023, Hong Kong HKTDC Hong Kong International Medical and Healthcare Fair 2023",N/A,https://www.hktdc.com/event/hkmedicalfair/en/exhibitor/1S0062Q31,"Sramek Insight focuses on the research and development of non-invasive cardiovascular measurement by hemodynamics with our patented home use medical devices: Cardiax Home and Cardiax Skin. Sramek Insight has the vision to bring ICU-graded hemodynamic technologies to the public, and alert awareness on treating cardiovascular issues with a non-drug approach.",,Cardiax Home - Noninvasive Cardiovascular Screenin,,,,,,,,,,,
Asia Pacific Hydrotherapy Rehabilitation Research Center Limited,Hong Kong,,,"Mobile app and fleet management system are available with a friendly control function. Focusing on buoyancy-assisted weight relief and resistance training, we offer safe, mild rehabilitation solutions for individuals with mobility dysfunctions.",,www.jc-rehab.com,Exhibited in HKTDC Event(s) in recent years HKTDC Hong Kong International Medical and Healthcare Fair 2026,N/A,https://www.hktdc.com/event/hkmedicalfair/en/exhibitor/1S0062QLJ,"Hydrotherapy Rehab, Reclaim Your Mobility.",,Water Rehabilitation Products,,,,,,,,,,,
BNET-TECH Company Limited,Hong Kong,,,"AI fall detection technology, applicable to toilets, is designed to detect fall or abnormal events and promptly issue an alarm once detected.",,https://www.bnet-tech.com/,Exhibited in HKTDC Event(s) in recent years HKTDC Hong Kong International Medical and Healthcare Fair 2026 HKTDC Hong Kong International Medical and Healthcare Fair 2025 Home InStyle 2025 HKTDC Hong Kong International Medical and Healthcare Fair 2024 HKTDC Lifestyle ShoppingFest 2021 SmartBiz Expo 2019 HKTDC Hong Kong International Medical and Healthcare Fair 2019 HKTDC International ICT Expo 2019 Show More,N/A,https://www.hktdc.com/event/hkmedicalfair/en/exhibitor/1S0062QJP,,,Fadelisy - AI Fall Detection and Prevention System,,,,,,,,,,,
Endovision Limited,Hong Kong,,,AI in upper-GI Endoscopy Cerebro is an AI driven class-2a SaMD ( software as Medical Device ) that helps to reduce blind spots in upper-GI endoscopy by tracking observed anatomical landmarks in real-time,,,Exhibited in HKTDC Event(s) in recent years HKTDC Hong Kong International Medical and Healthcare Fair 2026,N/A,https://www.hktdc.com/event/hkmedicalfair/en/exhibitor/1S0062Q8M,,,Cerebro,,,,,,,,,,,
Eyebright Medical Technology (Hong Kong) Limited,Hong Kong,,,"Eyebright Medical's balanced product portfolio spans three major areas of the ophthalmic field: cataract surgery, myopia management, and consumer vision care.",,www.ebmedical.com,Exhibited in HKTDC Event(s) in recent years HKTDC Hong Kong International Medical and Healthcare Fair 2026 HKTDC Hong Kong International Medical and Healthcare Fair 2025,N/A,https://www.hktdc.com/event/hkmedicalfair/en/exhibitor/1S0062PYH,,,"The Loong Crystal TM PR Phakic Intraocular Lens,澜柏EOTD高光定位系列,BLUE BUBBLE润目蓝泡泡系列透明隐形眼镜",,,,,,,,,,,
HaploX Investment Holding (Hong Kong) Limited,Hong Kong,,,Full Cycle Cancer Management Comprehensive tumor genetic testing services to guide targeted therapy and immunotherapy. Advanced NGS platform with high accuracy and rapid turnaround time. Supporting clinical research and precision medicine application,,https://www.haplox.com/,Exhibited in HKTDC Event(s) in recent years HKTDC Hong Kong International Medical and Healthcare Fair 2026,N/A,https://www.hktdc.com/event/hkmedicalfair/en/exhibitor/1S0062Q9J,,,Tumor Genetic Testing,,,,,,,,,,,
Hong Kong Baptist University,Hong Kong    |    Factory in Hong Kong,,Others,"Jelumiere is an anti-aging biotech skincare brand offering NAD repair serums and masks, with advanced photoprotection solutions designed for skin longevity, recovery, and protection against light-induced aging.","ODM, OEM",kto.hkbu.edu.hk,"Exhibited in HKTDC Event(s) in recent years HKTDC Hong Kong International Medical and Healthcare Fair 2026 Innoex 2026 HKTDC Hong Kong International Medical and Healthcare Fair 2025 Hong Kong International Film & TV Market (FILMART), Hong Kong 2025 Business of Intellectual Property Asia Forum (BIP Asia), HK HKTDC Hong Kong Electronics Fair 2024 (Autumn Edition) HKTDC Hong Kong International Medical and Healthcare Fair 2024 InnoEX 2024 Show More",https://sourcing.hktdc.com/en/Supplier-Store/Profile/Hong-Kong-Baptist-University/1X08UWGW,https://www.hktdc.com/event/hkmedicalfair/en/exhibitor/1S0060LJU,"Jelumiere Biotech Limited is a science-driven biotechnology company focused on anti-ageing, photoprotection and post-procedure recovery skincare. At the intersection of biomedical research and clinical aesthetics, Jelumiere develops proprietary ingredient platforms and premium formulations for medical aesthetic markets. Our innovation spans prevention and repair. Jelumiere’s patented UVpi platform addresses photoageing beyond conventional UV protection by targeting visible light–induced skin damage, while our NAD+ Renewal line supports cellular repair and long-term skin vitality following environmental stress and treatments. With a strong emphasis on safety and non-penetrating chemistry, Jelumiere translates research into elegant, high-performance products. Our portfolio includes NAD+ Renewal Serum, NAD Vitality Mask and NAD+ Whitening Repair Mask. Glow Sunscreen, powered by our proprietary photoprotection technology, will be introduced as the next phase of our platform. Jelumiere is an award-winning company, recognised at international invention exhibitions and supported by HKBU, the HKSTP Incubation Programme and Deep-Tech Lab. Our mission is to redefine anti-ageing skincare through clinically grounded science and measurable skin health outcomes.","Anti-Aging Supplement, Skin Care",Jelumiere Biotech Limited,,,,,,,,,,,
Hong Kong Metavision Health Tech Limited,Hong Kong,,,"Instrument uses optical principles to enable children to view enlarged and distant images with high clarity, which helps prevent Nearwork Induced Transient Myopia(NITM)",,https://svision100.com,Exhibited in HKTDC Event(s) in recent years HKTDC Hong Kong International Medical and Healthcare Fair 2026,N/A,https://www.hktdc.com/event/hkmedicalfair/en/exhibitor/1S0062Q17,A VISION OUT OF THE BOX,,vision training instrument（RIO-D1）,,,,,,,,,,,
Hong Kong Metropolitan University,Hong Kong,,Others,Education / research,Others,https://www.hkmu.edu.hk/nhs/,"Exhibited in HKTDC Event(s) in recent years HKTDC Hong Kong International Medical and Healthcare Fair 2026 HKTDC Education & Careers Expo 2026 Entrepreneur Day 2025, Hong Kong HKTDC Hong Kong Electronics Fair 2025 (Autumn Edition) HKTDC Hong Kong International Medical and Healthcare Fair 2025 HKTDC Education & Careers Expo 2025 Business of Intellectual Property Asia Forum (BIP Asia), HK HKTDC Education & Careers Expo 2024 Show More",https://sourcing.hktdc.com/en/Supplier-Store/Profile/The-Open-University-of-Hong-Kong/1X09GQFF,https://www.hktdc.com/event/hkmedicalfair/en/exhibitor/1S0060LIX,,"Elderly Care Product, Physiotherapy Treatment",,,,,,,,,,,,
Hong Kong Rising Biotechnology Co Limited,Hong Kong,,,"""1. All-age Wet Rash Emergency Control and Stabilization Kit 2. Moisturizing and hydrating, specially designed for stabilizing skin""",,https://biotech-rising.com/zh-CN,Exhibited in HKTDC Event(s) in recent years HKTDC Hong Kong International Medical and Healthcare Fair 2026,N/A,https://www.hktdc.com/event/hkmedicalfair/en/exhibitor/1S0062QKM,,,"DermaBalan® Staphyrase® Soothing Repair Gel,DermaBalan Multi-Effect Soothing Special Care Crea",,,,,,,,,,,
Innoneuro Limited,Hong Kong,,,"Neuroscience Imaging Solution: a cutting-edge EEG recording system meticulously engineered to provide researchers with exceptional data quality, unparalleled flexibility, and an intuitive user experience.",,https://innoneuro.com/,Exhibited in HKTDC Event(s) in recent years HKTDC Hong Kong International Medical and Healthcare Fair 2026,N/A,https://www.hktdc.com/event/hkmedicalfair/en/exhibitor/1S0062QND,,,NEUAMP 32 Amplifier and Accessories,,,,,,,,,,,
Lingnan University,Hong Kong,,Others,humanitarian technology innovative product development,Others,,"Exhibited in HKTDC Event(s) in recent years HKTDC Hong Kong International Medical and Healthcare Fair 2026 HKTDC Hong Kong Electronics Fair (Spring Edition) 2026 Innoex 2026 Entrepreneur Day 2025, Hong Kong Eco Expo Asia 2025 HKTDC Hong Kong Electronics Fair 2025 (Autumn Edition) HKTDC Hong Kong International Medical and Healthcare Fair 2025 HKTDC Hong Kong Electronics Fair (Spring Edition) 2025 Show More",https://sourcing.hktdc.com/en/Supplier-Store/Profile/Lingnan-University/1X03BRDE,https://www.hktdc.com/event/hkmedicalfair/en/exhibitor/1S0061H3A,,"Medical Mask, Patient Monitoring System, Air Purifier",,,,,,,,,,,,
Mirror Caring Limited,Hong Kong,,,,,www.transparentknee.com,Exhibited in HKTDC Event(s) in recent years HKTDC Hong Kong International Medical and Healthcare Fair 2026,N/A,https://www.hktdc.com/event/hkmedicalfair/en/exhibitor/1S0062QP7,,,,,,,,,,,,,,
Oncoimmunostics Limited,Hong Kong,,,"With personalized pathologically bionic features, effecively identify optimal treatment < 3 weeks Restore patient’s tumor characteristics and Provide prioritized and personalized drug screening results",,,Exhibited in HKTDC Event(s) in recent years HKTDC Hong Kong International Medical and Healthcare Fair 2026,N/A,https://www.hktdc.com/event/hkmedicalfair/en/exhibitor/1S0062QBD,,,Liver-in-Cube: Novel Precise Theranostics for Live,,,,,,,,,,,
Syngular Technology Limited,Hong Kong,,,,,syngular.com.hk,"Exhibited in HKTDC Event(s) in recent years HKTDC Hong Kong International Medical and Healthcare Fair 2026 Hong Kong Pavilion at Mobile World Congress, Barcelona, Spain, March 2025 HKTDC Hong Kong International Medical and Healthcare Fair 2024 InnoEX 2024 GBA Mission 2024 Entrepreneur Day 2023, Hong Kong Asia Summit on Global Health 2023 HKTDC Hong Kong International Medical and Healthcare Fair 2023 Show More",N/A,https://www.hktdc.com/event/hkmedicalfair/en/exhibitor/1S0062QQ4,,,,,,,,,,,,,,
The Chinese University of Hong Kong,Hong Kong,,Others,Medical and Healthcare Devices Inventions by project teams lead by CUHK Professors from different faculties including but not limited to Faculty of Medicine and Faculty of Engineering.,"OBM, OEM, ODM",https://www.cuhk.edu.hk/,"Exhibited in HKTDC Event(s) in recent years Asia Summit on Global Health 2026 HKTDC Hong Kong International Medical and Healthcare Fair 2026 Innoex 2026 Eco Expo Asia 2025 HKTDC Food Expo PRO 2025 HKTDC Hong Kong International Medical and Healthcare Fair 2025 Asia Summit on Global Health 2025 Business of Intellectual Property Asia Forum (BIP Asia), HK Show More",https://sourcing.hktdc.com/en/Supplier-Store/Profile/The-Chinese-University-of-Hong-Kong/1X00PDP8,https://www.hktdc.com/event/hkmedicalfair/en/exhibitor/1S0060LKR,"Founded in 1963, The Chinese University of Hong Kong (CUHK) is a forward-looking comprehensive research university with a global vision and a mission to combine tradition with modernity, and to bring together China and the West. CUHK teachers and students hail from all around the world. CUHK undertakes a wide range of research programmes in many subject areas, and strives to provide scope for all academic staff to undertake consultancy and collaborative projects with industry. The University's insistence on the highest standards of research has won it an enviable research reputation. Hong Kong's University Grants Committee (UGC) provides preferential grant funding to the local tertiary institutions to conduct research into 28 selected Areas of Excellence (AoEs). Eleven of these AoEs are being led by researchers from CUHK. The University houses five state key laboratories which are entrusted by the Ministry of Science and Technology of China to produce research of international quality and carry out important national research tasks. The University also has an excellent record of published research, both in discipline-specific journals and in more high-profile publications such as Science, Nature, and The Lancet.","Health Supplement, Chinese Medicated Ointment",,,,,,,,,,,,
Thecon Technology (HK) Limited,Hong Kong,,,"Care Without Borders, Recovery Anywhere",,https://www.thecontechnology.com/,"Exhibited in HKTDC Event(s) in recent years HKTDC Hong Kong International Medical and Healthcare Fair 2026 HKTDC Hong Kong International Medical and Healthcare Fair 2024 Entrepreneur Day 2023, Hong Kong HKTDC Hong Kong International Medical and Healthcare Fair 2023",N/A,https://www.hktdc.com/event/hkmedicalfair/en/exhibitor/1S0062Q4Y,"Mobilexo Arm: Lightweight, multimodal upper limb rehabilitation system combining EMG detection, NMES, and soft robotics. Enables active/passive training with remote supervision—scalable from hospital to home. Help providers expand treatment capacity, extend care beyond the clinic, and deliver effective motor function outcomes. Clinically validated and NMPA Class II certified. Wearable ankle‑foot rehabilitation robot for gait recovery. Integrates soft robotics, NMES, and balance feedback with app‑based remote management—effective for foot drop, foot inversion and balance deficits—scalable from hospital to home. CES 2025 Innovation Awards Honouree.",,"Mobilexo Arm,Mobilexo Ankle-foot",,,,,,,,,,,
iASPEC Services Limited,Hong Kong,,,doctorgram bridges the gap between patients and providers with a medical-grade telemonitoring ecosystem that works in offline and underserved environments.,,www.iaspec.com,Exhibited in HKTDC Event(s) in recent years HKTDC Hong Kong International Medical and Healthcare Fair 2026 HKTDC Hong Kong International Medical and Healthcare Fair 2023 HKTDC Hong Kong International Medical and Healthcare Fair 2019 HKTDC International ICT Expo 2018,N/A,https://www.hktdc.com/event/hkmedicalfair/en/exhibitor/1S0062PZE,"The Right Care, Anywhere doctorgram’s Healthy Aging Screening delivers a medical-grade baseline analysis to detect early biomarkers of decline—bridging the gap between visits with continuous care that extends healthspan.",,Telemedicine / doctorgram,,,,,,,,,,,
iBone Healthcare Limited,Hong Kong,,,"Beyond Metal, Driven by Intelligence PEEK polymeric implants and AI-driven smart braces providing a closed-loop digital solution for lifelong bone health management.",,www.ibonehealth.com,Exhibited in HKTDC Event(s) in recent years HKTDC Hong Kong International Medical and Healthcare Fair 2026,N/A,https://www.hktdc.com/event/hkmedicalfair/en/exhibitor/1S0062Q0A,The World's First All-Polymer Joint and AI-Empowered Knee Brace System,,The World's First All-Polymer Joint and AI-Empower,,,,,,,,,,,
City University of Hong Kong - HK Tech 300,Hong Kong,,Professional Association,To showcase the HK Tech 300 start-ups,Others,www.cityu.edu.hk/hktech300/,Exhibited in HKTDC Event(s) in recent years HKTDC Hong Kong International Medical and Healthcare Fair 2026 Asia Summit on Global Health 2025 HKTDC Hong Kong International Medical and Healthcare Fair 2023 HKTDC Hong Kong International Medical and Healthcare Fair 2022,N/A,https://www.hktdc.com/event/hkmedicalfair/en/exhibitor/1S00618YY,,Biotechnology,,,,,,,,,,,,
Hong Kong Medtech Association Limited,Hong Kong,,Professional Association,"Founded in 2003, the Hong Kong MedTech Association (HKMTA) is a professional organization dedicated to representing the MedTech industry in Hong Kong.",Others,https://www.hkmedtech.org/,Exhibited in HKTDC Event(s) in recent years HKTDC Hong Kong International Medical and Healthcare Fair 2026 HKTDC Hong Kong International Medical and Healthcare Fair 2025 HKTDC Hong Kong International Medical and Healthcare Fair 2024 HKTDC Hong Kong International Medical and Healthcare Fair 2023 HKTDC Hong Kong International Medical and Healthcare Fair 2022 HKTDC Hong Kong International Medical and Healthcare Fair 2021 HKTDC Hong Kong International Medical and Healthcare Fair 2019 HKTDC Hong Kong International Medical Devices and Supplies Fair 2018 Show More,N/A,https://www.hktdc.com/event/hkmedicalfair/en/exhibitor/1S005YR5U,"Founded in 2003, the Hong Kong MedTech Association (HKMTA) is a professional organization dedicated to representing the MedTech industry in Hong Kong.",,,,,,,,,,,,,
"Hong Kong University of Science & Technology, Entrepreneurship Center",Hong Kong,,"Others, Government","The HKUST Entrepreneurship Center was established in 1999, making it the first of its kind in Hong Kong's universities. At our core, we have world-leading research and a commitment to becoming a global leader in entrepreneurship.",Others,ec.hkust.edu.hk,Exhibited in HKTDC Event(s) in recent years HKTDC Hong Kong International Medical and Healthcare Fair 2026 HKTDC Hong Kong International Medical and Healthcare Fair 2025 HKTDC Hong Kong Electronics Fair 2024 (Autumn Edition) HKTDC Hong Kong International Medical and Healthcare Fair 2024 HKTDC Entrepreneur Day 2018,N/A,https://www.hktdc.com/event/hkmedicalfair/en/exhibitor/1S0061C80,,AI-Powered Radiology Imaging Solution,PanopticAI Limited,,,,,,,,,,,
Sambo Group Technology Limited,Hong Kong    |    Factory in Hong Kong,,Others,CityAir+ Ultra Purification achieves air purification through the synergistic effect of a patented UVC optical cavity enhancer and self-cleaning photocatalytic technology.,"OBM, OEM, ODM",www.sambo-technology.com,Exhibited in HKTDC Event(s) in recent years HKTDC Hong Kong International Medical and Healthcare Fair 2026 Eco Expo Asia 2021 SmartBiz Expo 2020 SmartBiz Expo 2019,N/A,https://www.hktdc.com/event/hkmedicalfair/en/exhibitor/1S0061KLP,"Sambo Group Technology Ltd was incorporated in Hong Kong as a startup company since Jul 2016. The goal was to develop green technology in leveraging living health quality and preserving environment, i.e. functional agent/solution including but not limited to anti-bacterial, self-cleaning, disintegrate formaldehyde, disintegrate nitrogen oxide, disintegrate VOCs, disintegrate organic stain, deodorize, mould-proofing and repel bugs functions.",Sterilization,Light Fresh,,,,,,,,,,,
The Education University of Hong Kong,Hong Kong,,Others,The University actively contributes to education and intellectual properties (IPs) development through its applied research and knowledge transfer (KT) as services to the community and the profession.,"OBM, ODM",http://www.eduhk.hk/KnowledgeTransfer/,"Exhibited in HKTDC Event(s) in recent years HKTDC Hong Kong International Medical and Healthcare Fair 2026 InnoEX 2024 Entrepreneur Day 2023, Hong Kong Entrepreneur Day 2022, Hong Kong HKTDC Hong Kong International Medical and Healthcare Fair 2022 SmartBiz Expo 2020 Entrepreneur Day 2020, Hong Kong HKTDC Entrepreneur Day 2019",N/A,https://www.hktdc.com/event/hkmedicalfair/en/exhibitor/1S00611TK,,"Dental Equipment, Healthcare Product, Cosmetics, 3D Printing",,,,,,,,,,,,
Cyberhealth Limited,Hong Kong    |    Factory in Hong Kong,,Charity / Welfare Organisation,"We provide digital transformation for healthcare sectors connecting to the Health Bureau eHealth system to download patent data to platforms for Residential Care Homes, Community Pharmacies, Distance Caring and Medical Clinics in Hong Kong.",OEM,drugcare.net,Exhibited in HKTDC Event(s) in recent years HKTDC Hong Kong International Medical and Healthcare Fair 2026,N/A,https://www.hktdc.com/event/hkmedicalfair/en/exhibitor/1S0062RF0,We are the R & D arm of Social Enterprise Limited who provide digital solutions to care homes and community pharmacies for connecting to eHealth. We are manufacturers of air disinfection machines.,"Medication Management Solution, Remote Patient Monitoring Solution, Patient Monitoring System, Mobile Health Apps for Mental Health, Sterilization, Smart Healthcare Platform & Solution, Electronic Health Records System",,,,,,,,,,,,
Department of Health,Hong Kong,,Government,The Medical Device Division (MDD) of the Department of Health (DH) is responsible for implementing the Medical Device Administrative Control System (MDACS) and developing a long-term statutory regulatory framework for medical devices.,Others,mdd.gov.hk,Exhibited in HKTDC Event(s) in recent years HKTDC Hong Kong International Medical and Healthcare Fair 2026,N/A,https://www.hktdc.com/event/hkmedicalfair/en/exhibitor/1S0062SSW,,,,,,,,,,,,,,
E-Vity Limited,Hong Kong,,Manufacturer,"The CityAir Purifier system revolutionizes air purification with three patented technologies. Its UVC optical cavity enhancer optimizes ultraviolet light output, rapidly neutralizing pathogens with exceptional sterilization efficiency and minimal ene",OBM,https://e-vity.com/,Exhibited in HKTDC Event(s) in recent years HKTDC Hong Kong International Medical and Healthcare Fair 2026,N/A,https://www.hktdc.com/event/hkmedicalfair/en/exhibitor/1S0061CAU,"EVITY Limited is a Hong Kong technology startup specializing in the development and application of optical efficiency enhancers based on patented high-stability optical cavity technology. Its solutions are designed to improve optical performance, energy efficiency, and sensitivity while maintaining high stability and low cost, with applications in precision optics such as lasers and sensors as well as industrial systems including UVC air purification and photocatalysis. The company is an HKSTP-incubated startup supported by the CityU HK Tech 300 Angel Fund, and it focuses on optical cavity development as a photon confinement technology for enhancing device performance. E-VITY has also received international recognition, including a Gold Medal at the 50th International Exhibition of Inventions Geneva and the Silicon Valley International Invention Festival for its innovation in highly stable optical cavity technology and optical efficiency enhancement. One of its key application areas is advanced air purification through the CityAir Purifier system. This system integrates a UVC optical cavity enhancer, a TiO2 nano-sol coating, and a silver-ion high-efficiency filter to achieve effective sterilization, pollutant degradation, odor reduction, and energy-efficient indoor air purifica","Air Filtration System, Air Purifier, Sterilization",,,,,,,,,,,,
Hekate Medical Technology Limited,Hong Kong    |    Factory in Chinese Mainland,,Private Individual,DynaFix3D 3D-printed fracture splints and MedTrainX smart medical training systems. Backed by HKSTP/EdUHK incubation.,OBM,hekatemed.com,Exhibited in HKTDC Event(s) in recent years HKTDC Hong Kong International Medical and Healthcare Fair 2026,N/A,https://www.hktdc.com/event/hkmedicalfair/en/exhibitor/1S0062S8K,"Our company is a medical tech startup incubated by The Education University of Hong Kong and HKSTP Ideation Program. We focus on two flagship products: the DynaFix3D Smart Orthopedic Splint and the MedtrainX Smart Simulation System, which combine 3D printing, AI and AR to solve long standing problems in traditional orthopedics and medical education. The DynaFix3D Smart Orthopedic Splint gives a one to one precision fit with tolerance zero point one millimeter, three hundred percent higher breathability, zero allergens and a one hour turnaround. The device has been clinically validated at the affiliated hospital of Shantou University Medical College and mechanically tested to a maximum stress of six hundred sixty six point four megapascals. The MedtrainX Smart Simulation System offers high fidelity training in dentistry, orthopedics and nursing through three D printed anatomical models and AI driven real time feedback. It bridges the gap between theory and clinical practice. Our multidisciplinary team brings together Hong Kong and Canadian expertise in medicine, engineering and business. It includes board certified orthopedic surgeons with more than fifteen years of experience and PhD level medical engineering researchers.","Laboratory, 3D Printing, Wearable Devices/Sensors, Medical Device Development Consulting Service, Orthopedics Equipment, Dental Equipment, Orthopaedic Supplies, Patient Monitoring System, Smart Healthcare Platform & Solution",Hekate,,,,,,,,,,,
High Quality Medicinal Support Company Limited,Hong Kong,,Others,Cardiovascular Tonic Osteoporosis Prevention Products Sleep Tonic Metabolic Syndrome Control Brain Health Capsule Energizer for Rehabilitation Swelling Control Powder Bone Setting Patch Atopic Dermatitis Capsules Immuno-boosting Granules,OEM,www.hqms-hk.com,Exhibited in HKTDC Event(s) in recent years HKTDC Hong Kong International Medical and Healthcare Fair 2026 HKTDC Hong Kong International Medical and Healthcare Fair 2025,N/A,https://www.hktdc.com/event/hkmedicalfair/en/exhibitor/1S0062RNC,"High Quality Medicinal Support (HQMS) is a CUHK TSSSU start-up. Relying on 25 years of research experience from the Institute of Chinese Medicine (ICM) and over HK$156 million in funding support (including Hong Kong Government (AOE, GRF, HMRF, ITF) and the Ministry of Science and Technology), we focus on researching health supplements for special medical purposes based on scientific evidence, and addressing the health challenges of an aging population with the support of clinical evidence and scientific data. With ICM's strong academic background and support from global partners, HQMS seeks to bridge traditional Chinese medicine and modern healthcare, providing innovative, high-quality solutions to meet increasing global health needs.","Diabetes Care, Anti-Aging Supplement, Immune System Booster, Health Supplement, Weight Loss Product, Chinese Medicated Ointment, Joint & Bone Support, Skin Care, Healthcare Product, Adult Diaper",High Quality Medicinal Support,,,,,,,,,,,
Jelumiere Biotech Limited,Hong Kong    |    Factory in Hong Kong,,Others,"Biotechnology-driven skincare brand offering NAD+ renewal serums and advanced photoprotection solutions, designed to preserve skin longevity, vitality, and protection against light-induced aging.","OEM, ODM",jelumiere.com,Exhibited in HKTDC Event(s) in recent years HKTDC Hong Kong International Medical and Healthcare Fair 2026,N/A,https://www.hktdc.com/event/hkmedicalfair/en/exhibitor/1S0062PUT,"Jelumiere Biotech Limited is a science driven biotechnology company focused on anti aging, photoprotection, and skin recovery. Rooted in biomedical research, Jelumiere develops premium skincare technologies and formulations that bridge clinical efficacy with everyday skincare needs. Our innovation spans prevention and repair, with the patented UVpi platform addressing photoaging beyond conventional UV protection by targeting visible light induced skin damage, while the NAD Renewal skincare line supports cellular repair and long term skin vitality following environmental stress and treatments. With a strong emphasis on safety and effective formulations, Jelumiere translates research into elegant, high performance products, including the NAD Renewal Serum, NAD Vitality Mask, and NAD Whitening Repair Mask, with Glow Sunscreen introduced as the next phase of the platform. Jelumiere is an award winning biotechnology company, recognized at international invention exhibitions and supported by HKBU, the HKSTP Incubation Programme, and Deep Tech Lab, with a mission to redefine anti aging skincare through clinically grounded science and measurable skin health outcomes.","Cosmetics, Skin Care",LumieGlow,,,,,,,,,,,
Saint Francis University,Hong Kong    |    Factory in Hong Kong,,Charity / Welfare Organisation,"Electronic Health Records System; Mobile Health Apps for Mental Health; Patient Monitoring System; Smart Healthcare Platform & Solution; Sterilization, Disinfecting Devices and Supplies; Medical and Healthcare Service",OEM,https://se-ngo.org/home,Exhibited in HKTDC Event(s) in recent years HKTDC Hong Kong International Medical and Healthcare Fair 2026,N/A,https://www.hktdc.com/event/hkmedicalfair/en/exhibitor/1S00618X1,,"Mobile Health Apps for Mental Health, Patient Monitoring System, Medical and Healthcare Service, Sterilization, Smart Healthcare Platform & Solution, Electronic Health Records System","Electronic Health Management,Cyberhealth",,,,,,,,,,,
Starcrafted Company Limited,Hong Kong    |    Factory in Hong Kong,,Manufacturer,"Dr. OnyCure Antifungal Nail Polish, is a revolutionary non-biocidal antimicrobial nail polish for treatment of fungal nail infection. Other medical and healthcare products that coated with the non-biocidal Thunderbolt+ Technology will be presented",OBM,,Exhibited in HKTDC Event(s) in recent years HKTDC Hong Kong International Medical and Healthcare Fair 2026,N/A,https://www.hktdc.com/event/hkmedicalfair/en/exhibitor/1S0062RE3,"Founded in September 2025, StarCrafted Company Limited is an innovative biotech start-up dedicated to developing cutting-edge solutions for fungal nail infections. Our flagship project, ""Dr. OnyCure Antifungal Nail Polish,"" is a revolutionary non-biocidal antimicrobial nail polish that leverages ""Thunderbolt+ Technology"", a breakthrough approach that physically inactivates fungal and other pathogenic microbial without inducing drug resistance. Unlike traditional antifungal treatments, Dr. OnyCure not only treats onychomycosis (fungal nail infections) but also prevents from infection, offering a safe, long-term solution in medical device and cosmetic uses. The project has been awarded funding under the Education+ and Social Entrepreneurs (EASE) Fund Scheme, a joint initiative by The Education University of Hong Kong (EdUHK) and the Home and Youth Affairs Bureau (HYAB). StarCrafted is committed to merging biotechnology to user-friendly products that redefine nail care.","Sterilization, Healthcare Product, Personal Hygiene Supplies, Air Filtration System, Cosmetics","Dr. Onycure,Thunderbolt+",,,,,,,,,,,
Bio-K Plus International Inc,Canada,,,,,www.biokplus.com,Exhibited in HKTDC Event(s) in recent years HKTDC Hong Kong International Medical and Healthcare Fair 2026,N/A,https://www.hktdc.com/event/hkmedicalfair/en/exhibitor/1S0062QR1,,,,,,,,,,,,,,
Cobionix Corporation,Canada,,,,,www.cobionix.com,Exhibited in HKTDC Event(s) in recent years HKTDC Hong Kong International Medical and Healthcare Fair 2026,N/A,https://www.hktdc.com/event/hkmedicalfair/en/exhibitor/1S0062QVP,,,,,,,,,,,,,,
Ebovir Biotechnology Inc,Canada,,,,,https://ebovir.ca/,Exhibited in HKTDC Event(s) in recent years HKTDC Hong Kong International Medical and Healthcare Fair 2026,N/A,https://www.hktdc.com/event/hkmedicalfair/en/exhibitor/1S0062QUS,,,,,,,,,,,,,,
Expertiqa Technologies,Canada,,,,,www.expertiqa.com,Exhibited in HKTDC Event(s) in recent years HKTDC Hong Kong International Medical and Healthcare Fair 2026,N/A,https://www.hktdc.com/event/hkmedicalfair/en/exhibitor/1S0062QWM,,,,,,,,,,,,,,
LandArt,Canada,,,,,www.landart.ca,Exhibited in HKTDC Event(s) in recent years HKTDC Hong Kong International Medical and Healthcare Fair 2026,N/A,https://www.hktdc.com/event/hkmedicalfair/en/exhibitor/1S0062QSY,,,,,,,,,,,,,,
Neuroptek Corporation Inc,Canada,,,,,www.neuroptek.com,Exhibited in HKTDC Event(s) in recent years HKTDC Hong Kong International Medical and Healthcare Fair 2026,N/A,https://www.hktdc.com/event/hkmedicalfair/en/exhibitor/1S0062QTV,,,,,,,,,,,,,,
Path Forward Neurotech Incorporated,Canada,,,,,Pathforwardneurotech.com,Exhibited in HKTDC Event(s) in recent years HKTDC Hong Kong International Medical and Healthcare Fair 2026,N/A,https://www.hktdc.com/event/hkmedicalfair/en/exhibitor/1S0062QYG,,,,,,,,,,,,,,
PragmaClin Research Inc,Canada,,,,,www.pragmaclin.com,Exhibited in HKTDC Event(s) in recent years HKTDC Hong Kong International Medical and Healthcare Fair 2026,N/A,https://www.hktdc.com/event/hkmedicalfair/en/exhibitor/1S0062QXJ,,,,,,,,,,,,,,
