source_company_name,supplier_url,l3_status,Nature of Business,Location,Year of Establishment,Main Categories,Major Markets,Brands,Contact Person,Office Address,Country / Region,Total Employees,Annual Turnover,Position,"A certificate and/or document that is submitted by an Advertiser will be endorsed by SGS as authentic and valid upon the verification of the information (where applicable) below by SGS, basing on the (i) SGS’ know-how; (ii) information provided by the Advertiser; and (iii) reputable publicly available sources at the time the Services are provided"
"China Machinery Engineering Wuxi Co., Ltd",https://sourcing.hktdc.com/en/Supplier-Store/Profile/China-Machinery-Engineering-Wuxi-Co-Ltd/1X0B99QJ,extracted,"Exporter, Manufacturer","Wuxi, Jiangsu, Chinese Mainland",1987,Lights,"Africa, Australasia, Central & South America, Eastern Europe, Hong Kong, Japan, Korea, Middle East, North America, Other Asian Countries, Southeast Asia, Taiwan, Western Europe",BESTYLE,Ms Shelly Liu,"15/F, A10 Buidling, No.777 Jianzhu West Rd, Wuxi City, Jiangsu Province, China.",Chinese Mainland,,,,
Luen Yick Electrical Mfg Co Limited,https://sourcing.hktdc.com/en/Supplier-Store/Profile/Luen-Yick-Electrical-Mfg-Co-Ltd/1X000EEG,extracted,"Exporter, Manufacturer",Hong Kong,,"Consumer Electronics , Environmental Protection , Home Appliances , Homeware & Lifestyle Essentials , Lights , Parts, Components & Electrical Supplies , Parts, Components & Raw Materials , Parts, Electrical Electronic Supplies","Africa, Australasia, Hong Kong, Middle East, North America, Western Europe",KENGO & L.Y. BRAND,Ms Teresa Lee,"Flat F, 10/F, Block 2, Kingsford Industrial Building, 26-32 Kwai Hei Street, Kwai Chung, N.T., Hong Kong.",Hong Kong,201 - 500,"US$ 10,000,000 - 49,999,999",Operation Manager,
"TIOSL Technology (Shenzhen) Co., Ltd.",https://sourcing.hktdc.com/en/Supplier-Store/Profile/TIOSL-Technology-Shenzhen-Co-Ltd/1S00OJBTA,extracted,Manufacturer,"Shenzhen, Guangdong, Chinese Mainland",2019,Lights,,,Ms Mika Yu,"10F, Building 5, Gate 2, Zone A,  Huafeng No.1 Technology Park, Shenghang Road,  Bao’an District, Shenzhen China",Chinese Mainland,,,,
Mean Well (Hong Kong) Holding Limited,https://sourcing.hktdc.com/en/Supplier-Store/Profile/Mean-Well-Hong-Kong-Holding-Limited/1X0AHRJ8,extracted,,Hong Kong,,"Lights , Parts, Components & Electrical Supplies , Parts, Electrical Electronic Supplies",,,Vicki Ho,"Unit 6, 7/F., Goldfield Ind. Center, No. 1, Sui Wo Road, Fotan, Shatin, N.T., Hong Kong",Hong Kong,,,SPECIALIST,
Jrl International Limited,https://sourcing.hktdc.com/en/Supplier-Store/Profile/Jrl-International-Limited/1X0AHRGB,extracted,"Exporter, Manufacturer",Hong Kong,2012,Lights,Worldwide,,Mr benson lv,"Unit 08A, 19/F, China Shipbuilding Tower, 650 Cheung Sha Wan Road, Lai Chi Kok, Hong Kong",Hong Kong,201 - 500,,MARKETING,"1. Nature and title of the certificate and/or document; 2. Scope and type of certification and/or document; 3. Issuing authority of the certificate and/or document; 4. Issuance and expiry date of the certificate and/or document; and 5. Image of the certificate and/or document. The Advertiser is responsible for providing any and all information about the certificate and/or document that may be required to complete the Services. Although SGS shall make every effort to ensure the accuracy and contemporariness of the information provided by the Advertiser and any such publicly available sources during performance of the Services, SGS has no control of and thus cannot guarantee the absolute accuracy and authenticity of such information. Therefore, SGS shall disclaim any and all liability for the accuracy of such information. The Services do not warrant that the goods and/or services of the Advertiser will meet any particular criteria of quality or performance. The Advertisers and any third party are responsible for their decisions to make whatever use of the results of the Services and shall accept all risks for any loss or damage of any kind that may occur. SGS accepts no liability for the consequences of any action taken or not taken on the basis of the results of the Services by the Advertisers and any third party. SGS provides the Services in a consulting basis. The Services does not constitute a legal opinion and they are no substitute for professional legal advice to ensure compliance of the Advertiser with the applicable laws and regulation. This Disclaimer has been translated into Chinese. If there is any inconsistency between the English version and the Chinese version, the English version shall prevail. Company Credential View Details Company Information Verified on 19 Mar 2026 by Disclaimer Certification(s) Verified on 09 Apr 2026 by Disclaimer"
"Ns New Sun Lighting Co., Limited",https://sourcing.hktdc.com/en/Supplier-Store/Profile/Ns-New-Sun-Lighting-Co-Limited/1X0AWB30,extracted,Manufacturer,Hong Kong,2006,Lights,"Eastern Europe, Scandinavia, Southeast Asia, Western Europe",,Ms Linda NG,"Rooms 1318-19, Hollywood Plaza, 610 Nathan Road, Mongkok, Kowloon, Hong Kong",Hong Kong,101 - 200,,SALES MANAGER,
Shenzhen Yanshuoda Technology Company Limited,https://sourcing.hktdc.com/en/Supplier-Store/Profile/Shenzhen-Yanshuoda-Technology-Co-Ltd/1X09162G,extracted,"Exporter, Manufacturer","Shenzhen, Guangdong, Chinese Mainland",2013,"Environmental Protection , Lights","Central & South America, Eastern Europe, Hong Kong, Middle East, North America, Other Asian Countries, Western Europe",YSD,Dr Huaqin Wu,"4/F,A Building No.8 Dadi Road, Shapuwei, Songgang Street, Baoan District, Shenzhen, Guangdong, China",Chinese Mainland,201 - 500,"US$ 10,000,000 - 49,999,999",,
"Yangzhou Huacai Opto Co., Ltd.",https://sourcing.hktdc.com/en/Supplier-Store/Profile/Yangzhou-Huacai-Opto-Co-Ltd/1S00O6NR4,extracted,"Exporter, Manufacturer","Shenzhen, Guangdong, Chinese Mainland",2008,"Design Services , Lights","Africa, Australasia, Central & South America, Chinese Mainland, Eastern Europe, Middle East, North America, Other Asian Countries, Scandinavia, Southeast Asia, Taiwan, Western Europe, Worldwide",COLORS,Mr Jian Li,"Floor 17, Building B, North Area, Building 2,  Skyworth Innovation Valley,  Shiyan Street, Baoan District,Shenzhen China",Chinese Mainland,501 - 1000,"US$ 500,000 - 999,999",Brand Director,
Author Limited,https://sourcing.hktdc.com/en/Supplier-Store/Profile/Author-Limited/1X07HK1B,extracted,Manufacturer,Hong Kong,2011,"Environmental Protection , Furniture & Parts , Homeware & Lifestyle Essentials , Lights","Australasia, Chinese Mainland, Eastern Europe, Hong Kong, Middle East, North America, Other Asian Countries, Scandinavia, Western Europe",AUTHOR,Mr Jerry Zhou,"Room 803, Chevalier House, 45-51 Chatham Road South, Tsim Sha Tsui, Kowloon, Hong Kong",Hong Kong,51 - 100,"US$ 5,000,000 - 9,999,999",General Manager,
Encore International Company Limited,https://sourcing.hktdc.com/en/Supplier-Store/Profile/Encore-International-Company-Limited/1X07HI6C,extracted,"Exporter, Manufacturer",Hong Kong,2009,"Environmental Protection , Lights","Australasia, Middle East, North America, Scandinavia, Western Europe, Worldwide",ENCORE,Mr Rocky Wong,"Room 803, Chevalier House 45-51 Chatham Road South, Tsim Sha Tsui, Kowloon, Hong Kong",Hong Kong,51 - 100,"US$ 1,000,000 - 4,999,999",Marketing Director,
Hongkong Ervan Group Limited,https://sourcing.hktdc.com/en/Supplier-Store/Profile/Hongkong-Ervan-Group-Ltd/1X06D6H1,extracted,"Exporter, Manufacturer",Hong Kong,2005,"Automobile & Transport , Automobile Electronics , Environmental Protection , Lights , Parts, Electrical Electronic Supplies",Worldwide,ERVAN,Mr David Huang,"Room 2914, 29/F, Ho King Commercial Centre, 2-16 Fa Yuen Street, Mongkok, Kowloon, Hong Kong",Hong Kong,101 - 200,"US$ 5,000,000 - 9,999,999",General Manager,
"Hongkong Shining Lighting Co., Limited",https://sourcing.hktdc.com/en/Supplier-Store/Profile/Hongkong-Shining-Lighting-Co-Limited/1X088XMN,extracted,Manufacturer,Hong Kong,2008,"Building Materials & Supplies , Environmental Protection , Furniture & Parts , Home Appliances , Homeware & Lifestyle Essentials , Lights , Office Equipment , Parts, Components & Electrical Supplies , Parts, Electrical Electronic Supplies","Central & South America, Eastern Europe, Middle East, Scandinavia, Western Europe",Shining,Mr Chen Steven,"11/F, Front Black Hanglok Building 130 Wing Lok Street Sheung Wan, Hong Kong",Hong Kong,101 - 200,"US$ 10,000,000 - 49,999,999",,
"Blueview Elec-optic Tech Co., Ltd.",https://sourcing.hktdc.com/en/Supplier-Store/Profile/Blueview-Elec-optic-Tech-Co-Ltd/1X0872GE,extracted,"Exporter, Manufacturer, Wholesaler","Chengdu, Sichuan, Chinese Mainland",2004,"Homeware & Lifestyle Essentials , Lights","Australasia, Central & South America, Eastern Europe, North America, Western Europe, Worldwide",Blueview,Ms Arya Ren,"No.1000, Section 2, 2nd Konggang Road, Southwest Aviation Industrial, Chengdu, Chengdu",Chinese Mainland,1001 - 2000,"US$ 5,000,000 - 9,999,999",Market specialist,
Buckingham Industrial Corporation,https://sourcing.hktdc.com/en/Supplier-Store/Profile/Buckingham-Industrial-Corporation/1X05FIC6,extracted,"Exporter, Manufacturer","New Taipei City, Taiwan",1991,Lights,Worldwide,,Ms Nancy -,"8Fl., No. 659 Chung Cheng Road, Hsin Chuang District, New Taipei City, Taiwan",Taiwan,201 - 500,"US$ 5,000,000 - 9,999,999",-,
Foshan Ronse Lighting Technology Co Ltd,https://sourcing.hktdc.com/en/Supplier-Store/Profile/FOSHAN-RONSE-LIGHTING-TECHNOLOGY-CO-LTD/1X07L884,extracted,"Exporter, Manufacturer","Foshan, Guangdong, Chinese Mainland",2010,"Building Materials & Supplies , Environmental Protection , Furniture & Parts , Homeware & Lifestyle Essentials , Lights , Parts, Electrical Electronic Supplies",Worldwide,Ronse,Mr Liang Aaron,"Liansha Zhoutou “Dalutou” Development Zone,  Danzao Town, Nanhai District,  Foshan City, Guangdong Province, China.",Chinese Mainland,201 - 500,"US$ 10,000,000 - 49,999,999",manager,"1. Nature and title of the certificate and/or document; 2. Scope and type of certification and/or document; 3. Issuing authority of the certificate and/or document; 4. Issuance and expiry date of the certificate and/or document; and 5. Image of the certificate and/or document. The Advertiser is responsible for providing any and all information about the certificate and/or document that may be required to complete the Services. Although SGS shall make every effort to ensure the accuracy and contemporariness of the information provided by the Advertiser and any such publicly available sources during performance of the Services, SGS has no control of and thus cannot guarantee the absolute accuracy and authenticity of such information. Therefore, SGS shall disclaim any and all liability for the accuracy of such information. The Services do not warrant that the goods and/or services of the Advertiser will meet any particular criteria of quality or performance. The Advertisers and any third party are responsible for their decisions to make whatever use of the results of the Services and shall accept all risks for any loss or damage of any kind that may occur. SGS accepts no liability for the consequences of any action taken or not taken on the basis of the results of the Services by the Advertisers and any third party. SGS provides the Services in a consulting basis. The Services does not constitute a legal opinion and they are no substitute for professional legal advice to ensure compliance of the Advertiser with the applicable laws and regulation. This Disclaimer has been translated into Chinese. If there is any inconsistency between the English version and the Chinese version, the English version shall prevail. Company Credential View Details Company Information Verified on 24 Sep 2026 by Disclaimer Certification(s) Verified on 23 Jul 2026 by Disclaimer"
"Guang Dong GDLED Co., Ltd",https://sourcing.hktdc.com/en/Supplier-Store/Profile/Guang-Dong-GDLED-Co-Ltd/1X08GRM5,extracted,"Exporter, Manufacturer","Foshan, Guangdong, Chinese Mainland",2014,Lights,"Eastern Europe, Middle East, Other Asian Countries, Western Europe",GDLED,Mr Frank Wu,"No.9-9 Southern Road, Taiping Village, Jun’an Town, Shunde District, Foshan City, Guangdong",Chinese Mainland,51 - 100,"US$ 5,000,000 - 9,999,999",Sales Manager,"1. Nature and title of the certificate and/or document; 2. Scope and type of certification and/or document; 3. Issuing authority of the certificate and/or document; 4. Issuance and expiry date of the certificate and/or document; and 5. Image of the certificate and/or document. The Advertiser is responsible for providing any and all information about the certificate and/or document that may be required to complete the Services. Although SGS shall make every effort to ensure the accuracy and contemporariness of the information provided by the Advertiser and any such publicly available sources during performance of the Services, SGS has no control of and thus cannot guarantee the absolute accuracy and authenticity of such information. Therefore, SGS shall disclaim any and all liability for the accuracy of such information. The Services do not warrant that the goods and/or services of the Advertiser will meet any particular criteria of quality or performance. The Advertisers and any third party are responsible for their decisions to make whatever use of the results of the Services and shall accept all risks for any loss or damage of any kind that may occur. SGS accepts no liability for the consequences of any action taken or not taken on the basis of the results of the Services by the Advertisers and any third party. SGS provides the Services in a consulting basis. The Services does not constitute a legal opinion and they are no substitute for professional legal advice to ensure compliance of the Advertiser with the applicable laws and regulation. This Disclaimer has been translated into Chinese. If there is any inconsistency between the English version and the Chinese version, the English version shall prevail. Company Credential View Details Company Information Verified on 09 Jul 2026 by Disclaimer Certification(s) Verified on 27 May 2026 by Disclaimer"
"Kegu Power Electronics Co., Ltd.",https://sourcing.hktdc.com/en/Supplier-Store/Profile/Kegu-Power-Electronics-Co-Ltd-/1X06U5NY,extracted,"Exporter, Manufacturer","Foshan, Guangdong, Chinese Mainland",2008,"Environmental Protection , Lights","Africa, Australasia, Central & South America, Chinese Mainland, Eastern Europe, Hong Kong, Japan, Korea, Middle East, North America, Other Asian Countries, Southeast Asia, Taiwan, Western Europe, Worldwide",KEGU,Mr David&#x2F;Chengbiao Tan&#x2F;Li,"Zone A, Shishan Industrial Park #39 East Science Rd, Foshan City, Guangdong Province, China",Chinese Mainland,201 - 500,"US$ 10,000,000 - 49,999,999",Export Manager/Marketing Dir,
"Shenzhen LED Home Opto-Electronics Co., Ltd",https://sourcing.hktdc.com/en/Supplier-Store/Profile/Shenzhen-LED-Home-Opto-Electronics-Co-Ltd/1S00P1KLP,extracted,"Exporter, Manufacturer","Shenzhen, Guangdong, Chinese Mainland",2017,Lights,,,Mr Zhen Zhang,"1003-1005, F10, Tower B, LEFU Plaza, Fenghuang St., Guangming District, Shenzhen City, Guangdong Province, Mainland China.",Chinese Mainland,,,Director,
"Shenzhen Mingxue Optoelectronics Co., Ltd.",https://sourcing.hktdc.com/en/Supplier-Store/Profile/Shenzhen-Mingxue-Optoelectronics-Co-Ltd-/1X04S1ZY,extracted,"Exporter, Manufacturer","Shenzhen, Guangdong, Chinese Mainland",2005,Lights,"Central & South America, Eastern Europe, Middle East, North America, Western Europe",,Mr Ricky Cheng,"5/F, Building 4, Baodazhou Block, Shancheng Industry Village, Shiyan Town, Baoan District, Shenzhen City, Guangdong Province, China",Chinese Mainland,,,Sales Manager,
"ZhongShan Caij Lighting Technology Co., Ltd.",https://sourcing.hktdc.com/en/Supplier-Store/Profile/ZhongShan-Caij-Lighting-Technology-Co-Ltd/1S00OKYDZ,extracted,"Exporter, Manufacturer","Zhongshan, Guangdong, Chinese Mainland",2015,"Engineering & Construction Machinery , Homeware & Lifestyle Essentials , Lights","Central & South America, Chinese Mainland, Hong Kong, Korea, Middle East, Southeast Asia, Western Europe, Worldwide",Caij,Ms Yongxin Hu,"Room 401, Building 5 Mingwang E-commerce Plant Phase II, 96 Shunxing North Road, Henglan Town, Zhongshan City, Guangdong, China",Chinese Mainland,26 - 50,"US$ 1,000,000 - 4,999,999",Finance Staff,"1. Nature and title of the certificate and/or document; 2. Scope and type of certification and/or document; 3. Issuing authority of the certificate and/or document; 4. Issuance and expiry date of the certificate and/or document; and 5. Image of the certificate and/or document. The Advertiser is responsible for providing any and all information about the certificate and/or document that may be required to complete the Services. Although SGS shall make every effort to ensure the accuracy and contemporariness of the information provided by the Advertiser and any such publicly available sources during performance of the Services, SGS has no control of and thus cannot guarantee the absolute accuracy and authenticity of such information. Therefore, SGS shall disclaim any and all liability for the accuracy of such information. The Services do not warrant that the goods and/or services of the Advertiser will meet any particular criteria of quality or performance. The Advertisers and any third party are responsible for their decisions to make whatever use of the results of the Services and shall accept all risks for any loss or damage of any kind that may occur. SGS accepts no liability for the consequences of any action taken or not taken on the basis of the results of the Services by the Advertisers and any third party. SGS provides the Services in a consulting basis. The Services does not constitute a legal opinion and they are no substitute for professional legal advice to ensure compliance of the Advertiser with the applicable laws and regulation. This Disclaimer has been translated into Chinese. If there is any inconsistency between the English version and the Chinese version, the English version shall prevail. Company Credential View Details Company Information Verified on 04 Jun 2026 by Disclaimer Certification(s) Verified on 26 Aug 2026 by Disclaimer"
"Xusheng Lighting Co., Ltd.",https://sourcing.hktdc.com/en/Supplier-Store/Profile/Xusheng-Lighting-Co-Ltd-/1S00O6NVS,extracted,"Exporter, Manufacturer, Wholesaler",Hong Kong,2013,Lights,"Central & South America, Eastern Europe, Korea, Middle East, Scandinavia, Southeast Asia, Western Europe",,Ms Anna Shao,"Unit 32, L1 Floor Mirror Tower 61 Mody Road Tsimshatsui East, Kowloon, Hong Kong",Hong Kong,101 - 200,"US$ 500,000 - 999,999",sales manager,"1. Nature and title of the certificate and/or document; 2. Scope and type of certification and/or document; 3. Issuing authority of the certificate and/or document; 4. Issuance and expiry date of the certificate and/or document; and 5. Image of the certificate and/or document. The Advertiser is responsible for providing any and all information about the certificate and/or document that may be required to complete the Services. Although SGS shall make every effort to ensure the accuracy and contemporariness of the information provided by the Advertiser and any such publicly available sources during performance of the Services, SGS has no control of and thus cannot guarantee the absolute accuracy and authenticity of such information. Therefore, SGS shall disclaim any and all liability for the accuracy of such information. The Services do not warrant that the goods and/or services of the Advertiser will meet any particular criteria of quality or performance. The Advertisers and any third party are responsible for their decisions to make whatever use of the results of the Services and shall accept all risks for any loss or damage of any kind that may occur. SGS accepts no liability for the consequences of any action taken or not taken on the basis of the results of the Services by the Advertisers and any third party. SGS provides the Services in a consulting basis. The Services does not constitute a legal opinion and they are no substitute for professional legal advice to ensure compliance of the Advertiser with the applicable laws and regulation. This Disclaimer has been translated into Chinese. If there is any inconsistency between the English version and the Chinese version, the English version shall prevail. Company Credential View Details Certification(s) Verified on 15 Dec 2025 by Disclaimer"
"Foshan Evercore Optoelectronic Technology Co., Ltd.",https://sourcing.hktdc.com/en/Supplier-Store/Profile/Foshan-Evercore-Optoelectronic-Technology-Co-Ltd-/1S00P3ENP,extracted,,Chinese Mainland,,"Lights , Parts, Components & Electrical Supplies , Parts, Components & Raw Materials",,,Yeri Lyn,528200 中國廣東省佛山市 南海區桂城街道深海路17號 瀚天科技城A區6號樓11樓,Chinese Mainland,,,Sales Assistant,
"Ningbo Yaado Lighting Co., Ltd.",https://sourcing.hktdc.com/en/Supplier-Store/Profile/Ningbo-Yaado-Lighting-Co-Ltd/1S00OKYEW,extracted,"Exporter, Manufacturer","Ningbo, Zhejiang, Chinese Mainland",2020,"Consumer Electronics , Environmental Protection , Furniture & Parts , Homeware & Lifestyle Essentials , Lights","Central & South America, Chinese Mainland, North America, Scandinavia, Western Europe",,Ms Linda Zhang,"Room 902, Building 2 Xinrui Sports City No. 299 Kangzhuang South Road Jiangbei, Ningbo, Zhejiang, China",Chinese Mainland,6 - 10,"US$ 250,000 - 499,999",Sales Manager,
"Shanghai Wellmax Lighting Industry Co.,Ltd.",https://sourcing.hktdc.com/en/Supplier-Store/Profile/Shanghai-Wellmax-Lighting-Industry-Co-Ltd/1X06U839,extracted,"Exporter, Manufacturer","Shanghai Shi, Shanghai, Chinese Mainland",1987,"Environmental Protection , Lights",Worldwide,WELLMAX,Mr Wellmax Lighting,Room 24 No. 2000 Pudong Avenue Shanghai China,Chinese Mainland,101 - 200,"US$ 10,000,000 - 49,999,999",,
Tons Lightology Inc.,https://sourcing.hktdc.com/en/Supplier-Store/Profile/Tons-Lightology-Inc-/1X04P4PZ,extracted,"Exporter, Manufacturer, Wholesaler",Taiwan,1992,"Environmental Protection , Lights","Chinese Mainland, Eastern Europe, Hong Kong, Japan, North America, Other Asian Countries, Scandinavia, Southeast Asia, Western Europe, Worldwide","Tons , Titan",Mr Jason Kuo,"4F, No 236 Bo-Ai St., Shulin Dist., New Taipei City, Taiwan",Taiwan,501 - 1000,"US$ 10,000,000 - 49,999,999",Assistant Vice President,
"Zhuhai Shengchang Electronics Co., Limited",https://sourcing.hktdc.com/en/Supplier-Store/Profile/Zhuhai-Shengchang-Electronics-Co-Limited/1X07HL18,extracted,"Exporter, Manufacturer",Hong Kong,2009,"Environmental Protection , Lights","Africa, Australasia, Central & South America, Chinese Mainland, Hong Kong, Japan, Korea, Middle East, Other Asian Countries, Scandinavia, Southeast Asia, Taiwan, Western Europe, Worldwide",Shengchang,Mr Dehua Zheng,"Room 803, Chevalier House, 45-51 Chatham Road South, Tsim Sha Tsui, Kowloon, Hong Kong",Hong Kong,101 - 200,"US$ 1,000,000 - 4,999,999",Manager,
"Guangdong OML Technology Co., Ltd.",https://sourcing.hktdc.com/en/Supplier-Store/Profile/Guangdong-OML-Technology-Co-Ltd/1X05Y2R3,extracted,"Exporter, Manufacturer",Chinese Mainland,2009,"Environmental Protection , Lights","Central & South America, Chinese Mainland, Eastern Europe, Korea, Middle East, North America, Southeast Asia, Western Europe",OML or OEM,Ms Winnie Luo,"38 Hetong Rd., Dongfeng Town, Zhongshan City, Guangdong Province, Mainland China.",Chinese Mainland,201 - 500,"US$ 10,000,000 - 49,999,999",Oversea Sales Assistant,
"Kinglumi Co., Ltd.",https://sourcing.hktdc.com/en/Supplier-Store/Profile/Kinglumi-Co-Ltd/1X03SWZD,extracted,"Exporter, Manufacturer","Shenzhen, Guangdong, Chinese Mainland",2005,"Automobile Electronics , Building Materials & Supplies , Design Services , Environmental Protection , Furniture & Parts , Internet of Things , Lights , Marketing & Public Relations , Parts, Electrical Electronic Supplies , Professional Services","Africa, Australasia, Central & South America, Eastern Europe, Hong Kong, Middle East, North America, Other Asian Countries, Scandinavia, Southeast Asia, Taiwan, Western Europe, Worldwide","K&L, CAMETA, LEDGEAR, Annulight, Kinglumi",Mr Hendy Zhang,"Bldg 3, and 5F of Bldg 2, Nangang 3rd Industrial Zone, Tangtou, Shiyan, Bao'an District, Shenzhen, Guangdong, China",Chinese Mainland,201 - 500,"US$ 50,000,000 - 99,999,999",,
"Ningbo Yusing Electronics Co., Ltd",https://sourcing.hktdc.com/en/Supplier-Store/Profile/Ningbo-Yusing-Electronics-Co-Ltd-/1X06UXSH,extracted,"Exporter, Manufacturer","Ningbo, Zhejiang, Chinese Mainland",2002,"Building Materials & Supplies , Environmental Protection , Homeware & Lifestyle Essentials , Lights","Africa, Australasia, Central & South America, Eastern Europe, Japan, Middle East, North America, Other Asian Countries, Scandinavia, Western Europe, Worldwide",YUSING,Mr Andison Wang,"F/12, 4# Building, No.999 Yangfan Road, Ningbo, Zhejiang, China",Chinese Mainland,1001 - 2000,"US$ 50,000,000 - 99,999,999",Sales Manager,
"Opple Lighting Co., Ltd.",https://sourcing.hktdc.com/en/Supplier-Store/Profile/Opple-Lighting-Co-Ltd-/1S00PC14N,extracted,"Exporter, Manufacturer","Suzhou, Jiangsu, Chinese Mainland",,Lights,,,Miss LUOXI HUA,"OPPLE Industrial Park, East of Fenyang Road Fenhu Economic Development Zone, Wujiang District Suzhou city, Jiangsu Province P.R. China",Chinese Mainland,,,,
"Shangyou Technology Lighting Co., Ltd.",https://sourcing.hktdc.com/en/Supplier-Store/Profile/Shangyou-Technology-Lighting-Co-Ltd/1X00KES2,extracted,"Exporter, Manufacturer",Taiwan,2012,Lights,"Eastern Europe, Korea, Southeast Asia, Western Europe",,Ms Amy Huang,"No. 8, Lane 395, Ming Sheng N. Rd., Sec. 1, Kuei San Hsiang, Tao Yuan City, Taiwan.",Taiwan,,,Deputy General Manager,
"Shenzhen Nexol Lighting Technology Co., Ltd.",https://sourcing.hktdc.com/en/Supplier-Store/Profile/Shenzhen-Nexol-Lighting-Technology-Co-Ltd-/1X0B27TM,extracted,"Exporter, Manufacturer","Shenzhen, Guangdong, Chinese Mainland",2010,"Environmental Protection , Lights","Eastern Europe, Scandinavia, Western Europe",NEXOL,Ms Beverly He,"3&4th F, Building A3, XinGuiYuan Industrial Park, Guanlan Town, LongHua District, Shenzhen City, Guangdong Province, China.",Chinese Mainland,,,Sales Manager,
"Zhongshan Baotian Lighting Co., Ltd",https://sourcing.hktdc.com/en/Supplier-Store/Profile/Zhongshan-Baotian-Lighting-Co-Ltd/1X0A6981,extracted,"Exporter, Manufacturer","Zhongshan, Guangdong, Chinese Mainland",1993,"Environmental Protection , Lights","Eastern Europe, North America, Scandinavia, Western Europe",Baotian,Ms Fiona Zhang,"No.28, Jinzhang Rd, The third industrial Zone, Zhongshan City, Guangdong Province China",Chinese Mainland,101 - 200,"US$ 1,000,000 - 4,999,999",Sales Manager,
Everstar Photoelectric (HK) Holdings Limited,https://sourcing.hktdc.com/en/Supplier-Store/Profile/Everstar-Photoelectric-HK-Holdings-Limited/1X084RXU,extracted,"Exporter, Manufacturer",Hong Kong,2010,"Environmental Protection , Lights","North America, Western Europe",,Mr Qixiong Hu,"Rm H29, 1/F, PH2, Kwai Shing Ind Bldg., 42-46 Tai Lin Pai Rd., Kwai Chung, NT, Hong Kong.",Hong Kong,101 - 200,"US$ 5,000,000 - 9,999,999",General Manager,
First Bright International Limited,https://sourcing.hktdc.com/en/Supplier-Store/Profile/First-Bright-Int-l-Ltd/1X03UHJ2,extracted,"Exporter, Manufacturer",Hong Kong,2000,Lights,"Central & South America, Eastern Europe, Middle East, North America, Scandinavia, Southeast Asia, Western Europe",Je Woo,Ms Rita Tao,"UNIT1808,18/F.,TELFORD HOUSE, 16 WANG HOI ROAD, KOWLOON BAY,KOWLOON, HK",Hong Kong,201 - 500,"US$ 10,000,000 - 49,999,999",Marketing Manager,
Hancon Industrial Company Limited,https://sourcing.hktdc.com/en/Supplier-Store/Profile/Hancon-Ind-l-Co-Ltd/1X001IB7,extracted,"Exporter, Manufacturer",Hong Kong,1997,"Environmental Protection , Homeware & Lifestyle Essentials , Lights","Australasia, Eastern Europe, North America, Scandinavia, Western Europe",HANCON,Mr Cato Yim,"Room 1907-9, 19/F., Metro Loft, 38 Kwai Hei St., Kwai Chung, New Territories, Hong Kong.",Hong Kong,501 - 1000,"US$ 10,000,000 - 49,999,999",Sales Manager,
KTE Electrical Limited,https://sourcing.hktdc.com/en/Supplier-Store/Profile/KTE-ELECTRICAL-LIMITED/1X00JF9I,extracted,"Exporter, Manufacturer, Wholesaler",Hong Kong,2003,"Educational Toys , Engineering & Construction Machinery , Furniture & Parts , Gifts / Souvenirs , Homeware & Lifestyle Essentials , Lights , Parts, Components & Electrical Supplies","Africa, Australasia, Central & South America, Eastern Europe, Japan, Middle East, North America, Other Asian Countries, Scandinavia, Southeast Asia, Western Europe, Worldwide",LEAVES,Ms Vicky Yuen,"7/F., Block 2, Leader Industrial Centre, 188 Texaco Road, Tsuen Wan, New Territories, Hong Kong.",Hong Kong,101 - 200,"US$ 5,000,000 - 9,999,999",Assistant to Sales and Marketing Manager,
Lincogn Technology Co. Limited,https://sourcing.hktdc.com/en/Supplier-Store/Profile/Lincogn-Technology-Co-Limited/1X08Q8TJ,extracted,"Manufacturer, Others, Service Company",Hong Kong,2013,"Consumer Electronics , Environmental Protection , Home Products, Lights & Constructions , Homeware & Lifestyle Essentials , Internet of Things , Lights , Parts, Components & Electrical Supplies , Parts, Components & Raw Materials",Worldwide,"Yoswit, Bluegic, plusBLE, Mob-Mob, Pro-Share",Ms Penny Chung,"Unit 716C, 7/F, Enterprise Place, No. 5 Science Park West Avenue, Hong Kong Science Park, Shatin, N.T.",Hong Kong,201 - 500,"US$ 10,000,000 - 49,999,999",Marketing Manager,
Ruyuan Lighting Electric Appliance Company Limited,https://sourcing.hktdc.com/en/Supplier-Store/Profile/Ruyuan-Lighting-Electric-Appliance-Company-Limited/1X0AO9MN,extracted,"Export Agent, Exporter, Retailer",Hong Kong,2017,"Consumer Electronics , Environmental Protection , Lights , Parts, Components & Electrical Supplies , Parts, Components & Raw Materials , Parts, Electrical Electronic Supplies","Africa, Australasia, Central & South America, Chinese Mainland, Eastern Europe, Hong Kong, Japan, Korea, Middle East, North America, Other Asian Countries, Scandinavia, Southeast Asia, Taiwan, Western Europe",R,Miss Jiewen Mao,"UNIT 2302, 23/F., APEC PLAZA, 49 HOI YUEN ROAD, Kwun Tong, Kowloon, Hong Kong.",Hong Kong,1 - 5,"US$ 5,000,000 - 9,999,999",Director,
SDN Lighting Company,https://sourcing.hktdc.com/en/Supplier-Store/Profile/SDN-Lighting-Company/1X084RJ8,extracted,Manufacturer,Hong Kong,,"Consumer Electronics , Environmental Protection , Furniture & Parts , Home Appliances , Homeware & Lifestyle Essentials , Lights , Parts, Components & Electrical Supplies , Parts, Electrical Electronic Supplies","Eastern Europe, Japan, Middle East, North America, Other Asian Countries, Southeast Asia, Western Europe",SOTEN,Ms Nicole Gao,"Flat/Rm 05, 4/F., Energy Plaza., 92 Granville Road, Tsim Sha Tsui, Kowloon, Hong Kong",Hong Kong,201 - 500,"US$ 10,000,000 - 49,999,999",GM,
Vast China Lighting Manufacture & Trading Limited,https://sourcing.hktdc.com/en/Supplier-Store/Profile/Vast-China-Lighting-Manufacture-Trading-Ltd/1X07HVGZ,extracted,Manufacturer,Hong Kong,2010,Lights,Worldwide,"vast lighting,vast china lighting",Ms Anny Gao,"Unit 3, 6/F, Kam Hon Industrial Building, 8 Wang Kwun Road, Kowloon Bay, Kowloon, Hong Kong",Hong Kong,26 - 50,"US$ 500,000 - 999,999",Export Manager,
"Brandon Lighting Co., Ltd.",https://sourcing.hktdc.com/en/Supplier-Store/Profile/Brandon-Lighting-Co-Ltd-/1X087DQ7,extracted,"Exporter, Manufacturer","Taipei City, Taiwan",2008,Lights,Worldwide,BRANDON,Mr Zhi Pin Zhang,"5F, No. 136, Alley 95, Lane 113, Tunghu Rd,",Taiwan,101 - 200,"US$ 10,000,000 - 49,999,999",Manager,
"Guangdong Colorful Lighting Technology Co., Ltd.",https://sourcing.hktdc.com/en/Supplier-Store/Profile/Guangdong-Colorful-Lighting-Technology-Co-Ltd/1S00OJBLY,extracted,,Chinese Mainland,,"Environmental Protection , Lights",,,Danny Zhou,"No.16, Fuqing 2nd Road Henglan Town Zhongshan, Guangdong Mainland China",Chinese Mainland,,,,
"Home Resource Industrial Co., Ltd.",https://sourcing.hktdc.com/en/Supplier-Store/Profile/Home-Resource-Industrial-Co-Ltd-/1X00KBFO,extracted,"Exporter, Manufacturer, Wholesaler, e-tailer","Taipei City, Taiwan",1988,"Consumer Electronics , Environmental Protection , Gifts / Souvenirs , Homeware & Lifestyle Essentials , Lights",Worldwide,Homeresource,Mr Kevin Chen,"4F, No. 7, Dexing W. Rd, Shilin Dist. Shilin Dist., Taipei City Taiwan",Taiwan,501 - 1000,"US$ 10,000,000 - 49,999,999",Manager,
"Ningbo Dongxing Electric Co., Ltd.",https://sourcing.hktdc.com/en/Supplier-Store/Profile/Ningbo-Dongxing-Electric-Co-Ltd/1X008DZY,extracted,"Exporter, Manufacturer","Ningbo, Zhejiang, Chinese Mainland",2000,"Environmental Protection , Lights","Africa, Australasia, Eastern Europe, Hong Kong, Middle East, Scandinavia, Taiwan, Western Europe",,Ms Mable Mao,"Fenglin Industry Development Zone, Qiaotou, Cixi, Ningbo City, Zhejiang Province, China.",Chinese Mainland,501 - 1000,"US$ 10,000,000 - 49,999,999",Sales Manager,
"Rise Lighting Co., Ltd.",https://sourcing.hktdc.com/en/Supplier-Store/Profile/Rise-Lighting-Co-Ltd-/1S00O4NG1,extracted,Manufacturer,"New Taipei City, Taiwan",1987,Lights,Worldwide,RISE LIGHTING,Ms Jiatian Lan,"2F, No.7, WU CHUAN 1ST RD., HSIN CHUANG DIST. NEW TAIPEI CITY TAIWAN",Taiwan,201 - 500,"US$ 1,000,000 - 4,999,999",,
"Shenzhen Coreshine Optoelectronics Co., Ltd.",https://sourcing.hktdc.com/en/Supplier-Store/Profile/Shenzhen-Coreshine-Optoelectronics-Co-Ltd/1X05XYY8,extracted,Manufacturer,"Shenzhen, Guangdong, Chinese Mainland",2005,"Environmental Protection , Furniture & Parts , Hardwares (Tools & Parts) , Home Appliances , Lights , Parts, Components & Electrical Supplies , Parts, Electrical Electronic Supplies","Australasia, Central & South America, Japan, Middle East, North America, Southeast Asia, Western Europe, Worldwide",CoreShine,Ms Gina Lin,"Floor 5, Building 2 Grain Group, No. 299 GuanLan, Longhua District, Shenzhen, Guangdong, China",Chinese Mainland,101 - 200,"US$ 250,000 - 499,999",Marketing Director,
"Shenzhen Starwire Lighting Co., Limited",https://sourcing.hktdc.com/en/Supplier-Store/Profile/Shenzhen-Starwire-Lighting-Co-Limited/1X07V7VK,extracted,"Exporter, Manufacturer","Shenzhen, Guangdong, Chinese Mainland",,Lights,"North America, Western Europe",,Ms - -,"5th Floor,6th Building,Yushan Industrial Park, Shiyan Town,Baoan, Shenzhen, Guangdogn,China",Chinese Mainland,,,sales manager,
"UP-Shine Lighting Co.,Limited",https://sourcing.hktdc.com/en/Supplier-Store/Profile/Upshine-Lighting-Co-Ltd-/1X088Q5P,extracted,"Exporter, Manufacturer","Shenzhen, Guangdong, Chinese Mainland",2009,Lights,"Australasia, Central & South America, Eastern Europe, Hong Kong, Japan, Korea, Middle East, North America, Other Asian Countries, Scandinavia, Southeast Asia, Western Europe, Worldwide",,Miss vickey shui,"2-5 floor, 2nd building, runheng industrial zone, fuyuan 1st road (west side), Fuyong Sub-district, Shenzhen City, Guangdong Province, China",Chinese Mainland,501 - 1000,"US$ 5,000,000 - 9,999,999",sales manager,
"Zhongshan Hauni Lighting Co.,Ltd",https://sourcing.hktdc.com/en/Supplier-Store/Profile/Zhongshan-Hauni-Lighting-Co-Ltd/1X0992R3,extracted,"Exporter, Manufacturer","Zhongshan, Guangdong, Chinese Mainland",2006,Lights,"Africa, Australasia, Central & South America, Eastern Europe, Hong Kong, Korea, Middle East, North America, Other Asian Countries, Scandinavia, Southeast Asia, Western Europe, Worldwide",HAUNI,Mr Ali Du,"NO.2 DONGBEI 6 ROAD, GUSAN INDUSTRIAL AVENUE, GUZHEN TOWN,",Chinese Mainland,101 - 200,"US$ 500,000 - 999,999",G.Manager,
"Zhongshan Meisha Lighting Co., Ltd.",https://sourcing.hktdc.com/en/Supplier-Store/Profile/Zhongshan-Mesa-Lighting-Co-Ltd/1X0B5H8D,extracted,"Exporter, Manufacturer","Zhongshan, Guangdong, Chinese Mainland",2017,"Environmental Protection , Lights","Australasia, Central & South America, Eastern Europe, Other Asian Countries, Scandinavia, Western Europe",MESA,Ms Sherry Chen,"No. 2-4, Huasheng Dong Road, CaoSan Business Incubator Park, Guzhen Town, Zhongshan, Guongdong, China.",Chinese Mainland,26 - 50,,Manager,
Evermore Enterprise (Zhejiang) Ltd,https://sourcing.hktdc.com/en/Supplier-Store/Profile/Evermore-Enterprise-Zhejiang-Ltd/1X06DQL9,extracted,"Exporter, Manufacturer","Hangzhou, Zhejiang, Chinese Mainland",2005,"Environmental Protection , Festive Supplies , Gifts, Toys & Sports Supplies , Lights","Eastern Europe, Scandinavia, Western Europe",EVERMORE,Mr Yang Show,"No.27 Xianxing Road, Xianlin Town, Yuhang, Hangzhou City, Zhejiang Province, China.",Chinese Mainland,51 - 100,"US$ 10,000,000 - 49,999,999",,
"Highstar (H.K.) Industrial Co., Limited",https://sourcing.hktdc.com/en/Supplier-Store/Profile/Highstar-HK-Industrial-Co-Ltd/1X00BMVB,extracted,"Exporter, Manufacturer",Hong Kong,1999,"Consumer Electronics , Environmental Protection , Gifts / Souvenirs , Gifts, Toys & Sports Supplies , Health Care & Medical Supplies , Home Appliances , Homeware & Lifestyle Essentials , Jewellery & Watch , Lights , Sports Supplies , Telecommunication , Watches & Clocks","Chinese Mainland, Japan, Korea, North America, Western Europe",Highstar,Mr Boris Han,"Unit 47, 5/F, Block F, Wah Lok Industrial Centre, 31-41 Shan Mei Street, Fotan, Shatin, New Territories, Hong Kong.",Hong Kong,201 - 500,"US$ 10,000,000 - 49,999,999",Operation Manager,
Homrich International Limited,https://sourcing.hktdc.com/en/Supplier-Store/Profile/Homrich-International-Ltd/1X00JDKD,extracted,Manufacturer,Hong Kong,1993,"Environmental Protection , Lights","Central & South America, Chinese Mainland, Eastern Europe, Middle East, Southeast Asia, Western Europe, Worldwide",,Mr Liu Ivan,"Room 1111, 11/F, Concordia Plaza 1 Science Museum Road Tsim Sha Tsui, Kowloon, Hong Kong.",Hong Kong,101 - 200,"US$ 5,000,000 - 9,999,999",Director,
HongKong SNC Lighting Co Ltd,https://sourcing.hktdc.com/en/Supplier-Store/Profile/HongKong-SNC-Lighting-Co-Ltd/1X0B26SQ,extracted,Exporter,Hong Kong,,Lights,"Australasia, North America, Other Asian Countries, Southeast Asia, Western Europe",SNC,Ms Monica Song,"Rm 1101, 11/F., San Toi Bldg., No. 139 Connaught Rd., Central, Hong Kong",Hong Kong,,,,
Hongkong Lcz Group Limited,https://sourcing.hktdc.com/en/Supplier-Store/Profile/HONGKONG-LCZ-GROUP-LIMITED/1X097918,extracted,Manufacturer,Hong Kong,2001,"Environmental Protection , Lights","Japan, North America, Scandinavia, Western Europe",LCZ,Mr Bruce Zhu,"No.480,Dongan North Road, Zhongshan Guangdong, China",Hong Kong,501 - 1000,,VP,
Megapower Product Company Limited,https://sourcing.hktdc.com/en/Supplier-Store/Profile/Megapower-Product-Company-Limited/1X0747GZ,extracted,Manufacturer,Hong Kong,2008,"Furniture & Parts , Gift Sets , Gifts / Souvenirs , Homeware & Lifestyle Essentials , Lights , Parts, Electrical Electronic Supplies , Wedding Gifts & Accessories","North America, Western Europe",,Mr Ian Chen,"Room 603, 6/F, Hang Pont Commercial Building, 31 Tonkin Street, Cheung Sha Wan, KL, Hong Kong",Hong Kong,51 - 100,"US$ 1,000,000 - 4,999,999",manager,
"Changzhou Fuxing Electrical Appliance Co., Ltd.",https://sourcing.hktdc.com/en/Supplier-Store/Profile/Changzhou-Fuxing-Electrical-Appliance-Co-Ltd/1X00JSVT,extracted,"Exporter, Manufacturer","Changzhou, Jiangsu, Chinese Mainland",1996,"Environmental Protection , Lights","Africa, Australasia, Central & South America, Chinese Mainland, Eastern Europe, Hong Kong, Japan, Korea, Middle East, North America, Other Asian Countries, Scandinavia, Southeast Asia, Taiwan, Western Europe, Worldwide",,Ms Susy Wang,"No.20 Dongfang South Road Wujin Economic Development Zone(Lihe) Changzhou City, Jiangsu Province, China.",Chinese Mainland,1001 - 2000,"US$ 10,000,000 - 49,999,999",General Manager,
"Dongmyung Lighting Co.,Ltd.",https://sourcing.hktdc.com/en/Supplier-Store/Profile/Dongmyung-Lighting-Co-Ltd-/1X00JB12,extracted,Manufacturer,"Korea, Republic Of",1972,"Environmental Protection , Lights","Eastern Europe, Korea, Southeast Asia, Western Europe, Worldwide",RAAT,Mr Min Lee,14 WONHYO-RO 97-GIL YONGSAN-GU SEOUL KOREA,"Korea, Republic Of",51 - 100,"US$ 10,000,000 - 49,999,999",Assistant Sales Manager,
Leedarson IoT Technology Inc.,https://sourcing.hktdc.com/en/Supplier-Store/Profile/Leedarson-IoT-Technology-Inc-/1X0F0E3R,extracted,Manufacturer,"Xiamen, Fujian, Chinese Mainland",2000,Lights,"Japan, North America, Western Europe, Worldwide",,Mr Felix She,"LEEDARSON Bldg., No. 1511 2nd Fanghu North Rd., Xiamen Fujian Province China",Chinese Mainland,5001 - 10000,,,
"Suzhou Radiant Lighting Technology Co., Ltd.",https://sourcing.hktdc.com/en/Supplier-Store/Profile/Suzhou-Radiant-Lighting-Technology-Co-Ltd/1X08GTE7,extracted,"Exporter, Manufacturer","Suzhou, Jiangsu, Chinese Mainland",2005,"Home Products, Lights & Constructions , Lights","Eastern Europe, Middle East, Scandinavia, Western Europe",,Mr Allen Yin,"Jiatai Rd, Shuanglong Indl Park, Fenghuang Town, Zhangjiagang, Suzhou, Jiangsu Province, China",Chinese Mainland,101 - 200,"US$ 5,000,000 - 9,999,999",Sales Manager,
Xiamen PVTECH Corporation Limited,https://sourcing.hktdc.com/en/Supplier-Store/Profile/Xiamen-PVTECH-Corporation-Limited/1X0A9RK7,extracted,"Exporter, Manufacturer, Private Individual","Xiamen, Fujian, Chinese Mainland",2009,"Consumer Electronics , Environmental Protection , Furniture & Parts , Lights , Parts, Electrical Electronic Supplies","Central & South America, Eastern Europe, Japan, North America, Southeast Asia, Western Europe",PVTECH,Ms lin betty,"Unit 28, Yangtai Road Xinyang Industrial Zone, Haicang District, Fujian,China",Chinese Mainland,501 - 1000,"US$ 10,000,000 - 49,999,999",,
"Xiamen Tenia Lighting & Electrical Co., Ltd.",https://sourcing.hktdc.com/en/Supplier-Store/Profile/Xiamen-Tenia-Lighting-Electrical-Co-Ltd/1S00NTIS6,extracted,"Exporter, Manufacturer","Xiamen, Fujian, Chinese Mainland",2005,"Lights , Parts, Components & Electrical Supplies , Parts, Electrical Electronic Supplies",,,Ms Kris Li,"No.575, Second Ring South Road Tong'an District Xiamen/Fujian China",Chinese Mainland,201 - 500,"US$ 10,000,000 - 49,999,999",,
Beghelli Asia Pacific Limited,https://sourcing.hktdc.com/en/Supplier-Store/Profile/Beghelli-Asia-Pacific-Limited/1X088X81,extracted,Manufacturer,Hong Kong,1992,"Environmental Protection , Lights",Worldwide,,Mr KS Mak,"Unit 610, 6/F, Lakeside 2, 10 Science Park West Avenue, Hong Kong Science Park, Shatin, NT, Hong Kong",Hong Kong,,,Business Development Manager,
Extra Lighting Manufacturing Limited,https://sourcing.hktdc.com/en/Supplier-Store/Profile/Extra-Lighting-Manufacturing-Limited/1X00JBV8,extracted,Manufacturer,Hong Kong,2001,"Environmental Protection , Lights","Australasia, Central & South America, Eastern Europe, Hong Kong, Korea, Middle East, North America, Other Asian Countries, Southeast Asia, Western Europe, Worldwide",,Ms Lai Sha Tang,"Flat/ Rm 801-2, 8/F, Easey Commercial Building, 253-261 Hennessy Road, Wanchai, Hong Kong",Hong Kong,201 - 500,"US$ 1,000,000 - 4,999,999",,
Eyarn Lighting Limited,https://sourcing.hktdc.com/en/Supplier-Store/Profile/EYARN-LIGHTING-LIMITED/1X04P5K1,extracted,Manufacturer,Hong Kong,2005,"Environmental Protection , Lights","Japan, Korea, Southeast Asia, Taiwan, Western Europe",,Miss Yan Fang Meng,"Room 1301, 13/F, CRE Building, 303 Hennessy Road, Wan Chai, Hong Kong",Hong Kong,,,Director,
Hai Cheng Lighting Company,https://sourcing.hktdc.com/en/Supplier-Store/Profile/Hai-Cheng-Lighting-Company/1X04UTI3,extracted,Manufacturer,Hong Kong,1996,"Environmental Protection , Lights","Chinese Mainland, Eastern Europe, Hong Kong, Japan, Korea, Other Asian Countries, Scandinavia, Taiwan, Western Europe",,Pauline Lei,"Flat E, 2/F, Wah Hing Industrial mansion 36 Tai Yau Street, San Po Kong, Kowloon Hong Kong",Hong Kong,201 - 500,"US$ 5,000,000 - 9,999,999",,
King Light Illumination (Hong Kong) Limited,https://sourcing.hktdc.com/en/Supplier-Store/Profile/KING-LIGHT-ILLUMINATION-HONG-KONG-LIMITED/1X05WPS5,extracted,Manufacturer,Hong Kong,,"Environmental Protection , Lights","Eastern Europe, Japan, North America",,Mr Joseph Tsoi,"Suite 1328, 13/F, Block 1 , Golden Industrial Bldg, 16-26 Kwai Tak Street, Kwai Chung, N.T. Hong Kong",Hong Kong,,,Director,
Luman Lighting Limited,https://sourcing.hktdc.com/en/Supplier-Store/Profile/Luman-Lighting-Ltd/1X04T0EM,extracted,"Exporter, Manufacturer, Wholesaler",Hong Kong,2009,,"Australasia, Central & South America, Hong Kong, Middle East, North America, Western Europe, Worldwide",LUMAN,Mr Freddie Lau,"Unit 709, Lakeside 2, Phase Two, No.10 Science Park West Avenue Science Park Shatin, NT",Hong Kong,26 - 50,"US$ 1,000,000 - 4,999,999",General Manager,
Prosperity Lamps & Components Limited,https://sourcing.hktdc.com/en/Supplier-Store/Profile/Prosperity-Lamps-Components-Ltd/1X0039VE,extracted,Manufacturer,Hong Kong,1978,"Environmental Protection , Lights",Worldwide,,Mr Kenneth Sam,"20/F  Cornell Ctr 50 Wing Tai Rd  Chai Wan, H.K.",Hong Kong,51 - 100,,Managing Director,
SINOLUCK HOLDING LIMITED,https://sourcing.hktdc.com/en/Supplier-Store/Profile/SINOLUCK-HOLDING-LIMITED/1S00P9F2F,extracted,Manufacturer,Hong Kong,2010,"Lights , Parts, Components & Electrical Supplies","Australasia, Central & South America, Eastern Europe, Middle East, North America, Scandinavia, Western Europe, Worldwide",Starlux,Mr Bajnok Xu,"FLAT/RM. 103F 1/F, KAI WONG COMMERCIAL BUILDING, 222 QUEEN'S",Hong Kong,501 - 1000,,,
"Viano International Co., Limited",https://sourcing.hktdc.com/en/Supplier-Store/Profile/Viano-International-Co-Limited/1X07LCY2,extracted,"Exporter, Manufacturer",Hong Kong,2010,Lights,"Australasia, Central & South America, Eastern Europe, Hong Kong, Japan, Korea, Middle East, North America, Other Asian Countries, Southeast Asia, Western Europe, Worldwide",VIANOLUX,Mr Zenith Zeng,"Unit B 16th Floor, Ckk Comm Ctr, No289-295 Hennessy Road, Wanchai, Hong Kong",Hong Kong,101 - 200,"US$ 5,000,000 - 9,999,999",Director,
CF Lighting,https://sourcing.hktdc.com/en/Supplier-Store/Profile/CF-Lighting/1X03SRK7,extracted,"Exporter, Manufacturer","Zhongshan, Guangdong, Chinese Mainland",2014,Lights,Worldwide,,Ms Rine Luo,"No. 28 KangLong Third Rd, XinMao Industrial Area, Henglan Town, Zhongshan City China",Chinese Mainland,201 - 500,"US$ 5,000,000 - 9,999,999",Sales,
Cupower Europe GmbH,https://sourcing.hktdc.com/en/Supplier-Store/Profile/CUPOWER-EUROPE-GMBH/1S00OH3UF,extracted,Manufacturer,Germany,2009,Lights,"Africa, Australasia, Central & South America, Chinese Mainland, Eastern Europe, Hong Kong, Japan, Korea, Middle East, North America, Other Asian Countries, Scandinavia, Southeast Asia, Taiwan, Western Europe, Worldwide",CUPOWER,Mrs Katja Politowski,"Ahornweg 5a, 58675, Hemer,",Germany,501 - 1000,,Marketing Director,
E-Lite Lighting Company Limited,https://sourcing.hktdc.com/en/Supplier-Store/Profile/E-LITE-LIGHTING-CO-LTD-/1X05XXLO,extracted,"Exporter, Manufacturer","Shenzhen, Guangdong, Chinese Mainland",2007,"Environmental Protection , Lights",Western Europe,,Mr Jun Liao,"10/F,Building A, Senyang Hign-Tech Park, Guangming High-Tech Area, Guangming District, Shenzhen City, Guangdong Province, China",Chinese Mainland,,,Vice General Manager,
"Foshan Electrical and Lighting Co., Ltd.",https://sourcing.hktdc.com/en/Supplier-Store/Profile/Foshan-Electrical-Lighting-Co-Ltd/1X04RYQG,extracted,"Exporter, Manufacturer","Foshan, Guangdong, Chinese Mainland",1992,"Environmental Protection , Lights",Worldwide,,Ms Anna Wong,"64 North Fenjiang Road, Foshan City, Guangdong Province, China",Chinese Mainland,5001 - 10000,,Sales Manager,
Fumagalli Srl,https://sourcing.hktdc.com/en/Supplier-Store/Profile/Fumagalli-SRL/1X00JC7T,extracted,Manufacturer,Italy,1973,"Environmental Protection , Lights",Worldwide,,Chiara Fumagalli,"Via Ca Bassa N.29 Varese, 21100 Varese",Italy,51 - 100,"US$ 5,000,000 - 9,999,999",DEveloping Dept Manager,
"Kingdery Lighting Co., Ltd.",https://sourcing.hktdc.com/en/Supplier-Store/Profile/KINGDERY-LIGHTING-CO-LTD/1X08M0S8,extracted,"Exporter, Manufacturer, Wholesaler","Zhongshan, Guangdong, Chinese Mainland",,,,,Ms Shirley Xu,"Yihui 3 Road, Block B, Sisha Maohui Industrial Zone, Henglan Town, Zhongshan City, Guangdong Province, China",Chinese Mainland,,,Sales Manager,
Paul-Yu Ind'l Corp.,https://sourcing.hktdc.com/en/Supplier-Store/Profile/PAUL-YU-IND-L-CORP-/1X00FRQ1,extracted,"Exporter, Manufacturer","Taipei City, Taiwan",1978,"Furniture & Parts , Home Products, Lights & Constructions , Lights","Central & South America, Eastern Europe, Japan, Middle East, North America",TAROGO,Mr Paul Yu,"8th Fl., No.68, Jen-ai Rd., Sec.4, Taipei City, Taiwan",Taiwan,2001 - 3000,"US$ 10,000,000 - 49,999,999",President,
"Shenzhen Xin Cai Yi Technology Co.,Ltd",https://sourcing.hktdc.com/en/Supplier-Store/Profile/Shenzhen-Futlight-Optoelectronics-Co-Ltd/1X07T778,extracted,Exporter,"Shenzhen, Guangdong, Chinese Mainland",,"Environmental Protection , Lights","Chinese Mainland, Eastern Europe, Japan, North America, Southeast Asia, Western Europe",,Ms - Luo,"Floor 2,Building D,Fusen Technology Park,Hangcheng Bao'an District, Shenzhen, Guangdong,518000,China",Chinese Mainland,,,,
"Zhejiang Howell Illuminating Technology Co., Ltd.",https://sourcing.hktdc.com/en/Supplier-Store/Profile/Zhejiang-Howell-Illuminating-Technology-Co-Ltd/1X00E778,extracted,Manufacturer,"Ningbo, Zhejiang, Chinese Mainland",2005,"Environmental Protection , Lights","Central & South America, Eastern Europe, Japan, Middle East, Scandinavia, Western Europe",HOWELL,Mr Tongquan Hua,"Xiaxiang Industrial Estate Lanjiang district Yuyao Zhejiang,China",Chinese Mainland,201 - 500,"US$ 10,000,000 - 49,999,999",General Manager,
"Actec Electronics Co., Limited",https://sourcing.hktdc.com/en/Supplier-Store/Profile/AcTEC-Electronics-Co-Limited/1X07HHJ2,extracted,"Exporter, Manufacturer, Wholesaler",Hong Kong,2002,"Environmental Protection , Lights , Parts, Components & Electrical Supplies , Parts, Components & Raw Materials , Parts, Electrical Electronic Supplies","Australasia, Hong Kong, Western Europe",,Mr Sam Leong,"Flat 4, 20/F, Block F, King Shan Court, 32 Fung Shing St, Ngau Chi Wan, Kowloon, Hong Kong",Hong Kong,201 - 500,"US$ 1,000,000 - 4,999,999",,
Alltech Lighting Group Limited,https://sourcing.hktdc.com/en/Supplier-Store/Profile/OKT-Lighting-Int-l-Group-Limited/1X084R8J,extracted,"Exporter, Manufacturer",Hong Kong,2008,"Environmental Protection , Lights",North America,OKT LIGHTING,Ms Elliot Tan,"Rm 1005, 10/F, Ho King Commercial Centre, 2-16A Fa Yuen Street, Mong Kok, Kowloon, Hong Kong",Hong Kong,101 - 200,"US$ 1,000,000 - 4,999,999",sales manager,
"Ametaline Lighting Co., Ltd.",https://sourcing.hktdc.com/en/Supplier-Store/Profile/Ametaline-Lighting-Co-Ltd/1X07HK0C,extracted,"Exporter, Manufacturer",Hong Kong,,"Environmental Protection , Lights","Australasia, North America, Western Europe",,Mr Nelson Qiu,"Flat/Fm B, 8/F, Chong Ming Building, 72 Cheung Sha Wan Road, Kowloon, Hong Kong",Hong Kong,,,Manager,
"Aston lighting Co., Ltd.",https://sourcing.hktdc.com/en/Supplier-Store/Profile/Aston-lighting-Co-Ltd/1S00OCM35,extracted,,Hong Kong,,,,,Mr Kevin xie,,Hong Kong,,,,
Beauty Shadow Company Limited,https://sourcing.hktdc.com/en/Supplier-Store/Profile/Beauty-Shadow-Co-Ltd/1X001OLF,extracted,Manufacturer,Hong Kong,1993,"Environmental Protection , Lights","Eastern Europe, Middle East, Southeast Asia, Worldwide",OEM,Mr Mike Hung,"Unit 11, 29/F., Cable Tv Tower,9 Hoi Shing Rd., Tsuen Wan, New Territories, Hong Kong.",Hong Kong,501 - 1000,"US$ 100,000 - 249,999",Marketing Executive,
"Bluevision Optoelectronics Co.,Limited",https://sourcing.hktdc.com/en/Supplier-Store/Profile/Bluevision-Optoelectronics-Co-Limited/1X0A1DYZ,extracted,,Hong Kong,,Lights,,,Charles Zhao,"Unit B Rm 06, Legend Tower 7 Shing Yip St Kwun Tongm, Kowloon Hong Kong",Hong Kong,,,,
Bright Lighting Solutions Limited,https://sourcing.hktdc.com/en/Supplier-Store/Profile/Bright-Lighting-Solutions-Limited/1X07HQU0,extracted,"Exporter, Manufacturer",Hong Kong,2012,"Building Materials & Supplies , Environmental Protection , Furniture & Parts , Home Products, Lights & Constructions , Homeware & Lifestyle Essentials , Lights","Eastern Europe, North America, Western Europe, Worldwide",,Mr Fuquan Xiao,"Room A, 20/F, Kai Kwong Comm Bldg, 332-334 Lockheart Rd, Wan Chai, Hong Kong",Hong Kong,201 - 500,"US$ 1,000,000 - 4,999,999",Boss,
City Light (HK) Company Limited,https://sourcing.hktdc.com/en/Supplier-Store/Profile/CITY-LIGHT-HK-CO-LTD/1X03UHH4,extracted,Manufacturer,Hong Kong,2006,"Environmental Protection , Lights","Eastern Europe, Hong Kong, North America, Scandinavia, Southeast Asia, Taiwan, Western Europe",,Mr Tiky Wong,"Flat A, 9/F Pak Lok Building 322 Nathan Road Kowloon",Hong Kong,201 - 500,"US$ 500,000 - 999,999",Sales Manager,
Crep Group (Hongkong) Limited,https://sourcing.hktdc.com/en/Supplier-Store/Profile/Crep-Group-Hongkong-Limited/1X07HGWS,extracted,Exporter,Hong Kong,2009,"Environmental Protection , Lights","Japan, North America, Western Europe",,Mr Raymond Lu,"RM 1609 A2, NAN FUNG TOWER, 173 DES VOEUX RD, CENTRAL HK",Hong Kong,201 - 500,"US$ 10,000,000 - 49,999,999",Marketing Manager,
Dilux Lighting Limited,https://sourcing.hktdc.com/en/Supplier-Store/Profile/Dilux-Lighting-Limited/1X05WS4K,extracted,Manufacturer,Hong Kong,1999,Lights,"Central & South America, Eastern Europe, North America, Other Asian Countries, Western Europe, Worldwide",Dilux,Mr Jazz Cheng,"Unit 01, 19th Floor Nanyang Plaza 57 Hung To Road Kwun Tong, Kowloon, Hong Kong",Hong Kong,201 - 500,"US$ 10,000,000 - 49,999,999",Sales & Marketing Manager,
Elite Enterprises (H.K.) Company Limited,https://sourcing.hktdc.com/en/Supplier-Store/Profile/Elite-Enterprises-HK-Co-Ltd/1X00BQVZ,extracted,"Distributor, Export Agent, Manufacturer, Wholesaler",Hong Kong,2002,"Environmental Protection , Lights , Parts, Components & Electrical Supplies , Parts, Components & Raw Materials","Australasia, Central & South America, Chinese Mainland, Eastern Europe, Hong Kong, Japan, Korea, Middle East, North America, Other Asian Countries, Southeast Asia, Taiwan, Western Europe, Worldwide","ELR, ELITE",Mr Stephen Ng,"Flat 707, 7/F, Nanyang Plaza, 57 Hung To Road, Kwun Tong, Kowloon, Hong Kong",Hong Kong,101 - 200,"US$ 5,000,000 - 9,999,999",Manager/Director,
Fiam Asia Group Limited,https://sourcing.hktdc.com/en/Supplier-Store/Profile/FIAM-ASIA-GROUP-LIMITED/1X08G28M,extracted,Manufacturer,Hong Kong,2000,"Environmental Protection , Lights",Worldwide,,Mr RONGYAN LIANG,"Flat 3208, 32/F, Central Plaza, 18 Harbour Road, Wanchai",Hong Kong,26 - 50,,Manager,
Finase Lighting Limited,https://sourcing.hktdc.com/en/Supplier-Store/Profile/Finase-Lighting-Limited/1X00JBZ4,extracted,Manufacturer,Hong Kong,1988,Lights,"Central & South America, Eastern Europe, Scandinavia, Western Europe",,Sammiw. S. Luk,"Room 2506, West Tower, Shun Tak Centre, 168-200 Connaught Road Central, Hong Kong",Hong Kong,201 - 500,"US$ 500,000 - 999,999",Secretary,
Handex Lighting (China) Limited,https://sourcing.hktdc.com/en/Supplier-Store/Profile/Handex-Lighting-China-Limited/1X084QO6,extracted,Manufacturer,Hong Kong,1990,Lights,Worldwide,Handex,Ms Mandy Fong,"Room 909, Goodluck Industrial Ctr., 808 Lai Chi Kok Road, Kowloon, Hong Kong",Hong Kong,101 - 200,"US$ 5,000,000 - 9,999,999",Sale Manageress,
Hing Fat Electrical Lighting Co. Limited,https://sourcing.hktdc.com/en/Supplier-Store/Profile/Hing-Fat-Electrical-Lighting-Co-Ltd/1X00JDGH,extracted,"Exporter, Manufacturer",Hong Kong,1995,"Environmental Protection , Lights","Eastern Europe, Japan, North America, Scandinavia, Southeast Asia, Western Europe, Worldwide",,Miss Kindy Lam,"Suite 1001, 10/F, Kodak House II, 39 Healthy Street East, North Point, Hong Kong",Hong Kong,501 - 1000,"US$ 10,000,000 - 49,999,999",Marketing Officer,
"Hong Kong Diaman International Lighting Co., Limited",https://sourcing.hktdc.com/en/Supplier-Store/Profile/Hong-Kong-Diaman-International-Lighting-Co-Limited/1X07T75A,extracted,"Exporter, Manufacturer",Hong Kong,2010,"Design Services , Environmental Protection , Lights","Eastern Europe, Other Asian Countries, Scandinavia, Southeast Asia, Western Europe",Diaman,Ms Qearl Huo,"Flat/RM 02 7/F, SPA Centre No.53-55 Lockhart Road Wan Chai, HK",Hong Kong,201 - 500,,Assistant,
Hong Kong Dick Po Lighting Company Limited,https://sourcing.hktdc.com/en/Supplier-Store/Profile/Hong-Kong-Dick-Po-Lighting-Co-Ltd/1X00603X,extracted,Manufacturer,Hong Kong,2014,Lights,"Africa, Chinese Mainland, Eastern Europe, Middle East, North America, Scandinavia, Southeast Asia, Western Europe, Worldwide",Dickpo，YuBao Lighting,Mr Zhilin Tan,"Suite A, 19/F, Ritz Plaza,122 Austin Road, Tsim Sha Tsui, Kowloon, Hong Kong.",Hong Kong,101 - 200,"US$ 1,000,000 - 4,999,999",General Manager,
Hong Kong Malans Lighting Company Limited,https://sourcing.hktdc.com/en/Supplier-Store/Profile/Hong-Kong-Malans-Lighting-Company-Limited/1X0AWAGQ,extracted,Buying Office,Hong Kong,2017,Lights,"Central & South America, Eastern Europe, Southeast Asia, Western Europe",MALANS,Mr GUANFENG YUAN,"Unit 9, 21/F, Ph I, Chai Wan Ind City, 60 Wing Tai Rd, Chai Wan, Hong Kong",Hong Kong,1 - 5,"US$ 50,000 - 99,999",,
"Hongkong Liz Lighting Co., Ltd.",https://sourcing.hktdc.com/en/Supplier-Store/Profile/Hongkong-Liz-Lighting-Co-Ltd/1S00NWM42,extracted,,Hong Kong,,,,,Mr owen ou,,Hong Kong,,,,
"Hotsales Technology Co., Ltd.",https://sourcing.hktdc.com/en/Supplier-Store/Profile/Hotsales-Technology-Co-Ltd-/1S00OCVMB,extracted,,Hong Kong,,Lights,,,Mr Jun Wan,,Hong Kong,,,,
Huitron Limited,https://sourcing.hktdc.com/en/Supplier-Store/Profile/HUITRON-LIMITED/1S00O916H,extracted,"Exporter, Manufacturer, Wholesaler",Hong Kong,2006,"Homeware & Lifestyle Essentials , Lights","Australasia, Central & South America, Eastern Europe, Hong Kong, Middle East, North America, Other Asian Countries, Scandinavia, Southeast Asia",COOLIGHT,Ms LU LISA,"19H Maxgrand plaza, No.3 Tai Yau Street, San Po Kong, Kowloon, HongKong",Hong Kong,201 - 500,"US$ 10,000,000 - 49,999,999",,
I-Bright,https://sourcing.hktdc.com/en/Supplier-Store/Profile/I-Bright/1X08I47H,extracted,Manufacturer,Hong Kong,2003,"Homeware & Lifestyle Essentials , Lights","Central & South America, North America, Western Europe",iBright,Mrs Ka Li Chan,"2/F, Dah Sing Life Bldg., 99-105 Des Voeux Rd. Central, China",Hong Kong,101 - 200,"US$ 5,000,000 - 9,999,999",sales Mgr,
K&G Lighting Hongkong Limited,https://sourcing.hktdc.com/en/Supplier-Store/Profile/K-G-LIGHTING-HONGKONG-LIMITED/1X09UC1Z,extracted,"Buying Office, Exporter, Manufacturer, Wholesaler",Hong Kong,2007,Lights,Worldwide,KNG,Mr Kevin cheung,"Mnl2069 Rm1007,10/F, Ho King Ctr., N0. 2-16fa Yuen St., Kowloon, Hong Kong",Hong Kong,6 - 10,"US$ 5,000,000 - 9,999,999",,
"Kam's Light (H.K) Co., Limited",https://sourcing.hktdc.com/en/Supplier-Store/Profile/Kam-s-Light-HK-Co-Ltd/1X074769,extracted,"Exporter, Manufacturer, Wholesaler, e-tailer",Hong Kong,2003,"Environmental Protection , Lights",Worldwide,,Steven Pan,"Room 905, Workingberg Commercial Building, 41-47 Marble Road, Hong Kong",Hong Kong,26 - 50,"US$ > 250,000,000",Sales Manager,
"LSM LED Lighting Co., Limited",https://sourcing.hktdc.com/en/Supplier-Store/Profile/Lsm-Led-Lighting-Co-Limited/1X097884,extracted,,Hong Kong,,Lights,,,Wendy Ouyang,"Flat/Rm B1, 8/F, Chong Ming Building, 72 Cheung Sha Wan Road, Kowloon, Hong Kong",Hong Kong,,,MANAGER,
Lac Opto (HK) International Limited,https://sourcing.hktdc.com/en/Supplier-Store/Profile/Lac-Opto-HK-International-Limited/1X0AWAMK,extracted,,Hong Kong,,Lights,,,linge Xu,"11/F, Capital Ctr, 151 Gloucester Rd, Wan Chai, Hong Kong",Hong Kong,,,,
Leadlux Lighting Technology Limited,https://sourcing.hktdc.com/en/Supplier-Store/Profile/Leadlux-Lighting-Technology-Limited/1X07HKOO,extracted,"Exporter, Manufacturer",Hong Kong,,"Environmental Protection , Lights , Sports Supplies",,,Miss Jessie Zhou,"Rm 2105, 21/F., Trend Centre, 29-31 Cheung Lee Street, Chai Wan, Hong Kong",Hong Kong,,,,
"Lux International Lighting Co., Ltd.",https://sourcing.hktdc.com/en/Supplier-Store/Profile/Lux-Int-l-Lighting-Co-Ltd/1X06EB03,extracted,"Exporter, Manufacturer",Hong Kong,2010,Lights,"Australasia, Central & South America, Eastern Europe, Japan, Korea, North America, Scandinavia, Southeast Asia, Western Europe, Worldwide",LUXINT,Ms -xie Alice,"Room 1318-19, Hollywood Plaza, 610 Nathan Road, Mong Kok, Kowloon",Hong Kong,501 - 1000,"US$ 1,000,000 - 4,999,999",CEO,
Million Industries Limited,https://sourcing.hktdc.com/en/Supplier-Store/Profile/Million-Industries-Limited/1X00JH1K,extracted,"Import Agent, Wholesaler",Hong Kong,1991,"Environmental Protection , Homeware & Lifestyle Essentials , Lights",Hong Kong,BMC,Ms Barbara Chan,"1/F, Wah Tung Godown , 4 Tung Yuen Street, Yau Tong, Kowloon, Hong Kong.",Hong Kong,16 - 25,,Supervisor,
Moso Power Tech (HK) International Limited,https://sourcing.hktdc.com/en/Supplier-Store/Profile/Moso-Power-Tech-HK-International-Limited/1X06QY7Z,extracted,Manufacturer,Hong Kong,,"Environmental Protection , Lights",Worldwide,,Mr Katy Tiangui,"11/F, Axa Centre, 151 Glducester Rd, Wan Chai, Hong Kong",Hong Kong,,,,
Nata Lighting Company,https://sourcing.hktdc.com/en/Supplier-Store/Profile/Nata-Lighting-Co/1X07HRBG,extracted,Manufacturer,Hong Kong,2003,"Automobile Electronics , Automobile Parts & Accessories , Design Services , Health Care & Medical Supplies , Lights , Parts, Electrical Electronic Supplies","Australasia, Central & South America, Chinese Mainland, Eastern Europe, Hong Kong, Japan, Korea, Middle East, North America, Other Asian Countries, Scandinavia, Southeast Asia, Taiwan, Western Europe, Worldwide",Nata,Ms Reginear See,"Flat U16, Blk1, 12/F, Kwun Tong Industrial Center, 472-482 Kwun Tong Road, Kwun Tong, Hong Kong",Hong Kong,51 - 100,,Marketing Manager,
"Onike Industry Co., Ltd.",https://sourcing.hktdc.com/en/Supplier-Store/Profile/Onike-Industry-Co-Ltd/1X07HKVH,extracted,"Exporter, Manufacturer",Hong Kong,2011,"Environmental Protection , Lights","Australasia, Central & South America, Eastern Europe, Hong Kong, Japan, Middle East, North America, Southeast Asia, Western Europe",ONIKE,Mr Action Gong,"FLAT/RM 01 21/F PROSPER COMMERCIAL BUILDING 9 YIN CHONG STREET KL, Hong Kong",Hong Kong,101 - 200,"US$ 5,000,000 - 9,999,999",Manager,
Profiled Group Ltd,https://sourcing.hktdc.com/en/Supplier-Store/Profile/Profiled-Group-Ltd/1X0BARP2,extracted,Manufacturer,Hong Kong,2015,Lights,"Australasia, Japan, North America, Scandinavia, Western Europe",ODM,Mr Andres Pereira Gonzalez,"Unit 320, 3F, 19W Building, 19 Science Park West A Hong Kong Science Park, Pak Shek Kok, Shatin, N.T., Hong Kong",Hong Kong,,,CEO,
"R&C International Lighting (HK) Co., Limited",https://sourcing.hktdc.com/en/Supplier-Store/Profile/R-C-International-Lighting-HK-Co-Limited/1X06WEO6,extracted,"Exporter, Manufacturer",Hong Kong,2010,"Environmental Protection , Lights","Australasia, Central & South America, Chinese Mainland, Eastern Europe, Hong Kong, Middle East, Other Asian Countries, Southeast Asia, Taiwan",R&C,Robin Wang,"Room 1301 13/F, CRE Building, 303 Hennessy Rd, Wan Chai, Hong Kong",Hong Kong,51 - 100,"US$ 500,000 - 999,999",G.M.,
Sdanda Energy Saving Illumination Co.,https://sourcing.hktdc.com/en/Supplier-Store/Profile/Sdanda-Energy-Saving-Illumination-Co/1X05WTZM,extracted,"Exporter, Manufacturer",Hong Kong,,"Environmental Protection , Lights",Worldwide,,Ms Judy Pan,"Unit 207B, 2/F, Causeway Bay Plaza 1, 489 Hennessy Road, Causeway Bay, Hong Kong",Hong Kong,,,,
"Seven Colors Lighting Technology Co., Limited",https://sourcing.hktdc.com/en/Supplier-Store/Profile/Seven-Colors-Lighting-Technology-Co-Limited/1X07HJ1E,extracted,"Exporter, Manufacturer",Hong Kong,2009,"Environmental Protection , Lights","Australasia, Central & South America, Eastern Europe, North America, Scandinavia, Southeast Asia, Western Europe, Worldwide",Seven Colors,Miss Ada Lau,"Unit 04, 7/F, Bright Way Tower, 33 Mong Kok Road, Kowloon Bay, Hong Kong",Hong Kong,,,Sales Manager,
Shiny Crystal Ltd.,https://sourcing.hktdc.com/en/Supplier-Store/Profile/Shiny-Crystal-Limited/1X04P40O,extracted,"Exporter, Manufacturer",Hong Kong,2002,"Gifts, Toys & Sports Supplies , Home Products, Lights & Constructions , Homeware & Lifestyle Essentials , Lights","Chinese Mainland, Eastern Europe, Middle East, Western Europe",,Ms Sandy Wong,"Rm E, 21/F., Wah Hing Industrial Mansion, 36 Tai Yau St., San Po Kong, Kowloon, Hong Kong",Hong Kong,26 - 50,"US$ 1,000,000 - 4,999,999",Manager,
SIM Lighting Design Company Limited,https://sourcing.hktdc.com/en/Supplier-Store/Profile/Sim-Lighting-Design-Company-Ltd/1X09SGN1,extracted,"Exporter, Manufacturer, Others, Wholesaler, e-tailer",Hong Kong,2014,"Environmental Protection , Lights",Worldwide,,Mr Andy Ng,"Rm4, Blk B, 1/F New Trade PLaza, No.6 On Ping St,  Shatin  NT , Hong Kong",Hong Kong,,,,
"Splendor HK Co.,Limited",https://sourcing.hktdc.com/en/Supplier-Store/Profile/SPLENDOR-HK-CO-LIMITED/1S00PCBEJ,extracted,,Hong Kong,,,,,Miss Amy Liu,,Hong Kong,,,,
Stand Max Trading Limited,https://sourcing.hktdc.com/en/Supplier-Store/Profile/Stand-Max-Trading-Limited/1X08PSI6,extracted,"Manufacturer, Trade/Industrial Organisation",Hong Kong,1939,"Environmental Protection , Lights",Western Europe,,Mr Bob Schenkel,"Flat/ Rm 602 6/F, Taurus Bldg, 21 A/B Granville Rd,",Hong Kong,,,MD of Sales,
"Sunlight Electronics Industries Co., Limited",https://sourcing.hktdc.com/en/Supplier-Store/Profile/Sunlight-Electronics-Industries-Co-Ltd/1X00JKPN,extracted,Manufacturer,Hong Kong,1998,"Environmental Protection , Lights","Africa, Australasia, Central & South America, Eastern Europe, Middle East, North America, Scandinavia, Western Europe",,Sunny  Li,"Room 501, 5/F, 113 Argyle Street, Mongkok, Kowloon, Hong Kong",Hong Kong,101 - 200,"US$ 1,000,000 - 4,999,999",Manager,
Sunny Lighting Hong Kong,https://sourcing.hktdc.com/en/Supplier-Store/Profile/SUNNY-LIGHTING-HK/1X00JKRL,extracted,Manufacturer,Hong Kong,2000,"Environmental Protection , Lights","Central & South America, Hong Kong, North America, Western Europe",,Mr - Lung,"Ground Floor, 327 Shanghai St., Yaumatei, Kln.",Hong Kong,26 - 50,"US$ 1,000,000 - 4,999,999",Manager,
Sunpu-Opto (HK) Limited,https://sourcing.hktdc.com/en/Supplier-Store/Profile/SUNPU-OPTO-HK-LIMITED/1X05WQP5,extracted,Manufacturer,Hong Kong,1990,"Environmental Protection , Lights","Australasia, Central & South America, Chinese Mainland, Eastern Europe, Hong Kong, Japan, Korea, Middle East, North America, Other Asian Countries, Southeast Asia, Western Europe",SUNPU,Mr Tang Huan,"Room 1802-03, 18/F., Bonham Trade Ctr., 50 Bonham Strand, Sheung Wan, Hong Kong",Hong Kong,501 - 1000,"US$ 50,000,000 - 99,999,999",,
Sunshine Lighting Co.,https://sourcing.hktdc.com/en/Supplier-Store/Profile/Sunshine-Lighting-Co/1X005XAZ,extracted,"Exporter, Manufacturer",Hong Kong,1994,Lights,"Australasia, Central & South America, Chinese Mainland, Hong Kong, Japan, Korea, Middle East, Other Asian Countries, Scandinavia, Southeast Asia, Taiwan",GRANDART,Ms Maggie Lau,"G/F, 46 Portland Street, Yaumatei, Kowloon, Hong Kong.",Hong Kong,51 - 100,"US$ 1,000,000 - 4,999,999",Managress,
TEJAS Lighting Co Limited,https://sourcing.hktdc.com/en/Supplier-Store/Profile/TEJAS-Lighting-Co-Limited/1X08QVZG,extracted,"Exporter, Manufacturer",Hong Kong,,"Environmental Protection , Lights",,,Mr Edwin Au,"Room2705, 27/F Billion Trade Centre 31, Hung To Road Kwun Tong",Hong Kong,,,,
Teckaline Lighting (Holdings) Limited,https://sourcing.hktdc.com/en/Supplier-Store/Profile/Teckaline-Lighting-Holdings-Limited/1X0A55XO,extracted,,Hong Kong,,"Environmental Protection , Lights",,,Quenly Wu,"4/F, Siu Ying Commercial Building, 151-155 Queen's Road Central, Hong Kong",Hong Kong,,,,
Titanic (H.K.) Lighting Limited,https://sourcing.hktdc.com/en/Supplier-Store/Profile/Titanic-HK-Lighting-Ltd/1X06ZYPH,extracted,Manufacturer,Hong Kong,2008,"Environmental Protection , Lights","Australasia, Chinese Mainland, Eastern Europe, Hong Kong, Korea, Middle East, North America, Other Asian Countries, Scandinavia, Southeast Asia, Western Europe",EBIRTH,Ms Lily -,"Unit B, 8/F., Henfa Commercial Building, 348-350 Lockhart Road, Wanchai, Hong Kong",Hong Kong,201 - 500,"US$ 5,000,000 - 9,999,999",Sales Director,
UR Lighting Limited,https://sourcing.hktdc.com/en/Supplier-Store/Profile/UR-Lighting-Limited/1X084R3O,extracted,Exporter,Hong Kong,2011,"Environmental Protection , Lights",Worldwide,UR,Ms Jennifer Au,"Room 902, 9/F, Fu Fai Commercial Centre, 27 Hillier Street, Sheung Wan, Hong Kong",Hong Kong,51 - 100,"US$ 250,000 - 499,999",Manager,
Vellnice Lighting International Company,https://sourcing.hktdc.com/en/Supplier-Store/Profile/Vellnice-Lighting-International-Company/1X07HIG2,extracted,"Exporter, Manufacturer",Hong Kong,2009,"Environmental Protection , Lights","Southeast Asia, Western Europe",Vellnice,Ms zhou Lisa,"Office 3208, 32/F, Central Plaza, 18 Harbour Road, Wan Chai, Hong Kong",Hong Kong,201 - 500,,Sales Manager,
Visdanfo (Asia) Ltd,https://sourcing.hktdc.com/en/Supplier-Store/Profile/Visdanfo-Asia-Ltd/1X03RLPK,extracted,"Exporter, Manufacturer",Hong Kong,2004,"Environmental Protection , Lights","Scandinavia, Southeast Asia, Western Europe",VISDANFO,Ms Miki Chan,"Unit K-L, 4/F, Block 4, Kwun Tong Industrial Centre, 436-446 Kwun Tong Road, Kowloon, Hong Kong.",Hong Kong,201 - 500,"US$ 1,000,000 - 4,999,999",Secretary,
Vogue (HK) Limited,https://sourcing.hktdc.com/en/Supplier-Store/Profile/Vogue-HK-Ltd/1X005V2D,extracted,"Exporter, Manufacturer",Hong Kong,1998,"Consumer Electronics , Gifts, Toys & Sports Supplies , Home Products, Lights & Constructions , Homeware & Lifestyle Essentials , Jewellery & Watch , Lights , Telecommunication , Watches & Clocks",Worldwide,,Mr Edmond Choi,"Block E, 11/F Capital Trade Centre 62 Tsun Yip Street Kwun Tong, Kowloon, Hong Kong",Hong Kong,501 - 1000,"US$ 5,000,000 - 9,999,999",Manager,
"Vsunt Technology (HK) Co., Ltd.",https://sourcing.hktdc.com/en/Supplier-Store/Profile/Vsunt-Technology-HK-Co-Limited/1S00OV1PW,extracted,Manufacturer,Hong Kong,,Lights,,,Ms Jiaxi Luo,"Sheung Wan, Hong Kong",Hong Kong,,,,
Wai Chi Opto Technology Limited,https://sourcing.hktdc.com/en/Supplier-Store/Profile/Wai-Chi-Opto-Technology-Limited/1X06QW93,extracted,"Exporter, Manufacturer",Hong Kong,1984,"Automobile & Transport , Automobile Electronics , Consumer Electronics , Environmental Protection , Lights , Parts, Components & Electrical Supplies , Parts, Components & Raw Materials","Africa, Australasia, Central & South America, Chinese Mainland, Eastern Europe, Hong Kong, Japan, Middle East, North America, Other Asian Countries, Scandinavia, Southeast Asia, Western Europe, Worldwide",,Mr Bobby Cheung,"6/F., Liven House, 63 King Yip Street, Kwun Tong, Kowloon, Hong Kong",Hong Kong,2001 - 3000,"US$ > 250,000,000",Assistant Sales Manager,
Widegerm Lighting Limited,https://sourcing.hktdc.com/en/Supplier-Store/Profile/Widegerm-Lighting-Limited/1X06QYWA,extracted,"Exporter, Manufacturer",Hong Kong,,"Environmental Protection , Lights , Parts, Components & Electrical Supplies , Parts, Components & Raw Materials",Worldwide,,Mr Henry Kwok,"Flat A, 3/F, Tak Wing Industrial Building, 3 Tsun Wen Road, Tuen Mun, New Territories, Hong Kong",Hong Kong,,,Sales Director,
ZALITE (HK) Limited,https://sourcing.hktdc.com/en/Supplier-Store/Profile/ZALITE-HK-LIMITED/1S00P0QVP,extracted,,Hong Kong,,Lights,,,Mr Ckirin ZHOU,,Hong Kong,,,,
ZIXIA (HK) Trading Limited,https://sourcing.hktdc.com/en/Supplier-Store/Profile/ZIXIA-HK-Trading-Limited/1X08PRJ8,extracted,"Exporter, Importer, Manufacturer, Retailer, Wholesaler",Hong Kong,2013,"Environmental Protection , Lights","Australasia, Central & South America, Chinese Mainland, Eastern Europe, Hong Kong, Japan, Korea, Middle East, North America, Scandinavia, Southeast Asia, Taiwan, Western Europe, Worldwide",ZIXIA,Mr Jashon Qi,"Rm 301-7A 3/F, Hongkong Trade Ctr, 161-167 Des Voeux Rd,",Hong Kong,6 - 10,"US$ 250,000 - 499,999",Manager,
"AGC Lighting Co., Ltd.",https://sourcing.hktdc.com/en/Supplier-Store/Profile/AGC-Lighting-Co-Ltd/1X09ZLGT,extracted,"Exporter, Manufacturer","Shenzhen, Guangdong, Chinese Mainland",2016,"Environmental Protection , Lights","Australasia, Central & South America, Hong Kong, Japan, Korea, North America, Other Asian Countries, Scandinavia, Southeast Asia, Western Europe, Worldwide",AGC,Dr Lau June,"Building A,NO.3 Plant,Jian'an Road,Tang Wei Community,Fuyong Street,Bao'an District,Shenzhen,China",Chinese Mainland,501 - 1000,"US$ 50,000,000 - 99,999,999",Affairs commissioner,
"Advance Lighting Design Orient Co., Ltd.",https://sourcing.hktdc.com/en/Supplier-Store/Profile/Advance-Lighting-Design-Orient-Co-Ltd-/1X00K9BY,extracted,Manufacturer,"Taipei City, Taiwan",1997,"Furniture & Parts , Health Care & Medical Supplies , Homeware & Lifestyle Essentials , Lights","Central & South America, Chinese Mainland, Eastern Europe, Middle East, North America, Other Asian Countries, Scandinavia, Southeast Asia, Taiwan, Western Europe, Worldwide",ALDO,Mr Peter Chang,"3/F., No. 3-7, Huai Te Street, Taipei Taiwan.",Taiwan,101 - 200,"US$ 5,000,000 - 9,999,999",General manager,
Anhui Shilin Lighting Co Ltd,https://sourcing.hktdc.com/en/Supplier-Store/Profile/Anhui-Shilin-Lighting-Co-Ltd/1X00KNRC,extracted,"Exporter, Manufacturer","Guangzhou, Guangdong, Chinese Mainland",1987,"Environmental Protection , Lights",,,Ms Jia Wang,"5/F, Flat B, Zhongzhou Shiji Guangzhang, Fengyang Rd, Hefei",Chinese Mainland,3001 - 4000,,Sales,
"Anhui Technology Import and Export Co., Ltd.",https://sourcing.hktdc.com/en/Supplier-Store/Profile/Anhui-Technology-Import-and-Export-Co-Ltd-/1X08S2KA,extracted,"Exporter, Manufacturer","Hefei, Anhui, Chinese Mainland",,Lights,,,Mr Hao Cheng,"459 West Changjiang Road Hefei, Anhui China",Chinese Mainland,,,,
Arlux,https://sourcing.hktdc.com/en/Supplier-Store/Profile/ARLUX-Trade/1X07HKB1,extracted,Importer,France,2001,"Environmental Protection , Lights","Eastern Europe, North America, Southeast Asia, Western Europe, Worldwide",elega,Mr Mohamed El Hammouche,"Actiparc1, Traverse De La Penne, La Penne Sur Huveaune France.",France,1001 - 2000,"US$ 10,000,000 - 49,999,999",General Manager,
Bright Living Pte. Ltd.,https://sourcing.hktdc.com/en/Supplier-Store/Profile/Bright-Living-Pte-Ltd-/1X00J8ZD,extracted,Manufacturer,Singapore,2005,Lights,"Australasia, Central & South America, Chinese Mainland, Eastern Europe, North America, Scandinavia, Southeast Asia, Western Europe",Bright Living,Clifford Loo,"90 Cecil Street, #10-02, Singapore Singapore.",Singapore,101 - 200,"US$ 1,000,000 - 4,999,999",Marketing Director,
Casambi Technologies Oy,https://sourcing.hktdc.com/en/Supplier-Store/Profile/Casambi-Technologies-Oy/1S00P0KLP,extracted,,Finland,,,,,Mr Tommy Hoo,,Finland,,,,
"Changzhou Aladdin Lighting Tech Co., Ltd.",https://sourcing.hktdc.com/en/Supplier-Store/Profile/Changzhou-Aladdin-Lighting-Tech-Co-Ltd/1X00KNZ4,extracted,"Exporter, Manufacturer","Changzhou, Jiangsu, Chinese Mainland",2003,"Environmental Protection , Lights","Central & South America, Eastern Europe, Hong Kong, Japan, Korea, Middle East, North America, Southeast Asia, Taiwan, Western Europe, Worldwide",ALADDIN,Ms YAN TANG,"10# Xiangyun Road,Wujin Economic&Development Zone, Wujin District, Changzhou, Jiangsu, Jiangsu, 213613, China",Chinese Mainland,201 - 500,"US$ 5,000,000 - 9,999,999",Manager,
DALI Alliance,https://sourcing.hktdc.com/en/Supplier-Store/Profile/DALI-Alliance/1S00ONYKE,extracted,Professional Association,"Shanghai Shi, Shanghai, Chinese Mainland",,"Consumer Electronics , Lights , Parts, Components & Electrical Supplies , Parts, Electrical Electronic Supplies",Worldwide,,Ms feng huang,"Room 207, Building 2, Linghaowan Jianchuan Road Shanghai China",Chinese Mainland,,,,
"Foshan Nanhai Mercanvee Lighting Co., Ltd.",https://sourcing.hktdc.com/en/Supplier-Store/Profile/Foshan-Nanhai-Mercanvee-Lighting-Co-Ltd/1S00OTL6X,extracted,"Distributor, Exporter, Manufacturer","Foshan, Guangdong, Chinese Mainland",2011,"Environmental Protection , Homeware & Lifestyle Essentials , Lights","Chinese Mainland, Hong Kong, Middle East, Southeast Asia, Worldwide",MERCANVEE,Ms Myra Tsui,"Factory No.7, Shang An Li Jia Industrial Zone, Danzao Town, Nanhai District, Foshan City, Guangdong, China",Chinese Mainland,,,Sales Manager,
"Foshan Rayven Lighting Co., Ltd.",https://sourcing.hktdc.com/en/Supplier-Store/Profile/Foshan-Rayven-Lighting-Co-Ltd/1X0ATNPE,extracted,"Exporter, Manufacturer",Chinese Mainland,2010,"Environmental Protection , Lights",,,Mr Louis Liu,"No. 56 Hengchang Road, Hecheng Subdistrict, Gaoming District,  Foshan City, Guangdong Province, Mainland China.",Chinese Mainland,,,General Manager,
"Guangdong Kinglong Health Lighting Technology Co., Ltd.",https://sourcing.hktdc.com/en/Supplier-Store/Profile/GUANGDONG-KINGLONG-HEALTH-LIGHTING-TECHNOLOGY-CO-LTD/1S00OPVAB,extracted,,Chinese Mainland,,,,,Miss Claire Wong,,Chinese Mainland,,,,
"Guangdong Alpha Lighting Co., Ltd.",https://sourcing.hktdc.com/en/Supplier-Store/Profile/Guangdong-Alpha-Lighting-Co-Ltd/1X08GII0,extracted,"Exporter, Manufacturer","Dongguan, Guangdong, Chinese Mainland",2013,"Environmental Protection , Lights",Worldwide,,Ms Alice Zhong,"Industrial Park Venture, Xinhe, Wanjiang Town, Dongguan City, Guangdong Province, China.",Chinese Mainland,,,Sales Manager,
Guangdong Anchises Technology Corporation,https://sourcing.hktdc.com/en/Supplier-Store/Profile/Guangdong-Anchises-Technology-Corporation/1X07JAVB,extracted,"Exporter, Manufacturer, Private Individual","Zhongshan, Guangdong, Chinese Mainland",2011,"Environmental Protection , Lights","Africa, Australasia, Central & South America, Japan, Korea, Middle East, North America, Other Asian Countries, Scandinavia, Southeast Asia, Western Europe, Worldwide",Anchises,Mr Richard Chen,"West Block No.58 Yihui Road, Maohui Industrial Zone,HengNa town, Zhongshan City, Guangdong, China",Chinese Mainland,201 - 500,"US$ 1,000,000 - 4,999,999",Manager,
"Guangdong Galton Electronics Co., Ltd.",https://sourcing.hktdc.com/en/Supplier-Store/Profile/Guangdong-Galton-Electronics-Co-Ltd/1S00O2HWV,extracted,"Exporter, Manufacturer","Jiangmen, Guangdong, Chinese Mainland",2007,Lights,"Africa, Australasia, Central & South America, Eastern Europe, Hong Kong, Japan, Korea, Middle East, North America, Other Asian Countries, Scandinavia, Southeast Asia, Taiwan, Western Europe, Worldwide",,Mr Richard China,"No. 5 KangDa Road, JiangHai District, JiangMen City",Chinese Mainland,101 - 200,"US$ 1,000,000 - 4,999,999",Manager,
"Guangdong TAVIC Lighting Co., Ltd.",https://sourcing.hktdc.com/en/Supplier-Store/Profile/Guangdong-Tavic-lighting-Co-Ltd/1S00OCY02,extracted,,Chinese Mainland,,Lights,,,Miss Lola Wu,,Chinese Mainland,,,,
Guangzhou Dasen Lighting Corporation Limited,https://sourcing.hktdc.com/en/Supplier-Store/Profile/Guangzhou-Dasen-Lighting-Corporation-Limited/1X06TZJK,extracted,Manufacturer,"Guangzhou, Guangdong, Chinese Mainland",2010,"Consumer Electronics , Environmental Protection , Lights",Worldwide,Intuiit,Ms Jenny Huang,"No. 13 Gaoxin 3rd Road Huadong Town, Huadu District, Guangzhou,China",Chinese Mainland,201 - 500,"US$ 10,000,000 - 49,999,999",Sales manager,"1. Nature and title of the certificate and/or document; 2. Scope and type of certification and/or document; 3. Issuing authority of the certificate and/or document; 4. Issuance and expiry date of the certificate and/or document; and 5. Image of the certificate and/or document. The Advertiser is responsible for providing any and all information about the certificate and/or document that may be required to complete the Services. Although SGS shall make every effort to ensure the accuracy and contemporariness of the information provided by the Advertiser and any such publicly available sources during performance of the Services, SGS has no control of and thus cannot guarantee the absolute accuracy and authenticity of such information. Therefore, SGS shall disclaim any and all liability for the accuracy of such information. The Services do not warrant that the goods and/or services of the Advertiser will meet any particular criteria of quality or performance. The Advertisers and any third party are responsible for their decisions to make whatever use of the results of the Services and shall accept all risks for any loss or damage of any kind that may occur. SGS accepts no liability for the consequences of any action taken or not taken on the basis of the results of the Services by the Advertisers and any third party. SGS provides the Services in a consulting basis. The Services does not constitute a legal opinion and they are no substitute for professional legal advice to ensure compliance of the Advertiser with the applicable laws and regulation. This Disclaimer has been translated into Chinese. If there is any inconsistency between the English version and the Chinese version, the English version shall prevail. Company Credential View Details Company Information Verified on 04 Jun 2026 by Disclaimer Certification(s) Verified on 04 Aug 2026 by Disclaimer"
"Hangzhou Roleds Technology Co., Ltd.",https://sourcing.hktdc.com/en/Supplier-Store/Profile/Hangzhou-Roleds-Technology-Co-Ltd-/1X0F0FVW,extracted,"Exporter, Manufacturer","Hangzhou, Zhejiang, Chinese Mainland",2004,Lights,Chinese Mainland,Roleds,Ms Anne Huang,"No. 5 Yimayang Road, Liangzhu Yuhang District Hangzhou China",Chinese Mainland,201 - 500,"US$ 10,000,000 - 49,999,999",,
"Hangzhou Sky-Lighting Co., Ltd.",https://sourcing.hktdc.com/en/Supplier-Store/Profile/Hangzhou-Sky-Lighting-Co-Ltd/1X00JWC0,extracted,Manufacturer,"Hangzhou, Zhejiang, Chinese Mainland",,"Consumer Electronics , Lights , Parts, Components & Electrical Supplies","Central & South America, Eastern Europe, Japan, Korea, Middle East, Other Asian Countries, Scandinavia, Southeast Asia, Western Europe",,Mr yuchao wang,"Xingqiao Dev Zone LingPing Hangzhou, Zhejiang, Hangzhou",Chinese Mainland,501 - 1000,"US$ 100,000,000 - 249,999,999",Sales Manager,
"Hengdian Group Tospo Lighting Co., Ltd.",https://sourcing.hktdc.com/en/Supplier-Store/Profile/Hengdian-Group-Tospo-Lighting-Co-Ltd-/1X0A63BG,extracted,"Exporter, Manufacturer","Jinhua, Zhejiang, Chinese Mainland",1996,"Environmental Protection , Lights","Africa, Australasia, Central & South America, Eastern Europe, Japan, Korea, Middle East, North America, Other Asian Countries, Scandinavia, Southeast Asia, Taiwan, Western Europe, Worldwide",OEM,Mr Vinny Li,"Hengdian Electronics Industrial Zone Dongyang, Zhejiang, China, China",Chinese Mainland,4001 - 5000,"US$ 10,000,000 - 49,999,999",Sales Director,
Huangs Business Ltd,https://sourcing.hktdc.com/en/Supplier-Store/Profile/Huangs-Business-Ltd/1X00KWNP,extracted,"Exporter, Manufacturer",United Kingdom,2006,"Environmental Protection , Lights","Eastern Europe, North America, Scandinavia, Western Europe, Worldwide",,Mr Xiao Xu Huang,"20 D Nelson Court, UEA, Morwich WR4 7TJ, United Kingdom",United Kingdom,51 - 100,"US$ 1,000,000 - 4,999,999",Director,
Idealed Importadora e Distribuidora de Lampadas e Luminarias Ltda Epp,https://sourcing.hktdc.com/en/Supplier-Store/Profile/Idealed-Importadora-e-Distribuidora-de-Lampadas-e-Luminarias-Ltda-Epp/1X0992T1,extracted,Exporter,Brazil,2005,"Environmental Protection , Furniture & Parts , Homeware & Lifestyle Essentials , Lights","Africa, Australasia, Central & South America, Eastern Europe, Hong Kong, Korea, Middle East, North America, Other Asian Countries, Southeast Asia, Western Europe, Worldwide",RUNWIN,Ms debbie liu,"R. Seraphim da Silva Barros,420 Pq.Indl.Itamaraty- Artur Nogueira SP",Brazil,51 - 100,"US$ 1,000,000 - 4,999,999",salesmanager,
"Jiangmen Owlstar Lighting Technology Co., Ltd.",https://sourcing.hktdc.com/en/Supplier-Store/Profile/Jiangmen-Owlstar-Lighting-Technology-Co-Ltd/1X0AWQ8M,extracted,"Exporter, Manufacturer","Jiangmen, Guangdong, Chinese Mainland",,"Environmental Protection , Lights",,,Ms Grace Yam,"Second Floor of Bldg No. 37 Keyuan West Rd, Jianghai District, Jiangmen City, Guangdong Province, China",Chinese Mainland,,,Sales Director,
"Jiangmen Titanic Lighting Technology Co., Ltd",https://sourcing.hktdc.com/en/Supplier-Store/Profile/JIANGMEN-TITANIC-LIGHTING-TECHNOLOGY-CO-LTD-/1S00P9I60,extracted,,Chinese Mainland,,,,,Miss Li Xunling,,Chinese Mainland,,,,
"Jiangmen ZR Lighting Co., Ltd.",https://sourcing.hktdc.com/en/Supplier-Store/Profile/Jiangmen-ZR-Lighting-Co-Ltd/1X09T2U0,extracted,"Exporter, Manufacturer","Jiangmen, Guangdong, Chinese Mainland",2016,"Environmental Protection , Lights","Africa, Australasia, Central & South America, Eastern Europe, Middle East, North America, Other Asian Countries, Scandinavia, Southeast Asia, Western Europe, Worldwide",,Mr Kevin Lee,"Floor 2-4, No.17, Xiqiao Road, Hetang Town, Pengjiang Dist., Jiangmen City, Guangdong Province, China",Chinese Mainland,26 - 50,"US$ 5,000,000 - 9,999,999",General Manager,
Jinhaili Lighting Fty,https://sourcing.hktdc.com/en/Supplier-Store/Profile/JinHaiLi-Lighting-Fty/1X00JXBY,extracted,Manufacturer,"Zhongshan, Guangdong, Chinese Mainland",1998,"Environmental Protection , Lights","Australasia, Eastern Europe, Middle East, Other Asian Countries, Scandinavia, Southeast Asia, Western Europe",jinhaili,Mr Michael Wang,"China, Guangdong, Zhongshan Guzhen, Haizhou, Beihai Industry Zone 528422",Chinese Mainland,101 - 200,"US$ 10,000,000 - 49,999,999",Manager,
"Ketai Industries Lighting Co., Ltd.",https://sourcing.hktdc.com/en/Supplier-Store/Profile/Ketai-Industries-Lighting-Co-Ltd-/1X04RXKP,extracted,"Exporter, Manufacturer","Foshan, Guangdong, Chinese Mainland",1999,"Furniture & Parts , Hardwares (Tools & Parts) , Homeware & Lifestyle Essentials , Lights , Metal & Metallurgy Machinery , Parts, Components & Electrical Supplies , Parts, Components & Raw Materials , Parts, Electrical Electronic Supplies","Australasia, Central & South America, Eastern Europe, Middle East, North America, Scandinavia, Western Europe, Worldwide",KETAI,Ms Kathy Wang,"4 Mashe New Street Lishui, Nanhai Foshan, Guangdong, China",Chinese Mainland,501 - 1000,"US$ 10,000,000 - 49,999,999",Sales Manager,
"Ledlucky Holdings Co., Ltd.",https://sourcing.hktdc.com/en/Supplier-Store/Profile/Ledlucky-Holdings-Co-Ltd/1X07JAGQ,extracted,"Exporter, Manufacturer","Shenzhen, Guangdong, Chinese Mainland",2010,"Environmental Protection , Lights","Middle East, North America, Southeast Asia, Western Europe, Worldwide",LEDLUCKY,Miss julia Yuan,"Bldg A,Haoyunda industrial park No 3, Lanjin 7 road, Pingshan District Shenzhen, China",Chinese Mainland,201 - 500,"US$ 10,000,000 - 49,999,999",Sales director,
Mexcel Ltd.,https://sourcing.hktdc.com/en/Supplier-Store/Profile/Mexcel-Ltd-/1X0AJPGH,extracted,,Chinese Mainland,,Lights,,,Kun Liu,"3-4F, Chuangye Road 4,Torch Development Zone, Zhongshan, China",Chinese Mainland,,,Vice General Manager,
"Ningbo Ledeshi Electric Equipment Co,. Ltd",https://sourcing.hktdc.com/en/Supplier-Store/Profile/Ningbo-Ledeshi-Electric-Equipment-Co-Ltd/1X00JZNG,extracted,"Exporter, Manufacturer","Ningbo, Zhejiang, Chinese Mainland",1991,"Environmental Protection , Lights",,,Mr Nick -,"No 438 Youngor Avenue, Ningbo, Zhejiang, P.R. China China.",Chinese Mainland,,,Oversea Business Manager,
"Ningbo Luxson Lighting Co., Ltd.",https://sourcing.hktdc.com/en/Supplier-Store/Profile/Ningbo-Luxson-Lighting-Co-Ltd/1X09SYCU,extracted,,Chinese Mainland,,Lights,,,Yang Lin,"Qingqing Road, Zhenhai, Ningbo, China",Chinese Mainland,,,,
"Ningbo Rontek Electronic Co.,LTD",https://sourcing.hktdc.com/en/Supplier-Store/Profile/Ningbo-Rontek-Electronic-Co-LTD/1S00P5V3W,extracted,"Exporter, Manufacturer","Ningbo, Zhejiang, Chinese Mainland",2007,Lights,"Chinese Mainland, Middle East, Scandinavia, Western Europe",Effort,Mr Dennis Wu,"Building 11 No. 1999, Yongmao East Road, High-Tech Zone ZheJiang NingBo CHINA",Chinese Mainland,101 - 200,"US$ 10,000,000 - 49,999,999",Sale Manager,
"Ningbo Snappy Optoelectronics Co., Ltd.",https://sourcing.hktdc.com/en/Supplier-Store/Profile/Ningbo-Snappy-Optoelectronics-Co-Ltd-/1X05YOGK,extracted,"Exporter, Manufacturer","Ningbo, Zhejiang, Chinese Mainland",2003,"Environmental Protection , Lights","Eastern Europe, Western Europe",,Ms - Lai,"No.56 Keda Road National Hi-Tech Park of Ningbo Zhejiang, Zhejiang, China",Chinese Mainland,,,Secretary,
"Ningbo UTEC Electric Co., Ltd",https://sourcing.hktdc.com/en/Supplier-Store/Profile/Ningbo-UTEC-Electric-Co-Ltd/1S00OV7PQ,extracted,,Chinese Mainland,,,,,Sophia Hu,"CN8 Far East Industry Park, Yuyao, Ningbo, Zhejiang, China",Chinese Mainland,,,Marketing Manager,
"Red100 Lighting Co., Ltd",https://sourcing.hktdc.com/en/Supplier-Store/Profile/Red100-Lighting-Co-Ltd/1S00OSC9X,extracted,,Chinese Mainland,,Lights,,,Ms Xiujin Ding,,Chinese Mainland,,,,
"Sealite Co., Ltd.",https://sourcing.hktdc.com/en/Supplier-Store/Profile/Sealite-Co-Ltd-/1X03RN4Z,extracted,"Exporter, Manufacturer",United Kingdom,1999,"Environmental Protection , Lights",Eastern Europe,,Mr Ben Moore,"Unit 1, Bedford Road, Crawley Crossing Husborne Crawley, Bedfordshire United Kingdom.",United Kingdom,,,Sales Manager,
"Shanghai Euchips Industrial Co., Ltd.",https://sourcing.hktdc.com/en/Supplier-Store/Profile/Shanghai-Euchips-Industrial-Co-Ltd-/1X04V9FU,extracted,"Exporter, Manufacturer","Shanghai Shi, Shanghai, Chinese Mainland",2001,,"Eastern Europe, Scandinavia, Western Europe",Euchips,Miss Peggy Li,"3rd-4th Floor,6th Building, No.888 Shuangbai Road, Minhang District, Shanghai,201108,China",Chinese Mainland,101 - 200,"US$ 500,000 - 999,999",-,
"Shaoxing Prolux Lighting Co., Ltd",https://sourcing.hktdc.com/en/Supplier-Store/Profile/Shaoxing-Prolux-Lighting-Co-Ltd/1X05YLTG,extracted,"Exporter, Manufacturer","Shaoxing, Zhejiang, Chinese Mainland",2009,"Environmental Protection , Lights","North America, Western Europe",,Mr Pengyun Wang,"Lu Dong Industrial Zone Bai Guan Street Shangyu City Zhejiang Province, China",Chinese Mainland,101 - 200,"US$ 5,000,000 - 9,999,999",General Manager,
"Shenzhen Aalight Technology Co., Ltd.",https://sourcing.hktdc.com/en/Supplier-Store/Profile/SHENZHEN-AALIGHT-TECHNOLOGY-CO-LTD/1X07TEVZ,extracted,Manufacturer,"Shenzhen, Guangdong, Chinese Mainland",2010,"Environmental Protection , Lights","North America, Western Europe",aalight,Mr Kevin Xin,"NO.,1-1, Hongqian 1st road shangnan industrial zone Shajing Shenzhen Guangdong, China",Chinese Mainland,51 - 100,"US$ 500,000 - 999,999",CEO,
Shenzhen Gosun LED Ltd.,https://sourcing.hktdc.com/en/Supplier-Store/Profile/SHENZHEN-GOSUN-LED-LTD-/1X07TCV5,extracted,"Exporter, Manufacturer","Shenzhen, Guangdong, Chinese Mainland",2008,"Environmental Protection , Lights","Australasia, Central & South America, Chinese Mainland, Eastern Europe, Hong Kong, Middle East, North America, Other Asian Countries, Southeast Asia, Western Europe",,Mr Wei Wang,"Building 7, Longteng Road, Shiyan Town, Bao'an District, Shenzhen City, China",Chinese Mainland,26 - 50,"US$ 5,000,000 - 9,999,999",Manager,
Shenzhen Merrytek Technology Co Ltd,https://sourcing.hktdc.com/en/Supplier-Store/Profile/Shenzhen-Merrytek-Technology-Co-Ltd/1X08FZ03,extracted,"Exporter, Manufacturer","Shenzhen, Guangdong, Chinese Mainland",2011,"Environmental Protection , Lights , Parts, Components & Electrical Supplies , Parts, Components & Raw Materials",,,Ms June Zhoa,"2nd and 3rd Floor,No.3 Building, 380 Xiangshan Avenue, Luotian, Yanluo, Baoan District, Shenzhen City, China",Chinese Mainland,,,Sales Manager,
"Shenzhen Relight Technology Co., Ltd.",https://sourcing.hktdc.com/en/Supplier-Store/Profile/Shenzhen-Relight-Technology-Co-Ltd-/1X07T9OL,extracted,Manufacturer,"Shenzhen, Guangdong, Chinese Mainland",2012,"Environmental Protection , Lights , Parts, Components & Electrical Supplies , Parts, Components & Raw Materials","Australasia, Eastern Europe, North America, Worldwide",Relight,Ms Kate Yang,"6thF, buildingA, Guanchen Lowcarbon Industrial Park gongming street guangming new district Shenzhen,Guangdong",Chinese Mainland,101 - 200,"US$ 100,000,000 - 249,999,999",Sales Manager,
"Signify (China) Investment Co., Ltd.",https://sourcing.hktdc.com/en/Supplier-Store/Profile/Signify-China-Investment-Co-Ltd-/1S00OUDCN,extracted,,Chinese Mainland,,,,,Dale Zhu,"Building No. 9, Lane 888, Tianlin Road, Minhang, Shanghai, China",Chinese Mainland,,,Marcom Manager,
Singapore Ginkgo Group Pte. Ltd.,https://sourcing.hktdc.com/en/Supplier-Store/Profile/Singapore-Ginkgo-Group-Pte-Ltd/1X05WRBG,extracted,"Exporter, Manufacturer",Singapore,2009,"Environmental Protection , Lights","North America, Southeast Asia, Western Europe",,Dr Fang Zhou,"391B Orchard Road, #23-01, Ngee Ann City Tower B, Singapore.",Singapore,,,Director,
V-Tech Lighting Corp.,https://sourcing.hktdc.com/en/Supplier-Store/Profile/V-Tech-Lighting-Corp-/1X03SGSW,extracted,"Exporter, Manufacturer","New Taipei City, Taiwan",1979,Lights,"Eastern Europe, Western Europe, Worldwide",,Mr Steven Wang,"Bldg.A, 7th Fl., No. 175, Sec.1, Tatung Rd., Hsi Chih City, Taipei Hsien, Taiwan",Taiwan,,,Manager,
"Walsun Lighting (Huizhou) Co., Ltd.",https://sourcing.hktdc.com/en/Supplier-Store/Profile/Walsun-Lighting-Huizhou-Co-Ltd/1X07L2HD,extracted,"Exporter, Manufacturer","Huizhou, Guangdong, Chinese Mainland",,"Environmental Protection , Lights",Worldwide,,Ms - Chow,"No.199,Shuguang Road, Chenjiang, Huicheng district, Huizhou city, Guangdong, China",Chinese Mainland,,,Manager,
Xinyao He,https://sourcing.hktdc.com/en/Supplier-Store/Profile/Xinyao-He/1X06WPYZ,extracted,"Buying Cooperative, Distributor, Importer, Manufacturer",Germany,2011,"Environmental Protection , Lights","Eastern Europe, North America, Scandinavia, Southeast Asia, Western Europe",FEILAMP,Mr Kevin Choi,"Rathenaustr.42, Erfurt, 99085, Germany",Germany,26 - 50,,Exhibition Manager,
"Zhejiang Yuda Industrial Co., Ltd.",https://sourcing.hktdc.com/en/Supplier-Store/Profile/Zhejiang-Yuda-Industrial-Co-Ltd/1X00F6A8,extracted,"Exporter, Manufacturer","Ningbo, Zhejiang, Chinese Mainland",1996,"Consumer Electronics , Environmental Protection , Furniture & Parts , Gifts, Toys & Sports Supplies , Home Products, Lights & Constructions , Homeware & Lifestyle Essentials , Lights , Telecommunication","Africa, Eastern Europe, North America, Scandinavia, Southeast Asia, Western Europe, Worldwide",,Mr Liyun Zhu,"Huang Jian Shan Ind'l Zone, No 1 Yuda Road, Lizhou Street, Yuyao, Ningbo City, Zhejiang Province, China.",Chinese Mainland,201 - 500,"US$ 10,000,000 - 49,999,999",Director,
"Zhongshan Archimedes Hi-Tech Lighting Co., Ltd.",https://sourcing.hktdc.com/en/Supplier-Store/Profile/Zhongshan-Archimedes-Hi-Tech-Lighting-Co-Ltd/1X0A6RQ1,extracted,"Exporter, Manufacturer",Chinese Mainland,2006,"Environmental Protection , Lights",,,Mr Jimmy Pan,"No 18, Yongxing North Rd, Henglan Town, Zhongshan City, Guangdong, China",Chinese Mainland,,,Sales Manager,
Zhongshan Cevon Lighting Technology Co Ltd,https://sourcing.hktdc.com/en/Supplier-Store/Profile/Zhongshan-Cevon-Lighting-Technology-Co-Ltd/1X0A6OEM,extracted,"Exporter, Manufacturer","Zhongshan, Guangdong, Chinese Mainland",,"Environmental Protection , Lights",,,"Mr Chun Ming, Alitaire Wu","Yongxing Industrial Park, No.21 2nd Fuqing Road, Zhongshan, Guangdong, China China",Chinese Mainland,,,-,
Zhongshan City Guzhen Atonney Lighting Factory,https://sourcing.hktdc.com/en/Supplier-Store/Profile/Zhongshan-City-Guzhen-Atonney-Lighting-Factory/1X087USQ,extracted,Manufacturer,"Zhongshan, Guangdong, Chinese Mainland",1999,,,KICONG ATONNEY,Ms IVY .JENNY,"NO.16 ShengLi Dong Er Road ,HaiZhou GuZhen Town, Zhongshan,",Chinese Mainland,51 - 100,,,
"Zhongshan D3space Lighting Co., Ltd.",https://sourcing.hktdc.com/en/Supplier-Store/Profile/Zhongshan-D3space-Lighting-Co-Ltd/1X0A7AX9,extracted,"Exporter, Manufacturer","Zhongshan, Guangdong, Chinese Mainland",,Lights,,,Mr Guohua Jin,"NO.4/5, Yongxing Industrial Park, Fuqing 4 Road, Henglang Town, Zhongshan City, Guangdong Province, China",Chinese Mainland,,,General Manager,
"Zhongshan Famous lighting Tech Co.,ltd",https://sourcing.hktdc.com/en/Supplier-Store/Profile/Zhongshan-Famous-lighting-Tech-Co-ltd/1S00PEDDK,extracted,,Chinese Mainland,,,,,Xiaochun Deng,"Yongxing Industrial Zone, Henglan Town, Zhongshan City, Guangdong Province, China",Chinese Mainland,,,,
"Zhongshan Guzhen Yongjunli Lighting & Electronic Equipment Co., Ltd.",https://sourcing.hktdc.com/en/Supplier-Store/Profile/Zhongshan-Guzhen-Yongjunli-Lighting-Electronic-Equipment-Co-Ltd-/1S00PEDJ2,extracted,,Chinese Mainland,,,,,yongqiang yuan,guzhen,Chinese Mainland,,,,
"Zhongshan Jumei Lighting Co., Ltd.",https://sourcing.hktdc.com/en/Supplier-Store/Profile/Zhongshan-Jumei-Lighting-Co-Ltd/1X07KC6U,extracted,"Exporter, Manufacturer, Retailer","Zhongshan, Guangdong, Chinese Mainland",2011,"Environmental Protection , Lights","Chinese Mainland, Eastern Europe, North America, Scandinavia, Southeast Asia, Western Europe",Rigart,Mr zhang sam,"No 36, Le Feng 6 Road Henglan Town, ZhongShan City, GuangDong, China",Chinese Mainland,201 - 500,"US$ 10,000,000 - 49,999,999",Marketing Director,
Zhongshan KEBAISHI Electric Appliance Co Ltd,https://sourcing.hktdc.com/en/Supplier-Store/Profile/ZHONGSHAN-KEBAISHI-ELECTRIC-APPLIANCE-CO-LTD/1X0ACS0O,extracted,Manufacturer,"Zhongshan, Guangdong, Chinese Mainland",2015,"Consumer Electronics , Environmental Protection , Home Appliances , Lights",,KBS,Mr Calvin Chan,"5/F, #2, No.10 Yong Yi One Rd., Yong Xing Ind'l Park, Henglan Town, Zhongshan City, Guangdong, China",Chinese Mainland,101 - 200,"US$ 5,000,000 - 9,999,999",Sales Manager,
"Zhongshan Kadywell Lighting Co., Ltd.",https://sourcing.hktdc.com/en/Supplier-Store/Profile/Zhongshan-Kadywell-Lighting-Co-Ltd/1S00OH6ZX,extracted,,Chinese Mainland,,"Environmental Protection , Lights",,,Shaoyun Huang,"Diagonally opposite Puset Lighting Factory Yihui 2nd Road, Maohui Industrial Zone Zhongshan City,Guangdong Pr,China",Chinese Mainland,,,Sale Manager,
"Zhongshan Kava Lighting Co., Ltd.",https://sourcing.hktdc.com/en/Supplier-Store/Profile/Zhongshan-Kava-Lighting-Co-Ltd/1X00JXNM,extracted,Manufacturer,"Zhongshan, Guangdong, Chinese Mainland",2004,Lights,"Eastern Europe, Japan, North America, Scandinavia, Southeast Asia",KAVA,Mr Kevin Hu,"No.5 Tianqin Street, Yihui 2nd Road, Wusha Industrial Zone, Henglan Town, Zhongshan City, China",Chinese Mainland,51 - 100,"US$ 1,000,000 - 4,999,999",GM,
Zhongshan Majeax Lighting Co Ltd,https://sourcing.hktdc.com/en/Supplier-Store/Profile/Zhongshan-Majeax-Lighting-Co-Ltd/1X0AJ7XI,extracted,,Chinese Mainland,,"Environmental Protection , Home Appliances , Lights , Parts, Components & Electrical Supplies , Parts, Components & Raw Materials , Scientific, Testing & Laboratory Equipments",,,Jenny Tam,"3rd Kanglong Road Xinmao Industrial Zone Henglan Town, Zhongshan Guangdong, 528478, China",Chinese Mainland,,,GM,
"Zhongshan Marsden Lighting Electrical Appliance Co., Ltd.",https://sourcing.hktdc.com/en/Supplier-Store/Profile/Zhongshan-Marsden-Lighting-Electrical-Appliance-Co-Ltd/1X07JRHA,extracted,"Exporter, Manufacturer","Zhongshan, Guangdong, Chinese Mainland",2001,Lights,,,Ms Beenia Zhang,"Yongxing Ind'l Eastate, Henglan Town, Zhongshan City, Guangdong, China",Chinese Mainland,201 - 500,,Export Salesperson,
"Zhongshan Paradise Lighting Co., Ltd.",https://sourcing.hktdc.com/en/Supplier-Store/Profile/Zhongshan-Paradise-Lighting-Co-Ltd/1X086PU3,extracted,"Exporter, Manufacturer","Zhongshan, Guangdong, Chinese Mainland",2012,Lights,"Africa, Central & South America, Eastern Europe, Other Asian Countries",Paradise,Mr Joe Zhou,"#C, 3/F Gangnan Fitting Market Guzhen Town, Zhongshan, Guangdong, China",Chinese Mainland,101 - 200,"US$ 1,000,000 - 4,999,999",General Manager,
"Zhongshan Pinghao Lighting Technology Co., Ltd.",https://sourcing.hktdc.com/en/Supplier-Store/Profile/Zhongshan-Pinghao-Lighting-Technology-Co-Ltd-/1X0AIWOO,extracted,Manufacturer,"Zhongshan, Guangdong, Chinese Mainland",1995,"Environmental Protection , Lights","Australasia, Central & South America, Eastern Europe, Middle East, Other Asian Countries, Scandinavia, Southeast Asia",PINGHAO,Mr Yaobin Tan,"4/F, Building E, No.368, Dong'an Northern Road, Guzhen Town, Zhongshan City, Guangdong Province, P.R China",Chinese Mainland,51 - 100,,Manager,
"Zhongshan Tianyi Lighting Co., Ltd.",https://sourcing.hktdc.com/en/Supplier-Store/Profile/Zhongshan-Tianyi-Lighting-Co-Ltd/1X06V936,extracted,"Exporter, Manufacturer","Zhongshan, Guangdong, Chinese Mainland",2010,"Environmental Protection , Lights","Africa, Central & South America, Eastern Europe, Western Europe, Worldwide",TANEC LANXIN,Ms Sophia Liu,"A Zone, No.15, Qingfu Road, Maohui Industrial Park, Hengnan Town, Zhongshan City, Guangdong, China",Chinese Mainland,101 - 200,"US$ 5,000,000 - 9,999,999",Foreign Trade Representative,
"Zhuhai Ltech Technology Co., Ltd.",https://sourcing.hktdc.com/en/Supplier-Store/Profile/Zhuhai-Ltech-Electronic-Technology-Co-Ltd/1X05XYSE,extracted,"Exporter, Manufacturer","Zhuhai, Guangdong, Chinese Mainland",2001,"Consumer Electronics , Environmental Protection , Homeware & Lifestyle Essentials , Lights , Parts, Components & Electrical Supplies","Eastern Europe, Middle East, North America, Western Europe",LTECH,Mr Lei Jianqiang,"15th Building, No.3 Pingdong 6th Road,, Zhuhai,, Guangdong, China",Chinese Mainland,51 - 100,"US$ 1,000,000 - 4,999,999",Sales,
E-Group Global Limited,https://sourcing.hktdc.com/en/Supplier-Store/Profile/E-Group-Global-Limited/1S00PD7FK,extracted,,Hong Kong,,,,,tao wang,"Unit 1510, 15/F, Seapower Tower,Concordia Plaza, 1 Science Museum Road, Tsim sha tsui, Kowloon,Hong Kong",Hong Kong,,,,
"Hongkong Puri Lighting Co., Limited",https://sourcing.hktdc.com/en/Supplier-Store/Profile/Hongkong-Puri-Lighting-Co-Limited/1X09RS0O,extracted,,Hong Kong,,"Environmental Protection , Lights",,,Vincent Zheng,"Flat/Rm 7A, 7/F, Kimley Comm Bldg, 142-146 Queen's Rd, Central, Hong Kong",Hong Kong,,,General Manager,
"TOSEO Lighting Co., Ltd.",https://sourcing.hktdc.com/en/Supplier-Store/Profile/Toseo-Lighting-Co-Ltd-/1X06QZMH,extracted,"Distributor, Exporter, Manufacturer",Hong Kong,2004,"Environmental Protection , Lights","Eastern Europe, Scandinavia",TOSEO,Mr Bruce Li,"No.3 Gaoshazhong Development Zone Xilian Jinsha Danzao town Nanhai District, Foshan City, Guangdong Province China",Hong Kong,51 - 100,"US$ 1,000,000 - 4,999,999",General Manager,
Yisen Lighting Electrical Appliance Company Limited,https://sourcing.hktdc.com/en/Supplier-Store/Profile/Yishen-Lighting-Electrial-Appliance-Company-Limited/1X08T1W1,extracted,"Export Agent, Manufacturer",Hong Kong,,"Environmental Protection , Lights",,,Ms Yanhong Tan,"Room 903, Building 9, No.280, Portland Street, Kowloon,",Hong Kong,,,,
"Creatrol Intelligence Co.,Ltd",https://sourcing.hktdc.com/en/Supplier-Store/Profile/Creatrol-Intelligence-Co-Ltd/1S00OXCV3,extracted,"Exporter, Manufacturer","Shanghai Shi, Shanghai, Chinese Mainland",2018,Internet of Things,"Chinese Mainland, Eastern Europe, Middle East, North America, Other Asian Countries, Scandinavia, Worldwide",Creatrol Sensor,Ms Aria Wang,"7F, BuildingC, No.7001 Zhongchun Road, Shanghai China",Chinese Mainland,26 - 50,,Marketing Director,
"EAGLERISE ELECTRIC & ELECTRONIC (JI AN) CO.,LTD.",https://sourcing.hktdc.com/en/Supplier-Store/Profile/EAGLERISE-ELECTRIC-ELECTRONIC-JI-AN-CO-LTD-/1S00P95L4,extracted,,Chinese Mainland,,,,,Miss Clara Chen,,Chinese Mainland,,,,
"General Lighting Electronic Co., Ltd.",https://sourcing.hktdc.com/en/Supplier-Store/Profile/General-Lighting-Electronic-Co-Ltd-/1S00P5W11,extracted,,Chinese Mainland,,,,,lillian Zhang,"1, 5-8 Floor, Plant No 51, Xihuan 5th Road, Shatian Village, South District, Zhongshan, Guangdong, China",Chinese Mainland,,,Promotion Department Manager,
Guangdong Gangfeng Electrical Appliance Company Limited,https://sourcing.hktdc.com/en/Supplier-Store/Profile/Guangdong-Gangfeng-Electrical-Appliance-Company-Limited/1S00OGSBB,extracted,,Chinese Mainland,,,,,- Yuan,"Longzhou, Longjiang Town, Shunde District, Foshan City, Guangdong, China",Chinese Mainland,,,,
"Guangdong WANJU LIGHTING TECHNOLOGY CO., LTD",https://sourcing.hktdc.com/en/Supplier-Store/Profile/Guangdong-WANJU-LIGHTING-TECHNOLOGY-CO-LTD/1S00PDJNK,extracted,,Chinese Mainland,,,,,Miss QiuYu Deng,,Chinese Mainland,,,,
Jiangsu Shenghui Optoelectronic Co Ltd,https://sourcing.hktdc.com/en/Supplier-Store/Profile/JIANGSU-SHENGHUI-OPTOELECTRONIC-CO-LTD-/1S00O6PD8,extracted,Wholesaler,"Yancheng, Jiangsu, Chinese Mainland",,Lights,,,Ms suyang wu,"Weiwu Road North Side Dongtai Economic & Development Zone Yancheng, Jiangsu China China",Chinese Mainland,,,,
Kapego Company Limited,https://sourcing.hktdc.com/en/Supplier-Store/Profile/Kapego-Company-Limited/1S00NUBZS,extracted,,Taiwan,,Lights,,,Ling Ling Chou,"5F., No.257, Wen Xing Rd., Hu Pei City, Hsin-Chu County, Taiwan",Taiwan,,,,
Lival,https://sourcing.hktdc.com/en/Supplier-Store/Profile/Lival/1S00OECEI,extracted,Exporter,Finland,,,,,Mrs Eva Teckenberg,Lukkarinmaentie 1 Sipoo Finland,Finland,,,,
"Ningbo Lumix Lighting & Electrical Co., Ltd.",https://sourcing.hktdc.com/en/Supplier-Store/Profile/Ningbo-Lumix-Lighting-Electrical-Co-Ltd/1X05XURR,extracted,"Exporter, Manufacturer","Ningbo, Zhejiang, Chinese Mainland",2003,"Environmental Protection , Lights","Eastern Europe, Western Europe",,Ms Rebecca Lu,"No. 198, Jing 11 Road Xinjian Village, Xiao Gang Town Beilun District Ningbo,China",Chinese Mainland,,,Sales Manager,
"Shenzhen Bright Lighting Technology Co.,Ltd",https://sourcing.hktdc.com/en/Supplier-Store/Profile/Shenzhen-Bright-Lighting-Technology-Co-ltd-/1X07LVZG,extracted,"Exporter, Manufacturer","Shenzhen, Guangdong, Chinese Mainland",2006,"Homeware & Lifestyle Essentials , Lights","Central & South America, Eastern Europe, Japan, North America, Scandinavia, Western Europe",BRT Lighting,Ms Wendy Guo,"Building 18, Shancheng Industrial Park, Shiyan Town, Bao'an District, Shenzhen, China",Chinese Mainland,101 - 200,"US$ 10,000,000 - 49,999,999",Sales Manager,
"Shenzhen Huadian Lighting Co., Ltd.",https://sourcing.hktdc.com/en/Supplier-Store/Profile/Shenzhen-Huadian-Lighting-Co-Ltd/1X087WLR,extracted,"Exporter, Manufacturer","Shenzhen, Guangdong, Chinese Mainland",2003,Lights,"Hong Kong, Korea, Middle East, North America, Other Asian Countries, Western Europe",Huadian,Mr Daniel Tang,"A building, Jinkaijing industial park Shilongzai Shiyan Street, Bao'an District, Shenzhen,",Chinese Mainland,201 - 500,"US$ 50,000,000 - 99,999,999",Sales manager,
"StrongLED Lighting Systems (SuZhou) Co., Ltd.",https://sourcing.hktdc.com/en/Supplier-Store/Profile/StrongLED-Lighting-Systems-SuZhou-Co-Ltd-/1S00P1R5U,extracted,,Chinese Mainland,,,,,Mr Zhao Jason,,Chinese Mainland,,,,
ZHONGSHAN HUAYI LIGHTING COMPANY LIMITED,https://sourcing.hktdc.com/en/Supplier-Store/Profile/ZHONGSHAN-HUAYI-LIGHTING-COMPANY-LIMITED/1S00PEDI5,extracted,,Chinese Mainland,,,,,MANJIE DENG,"2/F-1, 4/F, 6/F, Building 1, No. 140 Dongxing East Road, Guzhen Town, Zhongshan City, Guangdong Province, People's Republic of China",Chinese Mainland,,,,
"Zhongshan Greatshine Semiconductor Technology Co., Ltd.",https://sourcing.hktdc.com/en/Supplier-Store/Profile/Zhongshan-Greatshine-Semiconductor-Technology-Co-Ltd-/1S00P0CAU,extracted,Manufacturer,"Zhongshan, Guangdong, Chinese Mainland",2010,Lights,"Africa, Australasia, Central & South America, Chinese Mainland, Hong Kong, Japan, Korea, Other Asian Countries, Southeast Asia, Taiwan, Worldwide",,Ms Min Shu,"Building 2, Qifang Industrial Park Guzhen Town, Zhongshan City, Guangdong Province China",Chinese Mainland,101 - 200,"US$ 1,000,000 - 4,999,999",,
Alleybright Lighting Limited,https://sourcing.hktdc.com/en/Supplier-Store/Profile/Alleybright-Lighting-Ltd/1X00J7QP,extracted,Manufacturer,Hong Kong,2001,,"Eastern Europe, North America, Western Europe",,Mr Andy Lo,"Flat P, 9/F., Phase 4, Kwun Tong Industrial Building, 436-446 Kwun Tong Road, Kwun Tong, Kowloon, Hong Kong",Hong Kong,,,,
"Aoqi Lighting Co., Limited",https://sourcing.hktdc.com/en/Supplier-Store/Profile/Aoqi-Lighting-Co-Limited/1X06QXFU,extracted,"Exporter, Private Individual, Wholesaler",Hong Kong,,Lights,,,Miss Lynn Lee,"No.2 Unit 1008 Level 10, Landmark North, Sheung Shui, NT., Hong Kong",Hong Kong,,,Sales,
Auhilon (HK) Lighting Co.,https://sourcing.hktdc.com/en/Supplier-Store/Profile/Auhilon-HK-Lighting-Co-/1X00J884,extracted,Manufacturer,Hong Kong,1997,"Environmental Protection , Lights","Africa, Australasia, Central & South America, Eastern Europe, Middle East, North America, Scandinavia, Western Europe",,Mr Jinlun Yuan,"4/F, 191 Fa Yuen Street, Mong Kok, Kowloon, Hong Kong",Hong Kong,101 - 200,"US$ 1,000,000 - 4,999,999",Director,
Brandi Lighting Hong Kong Group Limited,https://sourcing.hktdc.com/en/Supplier-Store/Profile/Brandi-Lighting-Hong-Kong-Group-Ltd/1X07HJ0F,extracted,"Export Agent, Exporter, Manufacturer, Wholesaler",Hong Kong,,Lights,,,Mr David Lee,"Room A, 21/F, Gaylord Comm Bldg, 114-118 Lockhart Rd, Wanchai, Hong Kong",Hong Kong,,,Manager,
"Canco Lighting Co., Limited",https://sourcing.hktdc.com/en/Supplier-Store/Profile/Canco-Lighting-Co-Ltd/1X0AHR2P,extracted,,Hong Kong,,"Environmental Protection , Lights",,,Xue Will,"Rm1902, Easey Comm Bldg 253-261, Hennessy Road, Wanchai, Hong Kong",Hong Kong,,,,
"Compro Lighting Co., Limited",https://sourcing.hktdc.com/en/Supplier-Store/Profile/Compro-Lighting-Co-Limited/1S00PEJLQ,extracted,,Hong Kong,,,,,Lin Min,"Unit 10, 16/F, West Twr, Shun Tak Ctr, 168-200 Connaught Rd C, Sheung Wan, Hong Kong",Hong Kong,,,Assitant to GM,
"Eternal Lighting Industrial Co., Limited",https://sourcing.hktdc.com/en/Supplier-Store/Profile/Eternal-Lighting-Industrial-Co-Limited/1S00OG1HK,extracted,,Hong Kong,,,,,Tracy Mak,"Unit 32, 11/F, Lee Ka Industrial Building, 8 Ng Fong St, San Po Kong, Hong Kong",Hong Kong,,,,
"Germany Raynice Int't Lighting Co., Ltd",https://sourcing.hktdc.com/en/Supplier-Store/Profile/Germany-Raynice-Int-t-Lighting-Co-Ltd/1X07HIZJ,extracted,"Exporter, Manufacturer",Hong Kong,,"Environmental Protection , Lights",,,Mr Raynice Poon,"Flat/Rm D, 16/F, Cheuk Nang Plaza, 250 Hennessy Road, Wanchai, Hong Kong",Hong Kong,,,,
Glamor Illumination Limited,https://sourcing.hktdc.com/en/Supplier-Store/Profile/Glamor-Illumination-Limited/1X06QXMN,extracted,Manufacturer,Hong Kong,2003,"Environmental Protection , Festive Supplies , Gifts, Toys & Sports Supplies , Lights",Worldwide,Glamor,Ms Yuane Huang,"Rm. 1302, 13/F, CC Wu Bldg., 302-308 Hennessy Rd., Wanchai, Hong Kong",Hong Kong,501 - 1000,"US$ 10,000,000 - 49,999,999",Director,
"Great Time Technology Co., Limited",https://sourcing.hktdc.com/en/Supplier-Store/Profile/Great-Time-Technology-Co-Limited/1S00OQPP8,extracted,,Hong Kong,,,,,Mike Wu,"Rm4, 16/F, Ho King Commercial Centre, No. 2-16 Fayuen Street, Mongkok, Hong Kong",Hong Kong,,,,
HK No.1 Brand Electric Limited,https://sourcing.hktdc.com/en/Supplier-Store/Profile/HK-NO-1-BRAND-ELECTRIC-LIMITED/1S00OCN34,extracted,,Hong Kong,,,,,Mr Jason Wong,,Hong Kong,,,,
"HK Oumeng Light Fixture & Electrical Co., Limited",https://sourcing.hktdc.com/en/Supplier-Store/Profile/HK-Oumeng-Lighting-Electrical-Co-Limited/1X0AE9MN,extracted,,Hong Kong,,"Environmental Protection , Lights",,,Yuding Huang,"Flat/Rm B07 23/F, Hover Industrial Building, No.26-38 Kwai Cheong Road, NT, Hong Kong",Hong Kong,,,,
HK Suoyoung Lighting Limited,https://sourcing.hktdc.com/en/Supplier-Store/Profile/HK-Suoyoung-Lighting-Limited/1X084RHA,extracted,,Hong Kong,,Lights,,,Sharon Wang,"Rm1005, 10/F, Hoking Commercial Cenre, 2-16 Fa Yuen Street, Mongkok, Kln, Hong Kong",Hong Kong,,,SALES MANAGER,
"Haisri Lighting Co., Limited",https://sourcing.hktdc.com/en/Supplier-Store/Profile/HISRAM-LIGHTING-CO-LIMITED/1X08I8HV,extracted,"Exporter, Manufacturer",Hong Kong,,"Environmental Protection , Lights",,,Mr Brandon He,"Office 3A, 12/F, Kaiser Centre, No. 18 Centre Street,",Hong Kong,,,,
Hong Kong Jing Bao Lighting Company Limited,https://sourcing.hktdc.com/en/Supplier-Store/Profile/HONG-KONG-JING-BAO-LIGHTING-COMPANY-LIMITED/1X0AWAJN,extracted,,Hong Kong,,Lights,,,June Yuen,"Unit B, 16/F, Loyong Court Comm Bldg, 212-220 Lockhart Rd, Wan Chai, Hong Kong",Hong Kong,,,Sales representative,
Hong Kong Modern Lamp LTD,https://sourcing.hktdc.com/en/Supplier-Store/Profile/Hong-Kong-Modern-Lamp-LTD/1X0A55WP,extracted,,Hong Kong,,"Environmental Protection , Lights",,,shirley huang,"Room 1103, Hang Seng Mongkok Building, 677 Nathan Road, Mongkok, KLN, Hong Kong",Hong Kong,,,Manager,
"IDEA (HK) Lighting Co., Limited",https://sourcing.hktdc.com/en/Supplier-Store/Profile/IDEA-HK-Lighting-Co-Limited/1X09UCV5,extracted,,Hong Kong,,"Environmental Protection , Lights",,,WangPei Deng,"Rooms 1318-19, 13/F, Hollywood Plaza, 610 Nathan Road, Mongkok, Kowloon, Hong Kong",Hong Kong,,,President,
Kenier Hong Kong Group Limited,https://sourcing.hktdc.com/en/Supplier-Store/Profile/Kenier-Hong-Kong-Group-Limited/1X06QXBY,extracted,"Export Agent, Exporter, Manufacturer",Hong Kong,,Lights,,,Mr Davy Lee,"Room A, 21/F., Gaylord Commercial Building, 114-118 Lockhart Road, Wanchai, Hong Kong",Hong Kong,,,President,
Kenton (HK) Trading Company Limited,https://sourcing.hktdc.com/en/Supplier-Store/Profile/Kenton-HK-Trading-Company-Ltd/1X00ASO0,extracted,Exporter,Hong Kong,1994,"Consumer Electronics , Electronics , Environmental Protection , Festive Supplies , Gifts, Toys & Sports Supplies , Home Products, Lights & Constructions , Homeware & Lifestyle Essentials , Lights , Religious Items & Crafts , Stationery","North America, Western Europe",,Mr Mr. Ken Chan Li,"Flat A, 46/F, Tower 3, Central Park, 18 Hoi Ting Road, Mongkok, Kowloon, Hong Kong",Hong Kong,26 - 50,"US$ 250,000 - 499,999",Manager,
"Ledman Hong Kong Co., Limited",https://sourcing.hktdc.com/en/Supplier-Store/Profile/Ledman-Hong-Kong-Co-Limited/1X08Z3ZS,extracted,"Exporter, Manufacturer",Hong Kong,,"Environmental Protection , Lights",,,Ms PEI YU,"Rooms 1318-1319, Holllywood Plaza, 610 Nathan Road, Mongkok, Kowloon,",Hong Kong,,,V.P. Assistant,
Lens World Trading Co. Limited,https://sourcing.hktdc.com/en/Supplier-Store/Profile/Lens-World-Trading-Company-Limited/1X08PNX6,extracted,Trade/Industrial Organisation,Hong Kong,,,,,Mr CALVANI WONG,"Room 1021, 10/F Well Fung Industrial Centre 58-76 Ta Chuen Ping Street Kwai Chung, New Territories, Hong Kong",Hong Kong,,,ACCOUNTS,
Luen Fat Electrical Company,https://sourcing.hktdc.com/en/Supplier-Store/Profile/Luen-Fat-Electrical-Company/1X08R0Y2,extracted,Manufacturer,Hong Kong,1997,"Environmental Protection , Lights","Eastern Europe, Middle East, Scandinavia, Southeast Asia, Western Europe",Billion Light,Miss Wing Sze Ng,"Shop C, 234 Apliu Street, Sham Shui Po, Kowloon,",Hong Kong,51 - 100,"US$ < 50,000",Sales manager,
Lung Lik Lighting Group Limited,https://sourcing.hktdc.com/en/Supplier-Store/Profile/Lung-Lik-Lighting-Group-Limited/1S00OSQXJ,extracted,,Hong Kong,,,,,Brenda Chan,"Unit 32, 11/F, Lee Ka Industrial Building, 8 Wu Fong Street, San Po Kong, Hong Kong",Hong Kong,,,,
Meko Lighting Group Limited,https://sourcing.hktdc.com/en/Supplier-Store/Profile/Meko-Lighting-Group-Limited/1S00OHSGW,extracted,,Hong Kong,,,,,Serena Xie,"Unit 12, 10/F, No. 1 Hung To Road, Kwun Tong, Kowloon, Hong Kong",Hong Kong,,,Sales Manager,
Naco Lighting Limited,https://sourcing.hktdc.com/en/Supplier-Store/Profile/Naco-Lighting-Limited/1S00O0NCD,extracted,,Hong Kong,,,,,Nancy Deng,"Unit J  15/F TAL Bldg 49 Austin Road Jordan, Kowloon, Hong Kong",Hong Kong,,,,
Neonlite Distribution Limited,https://sourcing.hktdc.com/en/Supplier-Store/Profile/Neonlite-Distribution-Limited/1X0AWACU,extracted,,Hong Kong,,"Consumer Electronics , Environmental Protection , Internet of Things , Lights",,,Wendy Lam,"12/F, Lu Plaza, 2-4 Wing Yip Street, Kwun Tong, Kowloon, Hong Kong",Hong Kong,,,Brand Manager,
New Era Lighting Group Ltd,https://sourcing.hktdc.com/en/Supplier-Store/Profile/New-Era-Lighting-Group-Ltd/1X097AIO,extracted,,Hong Kong,,"Environmental Protection , Lights",,,Chan Hilary,"Unit 1101, 11/F, Grandtech Centre, 8 On Ping Street, Sha Tin, Hong Kong",Hong Kong,,,,
"Ocean Lamp Co., Limited",https://sourcing.hktdc.com/en/Supplier-Store/Profile/ocean-lamp-Co-ltd/1X08PRYT,extracted,Manufacturer,Hong Kong,,Lights,Worldwide,,Ms Wang liping,"Unit 3, 6/F, Kam Hon Industrial Bldg., 8 Wang Kwun Road,",Hong Kong,,,Sales manager,
Plusrite (Hong Kong) Electric Co. Limited,https://sourcing.hktdc.com/en/Supplier-Store/Profile/Plusrite-Hong-Kong-Electric-Co-Limited/1X08PS6I,extracted,Manufacturer,Hong Kong,,Lights,,,Sandy Chan,"Room 2707, 27/F, Office Tower, Convention Plaza,",Hong Kong,,,Administration supervisor,
Pointoway (HK) Lighting Technology Limited,https://sourcing.hktdc.com/en/Supplier-Store/Profile/Pointoway-HK-Lighting-Technology-Limited/1S00OD2HJ,extracted,,Hong Kong,,,,,Ms lifang zhang,,Hong Kong,,,,
Precision Star Hong Kong Limited,https://sourcing.hktdc.com/en/Supplier-Store/Profile/Precision-Star-Hong-Kong-Limited/1X08PS2M,extracted,,Hong Kong,,"Environmental Protection , Lights",,,Daphne Yung,"Rm 11, 9/F, Block C, Wahlok Industrial Centre, 31-41 Shan Mei Street,",Hong Kong,,,Merchandising Manager,
"Royal Technology (HK) Group Co., Limited",https://sourcing.hktdc.com/en/Supplier-Store/Profile/ROYAL-TECHNOLOGY-HK-GROUP-CO-LIMITED/1X0914H7,extracted,Manufacturer,Hong Kong,,"Environmental Protection , Lights",,,YUANQUAN ZENG,"Flat/Rm 1801, 18/F, Workingport Comm. Bldg., No. 3 Hau Fook St., Tsimshatsui,",Hong Kong,,,SALES MANAGER,
Siki Lighting Company Limited,https://sourcing.hktdc.com/en/Supplier-Store/Profile/Siki-Lighting-Company-Limited/1S00PABPM,extracted,Manufacturer,Hong Kong,2012,Lights,"Chinese Mainland, Eastern Europe, Korea, Middle East, Scandinavia, Southeast Asia, Western Europe",SIKI,Mr David Leung,"FLAT B2 21/F GOCD KING INDUSTRIAL BUILDING KWAI CHUNG, HK",Hong Kong,101 - 200,"US$ 10,000,000 - 49,999,999",Manager,
Sur-Link Technology (H.K.) Limited,https://sourcing.hktdc.com/en/Supplier-Store/Profile/Sur-Link-Technology-H-K-Limited/1S00OG2CY,extracted,,Hong Kong,,,,,Hongmei Zhou,"Unit 04, 7/F, Bright Way Tower, 33 Mong Kok Rd, Mong Kok, Kowloon, Hong Kong",Hong Kong,,,,
"U-Top Universal Co., Limited",https://sourcing.hktdc.com/en/Supplier-Store/Profile/U-TOP-UNIVERSAL-CO-LTD/1X0746JZ,extracted,Exporter,Hong Kong,,"Environmental Protection , Lights",,,Mr Jason Wang,"Flat/Rm 804, Sino Centre, 582-592 Nathan Road, Mong Kok, KL, Hong Kong",Hong Kong,,,,
"Unite Int'l Illumination Co., Limited",https://sourcing.hktdc.com/en/Supplier-Store/Profile/UNITE-INT-L-ILLUMINATION-CO-LIMITED/1X08H866,extracted,Exporter,Hong Kong,,"Environmental Protection , Lights","Australasia, Chinese Mainland, Middle East, North America, Western Europe",,Ms Helen Tang,"Suite A1, 12/F, Ritz Plaza, 122 Austin Road, TST,",Hong Kong,101 - 200,"US$ 250,000 - 499,999",Overseas Sales Marketing Manager,
Venezina International Limited,https://sourcing.hktdc.com/en/Supplier-Store/Profile/Venezina-International-Limited/1X0B1Z12,extracted,,Hong Kong,,Lights,,,Jacob Pang,"Room D, 10/F,  Tower A, Billion Centre, 1 Wang Kwong Road, Kowloon Bay, Kowloon, Hong Kong",Hong Kong,,,Marketing Manager,
Vision Group HK Limited,https://sourcing.hktdc.com/en/Supplier-Store/Profile/Vision-Group-HK-Limited/1X0A563F,extracted,,Hong Kong,,"Consumer Electronics , Environmental Protection , Gifts, Toys & Sports Supplies , Lights",,,Tang Chloe,"Unit 309, 3/F, Conic Investment Building, No. 13 Hok Yuen Street, Hung Hom, Hong Kong",Hong Kong,,,,
Wing Hang Trading Company,https://sourcing.hktdc.com/en/Supplier-Store/Profile/Wing-Hang-Trading-Company/1X08T1X0,extracted,Manufacturer,Hong Kong,,Lights,Worldwide,,Miss Tsui Fion,"Block C, Flat 1, 2/F, Mui Wo Centre, 3 Ngan Wan Rd,",Hong Kong,,,,
Wing Mei (Mplus) Lighting Limited,https://sourcing.hktdc.com/en/Supplier-Store/Profile/Wing-Mei-Mplus-Lighting-Limited-/1S00P6KVV,extracted,Manufacturer,Hong Kong,,Lights,,,Miss Annie Cheung,"Shop 11, 2/F, Cheong On Bldg, Tsuen Cheong Ctr, 114-128 Castle Peak Rd - Tsuen Wan, Tsuen Wan, New Territories, Hong Kong",Hong Kong,,,Sale Executive,
"Yarncin Lighting Technology (Hongkong) Co., Limited",https://sourcing.hktdc.com/en/Supplier-Store/Profile/Yarncin-Lighting-Technology-Hongkong-Co-Limited/1X07HL09,extracted,,Hong Kong,,"Environmental Protection , Lights , Parts, Components & Electrical Supplies , Parts, Components & Raw Materials",,,stella Hu,"12/F, AT Tower, 180 Electric Rd, North Point, Hong Kong",Hong Kong,,,GM Assistant,
Zenlux International Limited,https://sourcing.hktdc.com/en/Supplier-Store/Profile/Zenlux-International-Limited/1X084RYT,extracted,,Hong Kong,,"Environmental Protection , Lights",,,Mandy Lu,"Flat B2 14/F Block B, Lok Sing Bldg, 19-31 Yee Wo Street, Causeway Bay, Hong Kong",Hong Kong,,,,
"Baide Illumination Technology (Zhongshan) Co., Ltd.",https://sourcing.hktdc.com/en/Supplier-Store/Profile/Baide-Illumination-Technology-Zhongshan-Co-Ltd/1S00OZN0D,extracted,,Chinese Mainland,,,,,Mr Fangli Cheng,,Chinese Mainland,,,,
Boke Drivers Co Ltd,https://sourcing.hktdc.com/en/Supplier-Store/Profile/Boke-Drivers-Co-Ltd/1S00P4UMC,extracted,Manufacturer,"Zhongshan, Guangdong, Chinese Mainland",2010,Lights,"Chinese Mainland, Middle East, North America, Other Asian Countries, Southeast Asia, Western Europe",BOKE,Mr Jasper Zheng,"South District, No.51, Xihuan 5th Road, Zhongshan City, Guangdong, China",Chinese Mainland,201 - 500,"US$ 5,000,000 - 9,999,999",Marketing Manager,
"CH Lighting Co., Ltd",https://sourcing.hktdc.com/en/Supplier-Store/Profile/CH-Lighting-Co-Ltd/1S00OH1SN,extracted,,Chinese Mainland,,,,,JUNBO PAN,"No.2-4, Longquan Road 2-4, Shangyu Shaoxing Zhejiang, China",Chinese Mainland,,,,
Cardiff Lighting,https://sourcing.hktdc.com/en/Supplier-Store/Profile/CARDIFF-LIGHTING/1S00O6QF1,extracted,,Chinese Mainland,,,,,Miss lianxiang MO,,Chinese Mainland,,,,
"Changqi Lighting Technology Co.,Ltd.",https://sourcing.hktdc.com/en/Supplier-Store/Profile/Changqi-Lighting-Technology-Co-Ltd-/1S00PDNBG,extracted,,Chinese Mainland,,,,,Yonghong Situ,"No. 11, Longsha Industrial Zone, Shalu Hengbian Sub-distri Jianghai District, Jiangmen City,Guangdong, China",Chinese Mainland,,,General Manager,
"Changxing Fanya Smart Lighting Co., Ltd",https://sourcing.hktdc.com/en/Supplier-Store/Profile/Changxing-Fanya-Smart-Lighting-Co-Ltd/1S00O4HI1,extracted,Manufacturer,"Huzhou, Zhejiang, Chinese Mainland",2001,Lights,"Korea, Scandinavia, Western Europe",,Ms Amily Chen,"No 65, Chengnan Road, Huaxi Street, Changxing, Zhejiang, China",Chinese Mainland,501 - 1000,"US$ 10,000,000 - 49,999,999",Sales Manager,
"Cheng Du Herculux Photoelectric Technology Co.,Ltd",https://sourcing.hktdc.com/en/Supplier-Store/Profile/Cheng-Du-Herculux-Photoelectric-Technology-Co-Ltd/1S00P57DQ,extracted,,Chinese Mainland,,Optical Equipment,,,Eason Peng,610213 中國四川省成都市 雙流區公興鎮物聯二路,Chinese Mainland,,,Marketing Director,
"Cixi Zhongfa Lamps Co., Ltd.",https://sourcing.hktdc.com/en/Supplier-Store/Profile/Cixi-Zhongfa-Lamps-Co-Ltd/1X006QO6,extracted,"Exporter, Manufacturer","Ningbo, Zhejiang, Chinese Mainland",1994,"Environmental Protection , Lights","Eastern Europe, Western Europe",,Miss ZHIHONG KONG,"No 188, 2nd Xingci Road, Economic Development Zone, Cixi City, Ningbo, China",Chinese Mainland,,,Manager,
"Dongguan Betop Smart Lighting co.,Ltd",https://sourcing.hktdc.com/en/Supplier-Store/Profile/Dongguan-Betop-Smart-Lighting-co-Ltd/1S00PEBJ4,extracted,,Chinese Mainland,,,,,LUXIN Sun,guangdong,Chinese Mainland,,,,
Dongguan VJC Lighting Limited,https://sourcing.hktdc.com/en/Supplier-Store/Profile/Dongguan-VJC-Lighting-Limited/1S00O9H9S,extracted,,Chinese Mainland,,,,,Liz Lin,"Room 601, Building 4, No.2 Luxi Yintong Road, Gaobu Town, Dongguan City, Guangdong Province, 523283, China",Chinese Mainland,,,Sales,
"Dongguan Zhonggongtongming Optoelectronic Technology Co., Ltd.",https://sourcing.hktdc.com/en/Supplier-Store/Profile/Dongguan-Zhonggongtongming-Optoelectronic-Technology-Co-Ltd-/1S00PD21V,extracted,,Chinese Mainland,,,,,Ms Fangyuan Cheng,,Chinese Mainland,,,,
Energetic Lighting Europe N.V.,https://sourcing.hktdc.com/en/Supplier-Store/Profile/Energetic-Lighting-Europe/1X0978GW,extracted,,Belgium,,"Environmental Protection , Lights",,,Marc van Hoof,"Kontichsesteenweg 73, Aartselaar, Antwerp, Belgium",Belgium,,,Senior Marketing & Product Manager Europe,
"Foshan LedKey Lighting Technology Co.,Ltd",https://sourcing.hktdc.com/en/Supplier-Store/Profile/Foshan-LedKey-Lighting-Technology-Co-Ltd/1S00PEDLW,extracted,,Chinese Mainland,,,,,Allen HO,"Building 1, No.5 Nanda Rd Danzao, Nanhai Foshan, Foshan, Guangdong, China",Chinese Mainland,,,,
"Fujian ManewAIoT Lighting Co., Ltd.",https://sourcing.hktdc.com/en/Supplier-Store/Profile/Fujian-ManewAIoT-Lighting-Co-Ltd-/1S00OD6SI,extracted,,Chinese Mainland,,,,,Ms xiuhua li,,Chinese Mainland,,,,
"Guang Dong Ho So Lighting Co., Ltd",https://sourcing.hktdc.com/en/Supplier-Store/Profile/Guangdong-Ho-So-Lighting-Co-Ltd/1X0AXLVE,extracted,"Exporter, Manufacturer","Zhongshan, Guangdong, Chinese Mainland",,"Environmental Protection , Lights",,,Ms Misha -,"Ho So Builiding, No.1 Yihui 3 Road, Henglan Town, Zhongshan City, Guangdong Province, China.",Chinese Mainland,,,Sales Manager,
"GuangDong Zhongqian New Energy Technology Co., Ltd",https://sourcing.hktdc.com/en/Supplier-Store/Profile/Zhongshan-Zhongqian-Intelligent-Electrical-Technology-CO-Ltd/1S00OA587,extracted,Manufacturer,"Zhongshan, Guangdong, Chinese Mainland",2011,Lights,"Africa, Central & South America, Other Asian Countries, Southeast Asia, Western Europe",OEM,Mr Hansen Han,"Building 10, Baode Industrial Park, No.268 Dongfu 3rd Road, Dongfeng Town, Zhongshan City, China",Chinese Mainland,201 - 500,"US$ 10,000,000 - 49,999,999",Vice President,
"GUANGDONG SAT TECHNOLOGY CO., LTD.",https://sourcing.hktdc.com/en/Supplier-Store/Profile/Guangdong-SAT-Technology-Co-Ltd-/1S00PEDFE,extracted,,Chinese Mainland,,,,,songming pan,"NO.11 LIANBAO ROAD, SHENGFENG, XIAOLAN TOWN, ZHONG",Chinese Mainland,,,,
Guangzhou Skydance Co Ltd,https://sourcing.hktdc.com/en/Supplier-Store/Profile/Guangzhou-Skydance-Co-Ltd/1X09SRXU,extracted,,Chinese Mainland,,"Consumer Electronics , Hardwares (Tools & Parts) , Lights",,,Jacky Woo,"3F,No.56,Huancundong Road, Zhongcun Street, Panyu District, Guangzhou, China",Chinese Mainland,,,sales manager,
"Hangzhou BroadLink Technology Co., Ltd.",https://sourcing.hktdc.com/en/Supplier-Store/Profile/Hangzhou-BroadLink-Technology-Co-Ltd-/1X0AOJ1E,extracted,,Chinese Mainland,,"Consumer Electronics , Lights , Parts, Components & Electrical Supplies , Parts, Components & Raw Materials",,,Mengqing Hu,310052中國浙江省杭州市濱江 區江虹路611號上峰電商產業園1 -106室,Chinese Mainland,,,,
"Hangzhou Tiger Electron & Electric Co., Ltd.",https://sourcing.hktdc.com/en/Supplier-Store/Profile/Hangzhou-Tiger-Electron-Electric-Co-Ltd/1X0ADZMH,extracted,"Exporter, Manufacturer","Hangzhou, Zhejiang, Chinese Mainland",2000,"Environmental Protection , Health Care & Medical Supplies , Lights","Africa, Central & South America, Eastern Europe, Middle East, Other Asian Countries, Scandinavia, Southeast Asia, Western Europe, Worldwide",,Ms Apple Liu,-,Chinese Mainland,501 - 1000,"US$ 10,000,000 - 49,999,999",Sales,
Hangzhou Tuya Information Technology Co Ltd,https://sourcing.hktdc.com/en/Supplier-Store/Profile/Hangzhou-Tuya-Information-Technology-Co-Ltd/1S00OTQCA,extracted,,Chinese Mainland,,,,,Teresa Tao,310013 中國浙江省杭州市 西湖區五常港路 華策中心A座2-3層、 6-13層,Chinese Mainland,,,,
"Hangzhou Yuzhong Gaohong Lighting Electrical Equipment Co., Ltd.",https://sourcing.hktdc.com/en/Supplier-Store/Profile/Hangzhou-Yuzhong-Gaohong-Lighting-Electrical-Equipment-Co-/1X00ERL6,extracted,"Exporter, Manufacturer","Hangzhou, Zhejiang, Chinese Mainland",1997,"Environmental Protection , Lights","Australasia, Eastern Europe, Korea, North America, Western Europe",,Ms Shun Hua Fang,Gao Hong Town Lin An City Hang Zhong China.,Chinese Mainland,,,Manager,
"Huizhou Foryou Optoelectronics Technology Co., Ltd.",https://sourcing.hktdc.com/en/Supplier-Store/Profile/HUIZHOU-FORYOU-OPTOELECTRONICS-TECHNOLOGY-CO-LTD/1X0A753I,extracted,Manufacturer,"Beihai, Guangxi Zhuang Autonomous Region, Chinese Mainland",,"Environmental Protection , Lights",,,Mr IAN ZHANG,"Building #6, Area B Fou you Industrial Park, No 1 North Shangxia Road, Ponjiang  High-tech Industrial Park,  Weizhou, China",Chinese Mainland,,,,
"Imigy Lighting Electric Co.,Ltd.",https://sourcing.hktdc.com/en/Supplier-Store/Profile/Imigy-Lighting-Electric-Co-Ltd-/1S00PECJ3,extracted,,Chinese Mainland,,,,,Miss Zeng Lingxiang,,Chinese Mainland,,,,
JIANGMEN LIONWAY ELECTRONICS CO..LIMITED,https://sourcing.hktdc.com/en/Supplier-Store/Profile/JIANGMEN-LIONWAY-ELECTRONICS-CO-LIMITED/1S00PF5VA,extracted,,Chinese Mainland,,,,,Christy Yan,"NO.18 XINYI ROAD, JIANGHAI DISTRICT, JIANGMEN CITY, GUANGDONG",Chinese Mainland,,,,
Kaoyi Group SPA,,not_attempted_l2_unavailable,,,,,,,,,,,,,
LUXX Light Technology (Canada) Inc.,https://sourcing.hktdc.com/en/Supplier-Store/Profile/LUXX-Light-Technology-Canada-Inc-/1S00OLXC3,extracted,,Canada,,"Consumer Electronics , Parts, Electrical Electronic Supplies",,,Andreas Weyer,"55, Commerce Valley West Drive, Markham, Ontario, Canada",Canada,,,Man. Dir.,
"Lead Opto-Technology Co.,Limited",https://sourcing.hktdc.com/en/Supplier-Store/Profile/LEAD-OPTO-TECHNOLOGY-CO-LIMITED/1S00P3AFH,extracted,,Chinese Mainland,,,,,Ms Xiaojie Li,,Chinese Mainland,,,,
Love House Lighting Factory,https://sourcing.hktdc.com/en/Supplier-Store/Profile/Love-House-Lighting-Factory/1X0A9S8G,extracted,,Chinese Mainland,,"Environmental Protection , Lights",,,Bang Chen,,Chinese Mainland,,,,
Murat Aydinlatma San Ve Tic AS,https://sourcing.hktdc.com/en/Supplier-Store/Profile/MURAT-AYDINLATMA-SAN-TIC-AS/1S00P0I1F,extracted,,Turkiye,,,,,Mr Yunusbek Abdumutalimzoda,,Turkiye,,,,
NEKO Lighting AG,https://sourcing.hktdc.com/en/Supplier-Store/Profile/NEKO-Lighting-AG/1X097L09,extracted,,Switzerland,,Lights,,,Crystal Tan,Flüelastrasse 12 Zurich 8048 Switzerland,Switzerland,,,marketting manager,
"Ningbo Cixi Import and Export Holdings Co., Ltd.",https://sourcing.hktdc.com/en/Supplier-Store/Profile/Ningbo-Cixi-Import-and-Export-Holdings-Co-Ltd-/1S00ODAPN,extracted,,Chinese Mainland,,,,,Mr Ben Li,,Chinese Mainland,,,,
"Ningbo Freelux Lighting Appliance Co., Ltd.",https://sourcing.hktdc.com/en/Supplier-Store/Profile/Ningbo-Freelux-Lighting-Appliance-Co-Ltd-/1X0ADSWS,extracted,,Chinese Mainland,,"Environmental Protection , Lights",,,yanhui mao,"338 Yuelin East Road, Dongjiao Development Zone, Fenghua China",Chinese Mainland,,,,
"Ningbo Sanity Lighting Electrical Appliance Co., Ltd.",https://sourcing.hktdc.com/en/Supplier-Store/Profile/Ningbo-Sanity-Lighting-Electrical-Appliance-Co-Ltd/1S00PCV3W,extracted,,Chinese Mainland,,Lights,,,Xiaochen Gong,"Sanbei Industrial Zone, Longshan Town, Cixi, Ningbo, Zhejiang, China",Chinese Mainland,,,General Manager,
"Ningbo Senxinchi Import and Export Co., Ltd.",https://sourcing.hktdc.com/en/Supplier-Store/Profile/Ningbo-Senxinchi-Import-and-Export-Co-Ltd-/1S00PBS8K,extracted,,Chinese Mainland,,,,,Mr Xin Xu,,Chinese Mainland,,,,
"RAYCONN LIGHTING TECHNOLOGY CO.,LTD",https://sourcing.hktdc.com/en/Supplier-Store/Profile/RAYCONN-LIGHTING-TECHNOLOGY-CO-LTD/1S00PCSAE,extracted,,Chinese Mainland,,,,,Mr Huang Aidan,,Chinese Mainland,,,,
"Rayrun Technology Co., Ltd.",https://sourcing.hktdc.com/en/Supplier-Store/Profile/Rayrun-Technology-Co-Ltd-/1X07JEEG,extracted,"Exporter, Manufacturer","Shenzhen, Guangdong, Chinese Mainland",2011,"Parts, Components & Electrical Supplies",Worldwide,Rayrun,Mr Rocky Wei,"5th Floor, Building 2, Haitian Lanyu Industrial Park, Shilong Community, Shiyan Street, Baoan District, Shenzhen, Guangdong, China",Chinese Mainland,26 - 50,"US$ 250,000 - 499,999",General Manager,
"Shanghai SHYLON Optoelectronics Technology Co., Ltd.",https://sourcing.hktdc.com/en/Supplier-Store/Profile/Shanghai-Shylon-Optoelectronics-Technology-Co-Ltd/1S00O9H8V,extracted,,Chinese Mainland,,,,,Min Wei,"No.1186-1, Pengqing Rd, Huaqiao, Kunshan, Jiangsu, China",Chinese Mainland,,,VGM,
"Sheenly Lighting Co., Ltd.",https://sourcing.hktdc.com/en/Supplier-Store/Profile/Sheenly-Lighting-Co-Ltd/1X06V8A2,extracted,"Exporter, Manufacturer","Shanghai Shi, Shanghai, Chinese Mainland",2009,"Environmental Protection , Lights","Eastern Europe, Hong Kong, Middle East, North America, Scandinavia, Western Europe, Worldwide",Sheenly,Mr Jason chen,"Bldg 22, Xuhui International, No.1688 Lianhang Road, Minhang district, Shanghai, China",Chinese Mainland,101 - 200,"US$ 10,000,000 - 49,999,999",sales manager,
"Shenzhen Norming Lighting Co., Ltd.",https://sourcing.hktdc.com/en/Supplier-Store/Profile/Shenzhen-Norming-Lighting-Co-Ltd/1X07TB12,extracted,Manufacturer,"Shenzhen, Guangdong, Chinese Mainland",2010,"Environmental Protection , Lights","Australasia, Scandinavia, Western Europe",None,Ms Silvia Yeung,"Bao'An Foreign Trade Industrial Park, Shiyan Town Bao'an District, Shenzhen, China",Chinese Mainland,101 - 200,"US$ 1,000,000 - 4,999,999",Sales Manager,
Shenzhen RisingSun Photoelectric Holdings Limited,https://sourcing.hktdc.com/en/Supplier-Store/Profile/Shenzhen-RisingSun-Photoelectric-Holdings-Limited/1X09A3UX,extracted,,Chinese Mainland,,Lights,,,yaling sun,"Huafenggaoxin Industrial Park, No.3 Technolgy Road Pingshan New District, Shenzhen, China",Chinese Mainland,,,,
"Shenzhen Unicorn Lighting Co., Ltd.",https://sourcing.hktdc.com/en/Supplier-Store/Profile/Shenzhen-Unicorn-Lighting-Co-Ltd/1X0AR839,extracted,,Chinese Mainland,,"Environmental Protection , Lights",,,Zhang Weiguo,"3F, 3rd Industry Park, Huayuan Road, Dalang, Longh",Chinese Mainland,,,,
Shenzhen Yihui Lighting Co Ltd,https://sourcing.hktdc.com/en/Supplier-Store/Profile/Shenzhen-Yihui-Lighting-Co-Ltd/1X08ICME,extracted,Manufacturer,"Shenzhen, Guangdong, Chinese Mainland",,"Consumer Electronics , Environmental Protection , Lights , Parts, Components & Electrical Supplies",,,Miss Ya Huang,"Unit B, Floor 2, No.192, Chongqing Road, Heping Community, Baoan, Shenzhen, Shenzhen",Chinese Mainland,,,,
"Siqi Technologies (Shenzhen) Co.,Ltd",https://sourcing.hktdc.com/en/Supplier-Store/Profile/Siqi-Technologies-Shenzhen-Co-Ltd/1S00OLZY7,extracted,,Chinese Mainland,,"Building Materials & Supplies , Consumer Electronics , Home Appliances , Homeware & Lifestyle Essentials , Internet of Things , Lights",,,Miss Banana Yuan,,Chinese Mainland,,,,
"Summer Science & Technology Lighting (Guangdong ) Co., Ltd",https://sourcing.hktdc.com/en/Supplier-Store/Profile/Summer-Science-Technology-Lighting-Guangdong-Co-Ltd/1S00OUDU5,extracted,,Chinese Mainland,,,,,Aiwin Huang,"No 118, Jiangmu Road, Jianghai District, Jiangmen, Guangdong, China",Chinese Mainland,,,,
The Rug Republic,https://sourcing.hktdc.com/en/Supplier-Store/Profile/The-Rug-Republic/1S00NK83J,extracted,,India,,,,,Raghav Gupta,"A-228 Sector-83, Noida, Uttar Pradesh, India",India,,,Director,
"Ucome Lighting Co., Ltd.",https://sourcing.hktdc.com/en/Supplier-Store/Profile/Ucome-Lighting-Co-Ltd-/1S00OYFPI,extracted,Wholesaler,"Ningbo, Zhejiang, Chinese Mainland",,"Environmental Protection , Lights",,,Miss Junfen Yuan,"No. 3 Shaojiadu Lizhou Jiedao, Yuyao Ningbo, Zhejiang China",Chinese Mainland,,,,
Wildland International Inc.,https://sourcing.hktdc.com/en/Supplier-Store/Profile/Wildland-International-Inc-/1S00OPMMK,extracted,,Chinese Mainland,,Lights,,,Mr Terry Chen,,Chinese Mainland,,,,
Xiamen Topstar Lighting Co Ltd,https://sourcing.hktdc.com/en/Supplier-Store/Profile/Xiamen-Topstar-Lighting-Co-Ltd/1X0061HG,extracted,"Exporter, Manufacturer","Xiamen, Fujian, Chinese Mainland",2000,"Environmental Protection , Health Care & Medical Supplies , Lights , Parts, Components & Electrical Supplies",Worldwide,TOPSTAR,Ms Helen Han,"Xi Ke Town, No.676 Mei Shi Rd, Xiamen City, Fujian Province, China.",Chinese Mainland,2001 - 3000,"US$ 50,000,000 - 99,999,999",Sales Manager,
Yunda Lighting Co Ltd,https://sourcing.hktdc.com/en/Supplier-Store/Profile/Yunda-Lighting-Co-Ltd-/1X0AXRP2,extracted,,Taiwan,,Lights,,,Wen Pin Fu,"11F, No.28, Changrong Rd, Luzhou Dist., New Taipei City, Taiwan",Taiwan,,,,
Zhaga Consortium,https://sourcing.hktdc.com/en/Supplier-Store/Profile/Zhaga-Consortium/1S00OZMQ8,extracted,,Chinese Mainland,,,,,Mr Zhan Wang,,Chinese Mainland,,,,
"Zhongshan Bestwon Lighting Co., Ltd",https://sourcing.hktdc.com/en/Supplier-Store/Profile/Zhongshan-Bestwon-Lighting-Co-LTD/1S00OJLE9,extracted,,Chinese Mainland,,Lights,,,Ling Wu,"No. 51 Xihuan 5th Road South District, Zhongshan Guangdong, China",Chinese Mainland,,,,
Zhongshan Guzhen Xiongbin Lighting Factory,https://sourcing.hktdc.com/en/Supplier-Store/Profile/Zhongshan-Guzhen-Xiongbin-Lighting-Factory/1X06TEEG,extracted,"Exporter, Manufacturer","Zhongshan, Guangdong, Chinese Mainland",2009,"Environmental Protection , Lights",Western Europe,,Mr Sam Zhang,"No.3 Luosha Industrial, East Road, Guzhen Town, Zhongshan City, Guangdong",Chinese Mainland,,,Manager,
"Zhongshan HuiHeng Lighting Co., Ltd.",https://sourcing.hktdc.com/en/Supplier-Store/Profile/Zhongshan-HuiHeng-Lighting-Co-Ltd/1X08S7TM,extracted,Manufacturer,"Zhongshan, Guangdong, Chinese Mainland",2012,Lights,"Australasia, Eastern Europe, Hong Kong, Japan, Korea, Middle East, Western Europe, Worldwide",HUIHENG,Ms Sophie Liu,"No.21 Industrial ave central Xiaolan Town, Zhongshan City, Guangdong Province,",Chinese Mainland,201 - 500,,exporter manager,
"Zhongshan Lanzhiliang Lighting Technology Co., Ltd.",https://sourcing.hktdc.com/en/Supplier-Store/Profile/Zhongshan-Lanzhiliang-Lighting-Technology-Co-Ltd/1X0AKJUL,extracted,,Chinese Mainland,,Lights,,,Zhanghong Xia,"No.66 Xiaolan Industrial Avenue North, Zhongshan, Guangdong, China",Chinese Mainland,,,,
Zhongshan Luxram Technology Ltd,https://sourcing.hktdc.com/en/Supplier-Store/Profile/Zhongshan-Luxram-Technology-Ltd/1S00PE4EQ,extracted,,Chinese Mainland,,,,,chong cao,"3 buildings, 7 floors, Xuyang Science and Technology Park, No. 6 Fuheng N Henglan Town, Zhongshan City, Guangdong Province, China",Chinese Mainland,,,,
"Zhongshan Manka Lighting Co., Ltd",https://sourcing.hktdc.com/en/Supplier-Store/Profile/Zhongshan-Manka-Lighting-Co-Ltd/1S00P6ABT,extracted,,Chinese Mainland,,Lights,,,Da Hong Zhang,"1st building,Road 6th,Xibi Avenue 1st Road, Guzhen, Zhongshan, China",Chinese Mainland,,,Sales Director,
"Zhongshan Obals Lighting & Electric Co., Ltd.",https://sourcing.hktdc.com/en/Supplier-Store/Profile/ZHONGSHAN-OBALS-LIGHTING-ELECTRIC-CO-LTD/1X07XF0R,extracted,,Chinese Mainland,,,,,Huiying Wu,"Xinmao Industrial Zone, Henglan Town, Zhongshan City, Guangdong Province, China",Chinese Mainland,,,,
"Zhongshan SUFN Lighting Technology Co., Ltd",https://sourcing.hktdc.com/en/Supplier-Store/Profile/Zhongshan-SUFN-Lighting-Technology-Co-Ltd/1S00P0AOQ,extracted,,Chinese Mainland,,,,,Ms Elaine Shen,,Chinese Mainland,,,,
"Zhongshan Zawa Lighting Co., Ltd.",https://sourcing.hktdc.com/en/Supplier-Store/Profile/Zhongshan-ZAWA-Lighting-Co-Ltd/1X07K3ZS,extracted,"Exporter, Manufacturer, Others","Zhongshan, Guangdong, Chinese Mainland",2009,"Environmental Protection , Lights","Western Europe, Worldwide",,Ms Della Della,"NO. 13, LeFeng Six Rd, HengLan Town, ZhongShan, GuangDong, China",Chinese Mainland,,,Salesperson,
"Zhongshan Zohnson Lighting Co., Ltd.",https://sourcing.hktdc.com/en/Supplier-Store/Profile/Zhongshan-ZOHNSON-Lighting-Co-ltd/1S00PD6UC,extracted,,Chinese Mainland,,,,,Dr Elaina Peng,,Chinese Mainland,,,,
"Zhongshanshi Honkon Lighting Co., Ltd.",https://sourcing.hktdc.com/en/Supplier-Store/Profile/Zhongshan-HONKON-Lighting-Co-Ltd/1X0915ST,extracted,Manufacturer,"Zhongshan, Guangdong, Chinese Mainland",,"Environmental Protection , Lights",,,Ms Rainbow Li,"No.7 Yihui 2 Road, Maohui Industrial District, Henglan, Zhongshan, China",Chinese Mainland,,,,
"Zhuhai PT Power Technology Co., Ltd.",https://sourcing.hktdc.com/en/Supplier-Store/Profile/ZHUHAI-PT-POWER-TECHNOLOGY-CO-LTD-/1S00O6Q8M,extracted,Manufacturer,"Zhuhai, Guangdong, Chinese Mainland",2014,Lights,"North America, Scandinavia, Southeast Asia, Western Europe, Worldwide",PT power,Mr QINGYU GU,"602A, Building 2, No.1099, Jinzhou Road, Tangjiawan Town, High-tech Zone guangdong provice china",Chinese Mainland,51 - 100,"US$ 1,000,000 - 4,999,999",,
"Tauras (HK) Co., Limited",https://sourcing.hktdc.com/en/Supplier-Store/Profile/Tauras-HK-Co-Limited/1X04P63F,extracted,"Exporter, Manufacturer",Hong Kong,1998,"Agricultural Machinery & Equipment , Engineering & Construction Machinery , Furniture & Parts , General Industrial Machinery , Lights",Worldwide,Tauras,Ms Mandy Ho,"CID, 6/F., Wing Hing Ind. Bldg., 14-16 Hing Yip St., Kwun Tong, Kowloon, Hong Kong",Hong Kong,,,Vice-Gm,
Connectivity Standards Alliance Member Group China,https://sourcing.hktdc.com/en/Supplier-Store/Profile/Connectivity-Standards-Alliance-Member-Group-China/1S00P65TG,extracted,,Chinese Mainland,,,,,Miss Laura Shang,,Chinese Mainland,,,,
"Darkoo Optics (Zhong Shan) Co., Ltd.",https://sourcing.hktdc.com/en/Supplier-Store/Profile/Darkoo-Optics-Zhong-shan-Co-Ltd/1S00OX2UG,extracted,,Chinese Mainland,,,,,Xiong Jason,"Xierwei, Hengmen, High-Tech Development Zone, Zhongshan, China",Chinese Mainland,,,Marketing,
"GVS SMART CO., LTD.",https://sourcing.hktdc.com/en/Supplier-Store/Profile/GVS-SMART-CO-LTD-/1S00PAW11,extracted,,Chinese Mainland,,,,,Ms xiaoling zhang,,Chinese Mainland,,,,
"Hangzhou Yideng Lighting Co., Ltd.",https://sourcing.hktdc.com/en/Supplier-Store/Profile/Hangzhou-Yideng-Lighting-Co-Ltd/1X0AVXDW,extracted,Exporter,"Hangzhou, Zhejiang, Chinese Mainland",2017,"Environmental Protection , Lights","Australasia, Central & South America, Eastern Europe, Middle East, Other Asian Countries, Scandinavia, Southeast Asia, Taiwan, Western Europe",,Mr Stephen Wu,"Room 910-9, Building 4, Zijin Qizhen Bldg., Xihu District,  Hangzhou City, Zhejiang Province, China",Chinese Mainland,101 - 200,"US$ 10,000,000 - 49,999,999",Sales Director,
KNX China,https://sourcing.hktdc.com/en/Supplier-Store/Profile/KNX-China/1S00PDN8P,extracted,,Chinese Mainland,,,,,zhang xl,"No.9,4th Lanyu St.,Huangpu District,Guangzhou,P.R.",Chinese Mainland,,,,
"New Zeyu Intelligent Technology (zhongshan) Co., Ltd.",https://sourcing.hktdc.com/en/Supplier-Store/Profile/New-Zeyu-Intelligent-Technology-zhongshan-Co-Ltd-/1S00PES4W,extracted,,Chinese Mainland,,,,,Miss ren xiaoyan,,Chinese Mainland,,,,
"SHAOXING MEKA ELECTRIC IMP&EXP. CO.,LTD",https://sourcing.hktdc.com/en/Supplier-Store/Profile/Shaoxing-Meka-Electric-Imp-Exp-Co-Ltd/1X0A0H7E,extracted,,Chinese Mainland,,"Environmental Protection , Lights",,,- Ge,"F/8, Jincheng Building, 312300, Shangyu City, Zhejiang, China",Chinese Mainland,,,,
SILA-EMN Alliance,https://sourcing.hktdc.com/en/Supplier-Store/Profile/SILA-EMN-Alliance/1S00OS9K3,extracted,,Chinese Mainland,,,,,Mr DEHAO ZHANG,,Chinese Mainland,,,,
"Shaoxing Shangyu Mingji Plastic Co., Ltd.",https://sourcing.hktdc.com/en/Supplier-Store/Profile/Shaoxing-Shangyu-Mingji-Plastic-Co-Ltd-/1S00O4EWY,extracted,"Exporter, Manufacturer","Shaoxing, Zhejiang, Chinese Mainland",2007,Lights,"Central & South America, Middle East, North America",MINGJI,Mr Bing Sun,"NO.55 YUEXIE ROAD XIAOYUE TOWN SHANGYU, SHAOXING, ZHEJIANG CHINA",Chinese Mainland,201 - 500,"US$ 1,000,000 - 4,999,999",MARKETING EXECUTIVE,
"Shenzhen EasyDetek Technology Co., Ltd",https://sourcing.hktdc.com/en/Supplier-Store/Profile/Shenzhen-EasyDetek-Technology-Co-Ltd/1S00P5WZ7,extracted,,Chinese Mainland,,,,,Yi Wang,,Chinese Mainland,,,,
"Shenzhen Tongyifang Optoelectronic Technology Co., Ltd.",https://sourcing.hktdc.com/en/Supplier-Store/Profile/Shenzhen-Tongyifang-Optoelectronic-Technology-Co-Ltd/1X08ZY8Y,extracted,"Exporter, Manufacturer","Shenzhen, Guangdong, Chinese Mainland",2009,"Consumer Electronics , Lights , Parts, Components & Electrical Supplies , Parts, Components & Raw Materials",Worldwide,TYF Lighting,Ms Sandy SU,"301 NO.3 BUILDING XINLIANHE INDUSTRIAL PARK, HEYI WESTERN INDUSTRIAL AREA SHAJING STREET, BAOAN DISTRICT, SHENZHEN CITY, GUANGDONG PROVINCE CHINA",Chinese Mainland,501 - 1000,"US$ 10,000,000 - 49,999,999",Sales Engineer,
Zhongshan Chuandian Electronic Technology Co Ltd,https://sourcing.hktdc.com/en/Supplier-Store/Profile/Zhongshan-Chuandian-Electronic-Technology-Co-Ltd/1S00PEJMN,extracted,,Chinese Mainland,,,,,Bing Li,Zhongshan Chuandian Electronic Technology Co,Chinese Mainland,,,,
Brilliant Global Int'l Limited,https://sourcing.hktdc.com/en/Supplier-Store/Profile/Brilliant-Global-Int-l-Ltd/1X0A93L6,extracted,,Hong Kong,,"Baby Toys , Gifts, Toys & Sports Supplies , Lights",,,Kelvin So,"FLAT 716, 7/F., BLOCK A, PROFICIENT IND CENTRE, 6 WANG KWUN ROAD, KOWLOON BAY, KOWLOON, HONG KONG",Hong Kong,,,Sales Manager,
Festive Well Limited,https://sourcing.hktdc.com/en/Supplier-Store/Profile/Festive-Well-Limited/1X08FM9X,extracted,"Export Agent, Exporter",Hong Kong,,"Consumer Electronics , Environmental Protection , Gifts / Souvenirs , Gifts, Toys & Sports Supplies , Home Appliances , Homeware & Lifestyle Essentials , Jewellery & Watch , Lights , Stationery , Video Games & Accessories , Watches & Clocks",,,Mr Festive Chan,"Flat H, 29/F., Tower 1, Central Park, 18 Hoi Ting Rd.,",Hong Kong,,,,
Kok Technology (hong Kong) Company Limited,https://sourcing.hktdc.com/en/Supplier-Store/Profile/Kok-Technology-hong-Kong-Company-Limited/1S00OSQOA,extracted,,Hong Kong,,,,,Kiki Tian,"Rm 2902, 29/F, Ho King Commercial Centre, 2-16 Fa Yuen Street, Mong Kok, KL, Hong Kong",Hong Kong,,,SALES,
LED By Design Limited,https://sourcing.hktdc.com/en/Supplier-Store/Profile/LED-By-Design-Limited/1S00PEY1Z,extracted,,Hong Kong,,,,,Sinai Tzarfati,"Flat/rm 1355,13/F, Fook Cheong Building, 63 Hoi Yuen Road, Kwun Tong, Hong Kong",Hong Kong,,,,
Megastream 360 Limited,https://sourcing.hktdc.com/en/Supplier-Store/Profile/Megastream-360-Limited/1X0AVN7W,extracted,,Hong Kong,,Lights,,,Karen Wong,"Shop 17, 1/F The Cube 122-132A Hoi Pa St Tsuen Wan, New Territories, Hong Kong",Hong Kong,,,,
"Smart Plus A Engineering Co., Ltd.",https://sourcing.hktdc.com/en/Supplier-Store/Profile/Smart-Plus-A-Engineering-Co-Ltd-/1S00OSAOQ,extracted,,Hong Kong,,,,,Ed Kwok,"10/F, 313 Lockhart Road, Wan Chai, Hong Kong",Hong Kong,,,,
"Torshare Hong Kong Co., Limited",https://sourcing.hktdc.com/en/Supplier-Store/Profile/Torshare-Hong-Kong-Co-Limited/1S00P9POB,extracted,,Hong Kong,,,,,Lingyun Chen,"UNIT 2508A 25/F BANK OF AMERICA TOEER, 12 HARCOURT RD, CENTRAL, Hong Kong",Hong Kong,,,,
"Anxin Smart Technology Co., Ltd.",https://sourcing.hktdc.com/en/Supplier-Store/Profile/ANXIN-SMART-TECHNOLOGY-CO-LTD-/1S00P633O,extracted,,Chinese Mainland,,,,,YAN WANG,"Building 1, No. 288, Wei Seventeen Road, Yanpan Industrial Zone, Yueqing City, Wenzhou, Zhejiang Province, China",Chinese Mainland,,,,
Bluecoin IoT Solutions Private Limited,https://sourcing.hktdc.com/en/Supplier-Store/Profile/Bluecoin-IoT-Solutions-Private-Limited/1S00PEIU0,extracted,,India,,,,,Mr Sandeep Kandalwar,,India,,,,
"Ceramiclite (Hangzhou) Technology Co., Ltd.",https://sourcing.hktdc.com/en/Supplier-Store/Profile/Ceramiclite-Hangzhou-Technology-Co-Ltd-/1S00OTJXQ,extracted,,Chinese Mainland,,,,,Xiao Hu,"RM 310, Building 4, No. 16 Zhuantang Economy Area, Zhuantang, Xihu District, Hangzhou, Zhejiang, China",Chinese Mainland,,,,
DIGIMAX SRL,https://sourcing.hktdc.com/en/Supplier-Store/Profile/DIGIMAX-SRL/1S00PEH1G,extracted,,Italy,,,,,Mr JOAN PASCUAL,,Italy,,,,
"Dongguan Yiyuan Intelligent Manufacturing Co., Ltd.",https://sourcing.hktdc.com/en/Supplier-Store/Profile/Dongguan-Yiyuan-Intelligent-Manufacturing-Co-Ltd-/1S00PF6RL,extracted,,Chinese Mainland,,,,,Mr Fan Yang,,Chinese Mainland,,,,
ERP Power LLC,https://sourcing.hktdc.com/en/Supplier-Store/Profile/ERP-Power-LLC/1X0AIANJ,extracted,,USA,,,,,Laurent Jenck,"893 Patriot Drive, Suite E, Moorpark, CA 93021, USA",USA,,,Vp Of Business Development,
"GUANGDONG SKYIOT TECHNOLOGY CO., LTD",https://sourcing.hktdc.com/en/Supplier-Store/Profile/GUANGDONG-SKYIOT-TECHNOLOGY-CO-LTD/1S00PDTC7,extracted,,Chinese Mainland,,,,,Mr MIN WANG,,Chinese Mainland,,,,
"Guangdong Aidimming electronics co.,ltd",https://sourcing.hktdc.com/en/Supplier-Store/Profile/Guangdong-Aidimming-electronics-co-ltd/1S00OX5GJ,extracted,,Chinese Mainland,,Lights,,,Ms Lucy Luo,,Chinese Mainland,,,,
"Guangdong Done Power Technology Co., Ltd.",https://sourcing.hktdc.com/en/Supplier-Store/Profile/Guangdong-Done-Power-Technology-Co-Ltd/1S00O6VO5,extracted,,Chinese Mainland,,"Environmental Protection , Lights",,,Miss Enpei Zheng,,Chinese Mainland,,,,
"Guangdong Guangyang Electric Co., Ltd.",https://sourcing.hktdc.com/en/Supplier-Store/Profile/Guangdong-Guangyang-Electric-Co-Ltd/1X00K5ZM,extracted,Manufacturer,"Zhongshan, Guangdong, Chinese Mainland",,"Environmental Protection , Lights",Western Europe,,Ms - Lin,"United One Ind'l Zone Xiaolan Town Zhongshan, Guangdong 528415, China",Chinese Mainland,,,Manager,
"Guangzhou JM Lighting Technology Co., Ltd",https://sourcing.hktdc.com/en/Supplier-Store/Profile/Guangzhou-JM-Lighting-Technology-Co-Ltd/1S00P5VST,extracted,Manufacturer,"Guangzhou, Guangdong, Chinese Mainland",2014,Lights,,,Ms Noya Wong,510400 中國廣東省廣州市 白雲區太和鎮謝家莊 永和路一街2號,Chinese Mainland,,,sales Manager,
"Hangzhou Miracle IOT Technology Co., Ltd",https://sourcing.hktdc.com/en/Supplier-Store/Profile/Hangzhou-Miracle-IOT-Technology-Co-Ltd/1S00P8DI5,extracted,,Chinese Mainland,,,,,Mr YUCHAO WANG,,Chinese Mainland,,,,
"Hangzhou Xuguang Smart Link Technology Co., Ltd",https://sourcing.hktdc.com/en/Supplier-Store/Profile/Hangzhou-Xuguang-Smart-Link-Technology-Co-Ltd/1S00PEJR8,extracted,,Chinese Mainland,,,,,Mr mao binfeng,,Chinese Mainland,,,,
"IShineLUX Technology Co., Ltd.",https://sourcing.hktdc.com/en/Supplier-Store/Profile/IShineLUX-Technology-Co-Ltd-/1S00P5WQY,extracted,,Chinese Mainland,,,,,Yang Cao,"2F, No.25, Langkou Tech-Park, Langkou Community Dalang, Longhua, Shenzhen, Guangdong, China",Chinese Mainland,,,,
"JISIM (Zhongshan) Electronic Technology Co., Ltd.",https://sourcing.hktdc.com/en/Supplier-Store/Profile/JISIM-Zhongshan-Electronic-Technology-Co-Ltd-/1S00P8YVH,extracted,,Chinese Mainland,,,,,Mr FEI LIU,,Chinese Mainland,,,,
Jiangmen Ledmy Company Limited,https://sourcing.hktdc.com/en/Supplier-Store/Profile/Jiangmen-Ledmy-Company-Limited/1S00P9RVO,extracted,,Chinese Mainland,,,,,Wendy Wei,"No. 3, Huahui Road, Waishai Street, Jianghai District, Jiangmen, China",Chinese Mainland,,,,
"Jiangmen Naji Technology Co., Ltd.",https://sourcing.hktdc.com/en/Supplier-Store/Profile/JIANGMEN-NAJI-TECHNOLOGY-CO-LTD/1S00P6FKX,extracted,,Chinese Mainland,,Lights,,,Zhihui Zhou,"8th floor, builiding 5, No. 1 Keyuan East Road, Jianghai District",Chinese Mainland,,,,
"Lifud Technology Co., Ltd.",https://sourcing.hktdc.com/en/Supplier-Store/Profile/Lifud-Technology-Co-Ltd/1S00OX5ID,extracted,,Chinese Mainland,,"Environmental Protection , Lights , Parts, Components & Electrical Supplies , Parts, Electrical Electronic Supplies",,,Ms Freya Feng,,Chinese Mainland,,,,
"Liteputer Technology Co., Ltd.",https://sourcing.hktdc.com/en/Supplier-Store/Profile/LITEPUTER-TECHNOLOGY-CO-LTD/1S00OYJYN,extracted,,Chinese Mainland,,,,,Mr Jun Cai,,Chinese Mainland,,,,
"Ningbo Trontop Lighting Co., Ltd.",https://sourcing.hktdc.com/en/Supplier-Store/Profile/Ningbo-Trontop-Lighting-Co-Ltd-/1S00O9A4E,extracted,,Chinese Mainland,,Lights,,,Shanjie Chan,"No.3 Qianjin Village, Xidian Town, Ninghai County, Ningbo, Zhejiang, China",Chinese Mainland,,,,
RP-Technik GmbH,https://sourcing.hktdc.com/en/Supplier-Store/Profile/RP-Technik-GmbH/1S00PEX4R,extracted,,Germany,,,,,Martina Hess,"Hermann-Staudinger-Stra?e 10-16, Rodgau, Deutschland",Germany,,,Head of Marketing,
SAFECONTROL s.r.o.,https://sourcing.hktdc.com/en/Supplier-Store/Profile/SAFECONTROL-s-r-o-/1S00PEHDG,extracted,,Czech Republic,,,,,Mr Tomas Cizinsky,,Czech Republic,,,,
"Shenzhen Duomei Industrial Co.,Ltd",https://sourcing.hktdc.com/en/Supplier-Store/Profile/Shenzhen-Duomei-Industrial-Co-Ltd/1S00PEJNK,extracted,,Chinese Mainland,,,,,LiFeng Zhang,"5th Floor, Building 2,Xiaoya Scienceand Technology Park,No.11.Baolong 1st Road, Baolong Street,Longga Shenzhen",Chinese Mainland,,,,
"Shenzhen Goldenlux Co., Ltd",https://sourcing.hktdc.com/en/Supplier-Store/Profile/Shenzhen-Goldenlux-Co-Ltd/1X0AECBP,extracted,,Chinese Mainland,,"Environmental Protection , Lights",,,Andy Zhong,"1909A Yun Hua Shi Dai, Shajing Town, Bao'an District, Shenzhen, China",Chinese Mainland,,,,
"Shenzhen Lolai Technology Co., Ltd",https://sourcing.hktdc.com/en/Supplier-Store/Profile/Shenzhen-Lolai-Technology-Co-Ltd/1S00PB95C,extracted,,Chinese Mainland,,,,,Mr JIANGKUI WU,,Chinese Mainland,,,,
"Smartlicht systems co., ltd",https://sourcing.hktdc.com/en/Supplier-Store/Profile/Smartlicht-systems-co-ltd/1S00PEO8O,extracted,,Chinese Mainland,,,,,Ms Yanjun Li,,Chinese Mainland,,,,
Strong Lumen Opto B.V.,https://sourcing.hktdc.com/en/Supplier-Store/Profile/Strong-Lumen-Opto-B-V-/1X0AXET1,extracted,,Netherlands,,,,,Larry Huang,"Lijsterbesstraat 26, 9301 MK Roden, Netherlands",Netherlands,,,,
"Tecnon Electronics Co., LTD",https://sourcing.hktdc.com/en/Supplier-Store/Profile/Tecnon-Electronics-Co-LTD/1S00OU64I,extracted,,Chinese Mainland,,,,,Ms Anna Wang,,Chinese Mainland,,,,
Unwired Connect Private Limited,https://sourcing.hktdc.com/en/Supplier-Store/Profile/Unwired-Connect-Private-Limited/1S00PF7OT,extracted,,India,,,,,Mr Varun Joshi,,India,,,,
"Zhongshan Bairan Lighting Co., Ltd.",https://sourcing.hktdc.com/en/Supplier-Store/Profile/Zhongshan-Bairan-Lighting-Co-LTD/1S00OO47B,extracted,,Chinese Mainland,,,,,Xiaoyue Wang,"Henglan Town, Yongxing Industrial Zone (Hengdong), Yongxing, Zhongshan City, Guangdong province, china",Chinese Mainland,,,,
"Zhongshan Civi Lighting Technology Co.,Ltd.",https://sourcing.hktdc.com/en/Supplier-Store/Profile/Zhongshan-Civi-Lighting-Technology-Co-Ltd-/1S00OZN8P,extracted,,Chinese Mainland,,,,,Mr Jiahua Lau,,Chinese Mainland,,,,
"Zhongshan Faner Lighting Technology Co., Ltd.",https://sourcing.hktdc.com/en/Supplier-Store/Profile/Zhongshan-Faner-Lighting-Technology-Co-Ltd-/1X0AS62G,extracted,,Chinese Mainland,,"Environmental Protection , Lights",,,Leo Zhong,"Guangdong province, Zhongshan city, Guzhen Town, Tongyi Industrial Zone, Henglong Road NO.2, Shengqiu Industrial Park, China",Chinese Mainland,,,Sale manager,
"Zhongshan LeMesh IoT Technology Co., Ltd",https://sourcing.hktdc.com/en/Supplier-Store/Profile/Zhongshan-LeMesh-IoT-Technology-Co-Ltd/1S00PF6ZX,extracted,,Chinese Mainland,,,,,YONGQI CHEN,"7th Floor, Building 6,Caoyi Tianhong Smart Industr No. 33 Dongxing East Road, Guzhen Town, Zhongshan City, Guangdong Province, P.R.China",Chinese Mainland,,,,
"Zhongshan Tesai Lighting Technology Co., Ltd.",https://sourcing.hktdc.com/en/Supplier-Store/Profile/Zhongshan-Tesai-Lighting-Technology-Co-Ltd/1S00P2V12,extracted,Manufacturer,"Zhongshan, Guangdong, Chinese Mainland",,"Furniture & Parts , Lights",,,Mr Jacky Zhou,"2/F, Bldg A, No. 3, North Shengyu Road Sansha Industrial Zone, Henglan Town, Zhongshan Guangdong, China",Chinese Mainland,,,,
"Wanlida Group Co., Limited",https://sourcing.hktdc.com/en/Supplier-Store/Profile/Wanlida-Group-Co-Limited/1X084RN4,extracted,"Distributor, Trade/Industrial Organisation",Hong Kong,,"Consumer Electronics , Environmental Protection , Internet of Things , Lights , Parts, Components & Electrical Supplies , Parts, Components & Raw Materials , Parts, Electrical Electronic Supplies",,,Mr Wenhui Zhu,"Room C1D, 6/F, Wing Hing Industrial Building, 14 Hing Yip St., Kwun Tong, Kowloon, Hong Kong",Hong Kong,,,manager,
"Bright Sky Electronics Co., Ltd.",https://sourcing.hktdc.com/en/Supplier-Store/Profile/Bright-Sky-Electronics-Co-Ltd/1X09G2AK,extracted,"Exporter, Manufacturer","Dongguan, Guangdong, Chinese Mainland",2007,"Consumer Electronics , Design Services , Environmental Protection , Furniture & Parts , Gifts / Souvenirs , Homeware & Lifestyle Essentials , Lights , Sports Supplies , Tourism & Hotel , Watches & Clocks","Japan, Korea, North America, Scandinavia, Western Europe, Worldwide",BRIGHTSKY,Ms Amy Cai,"Buliding 1,Jinhao Science and Technology Park,No.2， West Qiaoxing  Road,Qiaotou Town, Dongguan City, Guangdong Province, China",Chinese Mainland,51 - 100,"US$ 5,000,000 - 9,999,999",Director,
"Jiangmen JJJ Battery Co., Ltd.",https://sourcing.hktdc.com/en/Supplier-Store/Profile/Jiangmen-JJJ-Battery-Co-Ltd/1X00F1JE,extracted,"Exporter, Manufacturer","Jiangmen, Guangdong, Chinese Mainland",1989,"Consumer Electronics , Environmental Protection , Home Appliances , Lights , Parts, Components & Electrical Supplies","Australasia, Central & South America, Chinese Mainland, Eastern Europe, Hong Kong, Japan, Korea, Middle East, North America, Other Asian Countries, Southeast Asia, Taiwan, Western Europe, Worldwide",JJJ,Ms Joanne Guo,"Baisha Ind. Dev. Area West, No.83 Yongsheng Road, Jiangmen City, Guangdong Province, China",Chinese Mainland,1001 - 2000,"US$ 10,000,000 - 49,999,999",Sales Manager,
Hi-Light Lighting Limited,https://sourcing.hktdc.com/en/Supplier-Store/Profile/Hi-Light-Lighting-Ltd/1X003TJ2,extracted,"Exporter, Manufacturer",Hong Kong,2002,"Environmental Protection , Festive Supplies , Gifts, Toys & Sports Supplies , Lights","Central & South America, Eastern Europe, North America, Southeast Asia, Western Europe, Worldwide",Hi-Light,Ms Lucia Lam,"Room 1614, 16/F, Technology Park, 18 On Lai Street, Siu Lek Yuen, Shatin, New Territories, Hong Kong",Hong Kong,,"US$ 50,000,000 - 99,999,999",Vice-General Manager,
NEW LIGHTS (HK) Company,https://sourcing.hktdc.com/en/Supplier-Store/Profile/NEW-LIGHTS-HK-Company/1X097AJN,extracted,Exporter,Hong Kong,2017,Lights,Worldwide,,Mr Raymond KOO,"Blk 7 2/F, Aldrich Garden, Shau Kei Wan, Hong Kong",Hong Kong,1 - 5,"US$ < 50,000",,
Surmountor Lighting Co Limited,https://sourcing.hktdc.com/en/Supplier-Store/Profile/Surmountor-Lighting-Co-Ltd/1X06VS7H,extracted,"Exporter, Manufacturer, Wholesaler",Hong Kong,2008,"Environmental Protection , Furniture & Parts , Home Appliances , Homeware & Lifestyle Essentials , Lights , Parts, Electrical Electronic Supplies","Australasia, Central & South America, Middle East, North America, Western Europe, Worldwide",Surmountor,Mr Johnson Wan,"Rm 2105, JSH445 Trend Centre, 29-31 Cheung Lee Street, Chai Wan, Hong Kong",Hong Kong,51 - 100,"US$ 1,000,000 - 4,999,999",518125,
Vask Components Hong Kong Company,https://sourcing.hktdc.com/en/Supplier-Store/Profile/Vask-Components-HK-Co/1X06TM9X,extracted,"Exporter, Manufacturer",Hong Kong,2011,"Lights , Parts, Components & Electrical Supplies","Australasia, Central & South America, Chinese Mainland, Hong Kong, Other Asian Countries, Southeast Asia, Western Europe",,Mr Simon Kwok,"Flat C, 11/F, Success Industrial Building, 17 Sheung Hei Street, San Po Kong, Kowloon, Hong Kong.",Hong Kong,201 - 500,"US$ 5,000,000 - 9,999,999",Managing Director,
Baiyi Lighting (Shanghai) Holdings Limited,https://sourcing.hktdc.com/en/Supplier-Store/Profile/Baiyi-Lighting-Shanghai-Holdings-Limited/1X0ADCZ1,extracted,Manufacturer,"Shanghai Shi, Shanghai, Chinese Mainland",2008,Lights,"Australasia, Central & South America, Middle East, North America, Western Europe",,Ms Stacey Shi,Shanghai city Qingpu District Jiuye Road No. 1188,Chinese Mainland,201 - 500,,,
"Dolight Optoelectronics Technology Co., Limited",https://sourcing.hktdc.com/en/Supplier-Store/Profile/DOLIGHT-OPTOELECTRONICS-TECHNOLOGY-CO-LTD/1X09T32P,extracted,"Exporter, Manufacturer, Others, Service Company","Huizhou, Guangdong, Chinese Mainland",2014,"Building Materials & Supplies , Environmental Protection , Lights","Eastern Europe, Western Europe, Worldwide",Dolight,Miss Super Do,"Floor 5, Building B, Jinggudongli Industrial Area, Chenjiang Town, Huizhou, China, China",Chinese Mainland,101 - 200,"US$ 250,000 - 499,999",sales manager,
Emtrons Technologies Ltd,https://sourcing.hktdc.com/en/Supplier-Store/Profile/EMTRONS-TECHNOLOGIES-LTD/1S00P5W4S,extracted,Exporter,United Kingdom,,"Lights , Parts, Components & Raw Materials",,,Ms PUEN Zhong,"Unit 4 Crowbush Farm Luton Road, Toddington, Dunstable, LU5 6HU,",United Kingdom,,,Commercial Director,
"Foshan Goldenshell Lighting Co., Ltd.",https://sourcing.hktdc.com/en/Supplier-Store/Profile/Foshan-Goldenshell-Lighting-Co-Ltd-/1S00P03RO,extracted,Manufacturer,"Foshan, Guangdong, Chinese Mainland",2006,Lights,"Australasia, Scandinavia, Western Europe",GUOCIO,Mr Jack Huang,"No.8 Lehua Rd., Building No.1,  Xiabai 2nd Industr Luocun, Nanhai District, Foshan,Guangdong, China",Chinese Mainland,51 - 100,"US$ 1,000,000 - 4,999,999",Founder,
"Ledluz Lighting Co., Ltd.",https://sourcing.hktdc.com/en/Supplier-Store/Profile/Ledluz-Lighting-Co-Ltd-/1S00P32DV,extracted,Manufacturer,Chinese Mainland,,,,,Mr Bliss Long,"401, 501, Bldg 14, Jilong Ind'l Park, No. 52, Xilian Road, Longyan Village, Leliu Street, Shunde District, Foshan City, Guangdong Province, China",Chinese Mainland,,,,
Ningbo Hoosense Electrical Co Ltd,https://sourcing.hktdc.com/en/Supplier-Store/Profile/Ningbo-Hoosense-Electrical-Co-Ltd/1X0A6VNS,extracted,"Exporter, Manufacturer","Ningbo, Zhejiang, Chinese Mainland",1988,,"Chinese Mainland, Eastern Europe, Korea, Scandinavia, Western Europe, Worldwide",HOOSENSE,Mr Jason Zhu,"A, 6# Fuli Road, Scientific & Technological Park, Beilun District, Ningbo, Zhejiang 315806, China",Chinese Mainland,101 - 200,"US$ 250,000 - 499,999",,
"Ningbo Sophon International Trading Co.,Ltd",https://sourcing.hktdc.com/en/Supplier-Store/Profile/Ningbo-Sophon-International-Trading-Co-Ltd/1S00O9W5P,extracted,"Exporter, Manufacturer","Ningbo, Zhejiang, Chinese Mainland",2016,Lights,"Central & South America, Eastern Europe, Middle East, Scandinavia, Southeast Asia, Western Europe",SOPHON,Mr Eric Hu,"12-5, 12-6, No. 523 and 525, No. 523 and 525, Yangfan Road, Ningbo High-tech Zone, Zhejiang Province, China",Chinese Mainland,101 - 200,"US$ 10,000,000 - 49,999,999",Sales Manager,
"Puyuan Electronic Illumination Co., Ltd.",https://sourcing.hktdc.com/en/Supplier-Store/Profile/Puyuan-Electronic-Illumination-Co-Ltd/1X03TF0R,extracted,"Exporter, Manufacturer","Guangdong, Chinese Mainland",2007,"Environmental Protection , Lights","Australasia, Hong Kong, Japan, North America, Western Europe","Puyuan, ACL,PLAYLED",Mr Eason Wen,"Yilong Bldg, Zhulang Indl Park, Taoyuan Town, Heshan City, Guangdong Province, China",Chinese Mainland,201 - 500,"US$ 250,000 - 499,999",Sales Manager,
"Shenzhen Tubu Tech Co., Ltd.",https://sourcing.hktdc.com/en/Supplier-Store/Profile/Shenzhen-Tubu-Tech-Co-Ltd/1X0AXLUF,extracted,Manufacturer,"Shenzhen, Guangdong, Chinese Mainland",2014,"Environmental Protection , Lights , Parts, Components & Electrical Supplies","Eastern Europe, North America, Scandinavia, Southeast Asia, Western Europe, Worldwide",TUBU,Ms maggie zhang,"Building A, Hankun High-tech Industrial Park Gaoqiao, Pingdi District, Longgang Shenzhen, Guangdong China",Chinese Mainland,51 - 100,"US$ 5,000,000 - 9,999,999",Sales Director,
W K Wu Products Inc,https://sourcing.hktdc.com/en/Supplier-Store/Profile/W-K-Wu-Products-Inc/1X05YQZV,extracted,"Buying Office, Exporter, Manufacturer","New Taipei City, Taiwan",1973,"Furniture & Parts , Lights","Australasia, Central & South America, Chinese Mainland, Eastern Europe, Hong Kong, Japan, Middle East, North America, Other Asian Countries, Scandinavia, Southeast Asia, Western Europe",cosicome,Mr Wilson Wu,"12F, No.266 Sec.1 Win Hwa 2 Road, Lin Kou Dist. New Taipei City Taiwan",Taiwan,26 - 50,"US$ 10,000,000 - 49,999,999",Lighting Manager,
"Zhongshan Honoy Lighting Co., Ltd",https://sourcing.hktdc.com/en/Supplier-Store/Profile/Zhongshan-Honoy-Lighting-Co-Ltd/1S00ONGT5,extracted,"Distributor, Exporter, Manufacturer, Wholesaler","Zhongshan, Guangdong, Chinese Mainland",2008,Lights,"Australasia, Eastern Europe, North America, Scandinavia, Western Europe",HONOY,Miss Aifeng Chen,"No.24 Qingfu Road, Sansha Industrial Zone, HengLan Town, Zhongshan, Guangdong, China",Chinese Mainland,51 - 100,"US$ 5,000,000 - 9,999,999",Director,
"Zhongshan Yesheng Lighting Electrical Co., Ltd.",https://sourcing.hktdc.com/en/Supplier-Store/Profile/Zhongshan-Yesheng-Lighting-Electrical-Co-Ltd-/1S00P0G9T,extracted,Manufacturer,"Zhongshan, Guangdong, Chinese Mainland",,"Home Appliances , Lights",,,Ms Christine Chan,"9th Floor, Building 10 No. 288, Dong'an North Road Haizhou Village, Guzhen Town Zhongshan, Guangdong, China",Chinese Mainland,,,,
Asahi Optics Limited,https://sourcing.hktdc.com/en/Supplier-Store/Profile/Asahi-Optics-Limited/1X0A69EV,extracted,"Exporter, Manufacturer",Hong Kong,2014,"Design Services , Lights , Marketing & Public Relations , Professional Services","Central & South America, Korea, Middle East, North America, Other Asian Countries, Scandinavia, Western Europe, Worldwide",ASAHI,Ms Wei Wei,"Unit 9, 27/F, Ho King Comm Ctr, 2-16 Fa Yuen St, Mong Kok, Kowloon, Hong Kong.",Hong Kong,51 - 100,"US$ 50,000 - 99,999",Sales,
AW Lighting Limited,https://sourcing.hktdc.com/en/Supplier-Store/Profile/AW-Lighting-Limited/1X08XUUO,extracted,"Exporter, Manufacturer",Hong Kong,2014,"Environmental Protection , Homeware & Lifestyle Essentials , Lights , Parts, Components & Raw Materials","Australasia, Eastern Europe, Hong Kong, North America, Other Asian Countries, Scandinavia, Southeast Asia, Taiwan, Worldwide",AW,Mr Alfred Lau,"1603, Kwai Hung Holdings Centre, 89 King's Road, North Point, Hong Kong",Hong Kong,51 - 100,"US$ 10,000,000 - 49,999,999",Manager,
DIMON Technology Limited,https://sourcing.hktdc.com/en/Supplier-Store/Profile/DIMON-Technology-Limited/1X0AO9RI,extracted,Manufacturer,Hong Kong,2010,"Environmental Protection , Lights","Hong Kong, Other Asian Countries, Southeast Asia, Western Europe",DIMON,Miss Moon Chan,"Suite 13-14 , Floor 11 Cheung Hing Industrial Building 23 Tai Yip Street Kwun Tong, Kowloon, Hong Kong",Hong Kong,26 - 50,"US$ 1,000,000 - 4,999,999",Sales Director,
"Moore Technology (HongKong) Co., Limited",https://sourcing.hktdc.com/en/Supplier-Store/Profile/Moore-Technology-Hong-Kong-Co-Ltd/1X0A0FQ1,extracted,"Exporter, Manufacturer",Hong Kong,2008,"Environmental Protection , Lights","Central & South America, Eastern Europe, Middle East, North America, Southeast Asia, Western Europe",iMOORELED,Ms Wendy Luo,"Flat/Rm 2309, 23/F, Ho King Comm Ctr, 2-16 Fa Yuen St, Mongkok, Hong Kong",Hong Kong,51 - 100,"US$ 5,000,000 - 9,999,999",,
R H J Lighting Limited,https://sourcing.hktdc.com/en/Supplier-Store/Profile/R-H-J-Lighting-Limited/1X00PLAZ,extracted,Manufacturer,Hong Kong,,"Homeware & Lifestyle Essentials , Lights","Australasia, Middle East, Western Europe",,Mr Karl Lam,"Unit 203, 2/F., Trust Centre, 912 Cheung Sha Wan Road, Kowloon, Hong Kong",Hong Kong,26 - 50,"US$ 1,000,000 - 4,999,999",Director,
"Dongguan Ouben Lighting Technology Co., Ltd.",https://sourcing.hktdc.com/en/Supplier-Store/Profile/Dongguan-Ouben-Lighting-Technology-Co-Ltd/1S00OJR8L,extracted,"Exporter, Manufacturer","Dongguan, Guangdong, Chinese Mainland",2011,"Home Appliances , Homeware & Lifestyle Essentials , Lights","Eastern Europe, Western Europe","OUBEN, KUDA",Mr Monkey Gong,"Building 3 No.10, Julongjiang Julong Road Wangniudun Town, Dongguan City Guangdong Province, China",Chinese Mainland,51 - 100,"US$ 5,000,000 - 9,999,999",CEO,
SLEEPWAVE Inc.,https://sourcing.hktdc.com/en/Supplier-Store/Profile/SLEEPWAVE-Inc-/1S00PCZUJ,extracted,"Manufacturer, Service Company","Korea, Republic Of",2024,"Health Care & Medical Supplies , Lights","Japan, Korea, North America",dbbeats,Mr Younghwa Lim,"Unit 701, 7th Floor:, 14 Magokjungang 8-ro, Gangseo-gu, Seoul","Korea, Republic Of",11 - 15,"US$ 500,000 - 999,999",COO,
"Shenzhen Auztek Technology Co., Ltd.",https://sourcing.hktdc.com/en/Supplier-Store/Profile/Shenzhen-Auztek-Technology-Co-Ltd/1S00O9BDM,extracted,"Exporter, Manufacturer, Wholesaler","Shenzhen, Guangdong, Chinese Mainland",2019,Lights,"Chinese Mainland, Eastern Europe, Hong Kong, Other Asian Countries, Scandinavia, Southeast Asia, Western Europe",AESLUX,Mr Richard Zuo,"Room 2502, Building H Liuhecheng, Pingshan District Shenzhen, Guangdong China",Chinese Mainland,26 - 50,"US$ 1,000,000 - 4,999,999",,
"Yuyao Aoguang Lighting Electrical Appliance Co., Ltd",https://sourcing.hktdc.com/en/Supplier-Store/Profile/Yuyao-Aoguang-Lighting-Electrical-Appliance-Co-Ltd/1X09ET0L,extracted,"Exporter, Manufacturer","Ningbo, Zhejiang, Chinese Mainland",2009,Lights,Worldwide,AoGuang,Mr Arvin Zhang,"Xiashafan, Mazhu Town, Yuyao City, Zhejiang Province, China.",Chinese Mainland,101 - 200,"US$ 10,000,000 - 49,999,999",Sales,
"Yuyao Four Star Lamps Co., Ltd.",https://sourcing.hktdc.com/en/Supplier-Store/Profile/Yuyao-Four-Star-Lamps-Co-Ltd-/1X00K4WS,extracted,"Exporter, Manufacturer","Ningbo, Zhejiang, Chinese Mainland",1996,Lights,"Middle East, North America, Other Asian Countries, Scandinavia, Western Europe",four star,Ms Alice Qi,"CN6 Far East Industrial Park, Yuyao City, Zhejiang Province, China",Chinese Mainland,201 - 500,"US$ 1,000,000 - 4,999,999",Export Manager,
"Zhongshan Gete Lighting Co., Ltd.",https://sourcing.hktdc.com/en/Supplier-Store/Profile/Zhongshan-Gete-Lighting-Co-Ltd/1X09034N,extracted,"Exporter, Manufacturer","Zhongshan, Guangdong, Chinese Mainland",2014,"Environmental Protection , Lights","Central & South America, Chinese Mainland, Scandinavia, Western Europe, Worldwide",GETE,Ms Janet Chen,"No.9, Lifeng Road, Maohui Industrial District, Henglan Town, Zhongshan City, Guangdong Province, China",Chinese Mainland,101 - 200,"US$ 1,000,000 - 4,999,999",Manager,
"Ledtimes Group Co., Limited",https://sourcing.hktdc.com/en/Supplier-Store/Profile/LEDTIMES-GROUP-CO-LIMITED/1X08G1P8,extracted,"Exporter, Manufacturer",Hong Kong,2012,"Consumer Electronics , Electronics , Environmental Protection , Gifts, Toys & Sports Supplies , Health Care & Medical Supplies , Home Appliances , Lights , Sports Supplies , Telecommunication","Africa, Central & South America, Eastern Europe, Middle East, Southeast Asia",LEDTIMES,Mr Alsin Ye,"Room 1003, 10/F, Witty Commercial Building, 1A-1L Tung Choi Street, Mongkok, Kowloon, Hong Kong",Hong Kong,201 - 500,"US$ 1,000,000 - 4,999,999",General Manager,
"Ningbo Changrong Lighting & Electronics Technology Co., Ltd.",https://sourcing.hktdc.com/en/Supplier-Store/Profile/Ningbo-Changrong-Lighting-Electronics-Technology-Co-Ltd-/1X08QKEY,extracted,"Exporter, Manufacturer","Ningbo, Zhejiang, Chinese Mainland",1999,Lights,"Central & South America, Middle East, North America, Southeast Asia, Western Europe",CHANGRONG,Mr Usong Huang,"No. 72, Wushi Road, Xidian Town Ninghai, Ningbo City, Zhejiang Province, China.",Chinese Mainland,501 - 1000,"US$ 10,000,000 - 49,999,999",Sales Executive,
"Zhongshan Leishuo Lighting Technology Co., Ltd.",https://sourcing.hktdc.com/en/Supplier-Store/Profile/ZHONGSHAN-LEISHUO-LIGHTING-TECHNOLOGY-CO-LTD/1S00OUGKW,extracted,,Chinese Mainland,,,,,Dr Lin Chong Lu,,Chinese Mainland,,,,
"Zhongshan Winstar Electrical Co., Ltd.",https://sourcing.hktdc.com/en/Supplier-Store/Profile/Zhongshan-Winstar-Electrical-Co-Ltd-/1X0AV2JB,extracted,Manufacturer,"Zhongshan, Guangdong, Chinese Mainland",1998,"Environmental Protection , Lights","Chinese Mainland, Japan, North America, Western Europe",Dotek,Ms Jessica Qi Hui Huang,"No.6, 181 Sanyi Road Sandun Industry,Minzhong Town,Zhongshan,GuangDong China.",Chinese Mainland,201 - 500,"US$ 10,000,000 - 49,999,999",Sales Manager,
Solar Nation Powertech Enterprises Company Limited,https://sourcing.hktdc.com/en/Supplier-Store/Profile/Solar-Nation-Powertech-Enterprises-Co-Ltd/1X09Y02Y,extracted,Manufacturer,Hong Kong,2004,"Consumer Electronics , Environmental Protection , Furniture & Parts , Homeware & Lifestyle Essentials , Lights , Sports Supplies","Africa, Australasia, Central & South America, Chinese Mainland, Eastern Europe, Hong Kong, Japan, Korea, North America, Scandinavia, Southeast Asia, Taiwan, Western Europe, Worldwide","“ GUARDIAN” & “ SHANGRILA” & ""Maysak"" & ""Powerun""",Mr Julian Tam,"FLAT /RM A3, 5/F., Loyong Court Commercial Building, 212-220 LOCKHART ROAD, WANCHAI, HONG KONG",Hong Kong,201 - 500,"US$ 10,000,000 - 49,999,999",Director,
"Sunwa Industrial Co., Limited",https://sourcing.hktdc.com/en/Supplier-Store/Profile/Sunwa-Industrial-Co-Limited/1X04P61H,extracted,Manufacturer,Hong Kong,2009,"Environmental Protection , Lights",Worldwide,SUNWA/RANZI,Ms Rainy Lei,"Rm C1D, 6/F., Wing Hing Ind. Bldg., 14 Hing Yip St., Kwun Tong, Kowloon, Hong Kong",Hong Kong,501 - 1000,,Sales Manager,
"Epower Tech Co., Ltd.",https://sourcing.hktdc.com/en/Supplier-Store/Profile/Epower-Tech-Co-ltd-/1X0AXB7W,extracted,"Exporter, Manufacturer","Shenzhen, Guangdong, Chinese Mainland",2017,"Environmental Protection , Lights",Worldwide,,Ms Jenny CHEN,"Rm 302, Building 6, Hesheng Indl Park, Fuhai Sub-Disct. Bao'an, Shenzhen City, Guangdong Province, China",Chinese Mainland,,,Sales Manager,
"Guangdong Suncom Power Technology Co., Ltd.",https://sourcing.hktdc.com/en/Supplier-Store/Profile/Guangdong-Suncom-Power-Technology-Co-Ltd/1X08HPS5,extracted,"Exporter, Manufacturer","Zhongshan, Guangdong, Chinese Mainland",2008,"Engineering & Construction Machinery , General Industrial Machinery , Lights , Parts, Components & Electrical Supplies , Parts, Components & Raw Materials , Parts, Electrical Electronic Supplies","Australasia, Central & South America, Chinese Mainland, Eastern Europe, Hong Kong, Japan, Korea, Middle East, Other Asian Countries, Southeast Asia, Taiwan, Western Europe",sinchum,Ms Avivi Chu,"No.1 Yong yi 3 Road Yongxin Industrial Zone,Cross south town Zhongshan Guangdong",Chinese Mainland,201 - 500,"US$ 10,000,000 - 49,999,999",Business Director,
Hibrite Enterprises Ltd,https://sourcing.hktdc.com/en/Supplier-Store/Profile/Hibrite-Enterprises-Ltd-/1X06E26O,extracted,"Exporter, Manufacturer","Ningbo, Zhejiang, Chinese Mainland",2006,"Building Materials & Supplies , Consumer Electronics , Environmental Protection , Lights","Africa, Australasia, Central & South America, Chinese Mainland, Eastern Europe, Hong Kong, Japan, Korea, Middle East, North America, Other Asian Countries, Scandinavia, Southeast Asia, Taiwan, Western Europe, Worldwide",Hibrite,Ms Lisa Hu,"10F, 298 Zhongshan Xi Road, Ningbo City, Zhejiang Province, China",Chinese Mainland,101 - 200,"US$ 1,000,000 - 4,999,999",Sales Manager,
J C Lighting International Pty Ltd,https://sourcing.hktdc.com/en/Supplier-Store/Profile/J-C-Lighting-International-Pty-Ltd/1S00P05NY,extracted,,Australia,,,,,Ms HOMY LIANG,,Australia,,,,
"Xiamen Tongzhou Electric & Lighting Co., Ltd.",https://sourcing.hktdc.com/en/Supplier-Store/Profile/Xiamen-Tongzhou-Electric-Lighting-Co-Ltd/1X08GIPT,extracted,"Exporter, Manufacturer","Xiamen, Fujian, Chinese Mainland",2013,Lights,"Australasia, Chinese Mainland, Eastern Europe, Hong Kong, Japan, Korea, Other Asian Countries, Southeast Asia, Worldwide",TongZhou,Mr George Zheng,"NO.18. Xiafei  Road Haicang District, Xiamen City, Fujian Province,",Chinese Mainland,51 - 100,"US$ 500,000 - 999,999",Sales,
3E (HK) Limited,https://sourcing.hktdc.com/en/Supplier-Store/Profile/3E-HK-LTD/1X09RNGN,extracted,,Hong Kong,,Lights,,,Mau Lam Jacky Yu,"Flat 710, Block C, 7/F On Shing Industrial Building 2-16 Wo Liu Hang Road, Fotan Sha Tin, New Territories, Hong Kong",Hong Kong,,,,
"Artinni Co., Limited",https://sourcing.hktdc.com/en/Supplier-Store/Profile/Artinni-Co-Limited/1X09RRTY,extracted,"Export Agent, Exporter",Hong Kong,2015,Lights,"Australasia, Middle East, Southeast Asia, Western Europe",Artinni,Ms Circle Wong,"Room 79, 1/F, Block 2, Camelpaint Building 62 Hoi Yuen Road, Kwun Tong Kowloon Hong Kong",Hong Kong,1 - 5,"US$ 50,000 - 99,999",Manager,
"Hlinear Lighting Co., Limited",https://sourcing.hktdc.com/en/Supplier-Store/Profile/Hlinear-Lighting-Co-Ltd-/1S00OD3OX,extracted,,Hong Kong,,Lights,,,Mr Hongbing Liu,,Hong Kong,,,,
Hongkong Jinyi Lighting Limited,https://sourcing.hktdc.com/en/Supplier-Store/Profile/HONGKONG-JINYI-LIGHTING-LIMITED/1X08I7GZ,extracted,Export Agent,Hong Kong,,"Environmental Protection , Lights , Parts, Electrical Electronic Supplies","Australasia, Eastern Europe, Middle East, North America, Other Asian Countries, Southeast Asia, Western Europe","JINYI, SidrE Power",Mr Yonggang Lv,"11/F, Front Block, Hang Lok Building, 130 Wing Lok Street,",Hong Kong,51 - 100,"US$ 5,000,000 - 9,999,999",,
Hongkong Sunricher Technology Limited,https://sourcing.hktdc.com/en/Supplier-Store/Profile/Hongkong-Sunricher-Technology-Limited/1S00P47NW,extracted,,Hong Kong,,,,,Jerry Xu,"Flat/rm 1406B, 14/F, The Belgian Bank Building, Nos.721-725 Nathan Road, Mong Kok, Kowloon, Hong Kong",Hong Kong,,,,
K & A International Company Limited,https://sourcing.hktdc.com/en/Supplier-Store/Profile/K-A-Int-l-Co-Ltd/1X04P3L6,extracted,"Exporter, Manufacturer",Hong Kong,1994,Lights,"Chinese Mainland, Eastern Europe, Hong Kong, Japan, Middle East, North America, Scandinavia, Southeast Asia, Western Europe",,Ms Minna Yeung,"2/F, Southeast Industrial Building, No. 611-619 Castle Peak Road, Tsuen Wan, New Territories, Hong Kong",Hong Kong,,"US$ 10,000,000 - 49,999,999",Admin,
Luxtronik Technology Company Limited,https://sourcing.hktdc.com/en/Supplier-Store/Profile/Luxtronik-Technology-Company-Limited/1X0747LU,extracted,Manufacturer,Hong Kong,2010,"Environmental Protection , Lights","Australasia, Central & South America, Eastern Europe, Japan, North America, Scandinavia, Southeast Asia, Western Europe, Worldwide","Luxtronik, Xummit",Mr TK Liang,"Flat/RM 1005, BLK B, 10/F, Mai Shun Industrial Building, 18-24 Kwai Cheong Road Kwai Chung NT",Hong Kong,51 - 100,"US$ 10,000,000 - 49,999,999",,
Mega Energy Saving Solution Limited,https://sourcing.hktdc.com/en/Supplier-Store/Profile/Mega-Energy-Saving-Solution-Limited/1X0AWAES,extracted,"Distributor, Exporter, Government, Manufacturer, Professional Association, Service Company",Hong Kong,2016,"Environmental Protection , Lights , Optical Equipment","Chinese Mainland, Hong Kong, Japan, Other Asian Countries",Yoyo,Mr Johnny Ka-Ho Lam,"Unit 1904, 19/F, Podium Plaza, No.5 Hanoi Road, Tsim Sha Tsui, Kowloon",Hong Kong,1 - 5,"US$ 100,000 - 249,999",General Manager,
"Neo-Shine Lighting International Co., Limited",https://sourcing.hktdc.com/en/Supplier-Store/Profile/Neo-Shine-Lighting-International-Co-Limited/1X07HPT4,extracted,Manufacturer,Hong Kong,2012,Lights,"Africa, Australasia, Central & South America, Chinese Mainland, Eastern Europe, Hong Kong, Japan, Middle East, North America, Other Asian Countries, Scandinavia, Southeast Asia, Western Europe, Worldwide",NEO-SHINE,Ms Liu Jennifer,"Unit 2508A, 25/F, Bank of America Tower, 12 Harcourt Rd., Central, Hong Kong",Hong Kong,51 - 100,"US$ 500,000 - 999,999",Export Department,
Openwise Industrial Limited,https://sourcing.hktdc.com/en/Supplier-Store/Profile/Openwise-Ind-l-Ltd/1X000IVN,extracted,Manufacturer,Hong Kong,1990,"Consumer Electronics , Lights , Parts, Components & Electrical Supplies , Parts, Components & Raw Materials",Worldwide,"TEILBAR, EBERG,OP",Mr Ronald Choi,"Unit 12, 10/F., Hong Man Industrial Centre, 2 Hong Man Street, Chai Wan, Hong Kong",Hong Kong,201 - 500,,Marketing Director,
Utop Electronics Company Limited,https://sourcing.hktdc.com/en/Supplier-Store/Profile/Adair-Decors-Co-Limited/1X09UL45,extracted,,Hong Kong,,"Environmental Protection , Lights",,,Anny Gao,"Room 1103, Hangseng Mongkok Building, 677 Nathan Road, Mongkok, Kowloon, Hong Kong",Hong Kong,,,,
ADPower Technology (Wuxi) Inc.,https://sourcing.hktdc.com/en/Supplier-Store/Profile/Adpower-Technology-Wuxi-Inc-/1X0990PB,extracted,Manufacturer,"Wuxi, Jiangsu, Chinese Mainland",,"Environmental Protection , Lights",,,Mr Samuel Su,"101, D2;No.200;Linghu Road, Xinqu;Wuxi;Jiangsu, China",Chinese Mainland,201 - 500,,Product Manager,
"Anova lighting Co., Ltd",https://sourcing.hktdc.com/en/Supplier-Store/Profile/Anova-Lighting-Co-Ltd/1X04S15S,extracted,"Exporter, Manufacturer","Foshan, Guangdong, Chinese Mainland",2003,Lights,"Australasia, Central & South America, Middle East, North America, Scandinavia, Southeast Asia, Western Europe",ANOVA,Mr Kang Zheng,"No.2 Heng Gui Xi Road, Lianhe Industrial Park, Luocun Town, Shi Shan, Nanhai, Foshan, Guangdong, China",Chinese Mainland,101 - 200,,Managing Director,
"Cixi Farstar Lighting Electric Co., Ltd.",https://sourcing.hktdc.com/en/Supplier-Store/Profile/Cixi-Farstar-Lighting-Electric-Co-Ltd/1X03SW2A,extracted,"Exporter, Manufacturer","Ningbo, Zhejiang, Chinese Mainland",2007,"Environmental Protection , Lights","Scandinavia, Western Europe",,Mr Liuzong Hua,"Yuanyi Road Shigongshan Industrial Park Longshan Town Cixi City, Zhejiang Province , China",Chinese Mainland,51 - 100,"US$ 1,000,000 - 4,999,999",General Manager,
"Guangdong Lianhao Science & Technology Lighting Co., Ltd.",https://sourcing.hktdc.com/en/Supplier-Store/Profile/Guangdong-Lianhao-Science-Technology-Lighting-Co-Ltd-/1S00OAX10,extracted,,Chinese Mainland,,Lights,,,Zoe Tang,"No. 10 Fuqing Fifth Road, Yongxing Industrial Zone, Henglan Town, Guangdong, China",Chinese Mainland,,,,
Junlang Lighting Factory,https://sourcing.hktdc.com/en/Supplier-Store/Profile/Junlang-Lighting-Factory/1X00KEQ4,extracted,Manufacturer,"Keelung City, Taiwan",2006,"Environmental Protection , Lights","Central & South America, Eastern Europe, North America, Scandinavia, Western Europe",JUNLANG,Mr Yong Dong Hou,"6F. No. 58, Lane 179, Nei Hu Rd., Sec 2, Taipei, Taiwan",Taiwan,51 - 100,"US$ 500,000 - 999,999",,
Ledil Oy,https://sourcing.hktdc.com/en/Supplier-Store/Profile/Ledil-Oy/1X098BQD,extracted,Manufacturer,Finland,2002,Lights,Worldwide,LEDiL,Mr Joni Mäki,Salorankatu 10,Finland,51 - 100,,Global Sales Director,
"Ledoux Lighting Co., Ltd",https://sourcing.hktdc.com/en/Supplier-Store/Profile/Ledoux-Lighting-Co-Ltd/1S00NTFCL,extracted,Manufacturer,"Zhongshan, Guangdong, Chinese Mainland",2008,Lights,"Australasia, Eastern Europe, Scandinavia, Taiwan, Western Europe, Worldwide",LEDOUX,Ms Sammie Su,"Building B, No. 5, Fuqing ER Road, Henglan Town, Zhongshan, Zhongshan, China",Chinese Mainland,101 - 200,"US$ 5,000,000 - 9,999,999",Sales Manager,
Lumartec Ltd.,https://sourcing.hktdc.com/en/Supplier-Store/Profile/Lumartec-Ltd-/1X0A6UNV,extracted,"Exporter, Wholesaler","Shenzhen, Guangdong, Chinese Mainland",,"Environmental Protection , Lights , Parts, Components & Electrical Supplies , Parts, Components & Raw Materials",,,Miss - Yang,"Rm. 203, 2/F, A District, Building #10, No.2, 3 of Maqueling Ind'l Area Building, Yuehai St., Nanshan District, Shenzhen City, Guangdong Province, China",Chinese Mainland,,,-,
Macron Associate Company,https://sourcing.hktdc.com/en/Supplier-Store/Profile/Macron-Associate-Co/1X08R0S8,extracted,Manufacturer,"Taichung City, Taiwan",1980,Lights,North America,,Miss Amber Yang,"No. 352, Perng-Yi Rd., Taiping, Taichung,",Taiwan,,,,
"Ningbo Hanyuan Lighting Co., Ltd.",https://sourcing.hktdc.com/en/Supplier-Store/Profile/Ningbo-Hanyuan-Lighting-Co-Ltd-/1X06E2BJ,extracted,Manufacturer,"Ningbo, Zhejiang, Chinese Mainland",2004,"Environmental Protection , Lights","Africa, Australasia, Central & South America, Eastern Europe, Hong Kong, Middle East, North America, Scandinavia, Western Europe, Worldwide","NBHanyuan Lighting Co., Ltd.",Mrs Christina Zheng,"Gaofeng Village, Gaoqiao Town, Yinzhou District, Ningbo, Zhejiang, China",Chinese Mainland,51 - 100,"US$ 5,000,000 - 9,999,999",Sales Manager,
"Ningbo Sunle Lighting Electric Co., Ltd.",https://sourcing.hktdc.com/en/Supplier-Store/Profile/Ningbo-Sunle-Lighting-Electric-Company-Limited/1X0A70KG,extracted,"Exporter, Manufacturer","Ningbo, Zhejiang, Chinese Mainland",2014,"Environmental Protection , Lights","Africa, Australasia, Central & South America, Chinese Mainland, Eastern Europe, Hong Kong, Japan, Korea, Middle East, North America, Other Asian Countries, Scandinavia, Southeast Asia, Taiwan, Western Europe, Worldwide",Sunle,Mr andy yue,"No. 56-1 East zhongxing road, XIKOU INDUSTRIAL ZONE, FENGHUA NINGBO CHINA",Chinese Mainland,101 - 200,"US$ 5,000,000 - 9,999,999",,
"P-King Lighting Technology Co., Ltd",https://sourcing.hktdc.com/en/Supplier-Store/Profile/P-King-Lighting-Technology-Co-Ltd-/1X0AQOGK,extracted,Manufacturer,"Ningbo, Zhejiang, Chinese Mainland",,"Environmental Protection , Lights",,,Mr Allen zheng,"No. 8-4-1C Chengxing Building, Cultural-Business District, Cix, Ningbo, Zhengjiang, China",Chinese Mainland,,,,
"Prosperous (Ningbo) Lighting Appliance Co., Ltd.",https://sourcing.hktdc.com/en/Supplier-Store/Profile/Prosperous-Ningbo-Lighting-Appliance-Co-Ltd-/1X00KQBJ,extracted,"Exporter, Manufacturer","Ningbo, Zhejiang, Chinese Mainland",2001,"Building Materials & Supplies , Environmental Protection , Furniture & Parts , Homeware & Lifestyle Essentials , Lights","Australasia, Chinese Mainland, Eastern Europe, Hong Kong, Middle East, North America, Other Asian Countries, Scandinavia, Southeast Asia, Western Europe, Worldwide",Prosperous Lighting,Ms Vivi Zhang,"No. 299 Wancheng Rd., Haishu District, Zhejiang China",Chinese Mainland,201 - 500,"US$ 1,000,000 - 4,999,999",Sales Manager,
"Shenzhen Hipower Optronics Co.,Ltd",https://sourcing.hktdc.com/en/Supplier-Store/Profile/Shenzhen-Hipower-Optronics-Co-Ltd/1X0870LF,extracted,"Exporter, Manufacturer","Shenzhen, Guangdong, Chinese Mainland",2006,"Environmental Protection , Lights","Africa, Australasia, Central & South America, Eastern Europe, Hong Kong, Japan, Korea, North America, Scandinavia, Southeast Asia, Western Europe, Worldwide",LEDVISION,Mr PENG ZHOU,"518103, A Bldg Yinghaosheng Ind Pk, Fu An R, Da, Yang Dev Z, Fuyong T, Baoan, Shenzhen, Shenzhen",Chinese Mainland,101 - 200,"US$ 10,000,000 - 49,999,999",PRESIDENT,
Shenzhen Kinglight Optoelectronics Co Ltd,https://sourcing.hktdc.com/en/Supplier-Store/Profile/Shenzhen-Kinglight-Optoelectronics-Co-Ltd/1S00OHCJ3,extracted,,Chinese Mainland,,Lights,,,ZUI MENG,"5F, 4 BLK, RunHengDingFeng Industrial Park, FuYuan 1st Road, China",Chinese Mainland,,,,
"Universelite Co., Ltd.",https://sourcing.hktdc.com/en/Supplier-Store/Profile/Universelite-Co-Ltd-/1X04S4H7,extracted,Manufacturer,"Shaoxing, Zhejiang, Chinese Mainland",2007,"Environmental Protection , Lights","Eastern Europe, Western Europe, Worldwide",,Mr Hongxing Ma,"Kuiji Cun Industrial Zone, Pinghui Town, Shaoxing Country, Zhejiang Province, 312051 China",Chinese Mainland,,,Sales Director,
"Yuyao Tailian Lighting Electric Co., Ltd.",https://sourcing.hktdc.com/en/Supplier-Store/Profile/Yuyao-Tailian-Lighting-Electric-Company-Limited/1X090JHY,extracted,"Exporter, Manufacturer","Ningbo, Zhejiang, Chinese Mainland",,,,,Ms Daisy Yu,"No.15 North Huanzhen Road, Ditang Town, Yuyao City, Ningbo City, Zhejiang Province, China",Chinese Mainland,,,Sales,
"Baiwei Lighting Technology Co., Limited",https://sourcing.hktdc.com/en/Supplier-Store/Profile/Baiwei-Lighting-Technology-Co-Limited/1S00OT1CZ,extracted,,Hong Kong,,Lights,,,Alfred Lau,"Flat C, 9/F, Winning House,72-76 Wing Lok Street, Sheung Wan, Hong Kong",Hong Kong,,,Director,
"Beauty (STC) Manufacturing Co., Limited",https://sourcing.hktdc.com/en/Supplier-Store/Profile/Beauty-STC-Manufacturing-Co-Limited/1S00OSUGU,extracted,Manufacturer,Hong Kong,1998,"Building Materials & Supplies , Environmental Protection , Lights","Central & South America, Eastern Europe, Japan, Korea, Middle East, North America, Scandinavia, Western Europe",Beauty STC Lighting,Mr Frank Mai,"Unit 17, 5/F, New City Ctr, 2 Lei Yue Mun Rd, Kwun Tong, Kowloon, Hong Kong",Hong Kong,51 - 100,"US$ 5,000,000 - 9,999,999",Manager,
Cr Lighting Technology Company Limited,https://sourcing.hktdc.com/en/Supplier-Store/Profile/CR-LIGHTING-TECHNOLOGY-COMPANY-LIMITED/1X0AO9KP,extracted,"Exporter, Manufacturer",Hong Kong,2003,"Environmental Protection , Homeware & Lifestyle Essentials , Lights",,CRLED,Ms Bonnie Yao,"Flat B 2/F, Front Rm 107, Hong Ning Rd Kwun Tong, Kowloon, Hong Kong",Hong Kong,101 - 200,"US$ 50,000,000 - 99,999,999",Marketing Specialist,
Creative China Creations Limited,https://sourcing.hktdc.com/en/Supplier-Store/Profile/Creative-China-Creations-Limited/1S00OBK44,extracted,Manufacturer,Hong Kong,2013,Lights,"North America, Worldwide","Sensor Brite, Handy Brite, Beyond Bright, Ever Brite, Battery Daddy",Ms Florence Lo,"Suite F, 28/F, Montery Plaza, 15 Chong Yip St, Kwun Tong, Kowloon, Hong Kong",Hong Kong,16 - 25,,,
EcoBay Technologies Limited,https://sourcing.hktdc.com/en/Supplier-Store/Profile/EcoBay-Technologies-Limited/1S00O4I2C,extracted,"Exporter, Wholesaler",Hong Kong,2018,"Health Care & Medical Supplies , Home Appliances , Lights",Japan,LED,Mr Johnny Lam,"Room 07, Unit 503, InnoCentre 5th Floor, No. 72 Tat Chee Road Kowloon Tong, Kowloon, Hong Kong",Hong Kong,1 - 5,"US$ 50,000 - 99,999",Sales Manager,
Elong Excel Lighting Co.,https://sourcing.hktdc.com/en/Supplier-Store/Profile/Elong-Excel-Lighting-Co-/1X088XWD,extracted,"Exporter, Manufacturer",Hong Kong,2010,"Environmental Protection , Lights",Worldwide,ELONG EXCEL,Ms Queenie Deng,"Room 604, Song Ling Ind. Bldg., 40-42 Ta Chuen Ping St., Kwai Chung, Hong Kong",Hong Kong,101 - 200,"US$ 1,000,000 - 4,999,999",GM,
"Figaroo Industry Co., Limited",https://sourcing.hktdc.com/en/Supplier-Store/Profile/Figaroo-Industry-Co-Ltd-/1S00ONFS9,extracted,,Hong Kong,,Lights,,,Mr Tianchang Hou,,Hong Kong,,,,
"German Vikled (Hong Kong) Photoelectric Technology Co., Limited",https://sourcing.hktdc.com/en/Supplier-Store/Profile/German-Vikled-HongKong-Photoelectric-Technology-Co-Limited/1X08Z31Q,extracted,"Exporter, Manufacturer, Wholesaler",Hong Kong,2005,"Environmental Protection , Lights","Eastern Europe, Other Asian Countries, Scandinavia, Southeast Asia, Taiwan, Western Europe, Worldwide",Vikled,Mr Jacky Zhong,"RM 18D 27/F, Hoking Comm Ctr, 2-16 Fayuen St, Mongkok,",Hong Kong,201 - 500,"US$ 5,000,000 - 9,999,999",-,
Good Harbour Limited,https://sourcing.hktdc.com/en/Supplier-Store/Profile/Good-Harbour-Ltd/1X00JCT7,extracted,Manufacturer,Hong Kong,1992,"Baby Care & Nursery , Educational Toys , Environmental Protection , Health Care & Medical Supplies , Lights","Eastern Europe, Western Europe",GH,Mr Peter Lam,"A01 , 7/F., Good Luck Industrial building , 105 How Ming Street , Kwun Tong, Kowloon, Hong Kong",Hong Kong,1 - 5,"US$ 50,000 - 99,999",Manager,
Harmony Lighting Development Limited,https://sourcing.hktdc.com/en/Supplier-Store/Profile/Harmony-Lighting-Development-Limited/1X0B4GBD,extracted,"Buying Office, Manufacturer",Hong Kong,1989,Lights,"Eastern Europe, Middle East, North America, Scandinavia",,Ms Vanilla Wu,"Unit 601, Huangcheng Plaza Futian Street Futian, Shenzhen China",Hong Kong,16 - 25,,Sales Manager,
HongRui Industrial Company Limited,https://sourcing.hktdc.com/en/Supplier-Store/Profile/HongRui-Industrial-Co-Ltd-/1S00OPHOJ,extracted,,Hong Kong,,Lights,,,Ms Xiaowen Xu,,Hong Kong,,,,
"Jiangjing Lighting (HK) Co., Ltd.",https://sourcing.hktdc.com/en/Supplier-Store/Profile/Jiangjing-Lighting-HK-Co-Ltd-/1S00OOKEA,extracted,,Hong Kong,,Lights,,,Mr Haojie Liu,,Hong Kong,,,,
"Kaifon Lighting Co., Limited",https://sourcing.hktdc.com/en/Supplier-Store/Profile/KaiFon-Lighting-Co-Ltd/1X06QY33,extracted,"Exporter, Manufacturer",Hong Kong,2009,"Environmental Protection , Lights","Australasia, Central & South America, Eastern Europe, Hong Kong, Middle East, Southeast Asia, Western Europe",,Miss Fiona Wong,"Room 1318-20, 13/F, Hollywood Plaza, 610 Nathan Road, Mongkok, Kowloon, Hong Kong",Hong Kong,26 - 50,,Sales Manager,
Lumi Lime Lighting Engineering & Products Limited,https://sourcing.hktdc.com/en/Supplier-Store/Profile/Lumi-Lime-Lighting-Engineering-Products-Limited/1S00P5JYN,extracted,Manufacturer,Hong Kong,2006,Lights,,,Mr peter Chan,"Flat 312 Block G,3/F Kwai Shing Ind Bld Phase 2, 42-46 TAI LIN PAI ROAD , Kwai Chung,NT, hong kong",Hong Kong,,,GM,
New Universal Brass Ware Factory Company Limited,https://sourcing.hktdc.com/en/Supplier-Store/Profile/New-Universal-Brass-Ware-Fty-Co-Ltd/1X007N8V,extracted,"Exporter, Manufacturer, Service Company",Hong Kong,1995,"Furniture & Parts , Gifts / Souvenirs , Gifts, Toys & Sports Supplies , Home Products, Lights & Constructions , Homeware & Lifestyle Essentials , Lights",Worldwide,NU,Miss Stephanie Chau,"Unit 1023 Golden Industrial Building 16-26 Kwai Tak Street Kwai Chung, Hong Kong",Hong Kong,201 - 500,"US$ 1,000,000 - 4,999,999",Managing  Director,
Olympia Lighting Co Limited,https://sourcing.hktdc.com/en/Supplier-Store/Profile/OLYMPIA-LIGHTING-CO-LIMITED/1X08Z39I,extracted,Manufacturer,Hong Kong,2012,"Lights , Parts, Components & Electrical Supplies , Parts, Electrical Electronic Supplies",Worldwide,Olympia Lighting,Mr Max Liu,"Rm 18E, 27/F, Ho King Comm. Ctr., 2-16 Fayuen St., Mongkok, Kowloon,",Hong Kong,51 - 100,,,
"Romanso Electronic Co., Limited",https://sourcing.hktdc.com/en/Supplier-Store/Profile/Romanso-Electronic-Co-Limited/1S00OZAGE,extracted,,Hong Kong,,,,,Lily Guo,"Unit 3, 8/F, Chevalier Hse, 45-51 Chatham Rd S, Tsim Sha Tsui, Kowloon, Hong Kong",Hong Kong,,,,
Shenzhen Gs Light Limited,https://sourcing.hktdc.com/en/Supplier-Store/Profile/SHENZHEN-GS-LIGHT-LIMITED/1X0914F9,extracted,Manufacturer,Hong Kong,,Lights,,,Mr William Mr,"Rms 1318-19, Hollywood Plaza 610, Nathan Rd.,",Hong Kong,,,,
Shone Lighting (HK) Limited,https://sourcing.hktdc.com/en/Supplier-Store/Profile/SHONE-LIGHTING-HK-LIMITED/1X0AHRR0,extracted,Manufacturer,Hong Kong,1995,"Environmental Protection , Lights","Chinese Mainland, Middle East, North America, Southeast Asia, Worldwide",SHONE,Ms Grace Tang,"Unit 1, 15/F, Low Block, Grand Millennium Plaza, 181 Queen's Rd C, Sheung Wan, Hong Kong",Hong Kong,101 - 200,"US$ 5,000,000 - 9,999,999",Manager,
Wing Tong Ltd.,https://sourcing.hktdc.com/en/Supplier-Store/Profile/Wing-Tong-Limited/1X00PSTV,extracted,"Exporter, Manufacturer, Wholesaler",Hong Kong,2000,,"Africa, Australasia, Central & South America, Chinese Mainland, Eastern Europe, Hong Kong, Japan, Korea, Middle East, North America, Other Asian Countries, Scandinavia, Southeast Asia, Taiwan, Western Europe, Worldwide",Camlite,Ms Sandy Ho,"Rm 15, 1/F, Wah Yuen Factory Building, 15-21 Beech Street, Tai Kok Tsui, Kowloon, Hong Kong",Hong Kong,201 - 500,"US$ 1,000,000 - 4,999,999",,
"Chaozhou Aonelite Lighting Co., Ltd.",https://sourcing.hktdc.com/en/Supplier-Store/Profile/Chaozhou-Aonelite-Lighting-Co-Ltd-/1X0AJPP8,extracted,"Exporter, Manufacturer","Chaozhou, Guangdong, Chinese Mainland",2017,Lights,"Central & South America, Eastern Europe, Middle East, North America, Scandinavia, Southeast Asia, Western Europe, Worldwide",AONELITE,Mr Shunfu Xing,"No.1, Tiantou Road, Tiantou Industrial Zone, Fengxi, Chaozhou, Guangdong, China",Chinese Mainland,51 - 100,"US$ 5,000,000 - 9,999,999",,
Entity Elettronica s.r.l.,https://sourcing.hktdc.com/en/Supplier-Store/Profile/Entity-Elettronica-s-r-l-/1X0AWA06,extracted,Manufacturer,Italy,1989,"Environmental Protection , Lights",,,Mrs Alice Costa,"Via dei Laghi, 19 Altavilla",Italy,51 - 100,,Sales & Marketing Manager,
"Fanxstar Technology Co., Ltd.",https://sourcing.hktdc.com/en/Supplier-Store/Profile/FANXSTAR-TECHNOLOGY-CO-LTD/1X0AXFED,extracted,"Exporter, Manufacturer, Wholesaler","Shenzhen, Guangdong, Chinese Mainland",2016,"Environmental Protection , Lights","Australasia, Central & South America, Eastern Europe, Scandinavia, Western Europe",FANXSTAR,Mr Hairo Yu,B2 Life Science Branch Kengzi Street Ping Shan Shenzhen Guangdong China,Chinese Mainland,51 - 100,"US$ 10,000,000 - 49,999,999",,
Foshan Yunlu Lighting Factory,https://sourcing.hktdc.com/en/Supplier-Store/Profile/Foshan-Yunlu-Lighting-Factory/1S00OH8HD,extracted,Manufacturer,"Foshan, Guangdong, Chinese Mainland",1996,Lights,,,Miss Stella Cai,"No. 1, Jiebei Road, Nanhai National Eco-industrial Danzao Town,Nanhai District, Foshan City, Guangdong, China",Chinese Mainland,201 - 500,,,
"Hangzhou Flint Lighting Co., Ltd.",https://sourcing.hktdc.com/en/Supplier-Store/Profile/Hangzhou-Huoshi-Lighting-Co-Ltd/1X09GIXL,extracted,"Exporter, Manufacturer","Hangzhou, Zhejiang, Chinese Mainland",,"Environmental Protection , Lights",,,Ms Cynthia Shen,"Room 1202, Maya Building, Nanyuan Street, Yuhang District, Hangzhou City, Zhejiang Province, China.",Chinese Mainland,,,Sales Manager,
"Heavy Power Co., Ltd.",https://sourcing.hktdc.com/en/Supplier-Store/Profile/Heavy-Power-Co-Ltd/1X00KK93,extracted,"Exporter, Manufacturer","New Taipei City, Taiwan",1987,,"Chinese Mainland, Eastern Europe, North America, Scandinavia, Southeast Asia, Western Europe",,Ms May Lee,"New Taipei Industrial Park No 7, Lane 106, Wukung 3rd Road, New Taipei City, Taiwan",Taiwan,501 - 1000,"US$ 10,000,000 - 49,999,999",Sales Manager,
"Huizhou Home Lite Technology Co., Ltd.",https://sourcing.hktdc.com/en/Supplier-Store/Profile/Huizhou-Home-Lite-Technology-Co-Ltd-/1S00NTEJ1,extracted,"Exporter, Manufacturer, Wholesaler","Huizhou, Guangdong, Chinese Mainland",2019,Lights,"Africa, Australasia, Central & South America, Eastern Europe, Hong Kong, Japan, Korea, Middle East, Scandinavia, Southeast Asia, Western Europe",AESLIT,Mr Ken Gong,"Room 401, Building 19-20, Phase I, Le Chuang Cheng Industry NO.8 RenLuo 6th Road, Shuikou Street Huicheng District, Huizhou, Guangdong, China",Chinese Mainland,26 - 50,"US$ 1,000,000 - 4,999,999",General Manager,
Japan Display Inc,https://sourcing.hktdc.com/en/Supplier-Store/Profile/Japan-Display-Inc-/1S00ODWP1,extracted,Manufacturer,"Tokyo, Japan",2012,,"Chinese Mainland, Japan, Korea, North America, Southeast Asia, Taiwan, Western Europe",,Mr Sam Callon,Landic 2nd Bdg. 3-7-1 Nishi-shinbashi Minato-ku,Japan,4001 - 5000,"US$ > 250,000,000",,
"Jiangmen Nedar Lighting Co., Ltd.",https://sourcing.hktdc.com/en/Supplier-Store/Profile/Jiangmen-Nedar-Lighting-Co-Ltd/1X0AXW84,extracted,Manufacturer,"Jiangmen, Guangdong, Chinese Mainland",2018,"Festive Supplies , Gifts, Toys & Sports Supplies , Lights","North America, Southeast Asia, Western Europe",NEDAR,Mr Colin Liu,"3-4/F, Bldg.9, Sida Industrial Area, No.19 Keyuan East Rd., Hi-tech Zone, Jiangmen, Guangdong, China",Chinese Mainland,26 - 50,"US$ 1,000,000 - 4,999,999",General Manager,
"Jiangsu TX Plastic Optical Fibers Co., Ltd",https://sourcing.hktdc.com/en/Supplier-Store/Profile/Jiangsu-Tx-Plastic-Optical-Fibers-Co-Ltd/1X07KLQJ,extracted,Manufacturer,"Yangzhou, Jiangsu, Chinese Mainland",2012,"Consumer Electronics , Lights , Parts, Components & Electrical Supplies , Telecommunication",Worldwide,,Mr Liu Eric,"Unit A2, Bali Industrial Zone, North Jingang Road, Bali Town, Economic Development Area, Yangzhou City, Jiangsu Province 225131, China",Chinese Mainland,51 - 100,"US$ 250,000 - 499,999",Account Manager,
"Kejie Electronic Co., Ltd.",https://sourcing.hktdc.com/en/Supplier-Store/Profile/Kejie-Electronic-Co-Ltd/1X07T9PK,extracted,"Exporter, Manufacturer","Zhongshan, Guangdong, Chinese Mainland",2005,"Environmental Protection , Lights , Parts, Components & Electrical Supplies , Parts, Components & Raw Materials","Africa, Central & South America, Eastern Europe, Hong Kong, Korea, Middle East, Other Asian Countries, Scandinavia, Southeast Asia, Western Europe, Worldwide",Kejie,Mr Andy Chen,"Tongle Industrial Centre Tongancun, Dongfeng, Zhongshan City Guangdong, China",Chinese Mainland,51 - 100,"US$ 5,000,000 - 9,999,999",Sales Manager,
"Kinghand Lighting Co., Ltd.",https://sourcing.hktdc.com/en/Supplier-Store/Profile/Kinghand-Lighting-Co-Ltd/1S00P51CZ,extracted,Manufacturer,"Zhuhai, Guangdong, Chinese Mainland",2004,Lights,North America,,Miss Ruby Liang,"1/f & 2/f Building #1, No 167 , Zhenping Dong Road, Pingsha Town, Zhuhai, Guangdong, China",Chinese Mainland,101 - 200,,,
Leomay Technology Company Limited,https://sourcing.hktdc.com/en/Supplier-Store/Profile/Leomay-Technology-Company-Limited/1X08IMMK,extracted,Manufacturer,"Zhongshan, Guangdong, Chinese Mainland",2007,"Environmental Protection , Festive Supplies , Gifts, Toys & Sports Supplies , Lights","Central & South America, Eastern Europe, North America, Western Europe",Leomay,Ms Linda Yin,"3rd Flood, Block 1, No.3, 2nd Street, Yongxing Industrial Road, Xinfeng, Henglan Town, Zhongshan, Zhongshan",Chinese Mainland,51 - 100,"US$ 5,000,000 - 9,999,999",Manager,
"Linhai Junis Lighting Co., Ltd.",https://sourcing.hktdc.com/en/Supplier-Store/Profile/Linhai-Junis-Lighting-Co-Ltd/1X075BZ4,extracted,"Exporter, Manufacturer","Zhejiang, Chinese Mainland",2004,"Environmental Protection , Festive Supplies , Gifts, Toys & Sports Supplies , Home Products, Lights & Constructions , Homeware & Lifestyle Essentials , Lights","North America, Western Europe",,Ms Yi Yang,"No.48 Huifeng South Road, Jiangnan Street, Linhai City, Zhejiang Province, China.",Chinese Mainland,,,Manager,
"Liteharbor Lighting Technology Co., Ltd",https://sourcing.hktdc.com/en/Supplier-Store/Profile/Liteharbor-Lighting-Technology-Co-Ltd/1X07JS7H,extracted,"Exporter, Manufacturer","Foshan, Guangdong, Chinese Mainland",2006,"Building Materials & Supplies , Environmental Protection , Furniture & Parts , Homeware & Lifestyle Essentials , Lights , Parts, Components & Electrical Supplies , Parts, Electrical Electronic Supplies",North America,Liteharbor,Ms Alice Liang,"New Industry Area, Hecun, Hengjiang, Danzao Town, Nanhai District, Foshan City, Guangdong, China",Chinese Mainland,101 - 200,"US$ 10,000,000 - 49,999,999",Manager,
"New Shine Lighting (Guangzhou) Co., Ltd.",https://sourcing.hktdc.com/en/Supplier-Store/Profile/New-Shine-Lighting-Guangzhou-Co-Ltd/1S00NMI9R,extracted,,Chinese Mainland,,"Environmental Protection , Lights",,,Becky Lee,511495 中國廣東省廣州市 番禺區鍾村寓意裝飾材料城C1區2樓233鋪,Chinese Mainland,,,manager,
"Ningbo Anssin Electric Co.,Ltd",https://sourcing.hktdc.com/en/Supplier-Store/Profile/Ningbo-Anssin-Electric-Co-Ltd/1S00OSPKN,extracted,,Chinese Mainland,,"Parts, Components & Electrical Supplies , Parts, Electrical Electronic Supplies",,,Mr Robin Lu,,Chinese Mainland,,,,
"Ningbo Lander Lighting Electricity Co., Ltd.",https://sourcing.hktdc.com/en/Supplier-Store/Profile/Ningbo-Lander-Lighting-Electricity-Co-Ltd/1X0A07A5,extracted,"Exporter, Manufacturer","Ningbo, Zhejiang, Chinese Mainland",2016,"Environmental Protection , Lights",,,Mr Mengzhou Zhang,"2# MaoJia Industrial Zone FengNan Village YangMing Street Yuyao City, Zhejiang Province, China",Chinese Mainland,,,Manager,
"Ningbo Suntech Lighting Technology Co., Ltd.",https://sourcing.hktdc.com/en/Supplier-Store/Profile/NINGBO-SUNTECH-LIGHTING-TECHNOLOGY-CO-LTD/1X09HEM8,extracted,"Exporter, Manufacturer","Ningbo, Zhejiang, Chinese Mainland",2013,"Environmental Protection , Lights",,,Ms Penny Li,"No. 23 Rongda Road, Lizhou Street, Ningbo City, Zhejiang Province, China",Chinese Mainland,,,Sales,
"Ningbo Xinghuang Photoelectricity Co., Ltd.",https://sourcing.hktdc.com/en/Supplier-Store/Profile/Ningbo-Xinghuang-Photoelectricity-Co-Ltd-/1X090JTM,extracted,Manufacturer,"Ningbo, Zhejiang, Chinese Mainland",2002,"Environmental Protection , Lights",,,Mr King Jin,"Huangqingyan Village, Ditang Town, Yuyao City, Ningbo, China",Chinese Mainland,201 - 500,,sales manager,
"Shanghai Cyanlite Technology Co., Ltd.",https://sourcing.hktdc.com/en/Supplier-Store/Profile/Shanghai-Cyanlite-Technology-Co-Ltd-/1S00O6GJZ,extracted,"Exporter, Manufacturer","Shanghai Shi, Shanghai, Chinese Mainland",2015,Lights,"Central & South America, Middle East, Scandinavia, Western Europe",Cyanlite,Mr Jim Wang,4F No.93 Jianhao Road Shanghai China,Chinese Mainland,101 - 200,"US$ 5,000,000 - 9,999,999",,
"Shanghai Lite-way Lighting Appliance Co., Ltd.",https://sourcing.hktdc.com/en/Supplier-Store/Profile/Shanghai-Lite-way-Lighting-Appliance-Co-Ltd-/1S00OH3TI,extracted,,Chinese Mainland,,"Environmental Protection , Lights",,,ling ling lv,"Room B618, No. 2250 South Pudong Road Pudong District Shanghai China",Chinese Mainland,,,,
Shanghai iLEDING Lighting Technology Corp.,https://sourcing.hktdc.com/en/Supplier-Store/Profile/Shanghai-iLEDING-Lighting-Technology-Corp-/1X0A6LUF,extracted,"Exporter, Manufacturer","Shanghai Shi, Shanghai, Chinese Mainland",2011,,North America,"Runlux,ILEDing",Mr Richard Niu,"Room 1408, Block 2, Jianyin Building, No. 299 Zheqiao Road, Pudong New Area, Shanghai City, China.",Chinese Mainland,26 - 50,"US$ 1,000,000 - 4,999,999",General Manager,
"Shenzhen INDLEDs Co., Ltd.",https://sourcing.hktdc.com/en/Supplier-Store/Profile/Shenzhen-INDLEDs-Co-Ltd-/1X0AXGCC,extracted,Manufacturer,"Shenzhen, Guangdong, Chinese Mainland",2016,"Environmental Protection , Furniture & Parts , Lights","Australasia, Eastern Europe, North America, Scandinavia, Western Europe",INDLEDs,Mr Eric Junkun Shaw,"12F, Senhainuo Kechuang Building, Dezheng Road Shiyan Town, Bao'an District Shenzhen China",Chinese Mainland,51 - 100,"US$ 5,000,000 - 9,999,999",Manager,
Shenzhen Smile Lighting Co Ltd,https://sourcing.hktdc.com/en/Supplier-Store/Profile/Shenzhen-Smile-Lighting-Co-Ltd/1X098TG5,extracted,"Exporter, Manufacturer","Shenzhen, Guangdong, Chinese Mainland",2013,"Environmental Protection , Lights",,,Ms Amy Zhang,"1th Building Bohua Technology Industry Area, Zhangkengjing, Guanlan Town Longhua New District, Shenzhen Guangdong, China",Chinese Mainland,,,Manager,
Shenzhen Sunlumin Electronic Technology Co Ltd,https://sourcing.hktdc.com/en/Supplier-Store/Profile/Shenzhen-Sunlumin-Electronic-Technology-Co-Ltd/1S00P0G8W,extracted,Manufacturer,"Shenzhen, Guangdong, Chinese Mainland",2019,"Lights , Parts, Electrical Electronic Supplies","Central & South America, Chinese Mainland, Middle East, North America, Other Asian Countries, Worldwide",SunLumin Optics,Ms Huang Susie,"2nd Floor, Building D No. 56, Liuhe Road, Tangkeng Community Henggang Street, Longgang District Shenzhen, Guangdong, China",Chinese Mainland,51 - 100,"US$ 250,000 - 499,999",Sales,
"Zhejiang Songri Electric Co., Ltd.",https://sourcing.hktdc.com/en/Supplier-Store/Profile/Zhejiang-Songri-Electric-Co-Ltd-/1S00OL7QN,extracted,,Chinese Mainland,,,,,cindy chen,,Chinese Mainland,,,,
Sonlite Lighting Co Ltd,https://sourcing.hktdc.com/en/Supplier-Store/Profile/Sonlite-Lighting-Co-Ltd/1S00OHXM9,extracted,,Chinese Mainland,,Lights,,,Yanping Feng,"North of Shixi Industrial Zone, Xianan #2, Guicheng, Nanhai, Foshan City, Guangdong Province",Chinese Mainland,,,,
Think-Max Lighting Co Limited,https://sourcing.hktdc.com/en/Supplier-Store/Profile/Think-Max-Lighting-Co-Limited/1S00OTK1D,extracted,,Chinese Mainland,,Lights,,,Judy Tan,"Thinkmax Industrial Park, Yuangang 3rd Street, Huangjiang Town, Dongguan, Guangdong, China",Chinese Mainland,,,,
"Wuxi Seastar Lighting Co., Ltd.",https://sourcing.hktdc.com/en/Supplier-Store/Profile/Wuxi-Seastar-Lighting-Co-Ltd/1X0AJD6R,extracted,,Chinese Mainland,,"Environmental Protection , Gifts / Souvenirs , Homeware & Lifestyle Essentials , Lights",,,Cynthia Hu,"Lijiang Road, No.92, National High-Tech Industrial Development Zone, Wuxi, Jiangsu, China",Chinese Mainland,,,,
"Yuyao Zhongning Electric Appliance Co., Ltd.",https://sourcing.hktdc.com/en/Supplier-Store/Profile/Yuyao-Zhongning-Electric-Appliance-Co-Ltd/1X05E8KS,extracted,"Exporter, Manufacturer","Ningbo, Zhejiang, Chinese Mainland",2008,"Environmental Protection , Lights","North America, Southeast Asia, Western Europe",,Mr Jason Wang,"No.1-1 Meixi Rd., Zhangting, Yuyao, Zhejiang, China",Chinese Mainland,26 - 50,"US$ 500,000 - 999,999",Sales Manager,
Zhejiang Rishine LED Lighting CO LTD,https://sourcing.hktdc.com/en/Supplier-Store/Profile/Zhejiang-Rishine-LED-Lighting-Co-Ltd-/1S00OWGWW,extracted,,Chinese Mainland,,,,,Dr Weifeng Zhu,,Chinese Mainland,,,,
"Zhongshan Canlux Lighting Co., Limited",https://sourcing.hktdc.com/en/Supplier-Store/Profile/Zhongshan-canlux-lighting-co-limited-/1S00P3XM9,extracted,,Chinese Mainland,,"Furniture & Parts , Homeware & Lifestyle Essentials , Lights",,,Olivia Liang,"528478, Flat 4th and 5th, 11 Yongyi 6th Road Henglan, Zhongshan Guangdong China",Chinese Mainland,,,"Zhongshan ,China",
Zhongshan Jianbo Lighting Manufacture,https://sourcing.hktdc.com/en/Supplier-Store/Profile/Zhongshan-Jianbo-Lighting-Manufacture-/1S00OC22S,extracted,,Chinese Mainland,,Lights,,,Mr Weiguang Yuan,,Chinese Mainland,,,,
"Zhongshan Kabo Lighting Technology Co., Ltd.",https://sourcing.hktdc.com/en/Supplier-Store/Profile/Zhongshan-Kabo-Lighting-Technology-Co-Ltd-/1S00OJ22S,extracted,"Manufacturer, Wholesaler","Zhongshan, Guangdong, Chinese Mainland",2014,Lights,,,Mr Jason Wang,"6/f-1, Building B No.2, East lst Road, Gangnan Industry Ave Guzhen, Zhongshan, Guangdong China",Chinese Mainland,,,Legal representative,
Zhongshan Xinyi Electric Co Ltd,https://sourcing.hktdc.com/en/Supplier-Store/Profile/Zhongshan-Xinyi-Electric-Co-Ltd/1S00OGVO5,extracted,,Chinese Mainland,,Lights,,,Ning Wang,"Building No.1,Qinglong Road No.12 ,Xinmao Industir",Chinese Mainland,,,,
Zhongshan Xushang Lighting and Science Co.ltd,https://sourcing.hktdc.com/en/Supplier-Store/Profile/Zhongshan-Xushang-Lighting-and-Science-Co-ltd/1X0ADMSE,extracted,,Chinese Mainland,,"Environmental Protection , Lights",,,Jerry Jiang,"3 Floor of B, Fuqing Road No. 2, Henglan Town, Zhongshan City, Guangdong, China",Chinese Mainland,,,Sales Manager,
Brilliant Lighting Group Ltd,https://sourcing.hktdc.com/en/Supplier-Store/Profile/Brilliant-Lighting-Group-Ltd/1X09A2Q4,extracted,,Hong Kong,,"Environmental Protection , Lights",,,Mak Jessica,"Flat 01, 8/F., Kwong Sang Hong Centre, 151 Hoi Bun Road, Kwun Tong",Hong Kong,,,,
Evershine Lighting Ltd,https://sourcing.hktdc.com/en/Supplier-Store/Profile/Evershine-Lighting-Ltd/1X0979VE,extracted,,Hong Kong,,"Environmental Protection , Lights",,,Kwok Tracy,"Suite 1201, 12/F, Tower 1, Silvercord, 30 Canton Road, Tsim Sha Tsui, Hong Kong",Hong Kong,,,,
Fortune Lighting Company,https://sourcing.hktdc.com/en/Supplier-Store/Profile/Fortune-Lighting-Company/1X0979WD,extracted,,Hong Kong,,"Environmental Protection , Lights",,,Fong Macy,"Blk. B, 6/F, Fok Sing Fty. Bldg, 2 Walnut St., Tai Kok Tsu, Hong Kong",Hong Kong,,,,
Gold Fortune Lighting Group Ltd,https://sourcing.hktdc.com/en/Supplier-Store/Profile/Gold-Fortune-Lighting-Group-Ltd/1X0979ZA,extracted,,Hong Kong,,Lights,,,Wong Lydia,"Suite 9, 25/F, Cable TV Tower, 9 Hoi Shing Road, Tsuen Wan, Hong Kong",Hong Kong,,,,
"Hongkong Modern Lighting Co., Ltd.",https://sourcing.hktdc.com/en/Supplier-Store/Profile/Hongkong-Modern-Lighting-Co-Ltd-/1S00OQEFD,extracted,,Hong Kong,,,,,Au Yang,,Hong Kong,,,,
"Hongkong Yonglux Co., Limited",https://sourcing.hktdc.com/en/Supplier-Store/Profile/HONGKONG-YONGLUX-CO-LIMITED/1S00OQ2FP,extracted,,Hong Kong,,,,,Dr XU YONG,,Hong Kong,,,,
Hopewell Lighting Ltd,https://sourcing.hktdc.com/en/Supplier-Store/Profile/Hopewell-Lighting-Ltd/1X09RRL6,extracted,,Hong Kong,,"Consumer Electronics , Electronics , Environmental Protection , Lights",,,Choi Natalie,"Room B, 20/F., Pahsang Industrial Building, 16 San On Street, Tuen Mun, Hong Kong",Hong Kong,,,,
Huayi Lighting Company Limited,https://sourcing.hktdc.com/en/Supplier-Store/Profile/Huayi-Lighting-Company-Limited/1X0AWALL,extracted,,Hong Kong,,Lights,,,Wong Karen,"Unit A09, 2/F, Great Wall Fty Bldg, 11 Cheung Shun St, Cheung Sha Wan, Kowloon, Hong Kong",Hong Kong,,,,
Lai Sun Lighting Ltd,https://sourcing.hktdc.com/en/Supplier-Store/Profile/Lai-Sun-Lighting-Ltd/1X097A7Z,extracted,,Hong Kong,,Lights,,,Wong Suki,"Room 1, 2/F, Kingsford Industrial Centre, 13 Wang Hoi Road, Kowloon Bay, Kln., H.K",Hong Kong,,,,
Legend Lighting Company,https://sourcing.hktdc.com/en/Supplier-Store/Profile/Legend-Lighting-Company/1S00OSQVP,extracted,,Hong Kong,,,,,Ivy Yeung,"Flat A, 16/F, One Prestige, No.1 Yuet Yuen St, North Point, Hong Kong",Hong Kong,,,,
LuxGreen Limited,https://sourcing.hktdc.com/en/Supplier-Store/Profile/LuxGreen-Limited/1S00PE2DV,extracted,,Hong Kong,,,,,Lingshan Yang,"Room A1, 11/f Winner Building, 36 Man Yue Street, Hung Hom, Hong Kong",Hong Kong,,,,
"MAKER GROUP CO., LIMITED",https://sourcing.hktdc.com/en/Supplier-Store/Profile/MAKER-GROUP-CO-LIMITED/1S00PDM6W,extracted,,Hong Kong,,,,,Mrs Kira Yang,,Hong Kong,,,,
Maxtek Optoelectronics Limited,https://sourcing.hktdc.com/en/Supplier-Store/Profile/Maxtek-Optoelectronics-Limited/1X097AY8,extracted,,Hong Kong,,"Environmental Protection , Lights",,,Rebecca Weng,"Unit 901-5, 9/F, Fook Hong Industrial Buliding, 19 Sheung Yuet Road, Kowloon Bay, Kowloon, Hong Kong",Hong Kong,,,Sales Director,
Ming Loi Lighting Company,https://sourcing.hktdc.com/en/Supplier-Store/Profile/Ming-Loi-Lighting-Company/1S00OU33O,extracted,"Exporter, Manufacturer",Hong Kong,1999,Lights,"Central & South America, Eastern Europe, Middle East",telanpu,Ms Wai Fun Kong,"Flat F, 14/F, Koon Wo Industrail Building, 63-75 Tai Cheun Ping Street, Kwai Chung, N.T., Hong Kong",Hong Kong,,,Manager,
Shenzhen Xinghuo LED Tech Limited,https://sourcing.hktdc.com/en/Supplier-Store/Profile/XHLUX-Lighting-Limited/1S00OZ9AX,extracted,,Hong Kong,,,,,Linda Zhang,"Rms 505, Workingberg Commercial Bldg, 41-47 Marble Road, North Point, Hong Kong",Hong Kong,,,,
Spectrum Expert Ltd,https://sourcing.hktdc.com/en/Supplier-Store/Profile/Spectrum-Expert-Ltd/1X097APH,extracted,,Hong Kong,,"Environmental Protection , Lights",,,Tam Hazel,"Unit B, 7/F., Seabright Plaza, 9-23 Shell Street, North Point, Hong Kong",Hong Kong,,,,
Sunlitlux (H.K.) Company Limited,https://sourcing.hktdc.com/en/Supplier-Store/Profile/Sunlitlux-H-K-Company-Limited/1X0748ZD,extracted,"Export Agent, Manufacturer",Hong Kong,1995,"Environmental Protection , Lights",,,Xin Chen,"Flat 2102, 21/F., Easey Commercial Building, 253-261 Hennessy Road, Wanchai, Hong Kong",Hong Kong,,,,
Sunny Technology International Limited,https://sourcing.hktdc.com/en/Supplier-Store/Profile/Sunny-Technology-International-Ltd/1X08PO2Y,extracted,,Hong Kong,,"Environmental Protection , Lights",,,Alan Kwok,"10th Fl. Tower D 77 Cloudview Rd., North Point, Hong Kong",Hong Kong,,,Sales Manager,
Supreme Lighting Group Ltd,https://sourcing.hktdc.com/en/Supplier-Store/Profile/Supreme-Lighting-Group-Ltd/1X097AUC,extracted,,Hong Kong,,Lights,,,Kwok Connie,"Unit 7, 9/F., Block B, Hoi Luen Industrial Centre, 55 Hoi Yuen Road, Kwun Tong, Kowloon, Hong Kong",Hong Kong,,,,
Topjet International Limited,https://sourcing.hktdc.com/en/Supplier-Store/Profile/TOPJET-INTERNATIONAL-LIMITED/1S00OXLS3,extracted,,Hong Kong,,Lights,,,Ms xiang liu,,Hong Kong,,,,
Universal Lighting Ltd,https://sourcing.hktdc.com/en/Supplier-Store/Profile/Universal-Lighting-Ltd/1X0979JQ,extracted,,Hong Kong,,Lights,,,Yu Michelle,"1/F, Hing Win Factory Building, 110 How Ming Street, Kwun Tong, Hong Kong",Hong Kong,,,,
Woo Fung Lighting Ltd,https://sourcing.hktdc.com/en/Supplier-Store/Profile/Woo-Fung-Lighting-Ltd/1X0979QJ,extracted,,Hong Kong,,"Environmental Protection , Lights",,,Yeung Jovey,"Room 1003, 10/F., Nan Fung Centre, 298 Castle Peak Road, Tsuen Wan, Hong Kong",Hong Kong,,,,
"BESTCO Technology Co., LTD Guangdong",https://sourcing.hktdc.com/en/Supplier-Store/Profile/BESTCO-Technology-Co-LTD-Guangdong/1S00PE6BX,extracted,,Chinese Mainland,,,,,Sophie Chen,"Building 4, No. 197 Jinxing Road, Jiang Hai District, Jiangmen City, Guangdong Province, China",Chinese Mainland,,,Sales manager,
Cascade Holdings Limited,https://sourcing.hktdc.com/en/Supplier-Store/Profile/Cascade-Holdings-Limited/1X097JD2,extracted,Manufacturer,United Kingdom,,"Environmental Protection , Lights",,,Mr Julian Hall,"Gorse Mill, Gorse Street, Chadderton, Manchester, United Kingdom",United Kingdom,,,Export Sales Manager,
"Ever Shining Optotech Co., Ltd.",https://sourcing.hktdc.com/en/Supplier-Store/Profile/Ever-Shining-Optotech-Co-Ltd/1X00KAQG,extracted,"Exporter, Manufacturer","Hsinchu County, Taiwan",2004,"Environmental Protection , Lights , Parts, Components & Electrical Supplies , Parts, Components & Raw Materials",Worldwide,ES,Ms Kelly Chen,"6F., No.259, Wenxing Rd., Zhubei City, Hsinchu County, Taiwan (R.O.C.)",Taiwan,101 - 200,"US$ 250,000 - 499,999",-,
"Evolution Lighting Co., Ltd.",https://sourcing.hktdc.com/en/Supplier-Store/Profile/Evolution-Lighting-Co-Ltd/1X06U26O,extracted,Manufacturer,"New Taipei City, Taiwan",2002,"Environmental Protection , Lights",Worldwide,"EVO , DECOR",Ms Sandy Wang,"No.12 Yu-Cheng 1st, Rd, Tai Feng Industrial Districe Xiaolan Town, ZhongShan City GuangDong Province China",Taiwan,201 - 500,,Sales,
FANTAS SDN.BHD.,https://sourcing.hktdc.com/en/Supplier-Store/Profile/FANTAS-SDN-BHD-/1S00P310Z,extracted,,Malaysia,,,,,Miss Jingjing Yu,,Malaysia,,,,
"FOSHAN FLC LIGHTING CO.,LTD",https://sourcing.hktdc.com/en/Supplier-Store/Profile/FOSHAN-FLC-LIGHTING-CO-LTD/1S00PEDH8,extracted,,Chinese Mainland,,,,,JINLONG LI,"NO.11 Junhe Road,Nanpu,Jun'an Town, Shunde District ,Foshan City,Guangdong Province",Chinese Mainland,,,,
Fanco Holdings Inc.,https://sourcing.hktdc.com/en/Supplier-Store/Profile/Fanco-Holdings-Inc-/1X0AIP7Q,extracted,,Canada,,"Environmental Protection , Lights",,,Larry Choy,"4350 104 Ave SE Calgary, T2C 1R7, Alberta, Canada",Canada,,,,
"Guangdong Aiyu lighting CO.,LTD.",https://sourcing.hktdc.com/en/Supplier-Store/Profile/Guangdong-Aiyu-lighting-CO-LTD-/1S00OPF8X,extracted,,Chinese Mainland,,Lights,,,Mr Qiang Li,,Chinese Mainland,,,,
"Guangdong Allway Lighting Electric Co., Ltd.",https://sourcing.hktdc.com/en/Supplier-Store/Profile/Guangdong-Allway-Lighting-Electric-Co-Ltd-/1S00PE62O,extracted,,Chinese Mainland,,,,,zong he,"1st Shop, Ground Floor, Building 4, No.106 Pinghe",Chinese Mainland,,,,
"Guangdong Done Electronic Technology Co., Ltd.",https://sourcing.hktdc.com/en/Supplier-Store/Profile/Guangdong-Done-Electronic-Technology-Co-Ltd-/1S00PAXIL,extracted,,Chinese Mainland,,,,,Miss JINYI LAN,,Chinese Mainland,,,,
"Guangdong Lumenhub Technology Co., Ltd.",https://sourcing.hktdc.com/en/Supplier-Store/Profile/Guangdong-Lumenhub-Technology-Co-Ltd-/1S00P54Y2,extracted,,Chinese Mainland,,,,,Yilin Liu,"Room 701, Building 2, No. 10, Yanhe West Road, Dongkeng Town, Dongguan, Guangdong, China",Chinese Mainland,,,Manager,
"Guangdong Silux Office Lighting Co., Ltd.",https://sourcing.hktdc.com/en/Supplier-Store/Profile/Guangdong-Silux-Office-Lighting-Co-Ltd/1X0AQSJ5,extracted,"Exporter, Manufacturer","Foshan, Guangdong, Chinese Mainland",2018,"Environmental Protection , Lights","Central & South America, Chinese Mainland, Eastern Europe, Korea, Middle East, Scandinavia, Southeast Asia, Western Europe",Silux,Mr MIN GAN,"No.9, Changxing Road, Jun'an Town, Shunde District, Foshan City, Guangdong Province, China",Chinese Mainland,101 - 200,"US$ 1,000,000 - 4,999,999",CEO,
"Jiangsu Hanna New Energy Co., Ltd.",https://sourcing.hktdc.com/en/Supplier-Store/Profile/Jiangsu-Hanna-New-Energy-Co-Ltd-/1S00NTEOM,extracted,,Chinese Mainland,,,,,Ruting Fang,"No1888, Baolin Highway, Yuelai Twon, Haimen, Nantong, Jiangsu, China",Chinese Mainland,,,,
"Kaxled Lighting Co., Ltd.",https://sourcing.hktdc.com/en/Supplier-Store/Profile/Kaxled-Lighting-Co-Ltd/1S00OGW3V,extracted,"Manufacturer, Wholesaler","Dongguan, Guangdong, Chinese Mainland",2007,"Festive Supplies , Homeware & Lifestyle Essentials , Lights , Party Supplies","Africa, Australasia, Central & South America, Eastern Europe, Japan, Korea, Scandinavia, Western Europe",KAXLED,Miss Helen Deng,"R&D 1st Road WisdomValley, SongshanLak Dongguan GD PR, China",Chinese Mainland,51 - 100,,,
Ledux Canada Inc,https://sourcing.hktdc.com/en/Supplier-Store/Profile/Ledux-Canada-Inc/1X0A7YCU,extracted,,Canada,,"Environmental Protection , Hardwares (Tools & Parts) , Lights",,,Hua Zhang,"7181 Yonge Street, Suite 71, Markham ON L3T 0C7, Canada",Canada,,,,
"Ningbo Clever Elephant Electric Co., Ltd.",https://sourcing.hktdc.com/en/Supplier-Store/Profile/Ningbo-Clever-Elephant-Electric-Co-Ltd-/1S00O6198,extracted,,Chinese Mainland,,"Consumer Electronics , Lights , Parts, Components & Electrical Supplies , Parts, Components & Raw Materials",,,Dr DONGSHENG SHI,,Chinese Mainland,,,,
"Ningbo Holite Electrical Co., Limited.",https://sourcing.hktdc.com/en/Supplier-Store/Profile/Ningbo-Holite-Electrical-Co-Limited-/1S00PAP8N,extracted,,Chinese Mainland,,,,,Ms Joy Feng,,Chinese Mainland,,,,
"Ningbo Wiselux Lighting Co., Ltd",https://sourcing.hktdc.com/en/Supplier-Store/Profile/Ningbo-Wiselux-Lighting-Co-Ltd/1X0A0HOX,extracted,,Chinese Mainland,,"Environmental Protection , Lights",,,Qiting Wang,"Hehua Bridge Village, Yunlong Town, Yinzhou Area, Nigngbo, China",Chinese Mainland,,,,
"SD Intelligent Technology Co.,LTD",https://sourcing.hktdc.com/en/Supplier-Store/Profile/SD-Intelligent-Technology-Co-LTD/1S00OHO8O,extracted,,Chinese Mainland,,,,,Vivian Kong,"Room 601-604, Building 3, No. 3, Shangwei South Second Road,Kangxi Village, Hetang Town, Pengjiang District, Jiangmen City, Guangdong,China",Chinese Mainland,,,sales director,
"Shanghai Menorca Import Export Co., Ltd.",https://sourcing.hktdc.com/en/Supplier-Store/Profile/Shanghai-Menorca-Import-Export-Co-Ltd-/1S00OBIMO,extracted,,Chinese Mainland,,,,,Miss Shanshan Yang,,Chinese Mainland,,,,
"Shangyu U-Shiny Electric Co., Ltd.",https://sourcing.hktdc.com/en/Supplier-Store/Profile/Shangyu-U-shiny-Electric-Co-Ltd/1X0428UI,extracted,"Exporter, Manufacturer","Shaoxing, Zhejiang, Chinese Mainland",2009,"Environmental Protection , Lights","Australasia, Eastern Europe, Middle East, Western Europe",,Mr Jingda Dai,"No.,13,Heng Xiang Road, Wufu Industrial Estate of Shangyu, Zhejiang, China China.",Chinese Mainland,201 - 500,"US$ 5,000,000 - 9,999,999",General Manager,
"Shenzhen HuaYu Circuits Co., Ltd",https://sourcing.hktdc.com/en/Supplier-Store/Profile/Shenzhen-Huayu-Circuits-Co-Ltd/1X0ADK57,extracted,,Chinese Mainland,,"Parts, Components & Electrical Supplies , Parts, Components & Raw Materials",,,Chaoyan Shen,"Building 15 ,Street 5 , Minzhu Xin Cun, Shajing To Baoan District , Shenzhen",Chinese Mainland,,,,
"Shenzhen Lingbenyang Industry Co., Ltd.",https://sourcing.hktdc.com/en/Supplier-Store/Profile/Shenzhen-Lingbenyang-Industry-Co-Ltd-/1X05ELGT,extracted,Manufacturer,"Shenzhen, Guangdong, Chinese Mainland",2000,"Consumer Electronics , Environmental Protection , Lights , Parts, Components & Electrical Supplies , Parts, Components & Raw Materials","Africa, Australasia, Korea, Middle East, North America, Western Europe, Worldwide",,Ms - Chen,"Rm.WS , 9F, LuBan Building,  Hongli West Road,Futian District, Shenzhen City, Guangdong, 518053, China",Chinese Mainland,,,Manager,
Shenzhen Magic Lighting Co Ltd,https://sourcing.hktdc.com/en/Supplier-Store/Profile/SHENZHEN-MAGIC-LIGHTING-CO-LTD/1S00P04FN,extracted,,Chinese Mainland,,Lights,,,Ms Story Yang,,Chinese Mainland,,,,
"Shenzhen Mwrange Intelligent Co., Ltd",https://sourcing.hktdc.com/en/Supplier-Store/Profile/Shenzhen-Mwrange-Intelligent-Co-Ltd/1S00P66IC,extracted,,Chinese Mainland,,,,,Joy Jiang,"Room 201, No. 39, Lane 3, Caowei Community, Hangcheng St., Bao'an Dist., Shenzhen, Guangdong, China",Chinese Mainland,,,BD Manager,
"Times Lighting (Shenzhen) Co., Ltd",https://sourcing.hktdc.com/en/Supplier-Store/Profile/Times-Lighting-Shenzhen-Co-Ltd/1X0ADGN1,extracted,,Chinese Mainland,,"Environmental Protection , Lights",,,Demi Li,"Room1315, Wanjun Building, No.21, Baoxing Road BaoAn District, China",Chinese Mainland,,,Sles assistant,
"Topjet Optoelectronic Co., Ltd.",https://sourcing.hktdc.com/en/Supplier-Store/Profile/Topjet-Optoelectronic-Co-Ltd-/1X0AKJE1,extracted,,Taiwan,,Lights,,,Roy Bo,"4F., No. 21, Ln. 2, Xinzhong St., Songshan Dist., Taipei, Taiwan",Taiwan,,,,
"Xiamen Star Lighting Co., Ltd.",https://sourcing.hktdc.com/en/Supplier-Store/Profile/Xiamen-Star-Lighting-Co-Ltd/1S00O9C0O,extracted,Manufacturer,"Xiamen, Fujian, Chinese Mainland",2001,Lights,"Central & South America, Japan, Scandinavia, Southeast Asia, Taiwan, Western Europe",SEE,Ms YUMEI WANG,"NO.289,XIANGTIAN ROAD, XIANG'AN DISTRICT, Xiamen City, China",Chinese Mainland,1001 - 2000,"US$ 100,000,000 - 249,999,999",,
"Xiangxing Lighting Co., Ltd.",https://sourcing.hktdc.com/en/Supplier-Store/Profile/Xiang-Xing-Lighting-Co-Ltd/1X06TLRI,extracted,Manufacturer,"Foshan, Guangdong, Chinese Mainland",1992,"Environmental Protection , Lights","Eastern Europe, Western Europe",,Ms Cherry Yie,"Shunxing Road, Area B, Guicheng East Industrial District, Nanhai Area, Foshan City, Guangdong, 528251, China",Chinese Mainland,501 - 1000,,Managing Director Assistant,
"Xuyu Optoelectronics (Shenzhen) Co., Ltd.",https://sourcing.hktdc.com/en/Supplier-Store/Profile/Xuyu-Optoelectronics-Shenzhen-Co-Ltd-/1S00O9NWP,extracted,,Chinese Mainland,,"Parts, Components & Electrical Supplies , Parts, Components & Raw Materials",,,Wei Luo,"A1 Building, Sunshine Industrial Park Hezhou, Xixiang Ban'an District, Shenzhen City China",Chinese Mainland,,,,
ZUNPU LIGHTING,https://sourcing.hktdc.com/en/Supplier-Store/Profile/ZUNPU-LIGHTING/1S00PAXY9,extracted,,Chinese Mainland,,,,,Mr Yi Chen,,Chinese Mainland,,,,
"Zhejiang Future Lighting Co.,Ltd",https://sourcing.hktdc.com/en/Supplier-Store/Profile/Zhejiang-Future-Lighting-Co-Ltd/1S00PDLS3,extracted,,Chinese Mainland,,,,,Ms Du Ms Du,"No.99,Jinfeng Road Warp knitting Industrial Park H",Chinese Mainland,,,,
"Zhongshan Dison Lighting Co., Ltd.",https://sourcing.hktdc.com/en/Supplier-Store/Profile/ZHONGSHAN-DISON-LIGHTING-CO-LTD/1S00OJBSD,extracted,,Chinese Mainland,,,,,Miss Yuni Chen,,Chinese Mainland,,,,
"Zhongshan Jiuwei Intelligent Lighting Technology Co., LTD",https://sourcing.hktdc.com/en/Supplier-Store/Profile/Zhongshan-Jiuwei-Intelligent-Lighting-Technology-Co-LTD/1S00OD7NW,extracted,,Chinese Mainland,,"Home Appliances , Lights",,,Mr Michael Qiu,,Chinese Mainland,,,,
"Zhongshan Lide Lighting Appliance Co., Ltd",https://sourcing.hktdc.com/en/Supplier-Store/Profile/Zhongshan-Lide-Lighting-Appliance-Co-Ltd/1S00PEQMG,extracted,,Chinese Mainland,,,,,Ava Liang,"4th Floor, Building 1, No. 11, Kanglong 4th Road, Xinmao Industrial Zone, Henglan Town, Zhongshan City, Guangdong Province",Chinese Mainland,,,sales manager,
"Zhongshan Miya Lighting Co.,Ltd",https://sourcing.hktdc.com/en/Supplier-Store/Profile/ZHONGSHAN-MIYA-LIGHTING-CO-LTD/1S00OO4EQ,extracted,"Exporter, Manufacturer","Zhongshan, Guangdong, Chinese Mainland",,Lights,,,Miss Jane Xu,"3rd Floor, Building H No. 11 Lefeng Fourth Road, Maohui Industry",Chinese Mainland,,,,
"Zhongshan Phelp Lighting Co., Ltd",https://sourcing.hktdc.com/en/Supplier-Store/Profile/Zhongshan-Phelp-Lighting-Co-Ltd/1S00NV3X6,extracted,,Chinese Mainland,,,,,Miss Emma Cai,,Chinese Mainland,,,,
AOK Innovation Company Limited,https://sourcing.hktdc.com/en/Supplier-Store/Profile/AOK-Innovation-Company-Limited/1S00P05QP,extracted,,Hong Kong,,,,,Mr Renee Li,,Hong Kong,,,,
Adition (HK) Limited,https://sourcing.hktdc.com/en/Supplier-Store/Profile/Adition-HK-Limited/1S00OVF70,extracted,,Hong Kong,,,,,Duke Wu,"Room 1603, 16/F, Allways Centre, 468 Jaffe Road, Causeway Bay, Hong Kong",Hong Kong,,,,
Allied Good International Limited,https://sourcing.hktdc.com/en/Supplier-Store/Profile/Allied-Good-International-Limited/1S00O0MPB,extracted,"Exporter, Manufacturer, Wholesaler",Hong Kong,2017,"Health Care & Medical Supplies , Personal Care",Worldwide,Mr Du,Ms - Xu (Hui),"Rm 2211, 22/F., Wang Lai House, Wang Tau Hom Estate, Kln, HK",Hong Kong,51 - 100,"US$ 1,000,000 - 4,999,999",director,
Better-LED Lighting Limited,https://sourcing.hktdc.com/en/Supplier-Store/Profile/Better-LED-Lighting-Co-LTD/1X05WRYT,extracted,Manufacturer,Hong Kong,,"Environmental Protection , Festive Supplies , Gifts, Toys & Sports Supplies , Lights",,,Miss Sandy Tang,"7/F, Kin On Commercial Building, 49-51 Jervois Street, SHeung Wan,Hongkong",Hong Kong,201 - 500,,Sales,
Danhui Industry Ltd.,https://sourcing.hktdc.com/en/Supplier-Store/Profile/Danhui-Industry-Ltd-/1S00OBEGA,extracted,,Hong Kong,,Lights,,,Mr Shijie Li,,Hong Kong,,,,
"Eastfield Lighting (Hong Kong) Co., Limited",https://sourcing.hktdc.com/en/Supplier-Store/Profile/Eastfield-Lighting-Hongkong-Co-Ltd/1X07HK66,extracted,Exporter,Hong Kong,,"Automobile Electronics , Environmental Protection , Lights",,,Mr charles wen,"Room 1102-1103, Kowloon Building, NO 555 Nathan Road, Mongkok,Kowloon, Hong Kong",Hong Kong,,,,
Eion Lighting Technology Co. Limited,https://sourcing.hktdc.com/en/Supplier-Store/Profile/EION-LIGHTING-TECHNOLOGY-CO-LIMITED/1X0AWAKM,extracted,,Hong Kong,,"Environmental Protection , Lights",,,Teresa Ho,"Unit E, 16/F, Lynwood Crt, Blk 6, Ph 5, Kingswood Villas, 3 Tin Kwai Rd, Tin Shui Wai, Yuen Long, New Territories, Hong Kong",Hong Kong,,,Sales Director,
"Evan Lighting (Hong Kong) Co., Limited",https://sourcing.hktdc.com/en/Supplier-Store/Profile/EVAN-LIGHTING-HONG-KONG-CO-LIMITED/1S00P0OIU,extracted,,Hong Kong,,,,,Mr Ngai Ngai,,Hong Kong,,,,
Fly Dragon Lightings Ltd,https://sourcing.hktdc.com/en/Supplier-Store/Profile/Fly-Dragon-Lightings-Ltd/1S00OSQP7,extracted,,Hong Kong,,,,,Janice Tse,"Room 515. 5/F, Tower A, Regent Centre, 63 Wo Yi Hop Road, Kwai Chung, Hong Kong",Hong Kong,,,,
GM Group (HK) Limited,https://sourcing.hktdc.com/en/Supplier-Store/Profile/GM-Group-HK-Limited/1S00OB7L2,extracted,,Hong Kong,,,,,Ms Helen Chen,,Hong Kong,,,,
"Guangdong Nord Lighting Co., Limited",https://sourcing.hktdc.com/en/Supplier-Store/Profile/Guangdong-Nord-Lighting-Co-Limited/1S00OSSHT,extracted,,Hong Kong,,,,,Frey Wei,"Flat/Rm 517, New City Centre, 2 Lei Yue Mun Road, Kwun Tong, Hong Kong",Hong Kong,,,MANAGER,
"HK Top Bright Lighting Group Co., Limited",https://sourcing.hktdc.com/en/Supplier-Store/Profile/HK-TOP-BRIGHT-LIGHTING-GROUP-CO-LIMITED/1S00OJXGR,extracted,,Hong Kong,,,,,Mr JOYCE HU,,Hong Kong,,,,
HK Vandoo Limited,https://sourcing.hktdc.com/en/Supplier-Store/Profile/HK-VANDOO-LIMITED/1S00OP5CV,extracted,,Hong Kong,,,,,Mr Chuck Du,,Hong Kong,,,,
"Hairui Lighting Co., Limited",https://sourcing.hktdc.com/en/Supplier-Store/Profile/Hairui-Lighting-Co-Limited/1X0A0WQM,extracted,,Hong Kong,,"Environmental Protection , Health Care & Medical Supplies , Lights",,,Amy lee,"Rm 704, 7/F., Bright Way Tower, 33 Mong Kok Road, Mong Kok, Kowloon, Hong Kong",Hong Kong,,,,
Handing Company Limited,https://sourcing.hktdc.com/en/Supplier-Store/Profile/Handing-Co-Ltd/1X04P5RU,extracted,"Exporter, Manufacturer",Hong Kong,1991,"Consumer Electronics , Environmental Protection , Furniture & Parts , Home Appliances , Home Products, Lights & Constructions , Homeware & Lifestyle Essentials , Lights","Australasia, North America, Western Europe","ODM, OEM",Mr Hiu Ming Lam,"Flat A, 17/F, Capital Trade Centre, 62 Tsun Yip Street, Kwun Tong, Kowloon, Hong Kong",Hong Kong,501 - 1000,"US$ 10,000,000 - 49,999,999",Managing Director,
Hang Fung Lightings Limited,https://sourcing.hktdc.com/en/Supplier-Store/Profile/Hang-Fung-Lightings-Limited/1S00OSSUQ,extracted,,Hong Kong,,,,,Fiona Ng,"Unit 54, 9/F, Yau Lee Center, No.45 Hoi Yuen Road, Kwun Tong, Hong Kong",Hong Kong,,,,
"Homi Lighting Co., Limited",https://sourcing.hktdc.com/en/Supplier-Store/Profile/HOMI-LIGHTING-CO-LIMITED/1X08JP7Q,extracted,"Exporter, Importer, Manufacturer",Hong Kong,2007,"Environmental Protection , Lights",Worldwide,,Ms ZHANG NA,"Suite A1, 12/F Ritz Plaza, 122 Austin Road, TST,",Hong Kong,201 - 500,,Marketing Manager,
"HongKong Dichen Power Technology Co., Ltd.",https://sourcing.hktdc.com/en/Supplier-Store/Profile/HongKong-Dichen-Power-Technology-Co-Ltd-/1S00OJ74H,extracted,,Hong Kong,,"Lights , Parts, Electrical Electronic Supplies",,,Ms Lucy Hen,,Hong Kong,,,,
Kada Lighting Limited,https://sourcing.hktdc.com/en/Supplier-Store/Profile/Kada-Lighting-Limited/1X0F081B,extracted,,Hong Kong,,,,,Mr Peter Chen,Rm 1405D Lucky Centre 165-171 Wanchai Road Wanchai Hong Kong,Hong Kong,,,,
LEC Group Company Limited,https://sourcing.hktdc.com/en/Supplier-Store/Profile/LEC-GROUP-COMPANY-LIMITED/1S00OBQMG,extracted,,Hong Kong,,,,,Mr Bruce Chiu,,Hong Kong,,,,
"Lumens Technology Co., Limited",https://sourcing.hktdc.com/en/Supplier-Store/Profile/LUMEN-TECHNOLOGY-LIMITED/1X097AFR,extracted,,Hong Kong,,Lights,,,Tam Florence,"8/F, Wah Tai Ind Bldg, 11 San On St, Tuen Mun, Hong Kong",Hong Kong,,,,
Manley Lighting Group Limited,https://sourcing.hktdc.com/en/Supplier-Store/Profile/Manley-Lighting-Group-Limited/1S00OG2ES,extracted,,Hong Kong,,,,,Erica Li,"Unit 11B, 14/F, Cable TV Twr, 9 Hoi Shing Rd, Tsuen Wan, New Territories, Hong Kong",Hong Kong,,,,
"Ming Xing Industrial Group Co., Limited",https://sourcing.hktdc.com/en/Supplier-Store/Profile/Ming-Xing-Industrial-Group-Co-Limited/1S00PEZY7,extracted,,Hong Kong,,,,,Ming Liu,"Rm 1603, Tung Chun Comm Ctr, 438-444 Shanghai St, Kowloon City, Hongkong",Hong Kong,,,Sales Manager,
Mingshang International Group Limited,https://sourcing.hktdc.com/en/Supplier-Store/Profile/Mingshang-International-Group-Ltd-/1S00OQ1WB,extracted,,Hong Kong,,Lights,,,Mr Xiang Zhou,,Hong Kong,,,,
"Muko Acoustic Co., Limited",https://sourcing.hktdc.com/en/Supplier-Store/Profile/Muko-Acoustic-Co-Limited/1X0BAQS2,extracted,,Hong Kong,,,,,Bruce Zhang,"Unit B, 8/F, Charming Bldg, 72-74 Cheung Sha Wan Rd, Sham Shui Po, Kowloon, Hong Kong",Hong Kong,,,,
New Technology Consultant Holdings Limited,https://sourcing.hktdc.com/en/Supplier-Store/Profile/New-Technology-Consultant-Holdings-Limited/1X0AOH9C,extracted,"Distributor, Export Agent, Exporter",Hong Kong,2015,Lights,"Chinese Mainland, Hong Kong, North America",NTC,Mr Alan Lam,"Flat/Rm G1, 35/F, Legend Tower, 7 Shing Yip Street, Kwun Tong, Kowloon",Hong Kong,1 - 5,"US$ 250,000 - 499,999",Director,
Perfect Lighting Limited,https://sourcing.hktdc.com/en/Supplier-Store/Profile/Perfect-Lighting-Limited/1S00OVRBC,extracted,,Hong Kong,,,,,Rita Lai,"RM 907, 9/F Capitol Centre, 5-19 Jardine's Bazaar, Causeway Bay, Hong Kong",Hong Kong,,,,
QIKE (Hong Kong) Company Limited,https://sourcing.hktdc.com/en/Supplier-Store/Profile/QIKE-Hong-Kong-Company-Limited/1S00P4FV0,extracted,,Hong Kong,,,,,Yihua Sun,"Unit A3, 2/F, Kwai Shing Ind Bldg, 36-46 Tai Lin Pai Rd, Kwai Chung, New Territories, Hong Kong",Hong Kong,,,sales,
"Rayon Lighting Co., Limited",https://sourcing.hktdc.com/en/Supplier-Store/Profile/Rayon-Lighting-Co-Ltd-/1X06QZ5Y,extracted,"Exporter, Others",Hong Kong,,"Lights , Sports Supplies",,,Fanny Liu,"No.2 Unit 1008, Level10, Landmark Nort, Sheung Shui, Sheung Shui, Hong Kong",Hong Kong,,,Sales Manager,
Reco (Asia) Limited,https://sourcing.hktdc.com/en/Supplier-Store/Profile/RECO-ASIA-LIMITED/1X09RRN4,extracted,,Hong Kong,,"Environmental Protection , Lights",,,Francis Cheng,"Unit 7, 18/F, Remington Centre, 23 Hung To Road, Kwun Tong, Kl., Hong Kong",Hong Kong,,,Director,
Yuanfeng Industry (HK) Limited,https://sourcing.hktdc.com/en/Supplier-Store/Profile/Yuanfeng-Industry-HongKong-Ltd-/1S00ONMHZ,extracted,,Hong Kong,,Lights,,,Mr Shaohong Yuan,,Hong Kong,,,,
"Zhongshan Qiangjing Lighting Appliance Co., Limited",https://sourcing.hktdc.com/en/Supplier-Store/Profile/Zhongshan-Qiangjing-Lihgting-Appliance-Co-Limited/1S00OLP18,extracted,,Hong Kong,,,,,Jing Hu,"Unit 11, 5/F, Ming Sang Ind Bldg, 19-21 Hing Yip St, Kwun Tong, Kowloon, Hong Kong",Hong Kong,,,Director,
Zhongyuan Innovation (HK) Limited,https://sourcing.hktdc.com/en/Supplier-Store/Profile/Zhongyuan-Innovation-HK-Limited/1S00OQLH0,extracted,"Exporter, Manufacturer",Hong Kong,2023,"Consumer Electronics , Health Care & Medical Supplies , Homeware & Lifestyle Essentials , Lights , Telecommunication","Africa, Australasia, Central & South America, Eastern Europe, Japan, Korea, Middle East, North America, Other Asian Countries, Western Europe, Worldwide",GREENTEK,Mrs Melissa Teng,"Unit 4, 14/F, Telford House, 16 Wang Hoi Rd, Kowloon Bay, Kowloon, Hong Kong",Hong Kong,1 - 5,"US$ 1,000,000 - 4,999,999",Marketing Director,
"ALTECH Co., Ltd.",https://sourcing.hktdc.com/en/Supplier-Store/Profile/ALTECH-Co-Ltd-/1S00PD4GK,extracted,,"Korea, Republic Of",,,,,Mr Hwa shik Jang,,"Korea, Republic Of",,,,
"Allooking Lighting Tech Co., Ltd.",https://sourcing.hktdc.com/en/Supplier-Store/Profile/Allooking-Lighting-Tech-Co-Ltd/1X0AQSZP,extracted,,Chinese Mainland,,"Lights , Parts, Components & Electrical Supplies",,,Molisa Wang,"No 49, Keji Road West Torch Development Zone Zhongshan city Gugangdong province,China",Chinese Mainland,,,,
Asialink Comercio Internacional Eirele,https://sourcing.hktdc.com/en/Supplier-Store/Profile/Asialink-Comercio-Internacional-Eirele/1S00OU3JC,extracted,Manufacturer,Brazil,,,,,Mr Alessandro Vechi,"Av. Carlos Gomes 1998, Sala 901, Bairro Tres Figueiras, Porto Alegre, Brazil",Brazil,,,CEO,
BETTERLIGHTING NINGBO GmbH,https://sourcing.hktdc.com/en/Supplier-Store/Profile/BETTERLIGHTING-NINGBO-GmbH/1X0B3HVQ,extracted,,Germany,,"Consumer Electronics , Internet of Things , Lights",,,Kevin Fang,"Westerstede, Geschaftsanschrift:, Sternkamp 18, 26655 Westerstede, Germany",Germany,,,sales manager,
"CHANGZHOU GLD PHOTOVOLTAIC TECHNOLOGY CO.,LTD",https://sourcing.hktdc.com/en/Supplier-Store/Profile/CHANGZHOU-GLD-PHOTOVOLTAIC-TECHNOLOGY-CO-LTD/1S00PEDCN,extracted,,Chinese Mainland,,,,,Liang Zhuang,"Block third,block B,Building 3, Changzhou Science and Technology City, No.801 Changwu Middle Road,Wujin Hi-Tech Industria Development Zone",Chinese Mainland,,,,
CKN (Guangdong) Technology Co Ltd,https://sourcing.hktdc.com/en/Supplier-Store/Profile/CKN-GUANGDONG-TECHNOLOGY-CO-LTD/1S00PCKIY,extracted,,Chinese Mainland,,,,,Mr GAO ZHENGWEI,,Chinese Mainland,,,,
Celest International Limited,https://sourcing.hktdc.com/en/Supplier-Store/Profile/Celest-International-Limited/1S00P2RNC,extracted,,Taiwan,,,,,Danniel Lin,"4F., No. 488, Wenlin Rd., Shilin Dist., Taipei City 111042, Taiwan",Taiwan,,,General Manager,
"Dongguan City Tianhua Photoelectric Technology Co., Ltd.",https://sourcing.hktdc.com/en/Supplier-Store/Profile/DongGuan-City-TianHua-Photoelectric-Technology-Co-Ltd-/1X075GYQ,extracted,"Exporter, Manufacturer","Dongguan, Guangdong, Chinese Mainland",2009,Lights,"Australasia, Central & South America, Eastern Europe, Japan, Korea, Middle East, North America, Other Asian Countries, Western Europe, Worldwide",REDIGLE,Mr James Ding,"No.3 2nd Road, JinQianLing Industrial Zone, JiTiGang Village, HuangJiang Town, Dongguan City, GuangDong Province, China.",Chinese Mainland,51 - 100,,Sales Manager,
"Dongguan Ledestar Optoelectronics Technology Co., Ltd.",https://sourcing.hktdc.com/en/Supplier-Store/Profile/Ledestar-Optoelectronics-Technology-Co-Ltd/1S00OW5PS,extracted,,Chinese Mainland,,,,,Mr Tony Cheng,,Chinese Mainland,,,,
"Dongguan Verygood Co., Ltd.",https://sourcing.hktdc.com/en/Supplier-Store/Profile/Dongguan-Verygood-Co-Ltd/1S00OQQ9J,extracted,,Chinese Mainland,,,,,DONGMEI GUAN,"Room 301, Building 1, No.9, Luoma Fuguan Road, Qinxi Town, Dongguan City, Guangdong Province, China",Chinese Mainland,,,,
"Dongguan Yihao Lighting Co., Ltd",https://sourcing.hktdc.com/en/Supplier-Store/Profile/Dongguan-Yihao-Lighting-Co-Ltd/1S00PER7O,extracted,,Chinese Mainland,,,,,zong huang,"Room 1101, Building 1, No. 19 JinpengRoad, Fenggang Town, Dongguan City, GuangdongProvince. C",Chinese Mainland,,,,
"Foshan Dongding Metal Products Co., Ltd",https://sourcing.hktdc.com/en/Supplier-Store/Profile/Foshan-Dongding-Metal-Products-Co-Ltd/1S00PEO7R,extracted,,Chinese Mainland,,,,,Ms mr miyuan,,Chinese Mainland,,,,
"Foshan Youfan Electrical Co., Ltd.",https://sourcing.hktdc.com/en/Supplier-Store/Profile/Foshan-Youfan-Electrical-Co-Ltd-/1S00PEKAM,extracted,,Chinese Mainland,,,,,Miss Yurui Wang,,Chinese Mainland,,,,
"Fuzhou Hsn Light & Electric Co., Ltd.",https://sourcing.hktdc.com/en/Supplier-Store/Profile/Fuzhou-HSN-Light-and-Electric-Co-Ltd-/1X09Z7A5,extracted,,Chinese Mainland,,,,,Xiumin Cai,"33 Degui Road, 4-902 YanGO, Fuzhou, Fujian, China",Chinese Mainland,,,Director,
"Glitland Lighting Tech Ningbo Co.,Ltd",https://sourcing.hktdc.com/en/Supplier-Store/Profile/Glitland-Lighting-Tech-Ningbo-Co-Ltd/1S00P59TC,extracted,,Chinese Mainland,,,,,zhao xue liang,"Qiyang road,Jiangnan village, Gaoqiao Town, Haishu District, Ningbo, China",Chinese Mainland,,,,
"Guangdong Benhao Trading Co.,Ltd",https://sourcing.hktdc.com/en/Supplier-Store/Profile/Guangdong-Benhao-Trading-Co-Ltd/1S00PCBDM,extracted,,Chinese Mainland,,,,,Mr jiahao lu,,Chinese Mainland,,,,
"Guangdong Boda Props Co., Ltd.",https://sourcing.hktdc.com/en/Supplier-Store/Profile/Guangdong-Boda-Props-Co-Ltd-/1S00PCV05,extracted,,Chinese Mainland,,,,,Miss Ting Chen,,Chinese Mainland,,,,
"Guangdong Free Light Tech Co., Ltd.",https://sourcing.hktdc.com/en/Supplier-Store/Profile/Guangdong-Free-Light-Tech-Co-Ltd-/1S00PENS1,extracted,,Chinese Mainland,,,,,Gordon Wong,"No.3 Tongfa Road, Jianghai District, Jiangmen City, Guangdong Province, China",Chinese Mainland,,,,
"Guangdong GDKES Electric Technology Development CO.,LTD",https://sourcing.hktdc.com/en/Supplier-Store/Profile/Guangdong-GDKES-Electric-Technology-Development-Co-Ltd-/1S00OLVWH,extracted,,Chinese Mainland,,,,,Leon Li,511470 中國廣東省廣州市 南沙區大崗鎮潭州升平一街3號 嶺東村103號,Chinese Mainland,,,sales manager,
"Guangdong Seecann Lighting Technology Co., Ltd",https://sourcing.hktdc.com/en/Supplier-Store/Profile/Guangdong-Seecann-Lighting-Technology-Co-Ltd/1S00PEBI7,extracted,,Chinese Mainland,,,,,meili xu,henglan,Chinese Mainland,,,,
"Guangdong ThinkGis Lighting Technology CO,.Ltd",https://sourcing.hktdc.com/en/Supplier-Store/Profile/Guangdong-ThinkGis-Lighting-Technology-CO-Ltd/1S00OZP4Z,extracted,,Chinese Mainland,,Lights,,,Yunlian Lai,"Room 401, Building 1, No. 19, Guanglong Road, Dongguan City, Guangdong Province",Chinese Mainland,,,,
"Guangdong Tuolong Lighting Technology Co., Ltd.",https://sourcing.hktdc.com/en/Supplier-Store/Profile/Guangdong-Tuolong-Lighting-Technology-Co-Ltd-/1S00PC0UI,extracted,,Chinese Mainland,,,,,Zhi Wei Yang,529000 中國廣東省江門市 高新區高新東路27號 直衝工業園A區6棟,Chinese Mainland,,,Manager,
Guangdong Walden Lighting Limited,https://sourcing.hktdc.com/en/Supplier-Store/Profile/CUANGDONG-WALDEN-LIGHTING-LIMITED/1S00OI8BV,extracted,,Chinese Mainland,,,,,Mr Frank Fan,,Chinese Mainland,,,,
"Guangdong Yuchen Optoelectronic Technology Co., Ltd",https://sourcing.hktdc.com/en/Supplier-Store/Profile/Guangdong-Yuchen-Optoelectronic-Technology-Co-Ltd/1S00NXG2E,extracted,,Chinese Mainland,,Lights,,,Mr Kevin Jiang,,Chinese Mainland,,,,
"Guangzhou Tuorui Technology Co., Ltd.",https://sourcing.hktdc.com/en/Supplier-Store/Profile/Guangzhou-Tuorui-Technology-Co-Ltd/1S00ODGCK,extracted,,Chinese Mainland,,,,,Ms Qianqiu Chen,,Chinese Mainland,,,,
"Guangzhou Xike Lighting Co., Ltd.",https://sourcing.hktdc.com/en/Supplier-Store/Profile/Guangzhou-Xike-Lighting-Co-Ltd-/1S00OHTBA,extracted,,Chinese Mainland,,Lights,,,Lei Ran,,Chinese Mainland,,,,
HTPOWER Limited,https://sourcing.hktdc.com/en/Supplier-Store/Profile/HTPOWER-Limited/1S00P682M,extracted,,Chinese Mainland,,,,,Merry Zhou,"Room 309~310, No 27 Buidling, Dayun Software town, Longgang district, shenzhen",Chinese Mainland,,,sales director,
"Hangzhou XRZLux Co., Ltd",https://sourcing.hktdc.com/en/Supplier-Store/Profile/Hangzhou-XRZLux-Co-Ltd/1S00P66J9,extracted,"Exporter, Manufacturer","Hangzhou, Zhejiang, Chinese Mainland",2023,Lights,"Australasia, Central & South America, Eastern Europe, Hong Kong, Korea, Middle East, North America, Other Asian Countries, Scandinavia, Southeast Asia, Western Europe",XRZLux,Mr Barry Jin,"Room 503, Building 1#, No. 78, Geng Wen Road, Ningwei Street, Xiaoshan District, Hangzhou,Zhejiang Province, China",Chinese Mainland,51 - 100,"US$ 5,000,000 - 9,999,999",,
"Haoying Lighting Co., Ltd.",https://sourcing.hktdc.com/en/Supplier-Store/Profile/Foshan-Haoying-Lighting-Company-Limited/1X0AJMVB,extracted,,Chinese Mainland,,"Environmental Protection , Lights",,,Theresa Guo,"Jinsha Zhongfang Development Zones, Danzao Town, Nanhai District,Foshan,Guangdong, China",Chinese Mainland,,,,
Holux GmbH,https://sourcing.hktdc.com/en/Supplier-Store/Profile/Holux-GmbH/1S00OCY1Z,extracted,,Germany,,,,,Ms Jenny Dai,,Germany,,,,
"Hubei Jiaqixing Electric Technology Co., Ltd",https://sourcing.hktdc.com/en/Supplier-Store/Profile/Hubei-Jiaqixing-Electric-Technology-Co-Ltd/1S00P6IR9,extracted,,Chinese Mainland,,,,,chen junlan,"No. 89, Development Road 2, Anlu City, Xiaogan City, Hubei Province, Building A1, Hubei Jiaqi Xing Technology Industria China",Chinese Mainland,,,,
"HueRich Photo-Electronic Technology Co., Ltd",https://sourcing.hktdc.com/en/Supplier-Store/Profile/HueRich-Photo-Electronic-Technology-Co-Ltd/1S00P5L36,extracted,,Chinese Mainland,,,,,Alan Ho,"NO.728, Dalang section, Guanzhang Road, Dalang Town,Dongguan City, Guangdong Province , China",Chinese Mainland,,,manager,
"Huizhou Meisen Electronics Co., Ltd",https://sourcing.hktdc.com/en/Supplier-Store/Profile/Huizhou-Meisen-Electronics-Co-Ltd/1S00PENPA,extracted,,Chinese Mainland,,,,,Jun Xi,"6th Floor, Building 19, Yinong Science and Technol Demonstration Park, No. 3 Xinhua Avenue, Chenjiang Zhongkai High tech Zone, Huizhou City, China",Chinese Mainland,,,,
"Huizhou ShengChao Optoelectronics Co., Ltd.",https://sourcing.hktdc.com/en/Supplier-Store/Profile/Huizhou-ShengChao-Optoelectronics-Co-Ltd-/1S00PEXY9,extracted,,Chinese Mainland,,,,,zong li,"Building A, Fenghua Industrial Park, Huicheng District, Huizhou City, Guangdong, China",Chinese Mainland,,,,
Illuminating Engineering Society,https://sourcing.hktdc.com/en/Supplier-Store/Profile/Illuminating-Engineering-Society/1S00PF36F,extracted,,USA,,,,,Mrs Colleen Harper,,USA,,,,
"Imonster Marking Studio Co., Ltd.",https://sourcing.hktdc.com/en/Supplier-Store/Profile/IMONSTER-MARKING-STUDIO-CO-LTD-/1S00OHLPC,extracted,,Taiwan,,,,,Seven zhao,"7th Floor, No. 176 Lequn Second Road, Zhongshan District, Taipei City",Taiwan,,,manage,
"Jiangmen HTA LED LIGHTING ELECTRONICS Co, Ltd.",https://sourcing.hktdc.com/en/Supplier-Store/Profile/Jiangmen-HTA-LED-LIGHTING-ELECTRONICS-Co-Ltd-/1S00PDNDA,extracted,,Chinese Mainland,,,,,xiaojie huang,"9F Building 3, 319 Longxi Road,  jianghai District Jiangmen, Guangdong, China",Chinese Mainland,,,,
"Jiangmen MagicPower Electrical Appliances Co., Ltd.",https://sourcing.hktdc.com/en/Supplier-Store/Profile/JIANGMEN-MAGICPOWER-ELECTRICAL-APPLIANCES-CO-LTD-/1S00OFT21,extracted,,Chinese Mainland,,"Home Appliances , Lights",,,Mason Lu,529199 中國廣東省江門市 新會區會城福惠路5號,Chinese Mainland,,,,
"Jiangmen OGJG Lighting & Electronics Co., Ltd.",https://sourcing.hktdc.com/en/Supplier-Store/Profile/JIANGMEN-OGJG-LIGHTING-AND-ELECTRONIC-CO-LTD/1X06TLIR,extracted,"Exporter, Manufacturer","Jiangmen, Guangdong, Chinese Mainland",2006,"Design Services , Environmental Protection , Lights , Marketing & Public Relations , Professional Services","Australasia, Eastern Europe, Hong Kong, Japan, North America, Southeast Asia, Western Europe",OGJG LIGHTING,Miss Yvonne Tan,"Plant A, Sanya, Hetang Town, Jiangmen City, Guangdong Province., China",Chinese Mainland,51 - 100,"US$ 1,000,000 - 4,999,999",Sales Manager,
"Jiangmen Synno Lighting Co., Ltd.",https://sourcing.hktdc.com/en/Supplier-Store/Profile/Jiangmen-Synno-Lighting-Co-Ltd/1X0AFZGN,extracted,"Exporter, Manufacturer","Jiangmen, Guangdong, Chinese Mainland",,,,,Ms Linda Zhu,"Building 2, No. 1, Minghui Road, High-tech Zone, Jianghai, Jiangmen City, Guangdong, China China",Chinese Mainland,,,Manager,
Jiangmen Xin Meijia Technology Lighting Co.,https://sourcing.hktdc.com/en/Supplier-Store/Profile/Jiangmen-Xin-Meijia-Technology-Lighting-Co-/1X09GYNJ,extracted,,Chinese Mainland,,"Festive Supplies , Gifts, Toys & Sports Supplies , Lights",,,Guiping Zhou,"2 Floor C Building Vast Industrial Park, Jianghai Area, Jiangmen, Guangdong, China",Chinese Mainland,,,,
"Jinh Industrial Co., Ltd.",https://sourcing.hktdc.com/en/Supplier-Store/Profile/Jinh-Industrial-Co-Ltd/1S00OI693,extracted,,Taiwan,,,,,DAN WU,"10-3, No.11 Minquan West Road, Zhongshan District, Taipei City, Taiwan.",Taiwan,,,manage,
KGP Electronics GmbH,https://sourcing.hktdc.com/en/Supplier-Store/Profile/KGP-Electronics-GmbH/1S00PB9TC,extracted,,Germany,,,,,Mr Joel Gerlt,,Germany,,,,
"Lighting Line Co.,Ltd",https://sourcing.hktdc.com/en/Supplier-Store/Profile/Lighting-Line-Co-Ltd/1S00P57FK,extracted,,Chinese Mainland,,,,,Wenjie Cai,"South area factory building, 1/ floor of Building, Yongxing Industrial Area, Fuqing 1 Road, Henglan Town, Zhongshan, Guangdong, China",Chinese Mainland,,,,
"Lineflex Lighting Technology Co., Ltd.",https://sourcing.hktdc.com/en/Supplier-Store/Profile/Lineflex-Lighting-Technology-Co-Ltd-/1S00OU3W9,extracted,,Chinese Mainland,,Lights,,,ZHANG HAITAO,"Fl6th, BldA, Zhongzhi Rongchuang Industrial Park,  Jiabin Road, Huangjiang Town, Dongguan city, Guangdong  Province, China",Chinese Mainland,,,,
LiteTrace Brands,https://sourcing.hktdc.com/en/Supplier-Store/Profile/LiteTrace-Brands/1S00PBB2J,extracted,,USA,,,,,Ms Mary Livesey,,USA,,,,
"Luxgend Electronics Co., Ltd.",https://sourcing.hktdc.com/en/Supplier-Store/Profile/Luxgend-Electronics-Co-Ltd-/1S00OWQ24,extracted,,Chinese Mainland,,,,,Miss Somnus Chen,,Chinese Mainland,,,,
MESHLE GmbH,https://sourcing.hktdc.com/en/Supplier-Store/Profile/MESHLE-GmbH/1S00PECPL,extracted,,Germany,,,,,Mr Nikolay Patrikeev,,Germany,,,,
"Minqing Yufa Ceramics and Electronic Co., Ltd.",https://sourcing.hktdc.com/en/Supplier-Store/Profile/Minqing-Yufa-Ceramics-Electronic-Co-Ltd/1X0AKL63,extracted,"Exporter, Manufacturer","Fuzhou, Fujian, Chinese Mainland",,"Lights , Parts, Components & Electrical Supplies , Parts, Components & Raw Materials",,,Mr Jason Qian,"Dongqian Industrial Park, Chiyuan, Mingqing, Fuzhou City, Fujian Province, Mainland China.",Chinese Mainland,,,Manager,
"NINGBO ESCOO LIGHTING ELECTRIC APPLIANCE CO.,LTD.",https://sourcing.hktdc.com/en/Supplier-Store/Profile/NINGBO-ESCOO-LIGHTING-ELECTRIC-APPLIANCE-CO-LTD-/1S00PEBFG,extracted,,Chinese Mainland,,,,,ye cen,"NO.1018,Cidong Avenue,Binhai Economic Development  31500 Cixi city,Zhejiang,R.P.China",Chinese Mainland,,,,
"Nantong Zhongrun Lighting Electrical Co., Ltd.",https://sourcing.hktdc.com/en/Supplier-Store/Profile/Nantong-Zhongrun-Lighting-Electrical-Co-Ltd-/1X00DXFU,extracted,Manufacturer,"Nantong, Jiangsu, Chinese Mainland",,"Environmental Protection , Lights , Parts, Components & Electrical Supplies , Parts, Components & Raw Materials",,,Mr Jin Hua Shen,"Pingbei Ind. Area, Pingchao, Nantong Jiangsu",Chinese Mainland,,,General Manager,
"Ningbo Halolite Lighting Technology Co., Ltd",https://sourcing.hktdc.com/en/Supplier-Store/Profile/Ningbo-Halolite-Lighting-Technology-Co-Ltd/1X0992L9,extracted,"Exporter, Manufacturer","Ningbo, Zhejiang, Chinese Mainland",2014,"Automobile Electronics , Environmental Protection , Furniture & Parts , Health Care & Medical Supplies , Homeware & Lifestyle Essentials , Lights , Office Equipment",,,Ms Yolanda Yu,"4/F, Yingsheng Mansion, 456 Taian Middle Road, Yinzhou District, Ningbo City, Zhejiang Province, China",Chinese Mainland,,,President,
"Ningbo Meida Plastic Products Co., Ltd.",https://sourcing.hktdc.com/en/Supplier-Store/Profile/Ningbo-Meida-Plastic-Products-Co-Ltd-/1S00PEPYH,extracted,,Chinese Mainland,,,,,rita shen,"No. 18-8, Ruhu West Road, Simen Town",Chinese Mainland,,,,
"Ningbo Sr Lighting Technology Co., Ltd",https://sourcing.hktdc.com/en/Supplier-Store/Profile/Ningbo-SR-Lighting-Technology-CO-LTD/1X0AJTWP,extracted,,Chinese Mainland,,,,,ELLA YANG,"NO.401 Changyuan Road, Yuyao, Ningbo, China",Chinese Mainland,,,sales manager,
"Ningbo Sunpu LED Co., Ltd.",https://sourcing.hktdc.com/en/Supplier-Store/Profile/NINGBO-SUNPU-LED-CO-LTD/1S00OCLG3,extracted,,Chinese Mainland,,,,,Mr Bing Ye,,Chinese Mainland,,,,
"Ningbo Temo CO., LTD",https://sourcing.hktdc.com/en/Supplier-Store/Profile/Ningbo-Temo-CO-LTD/1S00PECEI,extracted,,Chinese Mainland,,,,,Xiling Zhou,"No.558, Taikang Middle Road, Yinzhou District",Chinese Mainland,,,,
"Ningbo Winner Imp & Exp Co., Ltd.",https://sourcing.hktdc.com/en/Supplier-Store/Profile/Ningbo-Winner-Imp-Exp-Co-Ltd/1X0A1M15,extracted,,Chinese Mainland,,Lights,,,Cunfei Wang,"NO.688,JINDA ROAD, XIAYING,YINZHOU,NINGBO",Chinese Mainland,,,,
"Ningbo Zhengning Lighting Technology Co., Ltd.",https://sourcing.hktdc.com/en/Supplier-Store/Profile/Ningbo-Zhengning-Lighting-Technology-Co-Ltd/1X08I5OX,extracted,"Exporter, Manufacturer","Ningbo, Zhejiang, Chinese Mainland",2004,,"Africa, Australasia, Central & South America, Eastern Europe, Middle East, North America, Southeast Asia, Western Europe",,Mr Mike Xu,"No.258, Rixian Road, Cidong Industrial Park, Cixi City, Zhejiang Province, China",Chinese Mainland,,,,
NoveTech Corporation Limited,https://sourcing.hktdc.com/en/Supplier-Store/Profile/NoveTech-Corporation-Limited/1S00P9F63,extracted,,Chinese Mainland,,,,,Ms Yechan Wu,,Chinese Mainland,,,,
"Runsen Electronic Technology (Jiangmen) Co., LTD",https://sourcing.hktdc.com/en/Supplier-Store/Profile/Runsen-Electronic-Technology-Jiangmen-Co-LTD/1S00P68X1,extracted,,Chinese Mainland,,,,,Haley Wong,"Building 19, Phase II, Yinzhou Bay Science, and Technology Innovation Industrial Park, Sanjiang Town, Xinhui District",Chinese Mainland,,,,
"SC Tech Co., Ltd.",https://sourcing.hktdc.com/en/Supplier-Store/Profile/SC-Tech-Co-Ltd-/1S00PB969,extracted,,Chinese Mainland,,,,,Miss huang yixing,,Chinese Mainland,,,,
"Sf International Co., Ltd",https://sourcing.hktdc.com/en/Supplier-Store/Profile/Sf-International-Co-Ltd/1S00P2HQD,extracted,,Taiwan,,,,,Miss liu barry,,Taiwan,,,,
"Shakespear Lighting Tech (Zhongshan)Co., Ltd.",https://sourcing.hktdc.com/en/Supplier-Store/Profile/Shakespear-Lighting-Tech-Zhongshan-Co-Ltd-/1S00P5YM8,extracted,,Chinese Mainland,,,,,Scott Shih,"No.19, Qingfeng Rd., henglan Town, Zhongshan City, Guangdong Prov., China",Chinese Mainland,,,General Manager,
"Shanghai ET Lighting Technology Co., Ltd.",https://sourcing.hktdc.com/en/Supplier-Store/Profile/Shanghai-ET-Lighting-Technology-Co-Ltd/1S00OIGI2,extracted,,Chinese Mainland,,Lights,,,Xiaomei Cai,"Room 385, Block F, Floor 3, Building 1, 1288 Hua Teng Road, HuaXin Town, QingPu District",Chinese Mainland,,,,
"Shenzhen 4U Light Co.,Ltd",https://sourcing.hktdc.com/en/Supplier-Store/Profile/Shenzhen-4U-Light-Co-Ltd/1S00PF08C,extracted,,Chinese Mainland,,,,,Jianwei Li,,Chinese Mainland,,,,
"Shenzhen EURGELUX Optoelectronics Technology Co.,ltd",https://sourcing.hktdc.com/en/Supplier-Store/Profile/Shenzhen-EURGELUX-Optoelectronics-Technology-Co-ltd/1S00PD9J6,extracted,,Chinese Mainland,,,,,Dr luo boshi,,Chinese Mainland,,,,
"Shenzhen Everbright Lighting Co., Ltd.",https://sourcing.hktdc.com/en/Supplier-Store/Profile/Shenzhen-Everbright-Lighting-Co-Ltd/1X0AJNAT,extracted,,Chinese Mainland,,,,,Yi Zhang,"Zhongtai IT high-tech Park, Dezheng Road, Shiyan Street, Bao'an District, Shenzhen, China",Chinese Mainland,,,,
"Shenzhen LEDSigns Technology Co., Ltd",https://sourcing.hktdc.com/en/Supplier-Store/Profile/Shenzhen-LEDSigns-Technology-Co-Ltd/1S00PECK0,extracted,,Chinese Mainland,,,,,Simon Gan,,Chinese Mainland,,,,
"shenzhen ledodm lighting Co., Ltd.",https://sourcing.hktdc.com/en/Supplier-Store/Profile/Shenzhen-Ledodm-Lighting-Co-Ltd/1S00OH9W3,extracted,,Chinese Mainland,,,,,Yaping Hou,"7F, Building 2, Seventh Industrial Zone, Yulv Community, Yutang Street, Guangming District, Shenzhen, Guandong, China",Chinese Mainland,,,,
"Shenzhen Meantop Optoelectronics Co., Ltd.",https://sourcing.hktdc.com/en/Supplier-Store/Profile/Shenzhen-Meantop-Optoelectronics-Co-Ltd/1X0AJU6C,extracted,,Chinese Mainland,,Lights,,,Yong Zhu,"Floor 3rd, Building B, Minying Road 3rd, Shilongzai, Shiyan Street, Bao'an District, Shenzhen, Guangdong, China",Chinese Mainland,,,Manager,
"Shenzhen Nerius Technology Co., Ltd.",https://sourcing.hktdc.com/en/Supplier-Store/Profile/Shenzhen-Nerius-Technology-Co-Ltd-/1S00O9KYM,extracted,,Chinese Mainland,,,,,Cherry Zhou,"1 Fucheng Lane, SifangPu Community, Pingdi Street, Longgang, Shenzhen, Guangdong, China",Chinese Mainland,,,Sales Manager,
Shenzhen Rayzeek Tech.LTD,https://sourcing.hktdc.com/en/Supplier-Store/Profile/Shenzhen-Rayzeek-Tech-LTD/1S00PEQ4Y,extracted,,Chinese Mainland,,,,,Grace Liang,"1201A, Tower B, Fencheng Zhigu Buliding, No.60, Tiezai. Road, Xixiang, Baoan, Shenzhen, Guangdong, China",Chinese Mainland,,,,
"Shenzhen Sail Electric Technology Co., Ltd.",https://sourcing.hktdc.com/en/Supplier-Store/Profile/Shenzhen-Sail-Electric-Technology-Co-Ltd-/1S00OZJAN,extracted,,Chinese Mainland,,"Parts, Electrical Electronic Supplies",,,Sandy Wei,"520, Building A, Sounthern International Plaza, No.3013, Yitian Road, Futian District, Shenzhen, Guangdong, China",Chinese Mainland,,,Sales Manager,
"Shenzhen Weichat Technology Co., Ltd.",https://sourcing.hktdc.com/en/Supplier-Store/Profile/Shenzhen-Weichat-Technology-Co-Ltd-/1S00OWHED,extracted,"Manufacturer, Wholesaler","Shenzhen, Guangdong, Chinese Mainland",2016,"Consumer Electronics , Environmental Protection , Parts, Components & Electrical Supplies , Parts, Components & Raw Materials","Australasia, Central & South America, Eastern Europe, Middle East, North America, Other Asian Countries, Southeast Asia, Western Europe, Worldwide",E-Weichat,Miss Lea Jiang,"Room 101, Building E, Xiashijia Second Industrial Zone MaTian Street, Guangming District Shenzhen City, Guangdong Province China",Chinese Mainland,101 - 200,"US$ 100,000 - 249,999",,
"Shenzhen Zhengyuan Technology Co., Ltd.",https://sourcing.hktdc.com/en/Supplier-Store/Profile/SHENZHEN-ZHENGYUAN-TECHNOLOGY-CO-LIMITED/1X098UG2,extracted,,Chinese Mainland,,"Environmental Protection , Lights",,,Ally -,"5th Floor, TianFuxing, Fukang, Industrial Zone, RenMin Rd, Fuming, Guanlan, LongHua New District, China",Chinese Mainland,,,Assistant,
"Standard-Tech Consulting Co., Ltd",https://sourcing.hktdc.com/en/Supplier-Store/Profile/Standard-Tech-Consulting-Co-Ltd/1X09EWWG,extracted,Service Company,"Guangzhou, Guangdong, Chinese Mainland",,,"Chinese Mainland, North America",,Ms Sophie Peng,"Standard-Tech Building, No. 6 Guanhong Road, Guangzhou Science City, Guangzhou 510663, China",Chinese Mainland,,,Marketing,
Steab S.r.l.,https://sourcing.hktdc.com/en/Supplier-Store/Profile/Steab-s-p-a-/1X0A6963,extracted,Manufacturer,Italy,1970,"Consumer Electronics , Parts, Components & Electrical Supplies , Parts, Components & Raw Materials","Chinese Mainland, Eastern Europe, Western Europe",,Mr Franco Ilari,"Via Marconi, 1/3, 50068 Rufina FI, Italy",Italy,26 - 50,,Commercial Manager,
Viso Systems Aps,https://sourcing.hktdc.com/en/Supplier-Store/Profile/Viso-Systems-Aps/1S00OGY8E,extracted,,Denmark,,,,,Christian Krause,"Vesterbrogade 12, 1., 1620 Copenhagen V,",Denmark,,,,
"WISOR TECHNOLOGY CO., LTD.",https://sourcing.hktdc.com/en/Supplier-Store/Profile/WISOR-TECHNOLOGY-CO-LTD-/1S00PE4A2,extracted,,Chinese Mainland,,,,,Weihong He,"6th Floor, Building B, No. 10, Huanping,Road, Gaoqiao Community, Longgang, Shenzhen, Guangdong",Chinese Mainland,,,,
Wada Lighting,https://sourcing.hktdc.com/en/Supplier-Store/Profile/WADA-LIGHTING/1S00OHLS3,extracted,,Taiwan,,,,,Chen Yutin,"No. 68, Songzhu Street, Niaosong District, Kaohsiung City, Taiwan",Taiwan,,,Chief sales,
"Xiamen Ast Lighting Technology Co., Ltd.",https://sourcing.hktdc.com/en/Supplier-Store/Profile/XIAMEN-AST-LIGHTING-TECHNOLOGY-CO-LTD/1S00O62VD,extracted,,Chinese Mainland,,Lights,,,Mr Tony Hu,,Chinese Mainland,,,,
"Xiamen GHGM Intelligent Technology Co., Ltd",https://sourcing.hktdc.com/en/Supplier-Store/Profile/Xiamen-GHGM-Intelligent-Technology-Co-Ltd/1X09UDDK,extracted,,Chinese Mainland,,"Consumer Electronics , Parts, Components & Electrical Supplies",,,Tyler Li,"No.21, Maluan Road, Xinglin, Jimei District, Xiamen, Fujian, China",Chinese Mainland,,,,
"Xiamen Neex Optical Electronic Technology Co., Ltd.",https://sourcing.hktdc.com/en/Supplier-Store/Profile/XIAMEN-NEEX-OPTICAL-TECHNOLOGY-CO-LTD/1X07KCGK,extracted,Manufacturer,"Xiamen, Fujian, Chinese Mainland",2003,"Automobile Electronics , Environmental Protection , Lights , Parts, Components & Electrical Supplies",,,Ms Connie Zhao,"Unit 8, 5th Floor, B Building, No.91 Xiangyu Road, Xiamen International Shipping Center, Huli District, Xiamen, Fujian, China",Chinese Mainland,,,Sales Manager,
YUYAO RONGDA LIGHTING FACTORY,https://sourcing.hktdc.com/en/Supplier-Store/Profile/YUYAO-RONGDA-LIGHTING-FACTORY/1S00PFBTA,extracted,,Chinese Mainland,,,,,ZHANG GAOLEI,"HUDONG VILLAGE22, LIANGNONG TOWN,YUYAO,ZHEJIANG",Chinese Mainland,,,manager,
"Yisen Lighting Co., Ltd.",https://sourcing.hktdc.com/en/Supplier-Store/Profile/Yisen-Lighting-Co-Ltd/1X0A7YDT,extracted,,Canada,,"Environmental Protection , Lights",,,Ada Tan,"801-6081 No.3 Road, Richmond BC V6Y 2B2, Canada",Canada,,,,
"ZHONGSHAN BARON LIGHTING CO.,LTD",https://sourcing.hktdc.com/en/Supplier-Store/Profile/ZHONGSHAN-BARON-LIGHTING-CO-LTD/1S00PE6IC,extracted,,Chinese Mainland,,,,,Memory Liu,"Building 2, Yongyi Fourth Road 7th, Yongxing Industrial Zone, Henglan Town, Zhongshan City,Guangdong Province, China",Chinese Mainland,,,,
"ZY Industrial Co., Ltd.",https://sourcing.hktdc.com/en/Supplier-Store/Profile/ZY-Industrial-Co-Ltd/1S00OHLT0,extracted,,Taiwan,,,,,HENG LEE,"Floor 9, No. 517, Section 3, Mingzhi Road, Mount Taishan Township, Taipei County",Taiwan,,,manage,
"zhaoxiong International Co., Ltd.",https://sourcing.hktdc.com/en/Supplier-Store/Profile/Zhaoxiong-International-Co-Ltd/1S00OHLOF,extracted,,Taiwan,,,,,Elaine Cai,"1st floor, No. 331, Dadun 7th Street, Tianxin District, Taichung City",Taiwan,,,manage,
"Zhejiang Bulo Electrical Co.,Ltd.",https://sourcing.hktdc.com/en/Supplier-Store/Profile/ZHEJIANG-BULO-ELECTRICAL-CO-LTD/1S00OUH1G,extracted,,Chinese Mainland,,,,,YAN CAI,"NO.190, BAIYU ROAD. BINHAI INDUSTRIAL ZONE, WENZHOU CITY CHINA",Chinese Mainland,,,sales,
Zhejiang Minlew CO LTD,https://sourcing.hktdc.com/en/Supplier-Store/Profile/Zhejiang-Minlew-CO-LTD/1S00PC7W5,extracted,,Chinese Mainland,,,,,Mr Jason XU,,Chinese Mainland,,,,
"Zhejiang Ouruijie Lighting Technology Co., Ltd.",https://sourcing.hktdc.com/en/Supplier-Store/Profile/Zhejiang-Ouruijie-Lighting-Technology-Co-Ltd-/1X0A66KY,extracted,,Chinese Mainland,,"Environmental Protection , Lights",,,WU ZHEN,"2F, BUILDING 3 STANDARDIZED WORKSHOP, NO.328 GUANGYUAN ROAD, HUZHOU, ZHEJIANG, CHINA",Chinese Mainland,,,SALES MANAGER,
"Zhongshan Belo Electronics Technology Co., Ltd",https://sourcing.hktdc.com/en/Supplier-Store/Profile/Zhongshan-Belo-Electronics-Technology-Co-Ltd/1S00PEUHR,extracted,,Chinese Mainland,,,,,Miss May Chueng,,Chinese Mainland,,,,
Zhongshan Bermellon Light Co Ltd,https://sourcing.hktdc.com/en/Supplier-Store/Profile/Zhongshan-Bermellon-Light-Co-Ltd/1S00PF2KA,extracted,,Chinese Mainland,,Lights,,,Summ Shao,"Henglan Town,Zhongshan,Guangdong, Zhongshan City, China",Chinese Mainland,,,,
"Zhongshan Bloomingfan Lighting Co, Ltd.",https://sourcing.hktdc.com/en/Supplier-Store/Profile/Zhongshan-Bloomingfan-Lighting-Co-Ltd-/1S00PD8SG,extracted,,Chinese Mainland,,,,,Ms Xiuying Chen,,Chinese Mainland,,,,
"Zhongshan City Sanli Lighting Co.,Limited",https://sourcing.hktdc.com/en/Supplier-Store/Profile/Sanli-Lighting-Co-Limited/1X0AKCHJ,extracted,,Chinese Mainland,,Lights,,,Dong Wang,"12# Dongming Road, Guer, Guzhen Town, Zhongshang City, Guangdong Province, China",Chinese Mainland,,,,
"Zhongshan Kauen Lighting And Technology Co., Ltd",https://sourcing.hktdc.com/en/Supplier-Store/Profile/ZHONGSHAN-KAUEN-LIGHTING-AND-TECHNOLOGY-CO-LTD/1S00P5RO9,extracted,,Chinese Mainland,,,,,ZHANG CHUN YAN,"No.7, 1/F building, Yongxing North Road, zhongshan city, Guangdong province, China",Chinese Mainland,,,,
"Zhongshan Oscare Lighting Appliance Co., Ltd.",https://sourcing.hktdc.com/en/Supplier-Store/Profile/Zhongshan-Oscare-Lighting-Appliance-Co-Ltd-/1S00ONX8F,extracted,,Chinese Mainland,,Lights,,,Vicky Hsiang,"No.3 Huaxing Road, Guzhen Town, Zhongshan City, Guangdong Province, China",Chinese Mainland,,,,
"Zhongshan Qianxuan Lighting Technology Co., Ltd.",https://sourcing.hktdc.com/en/Supplier-Store/Profile/SunnyXmas-Lighting-ZhongShang-Co-Ltd/1S00OCWXD,extracted,,Chinese Mainland,,,,,Ms shan Ou Yang,,Chinese Mainland,,,,
"Zhongshan Qilu Electric Appliance Co., Ltd.",https://sourcing.hktdc.com/en/Supplier-Store/Profile/ZHONGSHAN-QILU-ELECTRIC-APPLIANCE-CO-LTD/1S00ONJDE,extracted,,Chinese Mainland,,,,,Aimee Liu,"2F,3F,Building A,No.8, Industrial Avenue, Jidong Second Community, Xiaolan Town, Zhongshan C Zhongshan, China",Chinese Mainland,,,Oversea Department,
"Zhongshan Rongshuo Electric Co., Ltd",https://sourcing.hktdc.com/en/Supplier-Store/Profile/Zhongshan-Rongshuo-Electric-Co-Ltd/1S00PAKH1,extracted,,Chinese Mainland,,,,,Mr shi qiang zhao,,Chinese Mainland,,,,
Zhongshan Rottia Lighting Technology Co Ltd,https://sourcing.hktdc.com/en/Supplier-Store/Profile/Zhongshan-Rottia-Lighting-Tech-Co-Ltd-/1S00OLVP2,extracted,,Chinese Mainland,,Lights,,,Mr Guangzhi Li,,Chinese Mainland,,,,
"Sillen Photoelectronic Technology Co., Ltd.",https://sourcing.hktdc.com/en/Supplier-Store/Profile/Sillen-Photoelectronic-Technology-Co-Ltd-/1S00PEX8F,extracted,,Chinese Mainland,,,,,Yanjun Wu,"No 2-1, 3rd Floor, Building C, No.2, Fuqing 2nd Rd Henglan",Chinese Mainland,,,General Manager,
"Zhongshan Uni Tech Lighting Co., Ltd.",https://sourcing.hktdc.com/en/Supplier-Store/Profile/Zhongshan-Uni-Tech-Lighting-Co-Ltd/1X0AQY8Y,extracted,,Chinese Mainland,,"Environmental Protection , Lights",,,Shanxiu Angel,"3#  Kanglong Road, Xinmao Indu Zone, Henglan Town, Zhongshan, Guangdong, China",Chinese Mainland,,,,
Zhongshan Weihua Lighting Technology Co Ltd,https://sourcing.hktdc.com/en/Supplier-Store/Profile/Zhongshan-Weihua-Lighting-Technology-Co-Ltd-/1S00OH70T,extracted,,Chinese Mainland,,,,,Xiahua Zhu,"No. 13, Yongyi 2nd Road, Henglan Town, Zhongshan, Guangdong, China",Chinese Mainland,,,,
"Zhongshan Zhilai Lighting Co., Ltd",https://sourcing.hktdc.com/en/Supplier-Store/Profile/Zhongshan-Zhilai-Lighting-Co-Ltd/1S00PBSC8,extracted,,Chinese Mainland,,,,,Ms Angela Deng,,Chinese Mainland,,,,
"zhongshanLDK Lighting Technology Co.,Ltd",https://sourcing.hktdc.com/en/Supplier-Store/Profile/Zhongshan-LDK-Lighting-Technology-Co-Ltd/1S00PCU4U,extracted,,Chinese Mainland,,,,,tingting song,"10 Tongxing Road, Guzhen Town, Zhongshan City, Guangdong Provic,",Chinese Mainland,,,,
"Chaoyue Company., Limited",https://sourcing.hktdc.com/en/Supplier-Store/Profile/Chaoyue-Company-Limited/1X0AL936,extracted,,Hong Kong,,"Baby Care & Nursery , Baby Toys , Gifts, Toys & Sports Supplies , Lights",,,jimmy jimmy,"UNIT B RM 06,29/F LEGEND, TOWER 7SHING YIP ST KWUN TONG, KL",Hong Kong,,,,
"Fei Tian International Co., Limited",https://sourcing.hktdc.com/en/Supplier-Store/Profile/Fei-Tian-International-Co-Ltd-/1S00OC6A0,extracted,,Hong Kong,,Lights,,,Mr Shijie Ho,,Hong Kong,,,,
"Haibocheng Investment Co., Limited",https://sourcing.hktdc.com/en/Supplier-Store/Profile/Haibocheng-Investment-Co-Ltd-/1X0AO9TG,extracted,Exporter,Hong Kong,,"Consumer Electronics , Environmental Protection , Health Care & Medical Supplies , Lights , Telecommunication","North America, Scandinavia, Western Europe, Worldwide",BIOSIS HEALING,Mr Ho kevin,"Room1318-19, 13/F, Hollywood Plaza, 610 Nathan Road, Mongkok, Kowloon, Hong Kong",Hong Kong,,,sales Manager,
Haichang International Company,https://sourcing.hktdc.com/en/Supplier-Store/Profile/Haichang-International-Company-/1X0AONCR,extracted,Exporter,Hong Kong,,"Baby Toys , Consumer Electronics , Educational Toys , Gifts, Toys & Sports Supplies , Lights , Telecommunication",,,Mr Huiyuan Su,"Room 532B, 5/F, Star House, 3 Salisbury Road, Tsim Sha Tsui, Kowloon, Hong Kong",Hong Kong,,,Sales,
Shun Yuen Lighting Company Limited,https://sourcing.hktdc.com/en/Supplier-Store/Profile/Shun-Yuen-Trading-Sourcing-Company-Limited/1X0ABKEY,extracted,Exporter,Hong Kong,,"Consumer Electronics , Environmental Protection , Internet of Things , Lights",,,Mr Sam Wu,"Unit J, 11/F, Blk 3, Camelpaint Bldg, 60 Hoi Yuen Rd, Kwun Tong, Kowloon, Hong Kong",Hong Kong,,,Director,
"Sunsy Group Co., Limited",https://sourcing.hktdc.com/en/Supplier-Store/Profile/Sunsy-Group-Co-Limited/1X0F09HS,extracted,,Hong Kong,,,,,Mr Frank Lo,"Room 504 Hollywood Plaza 610 Nathan Road Mongkok, Kowloon, Hong Kong",Hong Kong,,,,
"Zhongshan Bingao Lighting Co., Limited",https://sourcing.hktdc.com/en/Supplier-Store/Profile/Zhongshan-Bingao-Lighting-Co-Limited/1S00OSQTV,extracted,,Hong Kong,,,,,Ge Ling-,"Flat/rm 1205, 12/F, Tai Sang Bank Building, 130-132 Des Voeux Road, Central., Hong Kong",Hong Kong,,,,
"Hanri lighting Co.,Ltd.",https://sourcing.hktdc.com/en/Supplier-Store/Profile/Hanri-lighting-Co-Ltd-/1S00P61VE,extracted,,Chinese Mainland,,Lights,,,Barton Lu,"Building 1.No. 1352, Yatai Road,Daqiao Town,Nanhu  Jiaxing , Zhejiang, China .Post code:314006",Chinese Mainland,,,Sales Director,
"Jiangmen Lvlin Lighting Co., Ltd",https://sourcing.hktdc.com/en/Supplier-Store/Profile/Jiangmen-Lvlin-Lighting-Co-Ltd/1S00P9A4E,extracted,,Chinese Mainland,,,,,Mr Xianfa Hu,,Chinese Mainland,,,,
"Jiangsu Changhe Electronics Co., Ltd.",https://sourcing.hktdc.com/en/Supplier-Store/Profile/Jiangsu-Changhe-Electronics-Co-Ltd-/1X0970T7,extracted,,Chinese Mainland,,"Consumer Electronics , Parts, Components & Electrical Supplies , Parts, Components & Raw Materials",,,Lily Ruan,"No.16, Hengsan Road, Industrial Concentration Area, Zhixi Town, Jintan, Jiangsu 213251, China",Chinese Mainland,,,Foreign Sales Assistance,
"Mindhand Lighting (Suzhou) Technology Co., Ltd.",https://sourcing.hktdc.com/en/Supplier-Store/Profile/Mindhand-Lighting-Suzhou-Technology-Co-Ltd/1S00O6T8J,extracted,,Chinese Mainland,,,,,Mr eric@mindhandlighting.com Eric Zheng,,Chinese Mainland,,,,
"Ningbo Thrive Lighting Electric Appliance Co., Ltd.",https://sourcing.hktdc.com/en/Supplier-Store/Profile/Ningbo-Thrive-Lighting-Electric-Appliance-Co-Ltd/1S00OJBFG,extracted,,Chinese Mainland,,"Environmental Protection , Lights",,,Pengfei Yang,,Chinese Mainland,,,,
"Shenzhen Qiseguang Lighting Co., Ltd",https://sourcing.hktdc.com/en/Supplier-Store/Profile/Shenzhen-Qiseguang-Lighting-Co-Ltd/1X0A0GK4,extracted,,Chinese Mainland,,,,,Ming Cen,"2nd-4th Floor, the 3rd, E District, Yuebao Industr Guangming New District, Shenzhen City, Guangdong Province, China",Chinese Mainland,,,Sales,
"WEILAI LIGHTING TECHNOLOGY (JIANGSU) CO.,LTD",https://sourcing.hktdc.com/en/Supplier-Store/Profile/WEILAI-LIGHTING-TECHNOLOGY-JIANGSU-CO-LTD/1S00PADWZ,extracted,,Chinese Mainland,,,,,Mr TIGER GU,,Chinese Mainland,,,,
"Yndlux Lighting Co.,Ltd",https://sourcing.hktdc.com/en/Supplier-Store/Profile/Yndlux-Lighting-Co-Ltd/1S00OKVST,extracted,Manufacturer,"Zhongshan, Guangdong, Chinese Mainland",2009,Lights,,,Mr Gary Hu,"No. 8, Yihui 3rd Road, Maohui Industrial Zone Henglan Town, Zhongshan City Guangdong, China",Chinese Mainland,,,,
Etas and Company,https://sourcing.hktdc.com/en/Supplier-Store/Profile/Etas-and-Company/1X002I0I,extracted,"Exporter, Manufacturer",Hong Kong,1988,"Arts & Crafts , Automobile & Transport , Automobile Electronics , Baby Toys , Bags, Handbags & Accessories , Beauty Supplies , Clothing/ Garments , Consumer Electronics , Educational Toys , Eyewear & Accessories , Fashion Accessories , Fashion, Eyewear & Accessories , Festive Supplies , Food & Beverage , Gifts / Souvenirs , Gifts, Toys & Sports Supplies , Health Care & Medical Supplies , Health, Beauty and Baby Care , Home Appliances , Home Products, Lights & Constructions , Homeware & Lifestyle Essentials , Internet of Things , Jewellery & Watch , Lights , Packaging Materials , Party Supplies , Personal Care , Plush & Stuffed Toys , Stationery , Telecommunication , Toy Vehicles , Watches & Clocks","Eastern Europe, Hong Kong, Japan, Middle East, North America, Western Europe",,Mr Edward Chan,"Unit I, 24/F, Block 4, Golden Dragon Industrial Centre, 182-190 Tai Lin Pai Road, Kwai Chung, New Territories, Hong Kong",Hong Kong,6 - 10,"US$ 500,000 - 999,999",General Manager,
Eternal Nice Holdings Limited,https://sourcing.hktdc.com/en/Supplier-Store/Profile/ETERNAL-NICE-HOLDINGS-LIMITED/1S00O8ZZ4,extracted,Distributor,Hong Kong,2017,Gifts / Souvenirs,"North America, Western Europe",,Mr G Lam,"Flat B, 18/F Ko On Mansion Taikooshing Hong Kong",Hong Kong,1 - 5,"US$ 50,000 - 99,999",Manager,
Fiber Vision Technologies Limited,https://sourcing.hktdc.com/en/Supplier-Store/Profile/Fiber-Vision-Technologies-Limited/1X0AHR7K,extracted,,Hong Kong,,Lights,,,Joseph Fong,"Unit D, 7/F, Kai Ctr, 36 Hung To Rd, Kwun Tong, Kowloon, Hong Kong",Hong Kong,,,Account Manager,
Garuda Trading HK Limited,https://sourcing.hktdc.com/en/Supplier-Store/Profile/Garuda-Trading-Co-Limited/1S00OG27D,extracted,,Hong Kong,,,,,Wendy Lau,"Unit D, 10/F, Glee Industrial Building, No. 77-81 Chai Wan Kok Street, Tsuen Wan, New Territories, Hong Kong",Hong Kong,,,,
"Hession Electronic Co., Limited",https://sourcing.hktdc.com/en/Supplier-Store/Profile/Hession-Electronic-Co-Limited/1S00OSQUS,extracted,,Hong Kong,,Lights,,,Hui Liu,"Rm 517, New City Centre, 2 Lei Yue Mun Road, Kwun Tong, Hong Kong",Hong Kong,,,sales,
"Hongkong Gaoneng Lighting Technology Co., Limited",https://sourcing.hktdc.com/en/Supplier-Store/Profile/HONGKONG-GAONENG-LIGHTING-TECHNOLOGY-CO-LIMITED/1S00OLJ7W,extracted,,Hong Kong,,,,,Mr JAMES TIAN,,Hong Kong,,,,
"Arising Technology Co., Ltd.",https://sourcing.hktdc.com/en/Supplier-Store/Profile/Arising-Technology-Co-Ltd/1S00OYI46,extracted,,Chinese Mainland,,"Homeware & Lifestyle Essentials , Lights",,,Lijuan Wang,"Rm401 building 23 CIMC, No 15 Shunye Western Road, Xingtan Town,Shunde District, China",Chinese Mainland,,,,
Dien Quang High Tech Company Limited,https://sourcing.hktdc.com/en/Supplier-Store/Profile/DIEN-QUANG-HIGH-TECH-COMPANY-LIMITED/1S00O9FT6,extracted,,Vietnam,,,,,Ms Anna Ta,,Vietnam,,,,
"Dongguan AIle Lighting co,.Ltd",https://sourcing.hktdc.com/en/Supplier-Store/Profile/Dongguan-AIle-Lighting-co-Ltd/1S00OCWP1,extracted,,Chinese Mainland,,Lights,,,Mr JUN XIAO,,Chinese Mainland,,,,
"Dongguan Wei Sheng Optronics Co., Ltd.",https://sourcing.hktdc.com/en/Supplier-Store/Profile/Dongguan-Wei-Sheng-Optronics-Co-Ltd/1S00O9W11,extracted,,Chinese Mainland,,,,,Kevin Zhang,"401, No. 4, Hongniu Road, Jiucun Village, Huangjiang Town, Dongguan City, Guangdong, China",Chinese Mainland,,,Sales Manager,
"GRIN Industrial Co., Ltd.",https://sourcing.hktdc.com/en/Supplier-Store/Profile/GRIN-Industrial-Co-Ltd-/1S00OD5PS,extracted,,Chinese Mainland,,Lights,,,Ms Claire Chin,,Chinese Mainland,,,,
"Guangdong Jusheng Lighting Co.,Ltd",https://sourcing.hktdc.com/en/Supplier-Store/Profile/Zhongshan-Henglan-Bolang-Lighting-Co-Ltd/1X0AQCLF,extracted,,Chinese Mainland,,Lights,,,Sir Zheng,"Unit1, 1st Floor, #36, Yihui 1st Road, Maohui Indu Henglan Town, Zhongshan City, Guangdong, China",Chinese Mainland,,,Sales manager,
"Guangdong Meishan Electrical Co., Ltd.",https://sourcing.hktdc.com/en/Supplier-Store/Profile/Guangdong-Meishan-Electrical-Co-Ltd-/1S00P6KZJ,extracted,Exporter,"Zhongshan, Guangdong, Chinese Mainland",,,,,Mr Ken Xing,"No10, TaiXing North Road, TaiFeng Industrial Park, XiaoLan Town, Zhongshan, Guangdong, China",Chinese Mainland,,,,
Hangzhou Sofi Lighting Co Ltd,https://sourcing.hktdc.com/en/Supplier-Store/Profile/hangzhou-sofi-lighting-co-ltd/1S00OFI7X,extracted,"Exporter, Manufacturer","Hangzhou, Zhejiang, Chinese Mainland",,Lights,,,Mr perry xie,"Room 903, 9th Floor, Building 2 No. 8 Guojiadou Road, Wuchang Street Yuhang District, Hangzhou City Zhejiang Province, China",Chinese Mainland,,,,
"Hubei Jinlv New Energy Battery Technology Co., Ltd",https://sourcing.hktdc.com/en/Supplier-Store/Profile/Hubei-Jinlv-New-Energy-Battery-Technology-Co-Ltd/1S00P9A68,extracted,Manufacturer,"Jingzhou, Hubei, Chinese Mainland",2020,Lights,"Central & South America, Chinese Mainland, Southeast Asia",,Ms Wei Peng,"58 Wei Wu Road ,PO Box 434000 Jingzhou City , Hubei, China",Chinese Mainland,11 - 15,"US$ 50,000 - 99,999",Sales Director,
Jiangmen City Hongwanjia Lighting Co Ltd,https://sourcing.hktdc.com/en/Supplier-Store/Profile/JIANGMEN-CITY-HONGWANJIA-LIGHTING-CO-LTD/1X0A5NIL,extracted,,Chinese Mainland,,,,,Guang Ling Tang,"Building 11, No.33 Gaoxin Dong Rd., Jianghai Area, Jiangmen City, Guangdong, China",Chinese Mainland,,,Manager,
"Jiaxing Pinge Import and Export Co., Ltd.",https://sourcing.hktdc.com/en/Supplier-Store/Profile/Jiaxing-Pinge-Import-and-Export-Co-Ltd-/1S00PB02U,extracted,,Chinese Mainland,,,,,Peng Ju Xiao,"4th Floor, Building 1, Ltd., East Side of Meijia Road, Wangdian Town, Xiuzhou District, Jiaxing City, Zhejiang Province, China",Chinese Mainland,,,,
"Mingcai Intelligent Lighting Technology Co.,Ltd.",https://sourcing.hktdc.com/en/Supplier-Store/Profile/Mingcai-Intelligent-Lighting-Technology-Co-ltd-/1S00OTMIW,extracted,,Chinese Mainland,,,,,Chen Wanying,"No.13 Xinmao Industrial Road, Xinmao Industrial Area, Hen",Chinese Mainland,,,,
"Ningbo Bestlite Technology Co., Ltd.",https://sourcing.hktdc.com/en/Supplier-Store/Profile/NINGBO-BESTLITE-TECHNOLOGY-CO-LTD-/1X0AYS8G,extracted,,Chinese Mainland,,"Environmental Protection , Lights",,,AN ANDY,"Unit 27d, Intl.Conv. & Exhi. Center, 168 Baizhang Road, Ningbo, Zhejiang, China",Chinese Mainland,,,,
Red TW Company Limited,https://sourcing.hktdc.com/en/Supplier-Store/Profile/Red-TW-Company-Limited/1X0A6972,extracted,,United Kingdom,,"Baby Care & Nursery , Clothing/ Garments , Homeware & Lifestyle Essentials , Lights , Toy Vehicles",,,Nicoly Liu,"Chase Business Centre 39/41, Chase Side Shouthgate, London N145BP, U.K.",United Kingdom,,,,
"Shenzhen Goldsuno Optoelectronics Technology Co., Ltd",https://sourcing.hktdc.com/en/Supplier-Store/Profile/Shenzhen-Goldsuno-Optoelectronics-Technology-Co-Ltd/1S00P2S3Z,extracted,,Chinese Mainland,,,,,Christina LiuChristina,"Building B, Nuofeng Technology Zone, Dashuitian, Guanlan Town, Longhua District, Shenzhen, China",Chinese Mainland,,,,
"Shenzhen Shiguangxiu Technology Co., Ltd.",https://sourcing.hktdc.com/en/Supplier-Store/Profile/Shenzhen-Shiguangxiu-Technology-Co-Ltd-/1S00OB8CS,extracted,,Chinese Mainland,,Lights,,,Ms guiqing tang,,Chinese Mainland,,,,
"Wuxi Chang Ou Photoelectric Technology Co., Ltd",https://sourcing.hktdc.com/en/Supplier-Store/Profile/Wuxi-Chang-Ou-Photoelectric-Technology-Co-Ltd/1X08ZWTJ,extracted,Manufacturer,"Wuxi, Jiangsu, Chinese Mainland",,"Environmental Protection , Gifts / Souvenirs , Lights",,,Mr given jin,"(4-2) 11-2, 4th Branch Of Jinshan Road, Photoelectric New Ma, China",Chinese Mainland,,,-,
Yuyao Yunjin Electrical Appliance Co Ltd,https://sourcing.hktdc.com/en/Supplier-Store/Profile/Yuyao-Yunjin-Electrical-Appliance-Co-Ltd/1X0AQYBV,extracted,,Chinese Mainland,,Lights,,,Huanqin Luo,"No.21 Zhongxin Road ,Lianshuxia Village,Simen Town Yuyao ,Ningbo,China 315470",Chinese Mainland,,,manager,
"Zhejiang Lead Top Electrical Co., Ltd",https://sourcing.hktdc.com/en/Supplier-Store/Profile/ZHEJIANG-LEAD-TOP-ELECTRICAL-CO-LTD/1S00OBN27,extracted,,Chinese Mainland,,Lights,,,Mr Vincent Gao,,Chinese Mainland,,,,
"Zhejiang Simplicity Artware Co., Ltd",https://sourcing.hktdc.com/en/Supplier-Store/Profile/Zhejiang-Simplicity-Artware-Co-Ltd/1S00P1PE5,extracted,,Chinese Mainland,,,,,Wenfeng Mo,"Building 8, TileMax, Pukou, Xiaoshun, Jinhua, Zhejiang, China",Chinese Mainland,,,,
"Zhongshan Tuer Precision Manufacturing Co., Ltd.",https://sourcing.hktdc.com/en/Supplier-Store/Profile/ZHONGSHAN-TUER-PRECISION-MANUFACTURING-CO-LTD/1S00O66OU,extracted,,Chinese Mainland,,,,,Mr Garbo Huang,,Chinese Mainland,,,,
"Hong Kong Moya Lighting Co., Limited",https://sourcing.hktdc.com/en/Supplier-Store/Profile/HONG-KONG-MOYA-LIGHTING-CO-LIMITED/1S00O3XM9,extracted,"Exporter, Manufacturer, Wholesaler",Hong Kong,2008,Lights,"Africa, Australasia, Central & South America, Chinese Mainland, Eastern Europe, Hong Kong, Japan, Korea, Middle East, North America, Other Asian Countries, Scandinavia, Southeast Asia, Taiwan, Western Europe, Worldwide",MOYA,Miss QiQi Liao,"GuZhen, 7th Floor, No. 2, Nanfeng 2nd Street ZhongShan GunagDong China",Hong Kong,51 - 100,"US$ 500,000 - 999,999",GENERAL MANAGER,
IDP Power Technology Limited,https://sourcing.hktdc.com/en/Supplier-Store/Profile/IDP-Power-Technology-Ltd/1X07T6NV,extracted,"Distributor, Exporter, Manufacturer, Wholesaler",Hong Kong,,"Environmental Protection , Lights","Australasia, Central & South America, Chinese Mainland, Eastern Europe, Hong Kong, Southeast Asia, Western Europe, Worldwide","IDP, Litesyn",Mr HM Chau,"UNIT B , Room 11, 5/F CHIU TAT FACTORY BUILDING 108 -110 KING FUK ST San Po Kong, Kowloon, Hong Kong",Hong Kong,1 - 5,,Project Manager,
Charming Home Decor Corp.,https://sourcing.hktdc.com/en/Supplier-Store/Profile/Charming-Home-Decor-Corp/1X00FVSN,extracted,"Exporter, Manufacturer","Taipei City, Taiwan",1982,"Environmental Protection , Lights","Australasia, Central & South America, Japan, Middle East, North America, Other Asian Countries, Scandinavia, Western Europe",mobo,Ms Edith Wu,"13F, No. 99, Sec. 1, Hsin Tai Wu Road, Sijhih, New Taipei City, Taipei",Taiwan,16 - 25,"US$ 1,000,000 - 4,999,999",Sales Manager,
D.S. Lighting Company,https://sourcing.hktdc.com/en/Supplier-Store/Profile/D-S-LIGHTING-CO/1X08SB9U,extracted,"Exporter, Manufacturer","Foshan, Guangdong, Chinese Mainland",2013,"Environmental Protection , Lights","Australasia, Scandinavia, Western Europe, Worldwide",D.S.Lighting,Ms Ally -,"No.31 Quanhe Rd, Heshun, Nanhai, Foshan City, Guangdong Province, China",Chinese Mainland,201 - 500,"US$ 10,000,000 - 49,999,999",Manager,
"Fuzhou Yuming Science & Technology Co., Ltd",https://sourcing.hktdc.com/en/Supplier-Store/Profile/Fuzhou-Yuming-Science-Technology-Co-Ltd/1X07L2S2,extracted,"Exporter, Manufacturer","Dongguan, Guangdong, Chinese Mainland",2009,"Environmental Protection , Lights , Parts, Components & Electrical Supplies","Australasia, Central & South America, Chinese Mainland, Eastern Europe, Hong Kong, Korea, North America, Scandinavia, Southeast Asia, Western Europe",YM-TECH,Ms Tina Fu,"Room 29, 19/F, 10#Building, Taihe SOHO, NO.23, Hengyu Road, Yuefeng Town, Jin'an District, Fuzhou City, Fujian Province, China.",Chinese Mainland,101 - 200,"US$ 5,000,000 - 9,999,999",Sales Manager,
"Guangdong Yeephenda Co., Limited",https://sourcing.hktdc.com/en/Supplier-Store/Profile/Guangdong-Yeephenda-Co-Limited/1S00ODH0J,extracted,Manufacturer,"Dongguan, Guangdong, Chinese Mainland",2020,Lights,"Eastern Europe, Japan, Korea, North America, Scandinavia, Western Europe",Yeephenda,Mr Dickens Ding,"Building 12,Hongmei Section 11 Wangsha Road,Hongmei Town, Dongguan city,Guangdong Province China",Chinese Mainland,201 - 500,"US$ 10,000,000 - 49,999,999",SM,
Guangzhou Koe Lighting Ltd,https://sourcing.hktdc.com/en/Supplier-Store/Profile/Guangzhou-Koe-Lighting-Ltd/1X00KPEJ,extracted,"Exporter, Manufacturer","Guangzhou, Guangdong, Chinese Mainland",2001,"Environmental Protection , Lights","Australasia, Central & South America, Eastern Europe, Middle East, North America, Scandinavia, Western Europe, Worldwide",,Mr Kevin Chen,"No.25, Hejing Road, Dongsha Liwan District, Guangzhou City, Guangdong Province, China",Chinese Mainland,201 - 500,"US$ 10,000,000 - 49,999,999",Export Manager,
"Haining Esl Electrical Lighting Appliance Co., Ltd.",https://sourcing.hktdc.com/en/Supplier-Store/Profile/Haining-Esl-Electrical-Lighting-Appliance-Co-Ltd/1X08I9RI,extracted,"Exporter, Manufacturer","Jiaxing, Zhejiang, Chinese Mainland",2013,"Building Materials & Supplies , Consumer Electronics , Environmental Protection , Furniture & Parts , Lights , Office Equipment","Eastern Europe, Middle East, Scandinavia, Southeast Asia, Western Europe",ZJESL,Miss Summer Shi,"Floor 5, Building 1, No.3 Haiyuan Road, Hai Chang Street, Haining Economic Development Zone, Haining Jiaxing City, Zhejiang Province, China.",Chinese Mainland,51 - 100,,General Manager,
Lux Electrical & Lighting Co Ltd,https://sourcing.hktdc.com/en/Supplier-Store/Profile/LUX-ELECTRICAL-LIGHTING-CO-LTD/1X077K1B,extracted,Manufacturer,"Guangzhou, Guangdong, Chinese Mainland",2002,"Environmental Protection , Lights","Central & South America, Eastern Europe, Japan, Korea, North America",LITRON,Ms Chloe Zhang,"Baigang Industrial Zone, Heshun, Lishui Town, Nanhai District, Foshan City, Guangdong, China",Chinese Mainland,201 - 500,"US$ 10,000,000 - 49,999,999",Sales,
"Ningbo Far East Lighting Co., Ltd.",https://sourcing.hktdc.com/en/Supplier-Store/Profile/Ningbo-Far-East-Lighting-Co-Ltd/1X00JUB7,extracted,"Exporter, Manufacturer","Ningbo, Zhejiang, Chinese Mainland",1999,"Environmental Protection , Lights","Africa, Eastern Europe, Hong Kong, Korea, Middle East, North America, Southeast Asia, Taiwan, Western Europe",,Ms Judy Huang,"Sanbei Town, Cixi City, Ningbo, Zhejiang, China",Chinese Mainland,501 - 1000,"US$ 100,000,000 - 249,999,999",Manager,
"Ningbo Violet Lighting Electric Co., Ltd.",https://sourcing.hktdc.com/en/Supplier-Store/Profile/Ningbo-Violet-Lighting-Electric-Co-Ltd/1X00JTAB,extracted,"Exporter, Manufacturer","Ningbo, Zhejiang, Chinese Mainland",2005,Lights,"Eastern Europe, North America, Scandinavia, Western Europe",,Miss -Danica Hu,"Binhai Zone, No.885 Jinhai Road, Cidong, Cixi City, Ningbo, Cixi, Ningbo, Zhejiang, China",Chinese Mainland,,"US$ 5,000,000 - 9,999,999",Sales Manager,
"Zhejiang Superled Optoelectronic Co., Ltd.",https://sourcing.hktdc.com/en/Supplier-Store/Profile/Zhejiang-SuperLed-Optoelectronic-Co-Ltd-/1X06E27N,extracted,"Exporter, Manufacturer","Ningbo, Zhejiang, Chinese Mainland",2014,"Environmental Protection , Lights","Africa, Australasia, Central & South America, Chinese Mainland, Eastern Europe, Hong Kong, Japan, Korea, Middle East, North America, Other Asian Countries, Scandinavia, Southeast Asia, Taiwan, Western Europe, Worldwide",SuperLED,Ms Iris Chen,"Rm 1801, TaiKang Building, 467 Taikang Middle Rd, Yenzhou, Ningbo City, Zhejiang Province, China.",Chinese Mainland,51 - 100,"US$ 5,000,000 - 9,999,999",Sales Manager,
General Lighting Innovation Limited,https://sourcing.hktdc.com/en/Supplier-Store/Profile/General-Lighting-Innovation-Limited/1X0B3HTS,extracted,Manufacturer,Hong Kong,,Lights,,,Ms Lillian Zhang,"D1906, 22/F., Tower 5, The Gateway, 15 Canton Road, Tsui Sha Tsui, Kowloon, Hong Kong",Hong Kong,,,Promotion Manager,
JYH (HK) Industries Limited,https://sourcing.hktdc.com/en/Supplier-Store/Profile/JYH-HK-Industries-Limited/1X09Y2HD,extracted,Manufacturer,Hong Kong,1999,"Consumer Electronics , Parts, Components & Electrical Supplies","Central & South America, Eastern Europe, Hong Kong, Japan, Korea, North America, Taiwan, Western Europe",JYH,Mr James Chu,"Unit 1610, Yuen Long Trading Centre, 33 Wang Yip Street West, Yuen Long, N.T., Hong Kong",Hong Kong,501 - 1000,"US$ 10,000,000 - 49,999,999",Vice General Manager,
Palicom Limited,https://sourcing.hktdc.com/en/Supplier-Store/Profile/Palicom-Ltd/1X00JI8A,extracted,Manufacturer,Hong Kong,1993,"Environmental Protection , Lights , Parts, Components & Electrical Supplies , Parts, Components & Raw Materials","Central & South America, Eastern Europe, Western Europe",,Mr Terry Cheng,"Unit 713, 7/F, Hong Leong Industrial Complex, 4 Wang Kwong Road, Kowloon Bay, Kowloon, Hong Kong",Hong Kong,51 - 100,,Marketing Executive,
"DongGuan Bri-Asia Industrial CO.,LTD",https://sourcing.hktdc.com/en/Supplier-Store/Profile/DongGuan-Bri-Asia-Industrial-Co-LTD/1S00PEP9K,extracted,Manufacturer,"Dongguan, Guangdong, Chinese Mainland",2006,Lights,"Central & South America, Eastern Europe, Middle East, Scandinavia, Southeast Asia",,Miss Linda Chen,"Room 116,Building 5th,LuWu Village, Changping Town Guangdong Province, China",Chinese Mainland,16 - 25,"US$ 1,000,000 - 4,999,999",Manager,
"Foshan KL Lighting & Electronics Co., Ltd.",https://sourcing.hktdc.com/en/Supplier-Store/Profile/Foshan-KL-Lighting-Electronics-Co-Ltd/1S00ONGS8,extracted,Manufacturer,"Foshan, Guangdong, Chinese Mainland",2010,Lights,"Chinese Mainland, Middle East, North America, Southeast Asia, Western Europe",KiLi LED,Miss Ellen Zhou,"1-4, Comprehensive Building, Sanjia development Zone Xilian, Jinsha Danzao Town, Nanhai",Chinese Mainland,101 - 200,"US$ 5,000,000 - 9,999,999",Manager,
Guangdong Futina Electrical Co Ltd,https://sourcing.hktdc.com/en/Supplier-Store/Profile/Guangdong-Futina-Electrical-Co-Ltd/1X07GQ2S,extracted,"Exporter, Manufacturer","Foshan, Guangdong, Chinese Mainland",1998,"Lights , Parts, Components & Electrical Supplies , Parts, Components & Raw Materials","Eastern Europe, Middle East, Other Asian Countries",Futina,"Ms Daidi, Fiona Wu","C06-1 Jiyue Ind'l Zone, Leliu Port, Leliu Town, Shunde District, Foshan City, Guangdong, China",Chinese Mainland,1001 - 2000,"US$ 5,000,000 - 9,999,999",SALES,
"Guangzhou Zhenyue Electronic Technology Co., Ltd.",https://sourcing.hktdc.com/en/Supplier-Store/Profile/Guangzhou-Zhenyue-Electronic-Technology-Co-Ltd-/1S00PDJUZ,extracted,Manufacturer,"Guangzhou, Guangdong, Chinese Mainland",2022,"Lights , Parts, Components & Electrical Supplies , Parts, Components & Raw Materials","Africa, Korea, Middle East, Southeast Asia, Western Europe",,Mr kevin zhen,"Building A1, No. 10, Lixin 12th Road, Xintang Town, Zengchen",Chinese Mainland,26 - 50,,,
"Haotian Electronic Co., Ltd.",https://sourcing.hktdc.com/en/Supplier-Store/Profile/Haotian-Electronic-Co-Ltd/1X07JE1T,extracted,Manufacturer,"Zhongshan, Guangdong, Chinese Mainland",2005,"Environmental Protection , Lights","Africa, Australasia, Central & South America, Eastern Europe, Hong Kong, Middle East, Other Asian Countries, Scandinavia, Southeast Asia, Taiwan, Western Europe",,Miss Ko Yuki,"No. 23, Taiyu Road Taifeng Industrial District, Xiaolan Town, Zhongshan City, Guangdong PRC",Chinese Mainland,101 - 200,"US$ 1,000,000 - 4,999,999",,
"Huizhou Newopto Photoelectric Technology Co., Ltd",https://sourcing.hktdc.com/en/Supplier-Store/Profile/Huizhou-Newopto-Photoelectric-Technology-Co-Ltd/1S00PEBHA,extracted,Manufacturer,"Huizhou, Guangdong, Chinese Mainland",2008,"Parts, Components & Electrical Supplies , Parts, Components & Raw Materials , Parts, Electrical Electronic Supplies","Central & South America, Chinese Mainland, Eastern Europe, Southeast Asia, Taiwan",,Mr TONY CHEN,"Bldg 9, Liando U Valley, China-Korea Industrial Zhongkai Hi-tech District Huizhou, Guangdong China",Chinese Mainland,201 - 500,"US$ 10,000,000 - 49,999,999",Manager,
"Jiangxi Shenghui Optical Technology Collaborative Innovation Co., Ltd.",https://sourcing.hktdc.com/en/Supplier-Store/Profile/Jiangxi-Shenghui-Optical-Technology-Collaborative-Innovation-Co-Ltd/1X09FSYQ,extracted,"Exporter, Manufacturer","Yichun, Jiangxi, Chinese Mainland",,Lights,"Chinese Mainland, Western Europe",Moon,Ms Susan Xu,336000中國江西省宜春市經濟 開發區春啟路,Chinese Mainland,101 - 200,"US$ 5,000,000 - 9,999,999",oversea sale,
"Ningbo Glowyi Lighting Co.,Ltd",https://sourcing.hktdc.com/en/Supplier-Store/Profile/Ningbo-Glowyi-Lighting-Co-Ltd/1S00PEBNS,extracted,"Exporter, Manufacturer","Ningbo, Zhejiang, Chinese Mainland",,Lights,Worldwide,,Mr HONG HU,3rd Floor;C Block No. 688 Lingfengshan Road Beilun District;Ningbo;Zhe Jiang Province China,Chinese Mainland,,,,
"Ningbo Holdwell Lighting Co., Ltd",https://sourcing.hktdc.com/en/Supplier-Store/Profile/Ningbo-Holdwell-Lighting-Co-Ltd/1X098TUR,extracted,"Exporter, Manufacturer","Ningbo, Zhejiang, Chinese Mainland",2012,"Environmental Protection , Lights","Eastern Europe, Scandinavia, Western Europe",,Ms Helen Huang,"10F Xincheng Building, No.589 Sanbei Street, Cixi City, Ningbo, China",Chinese Mainland,,,,
"Ningbo How-Lighting Co., Ltd.",https://sourcing.hktdc.com/en/Supplier-Store/Profile/Ningbo-Haishu-How-Lighting-Co-Ltd/1X08J29L,extracted,"Exporter, Manufacturer","Ningbo, Zhejiang, Chinese Mainland",2009,"Consumer Electronics , Environmental Protection , Lights , Parts, Components & Electrical Supplies , Parts, Components & Raw Materials","Australasia, Central & South America, Eastern Europe, North America, Western Europe, Worldwide",,Mr Mark Gao,"Room 1302, 12A/F, Hengyuan Bldg, No.568 South Tiantong Road, Southern Business District, Yinzhou, Ningbo City, Zhejiang Province, China",Chinese Mainland,,,General Manager,
"Ningbo Weitao Electrical Appliance Co., Ltd.",https://sourcing.hktdc.com/en/Supplier-Store/Profile/Ningbo-Weitao-Electrical-Appliance-Co-Ltd/1X04ABNG,extracted,"Exporter, Manufacturer","Ningbo, Zhejiang, Chinese Mainland",2001,"Environmental Protection , Lights",Worldwide,WETOP,Mr Max -,"Industrial Zone of Xidian, Ninghai, Ningbo City, Zhejiang Province, China",Chinese Mainland,201 - 500,,Manager,
"Shaoxing Yoyo Electric Appliance Co., Ltd.",https://sourcing.hktdc.com/en/Supplier-Store/Profile/Shaoxing-Yoyo-Electric-Appliance-Co-Ltd/1X06UEBJ,extracted,"Exporter, Manufacturer","Zhejiang, Chinese Mainland",2009,"Environmental Protection , Lights","Eastern Europe, Middle East, North America, Other Asian Countries, Western Europe",,Mr Dong Chang Jin,"No.5 Dongfeng Road, Songxia Town, Shangyu, Shaoxing City, Zhejiang Province, China.",Chinese Mainland,,,General Manager,
"Shenzhen Woqinfeng Electronics Co., Ltd.",https://sourcing.hktdc.com/en/Supplier-Store/Profile/Shenzhen-Woqinfeng-Electronics-Co-Ltd/1X09T5QV,extracted,Exporter,"Shenzhen, Guangdong, Chinese Mainland",2009,"Environmental Protection , Furniture & Parts , Gifts, Toys & Sports Supplies , Home Products, Lights & Constructions , Homeware & Lifestyle Essentials , Lights , Sports Supplies","Africa, Central & South America, Eastern Europe, Hong Kong, Japan, Korea, Middle East, North America, Scandinavia, Southeast Asia",W.Q.F,Ms Lori Zhang,"Building A5, Fuda Industrial Park Community, Songgang Street, Bao'an District,Shenzhen,Guangdong, China",Chinese Mainland,51 - 100,"US$ 1,000,000 - 4,999,999",sales,
"Smar LED Lighting Guangzhou Co., Ltd",https://sourcing.hktdc.com/en/Supplier-Store/Profile/Smar-LED-Lighting-Guangzhou-Co-Ltd/1S00OV04O,extracted,"Exporter, Manufacturer, Wholesaler","Guangzhou, Guangdong, Chinese Mainland",2016,"Lights , Parts, Components & Electrical Supplies , Parts, Components & Raw Materials , Parts, Electrical Electronic Supplies , Raw Materials","Eastern Europe, Korea, Middle East, North America, Worldwide",,Mr Dale Zhao,"Floor 16, No.189 of Tiyuxi Road, ianhe District, Guangzhou, Guangdong,",Chinese Mainland,26 - 50,"US$ 1,000,000 - 4,999,999",,
"Xiamen Coming Lighting Technology Co., Ltd.",https://sourcing.hktdc.com/en/Supplier-Store/Profile/Xiamen-Coming-Lighting-Technology-Co-Ltd/1X0AXY15,extracted,"Exporter, Manufacturer","Xiamen, Fujian, Chinese Mainland",2016,"Gifts / Souvenirs , Homeware & Lifestyle Essentials , Lights","Australasia, Eastern Europe, Hong Kong, Taiwan, Western Europe",,Ms Juan Lei,"1/F, No. 101 Huli Industrial Park, Meixi South Rd. Tong-An District, Xiamen City, Fujian Province, China.",Chinese Mainland,51 - 100,"US$ 250,000 - 499,999",CEO,
"Xiamen Ecoled Lighting Co., Ltd.",https://sourcing.hktdc.com/en/Supplier-Store/Profile/Xiamen-Ecoled-Lighting-Co-Ltd/1X09Z7E1,extracted,"Exporter, Manufacturer","Xiamen, Fujian, Chinese Mainland",2015,"Environmental Protection , Lights",Worldwide,,Mr Dongfeng Zhang,"Rm 02, 5/F, 99-4 Longku East Rd, Tongan District, Xiamen City, Fujian Province, China.",Chinese Mainland,,,General Manager,
"Xiamen Koderay Tech Co., Ltd.",https://sourcing.hktdc.com/en/Supplier-Store/Profile/Xiamen-Koderay-Tech-Co-Ltd/1S00NZM0E,extracted,"Exporter, Manufacturer","Xiamen, Fujian, Chinese Mainland",2018,"Baby Toys , Consumer Electronics , Festive Supplies , Furniture & Parts , Gifts / Souvenirs , Home Appliances , Homeware & Lifestyle Essentials , Lights , Party Supplies , Stationery , Watches & Clocks","Australasia, Central & South America, Chinese Mainland, Eastern Europe, Hong Kong, Japan, Korea, Middle East, North America, Other Asian Countries, Scandinavia, Southeast Asia, Taiwan, Western Europe, Worldwide",KDR / Koderay,Ms Sophia Chen,"Building 1, No.1888 Hongxiang West Rd, Xiamen City, Fujian Province, China.",Chinese Mainland,51 - 100,,Manager,
"Yuyao Boyuan Electronics Co., Ltd.",https://sourcing.hktdc.com/en/Supplier-Store/Profile/Yuyao-Boyuan-Electronics-Co-Ltd/1X03TU7B,extracted,"Exporter, Manufacturer","Ningbo, Zhejiang, Chinese Mainland",2007,"Consumer Electronics , Environmental Protection , Lights , Optical Equipment , Stationery","Australasia, Eastern Europe, Japan, Korea, North America, Scandinavia, Western Europe, Worldwide",,Mr Tian Xie,"Yuyao Economic Develop Zone (South Area), No.82 Fengming Road, Ningbo, Zhejiang Province, China",Chinese Mainland,101 - 200,"US$ 10,000,000 - 49,999,999",General Manager,
"Zhejiang Anan Lighting Co., Ltd.",https://sourcing.hktdc.com/en/Supplier-Store/Profile/Zhejiang-Anan-Lighting-Co-Ltd-/1S00PERXI,extracted,Manufacturer,"Quzhou, Zhejiang, Chinese Mainland",1999,Lights,"Africa, Central & South America, Eastern Europe, Hong Kong, Japan, Korea, Middle East, Other Asian Countries, Scandinavia, Southeast Asia, Taiwan, Western Europe, Worldwide",Anan,Miss Amy Rao,"324300, 6 Yuansan Road, Huabu Kaihua, Quzhou Zhejiang China",Chinese Mainland,101 - 200,"US$ 1,000,000 - 4,999,999",,
"Zhejiang Lodan Lighting Equipment Co., Ltd.",https://sourcing.hktdc.com/en/Supplier-Store/Profile/ZHEJIANG-LODAN-LIGHTING-EQUIPMENT-CO-LTD/1X07J8VH,extracted,"Exporter, Manufacturer","Jiaxing, Zhejiang, Chinese Mainland",2011,"Environmental Protection , Lights","Australasia, Central & South America, Eastern Europe, Scandinavia, Western Europe",OEM,Mr Marc Koo,"NO.5 Huashanhui Road, Huangwan, Haining, Jiaxing, Zhejiang Province, Mainland China.",Chinese Mainland,51 - 100,"US$ 1,000,000 - 4,999,999",Sales Manager,
Zhongshan Gesheng Electric Appliance Company Limited,https://sourcing.hktdc.com/en/Supplier-Store/Profile/Zhongshan-Gesheng-Electric-Appliance-Company-Limited/1S00OW5OV,extracted,"Exporter, Manufacturer","Zhongshan, Guangdong, Chinese Mainland",2012,"Home Appliances , Lights","Australasia, Central & South America, Eastern Europe, Middle East, North America, Other Asian Countries, Scandinavia, Southeast Asia, Western Europe",Gesheng,Ms JUAN LI,"2nd Floor, Building 1 No. 9, Yongxing North Road Henglan Town, Zhongshan City Guangdong, China",Chinese Mainland,51 - 100,"US$ 1,000,000 - 4,999,999",,
"Zhongshan Honghong Lighting Co., Ltd.",https://sourcing.hktdc.com/en/Supplier-Store/Profile/Zhong-Shan-Hong-Hong-Lighting-Co-Ltd/1X0AIZJK,extracted,"Exporter, Manufacturer","Zhongshan, Guangdong, Chinese Mainland",2016,"Environmental Protection , Lights",,,Ms Chun Ju Li,"No.3-1305 Business Building Creative, Torch Development  Zone, Gangyi Road, Zhongshan City, Guangdong Province, China.",Chinese Mainland,,,Manager,
Hong Kong Council For Testing and Certification,https://sourcing.hktdc.com/en/Supplier-Store/Profile/Hong-Kong-Council-for-Testing-and-Certification/1X06GMDT,extracted,Government,Hong Kong,2009,"Government Organizations , Professional Services , Quality Inspection, Compliance & Testing Service",,,Miss Gigi Lam,"Units 801-04, 8/F, The Hub, 23 Yip Kan Street, Wong Chuk Hang",Hong Kong,,,,
Foshan Shunde Advante Electron Ltd.,https://sourcing.hktdc.com/en/Supplier-Store/Profile/Foshan-Shunde-Advante-Electron-Ltd-/1X0B8S1N,extracted,,Chinese Mainland,,"Building Materials & Supplies , Consumer Electronics , Internet of Things , Lights",,,Yu-heng Cai,"North Second Xinxi Road, Lunjiao Industrial Avenue, Lunjiao, Shunde, Foshan, 528308, China",Chinese Mainland,,,,
"Ninghai Yingjiao Electrical Co., Ltd.",https://sourcing.hktdc.com/en/Supplier-Store/Profile/Ninghai-Yingjiao-Electrical-Co-Ltd/1X04TFDE,extracted,"Exporter, Manufacturer","Ningbo, Zhejiang, Chinese Mainland",1999,"Automobile & Transport , Automobile Electronics , Consumer Electronics , Environmental Protection , Homeware & Lifestyle Essentials , Lights , Parts, Components & Electrical Supplies , Parts, Components & Raw Materials , Telecommunication","North America, Western Europe",,Ms Carol Cui,"Cuijia, Xidian Town, Ningbo, Zhejiang Province, China",Chinese Mainland,,,Sales Manager,
"Quanzhou Smarts Electronic & Technology Co., Ltd.",https://sourcing.hktdc.com/en/Supplier-Store/Profile/Quanzhou-Smarts-Electronic-Technology-Co-Ltd/1X09SMX9,extracted,"Exporter, Manufacturer","Quanzhou, Fujian, Chinese Mainland",2011,"Consumer Electronics , Environmental Protection , Hardwares (Tools & Parts) , Lights , Parts, Electrical Electronic Supplies","Australasia, Central & South America, Eastern Europe, Middle East, North America, Scandinavia, Southeast Asia, Western Europe",Smarts,Mr Steven Zheng,"NO.178 Chang Xin Road, Huoju Industrial Zone Jiangnan Downtown Licheng Quanzhou, Fujian, China.",Chinese Mainland,16 - 25,,General Manager,
Intertek Testing Services Hong Kong Limited,https://sourcing.hktdc.com/en/Supplier-Store/Profile/Intertek-Testing-Services-Hong-Kong-Limited/1X05UA06,extracted,Service Company,Hong Kong,1973,"Business Research, Management, Consultancy & General Services , Engineering , Environmental Protection , Information Technology , Quality Inspection, Compliance & Testing Service , Real Estate , Technology, R&D",Worldwide,,Mr Victor Ko,"2/F, Garment Centre 576 Castle Peak Road Kowloon",Hong Kong,1001 - 2000,,Sales Director,
"Miniyoku China Co., Limited",https://sourcing.hktdc.com/en/Supplier-Store/Profile/miniyoke-China-co-Limited/1S00P4KDD,extracted,Exporter,Hong Kong,2022,Lights,"Chinese Mainland, Eastern Europe, Hong Kong, North America, Scandinavia, Western Europe",Starfrog,Miss Quan fan,Room 806 8/F Hang Bong Commercial Center No 28 shanghai street Jordan Kowloon,Hong Kong,6 - 10,"US$ 50,000 - 99,999",,
"Deqing Pegasus Lighting Co., Ltd.",https://sourcing.hktdc.com/en/Supplier-Store/Profile/Deqing-Pegasus-Lighting-Co-Ltd/1X00JTQV,extracted,"Exporter, Manufacturer","Huzhou, Zhejiang, Chinese Mainland",2006,"Environmental Protection , Lights","Eastern Europe, North America, Scandinavia, Western Europe",,Ms Jin Yan,"No.79 Weiye Rd, Fuxi, Deqing County, Huzhou City, Zhejiang Province, China.",Chinese Mainland,26 - 50,"US$ 1,000,000 - 4,999,999",Sales,
"Fuzhou Guonzhou Electronic Co., Ltd.",https://sourcing.hktdc.com/en/Supplier-Store/Profile/Fuzhou-Guanzhou-Electronic-Co-Ltd/1X00F0S8,extracted,"Exporter, Manufacturer","Fuzhou, Fujian, Chinese Mainland",1998,"Environmental Protection , Lights , Sports Supplies","Eastern Europe, Hong Kong, Japan, Korea, North America, Taiwan, Western Europe, Worldwide",FGE,Mr Kuki Wang,"NO.170 Jinyan Road, Jianxin Town, Cangshan District,  Fuzhou City, Fujian Province, China.",Chinese Mainland,101 - 200,"US$ 1,000,000 - 4,999,999",Customer Manager,
JIANGSU Ever-Tie LIGHTING INC.,https://sourcing.hktdc.com/en/Supplier-Store/Profile/JIANGSU-Ever-Tie-LIGHTING-INC-/1S00ONVD2,extracted,,Chinese Mainland,,Lights,,,Mr Koby Wei,,Chinese Mainland,,,,
"Kingtec Lighting Co., Ltd.",https://sourcing.hktdc.com/en/Supplier-Store/Profile/Kingtec-Lighting-Co-Ltd/1X00KC3X,extracted,"Exporter, Manufacturer","New Taipei City, Taiwan",1991,Lights,North America,,Ms Ring Chuek,"No.8, Lane 492, Ba De St, Shulin City, Taipei Hsien",Taiwan,501 - 1000,"US$ 50,000,000 - 99,999,999",Sales,
Maanshan Brightness Lighting CO LTD,https://sourcing.hktdc.com/en/Supplier-Store/Profile/Maanshan-Brightness-Lighting-CO-LTD/1S00P6FMR,extracted,"Exporter, Manufacturer","Ma'Anshan, Anhui, Chinese Mainland",2011,"Design Services , Lights",Worldwide,LJ,Mr Sijin DING,"XIANZONG TOWN INDUSTRY AREA, HANSHAN COUNTY, MAANS",Chinese Mainland,51 - 100,"US$ 1,000,000 - 4,999,999",,
NIZ,https://sourcing.hktdc.com/en/Supplier-Store/Profile/NIZ/1S00P9SNB,extracted,"Exporter, Manufacturer","Korea, Republic Of",2016,Lights,"Central & South America, Eastern Europe, Hong Kong, Japan, Korea, North America, Scandinavia, Taiwan, Worldwide",Mangolighting solution,Mr Donghwa Jeong,"63, Dalseodaero 85-gil, 201, Dalseo-gu, Daegu, South Korea","Korea, Republic Of",51 - 100,"US$ 10,000,000 - 49,999,999",,
"Ningbo Jiali Optoelectronic Co., Ltd.",https://sourcing.hktdc.com/en/Supplier-Store/Profile/Ningbo-Jiali-Optoelectronic-Co-Ltd/1X04ABAT,extracted,"Exporter, Manufacturer","Ningbo, Zhejiang, Chinese Mainland",2001,"Consumer Electronics , Environmental Protection , Lights , Optical Equipment , Stationery","Eastern Europe, Western Europe",,Mr Danil Zhao,"No.36 Shunke Road, Yuyao City, Ningbo, Zhejiang Province, China",Chinese Mainland,,,Sales Manager,
Roomlux United Corporation,https://sourcing.hktdc.com/en/Supplier-Store/Profile/Roomlux-United-Corporation/1X08GJSN,extracted,"Exporter, Manufacturer","Hefei, Anhui, Chinese Mainland",,"Environmental Protection , Lights","Africa, Australasia, Central & South America, Chinese Mainland, Eastern Europe, Hong Kong, Japan, Korea, Middle East, North America, Other Asian Countries, Scandinavia, Southeast Asia, Taiwan, Western Europe, Worldwide",,Mr Eric Zhang,"Room 2109, Building 2, CBD Central Plaza, No.365 Middle Changjiang Road, Hefei, Anhui Province, China",Chinese Mainland,,,Manager,
"Shaoxing Shangyu Jinghua Background Lighting Co., Ltd.",https://sourcing.hktdc.com/en/Supplier-Store/Profile/Zhejiang-Shangyu-Jinghua-Background-Lighting-Co-Ltd/1X00K5D8,extracted,Manufacturer,"Shaoxing, Zhejiang, Chinese Mainland",2003,"Environmental Protection , Lights","Africa, Australasia, Central & South America, Chinese Mainland, Eastern Europe, Hong Kong, Japan, Korea, Middle East, North America, Scandinavia, Southeast Asia, Taiwan, Western Europe",JH,Mr Jun Hang,"Dongguan Town, Shangyu City, Zhejiang 312353, China",Chinese Mainland,101 - 200,"US$ 5,000,000 - 9,999,999",General Manager,
"Xiamen Superlighting Technology Co., Ltd.",https://sourcing.hktdc.com/en/Supplier-Store/Profile/Xiamen-Superlighting-Technology-Co-Ltd/1X09ZNEP,extracted,"Exporter, Manufacturer","Xiamen, Fujian, Chinese Mainland",2014,"Environmental Protection , Homeware & Lifestyle Essentials , Lights","Middle East, North America, Western Europe, Worldwide",superlighting-xm,Ms Xiao Xin Shen,"Devon industrial park, Dong fu street ,haicang district , Xiamen City, Fujian Province, China.",Chinese Mainland,26 - 50,"US$ 50,000,000 - 99,999,999",Sales Manager,
Eton Asia Limited,https://sourcing.hktdc.com/en/Supplier-Store/Profile/Eton-Asia-Ltd/1X003Q8M,extracted,Manufacturer,Hong Kong,2007,Lights,"Central & South America, Chinese Mainland, Eastern Europe, Middle East, North America, Other Asian Countries, Scandinavia, Southeast Asia, Western Europe",LIFUD,Mr Mike Mr. Chan Wai Chung,"Room 2701 Kwong Kin Trade Ctr, 5 Kin Fat St. Tuen Mun, New Territories, Hong Kong.",Hong Kong,,,Marketing Manager,
Free Lighting Limited,https://sourcing.hktdc.com/en/Supplier-Store/Profile/FREE-LIGHTING-LIMITED/1X0B8U0I,extracted,Manufacturer,Hong Kong,2009,Lights,"Australasia, Japan, North America, Scandinavia",FREE LIGHTING,Ms Vicky Hong,"Rm C, 2/F, Capital Trade Centre, 62 Tsun Yip Street, Kwun Tong, Hong Kong",Hong Kong,26 - 50,"US$ 5,000,000 - 9,999,999",General manager,
"Hongkong Rusan Technology Lighting Co., Limited",https://sourcing.hktdc.com/en/Supplier-Store/Profile/HONGKONG-RUSAN-TECHNOLOGY-LIGHTING-CO-LIMITED/1X08I7JW,extracted,"Exporter, Manufacturer",Hong Kong,2016,"Environmental Protection , Lights","Africa, Australasia, Central & South America, Chinese Mainland, Eastern Europe, Hong Kong, Middle East, North America, Other Asian Countries, Scandinavia, Southeast Asia, Taiwan, Western Europe, Worldwide","RUSAN , MIRICO",Mr Cevin Mao,FLAT/RM 803 CHEVALIER HOUSE 45-51 CHATHAM ROAD SOUTH TSIM SHA TSUI,Hong Kong,26 - 50,"US$ 500,000 - 999,999",CEO,
"King Star Opto-Electronic (HK) Co., Ltd.",https://sourcing.hktdc.com/en/Supplier-Store/Profile/King-Star-Opto-Electronic-HK-Co-Ltd/1X07HH3I,extracted,Manufacturer,Hong Kong,2005,"Environmental Protection , Lights","Japan, North America, Southeast Asia, Taiwan, Western Europe",King Star,Mr Tony  Feng,FLAT/RM C  13/F WEI KING BLDG 275 CHATHAM ROAD KL,Hong Kong,201 - 500,"US$ 10,000,000 - 49,999,999",General Manager,
Kingmaster Abrasive & Polishing Mfg Co,https://sourcing.hktdc.com/en/Supplier-Store/Profile/Kingmaster-Abrasive-Polishing-Mfg-Company/1S00ODH47,extracted,Manufacturer,Hong Kong,1995,Lights,"Scandinavia, Western Europe, Worldwide",LUWAS,Mr Lau Ken,B15 13/F BLK B HI-TECH IND CTR 491-501 CASTLE PEAK RD TSUEN WAN HONG KONG,Hong Kong,6 - 10,"US$ < 50,000",sales,
"Ledyi Lighting (HK) Co., Limited",https://sourcing.hktdc.com/en/Supplier-Store/Profile/Ledyi-Lighting-HK-Co-Limited/1X07HI5D,extracted,Manufacturer,Hong Kong,2008,Lights,"North America, Southeast Asia, Western Europe",LEDYI,Miss Jane Deng,"Rm.1902, Easey Comm. Bldg., 253-261 Hennessy Road, Wanchai, Hong Kong.",Hong Kong,201 - 500,"US$ 500,000 - 999,999",Sales Manager,
Longsky Enterprise Company Limited,https://sourcing.hktdc.com/en/Supplier-Store/Profile/Longsky-Enterprise-Company-Limited/1X06QZV8,extracted,"Distributor, Exporter, Manufacturer, Others",Hong Kong,1999,"Environmental Protection , Lights","Eastern Europe, North America, Scandinavia, Western Europe, Worldwide",,Miss Meixian Lam,"Room 907, 9/F, Energy Plaza, 92 Granville Road, Tsim Sha Tsui, Kowloon, Hong Kong",Hong Kong,1001 - 2000,"US$ 50,000,000 - 99,999,999",Manager,
SJA Lighting Company Limited,https://sourcing.hktdc.com/en/Supplier-Store/Profile/SJA-Lighting-Company-Limited/1X09GN30,extracted,Manufacturer,Hong Kong,2012,Lights,"Eastern Europe, Scandinavia, Western Europe",SJA Lighting,Ms Shaojing Zhang,"ROOM 3 27/F HO KING COMMERCIAL CENTRE NO, 2-16 FA YUEN STREET MONG KOK, KOWLOON Hong Kong",Hong Kong,51 - 100,"US$ 1,000,000 - 4,999,999",Manager,
Tercio International Limited,https://sourcing.hktdc.com/en/Supplier-Store/Profile/Tercio-International-Limited/1X09E65D,extracted,"Exporter, Manufacturer, Service Company",Hong Kong,,"Environmental Protection , Lights","North America, Worldwide","TERCIO, WISDOM LIGHT",Ms Cannis Yu,"Workshop 4, 7/F., EW International Tower, 120-124 Texaco Road, Tsuen Wan, N.T.,",Hong Kong,,,,
Wonderful Lighting (HK) Limited,https://sourcing.hktdc.com/en/Supplier-Store/Profile/Wonderful-Lighting-HK-Limited/1X098ATD,extracted,Manufacturer,Hong Kong,,,,,Mr Boris Wong,"Rm 1409, Wah Wai Centre, 38-40 Au Pui Wan Street, Fo Tan, Hong Kong",Hong Kong,,,,
"Worldsemi Co., Limited",https://sourcing.hktdc.com/en/Supplier-Store/Profile/Worldsemi-Co-Limited/1X08Z11W,extracted,"Exporter, Wholesaler",Hong Kong,2015,"Homeware & Lifestyle Essentials , Lights , Parts, Components & Electrical Supplies , Parts, Components & Raw Materials","Africa, Eastern Europe, Hong Kong, Middle East, Other Asian Countries, Southeast Asia, Western Europe",BETHANY,Mr JIN BI LONG,"Flat/Rm B 8/F, Chong Ming Building, 72 Cheung Sha Wan Road,",Hong Kong,51 - 100,,-,
"A-One LED Lighting Co., Ltd.",https://sourcing.hktdc.com/en/Supplier-Store/Profile/A-One-Led-Lighting-Co-Ltd/1X09FFDE,extracted,"Exporter, Manufacturer, Wholesaler","Dongguan, Guangdong, Chinese Mainland",2008,Lights,"Eastern Europe, Middle East, Scandinavia",,Mr DONGYANG Huang,523000中國廣東省東莞市樟木 頭鎮東山工業區中達工業園B棟3樓,Chinese Mainland,101 - 200,"US$ 5,000,000 - 9,999,999",Founder & Managing Director,
Abubaker Corp.,https://sourcing.hktdc.com/en/Supplier-Store/Profile/Abubaker-Corp-/1X04RSTV,extracted,Manufacturer,"Taoyuan City, Taiwan",1989,Lights,"Eastern Europe, North America, Southeast Asia, Western Europe",,Ms Kathy .,"No. 1, Ally 11, Lane 40, Hsin Hsing St., Kuei San Hsiang, Tao Yuan, Taiwan",Taiwan,,,assistant,
Arcata Electronics Inc.,https://sourcing.hktdc.com/en/Supplier-Store/Profile/Arcata-Electronics-Inc-/1S00OTD2H,extracted,,Chinese Mainland,,"Environmental Protection , Lights",,,Sannie Sun,"No.128, Yingtian Rd, Qing Pu Industry Park, China",Chinese Mainland,,,,
"Bridge-Type Lighting Engineering Co., Ltd.",https://sourcing.hktdc.com/en/Supplier-Store/Profile/Bridge-Type-Lighting-Engineering-Co-Ltd-/1S00OJBEJ,extracted,,Taiwan,,"Environmental Protection , Lights",,,Qiu-Dong Chen,,Taiwan,,,General Manager,
Cononlux Technology Co Limited,https://sourcing.hktdc.com/en/Supplier-Store/Profile/Cononlux-Technology-Co-Limited/1S00O9LCF,extracted,"Exporter, Manufacturer","Shenzhen, Guangdong, Chinese Mainland",2014,"Gift Sets , Gifts / Souvenirs , Homeware & Lifestyle Essentials , Lights , Party Supplies","Australasia, Central & South America, Eastern Europe, Hong Kong, North America, Scandinavia, Southeast Asia, Western Europe",CONONLUX,Ms Deby Wong,"Unit B,4F Building 1,Xusheng Industrial Park, Liyuan Industrial Park,Langxin Community, Shiyan",Chinese Mainland,201 - 500,"US$ 10,000,000 - 49,999,999",Saless Manager,
"Cixi Jing Yu Lighting & Electrical Equipment Co., Ltd.",https://sourcing.hktdc.com/en/Supplier-Store/Profile/Cixi-Jing-Yu-Lighting-Electrical-Equipment-Co-Ltd-/1X03SW93,extracted,"Exporter, Manufacturer","Ningbo, Zhejiang, Chinese Mainland",2006,Lights,Worldwide,,Mr Lei Ye,"Fanshi Industrial Zone, Fanshi Town, Ningbo City, China",Chinese Mainland,101 - 200,"US$ 1,000,000 - 4,999,999",Gerneral Manager,
"Dongguan Xinrui Lighting Co., Ltd.",https://sourcing.hktdc.com/en/Supplier-Store/Profile/Dongguan-Xinrui-Lighting-Co-Ltd/1X0A70JH,extracted,,Chinese Mainland,,Lights,,,LI TING ZHUO,"Sanxing Road,Zhongwei Tiesong village,QingXi Town,",Chinese Mainland,,,salesmen,
"Foshan Chenhong Lighting Electrical Applicance Co., Ltd.",https://sourcing.hktdc.com/en/Supplier-Store/Profile/Foshan-Chenhong-Lighting-Electrical-Appliance-Co-Ltd/1S00NVD1K,extracted,,Chinese Mainland,,Lights,,,Mr Jia-Long Xiong,,Chinese Mainland,,,,
"Guangdong Simons Lighting Co.,Ltd",https://sourcing.hktdc.com/en/Supplier-Store/Profile/Guangdong-Simons-Lighting-Co-Ltd-/1S00PE4DT,extracted,,Chinese Mainland,,Lights,,,Yadong Guo,"3rd Floor No.40, Shuncheng 2nd Road Gu'er Village, Guzhen Town Zhongshan City",Chinese Mainland,,,,
"Kin Yuan Enterprise Co., Ltd.",https://sourcing.hktdc.com/en/Supplier-Store/Profile/Kin-Yuan-Enterprise-Co-Ltd/1S00NTDMT,extracted,,Taiwan,,"Lights , Parts, Components & Raw Materials",,,Lichin Wang,"NO.33, Lane 344, FuLian Road, Tainan 70141, Taiwan",Taiwan,,,,
"Hangzhou Youte Power Co., Ltd.",https://sourcing.hktdc.com/en/Supplier-Store/Profile/Hangzhou-Youte-Power-Co-Ltd-/1X0AXIUO,extracted,"Exporter, Manufacturer","Hangzhou, Zhejiang, Chinese Mainland",2016,"Environmental Protection , Lights","Australasia, Chinese Mainland, Middle East, North America, Scandinavia, Southeast Asia, Western Europe",uPowerTek,Mr Charles Chen,"1213#, Huoju South Road, Binjiang District, Hangzhou, Zhejiang, China",Chinese Mainland,101 - 200,"US$ 100,000 - 249,999",Sales Manager,
"Heat Point Lighting Co.,Ltd",https://sourcing.hktdc.com/en/Supplier-Store/Profile/Heat-Point-Lighting-Co-Ltd-/1X086WRL,extracted,Manufacturer,"Zhongshan, Guangdong, Chinese Mainland",2004,"Gifts, Toys & Sports Supplies , Home Products, Lights & Constructions , Homeware & Lifestyle Essentials , Lights","Africa, Australasia, Central & South America, Eastern Europe, Japan, Korea, Middle East, North America, Other Asian Countries, Scandinavia, Southeast Asia, Taiwan, Western Europe, Worldwide",,Mr - Zhang,"Tongyi Industry Zone, Guzhen Town, Zhongshan, Guangdong, China.",Chinese Mainland,51 - 100,"US$ 1,000,000 - 4,999,999",Manager,
"Huizhou Wisva Optoelectronics Co., Ltd.",https://sourcing.hktdc.com/en/Supplier-Store/Profile/Huizhou-Wisva-Optoelectronics-Co-Ltd-/1X0AXQ0U,extracted,Manufacturer,"Huizhou, Guangdong, Chinese Mainland",2009,Lights,"North America, Western Europe",Wisva Lighting,Mr Harry Ding,"5/F, No.6 of AAI Tech. (Huizhou) Ind. Park, Da Ya Bay West District, Huihzou, China",Chinese Mainland,101 - 200,"US$ 10,000,000 - 49,999,999",Marketing Manager,
Inventronics (Hangzhou) INC,https://sourcing.hktdc.com/en/Supplier-Store/Profile/Inventronics-Hangzhou-Inc-/1S00PEEQG,extracted,,Chinese Mainland,,,,,Ms Wendy Wan,,Chinese Mainland,,,,
Liquidleds Lighting Corp.,https://sourcing.hktdc.com/en/Supplier-Store/Profile/Liguidleds-Lighting-Corp-/1X04P4H7,extracted,Manufacturer,"Taipei City, Taiwan",2006,"Environmental Protection , Lights","Eastern Europe, Scandinavia, Western Europe",,Mr Ming-Fu Yu,"6F, No118 Thong-Jheng Road, Shin-Lin District, Taipei, Taiwan",Taiwan,,,-,
"Ningbo Ducheng Lighting Technology Co., Ltd.",https://sourcing.hktdc.com/en/Supplier-Store/Profile/Ningbo-Ducheng-Lighting-Technology-Co-Ltd-/1X06VPKD,extracted,Exporter,"Ningbo, Zhejiang, Chinese Mainland",,"Environmental Protection , Lights",Worldwide,,Mr Weida Hu,"No.18th,Yuci Road, Yuyao Yangming Industrial Zone, Ningbo City,Zhejiang, China",Chinese Mainland,,,General Manager,
"Ningbo Miclion LED Lighting Co., Ltd.",https://sourcing.hktdc.com/en/Supplier-Store/Profile/Ningbo-Miclion-LED-Lighting-Co-Ltd-/1X08ZPW1,extracted,"Exporter, Manufacturer","Ningbo, Zhejiang, Chinese Mainland",2011,"Consumer Electronics , Environmental Protection , Home Products, Lights & Constructions , Lights","Eastern Europe, North America, Scandinavia, Western Europe, Worldwide",Miclionled,Ms Ping Cui,"Cuijia Village, Xidian Town, Ninghai County, Ningbo City, Zhejiang Province, China",Chinese Mainland,501 - 1000,"US$ 1,000,000 - 4,999,999",Sales Manager,
"Ningbo Technic Lighting Co., Ltd.",https://sourcing.hktdc.com/en/Supplier-Store/Profile/Ningbo-Technic-Lighting-Co-Ltd-/1X04S3K7,extracted,"Exporter, Manufacturer","Ningbo, Zhejiang, Chinese Mainland",2009,"Environmental Protection , Lights","Eastern Europe, Western Europe",HengJie,Mr Zhan Xu,"No. 8, CaiYuan Road, Lizhou Street, Yuyao, Ningbo, Zhejiang, China",Chinese Mainland,201 - 500,"US$ 10,000,000 - 49,999,999",Sales Director,
"Ninghai Guanghui Lamp Co., Ltd.",https://sourcing.hktdc.com/en/Supplier-Store/Profile/Ninghai-Guanghui-Lamp-Co-Ltd-/1X00K0ME,extracted,Manufacturer,"Ningbo, Zhejiang, Chinese Mainland",1999,"Environmental Protection , Lights","Hong Kong, Korea, Middle East, Southeast Asia, Taiwan",,Mr Lotus Xia,"Tinggang Industry Area Ninshai, Zhejiang Ninghai, Zhejiang,315605,China",Chinese Mainland,101 - 200,"US$ 5,000,000 - 9,999,999",Sales Manager,
"Rishang Optoelectronics Co., Ltd.",https://sourcing.hktdc.com/en/Supplier-Store/Profile/Rishang-Optoelectronics-Co-Ltd/1X04V8KS,extracted,"Distributor, Manufacturer, Retailer, Wholesaler","Shenzhen, Guangdong, Chinese Mainland",2007,"Environmental Protection , Lights","Australasia, Central & South America, Chinese Mainland, Eastern Europe, Middle East, North America, Scandinavia, Southeast Asia, Western Europe",RISHANG,Ms - Lu,"1st to 8th Floor, North Side, 701, Mason Building, No. 2519, Guangqiao Avenue, Fenghuang Community, Fenghuang Street, Guangming District, Shenzhen, 518107, China",Chinese Mainland,1001 - 2000,"US$ 10,000,000 - 49,999,999",Market Promotion,
ShenZhen Ebelong Technology Co Ltd,https://sourcing.hktdc.com/en/Supplier-Store/Profile/Shenzhen-Ebelong-Technology-Co-Ltd/1X0A0HJ2,extracted,"Exporter, Manufacturer","Shenzhen, Guangdong, Chinese Mainland",2012,"Lights , Parts, Components & Electrical Supplies","Eastern Europe, Southeast Asia, Western Europe",EBELONG,Ms Deng Selina,"Shenzhen Wisdom Innovation Center Suite A.607 Qianjin 2nd Road, Bao'an District, Shenzhen, Guangdong, China",Chinese Mainland,26 - 50,"US$ 5,000,000 - 9,999,999",,
"Shenzhen Shinland Optics Co., Ltd.",https://sourcing.hktdc.com/en/Supplier-Store/Profile/SHENZHEN-SHINLAND-OPTICS-CO-LTD/1X0A6PKD,extracted,"Exporter, Manufacturer","Shenzhen, Guangdong, Chinese Mainland",1996,"Environmental Protection , Lights","Middle East, Other Asian Countries, Scandinavia, Western Europe",SHINLAND,Ms Sanna -,"Block C, 403, Building 7, Phase III, Xili International Innovation Valley, Nanshan District, Shenzhen City, Guangdong, China",Chinese Mainland,201 - 500,"US$ 10,000,000 - 49,999,999",Oversea Sales Manager,
"Shenzhen XSY Lighting Co., Ltd",https://sourcing.hktdc.com/en/Supplier-Store/Profile/Shenzhen-XSY-Lighting-Co-Ltd/1X087UWM,extracted,Manufacturer,"Shenzhen, Guangdong, Chinese Mainland",2002,,Worldwide,,Ms Nico Yi,"Dongfang 1st Road, Songgang, Bao'an District, Shenzhen, Guangdong,",Chinese Mainland,,,Sales Manager,
"Singsunled Co., Ltd",https://sourcing.hktdc.com/en/Supplier-Store/Profile/SingsunLED-Co-Ltd/1X08REBJ,extracted,"Exporter, Manufacturer","Shenzhen, Guangdong, Chinese Mainland",2007,"Parts, Components & Electrical Supplies , Parts, Components & Raw Materials",,,Mr chao he,"3F, A5 Building, Weisite Industrial Park, Hengken Ave Guanlan Town, Shenzhen, Guandong, Shenzhen",Chinese Mainland,,,sales,
"Sunon Lighting Manufacture Co., Ltd.",https://sourcing.hktdc.com/en/Supplier-Store/Profile/Sunon-Lighting-Manufacture-Co-Ltd/1X07LD6R,extracted,"Exporter, Manufacturer","Jiangmen, Guangdong, Chinese Mainland",2006,,"Central & South America, Scandinavia, Western Europe",Sunon,Ms Sewon Hu,"Lvbu Honghuashan Industrial Dist., Hetang Town, Jiangmen City, Guangdong Province, China",Chinese Mainland,101 - 200,"US$ 50,000 - 99,999",Sales,
"Vital Lighting Co., Ltd.",https://sourcing.hktdc.com/en/Supplier-Store/Profile/Vital-Lighting/1X0400GK,extracted,"Exporter, Manufacturer","Foshan, Guangdong, Chinese Mainland",2004,"Building Materials & Supplies , Environmental Protection , Home Appliances , Homeware & Lifestyle Essentials , Lights","Australasia, Central & South America, Middle East, North America, Other Asian Countries, Scandinavia, Southeast Asia, Western Europe, Worldwide",VITAL,Mr Phil Wong,"01 2nd Floor ,1st Floor (F5) 1 of No. 6 Jiye Avenue Leping Town Foshan,Guandong",Chinese Mainland,51 - 100,"US$ 5,000,000 - 9,999,999",Sales Manager,
"Wuxi Legendlite Illumination Co., Ltd.",https://sourcing.hktdc.com/en/Supplier-Store/Profile/Wuxi-Legendlite-Illumination-Co-Ltd/1X00K45J,extracted,"Exporter, Manufacturer","Wuxi, Jiangsu, Chinese Mainland",2004,Lights,"Eastern Europe, Scandinavia, Western Europe",,Mr Hai Qing Bian,"Dacheng Industrial Park, No. 67 Dongsheng Road, Anzhen Town, Wuxi City, Jiangsu Province, China",Chinese Mainland,,,General Manager,
"Yuyao ESPL Electric Appliance Co., Ltd.",https://sourcing.hktdc.com/en/Supplier-Store/Profile/Yuyao-ESPL-Electrical-Appliance-Co-Ltd/1X07JH4H,extracted,"Exporter, Manufacturer","Ningbo, Zhejiang, Chinese Mainland",2010,"Environmental Protection , Lights","Africa, Australasia, Eastern Europe, Hong Kong, Japan, Korea, Middle East, Other Asian Countries, Scandinavia, Southeast Asia, Taiwan, Western Europe",ESPL,Mrs Cindy Jin,"No.66-2 West of Zhenxing Road, South of Development Zone, Yuyao City, Zhejiang Province, China",Chinese Mainland,101 - 200,"US$ 1,000,000 - 4,999,999",Manager,
Yuyao Fulidi Electric Company Limited,https://sourcing.hktdc.com/en/Supplier-Store/Profile/Yuyao-Fulidi-Electric-Company-Limited/1X09EFO3,extracted,"Exporter, Manufacturer","Ningbo, Zhejiang, Chinese Mainland",,"Environmental Protection , Lights",,,Ms Sabrina Yan,"Economy Development Zone, No.90 West Zhenxing Rd., Yuyao, Ningbo, Zhejiang Province, China",Chinese Mainland,,,Sales,
"Yuyao Hilite Electric Co., Ltd",https://sourcing.hktdc.com/en/Supplier-Store/Profile/Yuyao-Hilite-Electric-Co-Ltd/1X074GWS,extracted,"Exporter, Manufacturer","Ningbo, Zhejiang, Chinese Mainland",2003,Lights,Western Europe,,Mr Ting Shao,"CE23, Far East Industrial Park, Yuyao City 315400 Zhejiang Province, Yuyao City, Zhejiang, China.",Chinese Mainland,,,Administrator,
"Yuyao Rida Electric Co., Ltd.",https://sourcing.hktdc.com/en/Supplier-Store/Profile/Yuyao-Rida-Electric-Co-Ltd/1X0418XF,extracted,"Exporter, Manufacturer","Ningbo, Zhejiang, Chinese Mainland",2008,"Environmental Protection , Lights","Eastern Europe, Western Europe, Worldwide",,Mr Jason Tan,"No.12 Lizhou Rd., Yuyao City, Zhejiang Province, China",Chinese Mainland,,,Manager,
"Zhong Shan Go High Lighting Co., Ltd.",https://sourcing.hktdc.com/en/Supplier-Store/Profile/Zhong-Shan-Go-High-Lighting-Co-Ltd-/1X09T30R,extracted,,Chinese Mainland,,Lights,,,Belinda Fu,"B Building, No.15, KangLong Road3, Xinmao Industrial District, Henglan Town, Zhongshan City, Guongdogn Province, China",Chinese Mainland,,,Manager,
"Zhongshan Easy Link Lighting Co., Ltd.",https://sourcing.hktdc.com/en/Supplier-Store/Profile/Zhongshan-Easy-Link-Lighting-Co-Ltd-/1X07JXJQ,extracted,Manufacturer,"Zhongshan, Guangdong, Chinese Mainland",,Lights,"North America, Western Europe",,Mr Sue Li,"Beihai Ind Zone, Haizhou, Guzhen Town, China",Chinese Mainland,,,Manager,
"Zhongshan Huipu Lighting Electrical Appliance Co., Ltd.",https://sourcing.hktdc.com/en/Supplier-Store/Profile/Zhongshan-Huipu-Lighting-Electrical-Appliance-Co-Ltd/1X087VE1,extracted,"Exporter, Manufacturer, Wholesaler","Zhongshan, Guangdong, Chinese Mainland",2003,Lights,"Africa, Australasia, Eastern Europe, Japan, Middle East, North America, Western Europe",,Ms Jane Shi,"18#, No.6, LeFeng Road, MaoHui Industrial, HengLan Town, ZhongShan City, Guangdong Province, China",Chinese Mainland,26 - 50,"US$ 500,000 - 999,999",Gengral Manager,
"Zhongshan Jinmeiyi Manufacture Co., Ltd.",https://sourcing.hktdc.com/en/Supplier-Store/Profile/Zhongshan-Jinmeiyi-Manufacture-Co-Ltd/1X0619EV,extracted,"Exporter, Manufacturer","Zhongshan, Guangdong, Chinese Mainland",1992,"Environmental Protection , Lights","Australasia, Central & South America, Eastern Europe, Hong Kong, Japan, Middle East, North America, Scandinavia, Southeast Asia, Taiwan, Western Europe, Worldwide","Jinmeiyi,Kidwo",Ms Jue Duan,"No.9 ChangYi Road, ChangMingShui Ind'l Park, WuGuiShan Town, ZhongShan City, GuangDong, China",Chinese Mainland,201 - 500,"US$ 1,000,000 - 4,999,999",Manager,
"Zhongshan Jura Lighting Technology Co., Ltd",https://sourcing.hktdc.com/en/Supplier-Store/Profile/Jura-Lighting-Technology-Zhongshan-Co-Ltd-/1S00OCWYA,extracted,Trade/Industrial Organisation,"Zhongshan, Guangdong, Chinese Mainland",2021,Lights,"Central & South America, Eastern Europe, Middle East, North America, Western Europe",MAGNIFICA LUCE,Mr YONG TAO WANG,"on the 6th floor No. 2 Yongxing North Road, Henglan Town Zhongshan city,Guangdong province China",Chinese Mainland,101 - 200,"US$ 5,000,000 - 9,999,999",CEO,
"Zhongshan Star-King Lighting Co., Ltd.",https://sourcing.hktdc.com/en/Supplier-Store/Profile/ZHONGSHAN-STAR-KING-LIGHTING-CO-LTD/1X06WCGK,extracted,Manufacturer,"Zhongshan, Guangdong, Chinese Mainland",,"Environmental Protection , Festive Supplies , Gifts, Toys & Sports Supplies , Home Products, Lights & Constructions , Homeware & Lifestyle Essentials , Lights","North America, Western Europe",,Mr Arrow Ze,"15# Le Feng San Road, Maohui Industry Zone, Henglan Town, Zhongshan, China",Chinese Mainland,,,General Manager,
Brilliant Technology Equipment Ltd.,https://sourcing.hktdc.com/en/Supplier-Store/Profile/Brilliant-Technology-Equipment-Ltd-/1X0AHR1Q,extracted,"Exporter, Manufacturer",Hong Kong,2010,"Environmental Protection , Lights","Africa, Australasia, Central & South America, Chinese Mainland, Eastern Europe, Hong Kong, Korea, Middle East, North America, Other Asian Countries, Scandinavia, Southeast Asia, Taiwan, Western Europe",JUDOLI,Ms Law Jessie,"Unit 5A, 14/F, Chung Kiu Comm Bldg, 47-51 Shan Tung St, Mong Kok, Kowloon, Hong Kong",Hong Kong,51 - 100,"US$ 1,000,000 - 4,999,999",manager,
"Centic Industrial Co., Limited",https://sourcing.hktdc.com/en/Supplier-Store/Profile/CENTIC-INDUSTRIAL-CO-LIMITED/1X04P5E7,extracted,Manufacturer,Hong Kong,2008,"Environmental Protection , Lights","Central & South America, Eastern Europe, Korea, North America, Western Europe",,Mr Jacky Yang,"Unit D, 11/F., Seabright Plaza, 9-23 Shell Street, North Point, Hong Kong",Hong Kong,,,Manager,
Chi Bon Lighting Technology Limited,https://sourcing.hktdc.com/en/Supplier-Store/Profile/Chi-Bon-Lighting-Technology-Limited/1X001CX3,extracted,"Exporter, Manufacturer",Hong Kong,,"Consumer Electronics , Environmental Protection , Lights , Optical Equipment , Stationery","North America, Southeast Asia, Western Europe",CB,Mr Ruby Hui,"10/F., Flat B-5, Po Yip Bldg., 62-70 Texaco Road, Tsuen Wan, N.T., Hong Kong. Hong Kong",Hong Kong,,,Marketing Executive,
China Wej Lighting Co Limited,https://sourcing.hktdc.com/en/Supplier-Store/Profile/Wej-Electronic-Co-Ltd/1X07251K,extracted,Manufacturer,Hong Kong,2007,Lights,"Australasia, Chinese Mainland, Eastern Europe, Japan, North America, Scandinavia, Western Europe",,Mr Alice Zhong,"Flat/Rm 1712, 17/F, Fo Tan Industrial Centre, 26-28 Au Pui Wan Street, Fo Tan,  N.T., Hong Kong",Hong Kong,201 - 500,"US$ 5,000,000 - 9,999,999",Manager,
Diluce Lighting (Hong Kong) Limited,https://sourcing.hktdc.com/en/Supplier-Store/Profile/DILUCE-LIGHTING-HONG-KONG-LIMITED/1X0979KP,extracted,,Hong Kong,,"Environmental Protection , Lights",,,Guo hao,"23/F ON HONG COMM BLDG 145, HENNESSY RD WANCHAI, HONG KONG",Hong Kong,,,GM,
Dison Power Supplies,https://sourcing.hktdc.com/en/Supplier-Store/Profile/Dison-Power-Supplies/1S00OAAW2,extracted,Manufacturer,Hong Kong,,"Consumer Electronics , Parts, Components & Electrical Supplies",,,Mr Ronald Wong,"Room 2703, Well Tech Centre 9 Pat Tat Street San PO Kong Hong Kong",Hong Kong,,,General Manager,
"ECO-LED International Lighting Co., Limited",https://sourcing.hktdc.com/en/Supplier-Store/Profile/ECO-LED-International-Lighting-Co-Ltd/1X084SF9,extracted,Manufacturer,Hong Kong,2010,"Environmental Protection , Lights","Australasia, Central & South America, Eastern Europe, Korea, North America, Other Asian Countries, Western Europe",ELI-LED,Mr Jack Lau,UNIT NO. 15 OF UNIT 2 ON GROUND FLOOR I PLANET FO TAN INDUSTRIAL CENTRE， NO. 26-28 AU PUI WAN STREET FO TAN SHA TIN NEW TERRITORIES,Hong Kong,26 - 50,"US$ 1,000,000 - 4,999,999",Director,
Elumen LED Lighting Solutions Company Limited,https://sourcing.hktdc.com/en/Supplier-Store/Profile/Elumen-LED-Lighting-Solutions-Company-Limited/1X06TW48,extracted,Manufacturer,Hong Kong,2004,"Environmental Protection , Lights , Parts, Electrical Electronic Supplies","Australasia, Eastern Europe, Hong Kong, Japan, North America, Southeast Asia, Western Europe, Worldwide","ELL , eLumen",Mr Ben Hui,"Unit 10-11, 11/F, New Trend Centre, No. 704 Prince Edward Road East, San Po Kong, Kowloon, Hong Kong",Hong Kong,51 - 100,"US$ 500,000 - 999,999",Sales Officer,
Fando Group Limited,https://sourcing.hktdc.com/en/Supplier-Store/Profile/Fando-Group-Limited/1S00OGSC8,extracted,Manufacturer,Hong Kong,2011,,"Japan, Scandinavia",,Mr Michael Kwong-Sai Tong,"Unit 5, 19/F, Nan Fung Centre, 264-298 Castle Peak Road, Tsuen Wan, New Territories, Hong Kong",Hong Kong,51 - 100,"US$ 50,000 - 99,999",General Manager,
"Flesineon Illumination Co., Limited",https://sourcing.hktdc.com/en/Supplier-Store/Profile/Flesineon-Illumination-Co-Limited/1X00JC1Z,extracted,Manufacturer,Hong Kong,2005,"Environmental Protection , Lights , Telecommunication","Australasia, Chinese Mainland, Middle East, North America, Scandinavia, Southeast Asia, Western Europe, Worldwide",,Mr Nicholas Chen,"Rm. 1302, 13/F, CRE Building, 303 Hennessy Rd., Wanchai, Hong Kong Hong Kong.",Hong Kong,26 - 50,"US$ 1,000,000 - 4,999,999",Manager,
Fongkit Electronics (HK) Co Ltd,https://sourcing.hktdc.com/en/Supplier-Store/Profile/Fongkit-Electronics-HK-Co-Ltd/1S00OBSJN,extracted,"Export Agent, Manufacturer",Hong Kong,2008,"Lights , Parts, Components & Electrical Supplies , Parts, Components & Raw Materials , Parts, Electrical Electronic Supplies","Chinese Mainland, Eastern Europe, Hong Kong, Middle East, Western Europe, Worldwide",fongkit,Mr Levi Yan,"18th Floor,On Hong Commercial Building, 145 Hennessy Road,Wanchai,Hong Kong",Hong Kong,101 - 200,,,
Golden Day Industry,https://sourcing.hktdc.com/en/Supplier-Store/Profile/Golden-Day-Industry/1X0A7YAW,extracted,,Hong Kong,,"Environmental Protection , Lights",,,Cindy Hung,"1/F No.60A, Wah Fat Buildinng, Tung Ming Street, Kwun Tong, Kl., Hong Kong",Hong Kong,,,Manger,
Great Eastern Textiles Ltd,https://sourcing.hktdc.com/en/Supplier-Store/Profile/GREAT-EASTERN-TEXTILES-LIMITED/1X08G1X0,extracted,"Exporter, Manufacturer",Hong Kong,2005,"Furniture & Parts , Homeware & Lifestyle Essentials , Lights",,,Mr John Fu,"FLAT B,21/F, CAPITAL TRADE CENTRE, NO.62 TSUN YIP STREET, KWUN TONG,KOWLOON,",Hong Kong,201 - 500,"US$ 5,000,000 - 9,999,999",,
HK Syhdee Lighting Co Ltd,https://sourcing.hktdc.com/en/Supplier-Store/Profile/HK-Syhdee-Lighting-Co-Ltd/1S00OPM28,extracted,Manufacturer,Hong Kong,2007,Lights,"Australasia, Eastern Europe, Japan, North America, Worldwide",,Mr Woody Chan,"Unit C, 8/F First Asia Tower, 8 Fui Yiu Kok Street Tsuen Wan Hong Kong",Hong Kong,201 - 500,"US$ 5,000,000 - 9,999,999",,
"Hairui Industrial Co., Limited",https://sourcing.hktdc.com/en/Supplier-Store/Profile/Hairui-Industrial-Co-Ltd-/1S00OOKUY,extracted,,Hong Kong,,Lights,,,Ms Dan Liu,,Hong Kong,,,,
Hong Kong Mao Xing Hang Limited,https://sourcing.hktdc.com/en/Supplier-Store/Profile/Hong-Kong-Mao-Xing-Hang-Limited/1X047R3O,extracted,"Exporter, Manufacturer",Hong Kong,2008,"Consumer Electronics , Electronics , Environmental Protection , Health, Beauty and Baby Care , Lights , Personal Care","Central & South America, Eastern Europe, North America, Scandinavia, Western Europe",,Mr Tony Wu,"Unit B, 35/F, United Centre, 95 Queensway, Hong Kong",Hong Kong,,,Manager,
"HongKong Henhui Electronics Technology Co., Limited",https://sourcing.hktdc.com/en/Supplier-Store/Profile/HongKong-Henhui-Electronics-Technology-Co-Limited/1S00OSWAA,extracted,Manufacturer,Hong Kong,2014,Lights,"Australasia, Middle East, North America, Worldwide",Teco,Mr Chanfone Sun,"Unit A516, 5/F, Efficiency Hse, 35 Tai Yau St, San Po Kong, Kowloon, Hong Kong",Hong Kong,26 - 50,"US$ < 50,000",Sales Manager,
Hongkong Brightsun Limited,https://sourcing.hktdc.com/en/Supplier-Store/Profile/Hong-Kong-Brightsun-Limited/1S00O6ZM7,extracted,Manufacturer,Hong Kong,2005,Lights,"Central & South America, Eastern Europe, Japan, Korea, North America, Western Europe, Worldwide",BSUP,Ms Sophia C,"Bright sun factory Chenghua road Chenghai District ,Shantou. Guangdong China",Hong Kong,51 - 100,"US$ 1,000,000 - 4,999,999",,
Hongkong Newlite Technology Limited,https://sourcing.hktdc.com/en/Supplier-Store/Profile/Hongkong-Newlite-Technology-Limited/1S00OL3HI,extracted,,Chinese Mainland,,"Consumer Electronics , Lights , Parts, Components & Electrical Supplies , Parts, Components & Raw Materials , Parts, Electrical Electronic Supplies",,,Mrs peng ping,,Chinese Mainland,,,,
"JINTION ELECTRONICS (H.K.) CO.,LIMITED",https://sourcing.hktdc.com/en/Supplier-Store/Profile/JINTION-ELECTRONICS-H-K-CO-LIMITED/1S00PEHS7,extracted,"Exporter, Manufacturer",Hong Kong,,,,,Mr JACKY CHEN,ROOM 1002 10/F EASEY COMMERCIAL BUILDING 253-261 HENNESSY ROAD WAN CHAI HK,Hong Kong,,,,
Karnar International Group Limited,https://sourcing.hktdc.com/en/Supplier-Store/Profile/Karnar-International-Group-Limited/1X06QZBS,extracted,"Exporter, Manufacturer, Retailer, Wholesaler",Hong Kong,,"Environmental Protection , Lights","Eastern Europe, North America, Western Europe",,Dr Karnar Market,"RM 1202 12/F TUNG CHUN COMMERCIAL CENTRE 438-444, SHANGHAI STREET KL Kowloon, Hong Kong.",Hong Kong,,,Manager,
Keytec Technology Company Limited,https://sourcing.hktdc.com/en/Supplier-Store/Profile/Keytec-Technology-Co-Ltd/1X06QXVE,extracted,"Exporter, Manufacturer",Hong Kong,2006,Lights,"Australasia, Central & South America, Chinese Mainland, Eastern Europe, Hong Kong, Scandinavia, Western Europe",,Mr Tom Chiu,"Rm. 19C, Lockhart Ctr 301-307 Lockhart Rd  Wan Chai Hong Kong",Hong Kong,26 - 50,"US$ 1,000,000 - 4,999,999",Project Manager,
"LND Battery Industrial (HK) Co., Ltd",https://sourcing.hktdc.com/en/Supplier-Store/Profile/LND-Battery-Industrial-HK-Co-Ltd/1X0455MZ,extracted,Manufacturer,Hong Kong,2003,"Consumer Electronics , Lights , Parts, Components & Electrical Supplies","Central & South America, Chinese Mainland, Eastern Europe, North America, Southeast Asia, Western Europe, Worldwide","LND POWER, GIANT POWER, DINOGY",Mr Benny Zhang,"SONGLING INDUSTRIAL PARK, DURUAN TOWN, JIANGMEN, GUANGDONG, CHINA",Hong Kong,501 - 1000,"US$ 10,000,000 - 49,999,999",Sales Director,
Luxlight Trading (hong Kong) Company Limited,https://sourcing.hktdc.com/en/Supplier-Store/Profile/LUXLIGHT-TRADING-HONGKONG-COMPANY-LIMITED/1S00OP7NW,extracted,Exporter,Hong Kong,2013,Lights,"Australasia, Scandinavia, Western Europe",,Mr xiangdong wang,Luxlight Trading (hong Kong) Company Limited FOOK YIP BUILDING NOS. 53-57 KWAI FUNG CRESCENT KWAI CHUNG Hong Kong,Hong Kong,,,,
Minar Illumination Limited,https://sourcing.hktdc.com/en/Supplier-Store/Profile/Minar-Illumination-Limited/1S00OSUE0,extracted,Manufacturer,Hong Kong,2002,Lights,"Middle East, Southeast Asia, Western Europe",Minar,Mr George Yenn,"Unit 7, 13/F, Beverley Comm Ctr, 87-105 Chatham Rd S, Tsim Sha Tsui, Kowloon, Hong Kong",Hong Kong,26 - 50,"US$ 1,000,000 - 4,999,999",Sales Manager,
"Mingshi Industry Co.,limited",https://sourcing.hktdc.com/en/Supplier-Store/Profile/Mingshi-Industry-Co-Limited/1S00OBFCL,extracted,"Manufacturer, Wholesaler",Hong Kong,2010,"Lights , Raw Materials","Eastern Europe, Japan, North America, Scandinavia, Southeast Asia, Western Europe, Worldwide",,Ms Maggie Ming,"Flat 404A, 4/F, Beverley Commercial Centre 87-105 Chatham Road South Tsim Sha Tsui, Kowloon Hongkong",Hong Kong,26 - 50,"US$ 1,000,000 - 4,999,999",CEO,
"Ningbo Crownway Enterprise Co., Limited",https://sourcing.hktdc.com/en/Supplier-Store/Profile/NINGBO-CROWNWAY-ENTERPRISE-CO-LIMITED/1X05WRTY,extracted,"Exporter, Manufacturer",Hong Kong,2003,Lights,"Central & South America, Eastern Europe, Japan, North America, Southeast Asia, Western Europe, Worldwide",Crownway,Ms Effie Wong,"Flat 1701, 17/F., Henan Building, 90 Jafee Road, Waichai, Hong Kong",Hong Kong,6 - 10,"US$ < 50,000",,
"Shenzhen Risesun Optoelectronics Co., Ltd",https://sourcing.hktdc.com/en/Supplier-Store/Profile/Shenzhen-Risesun-Optoelectronics-Co-Ltd/1X07HIWM,extracted,"Exporter, Manufacturer, Wholesaler",Hong Kong,,"Environmental Protection , Lights",Worldwide,,Miss Ziling Zhou,"Room 1103, Hang Seng Mongkok Building, 677 Nathan Road, Mongkok, Kowloon, Hong Kong",Hong Kong,,,Sales Manager,
"Tenme Tech Co., Limited",https://sourcing.hktdc.com/en/Supplier-Store/Profile/Tenme-Tech-Co-limited/1S00OPIH3,extracted,,Hong Kong,,"Scientific, Testing & Laboratory Equipments",,,Ms Summer Sun,,Hong Kong,,,,
"Thailight Semiconductor Lighting (HK) Co., Limited",https://sourcing.hktdc.com/en/Supplier-Store/Profile/Thailight-Semiconductor-Lighting-HK-Co-Ltd/1X06R2FF,extracted,Manufacturer,Hong Kong,2009,"Environmental Protection , Lights","North America, Western Europe",,Ms Helen He,"Unit 1406B, 14/F, The Belgian Bank Building, 721-725 Nathan Rd, Kowloon, Hong Kong.",Hong Kong,51 - 100,,,
Wing Tai Porcelain Manufactory Limited,https://sourcing.hktdc.com/en/Supplier-Store/Profile/Wing-Tai-Porcelain-Mfy-Ltd/1X004LYB,extracted,"Exporter, Manufacturer",Hong Kong,1983,Lights,Worldwide,The Expression Collection,Mr Joe Szeto,FLAT/RM 29 BLK D 17/F WAH LOK IND CTR 31-35 SHAN MET ST FOTAN SHATIN NT,Hong Kong,101 - 200,"US$ 250,000 - 499,999",Export Manager,
Xin Guang Yuan (HK) Electronic Limited,https://sourcing.hktdc.com/en/Supplier-Store/Profile/Xin-Guang-Yuan-HK-Electronic-Limited/1X084RR0,extracted,,Hong Kong,,Lights,,,Scarly Min,"Room 1103, Hang Seng Mongkok Building, 677 Nathan Road, Mongkok, Kowloon, Hong Kong",Hong Kong,,,,
Xiongyuan Trading Limited,https://sourcing.hktdc.com/en/Supplier-Store/Profile/Xiongyuan-Trading-Ltd-/1S00OP1GN,extracted,,Hong Kong,,Lights,,,Ms Fangfang Yan,,Hong Kong,,,,
Zapo Group Commerce Corporation Limited,https://sourcing.hktdc.com/en/Supplier-Store/Profile/Zapo-Group-Commerce-Corporation-Limited/1S00OSUIO,extracted,"Exporter, Manufacturer",Hong Kong,2011,Lights,Worldwide,,Ms Sharon Lau,"Room 19, Unit 1011-15, Tower B, New Mandarin Plaza, Tsim Sha Tsui Hong Kong",Hong Kong,16 - 25,,Sales Manager Assistant,
"Zhengri Technology Co., Ltd.",https://sourcing.hktdc.com/en/Supplier-Store/Profile/Zhengri-Technology-Co-Ltd-/1S00OOE2G,extracted,,Hong Kong,,Lights,,,Mr Yang Ding,,Hong Kong,,,,
"Zoom Electronics & Appliances Co., Limited",https://sourcing.hktdc.com/en/Supplier-Store/Profile/Zoom-Electronics-Appliances-Co-Ltd-/1X06QYHP,extracted,Manufacturer,Hong Kong,2008,"Environmental Protection , Lights","Africa, Central & South America, Eastern Europe, Korea, North America, Western Europe",,Betty Luo,"Factory address:, NO.5,MeiJing East Road,GangKou Town, Zhongshan,Guangdong,China Hong Kong.",Hong Kong,26 - 50,"US$ 250,000 - 499,999",Marketing,
All-LampShade Factory,https://sourcing.hktdc.com/en/Supplier-Store/Profile/All-LampShade-Factory/1X05Z4WS,extracted,Manufacturer,"Taipei City, Taiwan",2005,"Environmental Protection , Lights","Eastern Europe, Western Europe",,Mr - Dong,"5F, No.136, Alley 95, Lane 113 Tung Hu Rd. Taipei Taiwan",Taiwan,,,Manager,
Anhui Ledtu Electronics Technology CO LTD,https://sourcing.hktdc.com/en/Supplier-Store/Profile/Anhui-Ledtu-Electronics-Technology-Co-Ltd/1S00P6G62,extracted,Manufacturer,"Lu'An, Anhui, Chinese Mainland",2011,Lights,Worldwide,Ledtu,Ms Julie Song,"No.2-1 Mazongling Road, Jinzhai Economic Development Area Jinzhai, Lu'An, Anhui China",Chinese Mainland,101 - 200,"US$ 10,000,000 - 49,999,999",General Manager,
Anji Ruyi Crafts Factory,https://sourcing.hktdc.com/en/Supplier-Store/Profile/ANJI-RUYI-CRAFTS-FACTORY/1S00O5V9E,extracted,,Chinese Mainland,,Lights,,,Ms ruyi jin,,Chinese Mainland,,,,
"Artdeco Lighting Co., Ltd.",https://sourcing.hktdc.com/en/Supplier-Store/Profile/Artdeco-Lighting-Co-Ltd-/1X04TGVT,extracted,Manufacturer,"Zhongshan, Guangdong, Chinese Mainland",2004,Lights,Western Europe,,Mr Michael Fan,"Yushatan Ind Zone, Longdong Tianhe, Guangzhou China.",Chinese Mainland,,,Manager,
"Berdis Lighting (Jiangmen) Co., Ltd.",https://sourcing.hktdc.com/en/Supplier-Store/Profile/Jiangmen-Berdis-Lighting-Co-Ltd-/1X0AJSWS,extracted,Manufacturer,"Jiangmen, Guangdong, Chinese Mainland",2014,"Environmental Protection , Lights","Australasia, Scandinavia, Western Europe",BERDIS,Ms HAO XUE,"6F, Building 2,No. 48, Donghou Road, Xinhui Ditrict, Jiangmen City, Guangdong Province, China",Chinese Mainland,26 - 50,,,
C.E.T. Company Limited,https://sourcing.hktdc.com/en/Supplier-Store/Profile/C-E-T-COMPANY-LIMITED/1S00OKUHR,extracted,"Exporter, Manufacturer","Jiaxing, Zhejiang, Chinese Mainland",1996,"Environmental Protection , Lights , Party Supplies","Australasia, North America, Western Europe",,Mr yifeng zhang,jingjia avenue No118 Jiashan County jiaxing city,Chinese Mainland,101 - 200,"US$ 500,000 - 999,999",,
"Changzhou Fengsheng Opto-Electronics Co., Ltd.",https://sourcing.hktdc.com/en/Supplier-Store/Profile/Changzhou-Fengsheng-Opto-Electronics-Co-Ltd/1S00OQQ24,extracted,,Chinese Mainland,,Lights,,,Wang Fei,"No.406 Hanjiang Road, New North District, Changzhou, Jiangsu, China",Chinese Mainland,,,Manager,
"Changzhou J & H Import & Export Co., Ltd.",https://sourcing.hktdc.com/en/Supplier-Store/Profile/Changzhou-J-H-Import-Export-Co-Ltd/1X087HK1,extracted,"Exporter, Manufacturer","Changzhou, Jiangsu, Chinese Mainland",1996,"Environmental Protection , Lights","Eastern Europe, North America, Worldwide",J&H,Ms Yue Aileen,"Room 703, Building A, Bo'An International, NanYang Business Plaza, Hutang Town, Wujin District, Changzhou, Changzhou",Chinese Mainland,51 - 100,"US$ 250,000 - 499,999",Sales Manager,
Chromateq,https://sourcing.hktdc.com/en/Supplier-Store/Profile/CHROMATEQ/1X05WW93,extracted,Manufacturer,France,2010,Lights,Worldwide,CHROMATEQ - LED PLAYER - CLUB DMX - PRO DMX - PIXXEM,Mr Vianney Bourjot,191 allée de Lauzard St Gely du Fesc France.,France,6 - 10,"US$ 500,000 - 999,999",,
Citylux Technology Corp. Ltd,https://sourcing.hktdc.com/en/Supplier-Store/Profile/Citylux-China-Led-Lighting-Limited/1X08711W,extracted,Manufacturer,"Guangzhou, Guangdong, Chinese Mainland",2005,"Environmental Protection , Lights","Central & South America, Eastern Europe, Japan, Korea, Middle East, North America, Other Asian Countries, Western Europe",,Ms - Li,Guangzhou,Chinese Mainland,51 - 100,"US$ 500,000 - 999,999",Manager,
"Cixi City Shengyi Lighting Electric Appliance Co., Ltd.",https://sourcing.hktdc.com/en/Supplier-Store/Profile/Cixi-City-Shengyi-Lighting-Electric-Appliance-Co-Ltd-/1X03SV5A,extracted,Manufacturer,"Ningbo, Zhejiang, Chinese Mainland",2006,"Environmental Protection , Lights","Eastern Europe, Hong Kong, Korea, Scandinavia, Southeast Asia, Western Europe",,"Mr Stephen Weng,Huang Guocheng","No.8,Hubin North Road, Fanshi Town, Cixi City, Zhejiang Province,315312,P.R.China",Chinese Mainland,101 - 200,"US$ 1,000,000 - 4,999,999","Sales Manager,General Manager",
"Cixi East Glass Co., Ltd.",https://sourcing.hktdc.com/en/Supplier-Store/Profile/Cixi-East-Glass-Co-Ltd/1X00JT6F,extracted,"Exporter, Manufacturer","Ningbo, Zhejiang, Chinese Mainland",1992,"Building Materials & Supplies , Home Appliances , Homeware & Lifestyle Essentials , Lights","Central & South America, Chinese Mainland, Eastern Europe, Korea, Middle East, North America, Other Asian Countries, Scandinavia, Southeast Asia, Taiwan, Western Europe, Worldwide",EASTGLASS,Ms Joyce Cen,"Qaotou Industrial Zone, Cixi, Zhejiang Zhejiang, China",Chinese Mainland,101 - 200,"US$ 1,000,000 - 4,999,999",Sales Manager,
"Cixi Jifu Lighting Electric Co., Ltd.",https://sourcing.hktdc.com/en/Supplier-Store/Profile/Cixi-Jifu-Lighting-Electric-Co-Ltd/1X03SWB1,extracted,"Export Agent, Manufacturer","Ningbo, Zhejiang, Chinese Mainland",2007,"Environmental Protection , Lights","Central & South America, Eastern Europe, Hong Kong, Middle East, Other Asian Countries, Western Europe",,Mr Hua Tianjun,"Dapeng Village, Sanbei Town, Cixi City, Zhejiang, China",Chinese Mainland,101 - 200,"US$ 1,000,000 - 4,999,999",General Manager,
"Cixi Jinri Electronic Technology Co., Ltd.",https://sourcing.hktdc.com/en/Supplier-Store/Profile/Cixi-Jinri-Electronic-Technology-Co-Ltd-/1X00JT8D,extracted,"Exporter, Manufacturer","Ningbo, Zhejiang, Chinese Mainland",2003,"Consumer Electronics , Electronics , Environmental Protection , Lights","Central & South America, Eastern Europe, North America, Scandinavia, Western Europe",,Mr Samen Tong,"No.515, ZhangXinnan Road, Xiaoling Town, CityXiaolin, Cixi City, Ningbo, Zhejiang Province, China",Chinese Mainland,,,Manager,
"Cixi Kaifeng Electronics Co., Ltd.",https://sourcing.hktdc.com/en/Supplier-Store/Profile/Cixi-Kaifeng-Electronics-Co-Ltd-/1X03SGCC,extracted,Manufacturer,"Ningbo, Zhejiang, Chinese Mainland",1988,"Consumer Electronics , Parts, Components & Electrical Supplies , Parts, Components & Raw Materials",Chinese Mainland,,Mr Wang Ke Nong,"No. 118, Kaifa Road, Xiaolin Avenue, Xiaolin Town, Cixi, Zhejiang Province, China",Chinese Mainland,201 - 500,"US$ 1,000,000 - 4,999,999",Sales,
"Cixi Leonlux Technology Co., Ltd.",https://sourcing.hktdc.com/en/Supplier-Store/Profile/Cixi-Leonlux-Technology-Co-Ltd-/1X0908OO,extracted,"Exporter, Manufacturer","Ningbo, Zhejiang, Chinese Mainland",2010,"Environmental Protection , Lights","Australasia, Central & South America, Eastern Europe, Hong Kong, Scandinavia, Taiwan, Western Europe",,Mr Manfred Chan,"Jiangdong Village,Zonghai Town, Cixi,Ningbo, Zhejiang,",Chinese Mainland,26 - 50,"US$ 1,000,000 - 4,999,999",Sales Manager,
"Cixi Suplux Co., Ltd.",https://sourcing.hktdc.com/en/Supplier-Store/Profile/Cixi-Suplux-Co-Ltd/1X00NYBV,extracted,"Exporter, Manufacturer","Ningbo, Zhejiang, Chinese Mainland",2007,Lights,"Africa, Australasia, Eastern Europe, Hong Kong, Middle East, Other Asian Countries, Scandinavia, Southeast Asia, Taiwan, Western Europe, Worldwide",,Mr Guangzhao Huang,"Sanbei Town, Cixi City, Ningbo 315331, China",Chinese Mainland,101 - 200,"US$ 5,000,000 - 9,999,999",General Manager,
"Coclux Lighting (Xiamen) Co., Ltd.",https://sourcing.hktdc.com/en/Supplier-Store/Profile/Coclux-Lighting-Xiamen-Co-Ltd-/1X0A0GRX,extracted,Manufacturer,"Xiamen, Fujian, Chinese Mainland",2007,"Environmental Protection , Lights","Central & South America, Eastern Europe, Scandinavia, Western Europe",,Ms Amanda Chen,"F17, No.5 Yilan Road, Guanyinshan CBD, Xiamen, Fujian 361001, China",Chinese Mainland,201 - 500,"US$ 10,000,000 - 49,999,999",Sales Director,
"Cosun Technology (Shenzhen) Co., Ltd.",https://sourcing.hktdc.com/en/Supplier-Store/Profile/Cosun-Technology-Shenzhen-Co-Ltd/1X0AJSQY,extracted,,Chinese Mainland,,Lights,,,paul zhong,"No.7 Fuping Middle Road, Pingdi Town, Longgang District,Shenzhen, China",Chinese Mainland,,,,
"Dong Guan Eurborn Engling Co., Ltd.",https://sourcing.hktdc.com/en/Supplier-Store/Profile/Dong-Guan-Eurborn-Engling-Co-Ltd/1X04S6G2,extracted,"Exporter, Manufacturer","Dongguan, Guangdong, Chinese Mainland",,"Environmental Protection , Lights","Eastern Europe, Western Europe",,Mr Peter Lee,"No.6 Hongshi Road, Ludong District, Humen, Dongguan City, Guangdong Province, China.",Chinese Mainland,,,General manager,
DongGuang DFM Electronics Limited Company,https://sourcing.hktdc.com/en/Supplier-Store/Profile/DongGuang-DFM-Electronics-Limited-Company/1S00OATD4,extracted,"Exporter, Manufacturer","Dongguan, Guangdong, Chinese Mainland",2012,,Worldwide,DFM; DFMIoT,Mr Adam Chen,"Room 4601, Gongchang Road, Huangjiang Town, Dongguan City, Guangdong Province, China",Chinese Mainland,16 - 25,"US$ 500,000 - 999,999",Oversea Sales Manager,
"Dongguan KJH Lights Co., LTD",https://sourcing.hktdc.com/en/Supplier-Store/Profile/Dongguan-KJH-Lights-Co-LTD/1S00OYJKT,extracted,,Chinese Mainland,,Lights,,,Ms Cai-Xia Zheng,,Chinese Mainland,,,,
"Dongguan Meiyan Lighting Hardware Co., Ltd.",https://sourcing.hktdc.com/en/Supplier-Store/Profile/Dongguan-Meiyan-Lighting-Hardware-Co-Ltd-/1S00OH4K8,extracted,"Exporter, Manufacturer, Wholesaler","Dongguan, Guangdong, Chinese Mainland",2015,Lights,,,Mr Robin Luo,"No 108, Hengli Village Road, Dongguan,Guangdong, China",Chinese Mainland,51 - 100,,,
Dongguan Yongen Technology Co Ltd,https://sourcing.hktdc.com/en/Supplier-Store/Profile/Dongguan-Yongen-Technology-Co-Ltd/1S00OTVLE,extracted,,Chinese Mainland,,Lights,,,Annie Deng,"No 9 Liaoxia New Village, Houjie Town, Dongguan City, Guangdong, China",Chinese Mainland,,,,
"Dongguan Yuyang Hardware Co., Ltd.",https://sourcing.hktdc.com/en/Supplier-Store/Profile/Dongguan-Yuyang-Hardware-Co-Ltd/1S00OITD4,extracted,,Chinese Mainland,,Lights,,,Ms Jing Liu,,Chinese Mainland,,,,
"E-Power Co., Ltd.",https://sourcing.hktdc.com/en/Supplier-Store/Profile/E-Power-Co-Ltd/1S00OCMNH,extracted,Manufacturer,"Korea, Republic Of",2014,"Lights , Parts, Electrical Electronic Supplies","Middle East, North America, Western Europe","EPWER, E-POWER",Ms GRACE KO,"903-912, 1, MAEWHASANDAN 3GIL, SIHEUNGCITY SOUTH KOREA","Korea, Republic Of",26 - 50,"US$ 10,000,000 - 49,999,999",SALES DIRECTOR,
"El-Range Mfg. Co., Ltd.",https://sourcing.hktdc.com/en/Supplier-Store/Profile/EL-Range-Mfg-Co-Ltd/1X00JU4E,extracted,"Exporter, Manufacturer","Ningbo, Zhejiang, Chinese Mainland",2004,"Environmental Protection , Lights , Parts, Components & Electrical Supplies , Parts, Components & Raw Materials","Eastern Europe, Middle East, North America, Western Europe",,Mr Jian Dong Chen,"Unit A1007, No.203 Lantian Rd., Ningbo City, Zhejiang Province, China",Chinese Mainland,26 - 50,"US$ 5,000,000 - 9,999,999",General Manager,
"Etman Electric (Changzhou) Co., Ltd.",https://sourcing.hktdc.com/en/Supplier-Store/Profile/Etman-Electric-Changzhou-Co-Ltd/1X07EZQD,extracted,"Exporter, Manufacturer","Changzhou, Jiangsu, Chinese Mainland",1999,"Consumer Electronics , Environmental Protection , Lights , Parts, Components & Electrical Supplies , Parts, Components & Raw Materials",Worldwide,,Ms Cassie Huang,"Lijia Town, Wujin District, Changzhou City, Jiangsu, China",Chinese Mainland,201 - 500,,Int'l Trade Development Sales,
Everlab Innovation Co. Limited,https://sourcing.hktdc.com/en/Supplier-Store/Profile/Everlab-Innovation-Co-Limited/1S00P5RLI,extracted,Manufacturer,"Ningbo, Zhejiang, Chinese Mainland",,Lights,"Central & South America, North America, Western Europe",,Miss Cindy Wang,"No. 77, Wuxiang East Road, Yinzhou District, Ningbo City, Zhejiang Province, China",Chinese Mainland,,,Sales Manager,
"Heng Hui Lighting Industries Co.,Ltd.",https://sourcing.hktdc.com/en/Supplier-Store/Profile/Foshan-Shunde-Heng-Hui-Lighting-Ind-Co-Ltd/1X05R4YQ,extracted,Manufacturer,"Foshan, Guangdong, Chinese Mainland",1993,"Environmental Protection , Lights","Africa, Central & South America, Eastern Europe, Western Europe",,Ms Peach Au,"North No. 3 Tive Road Chi Hua Ind'l District, Chencun Road Chengcun Town, Shunde Foshan City, Guangdong, China",Chinese Mainland,201 - 500,"US$ 10,000,000 - 49,999,999",Marketing Manager,
"FY Lighting Co., Ltd",https://sourcing.hktdc.com/en/Supplier-Store/Profile/FY-Lighting-Co-Ltd/1X06EB6X,extracted,"Exporter, Manufacturer","Shenzhen, Guangdong, Chinese Mainland",2009,"Environmental Protection , Lights","Australasia, Central & South America, Eastern Europe, Hong Kong, North America, Scandinavia, Taiwan, Western Europe",FY,Mr Jim Huang,"5th Floor, Bldg F, Weiye Innovation Industrial Park, Hangcheng Road, Xixiang Town, Bao'an District, Shenzhen, China",Chinese Mainland,51 - 100,"US$ 500,000 - 999,999",VP,
"Finestar Lighting Technology Co., Ltd.",https://sourcing.hktdc.com/en/Supplier-Store/Profile/Finestar-Lighting-Technology-Co-Ltd-/1S00OG679,extracted,"Exporter, Manufacturer, Wholesaler","Zhongshan, Guangdong, Chinese Mainland",2012,"Home Appliances , Lights","Africa, Australasia, Central & South America, Eastern Europe, Japan, Korea, Middle East, North America, Other Asian Countries, Scandinavia, Southeast Asia, Western Europe, Worldwide",,Miss Yvonne Fang,"NO.13, Tongyu West Road, Guzhen Town, Zhongshan City, Guangdong, China",Chinese Mainland,201 - 500,"US$ 5,000,000 - 9,999,999",,
"Foshan Brinno Tech Co., Ltd.",https://sourcing.hktdc.com/en/Supplier-Store/Profile/Foshan-Brinno-Tech-Co-Ltd/1S00NU3A3,extracted,Manufacturer,"Foshan, Guangdong, Chinese Mainland",2012,Lights,,BRINNO,Ms Cathy Woo,"#204,No.2 building,TianFu Science&Tech Center Guicheng, Nanhai District Foshan,GuangDong,P.R China",Chinese Mainland,26 - 50,"US$ 100,000 - 249,999",,
"Foshan Jiamei Lighting Electrical Appliance Co., Ltd.",https://sourcing.hktdc.com/en/Supplier-Store/Profile/Foshan-Jiamei-Lighting-Electrical-Appliance-Co-Ltd-/1S00NWULF,extracted,Manufacturer,"Foshan, Guangdong, Chinese Mainland",1985,Lights,"Eastern Europe, Korea, North America, Western Europe",JOM,Miss Cheng Zhang,"JOM Industrial Park, No.68, Taoyuan East Road, Shishan Town, Nanhai District, Foshan City, Guangdong Province China",Chinese Mainland,501 - 1000,"US$ 50,000,000 - 99,999,999",GM Assistant,
Foshan Ledfuse Lighting Co Ltd,https://sourcing.hktdc.com/en/Supplier-Store/Profile/Foshan-Ledfuse-Lighting-Co-Ltd/1X0AJTNY,extracted,"Exporter, Manufacturer","Foshan, Guangdong, Chinese Mainland",,Lights,,,Ms - Chen,"Building A, No.4 Zhonghuan Road, Luocun, Shishan Nanhai District, Foshan City, Guangdong Province, China",Chinese Mainland,,,,
"Foshan Nanhai Renying Lamp Accessories Co., Ltd.",https://sourcing.hktdc.com/en/Supplier-Store/Profile/Foshan-Nanhai-Renying-Lamp-Accessories-Co-Ltd-/1X0AJEO6,extracted,"Exporter, Manufacturer","Foshan, Guangdong, Chinese Mainland",1991,"Consumer Electronics , Environmental Protection , Lights , Parts, Components & Electrical Supplies","Chinese Mainland, Hong Kong, Middle East, Southeast Asia, Western Europe",CNTRAC,Miss Yoyo Huang,Xiebian Industrial Zone Dali Town Nanhai District,Chinese Mainland,,,,
"Foshan Shining Lighting Technology CO., Ltd",https://sourcing.hktdc.com/en/Supplier-Store/Profile/Foshan-Shining-Lighting-Technology-CO-Ltd/1X07KPS5,extracted,"Exporter, Manufacturer","Foshan, Guangdong, Chinese Mainland",2009,"Environmental Protection , Lights","Chinese Mainland, Eastern Europe, Hong Kong, Japan, Middle East, North America, Other Asian Countries, Taiwan, Western Europe",shining lighting,Ms Jessica Pan,10 Lily Road Jinshi Main Road Nanhai National Ecological Park Nanhai,Chinese Mainland,51 - 100,"US$ 50,000 - 99,999",,
"Foshan Shunde Ouyashi Illumination Electric Apparatus Co., Ltd.",https://sourcing.hktdc.com/en/Supplier-Store/Profile/Foshan-Shunde-Ouyashi-Illumination-Electric-Apparatus-Co-Ltd-/1S00OGY7H,extracted,Manufacturer,"Foshan, Guangdong, Chinese Mainland",1996,Lights,Worldwide,,Miss Alice Xiang,"Xihua New Industrial Estate,Leliu town, shunde foshan Guangdong China",Chinese Mainland,51 - 100,"US$ 10,000,000 - 49,999,999",export manager,
"Giga Lighting Co., Ltd.",https://sourcing.hktdc.com/en/Supplier-Store/Profile/Giga-Lighting-Co-Ltd-/1X04S4BD,extracted,Manufacturer,"Zhongshan, Guangdong, Chinese Mainland",,"Environmental Protection , Lights",,,Mr Paul Lee,"No.36 Zhongshan Two Rd., Shiqi City, Zhongshan, Guangdong,China,528400",Chinese Mainland,,,Manager,
"Glacialtech, Inc.",https://sourcing.hktdc.com/en/Supplier-Store/Profile/GlacialTech-Inc/1X00EO8S,extracted,Manufacturer,"New Taipei City, Taiwan",2001,"Environmental Protection , Lights , Parts, Components & Electrical Supplies",Worldwide,"GlacialTech,GlacialPower,GlacialLight",Mr Johnny Lee,"7/F, No.352, Sec 2, Zhong Shan Road, Zhong He Dist., New Taipei City Taiwan",Taiwan,51 - 100,"US$ 10,000,000 - 49,999,999",Marketing Specialist,
"Gongyi New Materials (Anhui) Co., Ltd.",https://sourcing.hktdc.com/en/Supplier-Store/Profile/Gongyi-New-Materials-Anhui-Co-Ltd/1S00OUEFD,extracted,,Chinese Mainland,,Lights,,,DAN ZHU,"Feicai Office, Xuancheng Economic and Technological Developm, Anhui, China",Chinese Mainland,,,,
"Green Art Electronics Co., Limited",https://sourcing.hktdc.com/en/Supplier-Store/Profile/Green-Art-Electronics-Co-Limited/1S00P5SQ2,extracted,"Exporter, Manufacturer, Retailer","Foshan, Guangdong, Chinese Mainland",2011,Lights,"Africa, Australasia, Central & South America, Chinese Mainland, Eastern Europe, Hong Kong, Korea, Middle East, North America, Other Asian Countries, Scandinavia, Southeast Asia, Western Europe",GreenArt,Miss Tinna Zhu,"4th Floor B Building, NO.14, Zhi'An Rd North, Jun'An Town Shunde District, Foshan City, Guangdong PR China",Chinese Mainland,16 - 25,"US$ 100,000 - 249,999",,
"Guangdong Chuse LED Sign Co., Ltd.",https://sourcing.hktdc.com/en/Supplier-Store/Profile/Guangdong-Chuse-LED-Sign-Co-Ltd/1X00JVC3,extracted,Manufacturer,"Guangzhou, Guangdong, Chinese Mainland",2003,"Environmental Protection , Lights","Eastern Europe, Scandinavia, Western Europe",,Ms Yu Yu,"No 9, QiaoBian Road, Enping City, Guangdong, 529400, China",Chinese Mainland,,,Manager,
"Guangdong HiPO lighting Co., Ltd.",https://sourcing.hktdc.com/en/Supplier-Store/Profile/Guangdong-HiPO-lighting-Co-Ltd-/1S00PE6CU,extracted,,Chinese Mainland,,,,,Jiang jingping,"No.1,Taiming  Road, Shengfeng, Xiaolan  Town,  Zho",Chinese Mainland,,,Marketing Manager,
"Guangdong Tenda Lighting Co., Ltd.",https://sourcing.hktdc.com/en/Supplier-Store/Profile/GUANGDONG-TENDA-LIGHTING-CO-LTD/1S00P60UI,extracted,,Chinese Mainland,,Lights,,,Sharon Wei,"East Zone 1, 3rd Floor, No. 8 Lelin Street, Tongyi Industrial Zone, Guzhen Town, Zhongshan City, Guangdong Province, China",Chinese Mainland,,,,
"Guangdongjayad Lighting Technology Co., Ltd.",https://sourcing.hktdc.com/en/Supplier-Store/Profile/GUANGDONGJAYAD-LIGHTING-TECHNOLOGY-CO-LTD-/1S00OX2Y4,extracted,,Chinese Mainland,,Lights,,,Mr Jianyi Ye,,Chinese Mainland,,,,
"Guangzhou Boente Technology Co.,Ltd",https://sourcing.hktdc.com/en/Supplier-Store/Profile/Guangzhou-Boente-Technology-Co-Ltd/1S00P2FLU,extracted,Manufacturer,"Guangzhou, Guangdong, Chinese Mainland",,"Parts, Components & Electrical Supplies , Parts, Electrical Electronic Supplies",,,Mr Shiying Liu,"1F, 2F, Building 1,  No.30, Guanghua 6th Rd., Xinya Street,  Huadu District, Guangzhou China",Chinese Mainland,,,Admin,
Guangzhou Zhihui Lighting Industrial Co Ltd,https://sourcing.hktdc.com/en/Supplier-Store/Profile/Guangzhou-Zhihui-Lighting-Industrial-Co-Ltd/1S00OHJ6Z,extracted,"Exporter, Manufacturer","Guangzhou, Guangdong, Chinese Mainland",2019,Lights,"Africa, Australasia, Central & South America, Chinese Mainland, Eastern Europe, Hong Kong, Japan, Korea, Middle East, North America, Other Asian Countries, Scandinavia, Southeast Asia, Taiwan, Western Europe, Worldwide",ZHIHUI,Ms Maggie Fang,"202, Building 44, No. 9 Huateng Road, Shiqi Town Guangzhou Guangdong China",Chinese Mainland,101 - 200,"US$ 1,000,000 - 4,999,999",Sales Manager,
"Guangzhou i-Essence Electric Co., Ltd.",https://sourcing.hktdc.com/en/Supplier-Store/Profile/Guangzhou-i-Essence-Electric-Co-Ltd-/1X09T2IC,extracted,"Exporter, Manufacturer","Guangzhou, Guangdong, Chinese Mainland",2015,,"Australasia, Eastern Europe, North America, Western Europe",i-Essence,Mr Robbie Jiang,"Room 240, No.2 Private, Commercial Yard, No.20, Beidong Road, China",Chinese Mainland,51 - 100,"US$ 1,000,000 - 4,999,999",manager,
Haining Tangming Electric Lighting Co Ltd,https://sourcing.hktdc.com/en/Supplier-Store/Profile/Haining-Tangming-Electric-Lighting-Co-Ltd-/1X04S1DK,extracted,Manufacturer,"Jiaxing, Zhejiang, Chinese Mainland",,"Environmental Protection , Lights","Eastern Europe, Western Europe",,Mr Liguo Lu,"Tanqiao Industry Zone, Yuanhua Town, Haining, Zhejiang, 314417, China",Chinese Mainland,,,General Manager,
"Hangzhou Delta Art Light Co., Ltd.",https://sourcing.hktdc.com/en/Supplier-Store/Profile/Hangzhou-Delta-Art-Light-Co-Ltd/1X00JW57,extracted,"Exporter, Manufacturer","Hangzhou, Zhejiang, Chinese Mainland",2003,"Environmental Protection , Gifts / Souvenirs , Homeware & Lifestyle Essentials , Lights","Eastern Europe, Japan, Middle East, North America, Scandinavia, Southeast Asia, Western Europe",,Mr Fred Wu,"No.5, the Third Road Fuyang Dongzhou Industrial Estate Hangzhou, Zhejiang China",Chinese Mainland,51 - 100,"US$ 1,000,000 - 4,999,999",Sales Man,
"Hangzhou Dreamy Lighting Co., Ltd",https://sourcing.hktdc.com/en/Supplier-Store/Profile/Hangzhou-Dreamy-Lighting-Co-Ltd/1S00O44NZ,extracted,,Chinese Mainland,,Lights,,,Ms Lisa Sun,,Chinese Mainland,,,,
"Hangzhou EP Holding Co., Ltd.",https://sourcing.hktdc.com/en/Supplier-Store/Profile/Hangzhou-EP-Holding-Co-Ltd-/1S00P6CV3,extracted,Manufacturer,"Hangzhou, Zhejiang, Chinese Mainland",2025,,Eastern Europe,,Ms Daisy Zhang,Office Hangzhou Zhejiang China,Chinese Mainland,101 - 200,"US$ > 250,000,000",Sales,
"Hangzhou Qisheng Lighting Co., Ltd",https://sourcing.hktdc.com/en/Supplier-Store/Profile/Hangzhou-Qisheng-Lighting-Co-Ltd/1S00OV1WB,extracted,"Exporter, Manufacturer","Hangzhou, Zhejiang, Chinese Mainland",2017,Lights,"Australasia, Hong Kong, Middle East, North America, Scandinavia, Western Europe",,Mr Jason Lee,"Room 401, Bldg3, No.2 Fengdu lnduslrial Zone, Pingyao, Yuhang, Hangzhou, China",Chinese Mainland,51 - 100,"US$ 500,000 - 999,999",Director of Sales,
Hangzhou Sundy Lighting Electric Co Ltd,https://sourcing.hktdc.com/en/Supplier-Store/Profile/Hangzhou-Sundy-Lighting-Electric-Co-Ltd-/1X09GHMZ,extracted,"Exporter, Manufacturer","Hangzhou, Zhejiang, Chinese Mainland",2002,"Environmental Protection , Lights","Australasia, Central & South America, Eastern Europe, Hong Kong, Japan, Korea, North America, Scandinavia, Southeast Asia, Taiwan, Western Europe",SD LUX,Mr Ray Chen,"NO.7, Yangcheng Rd., Fengdu Industrial Park, Pingyao town, Yuhang Dist., Hangzhou, 310012, China",Chinese Mainland,51 - 100,"US$ 1,000,000 - 4,999,999",General Manager,
"Hangzhou Watchung Import & Export Co., Ltd.",https://sourcing.hktdc.com/en/Supplier-Store/Profile/Hangzhou-Watchung-Import-Export-Co-Ltd-/1X08N1S5,extracted,"Export Agent, Exporter, Manufacturer","Hangzhou, Zhejiang, Chinese Mainland",2014,"Home Products, Lights & Constructions , Jewellery & Watch , Lights , Stationery","Japan, Korea, North America, Scandinavia, Western Europe",,Mr HUI MIN SHANG,"Room 402,Building One, Lushan Time Plaza,No.269 Jinlu Road, Lushan Subdistrict, Fuyang District, Hangzhou,CHINA",Chinese Mainland,1 - 5,"US$ 1,000,000 - 4,999,999",,
"Honglink Lighting Co., Ltd",https://sourcing.hktdc.com/en/Supplier-Store/Profile/Honglink-Lighting-Co-Ltd/1S00OU71Q,extracted,"Exporter, Manufacturer","Foshan, Guangdong, Chinese Mainland",2007,Lights,"Eastern Europe, Scandinavia, Western Europe",Honglink,Miss Amy Huang,"No.72 Gangjiao Road, Lishui Town, Nanhai Area, Foshan City, Guangdond Province, China",Chinese Mainland,101 - 200,"US$ 10,000,000 - 49,999,999",CEO,
"Howell Energy Co., Ltd.",https://sourcing.hktdc.com/en/Supplier-Store/Profile/Howell-Energy-Co-Ltd/1X08RI0I,extracted,"Exporter, Manufacturer","Shenzhen, Guangdong, Chinese Mainland",,"Consumer Electronics , Environmental Protection , Lights , Parts, Components & Electrical Supplies , Parts, Electrical Electronic Supplies",,,Mr Robert Zhou,"B1010, Genzon Times Square,   Longgang Center, Shenzhen Shenzhen",Chinese Mainland,,,Sales Manager,
"Hubei Derun Lighting Appliance Co., Ltd.",https://sourcing.hktdc.com/en/Supplier-Store/Profile/Hubei-Derun-Lighting-Appliance-Co-Ltd/1X03TEYW,extracted,"Exporter, Manufacturer, Wholesaler","Wuhan, Hubei, Chinese Mainland",2007,"Environmental Protection , Lights","Africa, Australasia, Central & South America, Japan, Middle East, North America, Western Europe, Worldwide",,Mr Wei Hong,"Tianlong Industrial Park, Yintan Road, Dongxihu, Wuhan City, Hubei Province, China.",Chinese Mainland,101 - 200,"US$ 1,000,000 - 4,999,999",Executive Director,
Interone Company Limited,https://sourcing.hktdc.com/en/Supplier-Store/Profile/INTERONE-Co-Ltd-/1X086BTA,extracted,Manufacturer,"Korea, Republic Of",2001,"Environmental Protection , Lights , Parts, Components & Electrical Supplies , Parts, Components & Raw Materials",Korea,,Mr Jeong Hun Na,"46-18, Godeok-Ro, 139 Beon-Gil, Yangju-City, Yangju-City","Korea, Republic Of",51 - 100,"US$ 5,000,000 - 9,999,999",President,
Jiangmen Esclighting Technology Limited,https://sourcing.hktdc.com/en/Supplier-Store/Profile/Jiangmen-Esclighting-Technology-Limited/1S00OTDWZ,extracted,,Chinese Mainland,,"Environmental Protection , Home Appliances , Homeware & Lifestyle Essentials , Lights",,,Xong Xiaojie,"Buliding 1, No.19 Gaoxin Road, Jianghai Zone, Jiangmen City, Guangdong Province, China",Chinese Mainland,,,,
Jiangmen Huizhuo Technology Co. LTD,https://sourcing.hktdc.com/en/Supplier-Store/Profile/Jiangmen-Huizhuo-Technology-Co-LTD/1S00NTF63,extracted,"Exporter, Manufacturer, Wholesaler","Jiangmen, Guangdong, Chinese Mainland",,,"Africa, Australasia, Chinese Mainland, Eastern Europe, Middle East, North America, Other Asian Countries, Scandinavia, Southeast Asia",,Mr Jianhui Huang,"No. 8, Self-Compiled, Foot of Shuogang Mountain, Fosan Villa, Jiangmen, China",Chinese Mainland,101 - 200,"US$ 250,000 - 499,999",boss,
"Jiangmen Rope Light Lighting Technology Co., Ltd.",https://sourcing.hktdc.com/en/Supplier-Store/Profile/JIANGMEN-ROPE-LIGHT-LIGHTING-TECHNOLOGY-CO-LTD/1X09WDBM,extracted,"Exporter, Manufacturer, e-tailer","Jiangmen, Guangdong, Chinese Mainland",,"Environmental Protection , Lights",,,Mr Guoshi Lin,"2 Floor, Bldg. 2, No.12 Beiyuan Road, Jianghai District, Jiangmen City, Guangdong Province, China",Chinese Mainland,,,General Manager,
"Jiangsu Constant Victory Lighting Tech Co., Ltd.",https://sourcing.hktdc.com/en/Supplier-Store/Profile/Jiangsu-Constant-Victory-Lighting-Tech-Co-Ltd/1X0AX1HG,extracted,"Exporter, Manufacturer","Wuxi, Jiangsu, Chinese Mainland",2014,Lights,"Chinese Mainland, Hong Kong, Korea, North America, Scandinavia, Western Europe",,Mr Jianjie Qian,"No. 78, Xinzhong Road, Industrial Concentration Zone, Xinzhuang Street, Yixing City, Wuxi, Jiangsu, China",Chinese Mainland,201 - 500,"US$ 10,000,000 - 49,999,999",Sales Manager,
"Jiangsu Liangfeng Lighting Co., Ltd.",https://sourcing.hktdc.com/en/Supplier-Store/Profile/Jiangsu-Liangfeng-Lighting-Co-Ltd/1X09EFP2,extracted,"Exporter, Manufacturer","Suzhou, Jiangsu, Chinese Mainland",2010,,"Africa, Australasia, Central & South America, Chinese Mainland, Eastern Europe, Hong Kong, Middle East, North America, Western Europe",,Mr Peter Zhang,"No.245 Gangcheng Ave, Zhangjiagang, Suzhou City, Jiangsu Province, China.",Chinese Mainland,26 - 50,"US$ 1,000,000 - 4,999,999",Sales,
"Jiaxing Anita Electrical Co., Ltd",https://sourcing.hktdc.com/en/Supplier-Store/Profile/Jiaxing-Anita-Electrical-Co-Ltd/1S00PEBW1,extracted,,Chinese Mainland,,"Building Materials & Supplies , Lights , Parts, Components & Raw Materials",,,Qianqian Wang,"Room 317,3rd floor, Building A, East of Fanggong, South Road Dongzha street,Nanhu District,Jiaxing, City,Zhejiang,China",Chinese Mainland,,,,
"Jiaxing Bingsheng Lighting Appliance Co., Ltd.",https://sourcing.hktdc.com/en/Supplier-Store/Profile/Jiaxing-Bingsheng-Lighting-Appliance-Co-Ltd/1X00KOZ1,extracted,,Chinese Mainland,,"Environmental Protection , Lights",,,Carfeer Hua,"Haiyan Industrial Bulb Zone, Hai Yan, Zhejiang, 314300, China",Chinese Mainland,,,,
"Jiewei Yida Electronic Technology Co., Ltd",https://sourcing.hktdc.com/en/Supplier-Store/Profile/Jiewei-yida-electronic-technology-Co-Ltd-/1S00OQBSD,extracted,,Chinese Mainland,,Lights,,,Mr gu hui,,Chinese Mainland,,,,
"Lamplux Co., Ltd.",https://sourcing.hktdc.com/en/Supplier-Store/Profile/Lamplux-Co-Ltd/1X088A60,extracted,"Exporter, Manufacturer","Foshan, Guangdong, Chinese Mainland",2014,"Environmental Protection , Lights","North America, Western Europe, Worldwide",TZ,Mr Boying Li,"The 3rd Floor,Yitai Building, Lianfeng Industrial Zone, No.39 Liguang Road, Nanhai District, Foshan City, Gaungdong Province, China.",Chinese Mainland,101 - 200,"US$ 1,000,000 - 4,999,999",General Manager,
Lightwell Industrial Company Limited,https://sourcing.hktdc.com/en/Supplier-Store/Profile/Lightwell-Industrial-Company-Limited/1S00NTDSB,extracted,Manufacturer,"Jiangmen, Guangdong, Chinese Mainland",2014,,"Australasia, Central & South America, Eastern Europe, Scandinavia, Western Europe",LIGHTWELL,Ms tracy You,"Building 1, No.5 Beichang East Road, Weimin Industrial Zone,  HeTang Town, Jiangmen city, Guangdong Province China",Chinese Mainland,26 - 50,"US$ 1,000,000 - 4,999,999",Sales Director,
Linhai Yinhe Electric Lamp Company,https://sourcing.hktdc.com/en/Supplier-Store/Profile/Linhai-Yinhe-Electric-Lamp-Company/1X03SS4K,extracted,Exporter,"Taizhou, Zhejiang, Chinese Mainland",1993,"Environmental Protection , Festive Supplies , Gifts, Toys & Sports Supplies , Lights","Australasia, Eastern Europe, Middle East, North America, Western Europe, Worldwide",YH,Mr Yu Lan,"Color Light Village, Dongcheng Town, Linhai City, Taizhou, Zhejiang",Chinese Mainland,101 - 200,"US$ 50,000 - 99,999",General Manager,
"Lisun Electronics (Shanghai) Co., Ltd.",https://sourcing.hktdc.com/en/Supplier-Store/Profile/LISUN-ELECTRONICS-SHANGHAI-CO-LTD/1S00P6KWS,extracted,"Exporter, Manufacturer","Shanghai Shi, Shanghai, Chinese Mainland",2003,"Lights , Scientific, Testing & Laboratory Equipments",Worldwide,LISUN,Mrs James Peng,"113-114, No.1 Building, Nanxiang Zhidi Industry Park o. 1101, Huyi Road Jiading District, Shanghai China",Chinese Mainland,101 - 200,"US$ 5,000,000 - 9,999,999",Manager,
"Lux Corporation Co., Ltd.",https://sourcing.hktdc.com/en/Supplier-Store/Profile/Lux-Corporation-Co-Ltd/1S00O9H54,extracted,,Chinese Mainland,,"Homeware & Lifestyle Essentials , Lights",,,Joy Hong,"Room 506, Tower 2, Zhaoyuan Commercial Building, Bigui Avenue, Panyu, Guangzhou, China",Chinese Mainland,,,,
MF Smart Kylin Ltd,https://sourcing.hktdc.com/en/Supplier-Store/Profile/MF-Smart-Kylin-Ltd/1S00OH4TH,extracted,Wholesaler,"Guangzhou, Guangdong, Chinese Mainland",,Lights,,,Ms Yuying Li,"Building 5,No.3 Huahe Road Huahai  Industry Zone, Xinhua Street Huahe District, Guangzhou, Guandong, China",Chinese Mainland,,,manager,
Mustar Lighting Corporation,https://sourcing.hktdc.com/en/Supplier-Store/Profile/Mustar-Lighting-Corporation/1X05FH9C,extracted,"Exporter, Manufacturer","Hsinchu County, Taiwan",2007,Lights,Worldwide,LUXSENT,Miss Kate Lin,"12F-3, No.229, Fusing 2nd Road, Jubei City, Hsinchu County Taiwan",Taiwan,26 - 50,,,
Nanhai Excelum Lighting & Electronics Factory,https://sourcing.hktdc.com/en/Supplier-Store/Profile/Nanhai-Excelum-Lighting-Electronics-Factory/1X05Y0AQ,extracted,Manufacturer,"Foshan, Guangdong, Chinese Mainland",2007,"Environmental Protection , Lights",Central & South America,,Ms - Liang,"No.2, Langxing Industrial Zone Lian He Road, Luocun Town Nanhai District, Foshan City Guangdong, China",Chinese Mainland,,,Marketing Director,
"Nantong Nanyang Lighting Technology Co., Ltd.",https://sourcing.hktdc.com/en/Supplier-Store/Profile/Nantong-Nanyang-Lighting-Technology-Co-Ltd/1X07JPLC,extracted,Manufacturer,"Nantong, Jiangsu, Chinese Mainland",1989,"Environmental Protection , Lights","Central & South America, Eastern Europe, North America, Scandinavia, Western Europe, Worldwide",OEM,Ms Fenglai Wang,"No.3 Shuiwu Road, Pingchao Town, Tongzhou City, Jiangsu,China",Chinese Mainland,201 - 500,"US$ 10,000,000 - 49,999,999",,
"Nantong Rightlite Lighting & Electrical Co., Ltd.",https://sourcing.hktdc.com/en/Supplier-Store/Profile/Nantong-Rightlite-Lighting-Electrical-Co-Ltd-/1X00JYY8,extracted,"Export Agent, Exporter, Mail Order Co., Manufacturer, Wholesaler, e-tailer","Nantong, Jiangsu, Chinese Mainland",1997,"Environmental Protection , Lights","Central & South America, Eastern Europe, Hong Kong, North America, Scandinavia, Taiwan, Western Europe",rightlite,Ms Jean Zhu,"--- Wanzitou Industrial Zone, Pingchao Town,Nantong, Jiangsu 226361, China.",Chinese Mainland,201 - 500,"US$ 250,000 - 499,999",Trade Dept.,
"Nfk Lite Mfg. Co., Ltd.",https://sourcing.hktdc.com/en/Supplier-Store/Profile/NFK-LITE-MFG-CO-LTD-/1X00KCND,extracted,"Exporter, Manufacturer","Taoyuan City, Taiwan",1979,"Environmental Protection , Gifts, Toys & Sports Supplies , Jewellery & Watch , Lights , Watches & Clocks","Central & South America, Eastern Europe, Western Europe",,Ms Jane Lin,"6F, NO. 51, Lu Hsing Street, Lu Chu Hsiang, Yao Yuan Hsien, Taiwan",Taiwan,101 - 200,"US$ 5,000,000 - 9,999,999",Manager,
"Ningbo Bec Lighting Co., Ltd.",https://sourcing.hktdc.com/en/Supplier-Store/Profile/Ningbo-BEC-Lighting-Co-Ltd-/1X06U5ZM,extracted,"Exporter, Manufacturer","Ningbo, Zhejiang, Chinese Mainland",2006,"Environmental Protection , Festive Supplies , Furniture & Parts , Gifts, Toys & Sports Supplies , Home Products, Lights & Constructions , Homeware & Lifestyle Essentials , Lights",Worldwide,,Ms Eunice Xu,"Sanbei Industrial Zone, Cixi, Ningbo, China",Chinese Mainland,,,Sales Manager,
"Ningbo Big Guys Smart Lighting CO.,LTD",https://sourcing.hktdc.com/en/Supplier-Store/Profile/Ningbo-Big-Guys-Smart-Lighting-Co-Ltd/1S00OHCU6,extracted,"Export Agent, Exporter, Manufacturer, Wholesaler","Ningbo, Zhejiang, Chinese Mainland",2021,Lights,"Australasia, Central & South America, Eastern Europe, Korea, Middle East, Scandinavia, Taiwan, Western Europe, Worldwide",Big Guys Smart Lighting,Mr Hulk Zhang,"Room 1209, Building E, Shounan Street, Ningbo City, Zhejiang province, China",Chinese Mainland,26 - 50,"US$ 5,000,000 - 9,999,999",Gerneral Manager,
"Ningbo Chaoteng Lighting and Electronic Co., Ltd.",https://sourcing.hktdc.com/en/Supplier-Store/Profile/Ningbo-Chaoteng-Lighting-Electronic-Co-Ltd/1X03SVTM,extracted,"Exporter, Manufacturer","Ningbo, Zhejiang, Chinese Mainland",1995,"Lights , Parts, Components & Electrical Supplies , Parts, Components & Raw Materials","Africa, Hong Kong, Japan, Scandinavia, Southeast Asia, Taiwan, Western Europe",,Mr Dingbo Ying,"No.6 Tongshan Road, Science And Technology Zone, Ninghai County, Ningbo City, Zhejiang Province, China",Chinese Mainland,101 - 200,"US$ 500,000 - 999,999",Sales Department Manager,
"Ningbo Deamak Star Intelligent TechnologY co., ltd.",https://sourcing.hktdc.com/en/Supplier-Store/Profile/Ningbo-Deamak-Star-Intelligent-TechnologY-co-ltd-/1S00P03W9,extracted,,Chinese Mainland,,"Consumer Electronics , Environmental Protection , Hand Tools , Hardwares (Tools & Parts) , Lights",,,Rain Zhu,,Chinese Mainland,,,,
"Ningbo Decora Lighting Co., Ltd.",https://sourcing.hktdc.com/en/Supplier-Store/Profile/Decora-Lighting-Co-Ltd/1X0A6HI3,extracted,,Chinese Mainland,,"Environmental Protection , Lights",,,WANBO HU,"No.401 Wuxiang North Road, Yinzhou Zone, Ningbo, Zhejiang, China",Chinese Mainland,,,Sales Manager,
"Ningbo Elite Industries Co., Ltd.",https://sourcing.hktdc.com/en/Supplier-Store/Profile/Ningbo-Elite-Industries-Co-Ltd-/1X05XZ03,extracted,"Exporter, Manufacturer","Ningbo, Zhejiang, Chinese Mainland",,"Environmental Protection , Lights","Eastern Europe, Hong Kong, Scandinavia, Western Europe",Roylite,Mr Yurun Zhou,"Room 320, NO.2 Building NO.158 Changxing Road Hongtang Street Ningbo City, Zhejiang Province, China",Chinese Mainland,,,General Manager,
"Ningbo Euro Electrical Co., Ltd.",https://sourcing.hktdc.com/en/Supplier-Store/Profile/Ningbo-Euro-Electrical-Co-Ltd/1X05WTAB,extracted,"Exporter, Manufacturer","Ningbo, Zhejiang, Chinese Mainland",2006,"Lights , Parts, Components & Electrical Supplies , Parts, Components & Raw Materials","Eastern Europe, Hong Kong, Middle East, Scandinavia, Western Europe",,Mr Richard Gan,"No.5 Wan Gong Chi RD Xiao Dong Industrial Zone Yuyao City, Ningbo Zhejiang,315400,China",Chinese Mainland,51 - 100,"US$ 5,000,000 - 9,999,999",General Manager,
"Ningbo Everstar Lighting Co., Ltd.",https://sourcing.hktdc.com/en/Supplier-Store/Profile/Ningbo-Everstar-Lighting-Co-Ltd-/1X08T1S5,extracted,"Exporter, Manufacturer","Ningbo, Zhejiang, Chinese Mainland",2011,,"Australasia, Central & South America, Hong Kong, Middle East, Western Europe",,Ms Ada Bao,"10 Floor, A1 Building, Smart Park, Hi-tech Zone, 98 Chuangyuan Rd., Ningbo City, Zhejiang Province, China",Chinese Mainland,101 - 200,"US$ 1,000,000 - 4,999,999",Sales Manager,
"Ningbo Hengjian Photoelectron Technology Co., Ltd.",https://sourcing.hktdc.com/en/Supplier-Store/Profile/Ningbo-Hengjian-Photoelectron-Technology-Co-Ltd/1X05EUTP,extracted,"Exporter, Manufacturer","Ningbo, Zhejiang, Chinese Mainland",2009,,"Australasia, Scandinavia, Western Europe, Worldwide",,Ms Jia Cara,"NO.60 INDUSTRY ROAD, ZHANGQI,CIXI, Zhejiang Province, China",Chinese Mainland,201 - 500,,Sales Manager,
"Ningbo Hengpeng International Trading Co.,Ltd",https://sourcing.hktdc.com/en/Supplier-Store/Profile/Ningbo-Hengpeng-International-Trading-Co-Ltd/1X07KL36,extracted,"Exporter, Manufacturer","Ningbo, Zhejiang, Chinese Mainland",,"Consumer Electronics , Parts, Components & Electrical Supplies , Parts, Components & Raw Materials",Worldwide,,Mr Lijian Fu,"12/F, North Tower, Chamber of Commerce Building No.2, Nanlei South Road, Yuyao Zhejiang, China.",Chinese Mainland,,,Sales Manager,
"Ningbo Homer Electronics Lighting Co., Ltd",https://sourcing.hktdc.com/en/Supplier-Store/Profile/Ningbo-Homer-Electronics-Lighting-Co-Ltd/1X05Y0R9,extracted,Manufacturer,"Ningbo, Zhejiang, Chinese Mainland",2010,"Environmental Protection , Lights","Eastern Europe, Western Europe",,Miss Samantha Gu,"No.38 Jinggangshan Road Beilun Ningbo City Zhejiang Province, China",Chinese Mainland,101 - 200,"US$ 500,000 - 999,999",Sales manager,
"Ningbo Jiangdong Fortune IMP & EXP Co., Ltd.",https://sourcing.hktdc.com/en/Supplier-Store/Profile/NINGBO-JIANGDONG-FORTUNE-IMP-EXP-CO-LTD/1X0AJ0EM,extracted,"Exporter, Manufacturer","Ningbo, Zhejiang, Chinese Mainland",,Lights,,,Mr Jie Zhang,"Rm. B1506, Baoshang Mansion, 787 East Baizhang Rd., Ningbo City, Zhejiang Province, China",Chinese Mainland,,,Manager,
"Ningbo LED Lighting Co., Ltd.",https://sourcing.hktdc.com/en/Supplier-Store/Profile/Ningbo-Led-Lighting-Co-Ltd-/1X0AWYWA,extracted,,Chinese Mainland,,"Environmental Protection , Lights",,,yanyan rui,"No.168 Zhenyong Road, Jiangbei District Ningbo Zhejiang, China",Chinese Mainland,,,,
"Ningbo Oe Lighting Manufacturing Co., Ltd.",https://sourcing.hktdc.com/en/Supplier-Store/Profile/Ningbo-Oe-Lighting-Manufacturing-Co-Ltd-/1X06E23R,extracted,"Exporter, Manufacturer","Ningbo, Zhejiang, Chinese Mainland",2010,Lights,"Africa, Central & South America, Eastern Europe, Middle East, North America, Other Asian Countries, Southeast Asia, Western Europe",,Ms Andy Miao,"598 JiangNan Road,Ningbo High-Tec Development Zone Beilun, Ningbo, China",Chinese Mainland,11 - 15,"US$ 1,000,000 - 4,999,999",Sales Manager,
"Ningbo Pdlux Electronics Technology Co., Ltd.",https://sourcing.hktdc.com/en/Supplier-Store/Profile/Ningbo-Pdlux-Electronics-Technology-Co-Ltd/1X06TM24,extracted,Manufacturer,"Ningbo, Zhejiang, Chinese Mainland",1989,"Environmental Protection , Internet of Things , Lights , Parts, Components & Electrical Supplies , Parts, Components & Raw Materials , Parts, Electrical Electronic Supplies",Worldwide,,Miss - Wang,"17F,Commerce Building of Ningbo No 588, South Tiantong Road, Yinzhou District, Ningbo China.",Chinese Mainland,201 - 500,"US$ 500,000 - 999,999",Business Representation,
"Ningbo Qichi Illumination Lamp Co., Ltd.",https://sourcing.hktdc.com/en/Supplier-Store/Profile/Ningbo-Qich-Lighting-Co-Ltd/1X0766I0,extracted,Manufacturer,"Ningbo, Zhejiang, Chinese Mainland",,"Environmental Protection , Lights","Australasia, Central & South America, Eastern Europe, Korea, Middle East, Western Europe",,Ms Crystal Xie,"Industrial Park, Chongshou Town, Cixi City, Zhejiang Province, China",Chinese Mainland,,,Sales Manager,
"Ningbo Uni-Con Imp. & Exp. Co., Ltd.",https://sourcing.hktdc.com/en/Supplier-Store/Profile/Ningbo-Uni-Concord-Imp-Exp-Co-Ltd/1X08S7YH,extracted,"Exporter, Manufacturer","Ningbo, Zhejiang, Chinese Mainland",,"Environmental Protection , Lights",,,Ms Emily Gu,"Room 16D4, No.168 Baizhang Road, Ningbo City, Zhejiang Province, China",Chinese Mainland,,,Sales,
"Olam Lighting Shenzhen Co., Ltd.",https://sourcing.hktdc.com/en/Supplier-Store/Profile/Olam-Lighting-Shenzhen-Co-Ltd/1X07TC7T,extracted,"Exporter, Manufacturer","Shenzhen, Guangdong, Chinese Mainland",2010,"Environmental Protection , Lights","Central & South America, North America, Western Europe",,Ms Vicky Zhang,"6F, Yifutong Industrial Park, Lezhujiao, Jiuwei, Xixiang Town, Bao'an District, Shenzhen, Guangdong, China",Chinese Mainland,51 - 100,"US$ 5,000,000 - 9,999,999",Marketing Manager,
Optimum Optoelectronics Corporation,https://sourcing.hktdc.com/en/Supplier-Store/Profile/Optimum-Optoelectronics-Corporation/1X08ZK93,extracted,Manufacturer,"Hsinchu County, Taiwan",1998,"Consumer Electronics , Industrial Machinery, Parts & Raw Materials , Lights , Optical Equipment , Scientific, Testing & Laboratory Equipments",Worldwide,OPTIMUM,Ms Fiona Hsu,"6F-9, No 128, Taiyuan St., Chupei 302, Hsinchu, Ta Hisn Chu",Taiwan,11 - 15,"US$ 1,000,000 - 4,999,999",,
"PSY Lighting Co., Ltd",https://sourcing.hktdc.com/en/Supplier-Store/Profile/PSY-Lighting-Co-Ltd/1S00PCLE9,extracted,Manufacturer,"Shenzhen, Guangdong, Chinese Mainland",2005,,"Eastern Europe, Japan, Korea, North America, Western Europe",BCX,Ms ShuXia Cai,"Rm. 401-403, Building 1 Tangdong Optoelectronic Building, Hangcheng Ave., Baoan Dist., Shenzhen",Chinese Mainland,51 - 100,"US$ 50,000 - 99,999",Sales Manager,
Quanzhou Aone Electric Co Ltd,https://sourcing.hktdc.com/en/Supplier-Store/Profile/QUANZHOU-AONE-ELECTRIC-CO-LTD/1S00O7T6P,extracted,,Chinese Mainland,,Lights,,,Dr STEPHEN Li,,Chinese Mainland,,,,
"Rongwei Electric Co., Ltd.",https://sourcing.hktdc.com/en/Supplier-Store/Profile/Rongwei-Electric-Co-Ltd/1X0A5B30,extracted,,Chinese Mainland,,"Consumer Electronics , Parts, Components & Electrical Supplies",,,LIN zanrong,"QILIGANG INDUSTRIAL ZONE, YUEQING ZHEJIANG, CHINA",Chinese Mainland,,,,
"Shanghai Acclaim Glass Co., Ltd.",https://sourcing.hktdc.com/en/Supplier-Store/Profile/Shanghai-Acclaim-Glass-Co-Ltd/1X00KQL9,extracted,"Exporter, Manufacturer","Shanghai Shi, Shanghai, Chinese Mainland",,"Environmental Protection , Lights",Worldwide,,Ms Wendy Rao,NO.77 Shandian East Road Zhujiajiao Town qingpu district Shanghai,Chinese Mainland,,,Manager,
"Shanghai Costella Energy Saving Technology Co., Ltd.",https://sourcing.hktdc.com/en/Supplier-Store/Profile/Shanghai-Costella-Energy-Saving-Technology-Co-Ltd-/1S00OYSJN,extracted,,Chinese Mainland,,"Home Appliances , Lights",,,Ryan Luo,"Room411, Building 12, No.2777 East Jinxiu Road, Pudong, Shanghai, China",Chinese Mainland,,,CEO,
"Shanghai Sright Hai-Qing Glass Industries Co., Ltd.",https://sourcing.hktdc.com/en/Supplier-Store/Profile/Shanghai-Sright-Hai-Qing-Glass-Industries-Co-Ltd-/1X08GUH1,extracted,"Exporter, Manufacturer","Shanghai Shi, Shanghai, Chinese Mainland",1995,Lights,"Chinese Mainland, Eastern Europe, Hong Kong, Japan, Korea, Middle East, North America, Scandinavia, Southeast Asia, Taiwan, Western Europe, Worldwide",Hai Qing Glass,Ms Helen Huang,"10 Floor , No.1 Ruijin Road(South), Shanghai, China Shanghai",Chinese Mainland,101 - 200,"US$ 1,000,000 - 4,999,999",General manager,
"Shaoxing Concep Lighting Co., Ltd",https://sourcing.hktdc.com/en/Supplier-Store/Profile/Shaoxing-Concep-Lighting-Co-Ltd/1X09T35M,extracted,"Exporter, Manufacturer","Zhejiang, Chinese Mainland",2013,"Environmental Protection , Lights",,,Mr Bruce Li,"No.11,Tengda Road Shangyu District, Shaoxing City, Zhejiang Province, China.",Chinese Mainland,,,Marketing Manager,
"Shaoxing Shangyu Oudi Electrical Co., Ltd.",https://sourcing.hktdc.com/en/Supplier-Store/Profile/Shaoxing-Shangyu-Oudi-Electrical-Co-Ltd/1X07KCAQ,extracted,"Exporter, Manufacturer","Shaoxing, Zhejiang, Chinese Mainland",2012,"Environmental Protection , Lights",Western Europe,,Mr GuoXiang Yu,"Lugong Village, Baiguan Street, Shangyu District, Shaoxing City, Zhejiang Province, China",Chinese Mainland,51 - 100,,General Manager,
Shenzhen CSX Electric Technology Company Limited,https://sourcing.hktdc.com/en/Supplier-Store/Profile/Shenzhen-CSX-Electric-Technology-Company-Limited/1S00P464I,extracted,"Exporter, Manufacturer","Shenzhen, Guangdong, Chinese Mainland",2020,Lights,"Central & South America, Eastern Europe, North America, Other Asian Countries, Southeast Asia, Western Europe, Worldwide",csx,Miss Jane Pei,"1702A13, 17/F Tairan Cangsong Building;25 Tairan 7th Road Futian District; Shenzhen city;Guangdong province China",Chinese Mainland,,"US$ 1,000,000 - 4,999,999",Sales,
Shenzhen Cesp Co Ltd,https://sourcing.hktdc.com/en/Supplier-Store/Profile/Shenzhen-Cesp-Co-Ltd/1S00NKC2I,extracted,"Exporter, Manufacturer, Trade/Industrial Organisation, Wholesaler","Shenzhen, Guangdong, Chinese Mainland",2007,Lights,"Chinese Mainland, North America, Western Europe, Worldwide",CESP,Miss Olina Cui,6001-6007 Wangcheng Building Longhua District Longguan East Road China,Chinese Mainland,51 - 100,"US$ 1,000,000 - 4,999,999","6th Fl Wangcheng Bldg, Longhua St, Longhua District, Shenzhen, Guangdong 518109",
"Shenzhen Dearhe Lighting Co., Ltd.",https://sourcing.hktdc.com/en/Supplier-Store/Profile/Shenzhen-Dearhe-Lighting-Co-Ltd/1X0AEAUC,extracted,Manufacturer,"Shenzhen, Guangdong, Chinese Mainland",2009,Lights,"Eastern Europe, Japan, Korea, Middle East, Southeast Asia",dearhe,Mr Peng Wang,"Room 312, No.6255, Longgang Ave, Longgang District, Guangdong, China",Chinese Mainland,51 - 100,,sales manager,
"Shenzhen Good Lighting Co., Ltd",https://sourcing.hktdc.com/en/Supplier-Store/Profile/Shenzhen-Good-Lighting-Co-Ltd/1X074V3C,extracted,"Exporter, Manufacturer","Shenzhen, Guangdong, Chinese Mainland",2012,"Environmental Protection , Lights","Australasia, Central & South America, Chinese Mainland, Eastern Europe, Japan, North America, Scandinavia, Southeast Asia, Western Europe, Worldwide",SZGD,Ms Irene Qian,"No.120 Ditang Road,   Shasan Industrial Park,Shajing Town, Bao'an, Shenzhen China",Chinese Mainland,51 - 100,"US$ 5,000,000 - 9,999,999",Sales Director,
"Shenzhen Heguang Lighting Co., Ltd.",https://sourcing.hktdc.com/en/Supplier-Store/Profile/Shenzhen-Heguang-Lighting-Co-Ltd-/1X07WMQG,extracted,Exporter,"Shenzhen, Guangdong, Chinese Mainland",2006,"Environmental Protection , Lights","Africa, Australasia, Central & South America, Chinese Mainland, Eastern Europe, Hong Kong, Japan, Korea, Middle East, North America, Other Asian Countries, Scandinavia, Southeast Asia, Taiwan, Western Europe, Worldwide",Heguang Lighting,Ms Lisa Lee,"3 Floor, Building 1 Runteng Shangpai 1st Industrial Area, No. 3 Yonghe Road Shiyan, Shenzhen, Guangdong China",Chinese Mainland,101 - 200,"US$ 1,000,000 - 4,999,999",Sales manager,
"Shenzhen Jarstar Technology Co.,Ltd",https://sourcing.hktdc.com/en/Supplier-Store/Profile/Shenzhen-Jarstar-Technology-Co-Ltd/1S00OCSGW,extracted,,Chinese Mainland,,Lights,,,Mr Jianhua zhu,,Chinese Mainland,,,,
Shenzhen LanHe Lighting Company Limited,https://sourcing.hktdc.com/en/Supplier-Store/Profile/Shenzhen-Lanhe-Lighting-Co-Ltd/1X08G1LC,extracted,"Exporter, Manufacturer","Shenzhen, Guangdong, Chinese Mainland",2013,"Environmental Protection , Lights",,HLE,Ms Joyin Zou,"No.14 Jingshan Road, Luotian, Songgang Town, Bao'an District, China",Chinese Mainland,101 - 200,"US$ 1,000,000 - 4,999,999",Sales,
"Shenzhen Leadfly Technology Co., Ltd.",https://sourcing.hktdc.com/en/Supplier-Store/Profile/Shenzhen-Leadfly-Technology-Co-Ltd/1X0AJPEJ,extracted,Manufacturer,"Shenzhen, Guangdong, Chinese Mainland",2003,"Parts, Components & Electrical Supplies , Parts, Components & Raw Materials","Chinese Mainland, Japan, North America, Scandinavia, Southeast Asia, Western Europe",LEADFLY,Ms Li Chen,"Room408-410,4F,Building 10,COFCO Fu'an Robot Industrial Park Rentian Community.Fuhai,-Bao'an.Shenzhen Guangdong, China",Chinese Mainland,201 - 500,"US$ 10,000,000 - 49,999,999",Overseas Sales Director,
Shenzhen Mailiang Technology Company Limited,https://sourcing.hktdc.com/en/Supplier-Store/Profile/Shenzhen-Mailiang-Technology-Co-Ltd/1X09T2JB,extracted,Manufacturer,"Shenzhen, Guangdong, Chinese Mainland",2014,,"Chinese Mainland, Western Europe",Mai Liang,Ms Remmy  Wang,"Building No.4, Shenliang Industrial Park, Ci Tian Pu Community GongMingJieDao,GuangMingXinQu, Shenzhen, GuangDong",Chinese Mainland,,"US$ 500,000 - 999,999",Sales Manager,
"Shenzhen OECO Technology Co., Ltd",https://sourcing.hktdc.com/en/Supplier-Store/Profile/Shenzhen-OECO-Technology-Co-Ltd/1S00P5YTN,extracted,,Chinese Mainland,,"Environmental Protection , Homeware & Lifestyle Essentials , Lights",,,Kevin Liu,"Room 201, Building 5b, No. 49, North Education Road, Gaoqiao, Guangdong, Shenzhen, China",Chinese Mainland,,,Sales Manager,
"Shenzhen Ofly Technology Co., Limited",https://sourcing.hktdc.com/en/Supplier-Store/Profile/Shenzhen-Ofly-Technology-Co-Limited/1X0A7QDH,extracted,"Exporter, Manufacturer, Wholesaler","Shenzhen, Guangdong, Chinese Mainland",2011,Lights,"Australasia, Central & South America, North America, Western Europe",,Mr Frank Wang,"8th Plant Shishan Industrial Zone Guangming New District, Shenzhen, Guangdong China",Chinese Mainland,51 - 100,"US$ 5,000,000 - 9,999,999",manager,
Shenzhen Onlumi Technology Limited,https://sourcing.hktdc.com/en/Supplier-Store/Profile/Shenzhen-Onlumi-Technology-Limited/1X0A6V1E,extracted,Manufacturer,"Shenzhen, Guangdong, Chinese Mainland",2014,"Consumer Electronics , Home Appliances , Homeware & Lifestyle Essentials , Lights , Parts, Components & Electrical Supplies , Parts, Components & Raw Materials",Worldwide,,Mr Robert Chan,"Room 218, 2F Building D, YouDingQiChuang Area, NO.62,Heping Road Qinghua Community, Longhua District Shenzhen, G.D. China",Chinese Mainland,26 - 50,,,
"Shenzhen Sign Optoelectronics Co., Ltd.",https://sourcing.hktdc.com/en/Supplier-Store/Profile/Shenzhen-Sign-Optoelectronics-Co-Ltd/1X0A7QXX,extracted,"Exporter, Manufacturer",Chinese Mainland,2016,"Lights , Parts, Components & Electrical Supplies , Parts, Components & Raw Materials",,,Mr Herry Shaw,"3F., Building 2, 9 Yishang, Yuanling Village, ShiYan Town, BaoAn District, ShenZhen City, Guangdong Province, Mainland China.",Chinese Mainland,,,Manager,
"Sparta Optoelectronics Co., Ltd.",https://sourcing.hktdc.com/en/Supplier-Store/Profile/SPARTA-OPTOELETRONICS-CO-LTD/1X07L2O6,extracted,Manufacturer,"Shenzhen, Guangdong, Chinese Mainland",,"Environmental Protection , Lights",Worldwide,,Mr - Zhu,"4th Floor,A5 building,Yin Long Industrial Zone, 292 Shen Shan Road,Longgang District, Shenzhen, China",Chinese Mainland,,,Manager,
"Shenzhen TOCHlighting Technology Co.,Ltd.",https://sourcing.hktdc.com/en/Supplier-Store/Profile/Shenzhen-TOCHlighting-Technology-Co-Ltd-/1S00O9LBI,extracted,"Exporter, Manufacturer","Shenzhen, Guangdong, Chinese Mainland",2008,,"Central & South America, Other Asian Countries, Southeast Asia, Western Europe",TOCH LIGHTING,Mr Jimmy Liu,"4/F, Building A, Qiaotong Industrial Park, Yuanling Area, Shiyan Street, Bao'an District, Shenzhen, China",Chinese Mainland,101 - 200,"US$ 10,000,000 - 49,999,999",Sales Manager,
"Shenzhen Worbest Hitech Co., Ltd.",https://sourcing.hktdc.com/en/Supplier-Store/Profile/SHENZHEN-WORBEST-HITECH-CO-LTD/1X08ZI0I,extracted,Manufacturer,"Shenzhen, Guangdong, Chinese Mainland",2004,"Environmental Protection , Lights , Parts, Components & Electrical Supplies , Parts, Components & Raw Materials","Australasia, Central & South America, Chinese Mainland, Eastern Europe, Middle East, North America, Southeast Asia, Western Europe",WORBEST,Ms Sherry Lai,"7/F, Sinotrans Building, Futian Rd., Futian, Shenzhen, Guangdong, China",Chinese Mainland,201 - 500,"US$ 10,000,000 - 49,999,999",MANAGER,
"Shenzhen Xinhe Lighting Optoelectronics Co., Ltd.",https://sourcing.hktdc.com/en/Supplier-Store/Profile/Shenzhen-Xinhe-Lighting-Optoelectronics-Co-Ltd/1X098SYQ,extracted,"Exporter, Manufacturer","Zhongshan, Guangdong, Chinese Mainland",,"Environmental Protection , Lights",,,Ms Lina Wang,"501A, Building B, No.5, Business Five Road, Jiangbian Village, Songgang Town, Baoan, Zhongshan City, Guangdong Province, China",Chinese Mainland,,,,
"Shenzhenshi Leadhui Circuit Co., Ltd.",https://sourcing.hktdc.com/en/Supplier-Store/Profile/Shenzhenshi-Leadhui-Circuit-Co-Ltd/1S00OHC3F,extracted,,Chinese Mainland,,Lights,,,monica liu,"A304, 3/F, Sogood Industrial Park, Sanwei Village, Xixiang Town, China",Chinese Mainland,,,,
Suzhou Huajie Hardware Lighting Appliance Factory,https://sourcing.hktdc.com/en/Supplier-Store/Profile/Suzhou-Huajie-Hardware-Lighting-Appliance-Factory/1S00P6TNA,extracted,,Chinese Mainland,,Lights,,,zhihao song,"No 52, Hengtong Road, Wujiangarea Suzhou City Jiangsu Province, China",Chinese Mainland,,,salesmanager,
TP Lighting Technology Limited,https://sourcing.hktdc.com/en/Supplier-Store/Profile/TP-Lighting-Technology-Limited/1X0A6XNM,extracted,Manufacturer,"Keelung City, Taiwan",1988,"Consumer Electronics , Lights","Australasia, Eastern Europe, Middle East, North America, Scandinavia, Southeast Asia, Western Europe",GOLDYEAR,Mr Peter Chou,"1F, No.10, Bai 7th St., Qidu Disk., Keelung City 20649, Taiwan",Taiwan,51 - 100,"US$ 1,000,000 - 4,999,999",,
"Taicang Schindeng Co., Ltd.",https://sourcing.hktdc.com/en/Supplier-Store/Profile/Taicang-Schindeng-Co-Ltd/1S00NTEXV,extracted,"Exporter, Manufacturer","Suzhou, Jiangsu, Chinese Mainland",,"Furniture & Parts , Homeware & Lifestyle Essentials , Lights , Parts, Components & Raw Materials",,,Mr Lawrence QIN,"Room 502, No.65 Xinhua East Road, Taicang, Jiangsu, China",Chinese Mainland,11 - 15,,,
"Taizhou Huangyan Flying Deer Co.,Ltd",https://sourcing.hktdc.com/en/Supplier-Store/Profile/Taizhou-Huangyan-Flying-Deer-Co-Ltd-/1X00DXQJ,extracted,"Exporter, Manufacturer","Taizhou, Zhejiang, Chinese Mainland",1995,"Festive Supplies , Homeware & Lifestyle Essentials , Lights , Wedding Gifts & Accessories","Africa, Australasia, Central & South America, Eastern Europe, Hong Kong, Japan, Korea, Middle East, North America, Other Asian Countries, Southeast Asia, Taiwan, Western Europe",Flying Deer,Mr Bang Lin,"No10, Gongxing Road, Ningxi Town, Huangyan, Taizhou City, Zhejiang, China.",Chinese Mainland,101 - 200,"US$ 1,000,000 - 4,999,999",General Manager,
"Taizhou Kinsuny Optoelectronics Technology Co., Ltd.",https://sourcing.hktdc.com/en/Supplier-Store/Profile/Taizhou-Kinsuny-Optoelectronics-Technology-Co-Ltd-/1X0915UR,extracted,"Exporter, Manufacturer","Taizhou, Zhejiang, Chinese Mainland",2010,"Environmental Protection , Lights","Central & South America, Eastern Europe, Middle East, Other Asian Countries, Southeast Asia, Taiwan, Western Europe",Kinsuny,Ms Yvaine Wang,"No.45, Juxing Industrial Area, Xiachen Street Jiaojiang, Taizhou city, Zhejiang, China",Chinese Mainland,201 - 500,"US$ 1,000,000 - 4,999,999",Overseas Sales Manager,
"V-Trust Standards Technical Services Co.,Ltd",https://sourcing.hktdc.com/en/Supplier-Store/Profile/V-Trust-Standards-Technical-Services-Co-Ltd-/1S00OGZB4,extracted,"Import Agent, Manufacturer, Others, Service Company, Trade/Industrial Organisation","Guangzhou, Guangdong, Chinese Mainland",,"Business Research, Management, Consultancy & General Services , Engineering , Environmental Protection , Logistics & Transportation , Quality Inspection, Compliance & Testing Service , Technology, R&D",,,Ms Kelly Xing,"10/F., Canton Fair Tower, 679 Fengpu Road, Pazhou, Guangzhou, 510033, China",Chinese Mainland,,,Key Account Manager,
"Vako Lighting Co., Limited",https://sourcing.hktdc.com/en/Supplier-Store/Profile/Vako-Lighting-Co-Limited/1S00OYJQB,extracted,,Chinese Mainland,,"Homeware & Lifestyle Essentials , Lights",,,Mr WEI HUANG,,Chinese Mainland,,,,
"Wenzhou Aoge Lighting Co., Ltd",https://sourcing.hktdc.com/en/Supplier-Store/Profile/Wenzhou-Aoge-Lighting-Co-Ltd/1X07KVLU,extracted,"Exporter, Manufacturer","Wenzhou, Zhejiang, Chinese Mainland",2002,"Environmental Protection , Lights","Central & South America, Eastern Europe, Middle East, Southeast Asia, Western Europe",,Ms Grace Ye,"No 2 Feng Yan Road, HeKouTang Ind XianYan, Ouhai, Webzhou, Zhejiang, China",Chinese Mainland,,"US$ 10,000,000 - 49,999,999",Sales Manager,
Winstar Power Technology Limited,https://sourcing.hktdc.com/en/Supplier-Store/Profile/Winstar-Power-Technology-Limited/1S00OTFQF,extracted,,Chinese Mainland,,Lights,,,Aaron Hua-Jing Deng,"201, Building 2, No.141, Liangping Road, Liaobu Town, Dongguan, Dongguan, Guangdong, China",Chinese Mainland,,,CEO,
"World Dawn Lighting Co., Ltd.",https://sourcing.hktdc.com/en/Supplier-Store/Profile/World-Dawn-Lighting-Co-Ltd-/1S00P5O33,extracted,,Chinese Mainland,,"Environmental Protection , Furniture & Parts , Homeware & Lifestyle Essentials , Lights",,,Yao Aden,"NO.1 of RM1908, Block B of Yinyehuizhong Building, No.3 Nanguo Est Rd, Daliang of Shunde Foshan, Guangdong China",Chinese Mainland,,,G.M,
"Wuxi Gemei Lighting Electric Co., Ltd.",https://sourcing.hktdc.com/en/Supplier-Store/Profile/Wuxi-Gemei-Lighting-Electric-Co-Ltd/1X03SRP2,extracted,"Exporter, Manufacturer","Wuxi, Jiangsu, Chinese Mainland",2006,"Environmental Protection , Health Care & Medical Supplies , Lights","Australasia, Central & South America, Eastern Europe, Southeast Asia, Western Europe, Worldwide",,Mr He Johnson,"No.1, Renmin Road West, Wanshi Town, Yixing, China",Chinese Mainland,101 - 200,"US$ 1,000,000 - 4,999,999",Sales Manager,
Xiamen Bandian Originality Technology,https://sourcing.hktdc.com/en/Supplier-Store/Profile/Xiamen-Bandian-Originality-Technology/1S00PEVRW,extracted,,Chinese Mainland,,Lights,,,Mr Xingui Lei,,Chinese Mainland,,,,
"Xiamen Lede Lighting Hi-tech Co., Ltd.",https://sourcing.hktdc.com/en/Supplier-Store/Profile/XIAMEN-LEDE-LIGHTING-HI-TECH-CO-LTD/1X0ADFSZ,extracted,"Exporter, Manufacturer","Xiamen, Fujian, Chinese Mainland",2011,,"Central & South America, North America, Taiwan, Western Europe",LEDE,Ms Sophia ZHANG,"Xiamen Torch Hi-tech Indl Part, No.950 Tonglong 2nd Rd, Xiang'an, Xiamen City, Fujian Province, China.",Chinese Mainland,101 - 200,"US$ 10,000,000 - 49,999,999",Account manager,
"Xiamen Sankun Electronic Technology Co., Ltd.",https://sourcing.hktdc.com/en/Supplier-Store/Profile/Xiamen-Sankun-Electronic-Technology-Co-Ltd/1X0A7AVB,extracted,"Exporter, Manufacturer","Xiamen, Fujian, Chinese Mainland",2005,"Environmental Protection , Lights","Central & South America, Eastern Europe, Middle East, Southeast Asia, Western Europe",,Mrs Beryl Du,"No.507, Jinyuan West 2nd Road, Jimei District, Xiamen City, Fujian province, China",Chinese Mainland,201 - 500,"US$ 10,000,000 - 49,999,999",Sales Manager,
"Xiamen Yaltan Lighting Co., Ltd.",https://sourcing.hktdc.com/en/Supplier-Store/Profile/Xiamen-Yaltan-Lighting-Co-Ltd-/1X09T38J,extracted,"Exporter, Manufacturer","Xiamen, Fujian, Chinese Mainland",2006,"Environmental Protection , Lights","Australasia, Central & South America, Eastern Europe, Hong Kong, Western Europe, Worldwide",yaltan,Ms Rita Zhou,"3/F Building 1, Xiamei Road No.2, Haicang District, Xiamen, Fujian, China",Chinese Mainland,51 - 100,"US$ 1,000,000 - 4,999,999",Sales Representative,
"Xiangshan Coli Lighting Co., Ltd.",https://sourcing.hktdc.com/en/Supplier-Store/Profile/Coli-Lighting-Co-Ltd/1X05WT3I,extracted,"Buying Cooperative, Exporter, Manufacturer","Ningbo, Zhejiang, Chinese Mainland",2002,"Environmental Protection , Lights","Eastern Europe, Scandinavia, Western Europe",,Dr Donghai Zhang,"Xizhou Town Industrial Zone Xiangshan Ningbo Zhejiang,315722,China",Chinese Mainland,51 - 100,"US$ 1,000,000 - 4,999,999",General Manager,
"Xinhua Electrical Co., Ltd. of Guangdong",https://sourcing.hktdc.com/en/Supplier-Store/Profile/Xinhua-Electrical-Co-Ltd-of-Guangdong/1X0AQ53I,extracted,"Exporter, Manufacturer","Foshan, Guangdong, Chinese Mainland",1988,,"Africa, Chinese Mainland, Eastern Europe, Middle East, Southeast Asia",Baton,Ms Ivy Liao,"No.2 Lianchong Road, Fu'an Industrial Park, Leliu Town, Shunde District, Foshan City, Guangdong Province, China.",Chinese Mainland,1001 - 2000,"US$ 100,000,000 - 249,999,999",,
"Yuyao Qilux Lighting Co., Ltd.",https://sourcing.hktdc.com/en/Supplier-Store/Profile/YUYAO-QILUX-LIGHTING-CO-LTD/1S00P0GI2,extracted,Manufacturer,"Ningbo, Zhejiang, Chinese Mainland",2025,,"Australasia, Eastern Europe, Korea, Middle East, North America, Scandinavia, Southeast Asia, Taiwan, Western Europe",Qilux,Mr Rolado Mei,"No. 24 Lizhou Road Yuyao city, Ningbo City, Zhejiang provin China",Chinese Mainland,16 - 25,"US$ 100,000 - 249,999",General Manager,
Yuyao Amber Lamp Co Ltd,https://sourcing.hktdc.com/en/Supplier-Store/Profile/Yuyao-Amber-Lamp-Co-Ltd/1X00K4SW,extracted,"Exporter, Manufacturer","Ningbo, Zhejiang, Chinese Mainland",2006,"Environmental Protection , Lights","Eastern Europe, Scandinavia, Western Europe",,Ms Xiao Ke He,"No.56, Fengle Village, Yangming Street, Yuyao, Zhejiang, China",Chinese Mainland,,,Sales Manager,
"Yuyao Lepple Electric Co., Ltd.",https://sourcing.hktdc.com/en/Supplier-Store/Profile/Yuyao-Lepple-Electric-Co-Ltd-/1X04S28M,extracted,"Exporter, Manufacturer","Ningbo, Zhejiang, Chinese Mainland",,"Environmental Protection , Lights",,,Mr Jianjun Yu,"No.8 Fengnan Road, Yuyao City, Zhejiang Province, China",Chinese Mainland,,,General Manager,
"Yuyao Limited Radiance Electric Appliance Co., Ltd.",https://sourcing.hktdc.com/en/Supplier-Store/Profile/YUYAO-LIMITED-RADIANCE-ELECTRIC-APPLIANCE-CO-LTD/1X07JSI6,extracted,Manufacturer,"Ningbo, Zhejiang, Chinese Mainland",,"Environmental Protection , Lights","Australasia, Hong Kong, Korea, North America, Taiwan, Western Europe",,Mr Swan Shi,"No.667, YANGMING WEST ROAD, YUYAO CITY, China",Chinese Mainland,,,Foreign trade salesman,
Yuyao Minle Electric Company Limited,https://sourcing.hktdc.com/en/Supplier-Store/Profile/Yuyao-Minle-Electric-Co-Ltd/1X0A66RR,extracted,,Chinese Mainland,,"Environmental Protection , Lights",,,Cici Zheng,"No. 78, Shipoqiao Middle Road, Zhejiang, China",Chinese Mainland,,,,
"Yuyao Ruiying Electrical Appliance Co.,Ltd",https://sourcing.hktdc.com/en/Supplier-Store/Profile/Yuyao-Ruiying-Electrical-Appliance-Co-Ltd/1X05WTK1,extracted,"Exporter, Manufacturer","Wenzhou, Zhejiang, Chinese Mainland",2010,"Environmental Protection , Lights","Japan, North America, Western Europe",,Mr Weldon Huang,"No.24,Maoshen Road Economic Development Zone Yuyao Zhejiang,315403,China",Chinese Mainland,16 - 25,"US$ 100,000 - 249,999",General Manager,
"Yuyao Shunrong Optronics Technology Co., Ltd.",https://sourcing.hktdc.com/en/Supplier-Store/Profile/Yuyao-Shunlong-Optronics-Technology-Co-Ltd-/1X04V9RI,extracted,Manufacturer,"Ningbo, Zhejiang, Chinese Mainland",,"Consumer Electronics , Electronics , Environmental Protection , Lights",Worldwide,,Mr - Huang,"No.2,Yongxing Road, Yuyao City, Zhejiang Province,China,315400 China.",Chinese Mainland,,,Director,
"Yuyao Yueda Electrical Appliance Co., Ltd.",https://sourcing.hktdc.com/en/Supplier-Store/Profile/Yuyao-Yueda-Electrical-Appliance-Co-Ltd/1X08HWSK,extracted,"Exporter, Manufacturer","Ningbo, Zhejiang, Chinese Mainland",,,,,Mr Tony Li,"Yangming Industria Zone, Xingqiao Village, Yangming St., Yuyao City, Ningbo,  Zhejiang Province, China",Chinese Mainland,,,Sales Manager,
"Yuyao Yuxiang Electric Appliances Co., Ltd.",https://sourcing.hktdc.com/en/Supplier-Store/Profile/Yuyao-Yuxiang-Electrical-Appliance-Co-Ltd/1X00K52J,extracted,"Exporter, Manufacturer","Yuxi, Yunnan, Chinese Mainland",2001,"Environmental Protection , Festive Supplies , Gifts, Toys & Sports Supplies , Lights , Parts, Components & Electrical Supplies , Parts, Components & Raw Materials","Hong Kong, Japan",YYEAC,Mr Zhifang Gao,"East Industry Park, Linshan Town, Yuyao City, Ningbo, Zhejiang, 315400, China",Chinese Mainland,101 - 200,"US$ 100,000 - 249,999",General Manager,
"ZHEJIANG MINGLONG OUTDOOR LIGHTING CO.,LTD.",https://sourcing.hktdc.com/en/Supplier-Store/Profile/ZHEJIANG-MINGLONG-OUTDOOR-LIGHTING-CO-LTD-/1S00PF6A0,extracted,Manufacturer,"Wenzhou, Zhejiang, Chinese Mainland",,"Consumer Electronics , Lights , Parts, Electrical Electronic Supplies",,,Dr Daisy Zhang,"NO.49 CHENGBEI ROAD, JIYANG STREET,ZHUJI CITY, ZHEJIANG PROVINCE. CHINA",Chinese Mainland,,,Manager,
"Zhejiang Skyled Technology Co., Ltd.",https://sourcing.hktdc.com/en/Supplier-Store/Profile/Zhejiang-Skyled-Lighting-Technology-Co-Ltd-/1X07X73C,extracted,"Exporter, Manufacturer, Retailer","Jiaxing, Zhejiang, Chinese Mainland",2008,"Environmental Protection , Lights","Australasia, Eastern Europe, Hong Kong, Korea, Middle East, Other Asian Countries, Southeast Asia, Western Europe",SKYLED,Mr Oliver Wang,"No.33, Donggang Road, Haiyan Economic Development Zone, Jiaxing,Zhejiang, China",Chinese Mainland,101 - 200,"US$ > 250,000,000",overseas dept exective,
ZZlighting Technology Limited,https://sourcing.hktdc.com/en/Supplier-Store/Profile/ZZlighting-Technology-Limited/1S00OTRTU,extracted,"Manufacturer, Trade/Industrial Organisation","Dongguan, Guangdong, Chinese Mainland",2011,Lights,"Australasia, Central & South America, Hong Kong, Japan, Korea, Middle East, Scandinavia, Taiwan, Western Europe",ZZLIGHTING,Mr Leo Zhao,"Room 305, Unit 2 No. 22, Nancheng Section, Guantai Road, Nancheng Street Dongguan City, Guangdong province (cluster registration) China",Chinese Mainland,51 - 100,"US$ 5,000,000 - 9,999,999",sales director,
"Zhangzhou Gway Electronics Co., Ltd",https://sourcing.hktdc.com/en/Supplier-Store/Profile/Zhangzhou-Gway-Electronics-Co-Ltd/1X09GJ69,extracted,,Chinese Mainland,,"Environmental Protection , Lights , Sports Supplies",,,Vinson Liu,"Lantian Development District, Zhangzhou, FuJian, China",Chinese Mainland,,,Genenal manager,
"Zhejiang Feide Electric Technology Co., Ltd.",https://sourcing.hktdc.com/en/Supplier-Store/Profile/Zhejiang-Feide-Electric-Technology-Co-Ltd/1S00OAHJY,extracted,,Chinese Mainland,,Lights,,,Mr Haijie Chen,,Chinese Mainland,,,,
"Zhejiang Fenghui Bamboo and Wood Co., Ltd.",https://sourcing.hktdc.com/en/Supplier-Store/Profile/Zhejiang-Fenghui-Bamboo-And-Wood-Co-Ltd/1X0B5981,extracted,"Exporter, Manufacturer","Huzhou, Zhejiang, Chinese Mainland",2005,,,FH,Ms Xiao Zhang,"Kuntong Industrial Zone, Anji County,  Huzhou City, Zhejiang Province,  China.",Chinese Mainland,,,Sales,
"Zhejiang Tormin Electrical Co., Ltd.",https://sourcing.hktdc.com/en/Supplier-Store/Profile/Zhejiang-Tormin-Electrical-Co-Ltd/1X05XVSN,extracted,"Exporter, Manufacturer","Wenzhou, Zhejiang, Chinese Mainland",2003,"Environmental Protection , Lights","Africa, Australasia, Chinese Mainland, Eastern Europe, Hong Kong, Middle East, Other Asian Countries, Southeast Asia, Western Europe",TORMIN,Miss elena qi,"No.35,Qingjang Road, Puzhou St. Wenzhou, Zhejiang Province, P.R.China",Chinese Mainland,101 - 200,"US$ 5,000,000 - 9,999,999",Sales Manager,
"Zhongshan Becostar (Becoled) Lighting Electrical Appliances Co., Ltd.",https://sourcing.hktdc.com/en/Supplier-Store/Profile/Zhongshan-Becostar-Becoled-Lighting-Electrical-Appliances-Co-Ltd-/1S00P6H7Y,extracted,Manufacturer,"Zhongshan, Guangdong, Chinese Mainland",2012,Lights,"Australasia, Central & South America, Chinese Mainland, Eastern Europe, Hong Kong, Korea, Middle East, North America, Southeast Asia, Taiwan, Western Europe","Becoled, Becostar",Ms Jackie Liang,"5th Floor 1st Building, Yong Cheng North Road Xiaolan, Zhongshan China",Chinese Mainland,51 - 100,"US$ 250,000 - 499,999",manager,
"Zhongshan City S.Par Optoelectronics Technology Co., Ltd.",https://sourcing.hktdc.com/en/Supplier-Store/Profile/Zhongshan-City-S-Par-Optoelectronics-Technology-Co-Ltd/1X0AY5G5,extracted,Manufacturer,"Zhongshan, Guangdong, Chinese Mainland",,Lights,,,Mr - He,"No.9, Hengkang Street, Guzhen Town, Zhongshan, Guangdong, China",Chinese Mainland,,,,
Zhongshan Co-Tech Industries Ltd,https://sourcing.hktdc.com/en/Supplier-Store/Profile/ZHONGSHAN-CO-TECH-INDUSTRIES-LTD/1X075FI9,extracted,Manufacturer,"Zhongshan, Guangdong, Chinese Mainland",2003,"Consumer Electronics , Environmental Protection , Home Appliances , Lights",Worldwide,,Mr Hua Kun Huang,"NALANG INDUSTRIES, NANLANG, ZHONGSHAN,GUANGDONG, CHINA",Chinese Mainland,201 - 500,"US$ 10,000,000 - 49,999,999",Manager,
Zhongshan Dayuan Lighting Co Ltd,https://sourcing.hktdc.com/en/Supplier-Store/Profile/Zhongshan-Dayuan-Lighting-Co-Ltd/1X04RXOL,extracted,Manufacturer,"Zhongshan, Guangdong, Chinese Mainland",2001,"Environmental Protection , Lights","Eastern Europe, Western Europe",,Ms   Yuan,"Dongan Rd, Haizhou, Guzhen, Zhongshan, Guangdong, China",Chinese Mainland,101 - 200,"US$ 5,000,000 - 9,999,999",Sales,
"Zhongshan Dika Lighting Co., Ltd.",https://sourcing.hktdc.com/en/Supplier-Store/Profile/ZHONGSHAN-DIKA-LIGHTING-CO-LTD/1S00OK4SK,extracted,"Manufacturer, Wholesaler","Zhongshan, Guangdong, Chinese Mainland",2002,Lights,Worldwide,"DIKA,BOLIKA",Mr Guobo OU,"No.20, Fuqing 2nd Road Henglan Town Zhongshan City Guangdong Province",Chinese Mainland,,,,
"Zhongshan Dingjiu Lighting Technology Co., Ltd.",https://sourcing.hktdc.com/en/Supplier-Store/Profile/Zhongshan-Dingjiu-Lighting-Technology-Co-Ltd/1X0AXOAQ,extracted,Manufacturer,"Zhongshan, Guangdong, Chinese Mainland",2004,"Building Materials & Supplies , Environmental Protection , Homeware & Lifestyle Essentials , Jewellery & Watch , Lights , Watches & Clocks","Eastern Europe, Hong Kong, Korea, Middle East, North America, Other Asian Countries, Southeast Asia, Taiwan, Western Europe, Worldwide",DinXin,Miss Xiaojie Li,"NO.2 Shunxing bldg., Huaxing road, Guzhen town Zhongshan city,Guangdong province, China",Chinese Mainland,26 - 50,"US$ 5,000,000 - 9,999,999",manager,
Zhongshan Fansen Lighting Company Limited,https://sourcing.hktdc.com/en/Supplier-Store/Profile/Zhongshan-Fansen-Lighting-Company-Limited/1X0A0HE7,extracted,,Chinese Mainland,,Lights,,,Sally Su,"9F C-Building, Senqiu Industrial Garden, Tongyi Industrial Zone Dongxing East Road, Guzhen, Zhongshan, Guangdong, China",Chinese Mainland,,,Oversea Sales,
Zhongshan Fengmei Lighting & Electrical Ltd.,https://sourcing.hktdc.com/en/Supplier-Store/Profile/Zhongshan-Fengmei-Lighting-Electrical-Ltd-/1X0A72P5,extracted,Manufacturer,"Zhongshan, Guangdong, Chinese Mainland",2010,"Consumer Electronics , Environmental Protection , Furniture & Parts , Home Appliances , Lights",,Fengfan,Ms Lisa Wang,"No.4 Lengfeng Road, Maohui Industrial Area, Henglan Town, Zhongshan, China",Chinese Mainland,101 - 200,"US$ 5,000,000 - 9,999,999",sales manager,
"Zhongshan Gonghua Lighting Electrical Appliances Co., Ltd.",https://sourcing.hktdc.com/en/Supplier-Store/Profile/Zhongshan-Gonghua-Lighting-Electrical-Appliances-Co-Ltd-/1S00P7CMU,extracted,,Chinese Mainland,,"Consumer Electronics , Lights , Parts, Components & Electrical Supplies",,,Mr zhanfeng liao,,Chinese Mainland,,,,
Zhongshan Guzhen Weidu Electrical Lighting Factory,https://sourcing.hktdc.com/en/Supplier-Store/Profile/Zhongshan-guzhen-weidu-Electrical-lighting-Factory/1X04S06U,extracted,Manufacturer,"Zhongshan, Guangdong, Chinese Mainland",,Lights,"Eastern Europe, Western Europe",,Mr Qiang Liu,"NO.1 Defeng rd,meiliwei ind,Gangdong village, Guzhen,Zhongshan, Zhongshan, Guangdong, 520421, Guangdong，520421",Chinese Mainland,,,General Manager,
Zhongshan Henglan Town baibei lighting electrical Appliance Factory,https://sourcing.hktdc.com/en/Supplier-Store/Profile/Zhongshan-Henglan-Town-baibei-lighting-electrical-Appliance-Factory/1S00P3PTW,extracted,,Chinese Mainland,,Lights,,,Miss cuixia mo,,Chinese Mainland,,,,
"Zhongshan Jingxin Photoelectric Co., Ltd.",https://sourcing.hktdc.com/en/Supplier-Store/Profile/ZHONGSHAN-JINGXIN-PHOTOELECTRIC-CO-LTD/1X0AE8WG,extracted,,Chinese Mainland,,"Environmental Protection , Lights",,,xiao ying,"No.39 Jinchang Industry Road, Shalang Third Industry Zone, Zhongshan West Dist.",Chinese Mainland,,,,
"Zhongshan KEBON Science and Technology Lighting Co., Ltd.",https://sourcing.hktdc.com/en/Supplier-Store/Profile/Zhongshan-KEBON-Science-and-Technology-Lighting-Co-Ltd/1S00OJBYV,extracted,,Chinese Mainland,,Lights,,,Alex Loh,,Chinese Mainland,,,Sale Manager,
"Zhongshan LinkedLight Lighting Technology CO., LTD",https://sourcing.hktdc.com/en/Supplier-Store/Profile/Zhongshan-LinkedLight-Lighting-Technology-CO-LTD/1S00OX2DV,extracted,"Exporter, Manufacturer","Zhongshan, Guangdong, Chinese Mainland",2009,"Lights , Parts, Components & Electrical Supplies , Parts, Electrical Electronic Supplies","Africa, Australasia, Central & South America, Eastern Europe, Japan, Korea, Middle East, North America, Other Asian Countries, Scandinavia, Southeast Asia, Western Europe, Worldwide",JINGKELUO,Mr Jonathan Guo,"4F,Linkedlight Building, No 25, Meili Road,Meiliwei Industrial Area,Guzhen,528421, Zhongshan,Guangdong P.R.China",Chinese Mainland,101 - 200,"US$ 5,000,000 - 9,999,999",Sales Manager,
Zhongshan Lulutong Imp & Exp Co Ltd,https://sourcing.hktdc.com/en/Supplier-Store/Profile/Zhongshan-Lulutong-Imp-Exp-Co-Ltd/1X08I5C9,extracted,"Exporter, Manufacturer, Wholesaler","Zhongshan, Guangdong, Chinese Mainland",2014,"Environmental Protection , Lights","Africa, Hong Kong, Japan, Middle East, Southeast Asia, Taiwan, Worldwide",JTONG LIGHTING,Ms Huandi Yuan,"Kanglong 5th Road, Xinmao Industrial Park, Henglan Town, Zho",Chinese Mainland,26 - 50,"US$ 50,000 - 99,999",manager,
"Zhongshan Maso Lighting Co.,Ltd",https://sourcing.hktdc.com/en/Supplier-Store/Profile/Zhongshan-Maso-Lighting-Co-Ltd/1S00P62UG,extracted,Manufacturer,"Zhongshan, Guangdong, Chinese Mainland",2019,Lights,"Africa, Australasia, Central & South America, Middle East, North America, Scandinavia, Western Europe, Worldwide",MASODECO,Miss Lee Sharron,"OOM 2316 IN A AREA OF YI HUA LING FENG BUILDING, SHIQI DISCTRICT, ZHONGSHAN OF GUANGDONG PROVINCE, CHINA",Chinese Mainland,6 - 10,"US$ 100,000 - 249,999",Manager,
"Zhongshan Meiyun Lighting Co., Ltd.",https://sourcing.hktdc.com/en/Supplier-Store/Profile/ZHONGSHAN-MEIYUN-LIGHTING-CO-LTD/1X07TAIO,extracted,"Exporter, Manufacturer","Zhongshan, Guangdong, Chinese Mainland",2008,"Environmental Protection , Lights","Eastern Europe, Middle East, Western Europe",,Ms Shuilian Mai,"No.35, 1st Yihui Road Maohui Industrial B Zone  Henglan Town, Zhongshan City, Guangdong Province, China",Chinese Mainland,51 - 100,,Manager,
"Zhongshan Oland Photoelectric Technology Co., Ltd.",https://sourcing.hktdc.com/en/Supplier-Store/Profile/Oland-Photoelectric-Technology-Co-Ltd/1S00NTDGB,extracted,,Chinese Mainland,,"Environmental Protection , Lights",,,Maggie Xun,"No.1-1, Kanglong 3 Road, Henglan Town, Zhongshan City, Guangdong, China",Chinese Mainland,,,General Manager,
"Zhongshan Preter Lighting Co., Ltd.",https://sourcing.hktdc.com/en/Supplier-Store/Profile/Zhongshan-Preter-Lighting-Co-Ltd-/1S00OPFRC,extracted,,Chinese Mainland,,Lights,,,Mr Mike Wu,,Chinese Mainland,,,,
"Zhongshan Raybio Lighting Co., Ltd.",https://sourcing.hktdc.com/en/Supplier-Store/Profile/Zhongshan-RayBio-Lighting-Co-Ltd/1S00P6L29,extracted,Manufacturer,"Zhongshan, Guangdong, Chinese Mainland",,Lights,,,Miss Nicole Yuan,"No.162 Haixing Road, Haixing Road, Guzhen Town, Zhongshan City Guangdong Province",Chinese Mainland,,,,
"Zhongshan SECOCO Optoelectronics Technology Co., Ltd.",https://sourcing.hktdc.com/en/Supplier-Store/Profile/Zhongshan-SECOCO-Optoelectronics-Technology-Co-Ltd/1X090GRX,extracted,"Exporter, Manufacturer","Zhongshan, Guangdong, Chinese Mainland",2013,"Environmental Protection , Lights",Australasia,,Mr Jie Gao,"No.3, Futian 5th Road, Gangkou Town, Zhongshan City, Guangdong Province, China.",Chinese Mainland,26 - 50,,,
"Zhongshan Standard Lighting CO.,LTD",https://sourcing.hktdc.com/en/Supplier-Store/Profile/Zhongshan-Standard-Lighting-CO-LTD-/1S00PBRYF,extracted,Others,Chinese Mainland,,"Lights , Parts, Electrical Electronic Supplies",,,Mr Mianjing Yang,"Unit 6, 5th Floor, Building 1 No. 2 Yongxing North Road Yongxing Industrial Zone, Henglan Town Zhongshan City, Guangdong, China",Chinese Mainland,,,,
"Zhongshan Tender Electric Appliance Co., Ltd.",https://sourcing.hktdc.com/en/Supplier-Store/Profile/Zhongshan-Tender-Electric-Appliance-Co-Ltd/1X00K6YK,extracted,Exporter,"Zhongshan, Guangdong, Chinese Mainland",,"Environmental Protection , Lights , Parts, Components & Electrical Supplies , Parts, Components & Raw Materials","Africa, Australasia, Central & South America, Chinese Mainland, Eastern Europe, Hong Kong, Japan, Korea, Middle East, North America, Other Asian Countries",,Ms Kylin Yan,"No.8 Middle of Industry Street,Xiaolan Town Zhongshan City, Guangdong Province,, China",Chinese Mainland,501 - 1000,"US$ 10,000,000 - 49,999,999",General manager,
"Zhongshan Wosen Lighting Technology Co., Ltd.",https://sourcing.hktdc.com/en/Supplier-Store/Profile/ZHONGSHAN-WOSEN-LIGHTING-TECHNOLOGY-CO-LTD/1X0AE4PZ,extracted,"Exporter, Manufacturer","Zhongshan, Guangdong, Chinese Mainland",1992,,"Central & South America, Middle East, North America, Scandinavia, Southeast Asia",WOSEN,Ms Mandy Wu,"No. 526, Dongan North Road, Haizhou, Guzhen, Zhongshan, China",Chinese Mainland,201 - 500,"US$ 10,000,000 - 49,999,999",Marketing Manager,
"Zhongshan Xinrong Hardware products Co., LTD",https://sourcing.hktdc.com/en/Supplier-Store/Profile/Zhongshan-Xinrong-Hardware-products-Co-LTD/1S00OUGI2,extracted,,Chinese Mainland,,"Consumer Electronics , Lights",,,Miss Rong Ally,,Chinese Mainland,,,,
Zhongshan Zhonghong Electrical Appliance Company Ltd.,https://sourcing.hktdc.com/en/Supplier-Store/Profile/Zhongshan-Zhonghong-Electrical-Appliance-Company-Ltd-/1X07JE0U,extracted,Manufacturer,"Zhongshan, Guangdong, Chinese Mainland",1999,"Environmental Protection , Lights","Central & South America, Eastern Europe, Japan, Middle East, Western Europe",,Ms Ritana Huang,"BUILDING No.2,No.8,KANGLONG 2nd ROAD,XINMAO IND.ZONE, Henglan Town, Zhongshan City, Guangdong Province,China",Chinese Mainland,51 - 100,"US$ 1,000,000 - 4,999,999",Sales,
"Zhongshan Shengwang Electrical Appliance Co., Ltd.",https://sourcing.hktdc.com/en/Supplier-Store/Profile/Zhongshangcity-Shengwang-Electreical-Appliance-Co-Ltd/1S00OQ4L5,extracted,Manufacturer,"Zhongshan, Guangdong, Chinese Mainland",2015,Home Appliances,"Australasia, Korea, Other Asian Countries, Southeast Asia, Western Europe",,Mr Peter Yin,"3/F, 42 North Road, Huanzhen, Henglan town, Zhongshan, Guangdong, China",Chinese Mainland,,,general manager,
"Zhongshan Fandian Lighting Co., Ltd.",https://sourcing.hktdc.com/en/Supplier-Store/Profile/Zhongshan-Fandian-Lighting-Co-Ltd/1S00OQRXI,extracted,Manufacturer,"Zhongshan, Guangdong, Chinese Mainland",,Lights,"Africa, Australasia, Central & South America, Eastern Europe, Middle East, North America, Scandinavia, Western Europe",,Mr wenxuan ou,,Chinese Mainland,,,,
"Zhuhai Guangyang Lighting Electrical Co., Ltd.",https://sourcing.hktdc.com/en/Supplier-Store/Profile/Zhuhai-Guangyang-Lighting-Electrical-Co-Ltd-/1X09EMHP,extracted,,Chinese Mainland,,"Festive Supplies , Gifts, Toys & Sports Supplies , Lights",,,Mancang Huang,"No.2 Of Qianjin Road, The Third Industrial Of Tanzhou Town, Zhongshan, Guangdong, China",Chinese Mainland,,,Mnager,
"Zhuhai Hongke Electronics Co., Ltd.",https://sourcing.hktdc.com/en/Supplier-Store/Profile/Zhuhai-Hongke-Electronics-Co-Ltd/1X04VALL,extracted,"Exporter, Manufacturer","Zhuhai, Guangdong, Chinese Mainland",2007,"Environmental Protection , Lights","Africa, Australasia, Central & South America, Chinese Mainland, Eastern Europe, Hong Kong, Japan, Korea, Middle East, North America, Other Asian Countries, Scandinavia, Southeast Asia, Taiwan, Western Europe, Worldwide",HongKe,Mr Lenny Li,"No.8 PingGong 1st Road, Nanping Tech.& Ind. Park Xiangzhou Zone, Zhuhai, Guangdong, China",Chinese Mainland,201 - 500,"US$ 500,000 - 999,999",Sales Manager,
"Zhuhai Realdo Electronic Technology Co., Ltd.",https://sourcing.hktdc.com/en/Supplier-Store/Profile/Zhuhai-Realdo-Electronic-Technology-Co-Ltd/1S00OJBXY,extracted,,Chinese Mainland,,"Environmental Protection , Homeware & Lifestyle Essentials , Lights",,,David Lee,"4F, No.17, Haizhou Road Jida, Xiangzhou Area Zhuhai, Guangdong China",Chinese Mainland,,,manager,
Advance Tech Lighting Ltd,https://sourcing.hktdc.com/en/Supplier-Store/Profile/Advance-Tech-Lighting-Ltd/1X0979AZ,extracted,,Hong Kong,,"Parts, Components & Electrical Supplies",,,Mok Cindy,"Unit 1028, 10/F., Mai Wo Industrial Building, 98 Kwai Cheong Road, Kwai Chung",Hong Kong,,,,
"CFH Electronics Co., Limited",https://sourcing.hktdc.com/en/Supplier-Store/Profile/CFH-Electronics-Co-Limited/1S00P4BYV,extracted,,Hong Kong,,,,,Linda Wang,"Room 811, 8/F, Beverley Commercial Centre, 87-105 Chatham Road South, Tsim Sha Tsui, Hong Kong",Hong Kong,,,,
"Chelong Electronics Technology Co., Limited",https://sourcing.hktdc.com/en/Supplier-Store/Profile/Chelong-Electronics-Technology-Co-Limited/1S00OFBV4,extracted,,Hong Kong,,,,,Wilson Lee,"Room 1603, 16/F, Allways Centre, 468 Jaffe Road, Causeway Bay, Hong Kong",Hong Kong,,,,
Chung Nam Leds Limited,https://sourcing.hktdc.com/en/Supplier-Store/Profile/CHUNG-NAM-LEDS-LIMITED/1X0979IR,extracted,,Hong Kong,,"Environmental Protection , Lights",,,Lee Ada,"Flat C, 9/F., Hung Cheung Ind. Ctr., Phase 1, 12 Tsing Yeung Circuit, Tuen Mun, N.T.",Hong Kong,,,,
"Comson (Hong Kong) Electronic Technology Co., Ltd.",https://sourcing.hktdc.com/en/Supplier-Store/Profile/Comson-Hong-Kong-Electronic-Technology-Co-Limited/1S00OSSFZ,extracted,,Hong Kong,,,,,Kevin Hu,"Unit 3, 16/F, Allways Ctr, 468 Jaffe Rd, Causeway Bay, Hong Kong",Hong Kong,,,,
Eton Group Asia Limited,https://sourcing.hktdc.com/en/Supplier-Store/Profile/Eton-Group-Asia-Limited/1X09E6G2,extracted,,Hong Kong,,"Environmental Protection , Lights",,,stephanie LAU,"Room 2702, Kwong Kin Trade Centre, 5 Kin Fat Stree Tuen Mun, NT, Hong Kong",Hong Kong,,,marketing,
Faith Treasure International Limited,https://sourcing.hktdc.com/en/Supplier-Store/Profile/Faith-Treasure-International-Limited/1X0AHR6L,extracted,"Exporter, Manufacturer, Wholesaler",Hong Kong,2002,"Educational Toys , Watches & Clocks","Central & South America, Japan, North America, Scandinavia, Western Europe, Worldwide",,Mr Ming Lo,"Room 1801, 18/F, Seaview Centre, 139-141 Hoi Bun Road, Kwun Tong, Kowloon, Hong Kong",Hong Kong,26 - 50,"US$ 1,000,000 - 4,999,999",,
Global Pride International Limited,https://sourcing.hktdc.com/en/Supplier-Store/Profile/Global-Pride-International-Limited/1X00AMDT,extracted,"Exporter, Manufacturer",Hong Kong,2007,"Baby Toys , Bags, Handbags & Accessories , Fashion Accessories , Fashion, Eyewear & Accessories , Gift Sets , Gifts / Souvenirs , Gifts, Toys & Sports Supplies , Home Products, Lights & Constructions , Homeware & Lifestyle Essentials",North America,,Ms Chan Chan,"Flat C, 20/F, 8 Hart Avenue, T.S.T., Kowloon, Hong Kong.",Hong Kong,,,Marketing Officer,
Harmonious Lightings Limited,https://sourcing.hktdc.com/en/Supplier-Store/Profile/Harmonious-Lightings-Limited/1S00OSSVN,extracted,,Hong Kong,,,,,Jenny Yip,"Unit 42, 5/F, Yau Lee Centre, Hoi Yuen Road No.45, Kwun Tong, Kowloon, Hong Kong",Hong Kong,,,,
Harvest International Co.,https://sourcing.hktdc.com/en/Supplier-Store/Profile/Harvest-International-Co-/1X084S9F,extracted,,Hong Kong,,Lights,,,Angel Tsang,"Unit 503, 5/F, Tower 2, Lippo centre, 89 Queensway, Admiratly, Hong Kong",Hong Kong,,,,
"Hongkong Sunjune Lighting Co.,Limited",https://sourcing.hktdc.com/en/Supplier-Store/Profile/Hongkong-Sunjune-Lighting-Co-Limited/1X0BARO3,extracted,,Hong Kong,,"Environmental Protection , Lights",,,WEIKANG SHANG,"Rm 605, 6/F, Fa Yuen Comm Bldg, 75-77 Fa Yuen Street, Mongkok, Kowloon, Hong Kong",Hong Kong,,,manager,
Huatong Energy Limited,https://sourcing.hktdc.com/en/Supplier-Store/Profile/Huatong-Energy-Limited/1X088Y15,extracted,Manufacturer,Hong Kong,,"Environmental Protection , Lights",,,Miss Karen Wong,"A209,2/F, Great Wall Factory Building, No.11 Cheung Shun Street, Cheung Sha Wan, Kowloon, Hong Kong",Hong Kong,,,,
"Jimi Technology (HK) Co., Limited",https://sourcing.hktdc.com/en/Supplier-Store/Profile/Jimi-Technology-HK-Co-Limited/1S00OGM8Q,extracted,,Hong Kong,,,,,Benny Wu,"Unit 1603, 16/F, Allways Centre, 468 Jaffe Rd, Causeway Bay, Hong Kong",Hong Kong,,,,
Legato LEDs Ltd,https://sourcing.hktdc.com/en/Supplier-Store/Profile/Legato-LEDs-Ltd/1X097A9X,extracted,,Hong Kong,,"Environmental Protection , Lights",,,Lee Carrie,"Unit 11, 1/F, Park Sun Building, 103-107 Wo Yi Hop Road, Kwai Chung, Hong Kong",Hong Kong,,,,
Luminoscape Lighting Limited,https://sourcing.hktdc.com/en/Supplier-Store/Profile/Luminoscape-Lighting-Limited/1S00OT5JA,extracted,,Hong Kong,,Lights,,,Po Wah Lau,"Unit 12, 3/F, Kwai Shing Ind Bldg, 36-46 Tai Lin Pai Rd, Kwai Chung, New Territories, Hong Kong",Hong Kong,,,Director,
"Major League Global Co., Ltd.",https://sourcing.hktdc.com/en/Supplier-Store/Profile/Major-League-Global-Co-Ltd-/1S00P47PQ,extracted,,Hong Kong,,,,,Bob Lee,"Unit 3, 16/F, Allways Ctr, 468 Jaffe Rd, Causeway Bay, Hong Kong",Hong Kong,,,,
Nomi Optoelectronics Company Limited,https://sourcing.hktdc.com/en/Supplier-Store/Profile/NOMI-OPTOELECTRONICS-COMPANY-LIMITED/1X097ALL,extracted,,Hong Kong,,"Environmental Protection , Lights",,,Jerry Ho,"Flat B 2/F Front Rm 107, Hong Ning Rd, Kwun Tong, Kln, Hong Kong",Hong Kong,,,Sales Director,
Ou Xin Int'l Company Limited,https://sourcing.hktdc.com/en/Supplier-Store/Profile/Ou-Xin-Int-l-Company-Limited/1S00OGM6W,extracted,,Hong Kong,,,,,Geoff Lu,"Flat/Rm. E9, Cli Building, 313 Hennessy Road, Wan Chai, Hong Kong",Hong Kong,,,,
Pioneer LEDs Ltd,https://sourcing.hktdc.com/en/Supplier-Store/Profile/Pioneer-LEDs-Ltd/1X097AOI,extracted,,Hong Kong,,"Environmental Protection , Lights",,,Lau Winnie,"Room 22, 3/F, Worldwide Industrial Centre, Shan Mei Street, Fo Tan, Sha Tin, Hong Kong",Hong Kong,,,,
Rae Annsas Limited,https://sourcing.hktdc.com/en/Supplier-Store/Profile/RAE-ANNSAS-LIMITED/1X09SFBG,extracted,,Hong Kong,,"Environmental Protection , Lights",,,Yuki Chang,"Flat 1801, Workingport Commercial Bldg, No.3 Hau Fook St, Tsimshatsui, Kowloon, Hong Kong",Hong Kong,,,Deputy General Manager,
Rodoa Holdings (Hong Kong) Limited,https://sourcing.hktdc.com/en/Supplier-Store/Profile/RODOA-HOLDINGS-HONG-KONG-LIMITED/1S00ODPZE,extracted,,Hong Kong,,,,,Mr Stanley Ling,,Hong Kong,,,,
Shante (HK) Industry Limited,https://sourcing.hktdc.com/en/Supplier-Store/Profile/SHANTE-HK-INDUSTRY-LIMITED/1S00OBIOI,extracted,,Hong Kong,,,,,Miss SHELLY ZHENG,,Hong Kong,,,,
"Songde International Co., Limited",https://sourcing.hktdc.com/en/Supplier-Store/Profile/Songde-International-Co-Limited/1S00OIGG8,extracted,,Hong Kong,,,,,Jimmy Liu,"Unit B, 29/F, Legend Twr, 7 Shing Yip St, Kwun Tong, Kowloon, Hong Kong",Hong Kong,,,,
TUV Rheinland Hong Kong Limited,https://sourcing.hktdc.com/en/Supplier-Store/Profile/TUV-Rheinland-HK-Ltd/1X000H4H,extracted,Service Company,Hong Kong,1988,"Business Research, Management, Consultancy & General Services , Design Services , Environmental Protection , Logistics & Transportation , Medical & Healthcare , Packaging Services , Professional Services , Quality Inspection, Compliance & Testing Service , Technology, R&D",Worldwide,"Bluetooth, CB Scheme, CE Marking, EMC Testing, International Approval, cTUVus Mark, E and e mark, TUV/GS Mark, LMBG and Related EU directives, SEMI S2/S8, SG Mark, Telecom Mark , Toxproof, ZigBee, WEEE & RoHS, etc...",Mr Martin Fan,"3-4, 11/F., Fou Wah Industrial Building, 10-16 Pun Shan Street, Tsuen Wan, N.T., Hong Kong Hong Kong",Hong Kong,501 - 1000,,Managing Director,
Taiyang Trading HK Company Limited,https://sourcing.hktdc.com/en/Supplier-Store/Profile/TAIYANG-TRADING-HK-COMPANY-LIMITED/1X0AWAY8,extracted,,Hong Kong,,Lights,,,Nancy Chen,"Unit 1702A, 17/F, Sunbeam Plaza, 1155 Canton Road, Mongkok,  Hong Kong",Hong Kong,,,sales maneger,
Ultra Power Lighting Ltd,https://sourcing.hktdc.com/en/Supplier-Store/Profile/Ultra-Power-Lighting-Ltd/1S00OHSJN,extracted,,Hong Kong,,,,,Ava Lee,"Unit B, 2/F, Man Lin Bldg, 96-100 Prince Edward Rd W, Mong Kok, Kowloon, Hong Kong",Hong Kong,,,,
Well Vantage Industrial Company,https://sourcing.hktdc.com/en/Supplier-Store/Profile/Well-Vantage-Industrial-Company/1X05F0HJ,extracted,Exporter,Hong Kong,2002,"Gifts, Toys & Sports Supplies , Home Products, Lights & Constructions , Homeware & Lifestyle Essentials , Religious Items & Crafts","Eastern Europe, Western Europe",,Mr K.C. Cheung,"Room 907, 9/F, Silvercord Tower 2, 30 Canton Road, T.S.T., Kowloon, Hong Kong",Hong Kong,,,Admin. Manager,
Winson Lighting Limited,https://sourcing.hktdc.com/en/Supplier-Store/Profile/Winson-Lighting-Limited/1X097A33,extracted,,Hong Kong,,"Environmental Protection , Lights",,,Ma Eunice,"26/F, Futura Plaza, 111-113 How Ming Street, Kwun Tong, Kowloon, Hong Kong",Hong Kong,,,,
Winsum Trading Company Limited,https://sourcing.hktdc.com/en/Supplier-Store/Profile/Winsum-Trading-Co-Ltd/1X03RL90,extracted,Export Agent,Hong Kong,2001,Lights,"Chinese Mainland, North America, Western Europe",,Mr Stephen Sum,"1506, Eastern Commcercial Centre, 399 Hennessy Road, Causeway Bay, Hong Kong.",Hong Kong,1 - 5,"US$ 1,000,000 - 4,999,999",Director,
Wonder Lighting Ltd,https://sourcing.hktdc.com/en/Supplier-Store/Profile/Wonder-Lighting-Ltd/1X09RS2M,extracted,,Hong Kong,,Lights,,,Vanessa Yeung,"A ON 5/F, WAH HEN COMMERCIAL CENTRE,NO.381-383 HENNESSY ROAD WANCHAI, HONGKONG",Hong Kong,,,Manager,
World Symbol Limited,https://sourcing.hktdc.com/en/Supplier-Store/Profile/WORLD-SYMBOL-LTD/1X07J5VQ,extracted,"Exporter, Manufacturer",Hong Kong,1999,"Environmental Protection , Lights",Southeast Asia,,Mr Peter Wu,"Unit 402, 173 Des Voeux Road, C Hong Kong Hong Kong.",Hong Kong,6 - 10,"US$ 10,000,000 - 49,999,999",Overseas Manager,
"CATIK Lighting Co., Ltd.",https://sourcing.hktdc.com/en/Supplier-Store/Profile/CATIK-Lighting-Co-Ltd-/1X0AJTYN,extracted,,Chinese Mainland,,"Environmental Protection , Lights",,,Wenyuan Duan,"Room 2208, Hangdu Plaza, Catic Zone, Shennan Road Central, Huaqiang North Subdistrict, Futian District, Shenz China",Chinese Mainland,,,Sales,
"Champ-Ray Industrial Co., LTD.",https://sourcing.hktdc.com/en/Supplier-Store/Profile/CHAMP-RAY-INDUSTRIAL-CO-LTD-/1X07IEBJ,extracted,,Taiwan,,"Consumer Electronics , Home Appliances",,,David Yang,"No.98, DAMIND RD, SHENGAN DIST., TAICHUNG CITY, TAIWAN",Taiwan,,,GM,
"Dongguan Hi Light Co.,Ltd.",https://sourcing.hktdc.com/en/Supplier-Store/Profile/Dongguan-Hi-Light-Co-Ltd-/1S00PAVIN,extracted,,Chinese Mainland,,,,,Ms Lisa Tang,,Chinese Mainland,,,,
"Dongguan Qinda Wire Co., Ltd.",https://sourcing.hktdc.com/en/Supplier-Store/Profile/Dongguan-Qinda-Wire-Co-Ltd/1S00O7NS1,extracted,Manufacturer,"Dongguan, Guangdong, Chinese Mainland",2008,Telecommunication,"Central & South America, Eastern Europe, North America, Worldwide",Qinda Wire,Ms Caroline Zhao,"Room 101, Yinkai Road,Sangyuan Industrial zone Dongcheng district China",Chinese Mainland,51 - 100,"US$ 5,000,000 - 9,999,999",Sales manager,
"Dongguan Ulite Smart Lighting Co., Ltd.",https://sourcing.hktdc.com/en/Supplier-Store/Profile/Dongguan-Ulite-Smart-Lighting-Co-Ltd/1S00O9A9Z,extracted,,Chinese Mainland,,,,,Jorge Cheung,"Room 401,Buliding 13, No.6, Duitang Hualing First Road, Chashan Town, Dongguan City, Guangdong Province, China",Chinese Mainland,,,Manager,
Elyxwork Electronics Company Limited,https://sourcing.hktdc.com/en/Supplier-Store/Profile/Cixi-City-Julong-Electronic-Technology-Co-Ltd/1S00NM1N2,extracted,,Chinese Mainland,,,,,Haicheng Li,"No. 299 Xiaoxing Road, Xiallin, Cixi, Ningbo, Zhejiang, China",Chinese Mainland,,,,
"Etenlux Lighting Tech Co., Ltd.",https://sourcing.hktdc.com/en/Supplier-Store/Profile/Etenlux-Lighting-Tech-Co-Ltd-/1S00OAUHR,extracted,,Chinese Mainland,,"Environmental Protection , Lights",,,Mr CHUANXING ZHOU,,Chinese Mainland,,,,
"FOSHAN INNOVATIVE LIGHTING TECHNOLOGIES CO., LTD",https://sourcing.hktdc.com/en/Supplier-Store/Profile/FOSHAN-INNOVATIVE-LIGHTING-TECHNOLOGIES-CO-LTD/1S00PE693,extracted,,Chinese Mainland,,,,,Randy Geng,"No.3 Jiansha Road, Danzhao Town, Nanhai District, Foshan City, Guangdong, PR China",Chinese Mainland,,,,
"FOSHAN YISHENG LIGHTING CO.,LTD",https://sourcing.hktdc.com/en/Supplier-Store/Profile/FOSHAN-YISHENG-LIGHTING-CO-LTD/1S00PB2QS,extracted,,Chinese Mainland,,,,,Mr Kangling Li,,Chinese Mainland,,,,
"Foshan Deyao Lighting Manufacture Co., Ltd",https://sourcing.hktdc.com/en/Supplier-Store/Profile/Foshan-Deyao-Lighting-Manufacture-Co-Ltd/1X08RW75,extracted,"Exporter, Manufacturer","Foshan, Guangdong, Chinese Mainland",,"Environmental Protection , Lights",,,Ms Kathy Chen,"Shenglibei Rode, Section B, East District, Guicheng Industry, Nanhai, Foshan, Guangdong, China",Chinese Mainland,,,Vice G.M-Admin,
Foshan Nanhai Grand Lighting Company Limited,https://sourcing.hktdc.com/en/Supplier-Store/Profile/Foshan-Nanhai-Grand-Lighting-Co-Ltd/1X007DAN,extracted,Manufacturer,"Foshan, Guangdong, Chinese Mainland",,Lights,,Grand,Mr Jeff Lin,"District C, Shishan Technological & Industrial Zone Nanhai Foshan, Guangdong China",Chinese Mainland,,,Manager,
Foshan Vimingdi Lighting Co.Ltd.,https://sourcing.hktdc.com/en/Supplier-Store/Profile/Foshan-Vimingdi-Lighting-Co-Ltd-/1S00PEBSD,extracted,,Chinese Mainland,,,,,Zhiqing Liu,"No.26 Liansha Industrial Road,Danzao Town,Nanhai D Foshan City",Chinese Mainland,,,General Manager,
"Fuzhou Ace Opto Co., Ltd.",https://sourcing.hktdc.com/en/Supplier-Store/Profile/Fuzhou-Ace-Opto-Co-Ltd-/1X0AXGZP,extracted,,Chinese Mainland,,"Environmental Protection , Lights",,,felix zheng,"No.408, C2 Building of Wanda Plaza, No.8 Aojiang Road Aofeng Stree, Fuzhou, Fujian, China",Chinese Mainland,,,manage,
"GuangDong LZ LED LIGHTING Co.,LTD",https://sourcing.hktdc.com/en/Supplier-Store/Profile/GuangDong-LZ-LED-LIGHTING-Co-LTD/1S00P6TUP,extracted,,Chinese Mainland,,,,,koby shen,"14th floor, 52# building, JingDongZhiGu industrial, ChangShi Road, FengGang town, DongGuan city, Guangdong Province, CHINA",Chinese Mainland,,,Sales Manager,
"Guangdong Chenghong Lighting Technology Co., Ltd.",https://sourcing.hktdc.com/en/Supplier-Store/Profile/Guangdong-Chenghong-Lighting-Technology-Co-Ltd-/1S00NLD58,extracted,,Chinese Mainland,,,,,Mr RORY SHI,,Chinese Mainland,,,,
"Guangdong Gefei Lighting Technology Co., Ltd",https://sourcing.hktdc.com/en/Supplier-Store/Profile/Guangdong-Gefei-Lighting-Technology-Co-Ltd/1S00PB877,extracted,,Chinese Mainland,,Lights,,,Jingfeng Chen,"No. 1 Beiyuan Road, Jianghai District, Jiangmen City, Zhongshan, Guangdong, China",Chinese Mainland,,,,
"Guangdong Kangrong High-Tech New Material Co., Ltd.",https://sourcing.hktdc.com/en/Supplier-Store/Profile/Foshan-Kangrong-Fine-Ceramic-Co-Ltd-/1X05RPCL,extracted,Manufacturer,"Foshan, Guangdong, Chinese Mainland",,"Environmental Protection , Lights",,,Mr Yongquan Zhuo,"Industry Road, Langsha Luocun, Nanhai, Foshan Guangdong, 528226, China",Chinese Mainland,,,,
"Guangdong Langman Optical-Electronical Tech Co., Ltd.",https://sourcing.hktdc.com/en/Supplier-Store/Profile/Guangdong-Langman-Optical-Electronical-Tech-Co-Ltd-/1S00PE47B,extracted,,Chinese Mainland,,,,,Angel Ms,"No. 6, KangLin Street, TongYi Industrial Park, GuZhen Town, ZhongShan City, Guangdong, China",Chinese Mainland,,,,
"Guangdong Liqin Electronic Co.,Ltd",https://sourcing.hktdc.com/en/Supplier-Store/Profile/Guangdong-Liqin-Electronic-Co-Ltd/1S00OWFMR,extracted,,Chinese Mainland,,,,,Dr Aiyuan Chen,,Chinese Mainland,,,,
"Guangdong Taigeer Power Source Science &Technology Co.,Ltd",https://sourcing.hktdc.com/en/Supplier-Store/Profile/Guangdong-Taigeer-Power-Source-Science-Technology-Co-Ltd/1S00P68RJ,extracted,,Chinese Mainland,,Lights,,,LISHI YANG,"Room 001, Taigeer Industral Park, XiMeiZhu Village, SiMaPu T Chaonan District, ShanTou City, GuangDong Province China",Chinese Mainland,,,,
"Guangshuo Lighting Technology Co., Ltd.",https://sourcing.hktdc.com/en/Supplier-Store/Profile/Guangshuo-Lighting-Technology-Company-Limited/1X0A72YW,extracted,"Exporter, Manufacturer","Zhongshan, Guangdong, Chinese Mainland",,"Environmental Protection , Lights",,,Mr Bangyou Zhou,"18#,Fuqing Road,Yongxing Industry Zone,Henglan Tow",Chinese Mainland,,,manager,
Hangzhou Eurofresh Imp.&Exp.Ltd.,https://sourcing.hktdc.com/en/Supplier-Store/Profile/Hangzhou-Eurofresh-Imp-Exp-Ltd-/1S00ODW4S,extracted,,Chinese Mainland,,Lights,,,Ms Xiaohong Zhou,,Chinese Mainland,,,,
Illusion LED Lighting Limited,https://sourcing.hktdc.com/en/Supplier-Store/Profile/ILLUSION-LED-LIGHTING-LIMITED/1S00OH10Z,extracted,,Chinese Mainland,,,,,hui han,"NO.3 Yuanhui Road, Huizhou Chenjiang, Zhongkai Hi-tech Indust, Guangdong, Chian",Chinese Mainland,,,,
"Jiangmen HuaChuang Electronic Co.,Ltd",https://sourcing.hktdc.com/en/Supplier-Store/Profile/Jiangmen-HuaChuang-Electronic-Co-Ltd/1S00PEVP2,extracted,,Chinese Mainland,,,,,ALLEN LIANG,"2nd Floor, Building 1, No. 10, Minghui street, Jianghai District, Jiangmen, Guangdong",Chinese Mainland,,,,
"Jinhua Letron Lighting Technology Co., Ltd.",https://sourcing.hktdc.com/en/Supplier-Store/Profile/Jinhua-Letron-Lighting-Technology-Co-Ltd-/1S00PE4HH,extracted,,Chinese Mainland,,,,,Mengjie Luo,"Room 613, Building 10, Shuanglong Gardon, Wucheng District, Jinhua City, Zhejiang, China",Chinese Mainland,,,Sales Director,
"Longway Lighting Co., Ltd.",https://sourcing.hktdc.com/en/Supplier-Store/Profile/Longway-Lighting-Co-Ltd/1X098TNY,extracted,,Chinese Mainland,,"Environmental Protection , Lights",,,Duanmr -,"No. 16 Kanglong 6 Road, Xin Mao Industrial, Zhongshan City, Guangdong Prov, China",Chinese Mainland,,,Sales Manager,
"Ningbo Feituo Electric Appliance Co., Ltd.",https://sourcing.hktdc.com/en/Supplier-Store/Profile/Ningbo-Feituo-Electric-Appliance-Co-Ltd-/1S00PF4Y2,extracted,,Chinese Mainland,,,,,YUJUN SHAO,315324 中國浙江省寧波市 慈溪市周巷鎮企業路546號 寧波飛拓電器有限公司,Chinese Mainland,,,,
"Ningbo Hong Yue Electric Appliance Co., Ltd.",https://sourcing.hktdc.com/en/Supplier-Store/Profile/Ningbo-Hong-Yue-Electric-Appliance-Co-Ltd-/1S00P06QO,extracted,,Chinese Mainland,,,,,Ben Zhang,"342 Lipu Road, Xiepu Town, Zhenhai District, Ningbo City 31",Chinese Mainland,,,,
"Ningbo Ivylux Lighting Co., Ltd.",https://sourcing.hktdc.com/en/Supplier-Store/Profile/Ningbo-IVYLUX-Lighting-Co-Ltd/1X0A6V2D,extracted,,Chinese Mainland,,"Environmental Protection , Lights",,,LEE MARTIN,"Room7-10 South Building Of Liansheng, Guotang Street, Cixi, China",Chinese Mainland,,,,
"Ningbo Nblite Lighting Technology Co., Ltd.",https://sourcing.hktdc.com/en/Supplier-Store/Profile/Ningbo-Nblite-Lighting-Technology-Co-Ltd-/1S00PENQ7,extracted,,Chinese Mainland,,,,,William Zhao,"Room 609, No. 72, Yueming Road, Yinzhou District, Ningbo City",Chinese Mainland,,,,
Ningbo Refine Lighting Technology Co Ltd,https://sourcing.hktdc.com/en/Supplier-Store/Profile/Ningbo-Refine-Lighting-Technology-Co-LTD/1S00PDUQ0,extracted,,Chinese Mainland,,Lights,,,Ms Alice Wang,,Chinese Mainland,,,,
"Ningbo Top Optoelectronic Technology Co., Ltd.",https://sourcing.hktdc.com/en/Supplier-Store/Profile/Ningbo-Top-Optoelectronic-Technology-Co-Ltd-/1X09ERO3,extracted,"Exporter, Manufacturer","Ningbo, Zhejiang, Chinese Mainland",,"Environmental Protection , Lights",,,Mr Richard Lin,"329 National Way, Longshan Town, Cixi City, Ningbo, Zhejiang Province, China",Chinese Mainland,,,Sales Manager,
"Ningbo Uhigh Lighting Co., Ltd.",https://sourcing.hktdc.com/en/Supplier-Store/Profile/Ningbo-Uhigh-Lighting-Co-Ltd-/1X0A0GZP,extracted,,Chinese Mainland,,"Environmental Protection , Lights",,,Ming Lyu,"No.66-1, West Zhenxing Road, Yuyao Ningbo City, Zhejiang Province, China",Chinese Mainland,,,,
"Ninghai Yong Zheng Electronic Co., Ltd.",https://sourcing.hktdc.com/en/Supplier-Store/Profile/Ninghai-Yong-Zheng-Electronic-Co-Ltd/1X08HPKD,extracted,"Exporter, Manufacturer","Ningbo, Zhejiang, Chinese Mainland",2004,"Environmental Protection , Lights","Africa, Australasia, Central & South America, Chinese Mainland, Eastern Europe, Hong Kong, Japan, Korea, Middle East, North America, Other Asian Countries, Southeast Asia, Taiwan",,Miss Lissa Sun,"Shaojia Road, Xidian Town, Ningbo City, Ningbo",Chinese Mainland,51 - 100,"US$ 5,000,000 - 9,999,999",,
"QL Light Co., Ltd.",https://sourcing.hktdc.com/en/Supplier-Store/Profile/QL-Light-Co-Ltd/1X0AIZ8V,extracted,,Taiwan,,Lights,,,Alice Tang,"1F, No.28, Xinyi Rd., Luzhou Dist, New Taipei City, Taiwan",Taiwan,,,,
Qao PU Lighting Company Limited,https://sourcing.hktdc.com/en/Supplier-Store/Profile/QAO-PU-LIGHTING-COMPANY-LIMITED/1S00O9NKP,extracted,,Chinese Mainland,,,,,quinn lee,"Zhongshan, Guangdong, China",Chinese Mainland,,,,
"Roston Photoelectric Technology Co., Ltd.",https://sourcing.hktdc.com/en/Supplier-Store/Profile/ROSTON-PHOTOELECTRIC-TECHNOLOGY-CO-LTD/1X0ABMOI,extracted,"Exporter, Manufacturer","Jiangmen, Guangdong, Chinese Mainland",,,"North America, Scandinavia, Western Europe",Herekr,Ms Theresa Tang,"2/F, 7 Office Building, 1 Caihong Road, Jianghai District, Jiangmen City, Guangdong Province, China",Chinese Mainland,,,Sales Representative,
"Shanghai Bublux Lighting Technology Co., Ltd.",https://sourcing.hktdc.com/en/Supplier-Store/Profile/SHANGHAI-BUBLUX-LIGHTING-TECHNOLOGY-CO-LTD-/1S00O6G0K,extracted,"Exporter, Manufacturer","Shanghai Shi, Shanghai, Chinese Mainland",,"Environmental Protection , Lights , Parts, Components & Electrical Supplies , Parts, Electrical Electronic Supplies",,BUBLUX,Ms QIN BAO,"Room 1106, No. 89 Jilong Road, Waigaoqiao Free Trade Zone Pudong, Shanghai China",Chinese Mainland,,,,
"Shanghai Linsky Electrical Co., Ltd.",https://sourcing.hktdc.com/en/Supplier-Store/Profile/Shanghai-Linsky-Electrical-Co-Ltd-/1S00P9Y1Z,extracted,"Exporter, Manufacturer, Trade/Industrial Organisation","Shanghai Shi, Shanghai, Chinese Mainland",2014,"Building Materials & Supplies , Consumer Electronics , Furniture & Parts , Home Appliances , Internet of Things , Parts, Components & Electrical Supplies , Parts, Components & Raw Materials , Parts, Electrical Electronic Supplies , Telecommunication",North America,USLINSKY,Miss Lin Cai,"Lane 1588, Huhang, Highway Fengxian District, Shanghai Shi, Shanghai, China",Chinese Mainland,26 - 50,"US$ 5,000,000 - 9,999,999",,
"ShaoXing KaiSheng Lighting Co.,Ltd",https://sourcing.hktdc.com/en/Supplier-Store/Profile/ShaoXing-KaiSheng-Lighting-Co-Ltd/1S00PEC80,extracted,,Chinese Mainland,,,,,Mr lian Mr lian,"No.1 Majia Road, Ludong Industrial Zone, Baiguan,",Chinese Mainland,,,,
"Shaoxing Newbright Lighting Co., Ltd.",https://sourcing.hktdc.com/en/Supplier-Store/Profile/Shaoxing-New-Bright-Lighting-Co-Ltd/1X05WWLR,extracted,"Exporter, Manufacturer","Shaoxing, Zhejiang, Chinese Mainland",2007,"Environmental Protection , Lights",,,Ms Ruby Wang,"66 Majia Road, Ludong Industrial Zone, Shangyu District, Shaoxing City, Zhejiang Province, China.",Chinese Mainland,,,Sales Manager,
"Shaoxing Yuejian Optoelectronic Technology Co.,Ltd.",https://sourcing.hktdc.com/en/Supplier-Store/Profile/Shaoxing-Yuejian-Optoelectronic-Technology-Co-Ltd-/1S00PEC73,extracted,,Chinese Mainland,,,,,Jiang Kathy,"NO.7 Factory Building,Industrial Park for small an medium enterprises ,Xietang Town,Shangyu,Zhejiang",Chinese Mainland,,,,
"Shenzhen Daybetter Optoelectronics Co., Ltd.",https://sourcing.hktdc.com/en/Supplier-Store/Profile/Shenzhen-Daybetter-Optoelectronics-Co-Ltd-/1S00OCHFA,extracted,Manufacturer,"Shenzhen, Guangdong, Chinese Mainland",2015,Lights,"Central & South America, Eastern Europe, Japan, Middle East, North America, Southeast Asia, Western Europe",Daybetter,Miss Tonya Yuan,"3th-5th Floor, No.2 Workshop, Antuoshan High-tech Industrial Shaer Community, Shajing Street,Baoan District Shenzhen China",Chinese Mainland,201 - 500,"US$ 5,000,000 - 9,999,999",,
"Shenzhen LEIFEI Lighting Technologies Co., Ltd Foshan Branch",https://sourcing.hktdc.com/en/Supplier-Store/Profile/Shenzhen-LEIFEI-Lighting-Technologies-Co-Ltd-Foshan-Branch/1S00PEAMW,extracted,,Chinese Mainland,,,,,Mr XU Guangyu,,Chinese Mainland,,,,
"Shenzhen Lumimore Lighting Co., Ltd.",https://sourcing.hktdc.com/en/Supplier-Store/Profile/Shenzhen-Lumimore-Lighting-Co-Ltd/1X09F918,extracted,,Chinese Mainland,,,,,Terry Chen,"5th Floor, Flat 2, Shengxuan Industrial Park, Shiyan, Bao'an, Shenzhen City, China",Chinese Mainland,,,Sales Manager,
"Shenzhen Ottima Technology Co., Ltd.",https://sourcing.hktdc.com/en/Supplier-Store/Profile/Shenzhen-Ottima-Technology-Co-Ltd/1X09150L,extracted,Exporter,"Shenzhen, Guangdong, Chinese Mainland",2014,"Environmental Protection , Lights","Australasia, Eastern Europe, North America, Scandinavia, Southeast Asia, Western Europe, Worldwide",OTTIMA,Ms Yunqing Zhang,"Room 517, Donghuan 1st Road, Donghuan Rainbow B1 Building Longhua New District Shenzhen, Guangdong Province China",Chinese Mainland,51 - 100,"US$ 5,000,000 - 9,999,999",Sales Manager,
"Suzhou Qingyue Optoelectronic Technology Co., Ltd.",https://sourcing.hktdc.com/en/Supplier-Store/Profile/Suzhou-Qingyue-Optoelectronic-Technology-Co-Ltd-/1S00PFBSD,extracted,,Chinese Mainland,,,,,Zhihao Yang,"No. 188, Chenfeng Road, High-tech Zone, Kunshan, Jiangsu Province, China",Chinese Mainland,,,,
"UMI Lighting Technology Co., Ltd",https://sourcing.hktdc.com/en/Supplier-Store/Profile/UMI-Lighting-Technology-Co-Ltd/1X09FN5Y,extracted,,Chinese Mainland,,"Environmental Protection , Lights",,,bin wang,"No.49 Keji Road West, Torch Development Zone, Zhongshan City, China",Chinese Mainland,,,Product Manager,
"United Optoelectronic Co., Ltd.",https://sourcing.hktdc.com/en/Supplier-Store/Profile/United-Optoelectronic-Co-Ltd/1S00O9QVP,extracted,,Chinese Mainland,,,,,Angie Zheng,"630 Room. 273 Lingxia Xi Road, Huli District, Xiamen, Fujian, China",Chinese Mainland,,,,
XY Power Supply (Dong Guan) Limited,https://sourcing.hktdc.com/en/Supplier-Store/Profile/Xing-Yuan-Electronics-Co-Ltd-/1S00PCU13,extracted,,Chinese Mainland,,,,,jullia zhu,"No.33 Yanwo Village Road, Shipai Town, Dongguan City, Guangdong, 523335, China",Chinese Mainland,,,,
Yuyao Hangjia Electronics Co Ltd,https://sourcing.hktdc.com/en/Supplier-Store/Profile/Yuyao-Hangjia-Electronics-Co-Ltd/1X0A8884,extracted,Manufacturer,"Huzhou, Zhejiang, Chinese Mainland",,"Environmental Protection , Lights",,,Mr Alex Chen,"East Zone of Ind'l Park, Linshan Town, Yuyao, Zhejiang, China",Chinese Mainland,,,General manager,
"Yuyao Maydamlux Electric Co., Ltd.",https://sourcing.hktdc.com/en/Supplier-Store/Profile/Yuyao-Maydamlux-Electric-Co-Ltd/1X08ZPLC,extracted,"Exporter, Manufacturer","Ningbo, Zhejiang, Chinese Mainland",,"Environmental Protection , Lights",,,yuxuan kang,"Sanfengqiao, Lanjiang street, Zhejiang province,Yuyao city 315408,",Chinese Mainland,,,,
zhejiang hang chang electric co.ltd,https://sourcing.hktdc.com/en/Supplier-Store/Profile/ZHEJIANG-HANG-CHANG-ELECTRIC-CO-LTD/1S00PE6A0,extracted,,Chinese Mainland,,,,,Jessica Lo,"No.08 Shunchuang Road, Yuyao City, Zhejiang, china",Chinese Mainland,,,,
"Zhongshan Lites R' Us Co., Ltd.'",https://sourcing.hktdc.com/en/Supplier-Store/Profile/Zhongshan-Lites-R-Us-Co-Ltd-/1X0986SQ,extracted,,Chinese Mainland,,"Environmental Protection , Home Products, Lights & Constructions , Homeware & Lifestyle Essentials , Lights",,,Benjamin Wang,"Dongsheng District, Guangzhu Highway, Zhongshan City, China",Chinese Mainland,,,Marketing Specialist,
"Zhejiang Mingyang Lighting Technology Co., Ltd.",https://sourcing.hktdc.com/en/Supplier-Store/Profile/ZHEJIANG-MINGYANG-LIGHTING-TECHNOLOGY-CO-LTD-/1S00O9IEC,extracted,,Chinese Mainland,,Lights,,,Mr Jason J.,,Chinese Mainland,,,,
"Zhongshan C5 Lighting Co., Ltd.",https://sourcing.hktdc.com/en/Supplier-Store/Profile/Zhongshan-C5-Lighting-Co-Ltd/1S00OHCQI,extracted,,Chinese Mainland,,,,,Wenting Peng,"1# Henglong Road, Tongyi Industrial Area, Cao San, Guzhen, Zhongshan, Guangdong, China",Chinese Mainland,,,sales,
"Zhongshan Changqi Trading Co., Ltd.",https://sourcing.hktdc.com/en/Supplier-Store/Profile/ZHONGSHAN-CHANGQI-TRADING-CO-LTD-/1S00P6KXP,extracted,Exporter,"Zhongshan, Guangdong, Chinese Mainland",,,,,Miss YU IVY,"ROOM 101, 1ST FLOOR, BUILDING 5, NO. 28 YUE LAI NA ROAD, SHIQI DISTRICT, ZHOGNSHAN CITY, GUGNGDONG, CHINA",Chinese Mainland,,,,
"Zhongshan Chuangpin Lighting Technology Co., LTD",https://sourcing.hktdc.com/en/Supplier-Store/Profile/Zhongshan-Chuangpin-Lighting-Technology-Co-LTD/1S00O9VKH,extracted,,Chinese Mainland,,,,,wei feng,"1 of the seventh floor of 3 buildings, Plant No. 109, Ping Ping Road, Zhongshan, Guangdong, China",Chinese Mainland,,,,
Zhongshan Dengfeng Motor Technology Co Ltd,https://sourcing.hktdc.com/en/Supplier-Store/Profile/Zhongshan-Dengfeng-Motor-Technology-Co-LTD-/1S00PAGZN,extracted,,Chinese Mainland,,,,,Mr Haiqiang Lee,,Chinese Mainland,,,,
"Zhongshan Erdu Lighting Technology Co., Ltd.",https://sourcing.hktdc.com/en/Supplier-Store/Profile/Zhongshan-Erdu-Lighting-Technology-Co-Ltd/1S00O2C0O,extracted,,Chinese Mainland,,Lights,,,Mr David Deng,,Chinese Mainland,,,,
"Zhongshan Houseton Lighting Co., Ltd.",https://sourcing.hktdc.com/en/Supplier-Store/Profile/Zhongshan-Houseton-Lighting-Co-Ltd/1X0AQSUU,extracted,,Chinese Mainland,,"Environmental Protection , Lights",,,Thomas Wei,"Qinglong Road, Henglan Town, Zhongshan, Guangdong, China",Chinese Mainland,,,CEO,
"Zhongshan Huazhen Electric Appliance Co., Ltd",https://sourcing.hktdc.com/en/Supplier-Store/Profile/Zhongshan-Huazhen-Electric-Appliance-Co-LTD/1S00OJ8DP,extracted,,Chinese Mainland,,Home Appliances,,,YEBO HU,"Seat B 9 Yongyi First Road, Yongxing Industrial Zone Henglan Town, Zhongshan City, Guangdong Province China",Chinese Mainland,,,General manager,
"Zhongshan Kangshide Lighting Co., Ltd",https://sourcing.hktdc.com/en/Supplier-Store/Profile/ZHONGSHAN-KANGSHIDE-LIGHTING-CO-LTD/1S00OCWGS,extracted,,Chinese Mainland,,,,,Ms Dora Hong,,Chinese Mainland,,,,
Zhongshan Miaowang Electrical Appliance Co.Ltd,https://sourcing.hktdc.com/en/Supplier-Store/Profile/Zhongshan-Miaowang-Electrical-Appliance-Co-Ltd/1S00OJA4E,extracted,Exporter,"Zhongshan, Guangdong, Chinese Mainland",2016,"Consumer Electronics , Environmental Protection , Home Appliances , Lights , Parts, Components & Electrical Supplies",,"YUHAO,MIAOWANG",Mr Zi-Wei Yang,,Chinese Mainland,201 - 500,"US$ 10,000,000 - 49,999,999",,
"Zhongshan Zeli Electronic Lighting Co., Ltd",https://sourcing.hktdc.com/en/Supplier-Store/Profile/ZHONGSHAN-ZELI-ELECTRONIC-LIGHTING-CO-LTD/1S00PAURX,extracted,"Manufacturer, Wholesaler","Zhongshan, Guangdong, Chinese Mainland",2008,"Lights , Sports Supplies",Worldwide,VBIIO,Mr HONG FENG CHEN,"6th Floor, No. 3, South Third Lane Huasheng East Road, Caosan Entrepreneurship Park, Guzhen Tow Guang Dong Zhong Shan China",Chinese Mainland,51 - 100,"US$ 250,000 - 499,999",,
Zlamp (Foshan) Enterprise Co Ltd,https://sourcing.hktdc.com/en/Supplier-Store/Profile/Z-Lamp-Corporation-Limited/1X00K53I,extracted,,Chinese Mainland,,"Environmental Protection , Lights",,,Yong Hui Zhong,"No. 18, Fenjiang North Road, Foshan, Guangdong, China",Chinese Mainland,,,,
Ace Lighting Enterprise Limited,https://sourcing.hktdc.com/en/Supplier-Store/Profile/ACE-LIGHTING-ENTERPRISE-LIMITED/1S00OQFJ0,extracted,,Hong Kong,,Lights,,,Dr ZETAI LIU,,Hong Kong,,,,
Aimeisi Enterprises Limited,https://sourcing.hktdc.com/en/Supplier-Store/Profile/Aimeisi-Enterprises-Limited/1S00OV1QT,extracted,Others,Hong Kong,,,,,Mrs Chou Lemon,"Flat 3, 7/F, Blk A, Wah Yiu Ind Ctr, 30-32 Au Pui Wan St, Admiralty, Hong Kong",Hong Kong,,,,
Amzwork Limited,https://sourcing.hktdc.com/en/Supplier-Store/Profile/Amzwork-Limited/1S00OBLDC,extracted,,Hong Kong,,,,,Mr Amz Chan,,Hong Kong,,,,
"Apsunlighting Technology (hk) Co., Limited",https://sourcing.hktdc.com/en/Supplier-Store/Profile/Apsunlighting-Technology-hk-Co-Limited/1S00OSSXH,extracted,,Hong Kong,,,,,Asis Zeng,"Unit 11, 28/F, The Metropolis Twr, The Metropolis, 10 Metropolis Drive, Tsim Sha Tsui, Kowloon, Hong Kong",Hong Kong,,,Director,
Autobest Manufacturing Company,https://sourcing.hktdc.com/en/Supplier-Store/Profile/AUTOBEST-MANUFACTURING-COMPANY/1S00OPJZK,extracted,,Hong Kong,,,,,Ms kathy jiang,,Hong Kong,,,,
Briteplus International (HK) Limited,https://sourcing.hktdc.com/en/Supplier-Store/Profile/BRITEPLUS-INTERNATIONAL-HK-LIMITED/1S00P9EDJ,extracted,,Hong Kong,,"Automobile Electronics , Lights",,,Ramond Wong,FLAT/RM 1103 11/FPROSPERITY CENTER 25 CHONG YIP ST,Hong Kong,,,,
Classic Lighting and Design Ltd,https://sourcing.hktdc.com/en/Supplier-Store/Profile/Classic-Lighting-and-Design-Ltd/1X0A7Y7Z,extracted,,Hong Kong,,"Environmental Protection , Lights",,,Tim-Man Yau,"FLAT/RM 06 BLK A 17/F, WAH LUEN IND CTR 21 WONG CHUK YEUNG ST, FO TAN SHATIN,N.T.,HK",Hong Kong,,,,
"Decheng Smart Selection (Hong Kong) Co., Limited",https://sourcing.hktdc.com/en/Supplier-Store/Profile/Decheng-Smart-Selection-Hong-Kong-Co-Limited/1S00PB990,extracted,,Hong Kong,,,,,Ms Bianca HE,,Hong Kong,,,,
"Deno Lighting Co., Limited",https://sourcing.hktdc.com/en/Supplier-Store/Profile/DENO-LIGHTING-CO-LIMITED/1S00OGTNA,extracted,,Hong Kong,,,,,Joseph Fang,"Rm 1512, 15/F Lucky Centre, 165-171 Wan Chai Road, Wan Chai, Hong Kong",Hong Kong,,,,
Duwis Industry Limited,https://sourcing.hktdc.com/en/Supplier-Store/Profile/Duwis-Industry-Limited/1X074778,extracted,"Buying Cooperative, Manufacturer",Hong Kong,2009,"Environmental Protection , Lights","Africa, Australasia, Eastern Europe, Japan, North America, Western Europe",BEGREEN 倍绿,Mr Louis Zo,"No.5, Dayang 3rd Road, Yulv, Guangming New District Shenzhen China",Hong Kong,6 - 10,"US$ 5,000,000 - 9,999,999",,
Evolite Lighting Limited,https://sourcing.hktdc.com/en/Supplier-Store/Profile/Evolite-Lighting-Limited/1X0978B1,extracted,,Hong Kong,,"Consumer Electronics , Environmental Protection , Lights , Parts, Components & Electrical Supplies , Parts, Components & Raw Materials",,,Andy Chen,"Room 1103, Hang Seng Mongkok Building, Hong Kong",Hong Kong,,,,
Fairist International Industrial Limited,https://sourcing.hktdc.com/en/Supplier-Store/Profile/Fairist-Int-l-Ind-l-Ltd/1X06KR5M,extracted,Manufacturer,Hong Kong,2004,"Consumer Electronics , Gifts, Toys & Sports Supplies , Lights , Stationery","Eastern Europe, Middle East, Western Europe",Imax,Mr Alchian Tsai,"Flat C, 11/F. Sunrise Building, 10, Hong Man St Chai Wan",Hong Kong,51 - 100,"US$ 1,000,000 - 4,999,999",Manager,
"Fitlite Technology Co., Limited",https://sourcing.hktdc.com/en/Supplier-Store/Profile/Fitlite-Technology-Co-Limited/1X0AWAZ7,extracted,,Hong Kong,,"Environmental Protection , Lights",,,Maggie Xu,"Unit one four zero two A, The Belgian Bank Building fourteen, 721-25 Nathan Road, Kowloon, Hong Kong",Hong Kong,,,Sales,
"Gamma Lightology Co.,Limited",https://sourcing.hktdc.com/en/Supplier-Store/Profile/GAMMA-LIGHTOLOGY-CO-LIMITED/1S00P4FRC,extracted,,Hong Kong,,,,,Huafeng Chen,"Unit 4, 7/F, Twr A, Mandarin Plaza, 14 Science Museum Rd, Tsim Sha Tsui, Kowloon, Hong Kong",Hong Kong,,,sales,
H.K. Wisdom Technology Limited,https://sourcing.hktdc.com/en/Supplier-Store/Profile/H-K-Wisdom-Technology-Limited/1X06WOPB,extracted,Private Individual,Hong Kong,,,"North America, Western Europe",,Miss Donna Wang,"Flat/ RM 1704, Hang Lung Centre, Paterson Street, Causeway Bay, Hong Kong",Hong Kong,,,,
Hairun Industrial (HK) Limited,https://sourcing.hktdc.com/en/Supplier-Store/Profile/Hairun-Industrial-HK-Limited/1S00OSSIQ,extracted,,Hong Kong,,,,,Cherish Liu,"Room 511, 5/F, Ming Sang Ind Bldg, 19-21 Hing Yip Street, Kwun Tong, KLN, Hong Kong",Hong Kong,,,,
Hennessy Lighting Technology Limited,https://sourcing.hktdc.com/en/Supplier-Store/Profile/Hennessy-Lighting-Technology-Limited/1X099RL6,extracted,,Hong Kong,,Lights,,,Yonghui Zhang,"Room1205,12F,Tai Sang Bank Building, 130-132 Des Voeux Road, Central, Hong Kong",Hong Kong,,,Sales manager,
Hives Lighting Limited,https://sourcing.hktdc.com/en/Supplier-Store/Profile/Hives-Lighting-Limited/1S00P47QN,extracted,,Hong Kong,,,,,Mr Zoro Chen,,Hong Kong,,,,
"Hong Kong Senbe-Lamp Co.,Limited",https://sourcing.hktdc.com/en/Supplier-Store/Profile/HONG-KONG-SENBE-LAMP-CO-LIMITED/1S00P4FU3,extracted,,Hong Kong,,,,,Wendy Xu,"Unit 1, 1/F, Genplas Bldg, 56 Hoi Yuen Rd, Kwun Tong, Kowloon, Hong Kong",Hong Kong,,,sales,
"Hongkong E-Lover Technology Co., Limited",https://sourcing.hktdc.com/en/Supplier-Store/Profile/Hongkong-E-Lover-Technology-Co-Limited/1S00OSSME,extracted,,Hong Kong,,,,,Eason Wang,"Unit 5A, 14/F, Belgian Bank Bldg, 721-725 Nathan Rd, Mong Kok, Kowloon, Hong Kong",Hong Kong,,,,
"Houyang Trading Co., Limited",https://sourcing.hktdc.com/en/Supplier-Store/Profile/HOUYANG-TRADING-CO-LIMITED/1S00OPKQA,extracted,,Hong Kong,,,,,Mr CHEN HAOMING,,Hong Kong,,,,
"Huari Illiumination Equipments Co., Limited",https://sourcing.hktdc.com/en/Supplier-Store/Profile/Huari-Illiumination-Equipments-Co-Limited/1S00OI5NY,extracted,,Hong Kong,,,,,Kevin Wong,"Unit 13B, 9/F, Ocean Centre Harbour City, 5 Canton Road, Tsim Sha Tsui, Kowloon, Hong Kong",Hong Kong,,,,
"Hyrwell Light Co., Ltd.",https://sourcing.hktdc.com/en/Supplier-Store/Profile/Hyrwell-Light-Co-Ltd-/1S00OII39,extracted,,Hong Kong,,Lights,,,Mr Hai Liu,,Hong Kong,,,,
"Inova Technology Industrial Co., Limited",https://sourcing.hktdc.com/en/Supplier-Store/Profile/Inova-Technology-Industrial-Co-Limited/1X0996A8,extracted,,Hong Kong,,"Bags, Handbags & Accessories , Consumer Electronics , Environmental Protection , Gifts, Toys & Sports Supplies , Lights , Telecommunication",,,Meihong Huang,"Rooms 1318-19, Hollywood Plaza, 610 Nathan Road, Mongkok, Kowloon, Hong Kong",Hong Kong,,,,
J & M Timber Industrial Limited,https://sourcing.hktdc.com/en/Supplier-Store/Profile/J-M-Timber-Industrial-Limited/1S00OZ3B0,extracted,,Hong Kong,,"Homeware & Lifestyle Essentials , Lights",,,Ken Chu,"Unit A, 3/F, Ph 1, Blk 3, Sea Crest Villa, 18 Castle Peak Rd - Tsing Lung Tau, Tsing Lung Tau, New Territories, Hong Kong",Hong Kong,,,,
JH (HK) International Limited,https://sourcing.hktdc.com/en/Supplier-Store/Profile/JH-HK-International-Limited/1S00OAA5B,extracted,,Hong Kong,,,,,Ms Yue ning Wang,,Hong Kong,,,,
KLK Company,https://sourcing.hktdc.com/en/Supplier-Store/Profile/KLK-Company/1S00OSSNB,extracted,,Hong Kong,,,,,Wong Eric,"Flat/rm H, 11/F, Houston Industrial Building, 32-40 Wang Lung Street, Tsuen Wan, NT, Hong Kong",Hong Kong,,,,
Kolibri Industrial Limited,https://sourcing.hktdc.com/en/Supplier-Store/Profile/Kolibri-Industrial-Limited/1X08URTY,extracted,Manufacturer,Hong Kong,2003,"Bubble Guns & Water Guns , Environmental Protection , Gifts / Souvenirs , Gifts, Toys & Sports Supplies , Homeware & Lifestyle Essentials , Lights , Party Supplies , Toy Sporting Goods","Australasia, Japan, Middle East, North America, Scandinavia, Western Europe",Fun-Lites,Ms Sonia Lee,1303A Mai Hing Ind. Building (Block A) 16-18 Hing Yip Street Kwun Tong,Hong Kong,,,,
Kwong Ngai Trading Co,https://sourcing.hktdc.com/en/Supplier-Store/Profile/Kwong-Ngai-Trading-Co/1X04P3TY,extracted,Manufacturer,Hong Kong,,"Environmental Protection , Lights",,,Mr Tommy Tam,"Blk H, 2/F, 78 Un Chau St, Shamshuipo, Kowloon",Hong Kong,,,Manager,
"Lanbot Optoelectronic Technology (HK) Co., Limited",https://sourcing.hktdc.com/en/Supplier-Store/Profile/Lanbot-Optoelectronic-Technology-HK-Co-Limited/1X0AO9VE,extracted,,Hong Kong,,"Environmental Protection , Lights",,,Carter Zhou,"Unit 2, 9/F, Bright Way Twr, 33 Mong Kok Rd, Mong Kok, Kowloon, Hong Kong",Hong Kong,,,,
"Laudinglight Co., Limited",https://sourcing.hktdc.com/en/Supplier-Store/Profile/LAUDINGLIGHT-CO-LTD/1X08PRR0,extracted,Manufacturer,Hong Kong,,Lights,Worldwide,,jack ho,"Flat 603, 6/F, Yip Fung Ind Bldg., 7 Sheung Hei St.,",Hong Kong,,,cleck,
Light Force Ltd,https://sourcing.hktdc.com/en/Supplier-Store/Profile/Light-Force-Ltd/1X001HI3,extracted,"Exporter, Manufacturer",Hong Kong,,Lights,,,Mr Stanley Ma,"Unit 18, 1/F.,  Block B, Sheung Shui Plaza, 3 Ka Fu Close, Sheung Shui, New Territories, Hong Kong",Hong Kong,,,General manager,
Lumitronic Ltd,https://sourcing.hktdc.com/en/Supplier-Store/Profile/Lumitronic-Limited/1S00PDTD4,extracted,,Hong Kong,,,,,Ms Jenny Wong,,Hong Kong,,,,
Mongkok Electronics (Hong Kong) Limited,https://sourcing.hktdc.com/en/Supplier-Store/Profile/Mongkok-Electronics-Hong-Kong-Limited/1X05845J,extracted,Manufacturer,Hong Kong,,,,,Mr Wai-Leung Chan,"G/F No 100, Hak Po Street Mongkok Kln., HK",Hong Kong,,,,
Netcare Technology Limited,https://sourcing.hktdc.com/en/Supplier-Store/Profile/Netcare-Technology-Ltd-/1X0AWA8Y,extracted,,Hong Kong,,,,,Brian Chan,"Unit 8, 4/F, Wing Ming Ind Ctr, 15 Cheung Yue St, Cheung Sha Wan, Kowloon, Hong Kong",Hong Kong,,,General Manager,
Ningbo Bestparts Limited,https://sourcing.hktdc.com/en/Supplier-Store/Profile/Ningbo-Bestparts-Limited/1X0F09GT,extracted,,Hong Kong,,"Automobile Electronics , Automobile Security & Safety , Consumer Electronics , Environmental Protection , Homeware & Lifestyle Essentials , Lights , Sports Supplies",,,Ms Carol Fu,"Room A, 9/F Silvercorp International Tower 707-713 Nathan Road Mong Kok, Kowloon, Hong Kong",Hong Kong,,,,
Ningbo Imex Lighting Company Limited,https://sourcing.hktdc.com/en/Supplier-Store/Profile/Ningbo-Imex-Lighting-Company-Limited/1X0BAQU0,extracted,,Hong Kong,,,,,Yong Fu,SIU YING COMMERCIAL QUEEN'S ROAD CENTREAL,Hong Kong,,,,
"Onway Lighting (HK) Co., Limited",https://sourcing.hktdc.com/en/Supplier-Store/Profile/Onway-Lighting-HK-Co-Limited/1X085TMZ,extracted,"Exporter, Wholesaler",Hong Kong,,"Environmental Protection , Lights",Worldwide,,Jack Lee,"Unit 04 7/F, Bright Way Tower, No.33 Mong Kok Road,",Hong Kong,,,Manager,
"Rocalux Technology Co., Limited",https://sourcing.hktdc.com/en/Supplier-Store/Profile/Rocalux-Technology-Co-Limited/1X0F0A42,extracted,,Hong Kong,,,,,Dr Ka Luo,"Room 2, 7/F Spa Centre No. 53-55 Lockhart Road Wan Chai, Hong Kong",Hong Kong,,,,
"Shenzhen GuanKe Technologies Co.,LTD",https://sourcing.hktdc.com/en/Supplier-Store/Profile/Shenzhen-GuanKe-Technologies-Co-LTD/1S00PDXXC,extracted,,Hong Kong,,,,,Ray Lei,"Unit 26, 8/F, Ocean Ctr, 5 Canton Rd, Tsim Sha Tsui, Kowloon, Hong Kong",Hong Kong,,,,
"Shenzhen Ledway Lighting Co., Limited",https://sourcing.hktdc.com/en/Supplier-Store/Profile/SHENZHEN-LEDWAY-LIGHTING-CO-LIMITED/1S00OQVLE,extracted,,Hong Kong,,,,,Mr Dingshan Xue,,Hong Kong,,,,
"Shenzhen Qianhai Longteng Information Technology Co., Limited",https://sourcing.hktdc.com/en/Supplier-Store/Profile/Shenzhen-Qianhai-Longteng-Information-Technology-Co-Limited/1X0A1WWG,extracted,,Hong Kong,,"Bags, Handbags & Accessories , Gifts, Toys & Sports Supplies , Stationery",,,Lanny Lau,"Room A, 10/F, New Hennessy Tower, 263 Hennessy Road, Wanchai, Hong Kong",Hong Kong,,,,
Shine Glory Lighting Limited,https://sourcing.hktdc.com/en/Supplier-Store/Profile/Shine-Glory-Lighting-Ltd/1X07JWMQ,extracted,Manufacturer,Hong Kong,2009,"Lights , Sports Supplies","Australasia, Central & South America, Eastern Europe, Hong Kong, Japan, North America, Southeast Asia, Western Europe, Worldwide",,Ms Polly Zheng,"Unit 2508A, 25/F, Bank of America Tower, 12 Harcourt Road, Central, Hong Kong",Hong Kong,201 - 500,"US$ 500,000 - 999,999",Sales manager,
Shunying (HK) Industry Limited,https://sourcing.hktdc.com/en/Supplier-Store/Profile/SHUNYING-HK-INDUSTRY-LIMITED/1S00ON66C,extracted,,Hong Kong,,,,,Bruce Lee,"Rm 1007B, 10/F, Ho King Commercial Ctr, No. 2-16 Fa Yuen Street, Mong Kok, Hong Kong",Hong Kong,,,,
"Sijing Lighting Co.,Limited",https://sourcing.hktdc.com/en/Supplier-Store/Profile/SIJING-LIGHTING-CO-LIMITED/1X09FXDW,extracted,,Hong Kong,,Lights,,,RUI WANG,"Unit 04, 7/F Bright Tower, No. 33, Mong Kok Rd., KLN, Hong Kong",Hong Kong,,,,
"Sparker Co., Limited",https://sourcing.hktdc.com/en/Supplier-Store/Profile/Sparker-Co-Limited/1X0B3DYZ,extracted,,Hong Kong,,,,,kevin Ho,"Unit 2, 5/F Arion Comm Ctr 2-12 Queen's Rd W Sheung Wan, Hong Kong",Hong Kong,,,,
Stars Collection Company,https://sourcing.hktdc.com/en/Supplier-Store/Profile/Stars-Collection-Company/1S00OSUJL,extracted,,Hong Kong,,,,,Ho Ping,"G/F, 19 Java Rd, North Point, Hong Kong",Hong Kong,,,,
Supersun Technology (Hong Kong) Lighting Limited,https://sourcing.hktdc.com/en/Supplier-Store/Profile/Supersun-Technology-Hong-Kong-Lighting-Limited/1S00OYGG8,extracted,,Hong Kong,,,,,Mr Franklin Xiong,,Hong Kong,,,,
TL International (Hong Kong) Limited,https://sourcing.hktdc.com/en/Supplier-Store/Profile/TL-Lighting-International-Hong-Kong-Limited/1X07U9HS,extracted,Manufacturer,Hong Kong,,"Environmental Protection , Lights",Worldwide,,Feng Zhang,"Unit 2508A, 25/F, Bank Of America Tower, Central, Central, Hong Kong",Hong Kong,,,Manager,
TWD Technology Limited,https://sourcing.hktdc.com/en/Supplier-Store/Profile/TWD-Technology-Limited-/1X08PQO6,extracted,"Manufacturer, e-tailer",Hong Kong,1995,"Consumer Electronics , Parts, Components & Electrical Supplies","Chinese Mainland, Korea, North America, Western Europe, Worldwide",,Miss Kay Lu,"FLAT/RM E 22/F CNT TOWER 338 HENNESSY ROAD WAN CHAI , Hong Kong",Hong Kong,51 - 100,"US$ 5,000,000 - 9,999,999",Sales Manager,
Technomate Mfy Ltd,https://sourcing.hktdc.com/en/Supplier-Store/Profile/Technomate-Mfy-Ltd/1X00DWC0,extracted,"Buying Office, Exporter, Manufacturer",Hong Kong,2003,"Environmental Protection , Lights","Chinese Mainland, Japan, North America, Western Europe",,Miss Alice Mar,"Flat H, 13/F., Efficiency House, 35 Tai Yau Street, San Po Kong, Kowloon, Hong Kong",Hong Kong,201 - 500,"US$ 10,000,000 - 49,999,999",General manager,
"Troodon Information Technology (Asia) Co., Limited",https://sourcing.hktdc.com/en/Supplier-Store/Profile/Troodon-Information-Technology-Asia-Co-Limited/1S00PFILR,extracted,,Hong Kong,,,,,Leo Fei,"11/F, Skyway Ctr, 23-25 Queen's Rd W, Sheung Wan, Hong Kong",Hong Kong,,,,
Tse Lite (Hongkong) Company Limited,https://sourcing.hktdc.com/en/Supplier-Store/Profile/TSE-LITE-HONGKONG-COMPANY-LIMITED/1S00ODAGE,extracted,,Hong Kong,,,,,Mr Oscar Chow,,Hong Kong,,,,
VKK Hong Kong Company,https://sourcing.hktdc.com/en/Supplier-Store/Profile/VKK-Hong-Kong-Company/1X0AIRHA,extracted,,Hong Kong,,,,,Chloe Cheung,"Unit C, 11/F Success Ind Bldg 17 Sheung Hei St San Po Kong, Kowloon, Hong Kong",Hong Kong,,,,
"Aeon Information Technology Co., Ltd.",https://sourcing.hktdc.com/en/Supplier-Store/Profile/Aeon-Information-Technology-Co-Ltd-/1S00P5U7L,extracted,,Chinese Mainland,,,,,KELLY MS,200083 中國上海市 虹口區花園路16號 嘉和國際大廈1910室,Chinese Mainland,,,,
"Alpha (Zhuhai) Optical Co., Ltd.",https://sourcing.hktdc.com/en/Supplier-Store/Profile/Alpha-Zhuhai-Optical-Co-Ltd-/1S00PEZZ4,extracted,,Chinese Mainland,,,,,LUO YANPING,"Industrial 3rd Road No. 3, Xinsha Village, Baijiao Town, Doumen District, Guangdong,zhuhai, China",Chinese Mainland,,,,
Believe Electronics Inc.,https://sourcing.hktdc.com/en/Supplier-Store/Profile/Believe-Electronics-Inc-/1S00PEAOQ,extracted,,Canada,,,,,Mr Dongming Li,,Canada,,,,
Breezelux Electrical Manufacturing Sdn. Bhd.,https://sourcing.hktdc.com/en/Supplier-Store/Profile/Breezelux-Electrical-Manufacturing-Sdn-Bhd-/1X0F05F6,extracted,,Malaysia,,,,,Ms Renhong Huang,1-G-1. Sri Pelang Jalan Bukon 10150 Georgetown Pulau Pinang Malaysia,Malaysia,,,,
Changli Business Service Ltd of Zhongshan,https://sourcing.hktdc.com/en/Supplier-Store/Profile/Changli-Business-Service-Ltd-of-Zhongshan/1S00OCTO7,extracted,,Chinese Mainland,,,,,Ms Moon Tang,,Chinese Mainland,,,,
"Changzhou Chuyang Rubber Co., Ltd.",https://sourcing.hktdc.com/en/Supplier-Store/Profile/Changzhou-Chuyang-Rubber-Co-Ltd-/1X087U6C,extracted,"Exporter, Manufacturer","Changzhou, Jiangsu, Chinese Mainland",2006,"Industrial Machinery, Parts & Raw Materials , Lights , Parts, Components & Electrical Supplies , Parts, Components & Raw Materials , Raw Materials","Africa, Central & South America, Eastern Europe, Middle East, North America, Western Europe",,Ms Li Ji,"Xin'an Village, Hengshanqiao Town, Changzhou,",Chinese Mainland,,,Sales Manager,
"Chaozhou Chaoan Color & Shape Home Decoration Co., Ltd.",https://sourcing.hktdc.com/en/Supplier-Store/Profile/Chaozhou-Chaoan-Color-Shape-Home-Decoration-Co-Ltd/1X08GJ5A,extracted,Manufacturer,"Chaozhou, Guangdong, Chinese Mainland",2002,"Gifts, Toys & Sports Supplies , Home Products, Lights & Constructions , Homeware & Lifestyle Essentials , Lights",,,Mr Bryan Huang,"Xianzhou, JiangDong Town, ChaoZhou City, Guangdong Province, Chaozhou",Chinese Mainland,,,,
Chuang Ming Trading Inc.,https://sourcing.hktdc.com/en/Supplier-Store/Profile/Chuang-Ming-Trading-Inc-/1X0AWEXX,extracted,,Canada,,"Environmental Protection , Lights",,,Kevin Deng,"106 Morrison Crescent, Markham, Ontario, L3R 9K8, Toronto, Canada",Canada,,,Production Manager,
"Cixi Auric Import & Export Co., Ltd.",https://sourcing.hktdc.com/en/Supplier-Store/Profile/Cixi-Auric-Import-Export-Co-Ltd/1X090EEG,extracted,,Chinese Mainland,,Lights,,,LIANG SHI,"Room 1406 ,Xiangge Building, No.1277 Development Road, Cixi City, Ningbo, China",Chinese Mainland,,,sales manager,
"Cixi City Superstarlux Co., Ltd.",https://sourcing.hktdc.com/en/Supplier-Store/Profile/Cixi-City-Superstarlux-Co-Ltd-/1X088ADT,extracted,"Exporter, Manufacturer, Wholesaler","Ningbo, Zhejiang, Chinese Mainland",2005,"Environmental Protection , Lights","Australasia, Central & South America, Chinese Mainland, Eastern Europe, Hong Kong, Japan, Korea, North America, Other Asian Countries, Scandinavia, Southeast Asia, Taiwan, Western Europe",,Mr Jason Lin,"Zi Dong Bin Hai Zone, No. 699 Lingxu 2 Rd., Longshan Town, Cixi City, Zhejiang Province, China",Chinese Mainland,101 - 200,,Sales Manager,
"Cixi Lightvision Electronic Technology Co., Ltd",https://sourcing.hktdc.com/en/Supplier-Store/Profile/Cixi-Lightvision-Electronic-Technology-Co-Ltd/1S00P0A68,extracted,,Chinese Mainland,,,,,Bryce Rong,"Xufu Industrial Park, Longshan Town, Cixi, Ningbo City, Zhejiang Province, China",Chinese Mainland,,,sales manager,
"Cixi Risestar Lighting Co.,Ltd",https://sourcing.hktdc.com/en/Supplier-Store/Profile/Cixi-Risestar-Lighting-Company-Limited/1X0ADJZG,extracted,,Chinese Mainland,,"Environmental Protection , Lights",,,Cathy LI,"No.18, hengli Road, Ximenwai village, longshan town, Cixi City, NINGBO ZHEJIANG, CHINA",Chinese Mainland,,,,
"Cixi Yuanpu Lighting Electric Co.,Ltd.",https://sourcing.hktdc.com/en/Supplier-Store/Profile/Cixi-Yuanpu-Lighting-Electric-Co-Ltd/1X00NYGQ,extracted,Manufacturer,"Ningbo, Zhejiang, Chinese Mainland",2005,"Environmental Protection , Lights",Worldwide,,Mr Andy -,"Dapeng Village, Sanbei Town, Cixi City, Zhejiang Province 315331, China",Chinese Mainland,,,Sales Manager,
"DDH Technology Co., Ltd.",https://sourcing.hktdc.com/en/Supplier-Store/Profile/DDH-Technology-Co-Ltd-/1S00OHFJ0,extracted,,Chinese Mainland,,,,,guo guo,"Longgang, Shenzhen, China",Chinese Mainland,,,,
"DONGGUAN YOU YOUNG LED CO., LTD",https://sourcing.hktdc.com/en/Supplier-Store/Profile/DONGGUAN-YOU-YOUNG-LED-CO-LTD/1S00PEX6L,extracted,,Chinese Mainland,,,,,ZHEN LUO,"4F, BLK 3, NO. 61, GONG AO HENG ER RD, DA LANG TOWNSHIP, DONGGUAN, GUANGDONG PROVINCE",Chinese Mainland,,,,
"Davinci Optoelectronic Co., Ltd.",https://sourcing.hktdc.com/en/Supplier-Store/Profile/Davinci-Optoelectronic-Co-Ltd/1S00OX4M2,extracted,,Chinese Mainland,,,,,Ms waykee liang,,Chinese Mainland,,,,
"DongGuan OY Lighting Co., Ltd",https://sourcing.hktdc.com/en/Supplier-Store/Profile/DongGuan-OY-Lighting-Co-Ltd/1S00OM2B1,extracted,,Chinese Mainland,,,,,Leta Wu,"No.11 Niuling Road, 5F, Building 5, Huaming, Industrial Park, Changping, Dongguan City, Guangdong Province, China",Chinese Mainland,,,,
"Dongguan Aosheng Lighting Equipments Co., Ltd.",https://sourcing.hktdc.com/en/Supplier-Store/Profile/Dongguan-Aosheng-Lighting-Equipments-Co-Ltd/1S00OQPR2,extracted,,Chinese Mainland,,"Environmental Protection , Lights",,,Linda Liu,"Xiajie Industrial Zone, Qishi Town, Dongguan, Guangdong, China",Chinese Mainland,,,Sales manager,
"Dongguan Artlink Lighting Co.,LTD",https://sourcing.hktdc.com/en/Supplier-Store/Profile/Dongguan-Artlink-Lighting-Co-LTD/1S00PEIG6,extracted,,Chinese Mainland,,,,,Alex Fan,"Changping Town, Dongguan City, Guangdong Province",Chinese Mainland,,,,
Dongguan Baiwei Lighting Technology Co Ltd,https://sourcing.hktdc.com/en/Supplier-Store/Profile/Dongguan-Baiwei-Lighting-Technology-Co-Ltd/1X08I19O,extracted,Manufacturer,"Dongguan, Guangdong, Chinese Mainland",,"Environmental Protection , Lights",,,Miss Tang Mao,"Lubian industrial district, Lubian, Dongguan,",Chinese Mainland,,,sales,
Dongguan Bright Mind Lighting Co. Ltd,https://sourcing.hktdc.com/en/Supplier-Store/Profile/Dongguan-Bright-Mind-Lighting-Co-Ltd/1S00PBV6N,extracted,"Exporter, Manufacturer","Dongguan, Guangdong, Chinese Mainland",2020,Lights,"Australasia, Eastern Europe, Hong Kong, Southeast Asia, Western Europe",BMKIN,Ms Hong Chen,,Chinese Mainland,16 - 25,"US$ 1,000,000 - 4,999,999",General Manager,
"Dongguan Disimi Technology Co., Ltd.",https://sourcing.hktdc.com/en/Supplier-Store/Profile/Dongguan-Disimi-Lighting-Co-Limited/1X0AXB6X,extracted,,Chinese Mainland,,"Environmental Protection , Lights",,,zhang zhang,"Room 201, No.2 Street 1, MaWu Xin Cun, ChangPing Town, Dongguan, Guangdong, China",Chinese Mainland,,,,
"Dongguan HengZheng Optoelectronics Co., Ltd.",https://sourcing.hktdc.com/en/Supplier-Store/Profile/Dongguan-HengZheng-Optoelectronics-CO-LTD/1X0A6O3X,extracted,,Chinese Mainland,,Lights,,,Yijie Liu,"107 South River Road, Daning, Humen Town, Dongguan City, China",Chinese Mainland,,,,
"Dongguan HongYu Lighting Technology Co.,LTD",https://sourcing.hktdc.com/en/Supplier-Store/Profile/Dongguan-HongYu-Lighting-Technology-Co-LTD/1S00PDNMJ,extracted,,Chinese Mainland,,,,,Jim mr,"Room 301, No. 19, Yongming Road, Qizhong Town, Dongguan City, Guangdong",Chinese Mainland,,,,
"Dongguan Pimi Electronics Co., Ltd.",https://sourcing.hktdc.com/en/Supplier-Store/Profile/Dongguan-Pimi-Electronics-Co-Limited/1S00OC95C,extracted,,Chinese Mainland,,"Parts, Components & Electrical Supplies",,,Dr Guojun Tan,,Chinese Mainland,,,,
"Dongguan Prolumen Lighting Technology Co., Ltd",https://sourcing.hktdc.com/en/Supplier-Store/Profile/Dongguan-Prolumen-Lighting-Technology-Co-Ltd/1S00PEX9C,extracted,,Chinese Mainland,,,,,JianLong Wang,"Room 502, 5th Floor, Building 2, No. 109, Xisha Ro Shijie Town, Dongguan",Chinese Mainland,,,,
"Dongguan Senwell Optoelectricity Co.,Ltd",https://sourcing.hktdc.com/en/Supplier-Store/Profile/Dongguan-Senwell-Optoelectricity-Co-Ltd/1S00P2RHU,extracted,"Manufacturer, Wholesaler","Dongguan, Guangdong, Chinese Mainland",2020,"Home Appliances , Lights","Eastern Europe, North America, Scandinavia, Western Europe",SENWELL,Mr Yehong Wang,"No.18, Yanxi Rd, Chashan town, Dongguan city, Guangdong prov China",Chinese Mainland,51 - 100,,Manager,
"Dongguan Skypower Electronics Technology Co., Ltd.",https://sourcing.hktdc.com/en/Supplier-Store/Profile/Dongguan-Skypower-Electronics-Technology-Co-Ltd-/1X0AQD2V,extracted,,Chinese Mainland,,"Environmental Protection , Lights",,,wen xiao,"4&5 floor, C building, No.88 Song Bai Road,Yan Wu village, Da Ling Shan Town,Dong guan City,Guang Dong, China",Chinese Mainland,,,,
"Dongguan Yushun Lighting Co.,Ltd.",https://sourcing.hktdc.com/en/Supplier-Store/Profile/Dongguan-Yushun-Lighting-Co-Ltd-/1S00PBUGU,extracted,,Chinese Mainland,,,,,Ms zhiying Cai,,Chinese Mainland,,,,
East Bright Lighting Limited,https://sourcing.hktdc.com/en/Supplier-Store/Profile/East-Bright-Lighting-Limited/1S00OH1PW,extracted,,Chinese Mainland,,,,,Justin Xu,"2/F, Meijie Industry & Trade Center, Chenwubei District, Changping Town, Dongguan, Guangdong, China",Chinese Mainland,,,,
Easter Glass Industrial Limited,https://sourcing.hktdc.com/en/Supplier-Store/Profile/Easter-Glass-Industrial-Limited/1S00P61UH,extracted,,Chinese Mainland,,,,,Fei Hou,"Building B, No. 34, South Zhonggang Airport Road, Baoying County, Yangzhou City, Jiangsu Province",Chinese Mainland,,,sales,
Ebright (Foshan) Lighting Co Ltd,https://sourcing.hktdc.com/en/Supplier-Store/Profile/Ebright-Foshan-Lighting-Co-Ltd/1X0ACW66,extracted,,Chinese Mainland,,"Environmental Protection , Lights",,,Minjie Peng,"No.1 Shunyi Nan Road, Wusha Tech Industrial Zone,D Shunde,Foshan Guang Dong China",Chinese Mainland,,,,
"Ecoon Lighting (Ningbo) Co., Ltd",https://sourcing.hktdc.com/en/Supplier-Store/Profile/Ecoon-Lighting-Ningbo-Co-Ltd/1S00O9L7U,extracted,,Chinese Mainland,,Lights,,,YE WU,"No.1038 The South Second Ring Road, East Cixi, Ningbo, China",Chinese Mainland,,,CEO,
"FOSHAN ONEHOME LIGHTING CO.,LTD",https://sourcing.hktdc.com/en/Supplier-Store/Profile/FOSHAN-ONEHOME-LIGHTING-CO-LTD/1S00PCMTZ,extracted,,Chinese Mainland,,,,,Miss Cary Lu,,Chinese Mainland,,,,
"FOSHAN SHUNDE YUSHENGJIA ELECTRICAL CO.,LTD",https://sourcing.hktdc.com/en/Supplier-Store/Profile/FOSHAN-SHUNDE-YUSHENGJIA-ELECTRICAL-CO-LTD/1S00OC9DO,extracted,,Chinese Mainland,,,,,Ms Fen Wang,,Chinese Mainland,,,,
"FOSHAN YONGYI MOUNTAIN AIR CO.,LTD",https://sourcing.hktdc.com/en/Supplier-Store/Profile/FOSHAN-YONGYI-MOUNTAIN-AIR-CO-LTD/1S00PEWIM,extracted,,Chinese Mainland,,,,,Caspar GAN,"NO.8 Xiang'an Bei Road, Jun'an Town, Shunde, Guangdong, China",Chinese Mainland,,,,
"FOSHAN YUXIANG INTELLIGENT TECHNLOLOGY Co.,LTD",https://sourcing.hktdc.com/en/Supplier-Store/Profile/FOSHAN-YUXIANG-INTELLIGENT-TECHNLOLOGY-Co-LTD/1S00PEBZS,extracted,,Chinese Mainland,,,,,Emily Pan,"unit 41018-41019,10th foolr,buliding4,Guangfuzhi C",Chinese Mainland,,,,
"FUNHOUSE ELECTRIC CO.,LTD",https://sourcing.hktdc.com/en/Supplier-Store/Profile/FUNHOUSE-ELECTRIC-CO-LTD/1S00PF3VC,extracted,,Chinese Mainland,,,,,CHENG LI,,Chinese Mainland,,,,
"FUZHOU COSMOS IMPORT AND EXPORT CO., LTD.",https://sourcing.hktdc.com/en/Supplier-Store/Profile/FUZHOU-COSMOS-IMPORT-AND-EXPORT-CO-LTD-/1S00PCRAF,extracted,,Chinese Mainland,,,,,Mr JIANXING ZHENG,,Chinese Mainland,,,,
"Foshan Chuangxin Optoelectronic Co.,Ltd",https://sourcing.hktdc.com/en/Supplier-Store/Profile/Foshan-Chuangxin-Optoelectronic-Co-Ltd-/1X0AQNTA,extracted,,Chinese Mainland,,"Environmental Protection , Lights",,,Xiaoli Huang,"3/F, No. 37, Xinyuan Second Road, Jili Industrial Park, Economic Development, Chancheng District, Foshan, Guangdong, China",Chinese Mainland,,,,
Foshan Gisih Lighting Co. Ltd,https://sourcing.hktdc.com/en/Supplier-Store/Profile/Foshan-Gisih-Lighting-Co-Ltd/1S00OWFNO,extracted,,Chinese Mainland,,Lights,,,Miss huan yang,,Chinese Mainland,,,,
"Foshan Hongzhu Plastic Hardware Mould Co., Ltd.",https://sourcing.hktdc.com/en/Supplier-Store/Profile/Foshan-Hongzhu-Plastic-Hardware-Mould-Co-Ltd-/1S00OTH47,extracted,,Chinese Mainland,,,,,- Liu,528000 中國廣東省佛山市 禪城區張槎鎮 蓮塘蓮豐工業區B1棟1樓1號,Chinese Mainland,,,,
"Foshan Joyeah Intelligent Home Lighting Co., Ltd.",https://sourcing.hktdc.com/en/Supplier-Store/Profile/Foshan-Joyeah-Intelligent-Home-Lighting-Co-Ltd-/1S00PCFMR,extracted,,Chinese Mainland,,,,,Mr YongYu Wu,,Chinese Mainland,,,,
"Foshan King Lanca Lighting Technology Co., Ltd.",https://sourcing.hktdc.com/en/Supplier-Store/Profile/Foshan-King-Lanca-Lighting-Technology-Co-Ltd/1X09T3CF,extracted,,Chinese Mainland,,"Environmental Protection , Lights",,,Seatha Lau,"Xichong, Sanjia, Xilian, Jinsha, Danzao Town, Nanhai District, Foshan City, Guangdong, China",Chinese Mainland,,,Manager,
"Foshan Mingai Trade Co., Ltd.",https://sourcing.hktdc.com/en/Supplier-Store/Profile/Foshan-Mingai-Trade-Co-Ltd-/1S00OI5PS,extracted,,Chinese Mainland,,,,,Zhihua Wang,"Room 712, Building 2, No. 6, Fenjiang South Road, Chancheng District, Foshan City, Guangdong, China",Chinese Mainland,,,,
"Foshan Miwen Lighting Co.,LTD",https://sourcing.hktdc.com/en/Supplier-Store/Profile/Foshan-Miwen-Lighting-Co-LTD/1S00OC884,extracted,,Chinese Mainland,,,,,Mr Miven wang,,Chinese Mainland,,,,
"Foshan Nanhai AOM-LITE Co., Ltd.",https://sourcing.hktdc.com/en/Supplier-Store/Profile/Foshan-Nanhai-AOM-LITE-Co-Ltd-/1S00PEQE4,extracted,,Chinese Mainland,,,,,Mr Jacky Deng,,Chinese Mainland,,,,
Foshan Nanhai Vorld Lighting Co Ltd,https://sourcing.hktdc.com/en/Supplier-Store/Profile/Foshan-Nanhai-VORLD-Lighting-Co-Ltd/1S00PD5BY,extracted,,Chinese Mainland,,,,,Mr John Li,,Chinese Mainland,,,,
"Foshan QY Lighting Co., Ltd.",https://sourcing.hktdc.com/en/Supplier-Store/Profile/Foshan-QY-Lighting-Co-Ltd/1S00OHWN7,extracted,,Chinese Mainland,,,,,Selina Cheng,,Chinese Mainland,,,,
"Foshan Shuaiqi Kaer Technology Lighting Co., Ltd.",https://sourcing.hktdc.com/en/Supplier-Store/Profile/Foshan-Shuaiqi-Kaer-Technology-Lighting-Co-Ltd-/1X09ZWDZ,extracted,"Exporter, Manufacturer","Foshan, Guangdong, Chinese Mainland",2013,"Environmental Protection , Lights",,,Ms Amy Liu,"#4-102, Shiyou Industrial City, 194 Jun'Yi Road, Jun'An Town, Shunde District, Foshan City, Guangdong Province, China",Chinese Mainland,,,Foreign Trade Manager,
"Foshan Shunde Seicoi Electronic Appliance Manufacture Co., Ltd.",https://sourcing.hktdc.com/en/Supplier-Store/Profile/Foshan-Shunde-Seicoi-Electronic-Appliance-Manufacture-Co-Ltd/1S00OYII0,extracted,,Chinese Mainland,,"Consumer Electronics , Home Appliances , Lights",,,Donna Zhang,528322 中國廣東省佛山市 順德區勒流街道江義村 黃中南西二路6號之一2棟201室,Chinese Mainland,,,manager,
"Foshan Shunde Wei Yuan Electrical Co., Ltd.",https://sourcing.hktdc.com/en/Supplier-Store/Profile/Foshan-Shunde-Wei-Yuan-Electrical-Co-Ltd/1S00NUF2F,extracted,"Exporter, Manufacturer","Foshan, Guangdong, Chinese Mainland",,,,,Mr - Li,"3, Land C10 Leliu Port Intensive Industry Zone Leliu, Shunde Area Foshan City, Guandong, China",Chinese Mainland,,,Manager,
"Foshan Smile Electrical Appliance Co., Ltd.",https://sourcing.hktdc.com/en/Supplier-Store/Profile/Foshan-Smile-Electrical-Appliance-Co-Ltd-/1S00ONO8O,extracted,,Chinese Mainland,,Lights,,,Emily Xiao,"No.1009, 1010, 1003 Building 3, Guoteng Intelligent Manufacturing Center, Daliang Town, Shunde District, Foshan City, China",Chinese Mainland,,,G.M,
"Foshan Tongzhu Hardware Products Co., Ltd",https://sourcing.hktdc.com/en/Supplier-Store/Profile/Foshan-Tongzhu-Hardware-Products-Co-Ltd/1S00OYGI2,extracted,,Chinese Mainland,,,,,Shaotang Feng,"No.8 Jida Road, Nanhai National Eco-industrial Demonstration, Danzao Town, Nanhai District, Foshan City, China",Chinese Mainland,,,,
"Foshan Yuxin Cultural and Creative Co., Ltd",https://sourcing.hktdc.com/en/Supplier-Store/Profile/Foshan-Yuxin-Cultural-and-Creative-Co-Ltd/1S00PEWHP,extracted,,Chinese Mainland,,,,,TANG JINGJING,"ROOM 217, BUILDING 9, NO.83 ZHONGXIN ROAD, SHIWAN STREET, CHANCH",Chinese Mainland,,,,
"Fuzhou Hongri Syatu Co.,Ltd.",https://sourcing.hktdc.com/en/Supplier-Store/Profile/Fuzhou-Hongri-Syatu-Co-Ltd-/1S00PCTWJ,extracted,Manufacturer,"Fuzhou, Fujian, Chinese Mainland",,Lights,,,Ms LIFANG CHEN,"318, Floor 1-3, 	Workshop No.2, No.195, Yexia Road, Gaishan T, Fuzhou, Fujian, China",Chinese Mainland,,,,
"Fuzhou MAZ-TEK Electronic Co., Ltd.",https://sourcing.hktdc.com/en/Supplier-Store/Profile/FUZHOU-MAZ-TEC-ELECTRONIC-CO-LTD/1S00PCU5R,extracted,,Chinese Mainland,,,,,QIAN LIN,"4F HengFa Building ,NO.861 Panyu Road, Cangshan District, Fuzhou, Fujian, China",Chinese Mainland,,,,
"Fuzhou Spring Imp. & Exp. Co., Ltd",https://sourcing.hktdc.com/en/Supplier-Store/Profile/FUZHOU-SPRING-IMP-EXP-CO-LTD/1X09UDNA,extracted,,Chinese Mainland,,"Lights , Parts, Components & Electrical Supplies , Parts, Electrical Electronic Supplies",,,Shengbo Zhang,"Building C2, Room 1413, Wanda Plaza, No.31 Aofeng Road, Taijiang District, Fuzhou City in Fujian Province, China",Chinese Mainland,,,,
"GC Lighting Co.,Ltd",https://sourcing.hktdc.com/en/Supplier-Store/Profile/GC-Lighting-Co-Ltd/1S00PE3N0,extracted,,Chinese Mainland,,,,,HU gary,,Chinese Mainland,,,,
"Glite Electronics Co., Ltd.",https://sourcing.hktdc.com/en/Supplier-Store/Profile/Glite-Electronics-Co-Ltd/1S00O9H0J,extracted,,Chinese Mainland,,,,,Lu Zhu,"Room 427, Building 16 China Resources Land Plaza, 95 Kaiyuan East Road, Xingsha Street, Changsha County, Hunan Province, China",Chinese Mainland,,,,
GRILIGHT TECHNOLOGY INTERNATIONAL LIMITED,https://sourcing.hktdc.com/en/Supplier-Store/Profile/Luxsun-Technology-Company-Limited/1S00OXMCE,extracted,,Chinese Mainland,,,,,Dr YIXIAN LUO,,Chinese Mainland,,,,
"GuangDong GreenSuccess Technology Co., Ltd.",https://sourcing.hktdc.com/en/Supplier-Store/Profile/GuangDong-GreenSuccess-Technology-Co-Ltd-/1S00PD3JC,extracted,,Chinese Mainland,,,,,Mr Jin Li,,Chinese Mainland,,,,
"GuangDong diligent bird optical Co., Ltd.",https://sourcing.hktdc.com/en/Supplier-Store/Profile/GuangDong-diligent-bird-optical-Co-Ltd/1S00P5RC9,extracted,,Chinese Mainland,,,,,SHARK LEE,"Chuanlian Electronic industrial Park, No309 Longsheng 3 road",Chinese Mainland,,,,
"Guangdong Doason Industrial CO.,Ltd",https://sourcing.hktdc.com/en/Supplier-Store/Profile/Guangdong-Doason-Industrial-CO-Ltd/1S00OUIPF,extracted,,Chinese Mainland,,,,,Mona Hong,"2/F,NO.5, Niugang Nan Jie Nan 5 Xiang,Taihe Town, Baiyu District,Guangzhou, China.",Chinese Mainland,,,,
"Guangdong Huari Lighting Co., Ltd.",https://sourcing.hktdc.com/en/Supplier-Store/Profile/Guangdong-Huari-Lighting-Co-Ltd/1S00OEG0K,extracted,,Chinese Mainland,,"Environmental Protection , Lights",,,Sharon Li,,Chinese Mainland,,,Export Manager,
Guangdong Jishengke Industrial CO LTD,https://sourcing.hktdc.com/en/Supplier-Store/Profile/Guangdong-Jishengke-Industrail-Co-Ltd/1S00OWW11,extracted,,Chinese Mainland,,"Lights , Party Supplies",,,Mr John Siu,,Chinese Mainland,,,,
"Guangdong Liyinled Lighting Co., Ltd.",https://sourcing.hktdc.com/en/Supplier-Store/Profile/Guangdong-Liyinled-Lighting-Co-Ltd/1X0A03L6,extracted,,Chinese Mainland,,Lights,,,xiansheng hu,"#11,Haolian Road,Haiyuansha, Industrial Area,Guzhen, Zhongshan,Guangdong,China",Chinese Mainland,,,,
"Guangdong MB Lighting Electric Appliance Co.,Ltd",https://sourcing.hktdc.com/en/Supplier-Store/Profile/Guangdong-MB-Lighting-Electric-Appliance-Co-Ltd/1S00OBL0F,extracted,,Chinese Mainland,,,,,Mr zuyi chen,,Chinese Mainland,,,,
"Guangdong Medile Lighting Co., Ltd.",https://sourcing.hktdc.com/en/Supplier-Store/Profile/Guangdong-Medile-Lighting-Co-Ltd-/1S00PEQ17,extracted,,Chinese Mainland,,,,,ming chen,"Floor 6, No.398, East Bank North Road, Guzhen, Zhongshan Cit",Chinese Mainland,,,,
"Guangdong Winking Technology Co., Ltd.",https://sourcing.hktdc.com/en/Supplier-Store/Profile/Guangdong-Winking-Technology-Co-Ltd-/1S00PF389,extracted,,Chinese Mainland,,,,,Sean Sean,"No.2 Kanglong Road,Xinmao Industrial Zone, Henglan, Zhongshan",Chinese Mainland,,,Sales Director,
"Guangdong Yaolong Metal Technology Co., Ltd.",https://sourcing.hktdc.com/en/Supplier-Store/Profile/Guangdong-Yaolong-Metal-Technology-Co-Ltd-/1S00PF4X5,extracted,,Chinese Mainland,,,,,Bryan Zhong,"1902-1905, Stainless Steel Headquarters Building, Foshan Avenue Central, Chancheng District, Foshan City,Guangdong",Chinese Mainland,,,,
"Guangzhou Godson Technology Co., Ltd.",https://sourcing.hktdc.com/en/Supplier-Store/Profile/Guangzhou-Godson-Technology-Co-Ltd-/1S00OTFOL,extracted,,Chinese Mainland,,,,,Hua Huang,"Unit 103B (Main Building), Building 4, Building 4, No. 29 North Pier Road, Huang Pu Village, Haizhu District, Guangzhou, China",Chinese Mainland,,,,
"Guangzhou Maxilux Lighting Co.,Ltd",https://sourcing.hktdc.com/en/Supplier-Store/Profile/Guangzhou-Maxilux-Lighting-Co-Ltd/1S00PDLR6,extracted,,Chinese Mainland,,,,,JINYAN WU,"RM 2102 , LINHEXI ROAD NO. 167,  TIANHE DISTRICT,",Chinese Mainland,,,SALES MANAGER,
Guangzhou Reddy Lighting Technology Limited,https://sourcing.hktdc.com/en/Supplier-Store/Profile/Guangzhou-Reddy-Lighting-Technology-Co-Ltd-/1S00P60KC,extracted,,Chinese Mainland,,"Furniture & Parts , Lights",,,Suzhen Mai,"Building C3, Huachuang Animation Industrial Park, Jinshan Village, Shiji Town, Panyu District, Guangzhou, Guangdong, China",Chinese Mainland,,,Manager,
"Guangzhou Tangyao Wires Co., Ltd.",https://sourcing.hktdc.com/en/Supplier-Store/Profile/Guangzhou-Tangyao-Wires-Corporation-Limited/1X00JVSN,extracted,,Chinese Mainland,,,,,Song Wei Zheng,"No.458, Chigang Xiyue, Zhongnan Street, Huadi Avenue(S), Liwan District, Guangzh 510388, China",Chinese Mainland,,,Manager,
"Guangzhou Teamsun Lighting Manufacturing Co., Ltd",https://sourcing.hktdc.com/en/Supplier-Store/Profile/Guangzhou-Teamsun-Lighting-Manufacturing-Co-Ltd/1S00OQ3PU,extracted,,Chinese Mainland,,Lights,,,Mr Lyu Glen,,Chinese Mainland,,,,
"Guangzhou Weinspection Co., Ltd",https://sourcing.hktdc.com/en/Supplier-Store/Profile/Guangzhou-Weinspection-Co-Ltd/1X09Y8EY,extracted,Service Company,"Guangzhou, Guangdong, Chinese Mainland",2005,"Logistics & Transportation , Professional Services , Quality Inspection, Compliance & Testing Service","Australasia, Central & South America, Chinese Mainland, Eastern Europe, Hong Kong, Japan, Korea, Middle East, North America, Other Asian Countries, Southeast Asia, Taiwan, Western Europe, Worldwide",WEINSPECTION,Mr James Zhou,"Suit 1804, New Poly Tower, No.2 Zhongshan Six Road, Yuexiu District, Guangzhou, Guangdong, China",Chinese Mainland,101 - 200,,Manager,
"Guangzhou Xinntec Technology Co.,Ltd",https://sourcing.hktdc.com/en/Supplier-Store/Profile/GUANGZHOU-XINNTEC-TECHNOLOGY-CO-LTD-/1S00O6OF3,extracted,,Chinese Mainland,,,,,Mr Raymond Chu,,Chinese Mainland,,,,
"HELIOFORMA (Zhongshan) Lighting Technology Co., Ltd",https://sourcing.hktdc.com/en/Supplier-Store/Profile/HELIOFORMA-Zhongshan-Lighting-Technology-Co-Ltd/1S00PF37C,extracted,,Chinese Mainland,,,,,Michael LI,"Building 5, 8th Floor, Diamond Industrial Park, No Fuqing 2nd Road, Henglan Town, Zhongshan, Guangdong",Chinese Mainland,,,,
"Haining Zhongrun Lighting&electronics Co.,Ltd",https://sourcing.hktdc.com/en/Supplier-Store/Profile/Haining-Zhongrun-Lighting-electronics-Co-Ltd/1S00OU3K9,extracted,Manufacturer,"Jiaxing, Zhejiang, Chinese Mainland",,,,,Ms zhu feng,"No.18 changshan Road, Haining Economic Development Park",Chinese Mainland,,,,
"Hangzhou Bossen Technology Co., Ltd.",https://sourcing.hktdc.com/en/Supplier-Store/Profile/Hangzhou-Bossen-Technology-Co-Ltd-/1S00O9HOJ,extracted,,Chinese Mainland,,Lights,,,Sunny Wong,"No. 180, Genshan East Road, Shangcheng District, Hangzhou City, Zhejiang, China",Chinese Mainland,,,,
"Hangzhou G-Sun Lighting Co., Ltd",https://sourcing.hktdc.com/en/Supplier-Store/Profile/Hangzhou-G-Sun-Lighting-Co-Ltd/1X09EMLL,extracted,,Chinese Mainland,,"Environmental Protection , Lights",,,Chaoyan Shen,"No.3 Longhuang Road, Jingshan Industrial Zone, Yuhang District, Hangzhou, China",Chinese Mainland,,,,
"Hangzhou Vision Optoelectronics Co.,Ltd",https://sourcing.hktdc.com/en/Supplier-Store/Profile/Hangzhou-Vision-Optoelectronics-Co-Ltd/1S00PE2CY,extracted,,Chinese Mainland,,,,,Roy Hu,"2nd Floor, 39-1#, 22G, Yonglian Cun, Guali Town, Xiaoshan, Hangzhou,Zhejiang, China",Chinese Mainland,,,,
"Hangzhou Xindeli Lighting Co., Ltd.",https://sourcing.hktdc.com/en/Supplier-Store/Profile/Hangzhou-Xindeli-Lighting-Co-Ltd/1S00OCX5O,extracted,,Chinese Mainland,,,,,Mr LIN ZHANG,,Chinese Mainland,,,,
"Hangzhou Zhenlang Photoelectric Technology Co.,Ltd",https://sourcing.hktdc.com/en/Supplier-Store/Profile/Hangzhou-Zhenlang-Photoelectric-Technology-Co-Ltd/1S00PEBEJ,extracted,,Chinese Mainland,,,,,luo yewen,"Room 1106, 1 Basheng Century Center, Ningwei Street, Xiaoshan Distric, china",Chinese Mainland,,,,
Helpower Technology (Shenzhen) Co Ltd,https://sourcing.hktdc.com/en/Supplier-Store/Profile/Helpower-Technology-Shenzhen-Co-Ltd/1S00OAR23,extracted,,Chinese Mainland,,,,,Mr Dongchao He,,Chinese Mainland,,,,
"Higntek(Shenzhen) Co.,Limited",https://sourcing.hktdc.com/en/Supplier-Store/Profile/Higntek-Shenzhen-Co-Limited/1S00PEBLY,extracted,,Chinese Mainland,,Lights,,,LU NIE,guangdong,Chinese Mainland,,,,
"Huizhou Dopamine Electronics Technology Co., Ltd.",https://sourcing.hktdc.com/en/Supplier-Store/Profile/Huizhou-Dopamine-Electronics-Technology-Co-Ltd-/1S00PF6HF,extracted,,Chinese Mainland,,,,,Aurora Zhang,"3rd Floor, Industrial Building A-05-03-7, Hengsha Industrial",Chinese Mainland,,,,
"Huizhou Founder Lighting Co., Ltd",https://sourcing.hktdc.com/en/Supplier-Store/Profile/Huizhou-Founder-Lighting-Co-Ltd/1S00P7X2X,extracted,"Exporter, Manufacturer","Huizhou, Guangdong, Chinese Mainland",2014,Lights,"Central & South America, Eastern Europe, Hong Kong, Japan, Korea, North America, Scandinavia, Taiwan, Western Europe",funderled,Mr Mike Ye,"Room 515, 5th Floor, Building B1 Haiyanlvdao Mall, No.108 Dongping Section, Huizhou Avenue Huicheng District，Huizhou City, Guangdong Province china",Chinese Mainland,51 - 100,"US$ 5,000,000 - 9,999,999",CEO,
"Huizhou Ledsun Lighting Co., Ltd",https://sourcing.hktdc.com/en/Supplier-Store/Profile/Huizhou-Ledsun-Lighting-Co-Ltd/1X06TLQJ,extracted,Manufacturer,"Huizhou, Guangdong, Chinese Mainland",2009,"Environmental Protection , Lights","Australasia, Eastern Europe, Japan, North America, Southeast Asia, Western Europe",,Ms Lily zeng,"4F Huicheng Industry Building, Huitai Industrial Park, Huizhou City, Guangdong, China",Chinese Mainland,,,Sales,
"Huizhou Sunme Intelligent Technology Co., Ltd.",https://sourcing.hktdc.com/en/Supplier-Store/Profile/Huizhou-Sunme-Intelligent-Technology-Co-Ltd/1S00O304O,extracted,,Chinese Mainland,,Lights,,,Mr Kevin Chan,,Chinese Mainland,,,,
"Huizhou Zhongxin Lighting Co., Ltd",https://sourcing.hktdc.com/en/Supplier-Store/Profile/Huizhou-Zhongxin-Lighting-Co-Ltd/1X0ACW57,extracted,,Chinese Mainland,,"Environmental Protection , Festive Supplies , Gifts, Toys & Sports Supplies , Home Products, Lights & Constructions , Homeware & Lifestyle Essentials , Lights",,,Tony Hu,"Da er Village, Xiaojinkou Town, Huizhou, Guangdong, China",Chinese Mainland,,,Account Sales Manager,
"Hyundai Luxon Co.,LTD",https://sourcing.hktdc.com/en/Supplier-Store/Profile/Hyundai-Luxon-Co-LTD/1S00PD3N0,extracted,,"Korea, Republic Of",,,,,Ms Danbi Gil,,"Korea, Republic Of",,,,
I-light Tech.Co.Ltd,https://sourcing.hktdc.com/en/Supplier-Store/Profile/I-light-Tech-Co-Ltd/1S00OZL6X,extracted,,Chinese Mainland,,,,,Ms TING WANG,,Chinese Mainland,,,,
INTERCERT Global Sp. z o.o.,https://sourcing.hktdc.com/en/Supplier-Store/Profile/INTERCERT-Global-Sp-z-o-o-/1S00PELH0,extracted,,Chinese Mainland,,,,,Cherry Fan,"Greenland Hotel and Tourism Group Center Building  No. 600 Longhua Zhong Road, Xuhui District, Shanghai, China",Chinese Mainland,,,,
INFINILUX CORPORATION,https://sourcing.hktdc.com/en/Supplier-Store/Profile/Infinilux-Corporation/1S00PENOD,extracted,,USA,,,,,Dipesh Patel,"180, E, Selandia Lane, United States",USA,,,coo,
Ithrom Lighting Ltd.,https://sourcing.hktdc.com/en/Supplier-Store/Profile/ITHROM-IMP-EXP-Co-Ltd/1S00OPHVY,extracted,"Exporter, Manufacturer","Zhongshan, Guangdong, Chinese Mainland",2015,Lights,"Africa, Central & South America, Chinese Mainland, Eastern Europe, Japan, Middle East, Western Europe, Worldwide",ITHROM,Miss MIN XIE,,Chinese Mainland,51 - 100,,,
JACH Lighting,https://sourcing.hktdc.com/en/Supplier-Store/Profile/JACH-Lighting/1S00PFH2D,extracted,,Mexico,,,,,Ms Angela Jaramillo,,Mexico,,,,
"Jiangmen C-Star Lighting Co., Ltd.",https://sourcing.hktdc.com/en/Supplier-Store/Profile/JIANGMEN-C-STAR-LIGHTING-CO-LTD-/1S00OJ8BV,extracted,,Chinese Mainland,,,,,ALan lin,"704 building 17 Wanda Plaza Jiangmen, Guangdong, P.R. China",Chinese Mainland,,,COO,
JIANGMEN NIGHT MOON LIGHTING CO LTD,https://sourcing.hktdc.com/en/Supplier-Store/Profile/JIANGMEN-NIGHT-MOON-LIGHTING-CO-LTD/1S00PD56D,extracted,,Chinese Mainland,,,,,Dr Feng cy,,Chinese Mainland,,,,
"Jiangmen Ronda Lithium Battery Co., Ltd.",https://sourcing.hktdc.com/en/Supplier-Store/Profile/JIANGMEN-RONDA-LITHIUM-BATTERY-CO-LTD-/1S00P6XUL,extracted,,Chinese Mainland,,,,,Ms TAN Haiyun,,Chinese Mainland,,,,
"Jiaxing Xuli Intelligent Technology Co., Ltd.",https://sourcing.hktdc.com/en/Supplier-Store/Profile/JIAXING-XULI-INTELLIGENT-TECHNOLOGY-CO-LTD-/1S00P5QE4,extracted,,Chinese Mainland,,,,,Min Su,,Chinese Mainland,,,,
"JUMBO ELECTRIC CO.,LTD.",https://sourcing.hktdc.com/en/Supplier-Store/Profile/JUMBO-ELECTRIC-CO-LTD-/1S00PDNQ7,extracted,,Chinese Mainland,,,,,Mr JACK KONG,,Chinese Mainland,,,,
"Jiahua Lighting Co., Ltd.",https://sourcing.hktdc.com/en/Supplier-Store/Profile/Jiahua-Lighting-Co-Ltd/1X05XY51,extracted,Manufacturer,"Zhongshan, Guangdong, Chinese Mainland",,Lights,,,Mr - Chen,"Gangnan Accessories Market Guzhen Town Zhongshan City Guangdong Province, China",Chinese Mainland,,,Sales Director,
"Jiangmen Continue Lighting Co., Ltd.",https://sourcing.hktdc.com/en/Supplier-Store/Profile/Jiangmen-Continue-Lighting-Co-ltd/1S00OL6DR,extracted,,Chinese Mainland,,,,,wang xianshen,,Chinese Mainland,,,,
"Jiangmen Glors Lighting Electronic Co.,Ltd.",https://sourcing.hktdc.com/en/Supplier-Store/Profile/Jiangmen-Glors-Lighting-Electronic-Co-Ltd-/1S00P01QT,extracted,,Chinese Mainland,,,,,Ms May Zeng,,Chinese Mainland,,,,
"Jiangmen HEREKR Photoelectric Technology Co., Ltd.",https://sourcing.hktdc.com/en/Supplier-Store/Profile/JIANGMEN-HEREKR-PHOTOELECTRIC-TECHNOLOGY-CO-LTD/1X0ABMQG,extracted,"Exporter, Manufacturer, Wholesaler","Jiangmen, Guangdong, Chinese Mainland",,Lights,,,Ms Theresa Tang,"2nd Floor, Office Building 7, No.1 Caihong Road, Jianghai Dist., Jiangmen City, Guangdong Province, China",Chinese Mainland,,,Sales Representative,
"Jiangmen Hualida Motor Co., Ltd",https://sourcing.hktdc.com/en/Supplier-Store/Profile/Jiangmen-Hualida-Motor-Co-Ltd/1S00PF1UH,extracted,,Chinese Mainland,,,,,Jiao Yin,"Self Compiled No. 2, 6th Floor, Building 1, No. 333 Longxi Road, Jianghai District, Jiangmen City",Chinese Mainland,,,,
"Jiangmen Jinyan Import and Export Co., Ltd.",https://sourcing.hktdc.com/en/Supplier-Store/Profile/Jiangmen-Jin-Yan-Import-and-Export-Co-Ltd/1X0F0DFI,extracted,Manufacturer,"Jiangmen, Guangdong, Chinese Mainland",,,,,Mr Jeremy Lin,"No.74 Longxi Road, Jiangmen Hi Jiangmen City Guangdong Province China",Chinese Mainland,,,,
"Jiangmen Kunxin New Materials Technology Co., Ltd.",https://sourcing.hktdc.com/en/Supplier-Store/Profile/Jiangmen-Kunxin-New-Material-Technology-Co-Ltd-/1S00P3EXV,extracted,Manufacturer,"Jiangmen, Guangdong, Chinese Mainland",,,,,Mr zhou Hongxing,"NO.25, XIAOHAINAN ROAD, CHAOLIAN, PENGJIANG DISTRICT, JIANGMEN,",Chinese Mainland,,,,
"Jiangmen Lidu Lighting Co., Ltd",https://sourcing.hktdc.com/en/Supplier-Store/Profile/Jiangmen-Lidu-Lighting-Co-Ltd/1X09FT0L,extracted,Manufacturer,"Jiangmen, Guangdong, Chinese Mainland",,,,,Mr Sam Wang,"Floor 3, Building 1, No. 9, Caihong Road, Jianghai Zone, Jiangmen City, Guangdong, China",Chinese Mainland,,,Sales Director,
Jiangmen Yaoke Electronic Ltd,https://sourcing.hktdc.com/en/Supplier-Store/Profile/Jiangmen-Yaoke-Electronics-Co-Ltd-/1S00OYJS5,extracted,,Chinese Mainland,,,,,Mr Lin-Quan Yeh,,Chinese Mainland,,,,
"Jiangmen Yuanhe Import. and Export. Co., Ltd.",https://sourcing.hktdc.com/en/Supplier-Store/Profile/Jiangmen-Yuanhe-Import-and-Export-Co-Ltd/1S00O92X7,extracted,"Exporter, Manufacturer","Jiangmen, Guangdong, Chinese Mainland",2001,"Environmental Protection , Lights","Hong Kong, Middle East, North America, Western Europe, Worldwide",,Miss Kate Song,No.46 Donghai Road Jianghai District Jiangmen City Guangdon China,Chinese Mainland,101 - 200,"US$ 1,000,000 - 4,999,999",,
Jiangmen Yunduo New Energy Factory(sole proprietor),https://sourcing.hktdc.com/en/Supplier-Store/Profile/Jiangmen-Yunduo-New-Energy-Factory-sole-proprietor-/1S00PE6DR,extracted,,Chinese Mainland,,,,,Sally Zhu,"Room 1101-1104 building 1, No.3 North Third Road of Kangxi shangwei Hetang to Pengjiang District Jiangmen City,Guangdong Provinc China",Chinese Mainland,,,,
"Jiangmen Z&X Plastic Products Co., Ltd.",https://sourcing.hktdc.com/en/Supplier-Store/Profile/Jiangmen-Z-X-Plastic-Products-Co-Ltd/1S00O4IKU,extracted,"Exporter, Manufacturer","Jiangmen, Guangdong, Chinese Mainland",2008,Lights,"Chinese Mainland, Eastern Europe, Hong Kong, Middle East, Scandinavia, Southeast Asia, Taiwan, Western Europe",ZX,Mrs Karena Lee,"No.5 Xiashen Rd, Xiacun Industrial Zone, Hetang Town, Pengjiang District, Jiangmen, Guangdong, China",Chinese Mainland,51 - 100,"US$ 1,000,000 - 4,999,999",Sales,
Jiangmen Zhenghang Lighting Company Limited,https://sourcing.hktdc.com/en/Supplier-Store/Profile/Jiangmen-Zhenghang-Lighting-Co-Ltd/1X0769WD,extracted,"Exporter, Manufacturer","Jiangmen, Guangdong, Chinese Mainland",2008,"Environmental Protection , Lights",Western Europe,,Miss Susanna Lam,"Building B9,Zhenxing industrial areas, Tanbian,Chaolian Town, Jiangmen, Guangdong, China",Chinese Mainland,,,Marketing General Manager,
"Jiangyin Wonder Electronic Co., Ltd.",https://sourcing.hktdc.com/en/Supplier-Store/Profile/JIANGYIN-WONDER-ELECTRONIC-CO-LTD/1X06TL27,extracted,,Chinese Mainland,,"Environmental Protection , Lights",,,Sharon Li,"No.129 Yungu Road, Gushan Town, Jiangyin City, Jiangsu",Chinese Mainland,,,Sales,
"Jiaxing Chenrui Electrical Technology Co., Ltd.",https://sourcing.hktdc.com/en/Supplier-Store/Profile/Jiaxing-Chenrui-Electrical-Technology-Co-Ltd-/1S00P7CGC,extracted,,Chinese Mainland,,,,,Miss liuna shen,,Chinese Mainland,,,,
KC Electronic Technology Company LTD.,https://sourcing.hktdc.com/en/Supplier-Store/Profile/KC-Electronic-Technology-Company-LTD-/1S00P5PIT,extracted,,Chinese Mainland,,,,,liu Liping,"1F, FS Science Park, NO. 181, Gushu 1st Road, Guxing Community, Xixiang, Baoan, Shenzhen, China",Chinese Mainland,,,,
"KMD (Guangdong) Lighting Technology Co., Ltd.",https://sourcing.hktdc.com/en/Supplier-Store/Profile/KMD-Guangdong-Lighting-Technology-Co-Ltd-/1S00OQ6Y0,extracted,,Chinese Mainland,,,,,Steven Xu,"3 Floor, No.1 Bai'an Road, Jun'an Town, Shunde, Foshan, Guangdong, China",Chinese Mainland,,,Sales,
"Kam Sing Stationery & Gift(Yuyao) Co.,Ltd",https://sourcing.hktdc.com/en/Supplier-Store/Profile/Kam-Sing-Stationery-Gift-Yuyao-Co-Ltd/1S00PEBV4,extracted,,Chinese Mainland,,,,,Rongrong Zhong,"No.29-31 Gaofan Road, Lanjiang Street, Yuyao City, Ningbo, Zhejiang, China",Chinese Mainland,,,,
Kanshine Electrical Limited,https://sourcing.hktdc.com/en/Supplier-Store/Profile/Kanshine-Electrical-Limited/1X0AJTL0,extracted,,Chinese Mainland,,"Environmental Protection , Lights",,,xuefeng wen,"Room 606, No.555, South of Changshou Road, Ningbo, Zhejiang, China",Chinese Mainland,,,,
Kero Lighting Co Ltd,https://sourcing.hktdc.com/en/Supplier-Store/Profile/Kero-Lighting-Co-Ltd/1S00OH9GF,extracted,,Chinese Mainland,,,,,Ellen Chan,"Number 99, DaSanCun, XiaoJinKou Town, HuiZhou City, Guangdong, China",Chinese Mainland,,,MANAGER,
"Lanxi Yibu Lighting.,Ltd",https://sourcing.hktdc.com/en/Supplier-Store/Profile/Lanxi-Yibu-Lighting-Ltd/1X0AJD7Q,extracted,,Chinese Mainland,,"Environmental Protection , Lights",,,- Huang,"No.9 Sanziqiao Road, Economic Development Zone, Lanxi, Zheji, China",Chinese Mainland,,,,
"Ledlink Optics, Inc.",https://sourcing.hktdc.com/en/Supplier-Store/Profile/Ledlink-Optics-Inc/1X03SHL0,extracted,Manufacturer,"New Taipei City, Taiwan",2008,"Environmental Protection , Lights",Worldwide,,Mr Sammy Cheng,"15F,  No.655, Bannan Rd.,  Chung-Ho Dist, New Taipei City, Taiwan",Taiwan,1001 - 2000,"US$ 10,000,000 - 49,999,999",Marketing Section Specialist,
Shenzhen Legelite Technology Limited,https://sourcing.hktdc.com/en/Supplier-Store/Profile/Legelite-Technology-Limited/1S00OTDXW,extracted,,Chinese Mainland,,Lights,,,Ms Candice Zheng,,Chinese Mainland,,,,
"Li Ming Electric (Nan Hai) Co., Ltd.",https://sourcing.hktdc.com/en/Supplier-Store/Profile/Li-Ming-Electric-Nan-Hai-Co-Ltd-/1S00O9AAW,extracted,,Chinese Mainland,,"Environmental Protection , Home Products, Lights & Constructions , Homeware & Lifestyle Essentials , Lights",,,Ms Judy Zhou,,Chinese Mainland,,,,
"Linyi Bairun Crafts Co.,Ltd",https://sourcing.hktdc.com/en/Supplier-Store/Profile/Linyi-Bairun-Crafts-Co-Ltd/1S00PEC4C,extracted,,Chinese Mainland,,,,,Mr wang,"Shengzhuang Luozhuang ,Linyi ,Shandong ,China",Chinese Mainland,,,,
"Luminglite Lighting Tech Co.,Ltd",https://sourcing.hktdc.com/en/Supplier-Store/Profile/Luminglite-Lighting-Tech-Co-Ltd/1S00P5QCA,extracted,"Exporter, Manufacturer","Zhuhai, Guangdong, Chinese Mainland",2011,Lights,"Eastern Europe, North America, Other Asian Countries, Scandinavia, Southeast Asia, Western Europe",Luminglite,Miss Vivi Vivi,"3f 1 Building,no.399 Jin Yuan 2road, No.399 Jin Yuan 2road, High- Tech District, Guangdong, China",Chinese Mainland,51 - 100,"US$ 5,000,000 - 9,999,999",Sales Manager E-mail: vivi@luminglite.com,
"MORZEN ILLUMINATE TECHNOLOGY(GUANGZHOU)CO.,LTD",https://sourcing.hktdc.com/en/Supplier-Store/Profile/MORZEN-ILLUMINATE-TECHNOLOGY-GUANGZHOU-CO-LTD/1S00PE8K4,extracted,,Chinese Mainland,,,,,JADE LAM,,Chinese Mainland,,,,
MX Lite Company Limited,https://sourcing.hktdc.com/en/Supplier-Store/Profile/MX-Lite-Company-Limited/1X0A73GB,extracted,Exporter,"Foshan, Guangdong, Chinese Mainland",2016,"Environmental Protection , Lights","Scandinavia, Western Europe",MX LITE,Mr Kian Wong,"BEIYU  Lishui Town, Nanhai, Foshan, China",Chinese Mainland,16 - 25,"US$ 500,000 - 999,999",,
"Majigo Furnishings Co., Ltd.",https://sourcing.hktdc.com/en/Supplier-Store/Profile/MAJIGO-FURNISHINGS-CO-LTD-/1S00OQ5CV,extracted,,Taiwan,,,,,Qinchang Chen,"No. 693, Jingguo Road, Taoyuan District, Taoyuan City, Taiwan",Taiwan,,,,
"Master Lite Co., Ltd.",https://sourcing.hktdc.com/en/Supplier-Store/Profile/MASTER-LITE-CO-LTD/1S00OZ3FO,extracted,,Chinese Mainland,,,,,Ms Mona ZENG,,Chinese Mainland,,,,
Meivi Electrical Company Limited,https://sourcing.hktdc.com/en/Supplier-Store/Profile/Meivi-Electrical-Company-Limited/1S00ONKVV,extracted,,Chinese Mainland,,,,,Xiaoting Huang,"2-2F, A Area,No.11 Beihai Road, Beihai Industry Zone, Haizhou Village, Guzhen Town, Zhongshan, Guangdong, China",Chinese Mainland,,,,
"Milux Lighting(changzhou)Co.,Ltd.",https://sourcing.hktdc.com/en/Supplier-Store/Profile/Milux-Lighting-changzhou-Co-Ltd-/1S00PEBXY,extracted,,Chinese Mainland,,,,,yuan li,"189, changzhou, jiangsu, china",Chinese Mainland,,,,
"NINGBO BEASSET PHOTOELECTRIC TECHNOLOGY CO.,LTD.",https://sourcing.hktdc.com/en/Supplier-Store/Profile/NINGBO-BEASSET-PHOTOELECTRIC-TECHNOLOGY-CO-LTD-/1S00PEQ0A,extracted,,Chinese Mainland,,,,,LIFENG LIN,"No. 299 Lishi Road, Ditang Street, Yuyao City, Ningbo City, Zhejiang Province, China",Chinese Mainland,,,,
"NINGBO CHENLI ELECTRIC CO., LTD",https://sourcing.hktdc.com/en/Supplier-Store/Profile/NINGBO-CHENLI-ELECTRIC-CO-LTD/1S00PEXZ6,extracted,,Chinese Mainland,,,,,yu Job,"No. 62, Wushi Road, Binhai Industrial Zone, Xidian Town, Ninghai County, Ningbo City, Zhejiang Province, China",Chinese Mainland,,,,
"NINGBO CLSASELF LIGHTING CO.,LTD.",https://sourcing.hktdc.com/en/Supplier-Store/Profile/NINGBO-CLSASELF-LIGHTING-CO-LTD-/1S00PEC3F,extracted,,Chinese Mainland,,,,,Mr Sun Mr Sun,"No.44,Building 6,Chuangxin 128 Park,Yinzhou Distri",Chinese Mainland,,,,
"NINGBO JAYLED LIGHTING CO.,LTD",https://sourcing.hktdc.com/en/Supplier-Store/Profile/NINGBO-JAYLED-LIGHTING-CO-LTD/1S00PF5UD,extracted,,Chinese Mainland,,,,,Kelly Hu,"Room 709, Qilin Building, Zhonghe Street, Yinzhou District, Ningbo City, Zhejiang Province, China",Chinese Mainland,,,,
"NINGBO KNP LIGHTING CO., LTD.",https://sourcing.hktdc.com/en/Supplier-Store/Profile/NINGBO-KNP-LIGHTING-CO-LTD-/1S00PAZ01,extracted,,Chinese Mainland,,,,,Mr jiwei Wang,,Chinese Mainland,,,,
"NINGBO RELUX LIGHTING CO.,LTD",https://sourcing.hktdc.com/en/Supplier-Store/Profile/NINGBO-RELUX-LIGHTING-CO-LTD/1S00PEICI,extracted,,Chinese Mainland,,,,,YANGJU DONG,"No.130, Building 130, Yungu Centre, Jiangbei District, Ningbo, Zhejiang, China",Chinese Mainland,,,,
"Ningbo Sunshinelux Lighting Co., Ltd.",https://sourcing.hktdc.com/en/Supplier-Store/Profile/Ningbo-Sunshinelux-Lighting-Technology-Co-Ltd/1X08HPJE,extracted,Manufacturer,"Ningbo, Zhejiang, Chinese Mainland",,,,,Mr MR CHEN,"GaoQiao Industry Zone, YinZhou, Ningbo, Zhejiang, Ningbo",Chinese Mainland,,,,
"NINGBO TIMEBEST ELECTRICAL TECHNOLOGY CO.,LTD",https://sourcing.hktdc.com/en/Supplier-Store/Profile/NINGBO-TIMEBEST-ELECTRICAL-TECHNOLOGY-CO-LTD/1S00PFLYL,extracted,,Chinese Mainland,,,,,Hailing Fan,"Room 501-18, Nos. 6 and 7, Building 5, Kexin Mansi Shounan Subdistrict, Yinzhou District, Ningbo City, Zhejiang Province, China",Chinese Mainland,,,CEO,
Namcha Barwa Electronics Factory,https://sourcing.hktdc.com/en/Supplier-Store/Profile/Namcha-Barwa-Electronics-Factory/1S00PF4ZZ,extracted,,Chinese Mainland,,,,,jinfeng Pei,"Floor 2-2 no.3, 2nd South Xi an Road, Gangnan, Guzhen, Zhongshan, Guangdong, China",Chinese Mainland,,,,
"Newstar LED Co.,Limited",https://sourcing.hktdc.com/en/Supplier-Store/Profile/NEWSTAR-LED-CO-LIMITED/1S00P60HL,extracted,"Exporter, Manufacturer","Dongguan, Guangdong, Chinese Mainland",2009,Lights,"Africa, Australasia, Central & South America, Chinese Mainland, Eastern Europe, Hong Kong, Japan, Korea, Middle East, North America, Other Asian Countries, Scandinavia, Southeast Asia, Taiwan, Western Europe, Worldwide",,Miss Qinsi Hu,"1/F A Building, Laifa Chuanggu Technical Park, No. Shapu, Songgang Bao'An  CN-518108 Shenzhen China",Chinese Mainland,101 - 200,"US$ 10,000,000 - 49,999,999",,
"NingBo OSSDAT Electrical Co., Ltd",https://sourcing.hktdc.com/en/Supplier-Store/Profile/NingBo-OSSDAT-Electrical-Co-Ltd/1S00P67ZW,extracted,,Chinese Mainland,,,,,YAN ZHANG,"No.169, ShanShan Rd, WangChun Industrial Zone, Hai",Chinese Mainland,,,,
Ningbo Advanced Technology Co.ltd,https://sourcing.hktdc.com/en/Supplier-Store/Profile/NINGBO-ADVANCED-TECHNOLOGY-CO-LTD/1S00OO6ZX,extracted,,Chinese Mainland,,,,,Ms Winnie Yang,,Chinese Mainland,,,,
"Ningbo Aishi Electric Equipment Co., Ltd",https://sourcing.hktdc.com/en/Supplier-Store/Profile/Ningbo-Aishi-Electric-Equipment-Co-Ltd-/1S00P54X5,extracted,,Chinese Mainland,,"Environmental Protection , Lights",,,Doris Dai,"Zhujiaqiao Village, Jishigang Town, Ningbo, Zhejiang, China",Chinese Mainland,,,Export Manager,
"Ningbo Beiming Lighting & Electronics Technology Co., LTD",https://sourcing.hktdc.com/en/Supplier-Store/Profile/Ningbo-Beiming-Lighting-Electronics-Technology-Co-LTD/1S00PERQ3,extracted,,Chinese Mainland,,,,,Ms Joey Tong,,Chinese Mainland,,,,
"Ningbo Boerte Electrical Appliances Co.,Ltd.",https://sourcing.hktdc.com/en/Supplier-Store/Profile/Ningbo-Boerte-Electrical-Appliances-Co-Ltd-/1S00PF2JD,extracted,,Chinese Mainland,,,,,SHASHA NI,"No.105,Shixi Industrial Park, Meilin Street,Ninghai, Ningbo, Zhejiang, China",Chinese Mainland,,,,
"Ningbo Brothers Optoelectronics Technology Co., Ltd.",https://sourcing.hktdc.com/en/Supplier-Store/Profile/Ningbo-Brothers-Optoelectronics-Technology-Co-Ltd/1X09EWTJ,extracted,,Chinese Mainland,,,,,- Jiang,"Room 1610, DIQU Plaza, No. 666 TaiKang Road, Yinzhou District, Ningbo, Zhejiang, China",Chinese Mainland,,,Manager,
"Ningbo Camilighting Co., Ltd",https://sourcing.hktdc.com/en/Supplier-Store/Profile/Ningbo-Camilighting-Co-Ltd/1X0AKPHG,extracted,,Chinese Mainland,,"Environmental Protection , Lights",,,Yuanlai Ou,"9-6, No.299, Xingchen Road, Panhuo Yinzhou District, Ningbo, China",Chinese Mainland,,,,
"Ningbo Cige Photoelectric Technology Co., Ltd.",https://sourcing.hktdc.com/en/Supplier-Store/Profile/NINGBO-CIGE-PHOTOELECTRIC-TECHNOLOGY-CO-LTD/1X0A6VC3,extracted,,Chinese Mainland,,"Environmental Protection , Lights",,,xuewei zhuang,"No.332 Yizidi Zhoutang West Village, Zonghan Street, Cixi, China",Chinese Mainland,,,,
"Ningbo Dengding Lighting Co.,Ltd.",https://sourcing.hktdc.com/en/Supplier-Store/Profile/Ningbo-Dengding-Lighting-Co-Ltd-/1S00PFGRB,extracted,,Chinese Mainland,,,,,TAO Wang,"No. 58,  Zhushan Bridge, Lizhou Street,  Yuyao City,  Zhejiang",Chinese Mainland,,,,
"Ningbo Fanli Electrical Appliance Co., Ltd.",https://sourcing.hktdc.com/en/Supplier-Store/Profile/NINGBO-FANLI-ELECTRICAL-APPLIANCE-CO-LTD/1S00PER23,extracted,,Chinese Mainland,,,,,Ms huang xiaohua,,Chinese Mainland,,,,
"Ningbo FengHua Lamp Co., Ltd.",https://sourcing.hktdc.com/en/Supplier-Store/Profile/Ningbo-FengHua-Lamp-Co-Ltd/1X0AWZAT,extracted,,Chinese Mainland,,"Environmental Protection , Lights",,,Jack Zhang,"No 104-128 East Cizhang Road, Zhangqi Town, Cixi, Zhejiang, China",Chinese Mainland,,,,
"Ningbo Glory Electric Appliance Co., Ltd",https://sourcing.hktdc.com/en/Supplier-Store/Profile/Ningbo-Glory-Electric-Appliance-Co-Ltd/1S00O7XWF,extracted,,Chinese Mainland,,Lights,,,Dr lifeng zheng,,Chinese Mainland,,,,
"Ningbo Greenlite Lighting Technology Co., Ltd.",https://sourcing.hktdc.com/en/Supplier-Store/Profile/Ningbo-Greenlite-Lighting-Technology-Co-Ltd-/1S00PE7BW,extracted,,Chinese Mainland,,,,,Mr Owen Mei,,Chinese Mainland,,,,
"Ningbo Hanlux Lighting Co., Ltd.",https://sourcing.hktdc.com/en/Supplier-Store/Profile/Ningbo-Hanlux-Lighting-Co-Ltd/1X09SQYW,extracted,,Chinese Mainland,,"Environmental Protection , Lights",,,Lumei -,,Chinese Mainland,,,Sales Manager,
"Ningbo Hongrui Lighting Technology Co.,Ltd",https://sourcing.hktdc.com/en/Supplier-Store/Profile/Ningbo-Hongrui-Lighting-Technology-Co-Ltd/1S00PEPXK,extracted,,Chinese Mainland,,,,,Linda Zhang,"No.25 Century Road, Doumen Industrial Park, Yuyao City, Zhejiang Province, China",Chinese Mainland,,,,
"Ningbo Ido Lighting Appliance Co., Ltd.",https://sourcing.hktdc.com/en/Supplier-Store/Profile/Ningbo-Ido-Lighting-Appliance-Co-Ltd/1S00O6OQ6,extracted,,Chinese Mainland,,,,,Mr ming yu,,Chinese Mainland,,,,
"Ningbo Jiahang Electric Appliance Co., Ltd.",https://sourcing.hktdc.com/en/Supplier-Store/Profile/NINGBO-JIAHANG-ELECTRIC-APPLIANCE-CO-LTD/1S00P7CRF,extracted,,Chinese Mainland,,,,,zong zhou,"Qiu Ai Zhen Zhang Jia Ying Cun, Yinzhou District, Ningbo City, Zhejiang Province, china",Chinese Mainland,,,,
"Ningbo Jianrui Electrical Appliance Co., Ltd.",https://sourcing.hktdc.com/en/Supplier-Store/Profile/NINGBO-JIANRUI-ELECTRICAL-APPLIANCE-CO-LTD-/1S00P63UF,extracted,,Chinese Mainland,,Lights,,,Yaojun Xu,"NO.90, Zhenxing west road, Yuyao city, China",Chinese Mainland,,,sales Manager,
"Ningbo Jinghui Opto-Electronic Co., Ltd.",https://sourcing.hktdc.com/en/Supplier-Store/Profile/Ningbo-Jinghui-Opto-Electronic-Co-Ltd/1X04DR2P,extracted,"Exporter, Manufacturer","Changde, Hunan, Chinese Mainland",1996,"Environmental Protection , Lights",,,Ms Candy Zhang,"No. 616# Qingqing Road, Zhenhai Electronic Development B Zone, Ningbo, Zhejiang, China",Chinese Mainland,,,Sales Manager,
"Ningbo Jinray Opto Co., Ltd.",https://sourcing.hktdc.com/en/Supplier-Store/Profile/Ningbo-Jinray-Opto-Co-Ltd-/1S00PC0KC,extracted,,Chinese Mainland,,,,,Dr Leon Chou,,Chinese Mainland,,,,
"Ningbo Kanghui Lamps Co., Ltd.",https://sourcing.hktdc.com/en/Supplier-Store/Profile/Ningbo-Kanghui-Lamps-Co-Ltd/1X09ZEQ4,extracted,"Exporter, Manufacturer","Ningbo, Zhejiang, Chinese Mainland",,Lights,,,Mr Zhong Jie Ge,"Hudong Industry Zone, Lianglong Town, Yuyao City, Ningbo, Zhejiang Province, China China",Chinese Mainland,,,Manager,
"Ningbo Kangyuan International Trading Co., Ltd.",https://sourcing.hktdc.com/en/Supplier-Store/Profile/Ningbo-Kangyuan-International-Co-Ltd/1X07IAHP,extracted,Manufacturer,"Ningbo, Zhejiang, Chinese Mainland",,"Environmental Protection , Lights",Worldwide,,Mr William Weng,"1-418 Yunding Mart, Yuyao, Zhejiang, China",Chinese Mainland,,,Sales Manager,
"Ningbo Ke Line Electronic Technology Co., Ltd.",https://sourcing.hktdc.com/en/Supplier-Store/Profile/NINGBO-KE-LINE-ELECTRONIC-TECHNOLOGY-CO-LTD/1S00PC1M5,extracted,,Chinese Mainland,,,,,Mr Guosen Yang,,Chinese Mainland,,,,
"Ningbo Kl Lighting Co., Ltd.",https://sourcing.hktdc.com/en/Supplier-Store/Profile/NINGBO-KL-LIGHTING-CO-LTD/1S00P60O0,extracted,,Chinese Mainland,,,,,- jin,"Langxia street, Yuyao, Ningbo, China",Chinese Mainland,,,,
"Ningbo LGDD Electrical Fitting Co.,Ltd.",https://sourcing.hktdc.com/en/Supplier-Store/Profile/Ningbo-LGDD-Electrical-Fitting-Co-Ltd-/1S00PF6GI,extracted,,Chinese Mainland,,,,,- Qiu,"No.188, Changxing Road, Shaoxing City, Zhejiang, Ningbo, China",Chinese Mainland,,,,
"Ningbo Micromile Electronics Co,.Ltd",https://sourcing.hktdc.com/en/Supplier-Store/Profile/Ningbo-Micromile-Electronics-Co-Ltd/1S00PDNLM,extracted,,Chinese Mainland,,,,,Tilian Tang,"No.1399, Cidong South Road, Binhai Economic Development Zone, Cixi, Zhejiang, China",Chinese Mainland,,,Sales Manager,
Ningbo Newell Lighting Co Ltd,https://sourcing.hktdc.com/en/Supplier-Store/Profile/Ningbo-Newell-Lighting-Co-Ltd/1S00OV1VE,extracted,Manufacturer,"Ningbo, Zhejiang, Chinese Mainland",,Lights,,,Mrs iris YIN,"No.329 ShaojiaDu Zhushan Bridge, Yuyao City, Ningbo, Zhejiang",Chinese Mainland,,,,
"Ningbo Quanxing Mould and Machinery Co., Ltd.",https://sourcing.hktdc.com/en/Supplier-Store/Profile/Ningbo-Free-Trade-Zone-Quanxing-Moulding-Co-Ltd-/1X0AYHZM,extracted,,Chinese Mainland,,"Industrial Machinery, Parts & Raw Materials",,,Ada Hao,"XinQi Street , BeiLun District, Ningbo City ,ZheJiang Province, China",Chinese Mainland,,,Sales Manager,
"Ningbo Ruishan Technology Co., Ltd.",https://sourcing.hktdc.com/en/Supplier-Store/Profile/Ningbo-Ruishan-Technology-Co-Ltd-/1S00PEC9X,extracted,,Chinese Mainland,,,,,- Wang,"No.896, Dali Village, Shenzhen Town, Ninghai, Ning Zhejiang, P. R. China",Chinese Mainland,,,,
"Ningbo Siejee Lighting Co., Ltd.",https://sourcing.hktdc.com/en/Supplier-Store/Profile/Ningbo-Siejee-Lighting-Co-Ltd/1X09ZX36,extracted,,Chinese Mainland,,"Environmental Protection , Lights",,,Caijie Yang,"No.888 Huangshan West Road, Sanfengqiao Village, Lanjiang Street, Yuyao, Zhejiang, China",Chinese Mainland,,,Manager,
"Ningbo Silang Lighting IMP & EXP Co., Ltd.",https://sourcing.hktdc.com/en/Supplier-Store/Profile/Ningbo-Silang-Lighting-IMP-EXP-Co-Ltd-/1S00P0R16,extracted,,Chinese Mainland,,,,,Dr zhichao sun,,Chinese Mainland,,,,
"Ningbo Stable Lighting Co., Ltd.",https://sourcing.hktdc.com/en/Supplier-Store/Profile/Ningbo-Stable-Lighting-Co-Ltd-/1S00PF877,extracted,,Chinese Mainland,,,,,Mr JIAYE YE,,Chinese Mainland,,,,
"Ningbo Sunger Lighting Technology Co., Ltd.",https://sourcing.hktdc.com/en/Supplier-Store/Profile/Ningbo-Sunger-Lighting-Technology-Co-Ltd-/1S00PB9HC,extracted,,Chinese Mainland,,,,,Mr Minghui Zhang,,Chinese Mainland,,,,
"Ningbo Tianhan Electrical Appliance Co., Ltd.",https://sourcing.hktdc.com/en/Supplier-Store/Profile/Yuyao-Tianhan-Electrical-Appliance-Co-Ltd/1X06U30R,extracted,"Exporter, Manufacturer","Ningbo, Zhejiang, Chinese Mainland",2009,"Consumer Electronics , Electronics , Environmental Protection , Lights","Eastern Europe, North America, Western Europe",TH,Miss Shimmer Wen,"56, Gongji Road, Sibei Industry Zone, Simen Town, Yuyao, Zhejiang,China",Chinese Mainland,,"US$ 1,000,000 - 4,999,999",Sales,
Ningbo Tulip Industrial Co Ltd,https://sourcing.hktdc.com/en/Supplier-Store/Profile/Ningbo-Tulip-Industrial-Co-Ltd/1X09ZF9I,extracted,,Chinese Mainland,,"Environmental Protection , Lights",,,Ying Zhou,"Binhai Investment & Business Incubation, Zhanqi Town, Yinzhou District, Ningbo, Zhejiang, China",Chinese Mainland,,,,
"Ningbo Tuojin Lamps Co., Ltd.",https://sourcing.hktdc.com/en/Supplier-Store/Profile/NINGBO-TUOJIN-LAMPS-CO-LTD/1X0F0BV8,extracted,,"Ningbo, Zhejiang, Chinese Mainland",,,,,Mr Carl Zhu,"No. 173 West Shunyu Road, Yangming Street Yuyao, Zhejiang China",Chinese Mainland,,,Sales Manager,
"Ningbo Yinghai Lighting Co., Ltd.",https://sourcing.hktdc.com/en/Supplier-Store/Profile/Ningbo-Yinghai-Lighting-Co-Ltd-/1X0A6S0O,extracted,,Chinese Mainland,,"Environmental Protection , Lights",,,Angela Zhang,"NO.31, Xihugang Road, Qiangtou Town, Ningbo City, Zhejiang, China",Chinese Mainland,,,,
"Ningbo Yinzhou Wonderful Lighting Co.,ltd",https://sourcing.hktdc.com/en/Supplier-Store/Profile/Ningbo-Yinzhou-Wonderful-Lighting-Co-ltd/1S00OTP6T,extracted,,Chinese Mainland,,,,,xiansheng Jack,"Tongxiajia Village, TangXi Town, YinZhou District, NingBo, China",Chinese Mainland,,,,
"Ningbo Yinzhou Xincheng Electrical Appliance Co., Ltd.",https://sourcing.hktdc.com/en/Supplier-Store/Profile/Ningbo-Yinzhou-Xincheng-Electrical-Appliance-Co-Ltd-/1X087VA5,extracted,"Exporter, Manufacturer","Ningbo, Zhejiang, Chinese Mainland",2013,"Environmental Protection , Lights","Eastern Europe, Western Europe",,Mr Shijun Guo,"12 Xiy Rd.,	Jingshang Industrial, Yinzhou, Ningbo, Zhejiang, Ningbo",Chinese Mainland,,,Manager,
"Ningbo Yucheng Electric Co., Ltd.",https://sourcing.hktdc.com/en/Supplier-Store/Profile/Ningbo-Yucheng-Electric-Co-Ltd/1X07JT2J,extracted,"Exporter, Manufacturer","Ningbo, Zhejiang, Chinese Mainland",2011,"Environmental Protection , Lights",Worldwide,,Mr JOSEPH YAN,"Room 102， No.8 Building, 202Jiangdu Mingyuan, Yuyao, China",Chinese Mainland,,,Sales Manager,
"Ningbo Zhaoyang Electronic Technology Co., Ltd.",https://sourcing.hktdc.com/en/Supplier-Store/Profile/Ningbo-Zhaoyang-Electronic-Technology-Co-Ltd/1S00OIGKW,extracted,,Chinese Mainland,,,,,Qihang Sun,"Baihai Industrial Zone, Xidian, Ninghai, China",Chinese Mainland,,,,
"Ningbo Zhonghao Electric Co., Ltd.",https://sourcing.hktdc.com/en/Supplier-Store/Profile/Ningbo-Zhonghao-Electric-Co-Ltd-/1S00PF8V7,extracted,,Chinese Mainland,,,,,ALINA You,"Building 40, Yida Science and Innovation City, No.291, Binxi Road, Binhai New Area, Economic Development  China",Chinese Mainland,,,,
"Ningbo jinwei electrical technology co.,ltd",https://sourcing.hktdc.com/en/Supplier-Store/Profile/Ningbo-Jinwei-Electrical-Technology-Co-Ltd/1X08ZQWY,extracted,"Exporter, Manufacturer","Ningbo, Zhejiang, Chinese Mainland",2014,"Consumer Electronics , Parts, Components & Electrical Supplies , Parts, Components & Raw Materials",,,Ms Georgia Chai,"Taipingqiao Industrial Zone, Tangxi Town, Ningbo, China",Chinese Mainland,,,-,
"Ninghai County Linbo Electirc Appliance CO.,LTD",https://sourcing.hktdc.com/en/Supplier-Store/Profile/Ninghai-County-Linbo-Electirc-Appliance-CO-LTD/1S00PEE0M,extracted,,Chinese Mainland,,,,,Mr ZHANG CHUNXIAO,,Chinese Mainland,,,,
Ninghai Runlight Electric Co. Ltd,https://sourcing.hktdc.com/en/Supplier-Store/Profile/Ninghai-Runlight-Electric-Co-Ltd/1S00PEBU7,extracted,,Chinese Mainland,,,,,general manager lu,"Qiaotouhu Industry Zone Ninghai , Zhejiang China",Chinese Mainland,,,,
"OTC electronic co., Ltd",https://sourcing.hktdc.com/en/Supplier-Store/Profile/OTC-electronic-co-Ltd/1S00OICCO,extracted,,Chinese Mainland,,,,,Alex Ya,"Hongtian Industrial Zone, Western Renming road, Shangyu, Zhejiang, China",Chinese Mainland,,,,
"Oree Lighting Electric Co.,Ltd",https://sourcing.hktdc.com/en/Supplier-Store/Profile/Oree-Lighting-Electric-Co-Ltd/1S00PENUV,extracted,,Chinese Mainland,,,,,YANXIA TU,"Yongfeng Industrial Zone, Fengshan Street, Yuyao City, Zhejiang Province, China",Chinese Mainland,,,,
Outool Technic Mfg Co. Limited,https://sourcing.hktdc.com/en/Supplier-Store/Profile/Outool-Technic-Mfg-Co-Limited/1S00P5ZZ4,extracted,,Chinese Mainland,,,,,Bert Xu,"No.77 Housu Lingshan industry area, JiangBei District, Ningbo, Zhejiang, China",Chinese Mainland,,,Manager,
Point-Tek,https://sourcing.hktdc.com/en/Supplier-Store/Profile/POINT-TEK/1S00P54W8,extracted,,"Korea, Republic Of",,,,,Yangkyung Lim,"#326, 2nd Eng. Building, Dankook University, 152 Jukjeon-ro, Suji-gu / Yongin-si / Gyeonggi-do / Korea","Korea, Republic Of",,,Senior Assistant,
Phoenix Lighting,https://sourcing.hktdc.com/en/Supplier-Store/Profile/Phoenix-Lighting/1S00OAMTZ,extracted,,Chinese Mainland,,Lights,,,Ms Jane Lee,,Chinese Mainland,,,,
Pujiang Songhui Crystal Arts & Crafts Ltd.,https://sourcing.hktdc.com/en/Supplier-Store/Profile/Pujiang-Songhui-Crystal-Arts-Crafts-Ltd-/1S00PECBR,extracted,,Chinese Mainland,,,,,- Hu,"3rd floor,No.31 buliding of,the east areas of crys productons base,Pujiang city,Zhejiang Province",Chinese Mainland,,,,
"Quzhou Shine Electronics Co., Ltd.",https://sourcing.hktdc.com/en/Supplier-Store/Profile/Quzhou-Shine-Electronics-Co-Ltd-/1X0916ZJ,extracted,"Exporter, Manufacturer","Quzhou, Zhejiang, Chinese Mainland",,"Environmental Protection , Lights",,,Ms Yan Yan,"Wuhuan Road, China",Chinese Mainland,,,,
ROSE LIGHT LIMITED,https://sourcing.hktdc.com/en/Supplier-Store/Profile/ROSE-LIGHT-LIMITED/1S00PEPBE,extracted,,Chinese Mainland,,,,,Stella He,"3/F, 32 Chang Ming Street, Yu Sheng Technology Zone 2, Liaobu, Dongguan 523003, China",Chinese Mainland,,,sales,
"Rhyme Co., Limited",https://sourcing.hktdc.com/en/Supplier-Store/Profile/Rhyme-Co-Limited/1S00O88TD,extracted,,Chinese Mainland,,,,,Jason Chan,,Chinese Mainland,,,,
SARNIKON METAL VE ELEKTRONIK A.S.,https://sourcing.hktdc.com/en/Supplier-Store/Profile/SARNIKON-METAL-VE-ELEKTRONIK-A-S-/1S00PFHH4,extracted,,Turkiye,,,,,Ayse Karaman,"Eyup Sultan Mah. Ibni Sina Cad. No:22 Sancaktepe,",Turkiye,,,sales manager,
"SHAOXING OULITE LIGHTING CO.,LTD.",https://sourcing.hktdc.com/en/Supplier-Store/Profile/SHAOXING-OULITE-LIGHTING-CO-LTD-/1S00PF4W8,extracted,,Chinese Mainland,,,,,Wang Kevin,"No. 7 Jiangguang Road, Baiguan Street, Shangyu Shaoxing City, Zhejiang, China",Chinese Mainland,,,,
"SHENZHEN LIGHT CONSTANT CO., LTD",https://sourcing.hktdc.com/en/Supplier-Store/Profile/SHENZHEN-LIGHT-CONSTANT-CO-LTD/1S00PEHT4,extracted,,Chinese Mainland,,,,,Ms Ellen Fang,,Chinese Mainland,,,,
"SHENZHEN MINGLIGHT CO., LTD",https://sourcing.hktdc.com/en/Supplier-Store/Profile/SHENZHEN-MINGLIGHT-CO-LTD/1S00PEVST,extracted,,Chinese Mainland,,,,,Aliana Tan,"Room 201, Building A, Factory 3, No. 8, Cichang Road, Yuanshan Street, Baoan Community, Longgang, Shenzh Guangdog, China",Chinese Mainland,,,,
"SHENZHEN YLSTAR ILLUMINATION CO., LIMITED",https://sourcing.hktdc.com/en/Supplier-Store/Profile/SHENZHEN-YLSTAR-ILLUMINATION-CO-LIMITED/1S00PEOHX,extracted,,Chinese Mainland,,,,,ROBIN ZHANG,,Chinese Mainland,,,,
"SIHUI SOU LEI LOEY TECHNICAL CO., LTD",https://sourcing.hktdc.com/en/Supplier-Store/Profile/SIHUI-SOU-LEI-LOEY-TECHNICAL-CO-LTD/1S00PEQ31,extracted,,Chinese Mainland,,,,,Lee Li,"No.168 QingDong Road,DongCheng District, SiHui City, GuangDong, China",Chinese Mainland,,,,
"SZ Standard Technology Co.,Ltd.",https://sourcing.hktdc.com/en/Supplier-Store/Profile/SZ-Standard-Technology-Co-Ltd-/1S00PENVS,extracted,,Chinese Mainland,,,,,Steven Gao,"3/F,C Building,WeiPengDa Industrial Park, LangKou Community, DaLang Street, LongHua District, Shenzhen, China",Chinese Mainland,,,,
Sakura Distributors Inc,https://sourcing.hktdc.com/en/Supplier-Store/Profile/Sakura-Distributors-Inc/1X09S42M,extracted,,Canada,,"Environmental Protection , Lights",,,Tom Zhou,"#116 - 12736 80th Avenue, Surrey, British Columbia, Canada V3W 3A7",Canada,,,,
"Shandong Goldencell Electronics Technology Co., Ltd.",https://sourcing.hktdc.com/en/Supplier-Store/Profile/Shandong-Goldencell-Electronics-Technology-Co-Ltd-/1X092QR3,extracted,"Exporter, Manufacturer","Zaozhuang, Shandong, Chinese Mainland",,"Consumer Electronics , Parts, Components & Electrical Supplies , Parts, Components & Raw Materials",,,Mr Qiang Li,"Thailand Industrial Park, Hi-Tech District, Zaozhuang, Shandong, 277800, China",Chinese Mainland,,,Manager,
"Shandong Shuoqi Hardware Prodcuts Co.,Ltd",https://sourcing.hktdc.com/en/Supplier-Store/Profile/Shandong-Shuoqi-Hardware-Prodcuts-Co-Ltd/1S00PFLZI,extracted,,Chinese Mainland,,,,,Esther Shen,"Xinyang Town Development Zone, Wudi County,Binzhou City, Shandong Province, China",Chinese Mainland,,,,
Shanghai BO Glass Industrial Limited,https://sourcing.hktdc.com/en/Supplier-Store/Profile/Shanghai-BO-Glass-Industrial-Limited/1S00P5Z6J,extracted,,Chinese Mainland,,,,,Gloria Zhang,"Room 1203, No.12 Building, Lane 88, Talimu Road, Shanghai, 201801, China",Chinese Mainland,,,Manager,
"Shanghai Chiswear Industry Co.,Ltd",https://sourcing.hktdc.com/en/Supplier-Store/Profile/Shanghai-Chiswear-Industry-Co-Ltd/1S00PCJ2B,extracted,,Chinese Mainland,,,,,Miss Hui Jin,,Chinese Mainland,,,,
"Shanghai DLD International Trading Co., Ltd.",https://sourcing.hktdc.com/en/Supplier-Store/Profile/SHANGHAI-DLD-INTERNATIONAL-TRADING-CO-LTD-/1S00OAMYK,extracted,,Chinese Mainland,,,,,Miss Yun Zhou,,Chinese Mainland,,,,
"Shanghai Yaoxuan Optoelectronic Technology Co., Ltd.",https://sourcing.hktdc.com/en/Supplier-Store/Profile/Shanghai-Yaoxuan-Optoelectronic-Technology-Co-Ltd/1S00OLVXE,extracted,,Chinese Mainland,,Lights,,,Jacky sun,"Room 102, Building 2, Building 7, Lane 388, Shuangpu Road, Jiading District, Shanghai, China",Chinese Mainland,,,Manager,
"Shangrao Jiangxin Glass Co.,Ltd",https://sourcing.hktdc.com/en/Supplier-Store/Profile/Shangrao-Jiangxin-Glass-Co-Ltd/1S00P5UKI,extracted,,Chinese Mainland,,,,,Simon Yang,"Room 1812, Building 3, No.32 Gandongbei Avenue, Xinzhou District",Chinese Mainland,,,,
"Shantou Kejie Electrical Equipment Co., Ltd.",https://sourcing.hktdc.com/en/Supplier-Store/Profile/Shantou-Kejie-Electrical-Equipment-Co-Ltd-/1S00PB884,extracted,"Exporter, Manufacturer","Shantou, Guangdong, Chinese Mainland",2002,"Parts, Components & Electrical Supplies","Central & South America, Chinese Mainland, Other Asian Countries, Southeast Asia, Western Europe","JINHAI,KEZE",Mr JiaXuan Ji,"No.4,First South Street, Wanji Industrial Zone, Outing, Longhu District, Shantou, Guangdong, China",Chinese Mainland,101 - 200,"US$ 1,000,000 - 4,999,999",Manager,
"Shaoxing Puer Electrical Co.,Ltd",https://sourcing.hktdc.com/en/Supplier-Store/Profile/Shaoxing-Puer-Electrical-Co-Ltd/1S00OAX3U,extracted,,Chinese Mainland,,Lights,,,Mr Zhu Mr Zhu,"No.398, TongJiang West Road, Caoe street, Shangyu, ShaoXing, Zhejiang, China",Chinese Mainland,,,,
"Shaoxing Shangyu Jincheng Lighting Appliance Co.,Ltd.",https://sourcing.hktdc.com/en/Supplier-Store/Profile/Shaoxing-Shangyu-Jincheng-Lighting-Appliance-Co-Ltd-/1S00PECAU,extracted,,Chinese Mainland,,,,,- yang,"No.655 Chunlan Road,  Baiguan Sub-district, Shangy Shaoxing City, Zhejiang",Chinese Mainland,,,,
"Shaoxing Yeegor Lighting Co., Ltd.",https://sourcing.hktdc.com/en/Supplier-Store/Profile/Shaoxing-Yeegor-Lighting-Co-Ltd-/1S00OHN9M,extracted,,Chinese Mainland,,,,,Ellen Lee,,Chinese Mainland,,,,
"Shaoxing Yuejiaxu Technology Co., Ltd.",https://sourcing.hktdc.com/en/Supplier-Store/Profile/ShaoxingYuejiaxu-Technology-Co-Ltd-/1S00PERP6,extracted,,Chinese Mainland,,,,,Miss zhang ping,,Chinese Mainland,,,,
"Shenzhen Bbier Lighting Co.,Ltd (Dongguan Branch)",https://sourcing.hktdc.com/en/Supplier-Store/Profile/Shenzhen-Bbier-Lighting-Co-Ltd-Dongguan-Branch-/1S00P6R5U,extracted,,Chinese Mainland,,,,,Ellen Fu,"Room 501,4th Building, No.360.Dalingshan Section,Houda Road,Dalingshan To Dongguan City,Guangdong Province",Chinese Mainland,,,,
"Shenzhen Blue Diamond Technology Co., Ltd.",https://sourcing.hktdc.com/en/Supplier-Store/Profile/Shenzhen-Blue-Diamond-Technology-Co-Ltd-/1X09UCU6,extracted,,Chinese Mainland,,"Lights , Parts, Components & Electrical Supplies , Parts, Components & Raw Materials",,,Jack Wang,"6th Floor,Building 2,Donglongxing Technology Park, Hua'ning Road,Dalang Street, Longhua District,Shenzhen, China",Chinese Mainland,,,,
"Shenzhen Bond Optoelectronic Co., Ltd.",https://sourcing.hktdc.com/en/Supplier-Store/Profile/Shenzhen-Bond-Optoelectronic-Co-Ltd-/1X099MHP,extracted,,Chinese Mainland,,"Lights , Parts, Components & Electrical Supplies , Parts, Components & Raw Materials",,,linda chan,"B1422, Taohuayuan Science And Technology Innovatio Shenzhen, Guangdong, China",Chinese Mainland,,,staff,
"Shenzhen BrighterLite Lighting Co.,Ltd",https://sourcing.hktdc.com/en/Supplier-Store/Profile/Shenzhen-Brighterlong-lighting-Co-Ltd/1S00NXWMA,extracted,,Chinese Mainland,,Lights,,,Mr James Long,,Chinese Mainland,,,,
"Shenzhen C-Fox Optoelectronics Technology Co., Ltd.",https://sourcing.hktdc.com/en/Supplier-Store/Profile/Shenzhen-C-Fox-Optoelectronics-Technology-Co-Ltd/1X0ADJUL,extracted,"Exporter, Manufacturer","Shenzhen, Guangdong, Chinese Mainland",2015,Lights,North America,OEM,Mr Mr. Chen,"2F, No.29 of The Third Industrial Park, Songgang,",Chinese Mainland,51 - 100,"US$ 1,000,000 - 4,999,999",Sales Director,
"Shenzhen Cansheng Industry Development Co.,Ltd",https://sourcing.hktdc.com/en/Supplier-Store/Profile/Shenzhen-Cansheng-Industry-Development-Co-Ltd/1X0916TP,extracted,Manufacturer,"Shenzhen, Guangdong, Chinese Mainland",,Lights,,,Mr Chaokai Lau,"20th Jian Long Street, Bao an Community, HengGang Town, Longgang District, Shenzhen, China",Chinese Mainland,,,-,
"Shenzhen Cary Technology Co., Ltd.",https://sourcing.hktdc.com/en/Supplier-Store/Profile/Shenzhen-Cary-Technology-Co-Ltd-/1S00PAERD,extracted,,Chinese Mainland,,,,,Mr Thomas Tan,,Chinese Mainland,,,,
"Shenzhen Coyunps Lighting Co., Ltd.",https://sourcing.hktdc.com/en/Supplier-Store/Profile/Shenzhen-Coyunps-Lighting-Co-Ltd/1S00OQ5EP,extracted,,Chinese Mainland,,Lights,,,Xiaoyun Xu,"Building B 302, No. 3, Liuhe Feixi Second Industrial Zone, Pingsha Shenzhen City, Guangdong Province, China",Chinese Mainland,,,CEO,
"Shenzhen Dongshengda Science and Technology Co., Ltd.",https://sourcing.hktdc.com/en/Supplier-Store/Profile/Shenzhen-Dongshengda-Weiye-Technology-Co-Ltd-/1S00OX4NZ,extracted,,Chinese Mainland,,,,,Dunmao Huang,"Building 30, Huangmabu Second Industrial Zone,  Hangcheng Stree Bao'an District, Shenzhen City Guangdong Province, China",Chinese Mainland,,,General manager,
"Shenzhen Eco-Newleaf Co., Ltd",https://sourcing.hktdc.com/en/Supplier-Store/Profile/SHENZHEN-ECO-NEWLEAF-CO-LTD-/1S00OXLDC,extracted,,Chinese Mainland,,"Lights , Parts, Electrical Electronic Supplies",,,Mr Marshall WU,,Chinese Mainland,,,,
"Shenzhen Glocusent Technology Co., Ltd.",https://sourcing.hktdc.com/en/Supplier-Store/Profile/Shenzhen-Glocusent-Technology-Co-Ltd/1S00OX45H,extracted,,Chinese Mainland,,Lights,,,Ms Spring Tang,,Chinese Mainland,,,,
"Shenzhen Haode Electronics Co., LTD",https://sourcing.hktdc.com/en/Supplier-Store/Profile/Shenzhen-Haode-Electronics-Co-LTD/1X0ACWEY,extracted,,Chinese Mainland,,"Parts, Components & Electrical Supplies , Parts, Components & Raw Materials",,,Helen Liu,"Room207, Hongtaifu Building, Xinan town, Xinan, Baoan District, Shenzhen City, China",Chinese Mainland,,,Sales Manager,
"Shenzhen Haseesun Technology Co., Ltd.",https://sourcing.hktdc.com/en/Supplier-Store/Profile/Shenzhen-Haocaiyang-Technology-Co-Ltd-/1S00P5YHN,extracted,,Chinese Mainland,,"Consumer Electronics , Lights",,,Penny mo,"3rd Floor, Building A, Zhiluo Hanyuanling Industrial Park, Shiyan Street, Bao'an Di,Shenzhen City, Guangdong Province, china",Chinese Mainland,,,,
"Shenzhen Hoion Lighting Co., Limited",https://sourcing.hktdc.com/en/Supplier-Store/Profile/Shenzhen-Hoion-Lighting-Co-Limited/1X0ADL81,extracted,,Chinese Mainland,,"Environmental Protection , Lights",,,Ms Zheng,"6-7F,Huichuan Science and Technology Park Xiangyin Road, Nanlian Longgang, Shenzhen China",Chinese Mainland,,,,
"Shenzhen Jusin Technology Co., Ltd.",https://sourcing.hktdc.com/en/Supplier-Store/Profile/Shenzhen-Jusin-Technology-Co-Ltd/1S00O6XO3,extracted,,Chinese Mainland,,,,,Mr Harrison Wu,,Chinese Mainland,,,,
"Shenzhen Keyingtong Electronic Technology Co., Ltd",https://sourcing.hktdc.com/en/Supplier-Store/Profile/Shenzhen-Keyingtong-Electronic-Technology-Co-Ltd/1X08HPMB,extracted,"Exporter, Manufacturer, Retailer, Wholesaler, e-tailer","Shenzhen, Guangdong, Chinese Mainland",2005,"Environmental Protection , Lights , Parts, Components & Electrical Supplies","Chinese Mainland, Eastern Europe, Hong Kong, Japan, Korea, Middle East, North America, Southeast Asia, Western Europe",,Miss Eva Rowe,"Rm 1005(B),10/F,Ho King Commercial Centre 2-16 fayuen Street Mongkok Kowloon Hongkong China",Chinese Mainland,201 - 500,"US$ 500,000 - 999,999",-,
"Shenzhen Like Lighting Technology Co., Ltd",https://sourcing.hktdc.com/en/Supplier-Store/Profile/Shenzhen-Like-Lighting-Technology-Co-Ltd/1S00P5RGX,extracted,,Chinese Mainland,,"Environmental Protection , Lights",,,Rachel Luo,"Room 803, Introducing Building, Xingdong Community Xin'an Street, Bao'an District, Shenzhen, Guangdong, China",Chinese Mainland,,,,
"Shenzhen Mr Lighting Technology Co., Ltd",https://sourcing.hktdc.com/en/Supplier-Store/Profile/Shenzhen-Mr-Lighting-Technology-Co-Ltd/1S00O9NUV,extracted,,Chinese Mainland,,,,,Kevin Deng,"4/F Building, A1 Longma Industrial City, Guotai Road, Shiyan Street, Bao'an District, Shenzhen, China",Chinese Mainland,,,,
Shenzhen QL Light Co Ltd,https://sourcing.hktdc.com/en/Supplier-Store/Profile/SHENZHEN-QL-LIGHT-CO-LTD/1X09SD4T,extracted,"Exporter, Manufacturer","Shenzhen, Guangdong, Chinese Mainland",,Lights,,,Ms Alice Cao,"6F, Bldg. D, ShuiTian DingFeng Tech. Park Shiyan Town, Baoan, Shenzhen, Guangdong,",Chinese Mainland,,,Manager,
Shenzhen Ryker Lighting Co Ltd,https://sourcing.hktdc.com/en/Supplier-Store/Profile/Shenzhen-Ryker-Lighting-Co-Ltd/1S00P61TK,extracted,,Chinese Mainland,,,,,XiaoQiang Shen,"8th Floor, A Building, Xinghuiyuan Industria Area, Dalang Town, Dongguan, China",Chinese Mainland,,,,
Shenzhen Sky Lighting Technology Limited,https://sourcing.hktdc.com/en/Supplier-Store/Profile/Shenzhen-Sky-Lighting-Technology-Limited/1X09054H,extracted,"Export Agent, Exporter, Manufacturer, Wholesaler, e-tailer","Shenzhen, Guangdong, Chinese Mainland",2012,"Environmental Protection , Lights","Eastern Europe, Western Europe","CNSKYELEC, OEM",Mr Liu ANDY,"5th floor,5th building,Jialian Industrial Park,Sil Henggang Town,Longgang Area, Shenzhen,Guangdong,",Chinese Mainland,51 - 100,"US$ 500,000 - 999,999",,
"Shenzhen Topledvision Photonics Co., Ltd.",https://sourcing.hktdc.com/en/Supplier-Store/Profile/Shenzhen-Topledvision-Photonics-Co-Ltd-/1S00PEH7Y,extracted,,Chinese Mainland,,,,,Michael Liu,"Floor 4, Building 7, Yonghe Road, Longteng Community, Shiyan Street, Bao'an District, Shenzhen City, China., CHINA",Chinese Mainland,,,,
Shenzhen Tr-Light Co Ltd,https://sourcing.hktdc.com/en/Supplier-Store/Profile/Shenzhen-Tr-Light-Co-Ltd/1S00OHJ9Q,extracted,,Chinese Mainland,,,,,kuan lu,,Chinese Mainland,,,,
"Shenzhen United Aluminum Product Co.,Ltd",https://sourcing.hktdc.com/en/Supplier-Store/Profile/Shenzhen-Aluminum-Products-Co-ltd/1S00OX2KA,extracted,,Chinese Mainland,,,,,Kit Li,"2nd Fl , Bld 4 , Zone C, Baoying Industrial Park, Longgang, China",Chinese Mainland,,,,
"Shenzhen Xinlongye Electronic Technology Co., Ltd.",https://sourcing.hktdc.com/en/Supplier-Store/Profile/Shenzhen-Xinlongye-Electronic-Technology-Co-Ltd-/1S00PEY02,extracted,,Chinese Mainland,,,,,hao xuan ye,"Room 503A, Building A, Science Park, Houting Community, Shajing Subdistri Shenzhen City, Guangdong Province, China",Chinese Mainland,,,General Manager,
"Shenzhen Yino Tech Co., Ltd.",https://sourcing.hktdc.com/en/Supplier-Store/Profile/Shenzhen-Yino-Tech-Co-Ltd-/1X098UYK,extracted,,Chinese Mainland,,"Environmental Protection , Lights",,,Jude Wang,"3/F Block B, Fengtian Tech Park, Longhua, Shenzhen, China",Chinese Mainland,,,Manager,
Shenzhen ZBL Lighting Technology Company Limted,https://sourcing.hktdc.com/en/Supplier-Store/Profile/Shenzhen-ZBL-Lighting-Technology-Company-Limted/1S00P5P9K,extracted,,Chinese Mainland,,,,,zheng bang,"B-2F, Building B, Number F6, Xinwei Forth Industrial Zon Shenzhen, china",Chinese Mainland,,,,
"Shining Electronic.Co., Ltd.",https://sourcing.hktdc.com/en/Supplier-Store/Profile/Shining-Electronic-Co-Ltd/1S00O4LXO,extracted,"Exporter, Manufacturer","Hangzhou, Zhejiang, Chinese Mainland",2001,"Consumer Electronics , Lights","Africa, Central & South America, Japan, Middle East, North America, Other Asian Countries, Scandinavia, Southeast Asia, Western Europe","SHINING, GPT",Mr Matthew Sun,"12F, 1# Yitian Plaza 290 Dongxin Ave. Hangzhou, Zhejiang China",Chinese Mainland,201 - 500,"US$ 1,000,000 - 4,999,999",Sales Manager,
"Sincere Business Service Zhongshan Co.,Ltd",,not_attempted_l2_unavailable,,,,,,,,,,,,,
Staff Editoriale S.n.c. di Federico Galluzzi e Simona Rita Maria Pisaniello,https://sourcing.hktdc.com/en/Supplier-Store/Profile/Staff-Editoriale-s-n-c-/1X05Z2KA,extracted,Others,Italy,1982,"Lights , Printed Matters , Printing & Publishing Service , Stationery",Western Europe,ITALIAN LIGHTING - COMPOLUX,Mr FEDERICO GALLUZZI,"Via B. Davanzati, 5  Milano Italy",Italy,,,EDITOR,
Sunyan Lighting Co Ltd,https://sourcing.hktdc.com/en/Supplier-Store/Profile/Sunyan-Lighting-Co-Ltd/1X00K34N,extracted,"Exporter, Manufacturer","Zhongshan, Guangdong, Chinese Mainland",1999,Lights,,,Mr Ken Ou,"Gangdong Bldg C, Zhongxing Rd, Guzhen Town, Zhongshan City",Chinese Mainland,,,President,
"Suzhou Cyantronic Technology Co.,Ltd",https://sourcing.hktdc.com/en/Supplier-Store/Profile/Suzhou-Cyantronic-Technology-Co-Ltd/1S00OPMF5,extracted,,Chinese Mainland,,,,,Dr wen li,,Chinese Mainland,,,,
"Taixing Nilan Electrical Co., Ltd.",https://sourcing.hktdc.com/en/Supplier-Store/Profile/Taixing-Nilan-Electrical-Co-Ltd/1S00OLVMB,extracted,Manufacturer,"Taizhou, Jiangsu, Chinese Mainland",2014,Lights,,,Mr Steve Zhu,"Room 601, Building 16 Talent technology Square Taixing City, Jiangsu Province China",Chinese Mainland,,,CEO,
"Taixing Ouya Electric Co.,Ltd",https://sourcing.hktdc.com/en/Supplier-Store/Profile/Taixing-Ouya-Electric-Co-Ltd/1S00PEBK1,extracted,,Chinese Mainland,,,,,zhibin huang,"No. 152, Jiangping South Road, Taixing City,Jiancs",Chinese Mainland,,,,
Taizhou FineArts Industry & Trade CO LTD,https://sourcing.hktdc.com/en/Supplier-Store/Profile/Taizhou-Fine-Arts-Industry-Trade-Co-Ltd-/1X07NXCX,extracted,Manufacturer,"Taizhou, Zhejiang, Chinese Mainland",,"Gift Sets , Gifts, Toys & Sports Supplies , Home Products, Lights & Constructions , Homeware & Lifestyle Essentials , Stationery",Worldwide,,Mr Anson Zhou,"No. 2 Jiangshan Road Jiangkou Community, Huangyan, Taizhou, Zhejiang, China China.",Chinese Mainland,,,Managing Director,
"Taizhou Gineine Technology Co.,Ltd",https://sourcing.hktdc.com/en/Supplier-Store/Profile/Taizhou-Gineine-Technology-Co-Ltd/1S00PDNKP,extracted,,Chinese Mainland,,,,,Xin Wang,"Room 1510, Unit 1, Juding International, Baiyun Subdistrict, Jiaojiang District, Taizhou, Zhejiang Province, P.R.China",Chinese Mainland,,,,
"Taizhou Guanglong Lighting Co., Ltd",https://sourcing.hktdc.com/en/Supplier-Store/Profile/Taizhou-Guanglong-Lighting-Co-Ltd/1S00P6FNO,extracted,,Chinese Mainland,,,,,Yangwei Li,318000 中國浙江省台州市 椒江區慧谷科創園56幢1號,Chinese Mainland,,,,
"Taizhou Shangyuan Plastic & Illumination Co., Ltd.",https://sourcing.hktdc.com/en/Supplier-Store/Profile/Taizhou-Shangyuan-Plastic-Illumination-Co-Ltd/1X04RY42,extracted,Manufacturer,"Taizhou, Zhejiang, Chinese Mainland",1993,"Building Materials & Supplies , Environmental Protection , Lights","Central & South America, Eastern Europe, Middle East, Southeast Asia, Western Europe",,Mr Frank .,"Middle Shugang Road, Jiaojiang Economic Development Zone, Taizhou, Zhejiang, 318000, China",Chinese Mainland,,,Export Manager,
Tatalux Industry Co.Ltd,https://sourcing.hktdc.com/en/Supplier-Store/Profile/Tatalux-Industry-Co-Ltd/1X09ZNLI,extracted,,Chinese Mainland,,"Environmental Protection , Lights",,,Qin Wei,"Room 2003, No.2 Lane 289, ZheQiao Road, Shanghai, China",Chinese Mainland,,,Sales,
"Tiantai Boda Electronics Co., Ltd.",https://sourcing.hktdc.com/en/Supplier-Store/Profile/Tiantai-Boda-Electronics-Co-Ltd-/1S00OHOE6,extracted,,Chinese Mainland,,,,,Jiaxin Li,"No. 3, West Sanmao Xi road, Shifeng Street, Tiantai, China",Chinese Mainland,,,,
Topbrite Led Limited,https://sourcing.hktdc.com/en/Supplier-Store/Profile/Topbrite-Led-Limited/1S00PAMJT,extracted,,Chinese Mainland,,,,,Ms Abby Zhang,,Chinese Mainland,,,,
"UK Sunshine International Trade Co., Ltd.",https://sourcing.hktdc.com/en/Supplier-Store/Profile/UK-SUNSHINE-INTERNATIONAL-TRADE-CO-LTD-/1X097936,extracted,,United Kingdom,,"Environmental Protection , Lights",,,Laura Jones,"Flat32, Adventures Court, 12 Newport avenue, London, UK",United Kingdom,,,,
"Vandolite Co., Limited",https://sourcing.hktdc.com/en/Supplier-Store/Profile/Vandolite-Co-Limited/1S00O9NR4,extracted,,Chinese Mainland,,,,,Kayla Lu,"No.12 ZhongHeng Road, HengLan Town, Zhongshan City, China",Chinese Mainland,,,sales manager,
"Wede Intelligent Electronics (Guangdong) Co.,Ltd",https://sourcing.hktdc.com/en/Supplier-Store/Profile/Wede-Intelligent-Electronics-Guangdong-Co-Ltd/1S00P604O,extracted,,Chinese Mainland,,,,,Niki Li,"Room 210, No. 63 Building, Yiku, Jinshangu, Dongyi Road, Panyu District, Guangzhou, Guangdong, China",Chinese Mainland,,,sales manager,
"WellPro (Guangdong) Lighting Technology Co., Ltd.",https://sourcing.hktdc.com/en/Supplier-Store/Profile/WellPro-Guangdong-Lighting-Technology-Co-Ltd-/1S00OAMZH,extracted,,Chinese Mainland,,,,,Mr Steven Xu,,Chinese Mainland,,,,
"Welluck Opt S T Co., Ltd. of Zhuhai",https://sourcing.hktdc.com/en/Supplier-Store/Profile/WELLUCK-OPT-S-T-CO-LTD-OF-ZHUHAI/1X09Z796,extracted,,Chinese Mainland,,Lights,,,Jane Lei,"Xinsha Industrial Zone, Baijiao Town, Doumen, Zhuhai, Guangdong, China",Chinese Mainland,,,Sales,
"Wenzhou Nuodun Electric Appliance Co.,Ltd",https://sourcing.hktdc.com/en/Supplier-Store/Profile/Wenzhou-Nuodun-Electric-Appliance-Co-Ltd/1S00PEC1L,extracted,,Chinese Mainland,,,,,Mr Wu Mr Wu,"No.86,Weicheng RD,Fuxi,Deqing,Huzhou,Zhejiang",Chinese Mainland,,,,
"Wish Lighting Technology Co.,LTD",https://sourcing.hktdc.com/en/Supplier-Store/Profile/Wish-Lighting-Technology-Co-LTD/1S00OQ1UH,extracted,,Chinese Mainland,,Lights,,,Mr Abram Yan,,Chinese Mainland,,,,
"XIAMEN FUCON TECHNOLOGY CO.,LTD",https://sourcing.hktdc.com/en/Supplier-Store/Profile/XIAMEN-FUCON-TECHNOLOGY-CO-LTD/1S00PD884,extracted,,Chinese Mainland,,,,,Dr Jenny Ji,,Chinese Mainland,,,,
"Xiamen JYG Optoelectronic Co., Ltd.",https://sourcing.hktdc.com/en/Supplier-Store/Profile/Xiamen-JYG-Optoelectronic-Co-Ltd-/1X06P0DN,extracted,"Exporter, Manufacturer","Xiamen, Fujian, Chinese Mainland",2008,"Environmental Protection , Lights",Worldwide,,Ms Lena Chen,"5/F, No.307 Xiangtian Rd., Xiang'an District, Xiamen City, Fujian Province, China",Chinese Mainland,51 - 100,"US$ 50,000 - 99,999",Sales,
"Xiamen Janfee Imp. & Exp. Co., Ltd.",https://sourcing.hktdc.com/en/Supplier-Store/Profile/XIAMEN-JANFEE-IMP-EXP-CO-LTD-/1S00OZLIX,extracted,,Chinese Mainland,,"Homeware & Lifestyle Essentials , Lights",,,Mr Victor Hwang,,Chinese Mainland,,,,
"Xiamen Mercury Co., Ltd.",https://sourcing.hktdc.com/en/Supplier-Store/Profile/Xiamen-Mercury-Co-Ltd/1S00OH0M6,extracted,,Chinese Mainland,,Lights,,,Tina Cheng,"Unit 711-713, 7/F, North of Kingrin Building, No.1501 Tiantong North Road, Yinzhou, Ningbo, Zhejiang, China",Chinese Mainland,,,,
Xiamen Tech Standard Limited,https://sourcing.hktdc.com/en/Supplier-Store/Profile/Xiamen-Tech-Standard-Limited/1S00O9HDG,extracted,Manufacturer,"Xiamen, Fujian, Chinese Mainland",,Lights,,,Miss Dora Tang,No. 591 Tong long 2 Road Xiamen China,Chinese Mainland,,,,
"Xin Qi Aluminum Co., Ltd",https://sourcing.hktdc.com/en/Supplier-Store/Profile/Xin-Qi-Aluminum-Co-Ltd/1S00O9W8G,extracted,,Chinese Mainland,,,,,Rongling Li,"19th Floor, Huayi Plaza, No.1 of Zhongxing Road, Guzhen, Zhongshan, China",Chinese Mainland,,,,
"YUFAN APPLIANCES CO.,LIMITED",https://sourcing.hktdc.com/en/Supplier-Store/Profile/YUFAN-APPLIANCES-CO-LIMITED/1S00PCIBL,extracted,,Chinese Mainland,,,,,Ms moon lin,,Chinese Mainland,,,,
"Yingwei Lighting Accessory Co., Ltd.",https://sourcing.hktdc.com/en/Supplier-Store/Profile/YINGWEI-LIGHTING-ACCESSORY-CO-LTD/1X0ATEP5,extracted,,Chinese Mainland,,Lights,,,Jiawei Li,,Chinese Mainland,,,Manager,
"Yixing Aurora Lighting Co.,LTD",https://sourcing.hktdc.com/en/Supplier-Store/Profile/Yixing-Aurora-Lighting-Co-LTD/1S00PEBMV,extracted,,Chinese Mainland,,,,,Tim Young,"#3 Dian Alley , Zhashang village ,Xinjian town ,Yi",Chinese Mainland,,,,
Yu's Lighting Technology Limited,https://sourcing.hktdc.com/en/Supplier-Store/Profile/Yu-s-Lighting-Technology-Limited/1S00PE46E,extracted,,Chinese Mainland,,,,,jia huo,"5th Floor, Building 3, No. 6 XingYe Road, Huoju Development ,Zhongshan City, Guangdong Provi China",Chinese Mainland,,,,
"Yueqing Cenozoic Electronics Co., Ltd.",https://sourcing.hktdc.com/en/Supplier-Store/Profile/Yueqing-Cenozoic-Electronics-Co-Ltd-/1S00PEC59,extracted,,Chinese Mainland,,,,,Peter Chen,"No.68 Xingcang Road, West Industrial Zone,Hongqiao",Chinese Mainland,,,,
"Yuhe Group Co., Ltd.",https://sourcing.hktdc.com/en/Supplier-Store/Profile/Yuhe-Group-Co-Ltd-/1S00PAUP3,extracted,,Chinese Mainland,,,,,Miss Judy Yang,,Chinese Mainland,,,,
"Yuyao Abo Electric Appliance Co., Ltd.",https://sourcing.hktdc.com/en/Supplier-Store/Profile/Yuyao-Abo-Electric-Appliance-Co-Ltd/1X0AXIMW,extracted,,Chinese Mainland,,,,,Peter ZHENG,"No.787 West Yangming Road, Yuyao, Zhejiang, China",Chinese Mainland,,,Sales Manager,
"Yuyao Chenyu Lighting Co., Ltd.",https://sourcing.hktdc.com/en/Supplier-Store/Profile/Yuyao-Chenyu-Lighting-Co-Ltd-/1X0AQCEM,extracted,Manufacturer,"Ningbo, Zhejiang, Chinese Mainland",2013,"Environmental Protection , Lights","Africa, Australasia, Central & South America, Eastern Europe, Hong Kong, Japan, Korea, Middle East, North America, Other Asian Countries, Scandinavia, Southeast Asia, Taiwan, Western Europe, Worldwide",CHENYU,Mr Weibo Dong,"No.1, Dutou, Xiaxiang lndustrail Area, Lanjiang Street, Yuyao City, China",Chinese Mainland,51 - 100,"US$ 1,000,000 - 4,999,999",Manager,
"Yuyao Huixin Lighting Co., Ltd",https://sourcing.hktdc.com/en/Supplier-Store/Profile/Yuyao-Huixin-Lighting-Co-Ltd/1S00PEIF9,extracted,,Chinese Mainland,,,,,yinxian huang,"Liangnong Town, Yuyao City, Zhejiang, China",Chinese Mainland,,,Manager,
"Yuyao Jinlin Lamp Co., Ltd",https://sourcing.hktdc.com/en/Supplier-Store/Profile/Yuyao-Jinlin-Lamp-Co-Ltd/1S00P5XWF,extracted,,Chinese Mainland,,,,,Juan Liu,,Chinese Mainland,,,,
Yuyao Jishun electrical Appliance Factory,https://sourcing.hktdc.com/en/Supplier-Store/Profile/Yuyao-Jishun-electrical-Appliance-Factory/1S00OH0VF,extracted,,Chinese Mainland,,,,,SHUANGJI ZHANG,"Puzhong, Linpu Village, Linshan Town, Yuyao City,",Chinese Mainland,,,,
Yuyao Legend Lighting Factory,https://sourcing.hktdc.com/en/Supplier-Store/Profile/Yuyao-Legend-Lighting-Factory/1S00OX4GK,extracted,,Chinese Mainland,,Lights,,,Mr BIN HUANG,,Chinese Mainland,,,,
"Yuyao Lingtong Electric Appliance Co., Ltd",https://sourcing.hktdc.com/en/Supplier-Store/Profile/Yuyao-Lingtong-Electric-Appliance-Co-Ltd/1X09T2YW,extracted,,Chinese Mainland,,Lights,,,Jie Zhang,"North of Linshan Town, Yuyao City Zhejiang Province, China",Chinese Mainland,,,,
"Yuyao Mingde Lighting Co.,Ltd",https://sourcing.hktdc.com/en/Supplier-Store/Profile/Yuyao-Mingde-lighting-Co-Ltd/1S00NWWLD,extracted,,Chinese Mainland,,,,,Miss Jessie Wang,,Chinese Mainland,,,,
"Yuyao Siying Optoelectronic Lighting Science & Technology Co., Ltd.",https://sourcing.hktdc.com/en/Supplier-Store/Profile/Yuyao-Siying-Optoelectronic-Lighting-Science-Technology-Co-Ltd-/1S00PFGS8,extracted,,Chinese Mainland,,,,,shi chen,"No.9 Shaozhong Road, Chengdong Industry Park., Yuyao,Ningbo City, Zhejiang Province,China",Chinese Mainland,,,,
"Zhejiang Cajoroy Optoelectronic Technology Co., Ltd.",https://sourcing.hktdc.com/en/Supplier-Store/Profile/Zhejiang-Cajoroy-Optoelectronic-Technology-Co-Ltd-/1X0AWZHM,extracted,,Chinese Mainland,,"Environmental Protection , Lights",,,Wenlian Yan,"Guanming 17a-33, Yangguang Avenue 1333, Chengdong, Wenling City, Zhejiang Province, China",Chinese Mainland,,,,
"ZHEJIANG ERA SOLAR TECHNOLOGY CO.,LTD.",https://sourcing.hktdc.com/en/Supplier-Store/Profile/ZHEJIANG-ERA-SOLAR-TECHNOLOGY-CO-LTD-/1S00PEC66,extracted,,Chinese Mainland,,,,,- Mao,"No.888 Huangjiao Road,Huangyan,Taizhou,Zhejiang,Ch Zhejiang Province, China",Chinese Mainland,,,,
"ZHENJIANG KIM SMART IMPORT & EXPORT TRADING CO., LTD.",https://sourcing.hktdc.com/en/Supplier-Store/Profile/ZHENJIANG-KIM-SMART-IMPORT-EXPORT-TRADING-CO-LTD-/1S00PEVQZ,extracted,,Chinese Mainland,,,,,QINGQING ZHANG,"18 YONG HONG ROAD, JIEPAI TOWN, DAN YANG CITY, JIANGSU PROVINCE, CHINA",Chinese Mainland,,,Foreign Trade Merchandiser,
ZHONG SHAN VAN FANS CO..LTD,https://sourcing.hktdc.com/en/Supplier-Store/Profile/ZHONG-SHAN-VAN-FANS-CO-LTD/1S00PFGQE,extracted,,Chinese Mainland,,,,,XIANSHENG YANG,"2F Building A,Goli industrial Park, 16 Yongyi Road,HenglanTown,Zhongshan City, Guangdong Province",Chinese Mainland,,,,
"ZHONGSHAN CHENGHAN TECHNOLOGY CO., LTD",https://sourcing.hktdc.com/en/Supplier-Store/Profile/ZHONGSHAN-CHENGHAN-TECHNOLOGY-CO-LTD/1S00PENR4,extracted,,Chinese Mainland,,,,,- Fu,"F2, BuildingA1, NO.1 Xiangzhan Street,Yuxiang Road Yuxiang Industrial Zone, Henglan Town, Zhongshan",Chinese Mainland,,,,
"Zhongshan Haolang Lighting Co., Ltd.",https://sourcing.hktdc.com/en/Supplier-Store/Profile/ZHONGSHAN-HAOLANG-LIGHTING-CO-LTD/1S00P6CW0,extracted,,Chinese Mainland,,Lights,,,Mr Lin Zhuotang,,Chinese Mainland,,,,
"ZHONGSHAN HAOYI INTERNATIONAL TRADE CO.,LTD",https://sourcing.hktdc.com/en/Supplier-Store/Profile/ZHONGSHAN-HAOYI-INTERNATIONAL-TRADE-CO-LTD/1S00PDNJS,extracted,,Chinese Mainland,,,,,boyang yuan,"NO.6,TONGFU SOUTH ROAD, GUZHEN TOWN, ,ZHONGSHAN,CN",Chinese Mainland,,,,
"ZHONGSHAN HUAWAY LIGHTING CO.,LTD.",https://sourcing.hktdc.com/en/Supplier-Store/Profile/ZHONGSHAN-HUAWAY-LIGHTING-CO-LTD-/1S00PEX7I,extracted,,Chinese Mainland,,,,,Mr Jeff Gong,,Chinese Mainland,,,,
"ZHONGSHAN SADA LIGHTING APPLIANCES CO.,LTD",https://sourcing.hktdc.com/en/Supplier-Store/Profile/ZHONGSHAN-SADA-LIGHTING-APPLIANCES-CO-LTD/1S00PEY3T,extracted,,Chinese Mainland,,,,,HU GIGI,"NO 5, NORTH TONGFU ROAD, TONGYI INDUSTRIAL ZONE, GUZHEN TOWN, ZHONGSHAN  CITY, GUANGDONG,CHINA",Chinese Mainland,,,SALES DIRECTOR,
"Zhejiang China-Best Import & Export Co., Ltd.",https://sourcing.hktdc.com/en/Supplier-Store/Profile/Zhejiang-China-Best-Import-Export-Co-Ltd-/1X077D2V,extracted,,Chinese Mainland,,"Festive Supplies , Gifts / Souvenirs",,,Su You,"Room 17A2, Maotai Century Building, No. 83 Zhonghe North Road, Hangzhou, Zhejiang 310003, China",Chinese Mainland,,,Manager of Business Dept. 2,
"Zhejiang HongXiang Connector Co., Ltd.",https://sourcing.hktdc.com/en/Supplier-Store/Profile/Zhejiang-HongXiang-Connector-Co-Ltd-/1S00OUDLW,extracted,,Chinese Mainland,,,,,xiao qing He,"Building A ,Shenhe Innovation Park, Xiangyang Industrial, Líushi ,Yueqing, China",Chinese Mainland,,,,
Zhejiang Hongbao Lighting CO LTD,https://sourcing.hktdc.com/en/Supplier-Store/Profile/Zhejiang-Hongbao-Lighting-Ltd/1S00OH7W5,extracted,,Chinese Mainland,,,,,zong paul,"1F, Wenzhou, Zhejiang, China",Chinese Mainland,,,,
"Zhejiang Huashuo Technology Co., Ltd",https://sourcing.hktdc.com/en/Supplier-Store/Profile/Zhejiang-Huashuo-Technology-Co-Ltd/1S00PF9PO,extracted,,Chinese Mainland,,,,,wengen Qi,"No. 579, Rixian Road, Cidong Industrial Zone, Cixi Zhejiang Province, China",Chinese Mainland,,,,
"Zhejiang Jinghong Electric Co., Ltd",https://sourcing.hktdc.com/en/Supplier-Store/Profile/Zhejiang-Jinghong-Electric-Co-Ltd/1X09EWQM,extracted,,Chinese Mainland,,"Consumer Electronics , Lights , Parts, Components & Electrical Supplies , Parts, Components & Raw Materials",,,Hanxue Zeng,"Shahu Industrial Zone, Liushi Town, Wenzhou 325604 Zhejiang, China",Chinese Mainland,,,Sales manager,
"Zhejiang Modeng Lighting Technology Co., Ltd.",https://sourcing.hktdc.com/en/Supplier-Store/Profile/Zhejiang-Modeng-Lighting-Technology-Co-Ltd/1S00O9NTY,extracted,,Chinese Mainland,,Lights,,,Coco Liu,"No.66 Donghua Road, Quxi Street, Ouhai District, Wenzhou City, Zhejiang Province, China",Chinese Mainland,,,manange,
"Zhejiang New Epoch Communication Industry Co.,Ltd",https://sourcing.hktdc.com/en/Supplier-Store/Profile/Zhejiang-New-Epoch-Communication-Industry-Co-Ltd/1S00PEBTA,extracted,,Chinese Mainland,,,,,Jane Zhao,"8# Develop Road,Wengyang Industry Zone,325600 Yueq",Chinese Mainland,,,sales,
"Zhejiang Onward Electronics Co., Ltd.",https://sourcing.hktdc.com/en/Supplier-Store/Profile/Zhejiang-Onward-Electronics-Co-Ltd/1X07LIYK,extracted,Manufacturer,"Ningbo, Zhejiang, Chinese Mainland",,"Consumer Electronics , Electronics , Environmental Protection , Lights","North America, Western Europe",,Ms Kelly Ma,"Xiangshan Industrial Park, 98# Yuanzhong Road, Xiangshan, Ningbo, Zhejiang, China",Chinese Mainland,,,Sales Manager,
"Zhejiang Setec Lighting Co., Ltd.",https://sourcing.hktdc.com/en/Supplier-Store/Profile/Zhejiang-Setec-Lighting-Co-Ltd/1X06UXKP,extracted,Exporter,"Shaoxing, Zhejiang, Chinese Mainland",2006,"Environmental Protection , Lights","Central & South America, Eastern Europe, Japan, North America, Western Europe",,Mr Boyan Xie,"Xinjianzhuang, Dongguan Town, Zhejiang Province, China",Chinese Mainland,501 - 1000,"US$ < 50,000",Sales Manager,
Zhejiang Taobang Electrical Lighting Co Ltd,https://sourcing.hktdc.com/en/Supplier-Store/Profile/Zhejiang-Taobang-Electrical-Lighting-Co-Ltd/1S00PEC2I,extracted,,Chinese Mainland,,,,,ms linda,"No.305 Yuexiu Road, Shangyu City, Zhejiang Provinc",Chinese Mainland,,,,
"Zhejiang Taotao Lighting Technology Co.,Ltd",https://sourcing.hktdc.com/en/Supplier-Store/Profile/ZHEJIANG-TAOTAO-LIGHTING-TECHNOLOGY-CO-LTD/1S00OQ2CY,extracted,,Chinese Mainland,,,,,Mr LUFENG SUN,,Chinese Mainland,,,,
"Zhejiang Xusung Lighting Co., Ltd.",https://sourcing.hktdc.com/en/Supplier-Store/Profile/Zhejiang-Xusung-Lighting-Co-Ltd/1X08ZPX0,extracted,Manufacturer,"Jiaxing, Zhejiang, Chinese Mainland",,"Environmental Protection , Lights",,,Ms Sheping Li,"37 Set No.1 In North Building, Yuxin Town, Nanhu District, Jiaxing City, Zhejiang Province, China",Chinese Mainland,,,saler,
"Zhengsheng Industrial (Shenzhen) Co., Ltd",https://sourcing.hktdc.com/en/Supplier-Store/Profile/Zhengsheng-Industrial-Shenzhen-Co-Ltd/1S00PF6Y0,extracted,,Chinese Mainland,,,,,shi Hu,"7th Floor, East, Building 1, Boju Potential Indust Third Industrial Zone, Lishonglang Community, Gongming Street, Guangming District",Chinese Mainland,,,,
Zhenjiang Megawatt Lighting Co Ltd,https://sourcing.hktdc.com/en/Supplier-Store/Profile/Zhenjiang-Megawatt-Lighting-Co-Ltd/1X09FN03,extracted,,Chinese Mainland,,"Environmental Protection , Lights",,,Jun Yang,212000中國江蘇省鎮江市潤州 區民營開發區潤興路,Chinese Mainland,,,,
Zhong Shan Pusite Lighting Limited,https://sourcing.hktdc.com/en/Supplier-Store/Profile/ZHONG-SHAN-PUSITE-LIGHTING-LIMITED/1S00P6HQD,extracted,,Chinese Mainland,,,,,Layla Liu,"A-8F 8012,Lihe Lighting Expo Centre, Guzhen,Zhongshan City",Chinese Mainland,,,,
"Zhong Shan Yi Hang Electric co., Ltd",https://sourcing.hktdc.com/en/Supplier-Store/Profile/Zhong-Shan-Yi-Hang-Electric-co-Ltd/1S00PEQND,extracted,,Chinese Mainland,,,,,lily lueng,"YongYi 2nd Industry Zone, DongFeng Town, ZhongShan City,GuangDong Province, CHINA",Chinese Mainland,,,,
"ZhongShan Luxmode Industrial Co., LTD",https://sourcing.hktdc.com/en/Supplier-Store/Profile/ZhongShan-Luxmode-Industrial-Co-LTD/1S00OV0A6,extracted,Manufacturer,"Zhongshan, Guangdong, Chinese Mainland",,,,,Ms Anna Xiong,"Number 39 Industrial Road, Xiaolan Industrial Zone, Xiaolan Town, Zhongshan City",Chinese Mainland,,,,
"ZhongShan SafeLine Lighting Co., Ltd.",https://sourcing.hktdc.com/en/Supplier-Store/Profile/ZhongShan-SafeLine-Lighting-Co-Ltd-/1S00OZJ7W,extracted,,Chinese Mainland,,,,,Helen He,"Building 2, Horizon Park, No.8, Lefeng 2nd Road, England town, Zhongshan City, Guangdong, China",Chinese Mainland,,,sales,
"ZhongShan Saint Peterburg Techology Co.,Ltd",https://sourcing.hktdc.com/en/Supplier-Store/Profile/ZhongShan-Saint-Peterburg-Techology-Co-Ltd/1S00PEU3X,extracted,,Chinese Mainland,,,,,Mr JIAN ZHANG,,Chinese Mainland,,,,
"Zhongshan Altima Lighting Technology Co.,Ltd",https://sourcing.hktdc.com/en/Supplier-Store/Profile/Zhongshan-Altima-Lighting-Technology-Co-Ltd/1S00PD8RJ,extracted,,Chinese Mainland,,,,,Mr jiquan Ye,,Chinese Mainland,,,,
"Zhongshan Bailiwei Lighting Co., Ltd.",https://sourcing.hktdc.com/en/Supplier-Store/Profile/Zhongshan-Bailiwei-Lighting-Co-Ltd-/1X03SV96,extracted,Manufacturer,"Zhongshan, Guangdong, Chinese Mainland",1988,"Environmental Protection , Lights",,,Mr Mai Jinhua,"Anle Industrial Zone, Zhuyuan,Xiaolan Town, Zhongshan City, Guangdong,China",Chinese Mainland,101 - 200,,Salesman,
"Zhongshan Baina Electronic Technology Co., Ltd.",https://sourcing.hktdc.com/en/Supplier-Store/Profile/Zhongshan-Baina-Electronic-Technology-Co-Ltd-/1X0AIVIX,extracted,,Chinese Mainland,,"Parts, Components & Electrical Supplies",,,Chenglin Feng,"No. 28 Huanxibei Street, Dahuan Village, Torch Development Zone, Zhongshan, 528437, China",Chinese Mainland,,,MG,
"Zhongshan Baojing Lighting Co., Ltd.",https://sourcing.hktdc.com/en/Supplier-Store/Profile/Zhongshan-BaoJing-Lighting-Co-LTD-/1S00PCTVM,extracted,,Chinese Mainland,,,,,yan chen,"2nd Floor, No. 19 Caosan Industrial Avenue, Guzhen Town, Zhongshan",Chinese Mainland,,,,
"Zhongshan Bomi Optoelectronics Technology Co., Ltd",https://sourcing.hktdc.com/en/Supplier-Store/Profile/Zhongshan-Bomi-Optoelectronics-Technology-Co-Ltd/1S00PEXA9,extracted,,Chinese Mainland,,,,,da xie,"5th Floor, Building E, Huaxia CityCommercial Compl No.38, HuanzhenNorth Road, Xinfeng Village, Henglan TownZhongshan City",Chinese Mainland,,,,
"Zhongshan Changyi Lamp Component Manufacture Co.,Ltd",https://sourcing.hktdc.com/en/Supplier-Store/Profile/Zhongshan-Changyi-Lamp-Component-Manufacture-Co-LTD/1S00OAM8Q,extracted,,Chinese Mainland,,,,,Miss Xiaomin Rong,,Chinese Mainland,,,,
"Zhongshan Chenxia Electric Appliance Co., Ltd.",https://sourcing.hktdc.com/en/Supplier-Store/Profile/Zhongshan-Chenxia-Electric-Appliance-Co-Ltd-/1S00PFFXU,extracted,,Chinese Mainland,,,,,Ryan Ren,"No. 2, Lianhai Road, Liexiyi, Xiaolan Town, Zhongshan, Guangdong, China",Chinese Mainland,,,,
"Zhongshan Chuanghuida Electronics Co., Ltd.",https://sourcing.hktdc.com/en/Supplier-Store/Profile/Zhongshan-Chuanghuida-Electronics-Co-Ltd-/1S00PENWP,extracted,,Chinese Mainland,,,,,ZhuanDai Deng,"No.7 TongYi Road, JiaFuWei Industrial, Caosan Guzh Zhongshan, China",Chinese Mainland,,,manager,
Zhongshan City Guzhen Sinlight Factory,https://sourcing.hktdc.com/en/Supplier-Store/Profile/Zhongshan-City-Guzhen-Sinlight-Factory/1S00OU3N0,extracted,"Department Store, Exporter, Shopping Mall, Wholesaler","Zhongshan, Guangdong, Chinese Mainland",,,,,Ms Claire Zhang,"No.301 The 3rd Floor,Elevator 3, No.22Dongnan Qi Road,Gusan Industrial District Guzhen town ,Zhongshan city,Guangdong 中国",Chinese Mainland,,,China,
"Zhongshan Daoen Lighting Technology Co., Ltd.",https://sourcing.hktdc.com/en/Supplier-Store/Profile/Zhongshan-Daoen-Lighting-Technology-Co-Ltd-/1S00PCTYD,extracted,,Chinese Mainland,,,,,leo lin,"No. 25, Tongxing East Road, Dongsheng District, Xi",Chinese Mainland,,,General manager,
"Zhongshan Digad Lighting CO., Ltd",https://sourcing.hktdc.com/en/Supplier-Store/Profile/Zhongshan-Digad-Lighting-co-Ltd/1S00OXME8,extracted,,Chinese Mainland,,,,,Mr YUPEI CHEN,,Chinese Mainland,,,,
Zhongshan Diwa Lighting Factory,https://sourcing.hktdc.com/en/Supplier-Store/Profile/ZHONGSHAN-DIWA-LIGHTING-FACTORY/1X09ETC9,extracted,Manufacturer,"Zhongshan, Guangdong, Chinese Mainland",,"Environmental Protection , Lights",,DIWA,Mr Yingbo Zhu,"No.42, Xiqu Industrial Area, Zhenxi Road, Xiaolan, Zhongshan, Guangdong, China",Chinese Mainland,,,Director,
"Zhongshan Dongding Lighting Electric Co., Ltd.",https://sourcing.hktdc.com/en/Supplier-Store/Profile/Zhongshan-Dongding-Lighting-Electric-Co-Ltd-/1S00PEQ24,extracted,,Chinese Mainland,,,,,Wesley Liao,"7th floor,Building NO. 9, Tianhong industry park",Chinese Mainland,,,sales director,
"Zhongshan Fantasy Appliance Co.,Ltd.",https://sourcing.hktdc.com/en/Supplier-Store/Profile/Zhongshan-Fantasy-Appliance-Co-Ltd-/1S00P6TP4,extracted,Manufacturer,"Zhongshan, Guangdong, Chinese Mainland",2016,"Home Appliances , Lights","Chinese Mainland, Western Europe, Worldwide",Fantasy,Mr Leo Li,"3/F building 2 No.8, Yongxing North Road, Henglan city Guangdong, China",Chinese Mainland,101 - 200,"US$ 10,000,000 - 49,999,999",Sale manager,
Zhongshan Goodchip Lighting Co Ltd,https://sourcing.hktdc.com/en/Supplier-Store/Profile/ZHONGSHAN-GOODCHIP-LIGHTING-CO-LTD/1S00PD198,extracted,,Chinese Mainland,,,,,Ms Judy Zhu,,Chinese Mainland,,,,
"Zhongshan Guangshidai Lighting Co. ,Ltd",https://sourcing.hktdc.com/en/Supplier-Store/Profile/Zhongshan-Guangshidai-Lighting-Co-%EF%BC%8CLtd/1X0AXQ5P,extracted,,Chinese Mainland,,Lights,,,ZHENG ZHANG,"No.39 Dongfang Road, Guzhen Town, Zhongshan, Guangdong, China",Chinese Mainland,,,,
"Zhongshan Guangshu Lighting Technology Co., Ltd.",https://sourcing.hktdc.com/en/Supplier-Store/Profile/Zhongshan-Guangshu-Lighting-Technology-Co-Ltd-/1S00OHF8X,extracted,,Chinese Mainland,,,,,Yihu Zhang,"Floor 6, Building D, ShengQiu lndustrial Area, TongYndustrial Zoon, Guzhen Town, Zhongshan City, GuangDong, China",Chinese Mainland,,,,
"Zhongshan Hongdian Lighting Co.,Ltd",https://sourcing.hktdc.com/en/Supplier-Store/Profile/Zhongshan-Hongdian-Lighting-Co-Ltd/1S00PFGT5,extracted,,Chinese Mainland,,,,,Zuxin Zhong,"No18, Xier Rd,Xinmao,Henglan Town,Zhongshan City, Guangdong, China",Chinese Mainland,,,,
"Zhongshan Hongrong Lighting Appliance Co., Ltd",https://sourcing.hktdc.com/en/Supplier-Store/Profile/Zhongshan-Hongrong-Lighting-Appliance-Co-Ltd/1S00PE4FN,extracted,,Chinese Mainland,,,,,Chaorong Zhong,"5th Floor, Building A2, No. 5, Yongyi 5th Road, Henglan Town, Zhongshan City",Chinese Mainland,,,,
Zhongshan Huaxing Lighting Co Ltd,https://sourcing.hktdc.com/en/Supplier-Store/Profile/Zhongshan-Huaxing-Lighting-Co-Ltd-/1X00E5H4,extracted,Manufacturer,"Zhongshan, Guangdong, Chinese Mainland",1995,"Gifts / Souvenirs , Lights","Central & South America, Eastern Europe, North America, Scandinavia, Western Europe",,Ms Jasmine Deng,"No.1 Dong Fang Dong Road, Guzhen Town, Zhongshan City, Guangdong Province 528421",Chinese Mainland,201 - 500,"US$ 5,000,000 - 9,999,999",-Sales Manager,
"Zhongshan Hui Le Mei lighting technology Co., LTD",https://sourcing.hktdc.com/en/Supplier-Store/Profile/Zhongshan-Hui-Le-Mei-lighting-technology-Co-LTD/1S00P7CI6,extracted,,Chinese Mainland,,,,,Ms Yan Li,,Chinese Mainland,,,,
"Zhongshan JLY Power Technology Co.,Ltd.",https://sourcing.hktdc.com/en/Supplier-Store/Profile/Zhongshan-JLY-Power-Technology-Co-Ltd-/1S00PFBU7,extracted,,Chinese Mainland,,,,,Lee Lynn,"No.7 Lefeng Middle Rd., Lianfeng Community, xiaolan, Zhongshan, Guangdong, China",Chinese Mainland,,,,
"Zhongshan Jinghui Lighting Technology Co., Ltd.",https://sourcing.hktdc.com/en/Supplier-Store/Profile/Zhongshan-Jinghui-Lighting-Technology-Co-Ltd-/1S00OQQBD,extracted,,Chinese Mainland,,Lights,,,Miss Tina Cheung,,Chinese Mainland,,,,
Zhongshan Kunteng Lighting Co Ltd,https://sourcing.hktdc.com/en/Supplier-Store/Profile/zhongshan-kunteng-lighting-co-ltd/1S00OAQXJ,extracted,,Chinese Mainland,,,,,Ms ruiping hou,,Chinese Mainland,,,,
"Zhongshan Kunyi Home Lighting Co., Ltd",https://sourcing.hktdc.com/en/Supplier-Store/Profile/ZHONGSHAN-KUNYI-HOME-LIGHTING-CO-LTD/1S00O6GNN,extracted,,Chinese Mainland,,,,,Ms rong zhang,,Chinese Mainland,,,,
"Zhongshan Lanshan Technology Co., Ltd",https://sourcing.hktdc.com/en/Supplier-Store/Profile/Zhongshan-Lanshan-Technology-Co-Ltd/1S00P626G,extracted,,Chinese Mainland,,,,,Ms Candy Dong,,Chinese Mainland,,,,
"Zhongshan Leeco Lighting Technology Co., Ltd",https://sourcing.hktdc.com/en/Supplier-Store/Profile/Leeco-Lighting-Co-Ltd/1X0AQS7H,extracted,,Chinese Mainland,,"Environmental Protection , Lights",,,Li Xiaowei,"No.2 Xingxiang Rd, Shengfeng, Xiaolan Town",Chinese Mainland,,,,
"Zhongshan Manto Lighting Co., Ltd.",https://sourcing.hktdc.com/en/Supplier-Store/Profile/Zhongshan-Manto-Lighting-Co-Ltd/1X0AIZLI,extracted,,Chinese Mainland,,"Environmental Protection , Lights",,,Echo Xue,"Guzhen Town, Zhongshan City, Guangdong Province, China",Chinese Mainland,,,sales manager,
"Zhongshan Melody Lighting Co., LTD",https://sourcing.hktdc.com/en/Supplier-Store/Profile/Zhongshan-Melody-Lighting-Co-LTD/1S00OQQ5V,extracted,,Chinese Mainland,,,,,Phiona Yan,"One of the third and fourth floor, Building 2, No.8, Qinglong Road, Maohui Industrial District, Henglan Town, Zhongshan, Guangdong, China",Chinese Mainland,,,Foreign trade manager,
"Zhongshan Morano Lighting Co., Ltd",https://sourcing.hktdc.com/en/Supplier-Store/Profile/Zhongshan-Morano-Lighting-Co-Ltd/1S00P390R,extracted,,Chinese Mainland,,,,,Mr Georege Su,,Chinese Mainland,,,,
Zhongshan Moris Lighting Technology Co . Ltd,https://sourcing.hktdc.com/en/Supplier-Store/Profile/Zhongshan-Moris-Lighting-Technology-Co-Ltd/1S00OW1IH,extracted,,Chinese Mainland,,,,,Miao Le,"NO.17, Kanglong 4th Road, Henglan Town, Zongshan City, Guangdong, China",Chinese Mainland,,,,
"Zhongshan Mucheng Optoelectronics Technology Co., Ltd.",https://sourcing.hktdc.com/en/Supplier-Store/Profile/Zhongshan-Mucheng-Lighting-Appltance-Co-Ltd/1X0A0GL3,extracted,,Chinese Mainland,,,,,Afra zhang,"NO.,11, Qifang Industrial Park Tongyi Industrial Zone, Guzhen Town, Zhongshan City Guangdong China",Chinese Mainland,,,,
"Zhongshan OEPE Lighting Co., Ltd.",https://sourcing.hktdc.com/en/Supplier-Store/Profile/Zhongshan-OEPE-Lighting-Co-Ltd/1X0AQCND,extracted,,Chinese Mainland,,"Environmental Protection , Lights",,,Jack Zhao,"Floor 6-2, No. 156, East of Xinxing Avenue, Guzhen Zhongshan, Guangdong, China",Chinese Mainland,,,,
"Zhongshan Oja Reflectors Co., Ltd",https://sourcing.hktdc.com/en/Supplier-Store/Profile/Zhongshan-OJA-Reflectors-Co-Ltd/1X0AF55G,extracted,,Chinese Mainland,,Lights,,,James Yan,"No 45 Yumin Road, Dongsheng Town, Zhongshan City, Guangdong, China",Chinese Mainland,,,General Manager,
"Zhongshan Shangdong Lighting Technology Co.,Ltd.",https://sourcing.hktdc.com/en/Supplier-Store/Profile/Zhongshan-Shangdong-Lighting-Technology-Co-Ltd-/1S00OZJCH,extracted,,Chinese Mainland,,"Home Appliances , Lights",,,Wenbo Wei,"Fourth floor, No. 2, Pinghe Road, Caosan Siyiwei Industrial Zone, Guzhen Town, Zhongshan City, Guangdong, China",Chinese Mainland,,,,
"Zhongshan Shangteng Lighting Co., Ltd.",https://sourcing.hktdc.com/en/Supplier-Store/Profile/Zhongshan-Shangteng-Lighting-Co-Ltd/1S00O9VN8,extracted,,Chinese Mainland,,,,,zhenchang feng,"2 Zone, 5 floor, Building 8, Baijia Department, 1st Tongfu Road N.Guzhen Town, Zhongshan, China",Chinese Mainland,,,SALE,
"Zhongshan Shangyu Lighting Electrical Appliance Co., Ltd.",https://sourcing.hktdc.com/en/Supplier-Store/Profile/Zhongshan-Shangyu-Lighting-Electrical-Appliance-Co-Ltd/1S00OTMXN,extracted,,Chinese Mainland,,,,,xin wei liu,"4th Floor, Building 3, Xingyu Dabang Industrial Park, No. 17, China",Chinese Mainland,,,,
"Zhongshan Shinyland Lighting Technology Co., Ltd",https://sourcing.hktdc.com/en/Supplier-Store/Profile/Zhongshan-Shinyland-Lighting-Technology-Co-Ltd/1S00P9VMB,extracted,,Chinese Mainland,,Lights,,,Nicole Hu,"3th Floor, No.4 Yongyi 3rd Road, 528478 Henglan, Zhongshan, Guangdong, China",Chinese Mainland,,,,
"Zhongshan Sinolux Technology Co.,Ltd",https://sourcing.hktdc.com/en/Supplier-Store/Profile/Zhongshan-Sinolux-Technology-Co-Ltd/1S00OU2N1,extracted,,Chinese Mainland,,,,,Raymond Min,,Chinese Mainland,,,,
"Zhongshan Skyball Electronic Lighting Co., Ltd.",https://sourcing.hktdc.com/en/Supplier-Store/Profile/Zhongshan-Skyball-Electronic-Lighting-Co-Ltd/1X08RTI3,extracted,Manufacturer,"Zhongshan, Guangdong, Chinese Mainland",,Lights,,,Ms Ada Li,,Chinese Mainland,,,,
"Zhongshan Starware Lighting Co., Ltd.",https://sourcing.hktdc.com/en/Supplier-Store/Profile/Zhongshan-Starware-Lighting-Co-Ltd/1S00OJ8CS,extracted,,Chinese Mainland,,,,,Xing Yu,"3rd floor, No.22, Kanglong Five Road Xinmao Industrial Zone Henglan Town, Zhongshan China",Chinese Mainland,,,,
Zhongshan Tanluzhe Lighting Technology Co Ltd,https://sourcing.hktdc.com/en/Supplier-Store/Profile/zhongshan-tanluzhe-lighting-technology-co-LTD/1X0872S2,extracted,Manufacturer,"Zhongshan, Guangdong, Chinese Mainland",,"Environmental Protection , Lights",,,Ms Jin Feng Tang,"Haiyuansha industrial zone, Guzhen town, Zhongshan city, Guangdong, Zhongshan",Chinese Mainland,,,Manager,
"Zhongshan Thin Red Line Lighting Co., Ltd.",https://sourcing.hktdc.com/en/Supplier-Store/Profile/ZHONGSHAN-THIN-RED-LINE-LIGHTING-CO-LTD/1S00OZ3PU,extracted,,Chinese Mainland,,,,,Mr Henry Yao,,Chinese Mainland,,,,
"Zhongshan Upspace Lighting Co., Ltd.",https://sourcing.hktdc.com/en/Supplier-Store/Profile/Zhongshan-Upspace-Lighting-Co-Ltd/1S00OJBGD,extracted,,Chinese Mainland,,,,,Clarence Xie,,Chinese Mainland,,,manager,
"Zhongshan V.TOP Lighting Co., Ltd.",https://sourcing.hktdc.com/en/Supplier-Store/Profile/Zhongshan-V-TOP-Lighting-Co-Ltd-/1S00OHX10,extracted,,Chinese Mainland,,,,,Weichang Yuan,"No.2 Road of Industrial Ave, Sishaxinmao Industria, Henglan Town, Zhongshan, Guangdong, China",Chinese Mainland,,,G.M,
Zhongshan Victory Lighting Factory,https://sourcing.hktdc.com/en/Supplier-Store/Profile/Zhongshan-Victory-Lighting-Factory/1X09VKWG,extracted,,Chinese Mainland,,Lights,,,Xiufen Dong,"528421 No 3 Xi Bi Road Qilin Industrial Zone, Haizhou, Guzhen, Zhongshan Guangdong, China",Chinese Mainland,,,,
"Zhongshan Weiao Trading Co., Limited",https://sourcing.hktdc.com/en/Supplier-Store/Profile/Zhongshan-Weiao-Trading-Co-Limited/1S00OTL29,extracted,,Chinese Mainland,,,,,haitao zhang,"2-2,5/F,7 Building of Baijia,No.1, Tongfu North Road, Guzhen Town, Zhongshan City, China",Chinese Mainland,,,SALES MANAGER,
"Zhongshan Weimei Optoelectronic Technology Co., Ltd.",https://sourcing.hktdc.com/en/Supplier-Store/Profile/Zhongshan-Weimei-Optoelectronic-Technology-Co-Ltd-/1S00OTQOA,extracted,,Chinese Mainland,,,,,Mr Guiyou Lu,,Chinese Mainland,,,,
"Zhongshan Xiangpai Lighting Technology Co., Ltd.",https://sourcing.hktdc.com/en/Supplier-Store/Profile/Zhongshan-XiangPai-Lighting-Technology-Co-Ltd-/1S00O9H61,extracted,,Chinese Mainland,,,,,Gabin Fung,"5th Floor, No.36-1, Yihui Road, Zhongshan City, Guangdong Province, China",Chinese Mainland,,,,
"Zhongshan Xiaoya Lighting Co., Ltd",https://sourcing.hktdc.com/en/Supplier-Store/Profile/Zhongshan-Xiaoya-Lighting-Co-Ltd/1S00P5R16,extracted,,Chinese Mainland,,,,,zong chen,"2f, zhongshan, guangdong, china",Chinese Mainland,,,,
"Zhongshan Xin Jie Lighting Appliance Co.,Itd",https://sourcing.hktdc.com/en/Supplier-Store/Profile/Zhongshan-Xin-Jie-Lighting-Appliance-Co-Itd/1S00PC90R,extracted,,Chinese Mainland,,,,,Mr allen Huang,,Chinese Mainland,,,,
Zhongshan Xinghe Lighting Limited Company,https://sourcing.hktdc.com/en/Supplier-Store/Profile/Zhongshan-Xinghe-Lighting-Limited-Company/1S00PEK6Y,extracted,,Chinese Mainland,,,,,Mr Baohu Lee,,Chinese Mainland,,,,
"Zhongshan Xinye Hardware Products Co.,LTD.",https://sourcing.hktdc.com/en/Supplier-Store/Profile/Zhongshan-Xinye-Hardware-Products-Co-LTD-/1S00PEIEC,extracted,,Chinese Mainland,,,,,Deng Maocheng,"Block 2, 1/F, No.14, North Beihai Rd, GuZhen Town, ZhongShan City, GuangDong Province, China",Chinese Mainland,,,G.M,
"Zhongshan Yadi Lighting Co., Ltd.",https://sourcing.hktdc.com/en/Supplier-Store/Profile/Zhongshan-Yadi-Lighting-Co-Ltd-/1X00KSSW,extracted,Manufacturer,"Zhongshan, Guangdong, Chinese Mainland",2005,"Environmental Protection , Lights","Africa, Central & South America, Eastern Europe, North America, Other Asian Countries, Scandinavia, Southeast Asia, Western Europe",YADI,Miss Vivi Tang,"Xinfeng Industrial Area, Henglan, Zhongshan City, Guangdong Province, China",Chinese Mainland,201 - 500,"US$ 1,000,000 - 4,999,999",Sales person,
"Zhongshan Yi Qin Electronic Technology Co., Ltd.",https://sourcing.hktdc.com/en/Supplier-Store/Profile/Zhongshan-Yi-Qin-Electronic-Technology-Co-Ltd-/1X0AD14T,extracted,"Exporter, Manufacturer","Zhongshan, Guangdong, Chinese Mainland",,Lights,,,Ms Yuanling Zhu,"Sansha, Henglan Town, Zhongshan City, Guangdong Province, China",Chinese Mainland,,,,
"Zhongshan Yibang Lighting Appliance Co., Ltd",https://sourcing.hktdc.com/en/Supplier-Store/Profile/Zhongshan-Yibang-Lighting-Appliance-Co-Ltd/1S00ONW04,extracted,,Chinese Mainland,,,,,Hengbang Zhang,"Buliding 1,NO.3, Nanfeng 2nd street, Guzhen Town, Zhongshan City, China",Chinese Mainland,,,General manager,
Zhongshan Yingz Lighting Company Limited,https://sourcing.hktdc.com/en/Supplier-Store/Profile/Zhongshan-Yingz-Lighting-Company-Limited/1S00PEPWN,extracted,,Chinese Mainland,,,,,LIN Connie,"Area 3 , 2nd Floor,  Block 2 NO.13 Shuncheng Yi Ro Gu Er Shuncheng Industrial Park, Guzhen Town, Zhongshan City",Chinese Mainland,,,,
"Zhongshan Yozi Electric Application Co.,Ltd",https://sourcing.hktdc.com/en/Supplier-Store/Profile/Zhongshan-Yozi-Electric-Application-Co-Ltd/1S00PF50V,extracted,,Chinese Mainland,,,,,xiansheng wang,"4th Floor, Building 2,No.87 Dongbaobei Road, Shengfeng Community,Xiaolan Town,Zhongshan City, Guangdong Province, China",Chinese Mainland,,,,
"Zhongshan Yuncheng Aluminum Co., Ltd",https://sourcing.hktdc.com/en/Supplier-Store/Profile/Zhongshan-Yuncheng-Aluminum-Co-Ltd/1S00PEPZE,extracted,,Chinese Mainland,,,,,Alice Zhong,"No. 80 Zhongxing Avenue Middle, Guzhen Town",Chinese Mainland,,,,
"Zhongshan Yunshi Lighting Co., Ltd",https://sourcing.hktdc.com/en/Supplier-Store/Profile/Zhongshan-Yunshi-Lighting-Co-Ltd/1S00PES5T,extracted,,Chinese Mainland,,,,,Miss cui jingpiao,,Chinese Mainland,,,,
"Zhongshan kooman energy-saving Technology Co.,LTD",https://sourcing.hktdc.com/en/Supplier-Store/Profile/Zhongshan-Kooman-Energy-saving-Technology-Co-LTD/1S00OLVO5,extracted,,Chinese Mainland,,,,,TONY LIU,,Chinese Mainland,,,,
"Zhongshan TECO Lighting Co.,Ltd",https://sourcing.hktdc.com/en/Supplier-Store/Profile/Zhongshan-Teco-Lighting-Co-Ltd/1X0AEAX9,extracted,,Chinese Mainland,,"Environmental Protection , Lights",,,Hanping Zhai,"3rd Floor, No.6 Yongyi Road, Yongxing Industrial Zone, Henglan Town, Zhongshan City, Guangdong Province, china",Chinese Mainland,,,MANAGER,
"Zhuhai HEM Lighting Co.,Ltd.",https://sourcing.hktdc.com/en/Supplier-Store/Profile/Zhuhai-HEM-Lighting-Co-Ltd-/1S00PEY2W,extracted,,Chinese Mainland,,,,,Yunjiu Geng,"No. 13, Zhufeng Avenue, Jing' an Town, Doumen District, Zhuhai City, Guangdong Province, China Mainland",Chinese Mainland,,,General Manager,
"zhongshan city longer photo electric co,; LTD",https://sourcing.hktdc.com/en/Supplier-Store/Profile/zhongshan-city-longer-photo-electric-co-LTD/1S00PEHFA,extracted,,Chinese Mainland,,,,,Mr thomas wu,,Chinese Mainland,,,,
"Able Two International Co., Limited",https://sourcing.hktdc.com/en/Supplier-Store/Profile/Able-Two-International-Co-Limited/1X0APWWG,extracted,,Hong Kong,,"Consumer Electronics , Telecommunication",,,Jack He,"Flat 6, 12/F, Cheuk Nang Centre, No. 9 Hillwood Rd, TST, Hong Kong",Hong Kong,,,,
"Adision Lighting (HK) Co., Limited",https://sourcing.hktdc.com/en/Supplier-Store/Profile/Adision-Lighting-HK-Co-Limited/1X09YT0L,extracted,"Exporter, Manufacturer",Hong Kong,2009,Lights,North America,,Mr Jack Chen,"704, 7/F Bright Way Tower, 33 Mong Kok Road, Mong Kok, Hong Kong",Hong Kong,,,,
Best Trend Capital Investment Limited,https://sourcing.hktdc.com/en/Supplier-Store/Profile/Best-Trend-Capital-Investment-Limited/1S00OGTMD,extracted,,Hong Kong,,,,,Wendy Lau,"Unit 44, 4/Fm Yau Lee Centre, Hoi Yuen Road No. 45, Kowloon Tong, Kowloon, Hong Kong",Hong Kong,,,,
Brilliance Hong Kong Company,https://sourcing.hktdc.com/en/Supplier-Store/Profile/Brilliance-Hong-Kong-Company/1X09YE5P,extracted,,Hong Kong,,"Environmental Protection , Lights",,,Eric Cheung,"Flat 912, 9/F., Yau Tong Industrial City, 17 Ko Fai Road, Yau Tong, Kowloon, Hong Kong",Hong Kong,,,Marketing Manager,
"COS Group Co., Limited",https://sourcing.hktdc.com/en/Supplier-Store/Profile/COS-Group-Co-Limited/1S00ORC66,extracted,,Hong Kong,,,,,Selina Xu,"Unit 13B, 9/F, Ocean Ctr, 5 Canton Rd, Tsim Sha Tsui, Kowloon, Hong Kong",Hong Kong,,,,
"Emousky Technology Co., Limited",https://sourcing.hktdc.com/en/Supplier-Store/Profile/Emousky-Technology-Co-Limited/1X0AAPDK,extracted,,Hong Kong,,"Consumer Electronics , Gifts, Toys & Sports Supplies , Health Care & Medical Supplies , Health, Beauty and Baby Care , Personal Care , Telecommunication , Toy Vehicles",,,Katy Wen,"Unit 1, 10/F, New Hennessy Twr, 263 Hennessy Rd, Wan Chai, Hong Kong",Hong Kong,,,,
Genomic Nantijen Diagnostics Limited,https://sourcing.hktdc.com/en/Supplier-Store/Profile/Genomic-Nantijen-Diagnostics-Ltd/1X06VX54,extracted,Manufacturer,"Dongguan, Guangdong, Chinese Mainland",1997,,Chinese Mainland,,Mr Quince Law,東莞市橋頭鎮橋光大道三正步行街8號,Chinese Mainland,,,,
Gotto Home Company,https://sourcing.hktdc.com/en/Supplier-Store/Profile/Gotto-Home-Company-/1S00O5QMG,extracted,,Hong Kong,,Lights,,,Ms Hua Long,,Hong Kong,,,,
"Hong Kong Richso Electronic Co., Limited",https://sourcing.hktdc.com/en/Supplier-Store/Profile/Hong-Kong-Richso-Electronic-Co-Ltd/1X0994WS,extracted,,Hong Kong,,"Lights , Toy Vehicles",,,Lily Tang,"Rms 1318-19, Hollywood Plaza 610 Nathan Rd, Mongkok, Hong Kong",Hong Kong,,,,
"Seago Electric Co., Limited",https://sourcing.hktdc.com/en/Supplier-Store/Profile/Seago-Electric-Co-Limited/1X0F0A60,extracted,,Hong Kong,,,,,Mr Leon Wei,"Unit 8, 3/F Chevalier Hse 45-51 Chatham Rd S Tsim Sha Tsui, Kowloon, Hong Kong",Hong Kong,,,,
The Next Big Thing Limited,https://sourcing.hktdc.com/en/Supplier-Store/Profile/The-Next-Big-Thing-Limited/1S00O0CU6,extracted,,Hong Kong,,,,,Penny Yau,"Unit 902B, 9/F, Benson Tower, 74 Hung To Road, Kwun Tong, Hong Kong",Hong Kong,,,,
Unicorn Creative Limited,https://sourcing.hktdc.com/en/Supplier-Store/Profile/Unicorn-Creative-Limited/1S00OCWKG,extracted,,Hong Kong,,,,,Mr Penny Yau,,Hong Kong,,,,
Vast China International Enterprise Limited,https://sourcing.hktdc.com/en/Supplier-Store/Profile/Vast-China-International-Enterprise-Limited/1X084QN7,extracted,Manufacturer,Hong Kong,,"Environmental Protection , Lights",,,Wendy Qiu,"Unit C, 15/F, Full Win Commercial Centre, 573 Nathan Road, Mongkok, Kowloon, Hong Kong",Hong Kong,,,,
"Youlumi (HK) Co, Ltd.",https://sourcing.hktdc.com/en/Supplier-Store/Profile/Youlumi-HK-Co-Ltd-/1X09SXXC,extracted,,Hong Kong,,"Lights , Personal Care",,,Soler Wu,"Unit 04, 7/F, Bright Way Tower, No. 33 Mong Kok Road, Kowloon, Hong Kong",Hong Kong,,,,
"Foshan Yuedeng Light Technology Co., Ltd.",https://sourcing.hktdc.com/en/Supplier-Store/Profile/Foshan-Yuedeng-Light-Technology-Co-Ltd/1S00NMVST,extracted,,Chinese Mainland,,,,,Ms Liqun Che,,Chinese Mainland,,,,
"Guangdong BYOND Lighting Co., Ltd.",https://sourcing.hktdc.com/en/Supplier-Store/Profile/Guangdong-BYOND-Lighting-Co-Ltd-/1S00OWFFC,extracted,,Chinese Mainland,,,,,Mr Michael Chen,,Chinese Mainland,,,,
"Guangdong IHome Lighting Technology Co.,Ltd",https://sourcing.hktdc.com/en/Supplier-Store/Profile/Guangdong-IHome-Lighting-Technology-Co-Ltd/1S00OTMS2,extracted,,Chinese Mainland,,,,,Liang Kerry,"#10,Yongxing North Rd, Yongxing Industrial Area, Zhongshan,Guangdong P.R.C, China",Chinese Mainland,,,,
"Guangdong Ojun Technology Co., Ltd.",https://sourcing.hktdc.com/en/Supplier-Store/Profile/Guangdong-Ojun-Technology-Co-Ltd/1S00NY26G,extracted,,Chinese Mainland,,Lights,,,Vivian -,"No.7 Nanbian Road, Changjiao Xingtan, Shunde Foshan, Guangdong China",Chinese Mainland,,,,
"Hangzhou Baoshan Electronic Co., Ltd.",https://sourcing.hktdc.com/en/Supplier-Store/Profile/Hangzhou-Baoshan-Electronic-Co-Ltd/1X042QWY,extracted,"Exporter, Manufacturer","Baoshan, Yunnan, Chinese Mainland",,"Environmental Protection , Lights",,,Mr Leon Si,"No.50,Tongyun Road, Gouzhuang ,Liangzhu Town, Yuhang District, Hangzhou,China",Chinese Mainland,,,Sales Manager,
"Huizhou Modian Electronic Technology Co., Ltd.",https://sourcing.hktdc.com/en/Supplier-Store/Profile/Huizhou-Modian-Electronic-Technology-Co-Ltd-/1S00P2RO9,extracted,,Chinese Mainland,,,,,Adam Lau,516005 中國廣東省惠州市 水口街道水青路1號 聯東U谷1號廠房12樓1202,Chinese Mainland,,,,
"Jiangmen JJH Lighting Tech Co., Ltd.",https://sourcing.hktdc.com/en/Supplier-Store/Profile/JIANGMEN-JJH-LIGHTING-TECH-CO-LTD/1S00P15RM,extracted,,Chinese Mainland,,,,,Miss Iris Liu,,Chinese Mainland,,,,
"Sunc Solar Co., Ltd",https://sourcing.hktdc.com/en/Supplier-Store/Profile/Sunc-Solar-Co-Ltd/1S00PBBW1,extracted,,Chinese Mainland,,,,,Tim Su,"5/F, No.35, Minghui Road, Jianghai District, Jiangmen City, Guangdong, 529000, China",Chinese Mainland,,,sales,
"Yuyao Sineyi Electronic Technology Co., Ltd",https://sourcing.hktdc.com/en/Supplier-Store/Profile/Yuyao-Sineyi-Electronic-Technology-Co-Ltd-/1X06U73C,extracted,,Chinese Mainland,,Lights,,,Taoying Xing,"No.47 Yujia,Kangshan Village, Yangming Street, Yuyao, Zhejiang,China",Chinese Mainland,,,Manager,
"ZheJiang HuaTai Electronics Co., Ltd.",https://sourcing.hktdc.com/en/Supplier-Store/Profile/Zhejiang-Huatai-Electronics-Co-Ltd-/1S00OYIYO,extracted,,Chinese Mainland,,,,,Sharon Zhang,325005 中國浙江省溫州市 甌海區婁橋上匯工業區 中匯路281號,Chinese Mainland,,,Sales Manager,
"Zhongshan Guangmei Lighting Technology Co., Ltd.",https://sourcing.hktdc.com/en/Supplier-Store/Profile/Zhongshan-Guangmei-Lighting-Technology-Co-Ltd-/1S00PCUMC,extracted,Distributor,"Zhongshan, Guangdong, Chinese Mainland",,,,,Mr Felix Feng,"No. 36, Lefeng 6th Road, Henglan Town, Zhongshan, Guangdong, China",Chinese Mainland,,,,
"Zhongshan Naitele Lighting Co., Ltd",https://sourcing.hktdc.com/en/Supplier-Store/Profile/Zhongshan-Naitele-Lighting-Co-Ltd/1S00PA91O,extracted,,Chinese Mainland,,Lights,,,Huang Miracle,"Yongxing Industrial Zone, No.1 Yongxing North Road, Henglan Town, Zhongshan, China",Chinese Mainland,,,,
"Dongguan Bogao Silicone Products Co., Limited",https://sourcing.hktdc.com/en/Supplier-Store/Profile/Dongguan-Bogao-Silicone-Products-Co-Limited/1X0B3KRL,extracted,,Hong Kong,,,,,Jason Xu,"Rm. 1502-A, Easey Comm. Bldg., 253-261 Hennessy Rd., Wanchai, Hong Kong",Hong Kong,,,,
G&G HK Ltd,https://sourcing.hktdc.com/en/Supplier-Store/Profile/G-G-HK-Ltd/1S00PF6FL,extracted,,Hong Kong,,"Environmental Protection , Lights",,,danny chun,"Room A7,Star House 12 Floor, No.34 Ashley Road, Tsim Sha Tsui,Kowloon, Hongkong",Hong Kong,,,chief sourcing officer,
Gloriosus Belts & Webbing Tapes Factory Limited,https://sourcing.hktdc.com/en/Supplier-Store/Profile/Gloriosus-Belts-Webbing-Tapes-Factory-Ltd/1X06Z1AN,extracted,"Manufacturer, Others, Retailer, Wholesaler",Hong Kong,1973,"Clothing/ Garments , Fashion Accessories , Fashion, Eyewear & Accessories , Shoes & Accessories",,,Ms Susanna Chiu,"G/Floor;  No.28 Nam Cheong Street Sham Shui Po, Kowloon  Hong Kong",Hong Kong,,,Manager,
Hong Kong A.A. Electronics Limited,https://sourcing.hktdc.com/en/Supplier-Store/Profile/HONG-KONG-A-A-ELECTRONICS-LIMITED/1S00OXRNC,extracted,,Hong Kong,,,,,Miss KRISTY AU,,Hong Kong,,,,
MLM Lighting Limited,https://sourcing.hktdc.com/en/Supplier-Store/Profile/MLM-Lighting-Limited/1S00OXW5P,extracted,,Hong Kong,,,,,Heidi He,,Hong Kong,,,,
Megalite International Limited,https://sourcing.hktdc.com/en/Supplier-Store/Profile/megalite-international-limited/1S00P5JEB,extracted,,Hong Kong,,,,,Mr Jeeson Zhao,,Hong Kong,,,,
Ocean Plastic Advertising Co,https://sourcing.hktdc.com/en/Supplier-Store/Profile/Ocean-Plastic-Advertising-co/1S00OCDI5,extracted,,Hong Kong,,,,,Mr John Ng,,Hong Kong,,,,
Saco Lighting Limited,https://sourcing.hktdc.com/en/Supplier-Store/Profile/SACO-LIGHTING-LIMITED/1X0916MW,extracted,Manufacturer,Hong Kong,,"Environmental Protection , Lights",,,Mr sam lin,"Rm. 1103, Hang Seng Mongkok Bldg., 677 Nathan Rd.,",Hong Kong,,,,
Smart House Telecom Group Limited,https://sourcing.hktdc.com/en/Supplier-Store/Profile/SMART-HOUSE-TELECOM-GROUP-LIMITED/1S00OEJ0H,extracted,,Hong Kong,,,,,Ms May Ho,,Hong Kong,,,,
"Sound Pulse Technology Co., Limited",https://sourcing.hktdc.com/en/Supplier-Store/Profile/Vingers-Technology-Co-Limited/1X0AWRGB,extracted,,Hong Kong,,Consumer Electronics,,,Lydia Chan,"Room 1405, 14/F, Lucky Centre, 165 Wanchai Road, Wanchai, Hong Kong",Hong Kong,,,,
Sunrise High Tech New Material Company,https://sourcing.hktdc.com/en/Supplier-Store/Profile/Sunrise-High-Tech-New-Material-Company/1S00OSYGQ,extracted,,Hong Kong,,Lights,,,Binglu Zhang,"Rm.517, New City Centre, 2 Lei Yue Man Rd, Kwun Tong, Kln, Hong Kong",Hong Kong,,,Sales Manager,
Yue Hing Video & Audio Co. Limited,https://sourcing.hktdc.com/en/Supplier-Store/Profile/Yue-Hing-Video-Audio-Co-Limited/1S00OC8SG,extracted,,Hong Kong,,,,,James Cheung,"G/F, 241 Apliu Street, Sham Shui Po, Kowloon, Hong Kong",Hong Kong,,,,
"Zhongshan Lbt Lighting Co., Limited",https://sourcing.hktdc.com/en/Supplier-Store/Profile/ZHONGSHAN-LBT-LIGHTING-CO-LIMITED/1X0AO9IR,extracted,,Hong Kong,,,,,Vivian Yan,"Rm1703-1707, Hollywood Centre, No.610 Nathan Road, Mong Kok, Kowloon, Hong Kong",Hong Kong,,,,
"Argo home Co., Ltd.",https://sourcing.hktdc.com/en/Supplier-Store/Profile/Argo-home-Co-Ltd-/1S00P96OU,extracted,,Chinese Mainland,,,,,Miss Maisy Chiao,,Chinese Mainland,,,,
Atatech Electronics Limited,https://sourcing.hktdc.com/en/Supplier-Store/Profile/Atatech-Electronics-Limited/1S00P5LYL,extracted,,Chinese Mainland,,,,,Harry Xiong,"Floor 7, Building 2, Tonghu Intelligent Manufactur Industrial Park,Yingguang Village, Lilin Town, Zho High-tech Zone, Huizhou, Guangdong, China",Chinese Mainland,,,,
"BYL Lighting Co., Limited",https://sourcing.hktdc.com/en/Supplier-Store/Profile/BYL-LIGHTING-CO-LIMITED/1S00OBATB,extracted,,Chinese Mainland,,Lights,,,Ms QIN CHEN,,Chinese Mainland,,,,
Boundless Furniture Fittings,https://sourcing.hktdc.com/en/Supplier-Store/Profile/BOUNDLESS-FURNITURE-FITTINGS/1S00P6BNS,extracted,,Chinese Mainland,,,,,Ms Recol tu,,Chinese Mainland,,,,
"Cixi City Shiqiong Electric Appliance Co., Ltd",https://sourcing.hktdc.com/en/Supplier-Store/Profile/cixi-city-shiqiong-electric-appliance-co-ltd/1S00O5CQI,extracted,,Chinese Mainland,,,,,Miss shiqiong shen,,Chinese Mainland,,,,
Dongguan Apollo Precision Electronic Co. Ltd.,https://sourcing.hktdc.com/en/Supplier-Store/Profile/Dongguan-Apollo-Precision-Electronic-Co-Ltd-/1S00P5T21,extracted,,Chinese Mainland,,"Parts, Components & Electrical Supplies , Parts, Electrical Electronic Supplies",,,CHEN LIQING,"Building 6-110, No.16 Lihai Middle Road, Shatian Town, Dongguan, Guangdong, China",Chinese Mainland,,,,
"Dongguan Excellent Speed ElectronicTechnology co., Ltd.",https://sourcing.hktdc.com/en/Supplier-Store/Profile/Dongguan-Excellent-Speed-ElectronicTechnology-co-Ltd-/1S00P5RJO,extracted,,Chinese Mainland,,,,,wu Excel,"No.5, Ge Tian Road, Zeng Tian Industrial Zone, chang'an Town, Dongguan City",Chinese Mainland,,,,
"Dongguan Sunjie Technology Co., Ltd",https://sourcing.hktdc.com/en/Supplier-Store/Profile/Dongguan-Sunjie-Technology-Co-Ltd/1S00P9U8I,extracted,,Chinese Mainland,,,,,kevin nie,"Huangcaolang, Dalang Town, Dongguan City, Guangdon Room 401, No. 69, Dongsheng Road,",Chinese Mainland,,,Sales Manager,
"Foshan Poulson Lux Co., Ltd.",https://sourcing.hktdc.com/en/Supplier-Store/Profile/FOSHAN-POULSON-LUX-CO-LTD-/1S00OXEPJ,extracted,,Chinese Mainland,,,,,Ms CANDY WU,,Chinese Mainland,,,,
"FoShan ShunDe Zhenghe Electrical Co., Ltd.",https://sourcing.hktdc.com/en/Supplier-Store/Profile/Fo-Shan-Shun-De-Zhenghe-Electrical-Co-Ltd-/1S00P0PYH,extracted,,Chinese Mainland,,"Building Materials & Supplies , Environmental Protection , Home Appliances , Homeware & Lifestyle Essentials , Lights",,,Lixuan Kong,"NO.7-1, ZHONGCHONG INDUSTRIL AREA, LELIU TOWN, SHUNDE DISTRICT, FOSHAN CITY, GUANGDONG, CHINA",Chinese Mainland,,,,
"Foshan City Gezheng Power Supply Technology Co., Ltd.",https://sourcing.hktdc.com/en/Supplier-Store/Profile/Foshan-City-Gezheng-Power-Supply-Technology-Co-Ltd/1S00NKMYK,extracted,,Chinese Mainland,,,,,Alex Hu,"No.7, Shiliang road, Jizhou, Shunde district, Foshan City, Guangdong Province, China",Chinese Mainland,,,Sales manager,
"Foshan Hongguang Lighting Accessories Co., Ltd.",https://sourcing.hktdc.com/en/Supplier-Store/Profile/Foshan-Hongguang-Lighting-Accessories-Co-Ltd/1S00OJABT,extracted,,Chinese Mainland,,Lights,,,Qianhe Guo,,Chinese Mainland,,,,
Foshan Litek Technology Development Company Limited,https://sourcing.hktdc.com/en/Supplier-Store/Profile/Foshan-Litek-Technology-Development-Company-Limited/1S00OAN5Y,extracted,,Chinese Mainland,,,,,Ms Jiaping xian,,Chinese Mainland,,,,
"Foshan MerrySun Technology Co.,Ltd.",https://sourcing.hktdc.com/en/Supplier-Store/Profile/Foshan-MerrySun-Technology-Co-Ltd-/1S00P40A6,extracted,,Chinese Mainland,,,,,Ms Gloria Chen,,Chinese Mainland,,,,
"Foshan Nanhai Hengchuang Plastics Co., Ltd",https://sourcing.hktdc.com/en/Supplier-Store/Profile/Foshan-Nanhai-Hengchuang-Plastics-Co-Ltd/1S00OJBNS,extracted,,Chinese Mainland,,Lights,,,Shuwen Ye,,Chinese Mainland,,,,
"Foshan Nanhai Xianghui Lighting Accessories Co., Ltd.",https://sourcing.hktdc.com/en/Supplier-Store/Profile/Foshan-Nanhai-Xianghui-Lighting-Accessories-Co-Ltd-/1S00OYTIP,extracted,,Chinese Mainland,,Environmental Protection,,,Mr FengShi Tang,,Chinese Mainland,,,,
"Fuzhou Siliontop Technology Co., Ltd",https://sourcing.hktdc.com/en/Supplier-Store/Profile/FUZHOU-SILIONTOP-TECHNOLOGY-CO-LTD/1S00O616H,extracted,,Chinese Mainland,,,,,Mr kenny zhang,,Chinese Mainland,,,,
"Guangdong Dingying Lighting Technology Co.,Ltd",https://sourcing.hktdc.com/en/Supplier-Store/Profile/Guangdong-Dingying-Lighting-Technology-Co-Ltd/1S00P7CH9,extracted,,Chinese Mainland,,,,,wu Edwin,"Card 7015, 7th Floor, Area A, Lihe Dengbo Center, No.101, Tongxing Road, Guzhen Town, Zhongshan City, Guangdong, China",Chinese Mainland,,,,
"Guangdong Jiuzhou Lighting Co., Ltd.",https://sourcing.hktdc.com/en/Supplier-Store/Profile/Guangdong-Jiuzhou-Lighting-Co-Ltd-/1S00P9VN8,extracted,,Chinese Mainland,,,,,zong wang,"4/F, No. 285 Longxi Road, Jiangmen, Guangdong, China",Chinese Mainland,,,,
"Guangdong Ruidisong Technology Co., Ltd.",https://sourcing.hktdc.com/en/Supplier-Store/Profile/Guangdong-Ruidisong-Technology-Co-Ltd-/1S00OJNPA,extracted,,Chinese Mainland,,Lights,,,Miss Antong Huang,,Chinese Mainland,,,,
"Guangdong Shunde Liangci Electric Co., Ltd.",https://sourcing.hktdc.com/en/Supplier-Store/Profile/Guangdong-Shunde-Liangci-Electric-Co-Ltd/1X0AQCS8,extracted,,Chinese Mainland,,"Consumer Electronics , Home Appliances",,,Winnie Lee,"No.2 Lane 6, East of Jiangyi Avenue, Leliu town, Shunde ,Foshan, Guangdong, China",Chinese Mainland,,,,
"Guangdong Shunde Sankey Electronic Technology Co., Ltd.",https://sourcing.hktdc.com/en/Supplier-Store/Profile/GUANGDONG-SHUNDE-SANKEY-ELECTRONIC-TECHNOLOGY-CO-LTD/1S00ONI8U,extracted,,Chinese Mainland,,"Lights , Parts, Components & Electrical Supplies , Parts, Components & Raw Materials , Parts, Electrical Electronic Supplies",,,Water Yang,,Chinese Mainland,,,,
"Guangzhou PEZO illumination Co., Ltd.",https://sourcing.hktdc.com/en/Supplier-Store/Profile/Guangzhou-PEZO-ilumination-Co-Ltd/1S00P8WHP,extracted,,Chinese Mainland,,,,,Miss rui Guangzhou PEZO ilumination Co.,,Chinese Mainland,,,,
"Guangzhou Sunshine Intelligent Technology Co., Ltd.",https://sourcing.hktdc.com/en/Supplier-Store/Profile/Guangzhou-Sunshine-Intelligent-Technology-Co-Ltd-/1S00OKEV1,extracted,,Chinese Mainland,,,,,_ Shi,"Room 3104, Onelink International Plaza, No.39, Jiefangnan Road, Yuexiu District, Guangzhou, Guangdong, China",Chinese Mainland,,,,
Hangzhou Ruilun Import & Export Co Ltd,https://sourcing.hktdc.com/en/Supplier-Store/Profile/Hangzhou-Ruilun-Import-Export-Co-Ltd/1S00PARLI,extracted,,Chinese Mainland,,,,,Chen Chen,"Room26002 Yuejiang Business Center,No.857 Chengxin",Chinese Mainland,,,,
"Huizhou Raymates Electronic Co., Ltd.",https://sourcing.hktdc.com/en/Supplier-Store/Profile/Huizhou-Raymates-Electronic-Co-Ltd-/1S00P9RUR,extracted,,Chinese Mainland,,,,,NVSHI Zeng,"Room 516, 5th Floor, Building B1, Haiyan Green Isl No. 108 Dongping Section, Huizhou Avenue, Huicheng District, Huizhou City, Guangdong, China",Chinese Mainland,,,,
"Huizhou Topband Electrical Technology Co., Ltd.",https://sourcing.hktdc.com/en/Supplier-Store/Profile/Huizhou-Topband-Electrical-Technology-Co-Ltd/1S00OBRTU,extracted,,Chinese Mainland,,,,,Yan Weijuan,"No.113,Dongxin Road,Dongjiang High-tech Park Zhong High-tech District,Huizhou,Guangdong Provice ,Chin",Chinese Mainland,,,,
"JiangMen Zenith Technology Co., Ltd",https://sourcing.hktdc.com/en/Supplier-Store/Profile/JiangMen-Zenith-Technology-Co-Ltd/1S00OTZRS,extracted,,Chinese Mainland,,,,,Wang John,"3F, Building B03, Phase 2, Wanyang Zhongchuang City, Hetang, China",Chinese Mainland,,,,
"Jiangmen Inbright Lighting Co.,Ltd",https://sourcing.hktdc.com/en/Supplier-Store/Profile/Jiangmen-Inbright-Lighting-Co-Ltd-/1S00OJBMV,extracted,,Chinese Mainland,,,,,ZHENGCHENG ZHU,"8F Building 2, No.442, Wuyi Road Jianghai District Jiangmen City, Guangdong China",Chinese Mainland,,,GM,
"Jiaxing Brothers Hardware Co., Ltd",https://sourcing.hktdc.com/en/Supplier-Store/Profile/Jiaxing-Brothers-Hardware-Co-Ltd/1S00OV8HD,extracted,,Chinese Mainland,,,,,Mr Jiayao Du,,Chinese Mainland,,,,
Leizhongshan Electric Appliance Co Ltd,https://sourcing.hktdc.com/en/Supplier-Store/Profile/Leizhongshan-Electric-Appliance-Co-Ltd/1S00OIG0K,extracted,,Chinese Mainland,,"Building Materials & Supplies , Consumer Electronics , Home Appliances , Lights",,,Mr weifeng he,,Chinese Mainland,,,,
"Linhai Noshado Industrial and Trading Co., Ltd.",https://sourcing.hktdc.com/en/Supplier-Store/Profile/Linhai-Noshado-Industrial-And-Trading-Co-Ltd/1X0AQOQA,extracted,,Chinese Mainland,,Lights,,,Caifei Lin,"BUILDING A1 NO.7, QINGHUA ROAD, LINHAI CITY ZHEJIANG",Chinese Mainland,,,,
Linyi Chenxing Arts & Crafts Co Ltd,https://sourcing.hktdc.com/en/Supplier-Store/Profile/Linyi-Chenxing-Arts-Crafts-Co-Ltd/1S00PAV6N,extracted,,Chinese Mainland,,Lights,,,LI JUNCHEN,"Jiajiazhai Village, Zhengwang Town, Hedong Distric",Chinese Mainland,,,,
Mascuge Products Co Ltd,https://sourcing.hktdc.com/en/Supplier-Store/Profile/Mascuge-Products-Co-Ltd/1X0932YW,extracted,,Chinese Mainland,,"Home Products, Lights & Constructions , Homeware & Lifestyle Essentials",,,Paul Wu,"315010, B9,12 Floor,138 North Jiefang Road, Haishu District, Ningbo Zhejiang China",Chinese Mainland,,,Sales Director,
"Meilian Lighting & Electric Appliances Co., Ltd.",https://sourcing.hktdc.com/en/Supplier-Store/Profile/Zhongshan-Guzhen-Mei-Lian-Lighting/1X00K67B,extracted,"Exporter, Manufacturer","Zhongshan, Guangdong, Chinese Mainland",,Lights,,,Mr Rong Kun Ou,"Caoer Section, Xinxing Road, Guzhen Town, 528421, Zhongshan, China",Chinese Mainland,,,GM,
"Ningbo Beslight Imp.& Exp.Co., LTD.",https://sourcing.hktdc.com/en/Supplier-Store/Profile/Ningbo-Beslight-Imp-Exp-Co-LTD-/1S00OUP8N,extracted,,Chinese Mainland,,,,,Meijia Mao,"No.239, Wangshan Road, Jiangbei District, Ningbo, China",Chinese Mainland,,,,
"Ningbo Cosmos Lighting Co., Ltd.",https://sourcing.hktdc.com/en/Supplier-Store/Profile/Ningbo-Cosmos-Lighting-Co-Ltd-/1S00OHXN6,extracted,,Chinese Mainland,,,,,Chaochao Ren,"No.9 Anda Road, Yuyao, China",Chinese Mainland,,,,
"Ningbo Doubulb Lighting Co.,ltd",https://sourcing.hktdc.com/en/Supplier-Store/Profile/NINGBO-DOUBULB-LIGHTING-CO-LTD/1X0ADFZS,extracted,Exporter,"Ningbo, Zhejiang, Chinese Mainland",,,Worldwide,,Ms Luna Chen,"Office Add: Rm 303, Zhenru International Center A building, 6#,NO.  209 Northern section of Huancheng West Road Ningbo Zhejiang, China",Chinese Mainland,51 - 100,,,
"Ningbo Lander International Trade Co., Ltd.",https://sourcing.hktdc.com/en/Supplier-Store/Profile/Ningbo-Lander-International-Trade-Co-Ltd-/1S00OMMUW,extracted,,Chinese Mainland,,,,,Qing Zheng,"904 Haoru Building, 468 Taikang Zhong Road, Ningbo, China",Chinese Mainland,,,,
"Ningbo Ou Yimei Home Lighting Co., Ltd.",https://sourcing.hktdc.com/en/Supplier-Store/Profile/Ningbo-Ou-Yimei-Home-Lighting-Co-Ltd/1S00O9H2D,extracted,,Chinese Mainland,,,,,Jiangcheng Li,"No.899 Tonghui Road, Jiangbei District, Ningbo City, China",Chinese Mainland,,,,
Poria International (S) Pte. Ltd.,https://sourcing.hktdc.com/en/Supplier-Store/Profile/Poria-International-S-Pte-Ltd-/1X0AIJJW,extracted,,Singapore,,"Home Products, Lights & Constructions , Homeware & Lifestyle Essentials",,,Iris Li Zhimin,"625 aljunied road, #06-05",Singapore,,,,
"Shantou Haowangda Electric Appliance Co.,Ltd",https://sourcing.hktdc.com/en/Supplier-Store/Profile/Shantou-Haowangda-Electric-Appliance-Co-Ltd/1S00P0HU1,extracted,,Chinese Mainland,,,,,Miss Wendy Chen,,Chinese Mainland,,,,
"Shenzhen Jingyuxin Lighting Technology Co., Ltd.",https://sourcing.hktdc.com/en/Supplier-Store/Profile/Shenzhen-Jingyuxin-Lighting-Technology-Co-Ltd/1X09Z72D,extracted,,Chinese Mainland,,"Environmental Protection , Lights",,,Qingjuan Kong,"2nd Floor, Bl4, Heping Junfeng Industrial Area Fuyong Town, Shenzhen City Guangdong Province China",Chinese Mainland,,,Sales Manager,
"Shenzhen ShengBaoNa Technology CO.,LTD.",https://sourcing.hktdc.com/en/Supplier-Store/Profile/Shenzhen-ShengBaoNa-Technology-CO-LTD-/1S00OYGH5,extracted,,Chinese Mainland,,,,,Mr Jinkjun Liu,,Chinese Mainland,,,,
"Vison Light Source Co., Ltd. (Ningbo Free Trade Zone)",https://sourcing.hktdc.com/en/Supplier-Store/Profile/Vison-Light-Source-Co-Ltd-Ningbo-Free-Trade-Zone-/1X0AXVPQ,extracted,,Chinese Mainland,,"Environmental Protection , Lights",,,HAIHONG LIN,"9FL/ 9A14, Hualian Building, No 55 Dongdu road, Ni",Chinese Mainland,,,General manager,
Vogue Lighting,https://sourcing.hktdc.com/en/Supplier-Store/Profile/Vogue-Lighting/1X0ADPKD,extracted,,Chinese Mainland,,Lights,,,Henry Lee,,Chinese Mainland,,,Sales Manager,
"Waltek Testing Group (Foshan) Co., Ltd.",https://sourcing.hktdc.com/en/Supplier-Store/Profile/Waltek-Testing-Group-Foshan-Co-Ltd-/1S00P2T3Y,extracted,,Chinese Mainland,,,,,Sophie Su,"2/F,2nd Building, Sunlink International Machinery City,Chencun own, Shunde District, Foshan 528313,Guangdong,China.",Chinese Mainland,,,Manager,
"Yancheng Jingxin Glassware Co., Ltd.",https://sourcing.hktdc.com/en/Supplier-Store/Profile/YANCHENG-JINGXIN-GLASSWARE-CO-LTD-/1S00OJRP6,extracted,,Chinese Mainland,,Lights,,,Miss jinling zhou,,Chinese Mainland,,,,
"Yiwu Luckarm Technology Co., Ltd.",https://sourcing.hktdc.com/en/Supplier-Store/Profile/Yiwu-Luckarm-Technology-Co-LTD/1S00OYTGV,extracted,,Chinese Mainland,,,,,Mr Proud Wu,,Chinese Mainland,,,,
"Yuyao Jiahui Lighting Co., Ltd.",https://sourcing.hktdc.com/en/Supplier-Store/Profile/Yuyao-Jiahui-Lighting-Co-Ltd-/1X087V0F,extracted,,Chinese Mainland,,Lights,,,Yin .,"GuoXiang Bridge, LanJiang Street, YuYao City,",Chinese Mainland,,,,
"Yuyao Liaoman Electrical Appliance Co., Ltd.",https://sourcing.hktdc.com/en/Supplier-Store/Profile/Yuyao-Liaoman-Electrical-Appliance-Co-Ltd-/1S00P8XO3,extracted,,Chinese Mainland,,,,,KAN REN,,Chinese Mainland,,,,
"Zhong Shan LangDa Lighting Co., Ltd",https://sourcing.hktdc.com/en/Supplier-Store/Profile/Zhong-Shan-LangDa-Lighting-Co-Ltd/1S00P5SIQ,extracted,,Chinese Mainland,,,,,Feng Lin,"Caoer Jundu Sha Xin Industrial Zone, Guzhen Town, Lin Weijing Property, Zhongshan, Guangdong, China",Chinese Mainland,,,,
"Zhongshan AnYue Zhixin LightingCo., Ltd",https://sourcing.hktdc.com/en/Supplier-Store/Profile/Zhongshan-AnYue-Zhixin-LightingCo-Ltd/1S00O9VWH,extracted,,Chinese Mainland,,,,,Sam Sam,"No.907, Floor9, Building3, Liufang Commercial Plaza, GuzhenTown, GuzhenTown, Zhongshan, China",Chinese Mainland,,,manager,
"Zhongshan CJ Lighting Co., Ltd.",https://sourcing.hktdc.com/en/Supplier-Store/Profile/ZHONGSHAN-CJ-LIGHTING-CO-LTD/1S00OX2IG,extracted,,Chinese Mainland,,,,,Cherry Qian,"1F, Yongan, Zhongshan, China",Chinese Mainland,,,,
"Zhongshan City Meisen Lighting Co., Ltd",https://sourcing.hktdc.com/en/Supplier-Store/Profile/Zhongshan-City-Meisen-Lighting-Co-Ltd/1X08724Q,extracted,Manufacturer,"Zhongshan, Guangdong, Chinese Mainland",,"Environmental Protection , Lights",Worldwide,,Ms Xingxing Peng,"No 35, Xingyu Road, Shengfeng Village, Xiaolan Town, Zhongshan City, Guangdong, Zhongshan",Chinese Mainland,,,Manager,
Zhongshan DOCO Lighting Technology Co. LTD,https://sourcing.hktdc.com/en/Supplier-Store/Profile/Shenzhen-HomeLead-Technology-Co-Ltd-/1S00OO6UC,extracted,,Chinese Mainland,,,,,Ms li miss,,Chinese Mainland,,,,
"Zhongshan Hurricane Lighting Tech Co., Ltd.",https://sourcing.hktdc.com/en/Supplier-Store/Profile/ZHONGSHAN-HURRICANE-LIGHTING-TECH-CO-LTD/1S00P6G48,extracted,,Chinese Mainland,,,,,Mr Jackey King,,Chinese Mainland,,,,
"Zhongshan Ledemo Lighting Co.,Ltd",https://sourcing.hktdc.com/en/Supplier-Store/Profile/Zhongshan-Ledemo-Lighting-Co-Ltd/1X0AZ06U,extracted,,Chinese Mainland,,"Festive Supplies , Gifts, Toys & Sports Supplies , Lights",,,Sally Chiu,"3rd Floor, No.3 Fuding Street, Henglan Town, China",Chinese Mainland,,,sale,
"Zhongshan Minglian Electronic Co., Ltd.",https://sourcing.hktdc.com/en/Supplier-Store/Profile/Zhongshan-Minglian-Electronic-Co-Ltd/1S00OHO6U,extracted,,Chinese Mainland,,Lights,,,TOM TANG,"Floor 4, Building A, No.88 Chuangyuan Road, Anle Village, Dongfeng Town, Zhongshan City, Guangdong Province, China",Chinese Mainland,,,general manager,
"Zhongshan Nalu lighting Co., Ltd",https://sourcing.hktdc.com/en/Supplier-Store/Profile/Zhongshan-Ninglong-lighting-Co-LTD/1S00P60TL,extracted,,Chinese Mainland,,,,,huang meihong,"Third floor, second building, number 10, Henglan Town, Maohui Industrial zone (welt) Lefeng Zhongshan, Guangdong, China",Chinese Mainland,,,,
"Zhongshan Sibojing Lighting Co., LTD",https://sourcing.hktdc.com/en/Supplier-Store/Profile/Zhongshan-sibojing-lighting-co-ltd/1S00P4G2E,extracted,,Chinese Mainland,,,,,Mr Mr Ru,,Chinese Mainland,,,,
"Zhongshan Silk Imp.&Exp.Group Co., Ltd. of Guangdong",https://sourcing.hktdc.com/en/Supplier-Store/Profile/ZHONGSHAN-SILK-IMP-EXP-GROUP-CO-LTD-OF-GUANGDONG/1S00ODFFC,extracted,,Chinese Mainland,,,,,Ms XIAOFENG CHENG,,Chinese Mainland,,,,
"Zhongshan Warton Lighting Technology Co., Ltd.",https://sourcing.hktdc.com/en/Supplier-Store/Profile/Zhongshan-Warton-Lighting-Technology-Co-Ltd-/1S00OYJJW,extracted,Manufacturer,"Zhongshan, Guangdong, Chinese Mainland",,,,,Mr Fei Wang,"NO.18-20, East Huasheng Road, Guzhen, Zhongshan, Guangdong, China",Chinese Mainland,,,,
"Zhongshan Xiangyi Lighting Co., Ltd",https://sourcing.hktdc.com/en/Supplier-Store/Profile/Zhongshan-Xiangyi-Lighting-Co-Ltd/1S00OU3M3,extracted,,Chinese Mainland,,,,,Ms WEIWEI SHENG,,Chinese Mainland,,,,
"Zhongshan Xingqite Lighting Technology Co. , Ltd.",https://sourcing.hktdc.com/en/Supplier-Store/Profile/Zhongshan-Xingqite-Lighting-Technology-Co-Ltd-/1S00OIJ45,extracted,,Chinese Mainland,,,,,Dr yonghui Ke,,Chinese Mainland,,,,
"Zhongshan Yingde Optoelectronics Co., Ltd",https://sourcing.hktdc.com/en/Supplier-Store/Profile/Zhongshan-Yingde-Optoelectronics-Co-Ltd/1S00P5UUO,extracted,,Chinese Mainland,,,,,Jiehua He,"1st card, 3rd floor, No. 19, Yufeng Middle Road South, Jidong Yi, Xiaolan Town, Zhongshan City",Chinese Mainland,,,,
"Zhongshan Yucheng Solar Technology Co., Ltd.",https://sourcing.hktdc.com/en/Supplier-Store/Profile/Zhongshan-Yucheng-Solar-Technology-Co-Ltd-/1S00OPC80,extracted,,Chinese Mainland,,,,,Mr zhenting weng,,Chinese Mainland,,,,
Exhibition+,https://sourcing.hktdc.com/en/Supplier-Store/Profile/EXHIBITION-/1S00O2V5Q,extracted,Others,Hong Kong,,"Business Research, Management, Consultancy & General Services , Consumer Electronics , Gifts / Souvenirs , Homeware & Lifestyle Essentials , Packaging Services , Real Estate",,,Prof Sourcing Genius,HKCEC,Hong Kong,,,,
