Contract Number,Contract Title,Date of award,Nature of Works,Tendering Procedure,Contractor(s),Original Contract Sum,url,Commencement Date,Original Completion Date,Location,Contract Value
2BDTD25003,Provision of SAP Enterprise Support Service for the period from January 2026 to December 2026 to the Electrical and Mechanical Services Trading Fund,Dec 2025,Support service for Information System,Open,DynaSys Solutions Limited,"HK$5,619,348.00",https://www.emsd.gov.hk/en/tenders_contracts_and_consultancies/tender_notices/tender_notices/index_id_6446.html,,,,
EMS/T/01/2025(A),Provision of Light Goods Vehicles for Hiring by Electrical and Mechanical Services Department,Dec 2025,Hiring of Light Goods Vehicles,Open,"GoGo Tech Limited (Item 1)
Lison Transportation Co. Ltd. (Items 2, 3, 4, 5 & 6)","HK$3,234,322.50 (Item 1)
HK$154,182,612.60 (Items 2, 3, 4, 5 & 6)",https://www.emsd.gov.hk/en/tenders_contracts_and_consultancies/tender_notices/tender_notices/index_id_6485.html,,,,
1724EM24T,Triennial Term Contract for the Supply and Installation of Uninterruptible Power Supply (UPS) Systems at the New Huanggang Port Boundary Control Point for the Government of Hong Kong Special Administrative Region,Oct 2025,"The works include design, supply, delivery, installation of Uninterruptible Power Supply (UPS) Systems and associated equipment at the new Huanggang Port Boundary Control Point serving user departments including AFCD, C&ED, DH, FEHD, FSD, GPA, HKPF, IMMD and TD. The works are scheduled to commence in October 2025 and will take about 36 months to complete.",Setective,Astrid Electronics HK Limited,"HK$ 35,443,400 (Tendered total of the Prices); HK$ 42,058,400 (Forecast total of the Prices)",https://www.emsd.gov.hk/en/tenders_contracts_and_consultancies/tender_notices/tender_notices/index_id_6426.html,,,,
2BDTD24017,Provision of Hyperconverged Infrastructure Software and Related Services to the Electrical and Mechanical Services Department,Oct 2025,Support service for Information System,Open Tender,ICO Limited,"HK$50,881,460.00",https://www.emsd.gov.hk/en/tenders_contracts_and_consultancies/tender_notices/tender_notices/index_id_6440.html,,,,
2380EM24T,Quadrennial Term Contract for Operation and Maintenance of Air-conditioning Installations for Correctional Services Department in New Territories Region.,Aug 2025,Air-conditioning Installation,Selective,Young's Engineering Company Limited,"HK$44,596,310.00",https://www.emsd.gov.hk/en/tenders_contracts_and_consultancies/tender_notices/tender_notices/index_id_5404.html,,,,
1079EM25T,Triennial Term Contract for the Comprehensive Maintenance and Repair of Live Fire Training Facilities at Fire and Ambulance Services Academy for the Fire Services Department of the Government of the Hong Kong Special Administrative Region,Aug 2025,Mechanical Plant and Equipment Installation,Selective,Southa Technical Limited,"HK$62,305,000.00",https://www.emsd.gov.hk/en/tenders_contracts_and_consultancies/tender_notices/tender_notices/index_id_6452.html,,,,
2099EM24T,Triennial Term Contract for the Comprehensive Maintenance and Repair of Lift Installations at Various Premises of the Hospital Authority (TO25),Jul 2025,"Lift, Escalator and Passenger Conveyor Installation",Selective,Chevalier (HK) Limited,"HK$9,813,095.00",https://www.emsd.gov.hk/en/tenders_contracts_and_consultancies/tender_notices/tender_notices/index_id_5413.html,,,,
1160EM24T,Triennial Term Contract for Provision of Maintenance Services for Mobile X-Ray Vehicle Scanning Systems (MXRVSS) and Palletized Cargo X-Ray Inspection System (PCIS) of Customs & Excise Department (C&ED),Jul 2025,Provision of maintenance services for Mobile X-ray Vehicle Scanning Systems (MXRVSS) and Palletized Cargo X-Ray Inspection System (PCIS) for eight (8) Numbers of MXRVSS and one (1) Number of PCIS for Customs & Excise Department.,Open,Nuctech Hong Kong Company Limited,"HK$62,020,988.00",https://www.emsd.gov.hk/en/tenders_contracts_and_consultancies/tender_notices/tender_notices/index_id_6425.html,,,,
1591EM24T,Triennial Term Contract for Maintenance of Air-conditioning Installations for Hong Kong Port (HKP) and Hong Kong Link Road (HKLR) at Hong Kong Zhuhai Macao Bridge and Other Lantau Engineering Services Venues,Jul 2025,Air-conditioning Installation,Selective,Meco Engineering Limited,"HK$55,079,200.00",https://www.emsd.gov.hk/en/tenders_contracts_and_consultancies/tender_notices/tender_notices/index_id_5415.html,,,,
1941EM24T,"Triennial Term Contract for Maintenance of Heating, Ventilation and Air-conditioning Installations for The Venues of Boundary Crossing Facilities and Transport Services Division",Jul 2025,Air-conditioning Installation,Selective,REC Engineering Company Limited,"HK$129,835,000.00",https://www.emsd.gov.hk/en/tenders_contracts_and_consultancies/tender_notices/tender_notices/index_id_5405.html,,,,
2616EM24T,"36-Month Term Contract for Maintenance of Heating, Ventilation and Air-conditioning Installations for Health Sector Venues in Hong Kong Region and Outlying Islands",Jul 2025,Air-conditioning Installation,Selective,"Wenden Engineering Service Company, Limited","HK$99,992,300.00",https://www.emsd.gov.hk/en/tenders_contracts_and_consultancies/tender_notices/tender_notices/index_id_5420.html,,,,
1889EM24T,Quadrennial Term Contract for Examination and Testing of Lifting Appliances and Lifting Gear,Jul 2025,Survey of Lifting Appliances and Lifting Gear,Selective,ISPL Consulting Limited,"HK$45,229,600.00",https://www.emsd.gov.hk/en/tenders_contracts_and_consultancies/tender_notices/tender_notices/index_id_5398.html,,,,
2277EM24T,Quadrennial Term Contract for Maintenance of Fire Service Installations for Various Departments for Security and Vehicle Services in the Regions of Kowloon and New Territories,Jul 2025,Fire Service Installation,Selective,Far East Engineering Services Limited,"HK$38,461,420.00",https://www.emsd.gov.hk/en/tenders_contracts_and_consultancies/tender_notices/tender_notices/index_id_5390.html,,,,
2282EM24T,"Triennial Term Contract for the Maintenance and Repair of Burglar Alarm, Security Installation and Other Electronic Systems at Various Municipal Venues for the Government of the Hong Kong Special Administrative Region",Jul 2025,Burglar Alarm and Security Installation,Selective,Shun Hing Engineering Contracting Company Limited,"HK$59,239,980.00",https://www.emsd.gov.hk/en/tenders_contracts_and_consultancies/tender_notices/tender_notices/index_id_5418.html,,,,
2269EM24T,"Triennial Term Contract for Repairs, Operation and Maintenance of Boilers, Hot Water Installations, Steam Related Plant and Accessories in Various Healthcare Venues in the New Territories",Jun 2025,Steam and Compressed Air Installation,Selective,"Wenden Engineering Service Company, Limited","HK$55,012,100.00",https://www.emsd.gov.hk/en/tenders_contracts_and_consultancies/tender_notices/tender_notices/index_id_5414.html,,,,
2452EM24W,Replacement of Refractories and Insulation Bricks for Cremators at Cape Collinson Crematorium,Jun 2025,Mechanical Plant and Equipment Installation,Selective,Southa Technical Limited,"HK$32,790,000.00",https://www.emsd.gov.hk/en/tenders_contracts_and_consultancies/tender_notices/tender_notices/index_id_6431.html,,,,
1410EM24T,"Triennial Term Contract for Building Services Fitting-out, Replacement and Improvement Works for Health Sector Venues in Hong Kong West Region",Jun 2025,Air-conditioning Installation,Selective,Yordland Engineering Limited,"HK$119,726,400.00",https://www.emsd.gov.hk/en/tenders_contracts_and_consultancies/tender_notices/tender_notices/index_id_5392.html,,,,
1927EM24T,Triennial Term Contract for Maintenance of Electrical Installations and Domestic Appliances at Various Staff Quarters of the Hong Kong Police Force,Jun 2025,Electrical Installation,Selective,"Union (Luen Hop) Refrigeration Co., Limited","HK$67,162,130.00",https://www.emsd.gov.hk/en/tenders_contracts_and_consultancies/tender_notices/tender_notices/index_id_5395.html,,,,
2322EM24T,"Triennial Term Contract for Maintenance of Electrical, Mechanical and Air-conditioning Installations at Cheung Sha Wan Wholesale Food Market",Jun 2025,Air-conditioning Installation,Selective,Young's Engineering Company Limited,"HK$33,574,750.00",https://www.emsd.gov.hk/en/tenders_contracts_and_consultancies/tender_notices/tender_notices/index_id_5417.html,,,,
2189EM24T,Triennial Term Contract for Operation and Maintenance of Air-conditioning Installations and Other Associated Facilities at Unattended Municipal Venues in Kowloon of the Government of the Hong Kong Special Administrative Region,Jun 2025,Air-conditioning Installation,Selective,Alliance Contracting Company Limited,"HK$99,800,000.00",https://www.emsd.gov.hk/en/tenders_contracts_and_consultancies/tender_notices/tender_notices/index_id_5408.html,,,,
1668EM24T,"Triennial Term Contract for Operation and Maintenance of Electrical, Mechanical and Air-conditioning Installations for Civil Aviation Department and Hong Kong Observatory Venues in the Hong Kong International Airport",Jun 2025,Electrical Installation,Selective,Joint Effort Engineering (Asia) Limited,"HK$39,908,580.00",https://www.emsd.gov.hk/en/tenders_contracts_and_consultancies/tender_notices/tender_notices/index_id_5377.html,,,,
2485EM24T,Provision of Maintenance and Modification Works of Data Acquisition Systems (DAS) of Free-flow Tolling System and Toll Information Display System (TIDS) in Government Tunnels and Tsing Sha Control Area,May 2025,Provision of maintenance services and modification works of existing Data Acquisition Systems (DAS) of Free-flow Tolling System and Toll Information Display System (TIDS) in Government Tunnels and Tsing Sha Control Area.,Open,Autotoll Limited,"HK$29,324,988.00",https://www.emsd.gov.hk/en/tenders_contracts_and_consultancies/tender_notices/tender_notices/index_id_5402.html,,,,
1999EM24T,Quadrennial Term Contract for Maintenance of Electrical Installations for Seven Boundary Control Points,Apr 2025,Electrical Installation,Selective,Newton Engineering Company Limited,"$85,249,900.00",https://www.emsd.gov.hk/en/tenders_contracts_and_consultancies/tender_notices/tender_notices/index_id_5384.html,,,,
2055EM23T,"Triennial Term Contract for the Maintenance and Repair, Alteration and Additions to Fire Service Installations in Venues of the Government of the Hong Kong Special Administrative Region Maintained by Hong Kong Maintenance Sub-division TWO of General Engineering Services Division",Apr 2025,Fire Service Installation,Selective,Wise Engineering Company Limited,"$18,196,850.00",https://www.emsd.gov.hk/en/tenders_contracts_and_consultancies/tender_notices/tender_notices/index_id_5354.html,,,,
1300EM23W,Provision of Electric Locks Security System in Pik Uk Correctional Institution for Correctional Services Department,Apr 2025,"supply, delivery, installation, testing and commissioning of high security electro-mechanical locks, CCTV cameras with video recording, access control system, metal gates and associated building works at Pik Uk Correctional Institution for Correctional Services Department.",Open,Deson Engineering Limited,"$192,600,000.00",https://www.emsd.gov.hk/en/tenders_contracts_and_consultancies/tender_notices/tender_notices/index_id_5295.html,,,,
1023EM23T,Triennial Term Contract for the Comprehensive Maintenance and Repair of Lift Installations at Various Premises of the Government of the Hong Kong Special Administrative Region (Package Two of SA23),Mar 2025,Comprehensive maintenance and repair of lift installations at various premises of the Government of the Hong Kong Special Administrative Region.,Open,Shan On Engineering Company Limited,"$24,308,000.00",https://www.emsd.gov.hk/en/tenders_contracts_and_consultancies/tender_notices/tender_notices/index_id_5369.html,,,,
1013EM24A,"Provision of Operation and Maintenance Services for the Simultaneous Interpretation and Public Address Systems for Various Government Departments of the Hong Kong Special Administrative Region (Kowloon Region, New Territories and Miscellaneous Users)",Mar 2025,"operation, maintenance, adjustment of system configuration, system enhancement and ad-hoc support of the Simultaneous Interpretation (SI) and Public Address (PA) systems",Open,PCCW Technical Services Limited,"HK$20,039,034.00",https://www.emsd.gov.hk/en/tenders_contracts_and_consultancies/tender_notices/tender_notices/index_id_5361.html,,,,
1012EM24A,Provision of Operation and Maintenance Services for the Simultaneous Interpretation and Public Address Systems for Various Government Departments of the Hong Kong Special Administrative Region (Hong Kong Region),Mar 2025,"operation, maintenance, adjustment of system configuration, system enhancement and ad-hoc support of the Simultaneous Interpretation (SI) and Public Address (PA) systems",Open,PCCW Technical Services Limited,"HK$35,584,998.00",https://www.emsd.gov.hk/en/tenders_contracts_and_consultancies/tender_notices/tender_notices/index_id_5360.html,,,,
1026EM24T,Triennial Term Contract for the Maintenance of Electrical Installations in BTSD Venues,Mar 2025,Electrical Installation,Selective,Che Luen Electrical Engineering Company Limited,"$88,792,063.00",https://www.emsd.gov.hk/en/tenders_contracts_and_consultancies/tender_notices/tender_notices/index_id_5352.html,,,,
1575EM24T,Triennial Term Contract for the Comprehensive Maintenance and Repair of Escalator Installations at Various Premises of the Government of the Hong Kong Special Administrative Region (Package One of TO24E),Feb 2025,Comprehensive maintenance and repair of escalator installations at various premises of the Government of the Hong Kong Special Administrative Region.,Open,Chevalier (HK) Limited,"$5,849,677.00",https://www.emsd.gov.hk/en/tenders_contracts_and_consultancies/tender_notices/tender_notices/index_id_5372.html,,,,
1148EM24T,"Triennial Term Contract for Building Services Fitting-out Works, Replacement and Improvement Works at Various Municipal Venues of the Government of The Hong Kong Special Administrative Region",Feb 2025,Air-conditioning Installation,Selective,"Wenden Engineering Service Company, Limited","$179,646,857.00",https://www.emsd.gov.hk/en/tenders_contracts_and_consultancies/tender_notices/tender_notices/index_id_5374.html,,,,
1609EM24T,"Triennial Term Contract for Building Services Fitting-out, Replacement and Improvement Works for Health Sector Venues in Hong Kong East Region and Outlying Islands",Feb 2025,Air-conditioning Installation,Selective,Yordland Engineering Limited,"$64,354,702.00",https://www.emsd.gov.hk/en/tenders_contracts_and_consultancies/tender_notices/tender_notices/index_id_5378.html,,,,
1833EM24T,Triennial Term Contract for the Comprehensive Maintenance and Repair of Lift Installations at Various Premises of the Government of the Hong Kong Special Administrative Region (Package One of AE24),Jan 2025,Comprehensive maintenance and repair of lift installations at various premises of the Government of the Hong Kong Special Administrative Region.,Open,Anlev Elex Elevator Limited,"$100,207,411.60",https://www.emsd.gov.hk/en/tenders_contracts_and_consultancies/tender_notices/tender_notices/index_id_5367.html,,,,
1895EM23T,"Triennial Term Contract for the Maintenance and Repair, Alteration and Additions to Fire Service Installations in Venues of the Government of the Hong Kong Special Administrative Region Maintained by Hong Kong Maintenance Sub-division ONE of General Engineering Services Division",Jan 2025,Fire Service Installation,Selective,REC Engineering Company Limited,"$17,040,740.00",https://www.emsd.gov.hk/en/tenders_contracts_and_consultancies/tender_notices/tender_notices/index_id_5353.html,,,,
2294EM23T,"Triennial Term Contract for Operation and Maintenance of Electrical, Mechanical and Other Installations for Municipal Venues in Kowloon of the Government of the Hong Kong Special Administrative Region ",Jan 2025,Electrical Installation,Selective,REC Engineering Company Limited,"$261,873,400.00",https://www.emsd.gov.hk/en/tenders_contracts_and_consultancies/tender_notices/tender_notices/index_id_5363.html,,,,
1791EM24T,"Triennial Term Contract for Electrical Works in Change of Tenancy in Government Quarters in the Hong Kong Island, Kowloon & New Territories",Dec 2024,Electrical Installation,Selective,Joint Effort Engineering (Asia) Limited,"$52,764,088.00",https://www.emsd.gov.hk/en/tenders_contracts_and_consultancies/tender_notices/tender_notices/index_id_5373.html,,,,
2034EM23T,Triennial Term Contract for the Comprehensive Maintenance and Repair of Lift Installations at Various Premises of the Government of the Hong Kong Special Administrative Region (Package One of MT23),Dec 2024,Comprehensive maintenance and repair of lift installations at various premises of the Government of the Hong Kong Special Administrative Region.,Open,Mitsubishi Elevator Hong Kong Company Limited,"$49,531,250.00",https://www.emsd.gov.hk/en/tenders_contracts_and_consultancies/tender_notices/tender_notices/index_id_5364.html,,,,
1416EM24T,30-Month Term Contract for the Comprehensive Maintenance and Repair of Lift Installations at Various Premises of Hospital Authority (AE24),Dec 2024,"Lift, Escalator and Passenger Conveyor Installation",Selective,Anlev Elex Elevator Limited,"$49,241,910.00",https://www.emsd.gov.hk/en/tenders_contracts_and_consultancies/tender_notices/tender_notices/index_id_5346.html,,,,
1218EM24T,"Triennial Term Contract for Maintenance of Heating, Ventilation and Air-conditioning Installations for Health Sector Venues in New Territories West Region",Dec 2024,Air-conditioning Installation,Selective,Skyforce Engineering Limited,"$229,416,375.00",https://www.emsd.gov.hk/en/tenders_contracts_and_consultancies/tender_notices/tender_notices/index_id_5347.html,,,,
1070EM24T,Quadrennial Term Contract for the Comprehensive Maintenance and Repair of Lift Installations at Various Premises of the Government of the Hong Kong Special Administrative Region (Package One of MT24),Dec 2024,Comprehensive maintenance and repair of lift installations at various premises of the Government of the Hong Kong Special Administrative Region.,Open,Mitsubishi Elevator Hong Kong Company Limited,"$100,156,752.00",https://www.emsd.gov.hk/en/tenders_contracts_and_consultancies/tender_notices/tender_notices/index_id_5356.html,,,,
1145EM23T,Quadrennial Term Contract for the Comprehensive Maintenance and Repair of Escalator Installations at Various Premises of the Government of the Hong Kong Special Administrative Region (Package One of TK24E),Dec 2024,Comprehensive maintenance and repair of escalator installations at various premises of the Government of the Hong Kong Special Administrative Region.,Open,Holake Hong Kong Lifts Limited,"$26,811,814.00",https://www.emsd.gov.hk/en/tenders_contracts_and_consultancies/tender_notices/tender_notices/index_id_5358.html,,,,
2124EM23T,"Triennial Term Contract for Maintenance of Electrical, Mechanical and Air-conditioning Installations at Cheung Sha Wan Government Offices, Tsuen Wan Government Offices and Various Premises in New Territories Region",Dec 2024,Air-conditioning Installation,Selective,Young's Engineering Company Limited,"$83,999,444.00",https://www.emsd.gov.hk/en/tenders_contracts_and_consultancies/tender_notices/tender_notices/index_id_5343.html,,,,
1541EM23T,Quadrennial Term Contract for the Maintenance and Repair of Burglar Alarm and Security Installations at Various Premises of Hong Kong Police Force,Dec 2024,Burglar Alarm and Security Installation,Selective,EC Infotech Limited,"$36,904,100.00",https://www.emsd.gov.hk/en/tenders_contracts_and_consultancies/tender_notices/tender_notices/index_id_5319.html,,,,
1047EM24T,"Triennial Term Contract for the Operation and Maintenance of Electrical, Mechanical and Other Installations for Municipal Venues in New Territories East Areas of the Government of the Hong Kong Special Administrative Region",Dec 2024,Electrical Installation,Selective,REC Engineering Company Limited,"$214,920,660.00",https://www.emsd.gov.hk/en/tenders_contracts_and_consultancies/tender_notices/tender_notices/index_id_5340.html,,,,
1865EM23T,Triennial Term Contract for The Comprehensive Maintenance and Repair of Lift Installations at Various Premises of the Government of the Hong Kong Special Administrative Region (Package One of OT24),Dec 2024,Comprehensive maintenance and repairing of lift installation at various premises of the Government of the Hong Kong Special Administrative Region.,Open,Holake Hong Kong Lifts Limited,"$46,951,036.00",https://www.emsd.gov.hk/en/tenders_contracts_and_consultancies/tender_notices/tender_notices/index_id_5327.html,,,,
1291EM24T,Quadrennial Term Contract for Comprehensive Maintenance of Pumping Installations at the Venues of Disciplined Services Departments.,Nov 2024,Mechanical Plant and Equipment Installation,Selective,Associated Engineers Limited,"$32,419,330.00",https://www.emsd.gov.hk/en/tenders_contracts_and_consultancies/tender_notices/tender_notices/index_id_5333.html,,,,
1568EM23T,"Quadrennial Term Contract for Maintenance of Fire Service Installations for Hong Kong Police Force, Correctional Services Department, Drainage Services Department, Fire Services Department, Independent Commission Against Corruption and Security Bureau for Hong Kong Island and Outlying Islands",Nov 2024,Fire Service Installation,Selective,Kenworth Engineering Limited,"$46,669,300.00",https://www.emsd.gov.hk/en/tenders_contracts_and_consultancies/tender_notices/tender_notices/index_id_5309.html,,,,
1750EM23T,Triennial Term Contract for the Comprehensive Maintenance and Repair of Escalator Installations at Various Premises of the Government of the Hong Kong Special Administrative Region (Package One of MT23E),Nov 2024,Comprehensive maintenance and repair of escalator installations at various premises of the Government of the Hong Kong Special Administrative Region.,Open,Mitsubishi Elevator Hong Kong Company Limited,"$9,036,770.00",https://www.emsd.gov.hk/en/tenders_contracts_and_consultancies/tender_notices/tender_notices/index_id_5345.html,,,,
2516EM23T,"Triennial Term Contract for Operation and Maintenance of Air-conditioning Installations in Central Government Offices, Chief Executive's Office and Legislative Council Complex at Tamar",Oct 2024,Air-conditioning Installation,Selective,Alliance Contracting Company Limited,"$72,944,444",https://www.emsd.gov.hk/en/tenders_contracts_and_consultancies/tender_notices/tender_notices/index_id_5338.html,,,,
1371EM24T,Triennial Term Contract for the Comprehensive Maintenance and Repair of Lift Installations at Various Premises of the Government of the Hong Kong Special Administrative Region (Package One of FT24),Oct 2024,Comprehensive maintenance and repair of lift installations at various premises of the Government of the Hong Kong Special Administrative Region.,Open,Fujitec (HK) Company Limited,"$39,660,752.00",https://www.emsd.gov.hk/en/tenders_contracts_and_consultancies/tender_notices/tender_notices/index_id_5336.html,,,,
2307EM23W,Replacement/Modernization of Lift No. 7 to 12 and 14 in North District Hospital,Oct 2024,"Lift, Escalator and Passenger Conveyor Installation",Selective,通力電梯（香港）有限公司,"$15,137,063.00",https://www.emsd.gov.hk/en/tenders_contracts_and_consultancies/tender_notices/tender_notices/index_id_5321.html,,,,
1202EM24T,"Quadrennial Term Contract for Maintenance and Repair of Electrical and Floodlight Installations for Hong Kong Police Force, Correctional Services Department, Fire Services Department, Hong Kong Independent Commission Against Corruption, Security Bureau and Drainage Services Department in New Territories and Hong Kong Island",Oct 2024,Electrical Installation,Selective,Che Luen Electrical Engineering Company Limited,"$55,661,244",https://www.emsd.gov.hk/en/tenders_contracts_and_consultancies/tender_notices/tender_notices/index_id_5335.html,,,,
1847EM23T,"Triennial Term Contract for Electrical, Mechanical, Air-conditioning, and Building Services Fitting-out, Replacement, and Improvement Works for Various Venues in Kowloon Region",Oct 2024,Air-conditioning Installation,Selective,REC Engineering Company Limited,"$83,892,000.00",https://www.emsd.gov.hk/en/tenders_contracts_and_consultancies/tender_notices/tender_notices/index_id_5350.html,,,,
2217EM23T,Triennial Term Contract for The Comprehensive Maintenance and Repair of Lift Installations at Various Premises of the Government of the Hong Kong Special Administrative Region (KO24),Oct 2024,comprehensive maintenance and repair of lift installations at various premises of the Government of the Hong Kong Special Administrative Region,Open,Kone Elevator (HK) Limited,"$122,504,320",https://www.emsd.gov.hk/en/tenders_contracts_and_consultancies/tender_notices/tender_notices/index_id_5357.html,,,,
1899EM23W,Replacement and Enhancement of Belisha Beacons at Zebra Crossings,Oct 2024,supply and replacement of around 500 sets of existing Belisha Beacons with enhanced design at around 220 various zebra crossings in Hong Kong,Open,Win Promise Limited,"$26,888,888.00",https://www.emsd.gov.hk/en/tenders_contracts_and_consultancies/tender_notices/tender_notices/index_id_5313.html,,,,
2405EM23T,Provision of Security System at Frontier Closed Area for Hong Kong Police Force,Oct 2024,Burglar Alarm and Security Installation,Selective,G4S Security Systems (Hong Kong) Limited,"$49,871,540.00",https://www.emsd.gov.hk/en/tenders_contracts_and_consultancies/tender_notices/tender_notices/index_id_5351.html,,,,
2189EM23W,Replacement of Refractories and Insulation Bricks for Cremators at Diamond Hill Crematorium and Cape Collinson Crematorium,Oct 2024,Mechanical Plant and Equipment Installation,Selective,Southa Technical Limited,"$36,440,000.00",https://www.emsd.gov.hk/en/tenders_contracts_and_consultancies/tender_notices/tender_notices/index_id_5362.html,,,,
2580EM23T,Triennial Term Contract for the Comprehensive Maintenance and Repair of Lift Installations at Various Premises of the Government of the Hong Kong Special Administrative Region (Package One of AE23),Oct 2024,comprehensive maintenance and repair of lift installations at various premises of the Government of the Hong Kong Special Administrative Region,Open,Anlev Elex Elevator Limited,"$77,084,848.20",https://www.emsd.gov.hk/en/tenders_contracts_and_consultancies/tender_notices/tender_notices/index_id_5344.html,,,,
2062EM23T,Triennial Term Contract for the Comprehensive Maintenance and Repair of Escalator Installations at Various Premises of the Government of the Hong Kong Special Administrative Region (Package One of AE23E),Oct 2024,comprehensive maintenance and repair of escalator installations at various premises of the Government of the Hong Kong Special Administrative Region,Open,Anlev Elex Elevator Limited,"$36,051,015.80",https://www.emsd.gov.hk/en/tenders_contracts_and_consultancies/tender_notices/tender_notices/index_id_5330.html,,,,
2BDTD24011,Provision of SAP Enterprise Support Service on SAP Professional User Licenses for the period from October 2024 to December 2025 to the Electrical and Mechanical Services Trading Fund,Sep 2024,Support service for Information System,Open,DynaSys Solutions Limited,"HK$1,762,350.00",https://www.emsd.gov.hk/en/tenders_contracts_and_consultancies/tender_notices/tender_notices/index_id_5355.html,,,,
1011EM24T,"Triennial Term Contract for the Maintenance and Repair of, Alterations and Additions to Fire Service Installations for Airport Venues",Sep 2024,Fire Service Installation,Selective,Chubb Hong Kong Limited,"$41,965,017.00",https://www.emsd.gov.hk/en/tenders_contracts_and_consultancies/tender_notices/tender_notices/index_id_5320.html,,,,
2102EM23T,"Term Contract for the Maintenance and Repair of, Alteration, Addition and Improvement Works to Electrical Installations Maintained by Hong Kong 1 Maintenance Sub-division of General Engineering Services Division",Sep 2024,Electrical Installation,Selective,M & V Engineering (E & M) Limited,"$32,946,200.00",https://www.emsd.gov.hk/en/tenders_contracts_and_consultancies/tender_notices/tender_notices/index_id_5334.html,,,,
2533EM23T,Quadrennial Term Contract for Maintenance of Lift and Ramp System of Government Ferry Pier,Sep 2024,Mechanical Handling and Lifting Installation,Selective,REC Engineering Company Limited,"$78,282,717.00",https://www.emsd.gov.hk/en/tenders_contracts_and_consultancies/tender_notices/tender_notices/index_id_5326.html,,,,
2528EM23T,Triennial Term Contract for Maintenance of Air-conditioning Installations at Unattended Municipal Venues in Hong Kong Region,Sep 2024,Air-conditioning Installation (Group II),Selective,Alliance Contracting Company Limited,"$103,135,050.00",https://www.emsd.gov.hk/en/tenders_contracts_and_consultancies/tender_notices/tender_notices/index_id_5349.html,,,,
1774EM23T,"Term Contract for the Maintenance and Repair of, Alteration, Addition and Improvement Works to Electrical Installations Maintained by New Territories Maintenance Sub-division of General Engineering Services Division",Sep 2024,Electrical Installation,Selective,Joint Effort Engineering (Asia) Limited,"$52,316,470.00",https://www.emsd.gov.hk/en/tenders_contracts_and_consultancies/tender_notices/tender_notices/index_id_5329.html,,,,
2585EM22T,"Quadrennial Term Contract for Maintenance of Security and Electronics Systems at Lo Wu Correctional Institution, Tai Lam Centre for Women and Other Venues for Correctional Services Department",Aug 2024,Burglar Alarm and Security Installation,Selective,Chubb Hong Kong Limited,"$52,264,993.00",https://www.emsd.gov.hk/en/tenders_contracts_and_consultancies/tender_notices/tender_notices/index_id_5310.html,,,,
2180EM23T,"Triennial Term Contract for Maintenance and Repair of, Alteration, Addition to, Fire Service Installations in Municipal Venues for the Government of the Hong Kong Special Administrative Region",Aug 2024,Fire Service Installation,Selective,REC Engineering Company Limited,"$74,629,780.00",https://www.emsd.gov.hk/en/tenders_contracts_and_consultancies/tender_notices/tender_notices/index_id_5323.html,,,,
1775EM23T,"Term Contract for the Maintenance and Repair of, Alteration, Addition and Improvement Works to Electrical Installations Maintained by Hong Kong 2 Maintenance Sub-division of General Engineering Services Division",Aug 2024,Electrical Installation,Selective,Joint Effort Engineering (Asia) Limited,"$32,999,300.00",https://www.emsd.gov.hk/en/tenders_contracts_and_consultancies/tender_notices/tender_notices/index_id_5306.html,,,,
1891EM23T,Triennial Term Contract for the Maintenance of Mechanical Installations for the Venues of Boundary Crossing Facilities and Transport Services Division for the Government of HKSAR,Aug 2024,Mechanical Plant and Equipment Installation,Selective,"Associated Engineers, Limited","$91,813,540.00",https://www.emsd.gov.hk/en/tenders_contracts_and_consultancies/tender_notices/tender_notices/index_id_5314.html,,,,
1858EM23T,"Triennial Term Contract for the Operation and Maintenance of Electrical, Mechanical and Other Installations for Municipal Venues in New Territories West of the Government of the Hong Kong Special Administrative Region",Aug 2024,Electrical Installation,Selective,Samba Engineering Limited,"$205,922,100.00",https://www.emsd.gov.hk/en/tenders_contracts_and_consultancies/tender_notices/tender_notices/index_id_5311.html,,,,
2514EM22T,"5 Years Term Contract for Provision of Maintenance, Modification and Installation Works for Split Cycle Offset Optimisation Technique (SCOOT) Traffic Control System and Smart Junctions",Aug 2024,"maintenance, modification and installation works for the Area Traffic Control (ATC) System of Tuen Mun and Yuen Long District as well as provision of first line maintenance for traffic signals & accessories equipment",Open,Yutraffic Limited and Siemens Limited Consortium,"$84,861,120.00",https://www.emsd.gov.hk/en/tenders_contracts_and_consultancies/tender_notices/tender_notices/index_id_5242.html,,,,
2177EM23T,Triennial Term Contract for the Comprehensive Maintenance and Repair of High Mast and High Bay Lightings for the Government of the Hong Kong Special Administrative Region,Aug 2024,Industrial Type Electrical Installation,Selective,Kum Shing Engineering Company Limited,"$20,138,128.00",https://www.emsd.gov.hk/en/tenders_contracts_and_consultancies/tender_notices/tender_notices/index_id_5307.html,,,,
EMSD P/5-10/13 (2024),Provision of Clerical Services for the Electrical and Mechanical Services Department,Jul 2024,Term Contract for Supply of Temporary Clerks on As and When Required Basis.,Open,Apex Consultants Limited,"HK$8,645,000.00",https://www.emsd.gov.hk/en/tenders_contracts_and_consultancies/tender_notices/tender_notices/index_id_1789.html,,,,
1714EM23T,Triennial Term Contract for The Comprehensive Maintenance and Repair of Lift Installations at Various Premises of the Government of the Hong Kong Special Administrative Region (Package Two of SC19),Jul 2024,includes comprehensive maintenance and repairing of lift installation at various premises of the Government of the Hong Kong Special Administrative Region,Open,Holake Hong Kong Lifts Limited,"$36,135,000.00",https://www.emsd.gov.hk/en/tenders_contracts_and_consultancies/tender_notices/tender_notices/index_id_5285.html,,,,
2206EM23T,"Triennial Term Contract for Overhaul, Maintenance and Related Works of Water Treatment Installations at Various Swimming Pools in Hong Kong Special Administrative Region",Jul 2024,Swimming Pool Water Treatment Installation,Selective,"The Jardine Engineering Corporation, Limited","$197,566,200.00",https://www.emsd.gov.hk/en/tenders_contracts_and_consultancies/tender_notices/tender_notices/index_id_5312.html,,,,
2482EM23T,Triennial Term Contract for Operation and Maintenance of Air-conditioning Installations and Other Associated Facilities at Attended Municipal Venues in Kowloon,Jul 2024,Air-conditioning Installation,Selective,"Wenden Engineering Service Company, Limited","$84,498,668.00",https://www.emsd.gov.hk/en/tenders_contracts_and_consultancies/tender_notices/tender_notices/index_id_5317.html,,,,
1723EM23T,Triennial Term Contract for the Maintenance and Repair of Burglar Alarm and Security Installation at Various Municipal Venues for the Government of the Hong Kong Special Administrative Region,Jun 2024,Burglar Alarm and Security Installation,Selective,G4S Security Systems (Hong Kong) Limited,"$10,297,120.00",https://www.emsd.gov.hk/en/tenders_contracts_and_consultancies/tender_notices/tender_notices/index_id_5283.html,,,,
2084EM23T,Triennial Term Contract for Operation and Maintenance of Air-conditioning Installations for Various Venues of Security and Vehicle Services Division in Kowloon Cluster,May 2024,Air-conditioning Installation,Selective,Young's Engineering Company Limited,"$93,316,656.00",https://www.emsd.gov.hk/en/tenders_contracts_and_consultancies/tender_notices/tender_notices/index_id_5301.html,,,,
2497EM23T,"Provision of Maintenance and Modification Works of Data Acquisition Systems of Free-flow Tolling System in Lion Rock Tunnel, Shing Mun Tunnels and Tsing Sha Control Area (12 Months)",May 2024,"provide the maintenance service and modification works of Data Acquisition Systems of Free-flow Tolling System in Lion Rock Tunnel, Shing Mun Tunnels and Tsing Sha Control Area",Open,Autotoll Limited,"$22,390,000.00",https://www.emsd.gov.hk/en/tenders_contracts_and_consultancies/tender_notices/tender_notices/index_id_5300.html,,,,
2350EM23T,"Five-year Term Contract for Maintenance, Modification and Installation Works of Sydney Coordinated Adaptive Traffic System (SCATS)",May 2024,"maintenance, modification and installation works for the Sydney Coordinated Adaptive Traffic System (SCATS) of Hong Kong Island, Tai Po and North District as well as provision of first line maintenance for traffic signals and accessories equipment",Open,Shun Hing Systems Integration Company Limited,"$53,029,628",https://www.emsd.gov.hk/en/tenders_contracts_and_consultancies/tender_notices/tender_notices/index_id_5302.html,,,,
1240EM23T,Triennial Term Contract for the Engineering Services for E&M and Other Installations at Crematoria and Columbaria of the Government of the Hong Kong Special Administrative Region,May 2024,Electrical Installation,Selective,M & V Engineering (E & M) Limited,"$138,962,220.00",https://www.emsd.gov.hk/en/tenders_contracts_and_consultancies/tender_notices/tender_notices/index_id_5308.html,,,,
1836EM23T,Triennial Term Contract for the Comprehensive Maintenance and Repair of Lift Installations at Various Premises of the Government of the Hong Kong Special Administrative Region (SG24),May 2024,comprehensive maintenance and repair of lift installations at various premises of the Government of the Hong Kong Special Administrative Region,Open,SIGMA Elevator (HK) Limited,"$53,035,200.00",https://www.emsd.gov.hk/en/tenders_contracts_and_consultancies/tender_notices/tender_notices/index_id_5289.html,,,,
2151EM23T,Triennial Term Contract for the Comprehensive Maintenance and Repair of Lift Installations at Various Premises of the Government of the Hong Kong Special Administrative Region (Package One of TO23),May 2024,comprehensive maintenance and repair of lift installations at various premises of the Government of the Hong Kong Special Administrative Region,Open,Chevalier (HK) Limited,"$70,598,950.00",https://www.emsd.gov.hk/en/tenders_contracts_and_consultancies/tender_notices/tender_notices/index_id_5284.html,,,,
2122EM23T,Triennial Term Contract for the Comprehensive Maintenance and Repair of Lift Installations at Various Premises of the Government of the Hong Kong Special Administrative Region (Package One of FT23),May 2024,comprehensive maintenance and repair of lift installations at various premises of the Government of the Hong Kong Special Administrative Region,Open,Fujitec (HK) Company Limited,"$23,468,564.00",https://www.emsd.gov.hk/en/tenders_contracts_and_consultancies/tender_notices/tender_notices/index_id_5286.html,,,,
1013EM22T,Triennial Term Contract for the Comprehensive Maintenance and Repair of Escalator Installations at Various Premises of the Government of the Hong Kong Special Administrative Region (Package One of FT22E),May 2024,comprehensive maintenance and repair of escalator installations at various premises of the Government of the Hong Kong Special Administrative Region,Open,Fujitec (HK) Company Limited,"$18,533,380.00",https://www.emsd.gov.hk/en/tenders_contracts_and_consultancies/tender_notices/tender_notices/index_id_5273.html,,,,
2475EM22T,Triennial Term Contract for The Comprehensive Maintenance and Repair of Escalator Installations at Various Premises of the Government of the Hong Kong Special Administrative Region (KO23),Apr 2024,comprehensive maintenance and repair of escalator installations at various premises of the Government of the Hong Kong Special Administrative Region,Open,Kone Elevator (HK) Limited,"$38,885,500.00",https://www.emsd.gov.hk/en/tenders_contracts_and_consultancies/tender_notices/tender_notices/index_id_5287.html,,,,
1672EM23T,Triennial Term Contract for the Provision of Maintenance Service of Fixed X-ray Vehicle Inspection System at Shenzhen Bay Control Point,Apr 2024,provision of maintenance services for Fixed X-ray Vehicle Inspection System at Shenzhen Bay Control Point,Open,Nuctech Hong Kong Company Limited,"$45,988,952.00",https://www.emsd.gov.hk/en/tenders_contracts_and_consultancies/tender_notices/tender_notices/index_id_5293.html,,,,
2326EM22T,"Triennial Term Contract for Building Services Fitting-Out Works, Replacement and Improvement Works to Health Sector Venues in New Territories West Region",Apr 2024,Air Conditioning Installation,Selective,Quad-Tech Engineering (H.K.) Company Limited,"$95,079,279.00",https://www.emsd.gov.hk/en/tenders_contracts_and_consultancies/tender_notices/tender_notices/index_id_5238.html,,,,
1778EM23T,"Triennial Term Contract for Operation and Maintenance of Electrical, Mechanical and Other Installations at Municipal Venues in Hong Kong Region",Apr 2024,Electrical Installation,Selective,Interlite (Asia) Limited,"$163,801,250.00",https://www.emsd.gov.hk/en/tenders_contracts_and_consultancies/tender_notices/tender_notices/index_id_5291.html,,,,
2076EM23T,"Triennial Term Contract for the Maintenance of Electrical and Mechanical Installations at Hong Kong Wetland Park, Kwu Tung North Multi-welfare Services Complex and Various Premises in New Territories Region",Mar 2024,Air Conditioning Installation,Selective,REC Engineering Company Limited,"$46,526,720.00",https://www.emsd.gov.hk/en/tenders_contracts_and_consultancies/tender_notices/tender_notices/index_id_5280.html,,,,
1252EM23T,Triennial Term Contract for Operation and Maintenance of Air-conditioning Installations in Various Venues of the Government of the Hong Kong Special Administrative Region Maintained by Kowloon Maintenance Sub-division of General Engineering Services Division,Mar 2024,Air Conditioning Installation,Selective,Westco Airconditioning Limited,"$143,738,488.00",https://www.emsd.gov.hk/en/tenders_contracts_and_consultancies/tender_notices/tender_notices/index_id_5259.html,,,,
1548EM23T,Triennial Term Contract for Engineering Maintenance Services and Other Supporting Services for Electronics Installations of the Global Maritime Distress and Safety System (GMDSS) and Vessel Traffic Services System (VTSS) for Marine Department of the Government of the Hong Kong Special Administrative Region,Mar 2024,Radio Electronics Installation,Selective,Tidalis APAC Limited,"$32,384,140.00",https://www.emsd.gov.hk/en/tenders_contracts_and_consultancies/tender_notices/tender_notices/index_id_5281.html,,,,
1557EM23T,Triennial Term Contract for Maintenance and Repair of Floodlighting Installations of Municipal Venues for the Government of the Hong Kong Special Administrative Region,Mar 2024,Electrical Installation,Selective,Joint Effort Engineering (Asia) Limited,"$137,239,730.24",https://www.emsd.gov.hk/en/tenders_contracts_and_consultancies/tender_notices/tender_notices/index_id_5276.html,,,,
1663EM23W,District Cooling System (DCS) at Kai Tak Development (KTD) Phase IIIR – Electrical and Mechanical Installation at Sites 1E1 and 1F1,Mar 2024,Air Conditioning Installation,Selective,"Winston Air Conditioning & Engineering (Hong Kong) Company, Limited","$32,773,816.00",https://www.emsd.gov.hk/en/tenders_contracts_and_consultancies/tender_notices/tender_notices/index_id_5288.html,,,,
2915EM21A,Design-Build-Operate Contract for the Phase 1 District Cooling System (DCS) at Kwu Tung North New Development Area (KTN NDA) (NEC4 DBOC),Feb 2024,Building Group C,Selective,CRBC-QH-REC-QTEC Joint Venture,"$1,490,541,859.20",https://www.emsd.gov.hk/en/tenders_contracts_and_consultancies/tender_notices/tender_notices/index_id_5241.html,,,,
1877EM23T,"Triennial Term Contract for the Comprehensive Maintenance and Repair of Escalator Installations at Central Government Offices, Chief Executive’s Office and Legislative Council Complex, Tamar",Feb 2024,"comprehensive maintenance and repair of escalator installations at Central Government Offices, Chief Executive’s Office and Legislative Council Complex, Tamar",Open,Fujitec (HK) Company Limited,"$6,298,303.00",https://www.emsd.gov.hk/en/tenders_contracts_and_consultancies/tender_notices/tender_notices/index_id_5272.html,,,,
1507EM22W,Supply and Installation of Automatic Vehicle Clearance Support System for Goods Vehicle in Shenzhen Bay Control Point,Feb 2024,supply and Installation of the Automatic Vehicle Clearance Support System (AVCSS) installations for Hong Kong Boundary Crossing Facilities (HKBCF) at Shenzhen Bay Control Point,Open,ATAL Technologies Limited,"$22,223,800.00",https://www.emsd.gov.hk/en/tenders_contracts_and_consultancies/tender_notices/tender_notices/index_id_5253.html,,,,
2690EM22T,Triennial Term Contract for Maintenance of Automatic Vehicle Clearance Support System of Hong Kong-Zhuhai-Macao Bridge Hong Kong Port (HZMB HKP) and Shenzhen Bay Control Point (SBCP),Jan 2024,"provision of maintenance services, alteration, addition and improvement works of the Automatic Vehicle Clearance Support System of HZMB HKP and SBCP",Open,ATAL Technologies Limited,"$54,538,000.00",https://www.emsd.gov.hk/en/tenders_contracts_and_consultancies/tender_notices/tender_notices/index_id_5257.html,,,,
1699EM23T,Triennial Term Contract for Provision of Maintenance and Modification Works of Traffic Control and Surveillance System of Tolo-Highway,Jan 2024,the maintenance service and modification works of existing Traffic Control and Surveillance System of Tolo-Highway,Open,Win Promise Limited,"$62,888,888.00",https://www.emsd.gov.hk/en/tenders_contracts_and_consultancies/tender_notices/tender_notices/index_id_5275.html,,,,
1517EM23T,"Triennial Term Contract for Electrical, Mechanical, Air-conditioning, and Building Services Fitting-out, Replacement, and Improvement Works for Various Venues in Hong Kong Region",Jan 2024,Air Conditioning Installation,Selective,Young's Engineering Company limited,"$77,537,081.00",https://www.emsd.gov.hk/en/tenders_contracts_and_consultancies/tender_notices/tender_notices/index_id_5270.html,,,,
1874EM22T,Triennial Term Contract for the Comprehensive Maintenance and Repair of Escalator Installation at Various Premises of the Government of the Hong Kong Special Administrative Region (Package Two of OT22),Dec 2023,comprehensive maintenance and repair of escalator installations at various premises of the Government of the Hong Kong Special Administrative Region,open,Otis Elevator Company (H.K.) Limited,"$35,321,296.00",https://www.emsd.gov.hk/en/tenders_contracts_and_consultancies/tender_notices/tender_notices/index_id_5267.html,,,,
1841EM22T,Triennial Term Contract for the Comprehensive Maintenance and Repair of Escalator Installations at Various Premises of the Government of the Hong Kong Special Administrative Region (Package One of OT22E),Dec 2023,comprehensive maintenance and repair of escalator installations at various premises of the Government of the Hong Kong Special Administrative Region,open,Otis Elevator Company (H.K.) Limited,"$41,355,842.00",https://www.emsd.gov.hk/en/tenders_contracts_and_consultancies/tender_notices/tender_notices/index_id_5264.html,,,,
1241EM23T,"Triennial Term Contract for Operation and Maintenance of Electrical, Mechanical and Other Installations at Marine Ferry Terminals, Government Dockyard, Kai Tak Cruise Terminal and Municipal Venues of the Government of the Hong Kong Special Administrative Region",Dec 2023,Electrical Installation,Selective,Kenworth Engineering Limited,"$144,881,000.00",https://www.emsd.gov.hk/en/tenders_contracts_and_consultancies/tender_notices/tender_notices/index_id_5258.html,,,,
1116EM23T,Quadrennial Term Contract for the Comprehensive Maintenance and Repair of Lift Installations at Various Premises of the Government of the Hong Kong Special Administrative Region (Package One of KO15),Dec 2023,To provide comprehensive maintenance and repair of Lift Installations,Open,Kone Elevator (HK) Limited,"$107,858,888.00",https://www.emsd.gov.hk/en/tenders_contracts_and_consultancies/tender_notices/tender_notices/index_id_5244.html,,,,
1154EM23T,"Triennial Term Contract for Operation and Maintenance of Air-conditioning Installations for Hong Kong Police Force, Correctional Services Department, Fire Services Department, Independent Commission Against Corruption and Security Bureau in Hong Kong Cluster for the Government of The Hong Kong Special Administrative Region",Dec 2023,Air Conditioning Installation,Selective,Quad-Tech Engineering (H.K.) Company Limited,"$153,596,300.00",https://www.emsd.gov.hk/en/tenders_contracts_and_consultancies/tender_notices/tender_notices/index_id_5271.html,,,,
2476EM22T,"Triennial Term Contract for Provision of Maintenance, Modification and Installation Works of Electronic and E&M Control Systems at Various Sewage Treatment Works and Their Outstations for Drainage Services Department",Dec 2023,Electrical and Mechanical Installation for Sewage Treatment and Screening Plant,Setective,Chevalier (Envirotech) Limited,"HK$81,794,600.00",https://www.emsd.gov.hk/en/tenders_contracts_and_consultancies/tender_notices/tender_notices/index_id_5266.html,,,,
1199EM23T,"Triennial Term Contract for the Maintenance of Electrical and Mechanical Installations at Tuen Mun Children and Juvenile Home, Siu Lam Integrated Rehabilitation Service Complex and Various Premises in New Territories Region",Dec 2023,Air Conditioning Installation,Selective,Standard Refrigeration & Engineering Company Limited,"$47,042,880.00",https://www.emsd.gov.hk/en/tenders_contracts_and_consultancies/tender_notices/tender_notices/index_id_5269.html,,,,
1296EM23T,"Triennial Term Contract for the Comprehensive Maintenance and Repair of Lift Installations at Central Government Offices, Chief Executive’s Office and Legislative Council Complex, Tamar",Dec 2023,comprehensive maintenance and repair of lift installations,Open,Fujitec (HK) Company Limited,"$17,368,266.00",https://www.emsd.gov.hk/en/tenders_contracts_and_consultancies/tender_notices/tender_notices/index_id_5252.html,,,,
1253EM23T,Triennial Term Contract for Operation and Maintenance of Air-conditioning Installations in Various Venues of the Government of the Hong Kong Special Administrative Region Maintained by New Territories Maintenance Sub-division of General Engineering Services Division,Dec 2023,Air Conditioning Installation,Selective,Yordland Engineering Limited,"$83,380,000.00",https://www.emsd.gov.hk/en/tenders_contracts_and_consultancies/tender_notices/tender_notices/index_id_5260.html,,,,
1309EM23T,"Term Contract for the Maintenance and Repair of, Alteration, Addition and Improvement Works to Electrical Installations Maintained by Kowloon Maintenance Sub-division of General Engineering Services Division",Dec 2023,Electrical Installation,Selective,Interlite (Asia) Limited,"$41,549,900.00",https://www.emsd.gov.hk/en/tenders_contracts_and_consultancies/tender_notices/tender_notices/index_id_5265.html,,,,
2BDTD23003,Provision of SAP Enterprise Support Service from year 2024 to year 2025 to the Electrical and Mechanical Services Trading Fund,Nov 2023,Support service for Information System,Open,DynaSys Solutions Limited,"HK$8,491,144.00",https://www.emsd.gov.hk/en/tenders_contracts_and_consultancies/tender_notices/tender_notices/index_id_1773.html,,,,
2313EM22W,Replacement of Traffic Control and Surveillance System of the Lion Rock Tunnel,Nov 2023,"dismantling and renovation of existing Traffic Control and Surveillance System, including supply, installation, testing and commissioning of new system and migration of services",Open,Parsons Delcan Inc.,"$83,662,380.00",https://www.emsd.gov.hk/en/tenders_contracts_and_consultancies/tender_notices/tender_notices/index_id_5229.html,,,,
1315EM22W,Supply and Installation for baggage identification and tracking system in Hong Kong International Airport (HKIA),Nov 2023,Video Electronics Installation,Selective,PCCW Technical Services Limited,"$45,860,176.00",https://www.emsd.gov.hk/en/tenders_contracts_and_consultancies/tender_notices/tender_notices/index_id_5231.html,,,,
EMS/T/01/2023(A),Provision of Light Goods Vehicles for Hiring by Electrical and Mechanical Services Department,Nov 2023,"(1) Hiring of Light Goods Vehicles (Items 1, 2 & 3)
(2) Hiring of Light Goods Vehicles (Items 4, 5 & 6)",Open,"(1) Lison Transportation Co. Ltd.
(2) Dah Chong Hong (Motor Leasing) Limited","(1) HK$59,262,381.70
(2) HK$30,190,735.00",https://www.emsd.gov.hk/en/tenders_contracts_and_consultancies/tender_notices/tender_notices/index_id_5261.html,,,,
1179EM23T,Triennial Term Contract for Operation and Maintenance of Air-conditioning Installations in Various Venues of the Government of the Hong Kong Special Administrative Region Maintained by Hong Kong Maintenance Sub-division TWO of General Engineering Services Division,Nov 2023,Air Conditioning Installation,Selective,REC Engineering Company Limited,"$122,840,000.00",https://www.emsd.gov.hk/en/tenders_contracts_and_consultancies/tender_notices/tender_notices/index_id_5251.html,,,,
1875EM22T,Triennial Term Contract for the Comprehensive Maintenance and Repair of Escalator Installation at Various Premises of the Government of the Hong Kong Special Administrative Region (Package One of SC22),Nov 2023,Comprehensive maintenance and repair of escalator installations at various premises of the Government of the Hong Kong Special Administrative Region.,Open,Holake Hong Kong Lifts Limited,"$24,767,390.00",https://www.emsd.gov.hk/en/tenders_contracts_and_consultancies/tender_notices/tender_notices/index_id_5254.html,,,,
1232EM22W,Replacement of HV & LV Electrical Supply & Distribution Systems and Generator System at the Shing Mun Tunnels,Nov 2023,Industrial Type Electrical Installation,Selective,Kum Shing Engineering Company Limited,"$113,420,888.00",https://www.emsd.gov.hk/en/tenders_contracts_and_consultancies/tender_notices/tender_notices/index_id_5209.html,,,,
1178EM23T,Triennial Term Contract for Operation and Maintenance of Air-conditioning Installations in Various Venues of the Government of the Hong Kong Special Administrative Region Maintained by Hong Kong Maintenance Sub-division ONE of General Engineering Services Division,Nov 2023,Air Conditioning Installation,Selective,Yordland Engineering Limited,"$137,410,000.00",https://www.emsd.gov.hk/en/tenders_contracts_and_consultancies/tender_notices/tender_notices/index_id_5249.html,,,,
2275EM22T,Quadrennial Term Contract for Comprehensive Maintenance of Pumping Installations at Correctional Services Department and Other Disciplined Services Venues,Oct 2023,Mechanical Plant and Equipment Installation,Selective,"Associated Engineers, Limited","$21,097,750.00",https://www.emsd.gov.hk/en/tenders_contracts_and_consultancies/tender_notices/tender_notices/index_id_5246.html,,,,
1144EM23T,"Triennial Term Contract for the Maintenance and Repair of, Alterations and Additions to, Fire Service Installations for the Venues of Boundary Crossing Facilities and Transport Services Division for the Government of HKSAR",Oct 2023,Fire Service Installation,Selective,Kenworth Engineering Limited,"$49,840,560.00",https://www.emsd.gov.hk/en/tenders_contracts_and_consultancies/tender_notices/tender_notices/index_id_5245.html,,,,
1714EM22T,"Quadrennial Term Contract for the Comprehensive Maintenance and Repair of Lift Installations at Various Premises of the Government of the Hong Kong Special Administrative Region (Package Two of KO22)

 ",Oct 2023,"Lift, Escalator and Passenger Conveyor Installation",Selective,Kone Elevator (HK) Limited,"$87,383,808.00",https://www.emsd.gov.hk/en/tenders_contracts_and_consultancies/tender_notices/tender_notices/index_id_5219.html,,,,
1666EM21A (1661EM21A),Prequalification for Design-Build-Operate Contract for the District Cooling System (DCS) at the Tung Chung New Town Extension (East) (TCNTE(E)),Sep 2023,Design-Build-Operate Contract,Prequalified,Paul Y. - Big Four Joint Venture,"HK$2,375,954,220.40",https://www.emsd.gov.hk/en/tenders_contracts_and_consultancies/tender_notices/tender_notices/index_id_4073.html,,,,
2658EM22T,"42-Month Term Contract for the Fault Attendance, Comprehensive Maintenance, Repair and Replacement of Structure Lighting System at Various Premises of the Highways Department of the Government of HKSAR",Sep 2023,Industrial Type Electrical Installation,Selective,Mak Hang Kei (Hong Kong) Construction Limited,"$39,507,640.00",https://www.emsd.gov.hk/en/tenders_contracts_and_consultancies/tender_notices/tender_notices/index_id_5237.html,,,,
1642EM22T,Triennial Term Contract for the Operation and Maintenance of Air-conditioning Installations for Attended Municipal Venues in Hong Kong Region,Aug 2023,Air Conditioning Installation,Selective,REC Engineering Company Limited,"$80,250,000.00",https://www.emsd.gov.hk/en/tenders_contracts_and_consultancies/tender_notices/tender_notices/index_id_5224.html,,,,
2251EM22W,Replacement of Chiller Plants and Associated Works at Tai Po Complex,Aug 2023,Air Conditioning Installation,Selective,Krueger Engineering (Asia) Limited,"$18,700,000.00",https://www.emsd.gov.hk/en/tenders_contracts_and_consultancies/tender_notices/tender_notices/index_id_5208.html,,,,
EMSDTU1 0021/C/2023,Provision of Administration Support Services for Training Unit and Supplies Sub-division of Electrical & Mechanical Services Department,Jul 2023,Provision of Administration Support Services for Training Unit and Supplies Sub-division of Electrical & Mechanical Services Department.  The contract will last for 24 months.,Open,Adecco Personnel Limited,"HK$7,781,760.00",https://www.emsd.gov.hk/en/tenders_contracts_and_consultancies/tender_notices/tender_notices/index_id_5236.html,,,,
1276EM22W,Replacement of Fire Service System at Tate's Cairn Tunnel,Jul 2023,Fire Service Installation,Selective,Wise Engineering Company,"$45,620,368.00",https://www.emsd.gov.hk/en/tenders_contracts_and_consultancies/tender_notices/tender_notices/index_id_5210.html,,,,
2683EM21T,36-month Term Contract for Maintenance of SCADA System of Hong Kong Boundary Crossing Facilities (HKBCF) at Hong Kong Zhuhai Macao Bridge.,Jul 2023,Burglar Alarm and Security Installation,Selective,EC Infotech Limited,"$28,900,960.00",https://www.emsd.gov.hk/en/tenders_contracts_and_consultancies/tender_notices/tender_notices/index_id_4102.html,,,,
2192EM22W,"Replacement of Voice Communication Systems of Tsing Sha Control Area

 ",Jul 2023,"Dismantling and renovation of existing Voice Communication Systems in the Tsing Sha Control Area (TSCA), including supply, installation, testing and commissioning of new system and migration of services.",Open,Hongkong Koon Technology Limited,"$11,962,686.00",https://www.emsd.gov.hk/en/tenders_contracts_and_consultancies/tender_notices/tender_notices/index_id_5211.html,,,,
2213EM22W,Supply and Installation of Audio Visual System for the Auditorium and Multi-function Rooms of the Chinese Medicine Hospital,Jul 2023,Audio Electronics Installation,Selective,Vega Technology Limited,"$8,602,282.00",https://www.emsd.gov.hk/en/tenders_contracts_and_consultancies/tender_notices/tender_notices/index_id_5215.html,,,,
2489EM22T,Triennial Term Contract for Maintenance of Security and Electronic Systems at Hong Kong-Zhuhai-Macao Bridge Hong Kong Port (HZMB HKP) and Other Airport Engineering Services Venues,Jul 2023,Burglar Alarm and Security Installation,Selective,EC Infotech Limited,"$58,497,350.00",https://www.emsd.gov.hk/en/tenders_contracts_and_consultancies/tender_notices/tender_notices/index_id_5216.html,,,,
2395EM22T,"Quadrennial Term Contract for Maintenance of Water-side System of Heating, Ventilation and Air-conditioning Installations for Hong Kong Port (HKP) at Hong Kong Zhuhai Macao Bridge",Jun 2023,Air Conditioning Installation,Selective,REC Engineering Company Limited,"$63,180,000.00",https://www.emsd.gov.hk/en/tenders_contracts_and_consultancies/tender_notices/tender_notices/index_id_5227.html,,,,
2329EM22T,Quadrennial Term Contract for Maintenance of Main Power Supply and Distribution Equipment for Hong Kong Port (HKP) and Hong Kong Link Road (HKLR) at Hong Kong Zhuhai Macao Bridge Region,Jun 2023,Industrial Type Electrical Installation,選擇性,ATAL Engineering Limited,"$30,853,092.00",https://www.emsd.gov.hk/en/tenders_contracts_and_consultancies/tender_notices/tender_notices/index_id_5226.html,,,,
2187EM22T,"Triennial Term Contract for Maintenance of Air-conditioning, Electrical, Mechanical and Building Services in Yan Chai Hospital",Jun 2023,Air Conditioning Installation,Selective,Alliance Contracting Company Limited,"$45,157,000.00",https://www.emsd.gov.hk/en/tenders_contracts_and_consultancies/tender_notices/tender_notices/index_id_5217.html,,,,
2056EM22W,Replacement of Tunnel Lighting System at Eastern Harbour Crossing,Jun 2023,Industrial Type Electrical Installation,Selective,Wing Cheong Electrical Engineering & Contracting Company Limited,"$80,992,013.00",https://www.emsd.gov.hk/en/tenders_contracts_and_consultancies/tender_notices/tender_notices/index_id_5201.html,,,,
2398EM22W,"Installation, Test and Commissioning of Field Equipment of Traffic Control and Surveillance System (TCSS) for Kai Tak Tunnel in Kowloon Bay",Jun 2023,"Includes but not limited to the takeover, storage, upkeep, delivery, installation, testing and commissioning of field equipment for Traffic Control and Surveillance System (TCSS) of Kai Tak Tunnel in Kowloon Bay",Open,Parsons Delcan Inc.,"$13,249,000.00",https://www.emsd.gov.hk/en/tenders_contracts_and_consultancies/tender_notices/tender_notices/index_id_5223.html,,,,
2491EM22T,Triennial Term Contract for the Maintenance and Repair of Burglar Alarm and Security Installation at Various General Engineering Venues in Kowloon Region and New Territories Region of the Government of the Hong Kong Special Administrative Region,Jun 2023,Burglar Alarm and Security Installation,Selective,Chubb Hong Kong Limited,"$15,831,880.00",https://www.emsd.gov.hk/en/tenders_contracts_and_consultancies/tender_notices/tender_notices/index_id_5204.html,,,,
2490EM22T,Triennial Term Contract for the Maintenance and Repair of Burglar Alarm and Security Installation at Various General Engineering Venues in Hong Kong Region of the Government of the Hong Kong Special Administrative Region,Jun 2023,Burglar Alarm and Security Installation,Selective,Chubb Hong Kong Limited,"$13,456,600.00",https://www.emsd.gov.hk/en/tenders_contracts_and_consultancies/tender_notices/tender_notices/index_id_5203.html,,,,
2723EM21W,Replacement of Fire Service System at Shing Mun Tunnels,May 2023,Fire Service Installation,Selective,Wise Engineering Company,"$17,005,497.00",https://www.emsd.gov.hk/en/tenders_contracts_and_consultancies/tender_notices/tender_notices/index_id_5206.html,,,,
1616EM22W,Replacement of Air-cooled Chillers and Associated Installations at Pamela Youde Nethersole Eastern Hospital and Princess Margaret Hospital,May 2023,Air Conditioning Installation,Selective,Shun Hing E & M Engineering,"$23,733,000.00",https://www.emsd.gov.hk/en/tenders_contracts_and_consultancies/tender_notices/tender_notices/index_id_5221.html,,,,
2334EM22W,Supply and Installation of various Electronic Systems to Support Three-Runway System (3RS) at Hong Kong International Airport (HKIA),May 2023,Audio Electronics Installation,Selective,EC Infotech Limited,"$11,032,156.00",https://www.emsd.gov.hk/en/tenders_contracts_and_consultancies/tender_notices/tender_notices/index_id_5214.html,,,,
1107EM22W,Provision of Electric Locks Security System in Stanley Prison for Correctional Services Department,May 2023,"installation of high security electro-mechanical lock, CCTV cameras with video recording, access control system, metal gate and associated building works at Stanley Prison for Correctional Services Department",Open,Kin Ming Construction Company Limited,"$463,025,841.00",https://www.emsd.gov.hk/en/tenders_contracts_and_consultancies/tender_notices/tender_notices/index_id_5207.html,,,,
1535EM22T,Triennial Term Contract for the Comprehensive Maintenance and Repair of Lift Installations at Various Premises of the Government of the Hong Kong Special Administrative Region (Package One of TK22),Apr 2023,comprehensive maintenance and repairing of lift installation at various premises of the Government of the Hong Kong Special Administrative Region,Open,TK Elevator Hong Kong Limited,"$16,305,976.00",https://www.emsd.gov.hk/en/tenders_contracts_and_consultancies/tender_notices/tender_notices/index_id_5195.html,,,,
1809EM22W,Replacement of Air Handling Units and Associated Equipment in Block S of Princess Margaret Hospital (Phase 1),Mar 2023,Air Conditioning Installation,Selective,"Winston Air Conditioning & Engineering (Hong Kong) Company, Limited","$24,698,336.00",https://www.emsd.gov.hk/en/tenders_contracts_and_consultancies/tender_notices/tender_notices/index_id_5199.html,,,,
1617EM22W,Bulk Replacement of Lifts and Associated Installations at Multi-centre Blocks of Pamela Youde Nethersole Eastern Hospital,Mar 2023,"Lift, Escalator and Passenger Conveyor Installation",Selective,Chevalier (HK) Limited,"$18,500,000.00",https://www.emsd.gov.hk/en/tenders_contracts_and_consultancies/tender_notices/tender_notices/index_id_5200.html,,,,
1607EM21T,"Triennial Term Contract for Maintenance of Air-conditioning and Electrical Installations at Ruttonjee Hospital, Tung Wah Eastern Hospital and Cheshire Home Chung Hom Kok",Feb 2023,Air Conditioning Installation,Selective,Yordland Engineering Limited,"$37,293,000.00",https://www.emsd.gov.hk/en/tenders_contracts_and_consultancies/tender_notices/tender_notices/index_id_5197.html,,,,
1830EM21W,Replacement of High Voltage and Low Voltage Power Supply Systems at Tate’s Cairn Tunnel,Feb 2023,Industrial Type Electrical Installation,Selective,Steadfast Engineering Limited,"$86,688,000.00",https://www.emsd.gov.hk/en/tenders_contracts_and_consultancies/tender_notices/tender_notices/index_id_5194.html,,,,
1856EM22W,Replacement of 3 Sets of Air-cooled Chillers and Associated Accessories on R/F of Chiller Plant at Wu Chung House,Feb 2023,Air Conditioning Installation,Selective,Kenworth Engineering Limited,"$10,173,800.00",https://www.emsd.gov.hk/en/tenders_contracts_and_consultancies/tender_notices/tender_notices/index_id_5193.html,,,,
1029EM22T,"Quadrennial Term Contract for Provision of Maintenance, Modification and Installation Works for Area Traffic Control System",Feb 2023,"maintenance, modification and installation works for the Area Traffic Control (ATC) System and provision of first line maintenance for traffic signals & accessories equipment.",Open,Siemens Limited,"$52,205,351.00",https://www.emsd.gov.hk/en/tenders_contracts_and_consultancies/tender_notices/tender_notices/index_id_4118.html,,,,
2227EM22T,Triennial Term Contract for Maintenance of Mechanical Installations for Hong Kong Port (HKP) and Hong Kong Link Road (HKLR) at Hong Kong Zhuhai Macao Bridge,Jan 2023,Mechanical Plant and Equipment Installation,Selective,ATAL Engineering Limited,"$77,860,832.00",https://www.emsd.gov.hk/en/tenders_contracts_and_consultancies/tender_notices/tender_notices/index_id_5189.html,,,,
1735EM22W,Supply and Installation of Chiller Systems and Associated Equipment in Municipal Venues in the New Territories West,Jan 2023,Air Conditioning Installation,Selective,Quad-Tech Engineering (H.K.) Company Limited,"$6,160,800.00",https://www.emsd.gov.hk/en/tenders_contracts_and_consultancies/tender_notices/tender_notices/index_id_4182.html,,,,
1081EM22T,"Triennial Term Contract for Maintenance of Heating, Ventilation & Air-conditioning Installations at Municipal Venues in the New Territories West",Dec 2022,Air Conditioning Installation,Selective,Standard Refrigeration & Engineering Company Limited,"$175,683,600.00",https://www.emsd.gov.hk/en/tenders_contracts_and_consultancies/tender_notices/tender_notices/index_id_4153.html,,,,
1557EM22W,Replacement of Traffic Surveillance System in the Tsing Sha Control Area,Dec 2022,"dismantling and renovation of existing traffic surveillance system, including supply, installation, testing and commissioning of new system and migration of services.",Open,Shine Union Limited,"$21,976,045.00",https://www.emsd.gov.hk/en/tenders_contracts_and_consultancies/tender_notices/tender_notices/index_id_4185.html,,,,
1689EM22W,Replacement of 7 Lifts at Macau Ferry Terminal,Dec 2022,"Lift, Escalator and Passenger Conveyor Installation",Selective,Kone Elevator (HK) Limited,"$8,700,000.00",https://www.emsd.gov.hk/en/tenders_contracts_and_consultancies/tender_notices/tender_notices/index_id_5190.html,,,,
1615EM22T,Triennial Term Contract for Maintenance of Electrical and Mechanical Equipment and Installations for Health Sector Venues in New Territories West Region,Dec 2022,Steam and Compressed Air Installation,Selective,REC Engineering Company Limited,"$49,249,160.00",https://www.emsd.gov.hk/en/tenders_contracts_and_consultancies/tender_notices/tender_notices/index_id_4183.html,,,,
1098EM22T,Triennial Term Contract for the Comprehensive Maintenance and Repair of Lift Installations at Various Premises of Hospital Authority (SC22),Nov 2022,"Lift, Escalator and Passenger Conveyor Installation",Selective,Schindler Lifts (Hong Kong),"$23,431,008.00",https://www.emsd.gov.hk/en/tenders_contracts_and_consultancies/tender_notices/tender_notices/index_id_4103.html,,,,
1527EM22W,Replacement of HV Interconnector Cable at Aberdeen Tunnel,Nov 2022,Industrial Type Electrical Installation,Selective,Steadfast Engineering Limited,"$9,888,000.00",https://www.emsd.gov.hk/en/tenders_contracts_and_consultancies/tender_notices/tender_notices/index_id_4181.html,,,,
1095EM22T,30-month Term Contract for Maintenance and Improvement of Electrical and Mechanical installations for Hospitals and Clinics in New Territories East Region,Nov 2022,Electrical Installation,Selective,Au Chow Electrical Company Limite,"$56,222,000.00",https://www.emsd.gov.hk/en/tenders_contracts_and_consultancies/tender_notices/tender_notices/index_id_4156.html,,,,
1962EM20T,Quadrennial Term Contract for the Maintenance and Repair of Burglar Alarm and Security Installations at Various Disciplined Services Venues,Nov 2022,Burglar Alarm and Security Installation,Selective,EC Infotech Limited,"$25,138,270.00",https://www.emsd.gov.hk/en/tenders_contracts_and_consultancies/tender_notices/tender_notices/index_id_4146.html,,,,
1438EM22T,"36-Month Term Contract for Maintenance of Heating, Ventilation and Air-conditioning Installations for Hong Kong Children's Hospital",Oct 2022,Air Conditioning Installation,Selective,China State Mechanical & Electrical Engineering Limited,"$43,000,000.00",https://www.emsd.gov.hk/en/tenders_contracts_and_consultancies/tender_notices/tender_notices/index_id_4172.html,,,,
1558EM22W,Replacement of Traffic Control and Surveillance System in the Aberdeen Tunnel and Tate’s Cairn Tunnel,Oct 2022,"Dismantling and renovation of existing traffic control and surveillance system, including supply, installation, testing and commissioning of new system and migration of services.",Open,GTECH Services (Hong Kong) Limited,"$199,800,000.00",https://www.emsd.gov.hk/en/tenders_contracts_and_consultancies/tender_notices/tender_notices/index_id_4174.html,,,,
2750EM21W,Provision of Wrong-way Traffic Detection Feature for the Existing Automatic Incident Detection (AID) System and Human Intrusion System at Central-Wan Chai Bypass Tunnel,Oct 2022,"Supply, installation, delivery, testing and commissioning of wrong-way traffic detection feature for the existing Automatic Incident Detection (AID) System and Human Intrusion System at Central-Wan Chai Bypass Tunnel, including interfacing works with existing systems",Open,Parsons Delcan Inc.,"$13,688,000.00",https://www.emsd.gov.hk/en/tenders_contracts_and_consultancies/tender_notices/tender_notices/index_id_4168.html,,,,
2157EM21T,Triennial Term Contract for Maintenance and Repair of Vehicle Examination Equipment for Transport Department Vehicle Examination Complex of Transport Department for the Government of HKSAR,Oct 2022,Mechanical Plant and Equipment Installation,Selective,REC Engineering Company Limited,"$14,766,800.00",https://www.emsd.gov.hk/en/tenders_contracts_and_consultancies/tender_notices/tender_notices/index_id_4121.html,,,,
1012EM22T,30-month Term Contract for the Comprehensive Maintenance and Repair of Lift Installations at Various Premises of Hospital Authority (KO18),Oct 2022,"Lift, Escalator and Passenger Conveyor Installation",Selective,Kone Elevator (HK) Limited,"$23,236,540.00",https://www.emsd.gov.hk/en/tenders_contracts_and_consultancies/tender_notices/tender_notices/index_id_4120.html,,,,
2810EM21T,30-month Term Contract for the Comprehensive Maintenance and Repair of Lift Installations at Various Premises of the Hospital Authority (MT22),Oct 2022,"Lift, Escalator and Passenger Conveyor Installation",Selective,TK Elevator Hong Kong Limited,"$9,357,255.00",https://www.emsd.gov.hk/en/tenders_contracts_and_consultancies/tender_notices/tender_notices/index_id_4140.html,,,,
2874EM21T,Triennial Term Contract for Maintenance and Operation of Mobile Closed Circuit Television System for Transport Department,Oct 2022,Radio Electronics Installation,Selective,C.A. Sheimer (H.K.) Limited,"$11,144,600.00",https://www.emsd.gov.hk/en/tenders_contracts_and_consultancies/tender_notices/tender_notices/index_id_4099.html,,,,
2446EM21W,Revamp of Mechanical Ventilation System for Bayview Garden Bus Terminus,Oct 2022,Mechanical Plant and Equipment Installation,Selective,"The Jardine Engineering Corporation, Limited","$22,999,990.00",https://www.emsd.gov.hk/en/tenders_contracts_and_consultancies/tender_notices/tender_notices/index_id_4171.html,,,,
2678EM21W,"Replacement of Refractories and Insulation Bricks for Cremator No. 4, No. 5 and No. 6 at Wo Hop Shek Crematorium",Oct 2022,Mechanical Plant and Equipment Installation,Selective,"The Jardine Engineering Corporation, Limited","$42,382,500.00",https://www.emsd.gov.hk/en/tenders_contracts_and_consultancies/tender_notices/tender_notices/index_id_4155.html,,,,
2502EM21T,"Triennial Term Contract for Maintenance of Heating, Ventilation, Air-conditioning and Other Installations for Municipal Venues in New Territories East Areas",Oct 2022,Air Conditioning Installation,Selective,Alliance Contracting Company Limited,"$137,444,444.00",https://www.emsd.gov.hk/en/tenders_contracts_and_consultancies/tender_notices/tender_notices/index_id_4129.html,,,,
1317EM21T,"Triennial Term Contract for the Maintenance and Repair, Alteration and Additions to Fire Service Installations in Venues of the Government of the Hong Kong SAR Maintained by General Engineering Services Division in Kowloon and New Territories",Sep 2022,Fire Service Installation,Selective,REC Engineering Company Limited,"$29,746,980.00",https://www.emsd.gov.hk/en/tenders_contracts_and_consultancies/tender_notices/tender_notices/index_id_3001.html,,,,
1339EM22W,Replacement of Chillers and Other Air Conditioning Installations at Hong Kong Science Museum,Sep 2022,Air Conditioning Installation,Selective,Newland Engineering Limited,"$10,618,668.00",https://www.emsd.gov.hk/en/tenders_contracts_and_consultancies/tender_notices/tender_notices/index_id_4177.html,,,,
2661EM21T,"36-Month Term Contract for Maintenance and Improvement of Heating, Ventilation, Air-conditioning and Electrical Installations for Hospitals and Clinics in Kowloon Central Region",Sep 2022,Air Conditioning Installation,Selective,ATAL Engineering Limited,"$53,282,876.00",https://www.emsd.gov.hk/en/tenders_contracts_and_consultancies/tender_notices/tender_notices/index_id_4145.html,,,,
2140EM21T,54-Month Term Contract for the Comprehensive Maintenance and Repair of Escalator Installations at Various Premises of Hospital Authority (AE22),Sep 2022,"Lift, Escalator and Passenger Conveyor Installation",Selective,Anlev Elex Elevator Limited,"$16,113,798.16",https://www.emsd.gov.hk/en/tenders_contracts_and_consultancies/tender_notices/tender_notices/index_id_4110.html,,,,
2823EM21T,"33-Month Term Contract for the Maintenance and Repair of, Alterations and Additions to Fire Service Installations for Health Services Buildings in New Territories Region",Sep 2022,Fire Service Installation,Selective,Shun Cheong Electrical Engineering Company Limited,"$38,397,000.00",https://www.emsd.gov.hk/en/tenders_contracts_and_consultancies/tender_notices/tender_notices/index_id_4119.html,,,,
2839EM21T,Five-year Term Contract for Maintenance of Terrestrial Trunked Radio (TETRA) System for Correctional Services Department,Sep 2022,Radio Electronics Installation,Selective,Motorola Solutions Asia Pacific Limited,"$50,258,811.00",https://www.emsd.gov.hk/en/tenders_contracts_and_consultancies/tender_notices/tender_notices/index_id_4115.html,,,,
2805EM21T,30-Month Term Contract for the Comprehensive Maintenance and Repair of Lift Installations at Various Premises of the Hospital Authority (AE22),Sep 2022,"Lift, Escalator and Passenger Conveyor Installation",Selective,Anlev Elex Elevator Limited,"$46,445,003.40",https://www.emsd.gov.hk/en/tenders_contracts_and_consultancies/tender_notices/tender_notices/index_id_4111.html,,,,
1082EM22T,"Triennial Term Contract for the Maintenance, Repair, Alterations, Additions and Improvement for Broadcast Reception Installation and Satellite Master Antenna Television System for the Government of the Hong Kong Special Administrative Region",Aug 2022,Broadcast Reception Installation,Selective,EC Infotech Limited,"$10,714,856.00",https://www.emsd.gov.hk/en/tenders_contracts_and_consultancies/tender_notices/tender_notices/index_id_4141.html,,,,
1599EM21T,"36-month Term Contract for Maintenance of Automatic Vehicle Clearance Support System of Cargo Selectivity Centre, Fanling Monitoring Centre, Heung Yuen Wai, Kwai Chung Customs House, Lok Ma Chau, Man Kam To, Sha Tau Kok and Shenzhen Bay Boundary Control Points",Aug 2022,"Preventive Maintenance Service, Corrective Maintenance Service, Alternations, Additions and Improvement Works for the Automatic Vehicle Clearance Support Systems for various Boundary Control Points",Open,NEC Hong Kong Limited,"$38,888,888.00",https://www.emsd.gov.hk/en/tenders_contracts_and_consultancies/tender_notices/tender_notices/index_id_4096.html,,,,
1043EM22T,"Triennial Term Contract for Maintenance and Repair of Burglar Alarm and Security Installations at Central Government Offices, Chief Executive's Office and Legislative Council Complex, Tamar",Aug 2022,Burglar Alarm and Security Installation,Selective,Nixon Technology Company Limited,"$21,075,760.00",https://www.emsd.gov.hk/en/tenders_contracts_and_consultancies/tender_notices/tender_notices/index_id_4143.html,,,,
2531EM21T,Biennial Term Contract for Supply & Installation of Solar Photovoltaic (PV) Systems for Schools and Welfare NGOs,Aug 2022,Electrical Installation,Selective,Iu Cheong Electric Company,"$23,113,600.00",https://www.emsd.gov.hk/en/tenders_contracts_and_consultancies/tender_notices/tender_notices/index_id_4157.html,,,,
1606EM21T,"Triennial Term Contract for Building Services Fitting-out, Replacement and Improvement Works for Health Sector Venues in Kowloon East Region",Aug 2022,Air Conditioning Installation,Selective,Alliance Contracting Company Limited,"$68,940,052.00",https://www.emsd.gov.hk/en/tenders_contracts_and_consultancies/tender_notices/tender_notices/index_id_4147.html,,,,
1099EM22T,Triennial Term Contract for the Comprehensive Maintenance and Repair of Escalator Installations at Various Premises of Hospital Authority (SC22E),Aug 2022,"Lift, Escalator and Passenger Conveyor Installation",Selective,Schindler Lifts (Hong Kong),"$3,804,800.00",https://www.emsd.gov.hk/en/tenders_contracts_and_consultancies/tender_notices/tender_notices/index_id_4136.html,,,,
2522EM21T,Triennial Term Contract for the Comprehensive Maintenance and Repair of Lift Installations at Various Premises of the Government of the Hong Kong Special Administrative Region (Package One of SC22),Aug 2022,Comprehensive Maintenance and Repair of Lift Installations at Various Premises of the Government for 3 years,Open,Holake Hong Kong Lifts Limited,"$28,015,385.00",https://www.emsd.gov.hk/en/tenders_contracts_and_consultancies/tender_notices/tender_notices/index_id_4097.html,,,,
1738EM21T,"Triennial Term Contract for the Maintenance and Repair of, Alterations and Additions to Fire Service Installations for Health Services Buildings in Kowloon Region",Aug 2022,Fire Service Installation,Selective,Chubb Hong Kong Limited,"$44,823,300.00",https://www.emsd.gov.hk/en/tenders_contracts_and_consultancies/tender_notices/tender_notices/index_id_4094.html,,,,
1711EM21T,"Triennial Term Contract for Building Services Fitting-out, Replacement and Improvement Works to Health Sector Venues in Kowloon West Region",Aug 2022,Air Conditioning Installation,Selective,Alliance Contracting Company Limited,"$44,317,000.00",https://www.emsd.gov.hk/en/tenders_contracts_and_consultancies/tender_notices/tender_notices/index_id_4122.html,,,,
2802EM21T,"36-Month Term Contract for Maintenance and Improvement of Heating, Ventilation and Air-conditioning Installations for Hospitals and Clinics in New Territories East Region",Aug 2022,Air Conditioning Installation,Selective,Alliance Contracting Company Limited,"$117,159,444.00",https://www.emsd.gov.hk/en/tenders_contracts_and_consultancies/tender_notices/tender_notices/index_id_4124.html,,,,
2443EM20W,Replacement of Tunnel Ventilation System at Kai Tak Tunnel,Aug 2022,Industrial Type Electrical Installation,Selective,GTECH Services (Hong Kong) Limited,"$94,800,000.00",https://www.emsd.gov.hk/en/tenders_contracts_and_consultancies/tender_notices/tender_notices/index_id_4128.html,,,,
2384EM21T,Triennial Term Contract for the Comprehensive Maintenance and Repair of Live Fire Training Facilities at Fire and Ambulance Services Academy and West Kowloon Rescue Training Centre for the Fire Services Department of the Government of the Hong Kong Special Administrative Region.,Aug 2022,Mechanical Plant and Equipment Installation,Selective,Southa Technical Limited,"$61,900,000.00",https://www.emsd.gov.hk/en/tenders_contracts_and_consultancies/tender_notices/tender_notices/index_id_4132.html,,,,
2167EM21T,Triennial Term Contract for Provision of Maintenance Services for Mobile X-Ray Vehicle Scanning Systems (MXRVSS) and Palletized Cargo X-Ray Inspection System (PCIS) of Customs & Excise Department (C&ED),Aug 2022,Provision of maintenance services for Mobile X-ray Vehicle Scanning Systems (MXRVSS) and Palletized Cargo X-Ray Inspection System (PCIS),Open,Nuctech Hong Kong Company Limited,"$47,822,660.00",https://www.emsd.gov.hk/en/tenders_contracts_and_consultancies/tender_notices/tender_notices/index_id_4083.html,,,,
1429EM21T,30-month Term Contract for the Comprehensive Maintenance and Repair of Lift Installations at Various Premises of Hospital Authority (OT22),Aug 2022,"Lift, Escalator and Passenger Conveyor Installation",Selective,Otis Elevator Company (H.K.) Limited,"$65,816,600.00",https://www.emsd.gov.hk/en/tenders_contracts_and_consultancies/tender_notices/tender_notices/index_id_4138.html,,,,
EMSD P/5-10/13 (2022),Provision of Services of Temporary Clerks for the Electrical and Mechanical Services Department,Aug 2022,Term Contract for Supply of Temporary Clerks on As and When Required Basis.,Open,TALENTQUEST HR LIMITED,"HK$9,401,000",https://www.emsd.gov.hk/en/tenders_contracts_and_consultancies/tender_notices/tender_notices/index_id_1758.html,,,,
2973EM21T,"Triennial Term Contract for the Maintenance and Repair of, Alterations and Additions to Fire Services Installations for Health Services Buildings in Hong Kong Region and Outlying Islands",Aug 2022,Fire Service Installation,Selective,Shun Cheong Electrical Engineering Company Limited,"$25,660,000.00",https://www.emsd.gov.hk/en/tenders_contracts_and_consultancies/tender_notices/tender_notices/index_id_4125.html,,,,
2301EM21T,Triennial Term Contract for the Maintenance and Repair of Burglar Alarm and Security Installation at Various Judiciary and Justice Venues for the Government of the Hong Kong Special Administrative Region,Aug 2022,Burglar Alarm and Security Installation,Selective,Shun Hing Engineering Contracting Company Limited,"$8,496,280.00",https://www.emsd.gov.hk/en/tenders_contracts_and_consultancies/tender_notices/tender_notices/index_id_4089.html,,,,
EMU/T/2022/01,Provision of Property Management Services to the Electrical & Mechanical Services Department Headquarters,Aug 2022,Property Management Services,Open,Synergis Facility Management Limited,"HK$68,862,997.00",https://www.emsd.gov.hk/en/tenders_contracts_and_consultancies/tender_notices/tender_notices/index_id_4167.html,,,,
2878EM21T,30-Month Term Contract for the Comprehensive Maintenance and Repair of Lift Installations at Various Premises of Hospital Authority (FT22),Aug 2022,"Lift, Escalator and Passenger Conveyor Installation",Selective,Fujitec (HK) Company Limited,"$17,369,750.00",https://www.emsd.gov.hk/en/tenders_contracts_and_consultancies/tender_notices/tender_notices/index_id_4088.html,,,,
1079EM22T,"Triennial Term Contract for Air-conditioning, Electrical, Mechanical and Building Services Fitting-out, Replacement and Improvement Works at Hong Kong Police Force Venues",Aug 2022,Air Conditioning Installation,Selective,Meco Engineering Limited,"$69,535,520.00",https://www.emsd.gov.hk/en/tenders_contracts_and_consultancies/tender_notices/tender_notices/index_id_4130.html,,,,
1025EM22T,Triennial Term Contract for Maintenance of Digital Red Light Camera System (Phase III and IV) for Hong Kong Police Force,Aug 2022,Comprehensive maintenance works of Digital Red Light Camera System (Phase III and Phase IV) of Hong Kong Police Force,Open,Win Promise Limited,"$48,288,888.00",https://www.emsd.gov.hk/en/tenders_contracts_and_consultancies/tender_notices/tender_notices/index_id_4116.html,,,,
2136EM20T,"Triennial Term Contract for Maintenance of Heating, Ventilation and Air-conditioning Installations for Health Sector Venues in Kowloon West Region",Jul 2022,Air Conditioning Installation,Selective,ATAL Engineering Limited,"$55,247,059.21",https://www.emsd.gov.hk/en/tenders_contracts_and_consultancies/tender_notices/tender_notices/index_id_4072.html,,,,
2760EM21T,Triennial Term Contract for Maintenance and Repair of Mechanical Ventilation Installations for Public Transport Interchanges of Transport Department for the Government of HKSAR.,Jul 2022,Mechanical Plant and Equipment Installation,Selective,Tai Ah Engineering Company,"$56,765,000.00",https://www.emsd.gov.hk/en/tenders_contracts_and_consultancies/tender_notices/tender_notices/index_id_4137.html,,,,
2715EM21T,Triennial Term Contract for the Comprehensive Maintenance and Repair of Lift Installations at Various Premises of the Government of the Hong Kong Special Administrative Region (Package One of GE15),Jul 2022,comprehensive maintenance and repair of lift installations at various premises of the Government of the Hong Kong Special Administrative Region,Open,Otis Elevator Company (H.K.) Limited,"$42,152,774.00",https://www.emsd.gov.hk/en/tenders_contracts_and_consultancies/tender_notices/tender_notices/index_id_4070.html,,,,
1484EM21T,"Triennial Term Contract for Maintenance and Improvement of Heating, Ventilation and Air-conditioning Installations for Hospitals and Clinics in Kowloon East Region",Jul 2022,Air Conditioning Installation,Selective,ATAL Engineering Limited,"$103,443,977.23",https://www.emsd.gov.hk/en/tenders_contracts_and_consultancies/tender_notices/tender_notices/index_id_4066.html,,,,
1361EM21T,Triennial Term Contract for Maintenance of Medical Gas Pipeline Systems for Health Sector Venues,Jul 2022,Steam and Compressed Air Installation,Selective,Linde HKO Limited,"$88,855,484.00",https://www.emsd.gov.hk/en/tenders_contracts_and_consultancies/tender_notices/tender_notices/index_id_4064.html,,,,
1026EM22T,"Triennial Term Contract for Repairs, Operation and Maintenance to Boilers, Hot Water Installations, Steam Related Equipment and Accessories in Various Health Care Institutions in Hong Kong of the Government of the Hong Kong Special Administrative Region",Jul 2022,Liquefied Petroleum Gas Installation,Selective,Yau Sang Engineering Company,"$26,218,100.00",https://www.emsd.gov.hk/en/tenders_contracts_and_consultancies/tender_notices/tender_notices/index_id_4112.html,,,,
2139EM21W,"District Cooling System (DCS) at Kai Tak Development (KTD) Phase IIIR – Electrical and Mechanical Installation at Sites 1E2, 1F1 and 1P3 and Modification Works at Northern District Cooling System Plant",Jul 2022,Air Conditioning Installation,Selective,"Winston Air Conditioning & Engineering (Hong Kong) Company, Limited","$59,882,628.18",https://www.emsd.gov.hk/en/tenders_contracts_and_consultancies/tender_notices/tender_notices/index_id_4114.html,,,,
1910EM21W,"Replacement of Refractories and Insulation Bricks for Cremators at Fu Shan Crematorium, Diamond Hill Crematorium and Cape Collinson Crematorium",Jul 2022,Mechanical Plant and Equipment Installation,Selective,Southa Technical Limited,"$33,670,000.00",https://www.emsd.gov.hk/en/tenders_contracts_and_consultancies/tender_notices/tender_notices/index_id_4144.html,,,,
1080EM22W,Replacement of Chiller Plants and Associated Works at Kwai Tsing Theatre and Yuen Long Theatre,Jul 2022,Air Conditioning Installation,Selective,"Winston Air Conditioning & Engineering (Hong Kong) Company, Limited","$19,198,000.00",https://www.emsd.gov.hk/en/tenders_contracts_and_consultancies/tender_notices/tender_notices/index_id_4148.html,,,,
2859EM21T,Quadrennial Term Contract for Maintenance of Liquefied Petroleum Gas Installations at Various Venues of Security and Vehicle Services Division,Jul 2022,Liquefied Petroleum Gas Installation,Selective,Yau Sang Engineering Company,"$16,798,800.00",https://www.emsd.gov.hk/en/tenders_contracts_and_consultancies/tender_notices/tender_notices/index_id_4104.html,,,,
1358EM21T,"Triennial Term Contract for Maintenance of Electrical, Mechanical and Air-conditioning Installations at Cheung Sha Wan Wholesale Food Market",Jul 2022,Air Conditioning Installation,Selective,Young's Engineering Company limited,"$35,934,000.00",https://www.emsd.gov.hk/en/tenders_contracts_and_consultancies/tender_notices/tender_notices/index_id_4015.html,,,,
1040EM22T,Quadrennial Term Contract for Comprehensive Maintenance of Folding Gates and Roller Shutters at Various Disciplined Services Venues,Jul 2022,Mechanical Plant and Equipment Installation,Selective,"Associated Engineers, Limited","$33,938,000.00",https://www.emsd.gov.hk/en/tenders_contracts_and_consultancies/tender_notices/tender_notices/index_id_4098.html,,,,
2612EM21T,Triennial Term Contract for Maintenance of Fire Service Installations for Hong Kong Boundary Crossing Facilities (HKBCF) and Hong Kong Link Road (HKLR) at Hong Kong Zhuhai Macao Bridge,Jun 2022,Fire Service Installation,Selective,Chubb Hong Kong Limited,"$29,505,960.00",https://www.emsd.gov.hk/en/tenders_contracts_and_consultancies/tender_notices/tender_notices/index_id_4101.html,,,,
2799EM21T,Triennial Term Contract for the Comprehensive Maintenance and Repair of Escalator Installations at Various Premises of the Government of the Hong Kong Special Administrative Region (Package One of TO21E),Jun 2022,Comprehensive maintenance and repair of escalator installations at various premises of the Government of the Hong Kong Special Administrative Region,Open,Chevalier (HK) Limited,"$5,216,534.72",https://www.emsd.gov.hk/en/tenders_contracts_and_consultancies/tender_notices/tender_notices/index_id_2969.html,,,,
2668EM21T,Triennial Term Contract for the Comprehensive Maintenance and Repair of Lift Installations at Various Premises of the Hospital Authority (SA21),Jun 2022,"Lift, Escalator and Passenger Conveyor Installation",Selective,Shan On Engineering Company Limited,"$8,694,864.00",https://www.emsd.gov.hk/en/tenders_contracts_and_consultancies/tender_notices/tender_notices/index_id_4150.html,,,,
2513EM21T,Triennial Term Contract for the Comprehensive Maintenance and Repair of Lift Installations at Various Premises of the Hospital Authority (TO17),Jun 2022,"Lift, Escalator and Passenger Conveyor Installation",Selective,Chevalier (HK) Limited,"$5,296,680.00",https://www.emsd.gov.hk/en/tenders_contracts_and_consultancies/tender_notices/tender_notices/index_id_4149.html,,,,
2471EM21T,"36-month Term Contract for Maintenance of Heating, Ventilation and Air-conditioning Installations for Health Sector Venues in Health Sector Venues in Hong Kong Region and Outlying Islands",Jun 2022,Air Conditioning Installation,Selective,Alliance Contracting Company Limited,"$79,894,444.00",https://www.emsd.gov.hk/en/tenders_contracts_and_consultancies/tender_notices/tender_notices/index_id_4113.html,,,,
1975EM20T,Triennial Term Contract for the Comprehensive Maintenance and Repair of Escalator Installations at Various Premises of the Government of the Hong Kong Special Administrative Region (Package One of HT21E),Jun 2022,Comprehensive Maintenance and Repair of escalator installations at various premises of the Government of the Hong Kong Special Administrative Region,Open,Holake Hong Kong Lifts Limited,"$10,107,225.00",https://www.emsd.gov.hk/en/tenders_contracts_and_consultancies/tender_notices/tender_notices/index_id_2992.html,,,,
2543EM21T,Triennial Term Contract for Maintenance of Air-Conditioning Installations for Hong Kong Port (HKP) and Hong Kong Link Road (HKLR) at Hong Kong Zhuhai Macao Bridge and Other Lantau Engineering Services Venues,Jun 2022,Air Conditioning Installation,選擇性,Meco Engineering Limited,"$65,177,160.00",https://www.emsd.gov.hk/en/tenders_contracts_and_consultancies/tender_notices/tender_notices/index_id_4108.html,,,,
2877EM21T,54-Month Term Contract for the Comprehensive Maintenance and Repair of Lift Installations at Various Premises of Hospital Authority (SG22),Jun 2022,"Lift, Escalator and Passenger Conveyor Installation",Selective,SIGMA Elevator (HK) Limited,"$7,418,100.00",https://www.emsd.gov.hk/en/tenders_contracts_and_consultancies/tender_notices/tender_notices/index_id_4091.html,,,,
2574EM21T,"Quadrennial Term Contract for Maintenance of Security and Electronics Systems at Various Venues of Correctional Services Department, Immigration Department and Custom & Excises Department",Jun 2022,Burglar Alarm and Security Installation,Selective,G4S Security Systems (Hong Kong),"$18,973,400.00",https://www.emsd.gov.hk/en/tenders_contracts_and_consultancies/tender_notices/tender_notices/index_id_4093.html,,,,
2207EM21T,Triennial Term Contract for the Comprehensive Maintenance and Repair of Lift Installation at Various Premises of the Government of the Hong Kong Special Administrative Region (Package One of OT21),Jun 2022,Comprehensive maintenance and repair of lift installations at various premises of the Government of the Hong Kong Special Administrative Region,Open,SIGMA Elevator (HK) Limited,"$38,923,361.60",https://www.emsd.gov.hk/en/tenders_contracts_and_consultancies/tender_notices/tender_notices/index_id_4069.html,,,,
2709EM21T,"Triennial Term Contract for Maintenance of Heating, Ventilation and Air-conditioning Installations for The Venues of Boundary Crossing Facilities and Transport Services Division",Jun 2022,Air Conditioning Installation,Selective,Young's Engineering Company limited,"$89,149,708.00",https://www.emsd.gov.hk/en/tenders_contracts_and_consultancies/tender_notices/tender_notices/index_id_4084.html,,,,
2BDTD22001,"Design, Implementation and Integration of Vehicle Assets and Vehicle Maintenance Jobs Management System",May 2022,Implementation service for Information System,Open,"Yonyou Network Technology Co., Ltd","HK$9,757,676.00",https://www.emsd.gov.hk/en/tenders_contracts_and_consultancies/tender_notices/tender_notices/index_id_1752.html,,,,
2617EM21W,Replacement of 3 Lifts at Wong Tai Sin Rank and File Married Quarters and 4 Lifts at Wing Ting Road Fire Services Married Quarters for the Fire Services Department,May 2022,"Lift, Escalator and Passenger Conveyor Installation",Selective,Schindler Lifts (Hong Kong),"$12,400,000.00",https://www.emsd.gov.hk/en/tenders_contracts_and_consultancies/tender_notices/tender_notices/index_id_4095.html,,,,
1703EM19T,"Triennial Term Contract for Maintenance of Electrical Installations and Domestic Appliances at Various Staff Quarters of Customs and Excise Department, Correctional Services Department, Fire Services Department, Independent Commission Against Corruption, and Immigration Department for the Government of the Hong Kong Special Administrative Region (NEC4 TSC OPTION A)",May 2022,Electrical Installation,Selective,"Union (Luen Hop) Refrigeration Co., Limited","$50,663,840.00",https://www.emsd.gov.hk/en/tenders_contracts_and_consultancies/tender_notices/tender_notices/index_id_2996.html,,,,
2039EM21T,"Triennial Term Contract for Repairs, Operation and Maintenance of Boilers, Hot Water Installations, Steam Related Equipment and Accessories in Various Healthcare Venues in the New Territories",May 2022,Steam and Compressed Air Installation,Selective,Kwong Hing Loong Engine & Boiler Factory Limited,"$56,951,600.00",https://www.emsd.gov.hk/en/tenders_contracts_and_consultancies/tender_notices/tender_notices/index_id_4085.html,,,,
2679EM21W,Supply and Installation of Data Acquisition Systems of Free-flow Tolling System and Associated Modification Works for Existing E&M Systems Affected by Toll Plaza Modification in Six Tunnels,May 2022,"Complete design, supply, delivery and installation of one (1) set each of new Data Acquisition System (DAS) in Cross Harbour Tunnel, Eastern Harbour Crossing, Aberdeen Tunnel, Tate’s Cairn Tunnel, Western Harbour Crossing and Tai Lam Tunnel in Hong Kong Special Administrative Region.",Open,Autotoll Limited,"$225,000,000.00",https://www.emsd.gov.hk/en/tenders_contracts_and_consultancies/tender_notices/tender_notices/index_id_4068.html,,,,
1302EM21T,"Triennial Term Contract for Maintenance of Heating, Ventilation and Air-conditioning Installations for Seven Boundary Contol Points",May 2022,Air Conditioning Installation,Selective,Westco Airconditioning Limited,"$88,989,984.00",https://www.emsd.gov.hk/en/tenders_contracts_and_consultancies/tender_notices/tender_notices/index_id_4010.html,,,,
1974EM20T,Triennial Term Contract for the Comprehensive Maintenance and Repair of Lift Installations at Various Premises of the Government of the Hong Kong Special Administrative Region (Package One of HT21),May 2022,Comprehensive Maintenance and Repair of lift installations at various premises of the Government of the Hong Kong Special Administrative Region,Open,Hitachi Elevator Engineering Company (Hong Kong) Limited,"$23,907,760.00",https://www.emsd.gov.hk/en/tenders_contracts_and_consultancies/tender_notices/tender_notices/index_id_2991.html,,,,
2332EM21T,Quadrennial Term Contract for Operation and Maintenance of Air-conditioning Installations for various Disciplined Services Departments and Independent Commission Against Corruption in New Territories Region (NEC 3 TSC OPTION A) ,May 2022,Air Conditioning Installation,Selective,Young's Engineering Company limited,"$107,828,920.00",https://www.emsd.gov.hk/en/tenders_contracts_and_consultancies/tender_notices/tender_notices/index_id_4087.html,,,,
1330EM20A,"District Cooling System (DCS) at Kwu Tung North New Development Area
Phase 1 – DCS Pipe Laying and Associated Works (NEC4 ECC Option B)",May 2022,Waterworks,Selective,China Geo-Engineering Corporation,"$269,800,000.00",https://www.emsd.gov.hk/en/tenders_contracts_and_consultancies/tender_notices/tender_notices/index_id_4039.html,,,,
2626EM21T,54-Month Term Contract for the Comprehensive Maintenance and Repair of Lift Installations at Various Premises of Hospital Authority (TK22),May 2022,"Lift, Escalator and Passenger Conveyor Installation",Selective,TK Elevator Hong Kong Limited,"$6,631,200.00",https://www.emsd.gov.hk/en/tenders_contracts_and_consultancies/tender_notices/tender_notices/index_id_4057.html,,,,
1675EM20T,24-month Term Contract for Maintenance Services for Digital Trunked Radio System (Infrastructure) for Hong Kong Fire Services Department,May 2022,Radio Electronics Installation,Selective,Airbus Secure Land Communications Limited,"$17,224,752.00",https://www.emsd.gov.hk/en/tenders_contracts_and_consultancies/tender_notices/tender_notices/index_id_4036.html,,,,
2312EM21W,Replacement of Central Control and Monitoring System at Tseung Kwan O Tunnel,May 2022,Industrial Type Electrical Installation,Selective,ATAL Engineering Limited,"$10,839,360.00",https://www.emsd.gov.hk/en/tenders_contracts_and_consultancies/tender_notices/tender_notices/index_id_4074.html,,,,
Contract No.: 1643EM21T,"Quadrennial Term Contract for the Comprehensive Maintenance and Repair of Lift Installations at Arsenal House, Police Headquarters, Wan Chai",Apr 2022,"Comprehensive maintenance and repair of Lift installations at Arsenal House, Police Headquarters, Wan Chai.",Open,TK Elevator Hong Kong Limited,"$40,644,768.00",https://www.emsd.gov.hk/en/tenders_contracts_and_consultancies/tender_notices/tender_notices/index_id_4051.html,,,,
1961EM21W,Replacement of Traffic Control and Surveillance System in the Tsing Ma Control Area,Apr 2022,"including supply, installation, testing and commissioning of new system and migration of services. The new traffic control and surveillance system shall mainly consist of computerised central control system, traffic control and surveillance field equipment, communication network, etc. The civil works include construction and erection of mounting structures for field equipment.",Open,Autotoll Limited,"$280,000,000.00",https://www.emsd.gov.hk/en/tenders_contracts_and_consultancies/tender_notices/tender_notices/index_id_4065.html,,,,
2794EM21T,"Quadrennial Term Contract for Maintenance of Oil-fired Boilers, Gas-fired Boilers, Dual Fuel Boilers and Solar Hot Water Installations at Security and Vehicle Services Division Venues for the Government of the Hong Kong Special Administrative Region",Apr 2022,Liquefied Petroleum Gas Installation,Selective,Yau Sang Engineering Company,"$12,532,000.00",https://www.emsd.gov.hk/en/tenders_contracts_and_consultancies/tender_notices/tender_notices/index_id_4067.html,,,,
1892EM20T,5-year Term Contract for Provision of Closed Circuit Television Systems at Outlying Islands and Remote Facilities in Hong Kong for Correctional Services Department,Apr 2022,Video Electronics Installation,Selective,Cosmic Commercial Services Limited,"$143,096,661.00",https://www.emsd.gov.hk/en/tenders_contracts_and_consultancies/tender_notices/tender_notices/index_id_4037.html,,,,
1157EM21T,Triennial Term Contract for Maintenance of Air-Conditioning Installation and Other Associated Facilities at Unattended Municipal Venues in Kowloon,Apr 2022,Air Conditioning Installation,Selective,Newland Engineering Limited,"$86,168,668.00",https://www.emsd.gov.hk/en/tenders_contracts_and_consultancies/tender_notices/tender_notices/index_id_4046.html,,,,
1056EM21T,"Quadrennial Term Contract for Maintenance and Repair of Electrical, Floodlight and Other Installations for Hong Kong Police Force, Correctional Services Department, Fire Services Department, Hong Kong Independent Commission Against Corruption and Security Bureau in Kowloon and Outlying Islands",Apr 2022,Electrical Installation,Selective,"Union (Luen Hop) Refrigeration Co., Limited","$46,258,860.00",https://www.emsd.gov.hk/en/tenders_contracts_and_consultancies/tender_notices/tender_notices/index_id_4048.html,,,,
2019EM19T,Triennial Term Contract for Maintenance of Electrical Installations and Domestic Appliances at Various Staff Quarters of the Hong Kong Police Force for the Government of the Hong Kong Special Administrative Region (NEC4 TSC OPTION A),Apr 2022,Electrical Installation,選擇性,"Union (Luen Hop) Refrigeration Co., Limited","$63,069,300.00",https://www.emsd.gov.hk/en/tenders_contracts_and_consultancies/tender_notices/tender_notices/index_id_4020.html,,,,
1178EM21T,Triennial Maintenance Term Contract for the Electrical Installations in Selected Venues under Boundary Crossing Facilities and Transport Services Division in EMSD,Apr 2022,Electrical Installation,Selective,REC Engineering Company Limited,"$84,704,600.00",https://www.emsd.gov.hk/en/tenders_contracts_and_consultancies/tender_notices/tender_notices/index_id_4011.html,,,,
2352EM21T,Triennial Term Contract for Maintenance of Electrical Installations and UPS Systems for Hong Kong Port (HKP)and Hong Kong Link Road (HKLR) at Hong Kong Zhuhai Macao Bridge,Apr 2022,Electrical Installation,Selective,"Union (Luen Hop) Refrigeration Co., Limited","$49,727,893.00",https://www.emsd.gov.hk/en/tenders_contracts_and_consultancies/tender_notices/tender_notices/index_id_4071.html,,,,
1960EM21T,Two-Year Term Contract for the Provision of Maintenance Service of Fixed X-ray Vehicle Inspection System at Shenzhen Bay Control Point,Apr 2022,provision of maintenance services for Fixed X-ray Vehicle Inspection System,Open,Nuctech Hong Kong Company Limited,"$29,657,472.00",https://www.emsd.gov.hk/en/tenders_contracts_and_consultancies/tender_notices/tender_notices/index_id_4055.html,,,,
2425EM20T,"42-month Term Contract for the Operation and Maintenance of Electrical, Mechanical and Other Installations for Municipal Venues of the Government of the Hong Kong Special Administrative Region in Kowloon Region [Package I]",Apr 2022,Electrical Installation,Selective,"Union (Luen Hop) Refrigeration Co., Limited","$136,836,200.00",https://www.emsd.gov.hk/en/tenders_contracts_and_consultancies/tender_notices/tender_notices/index_id_4045.html,,,,
3031EM20T,"Triennial Term Contract for Repairs, Operation and Maintenance to Boilers, Hot Water Installations, Steam Related Equipment and Accessories in Various Health Care Institutions in Kowloon",Mar 2022,Steam and Compressed Air Installation,Selective,Kwong Hing Loong Engine & Boiler Factory Limited,"$37,033,892.00",https://www.emsd.gov.hk/en/tenders_contracts_and_consultancies/tender_notices/tender_notices/index_id_4053.html,,,,
1337EM21T,"Triennial Term Contract for the Comprehensive Maintenance, Repair of, Alteration and Addition to, CCTV, Burglar Alarm and Security Installation at Various Municipal Venues in Hong Kong and Kowloon Region for the Government of the Hong Kong Special Administrative Region",Mar 2022,Burglar Alarm and Security Installation,Selective,G4S Security Systems (Hong Kong),"$28,990,120.00",https://www.emsd.gov.hk/en/tenders_contracts_and_consultancies/tender_notices/tender_notices/index_id_4044.html,,,,
1420EM21T,"Triennial Term Contract for Building Services Fitting-Out, Replacement and Improvement Works for Hospital Authority Building, Kowloon Hospital, Hong Kong Children’s Hospital and Nearby Health Services Venues",Mar 2022,Air Conditioning Installation,Selective,Alliance Contracting Company Limited,"$137,332,364.00",https://www.emsd.gov.hk/en/tenders_contracts_and_consultancies/tender_notices/tender_notices/index_id_4030.html,,,,
1421EM21T,"Triennial Term Contract for Building Services Fitting-Out, Replacement and Improvement Works for Queen Elizabeth Hospital and Nearby Health Services Venues",Mar 2022,Air Conditioning Installation,Selective,Alliance Contracting Company Limited,"$75,982,200.00",https://www.emsd.gov.hk/en/tenders_contracts_and_consultancies/tender_notices/tender_notices/index_id_4027.html,,,,
2495EM19W,Replacement of High Voltage Power Supply System at Cheung Tsing Tunnel,Mar 2022,Industrial Type Electrical Installation,Selective,Kum Shing Engineering Company Limited,"$32,488,888.00",https://www.emsd.gov.hk/en/tenders_contracts_and_consultancies/tender_notices/tender_notices/index_id_4040.html,,,,
3006EM20T,Four-year Term Contract for Maintenance and Modification Works of Speed Enforcement Camera System (Phase II) for Hong Kong Police Force,Mar 2022,comprehensive maintenance service and modification works of Speed Enforcement Camera System (Phase II) of Hong Kong Police Force,Open,QTC Traffic Technology Limited,"$47,704,256.00",https://www.emsd.gov.hk/en/tenders_contracts_and_consultancies/tender_notices/tender_notices/index_id_4054.html,,,,
Contract No.: 1201EM21T,Triennial Term Contract for the Comprehensive Maintenance and Repair of Lift Installations at Various Premises of the Government of the Hong Kong Special Administrative Region (Package One of SG21),Mar 2022,comprehensive maintenance and repair of lift installations at various premises of the Government of the Hong Kong Special Administrative Region,Open,SIGMA Elevator (HK) Limited,"$64,144,768.00",https://www.emsd.gov.hk/en/tenders_contracts_and_consultancies/tender_notices/tender_notices/index_id_4026.html,,,,
2405EM21W,Replacement of Stage Machineries and Stage Automation System at Yuen Long Theatre of the Government of the Hong Kong Special Administrative Region,Feb 2022,"replacement of stage machineries and stage automation system at the auditorium of Yuen Long Theatre of Hong Kong, for 912 days",Open,Stage Technologies (Asia-Pacific) Limited,"$56,211,143.00",https://www.emsd.gov.hk/en/tenders_contracts_and_consultancies/tender_notices/tender_notices/index_id_4034.html,,,,
1900EM21T,"Triennial Term Contract for Maintenance of Heating, Ventilation and Air-conditioning Installations for Health Sector Venues in New Territories West Region",Feb 2022,Air Conditioning Installation,Selective,Young's Engineering Company limited,"$204,441,284.00",https://www.emsd.gov.hk/en/tenders_contracts_and_consultancies/tender_notices/tender_notices/index_id_4038.html,,,,
1569EM21T,Two Years Term Contract for Replacement of Energy Efficient Lighting at Various Venues of Hospital Authority in Hong Kong (Batch 2),Feb 2022,Electrical Installation,Selective,Iu Cheong Electric Company,"$44,965,640.00",https://www.emsd.gov.hk/en/tenders_contracts_and_consultancies/tender_notices/tender_notices/index_id_4032.html,,,,
2353EM21T,4-year Term Contract for the Replacement and Expansion of Red Light Camera System and Speed Enforcement Camera System for Transport Department,Jan 2022,"the replacement of Phase 1 & 2 Red Light Camera Systems, and the expansion of Red Light Camera Systems and Speed Enforcement Camera Systems for Transport Department",Open,Win Promise Limited,"$23,888,888.00",https://www.emsd.gov.hk/en/tenders_contracts_and_consultancies/tender_notices/tender_notices/index_id_4043.html,,,,
1796EM21T,"Triennial Contract to supply and installation of public address systems, auxiliary equipment and emergency call-out system for the Government of the Hong Kong Special Administrative Region",Jan 2022,Audio Electronics Installation,Selective,Shun Tung Electric Company Limited,"$34,705,718.00",https://www.emsd.gov.hk/en/tenders_contracts_and_consultancies/tender_notices/tender_notices/index_id_4028.html,,,,
1319EM21T,"Triennial Term Contract for Building Services Fitting-out, Replacement and Improvement Works for Health Sector Venues in Hong Kong West Region",Jan 2022,Air Conditioning Installation,Selective,Yordland Engineering Limited,"$59,996,590.00",https://www.emsd.gov.hk/en/tenders_contracts_and_consultancies/tender_notices/tender_notices/index_id_4029.html,,,,
1976EM20T,Triennial Term Contract for the Comprehensive Maintenance and Repair of Escalator Installations at Various Premises of the Government of the Hong Kong Special Administrative Region (Package One of KO21E),Jan 2022,Comprehensive maintenance and repair of escalator installations at various premises of the Government of the Hong Kong Special Administrative Region,Open,Kone Elevator (HK) Limited,"$5,389,080.00",https://www.emsd.gov.hk/en/tenders_contracts_and_consultancies/tender_notices/tender_notices/index_id_3002.html,,,,
2639EM20T,"Triennial Contract in Electrical Works in Change of Tenancy in Government Quarters in the Hong Kong Island, Kowloon & New Territories.",Dec 2021,Electrical Installation,Selective,Iu Cheong Electric Company,"$43,526,970.00",https://www.emsd.gov.hk/en/tenders_contracts_and_consultancies/tender_notices/tender_notices/index_id_4022.html,,,,
1188EM21T,"Triennial Term Contract for Air-conditioning, Electrical, Mechanical and Building Services Projects at Correctional Services Department Venues and Other Disciplined Services Venues",Dec 2021,Air Conditioning Installation,Selective,Meco Engineering Limited,"$65,000,000.00",https://www.emsd.gov.hk/en/tenders_contracts_and_consultancies/tender_notices/tender_notices/index_id_4019.html,,,,
3197EM19W,Replacement of Fire Service System at Tseung Kwan O Tunnel,Dec 2021,Fire Service Installation,Selective,Wise Engineering Company,"$9,857,500.00",https://www.emsd.gov.hk/en/tenders_contracts_and_consultancies/tender_notices/tender_notices/index_id_4014.html,,,,
1078EM20T,"Triennial Term Contract for Building Services Fitting-out, Replacement and Improvement Works at Various Municipal Venues of the Government of the Hong Kong Special Administrative Region",Dec 2021,Air Conditioning Installation,Selective,Quad-Tech Engineering (H.K.) Company Limited,"$109,255,760.00",https://www.emsd.gov.hk/en/tenders_contracts_and_consultancies/tender_notices/tender_notices/index_id_3003.html,,,,
2113EM20T,"Triennial Term Contract for the Operation and Maintenance of Electrical, Mechanical and Other Installations for Municipal Venues in New Territories East Areas of the Government of the Hong Kong Special Administrative Region",Dec 2021,Electrical Installation,Selective,REC Engineering Company Limited,"$111,225,820.00",https://www.emsd.gov.hk/en/tenders_contracts_and_consultancies/tender_notices/tender_notices/index_id_2966.html,,,,
2BDTD21002,Provision of SAP Enterprise Support Service from year 2022 to year 2023 to the Electrical and Mechanical Services Trading Fund,Dec 2021,Support service for Information System,Open,DynaSys Solutions Limited,"HK$7,574,243.00",https://www.emsd.gov.hk/en/tenders_contracts_and_consultancies/tender_notices/tender_notices/index_id_1743.html,,,,
1594EM20W,Replacement of Fire Service System at Cross Harbour Tunnel,Dec 2021,Fire Service Installation,Selective,Wise Engineering Company,"$9,486,500.00",https://www.emsd.gov.hk/en/tenders_contracts_and_consultancies/tender_notices/tender_notices/index_id_4013.html,,,,
3203EM20T,Triennial Term Contract for the Comprehensive Maintenance and Repair of Escalator Installations at Various Premises of the Government of the Hong Kong Special Administrative Region (CN21),Nov 2021,comprehensive maintenance and repair of escalator installations at various premises of the Government of the Hong Kong Special Administrative Region,Open,Kone Elevator (HK) Limited,"$4,428,240.00",https://www.emsd.gov.hk/en/tenders_contracts_and_consultancies/tender_notices/tender_notices/index_id_3007.html,,,,
1279EM21T,"Triennial Term Contract for Building Services Fitting-out, Replacement and Improvement Works for Health Sector Venues in Hong Kong East Region and Outlying Islands",Nov 2021,Air Conditioning Installation,Selective,Yordland Engineering Limited,"$46,830,680.00",https://www.emsd.gov.hk/en/tenders_contracts_and_consultancies/tender_notices/tender_notices/index_id_3009.html,,,,
1507EM20T,Triennial Term Contract for Maintenance of Electrical Installations in BTSD Venues,Nov 2021,Electrical Installation,Selective,Che Luen Electrical Engineering Company Limited,"$35.778,300.00",https://www.emsd.gov.hk/en/tenders_contracts_and_consultancies/tender_notices/tender_notices/index_id_2960.html,,,,
EMS/T/01/2021(A),Provision of Light Goods Vehicles for Hiring by Electrical and Mechanical Services Department,Oct 2021,Hiring of Light Goods Vehicles,Open,"Lison Transportation Co. Ltd. (Items 1, 2 & 3) and GoGo Tech Limited (Items 4 & 5)","HK$48,614,168.70. (Items 1, 2 & 3) and HK$30,043,154.00 (Items 4 & 5)",https://www.emsd.gov.hk/en/tenders_contracts_and_consultancies/tender_notices/tender_notices/index_id_3005.html,1 December 2021,30 November 2023,,
1329EM21T,Triennial Term Contract for the Comprehensive Maintenance and Repair of Lift Installations at Various Premises of the Government of the Hong Kong Special Administrative Region (Package Two of FT21),Oct 2021,Comprehensive Maintenance and Repair of lift installations at various premises of the Government of the Hong Kong Special Administrative Region,Open,Fujitec (HK) Company Limited,"$24,712,726.00",https://www.emsd.gov.hk/en/tenders_contracts_and_consultancies/tender_notices/tender_notices/index_id_2999.html,,,,
2063EM21W,Replacement of Chillers and Associated Equipment at Tuen Mun Children and Juvenile Home,Oct 2021,Air Conditioning Installation,Selective,Kenworth Engineering Limited,"$8,982,300.00",https://www.emsd.gov.hk/en/tenders_contracts_and_consultancies/tender_notices/tender_notices/index_id_4012.html,,,,
EMSDTD0121,"Provision of Design, Supply, Implementation and Maintenance Services of Asset Management System for the Electrical and Mechanical Services Department",Oct 2021,Services of Asset Management System,Open Tender,Unincorporated Joint Venture between Anacle Systems Limited and ClusterTech Limited,"HK$10,910,826.00",https://www.emsd.gov.hk/en/tenders_contracts_and_consultancies/tender_notices/tender_notices/index_id_2990.html,12 October 2021,11 August 2025,EMSD,
2757EM20W,"Supply and Installation of Data Acquisition Systems of Free-flow Tolling System and Associated Modification Works for Existing E&M Systems Affected by Toll Plaza Modification in Lion Rock Tunnel, Shing Mun Tunnels and Tsing Sha Control Area",Oct 2021,"Complete design, supply, delivery and installation of one (1) set each of new Data Acquisition System (DAS) in Lion Rock Tunnel (LRT), Shing Mun Tunnels (SMT) and Tsing Sha Control Area (TSCA) in Hong Kong Special Administrative Region.",Open,Autotoll Limited,"$117,000,000.00",https://www.emsd.gov.hk/en/tenders_contracts_and_consultancies/tender_notices/tender_notices/index_id_2984.html,,,,
3286EM20T,"Triennial Term Contract for Replacement, Alterations, Additions and Improvement Works of Electrical, Mechanical and Air-conditioning Installations at Various Boundary Crossing Facilities and Transport Services Venues",Sep 2021,Air Conditioning Installation,Selective,Meco Engineering Limited,"$55,293,180.00",https://www.emsd.gov.hk/en/tenders_contracts_and_consultancies/tender_notices/tender_notices/index_id_2974.html,,,,
2513EM20T,"Triennial Term Contract for the Maintenance and Repair of, Alterations and Additions to Fire Service Installations for Airport Venues",Sep 2021,Fire Service Installation,Selective,Kenworth Engineering Limited,"$28,340,060.00",https://www.emsd.gov.hk/en/tenders_contracts_and_consultancies/tender_notices/tender_notices/index_id_2949.html,,,,
2079EM20T,"Triennial Term Contract for Maintenance and Repair of Electrical and Floodlight Installations for Hong Kong Police Force, Correctional Services Department, Fire Services Department, Hong Kong Independent Commission Against Corruption and Security Bureau in New Territories and Hong Kong Island",Sep 2021,Electrical Installation,Selective,Che Luen Electrical Engineering Company Limited,"$37,563,400.00",https://www.emsd.gov.hk/en/tenders_contracts_and_consultancies/tender_notices/tender_notices/index_id_2961.html,,,,
3128EM20T,Term Contract for Maintenance Services of Infrastructure Power Network at Hong Kong International Airport,Sep 2021,Industrial Type Electrical Installation,Selective,Triple Faith Engineering & Supply Limited,"$35,190,294.00",https://www.emsd.gov.hk/en/tenders_contracts_and_consultancies/tender_notices/tender_notices/index_id_2988.html,,,,
2478EM20T,"Triennial Term Contract for Operation and Maintenance of Air-conditioning Installations in Central Government Offices, Chief Executive's Office and Legislative Council Complex at Tamar",Sep 2021,Air Conditioning Installation,Selective,"Wenden Engineering Service Company, Limited","$77,198,668.00",https://www.emsd.gov.hk/en/tenders_contracts_and_consultancies/tender_notices/tender_notices/index_id_2916.html,,,,
1548EM20T,Biennial Term Contract for Supply & Installation of Solar Photovoltaic (PV) Systems for Schools and Welfare NGOs,Aug 2021,Electrical Installation,Selective,ATAL Engineering Limited,"$19,256,300.00",https://www.emsd.gov.hk/en/tenders_contracts_and_consultancies/tender_notices/tender_notices/index_id_2995.html,,,,
3247EM20W,Retrofitting of Water-cooled Chillers and Associated Installations in Pamela Youde Nethersole Eastern Hospital,Aug 2021,Air Conditioning Installation,Selective,Shun Hing E & M Engineering,"$14,883,000.00",https://www.emsd.gov.hk/en/tenders_contracts_and_consultancies/tender_notices/tender_notices/index_id_2955.html,,,,
2801EM20T,Triennial Term Contract for Maintenance and Modification Works of Digital Red Light Camera System (Phase I and II) for Hong Kong Police Force,Aug 2021,Comprehensive maintenance service of Digital Red Light Camera System (Phase I and II) of Hong Kong Police Force.,Open,Parking Systems Limited,"$26,980,200.00",https://www.emsd.gov.hk/en/tenders_contracts_and_consultancies/tender_notices/tender_notices/index_id_2979.html,,,,
2391EM20T,"Triennial Contract for the Operation and Maintenance of Electrical, Mechanical and Other Installations for Municipal Venues in Kowloon of the Government of the Hong Kong Special Administrative Region [Package II]",Aug 2021,Electrical Installation,Selective,REC Engineering Company Limited,"$123,645,310.00",https://www.emsd.gov.hk/en/tenders_contracts_and_consultancies/tender_notices/tender_notices/index_id_2957.html,,,,
3214EM19T,"Term Contract for the Maintenance and Repair of, Alteration, Addition and Improvement Works to Electrical Installations Maintained by Hong Kong 1 and Hong Kong 2 Maintenance Sub-divisions of General Engineering Services Division",Aug 2021,Electrical Installation,Selective,Joint Effort Engineering (Asia) Limited,"$48,043,800.00",https://www.emsd.gov.hk/en/tenders_contracts_and_consultancies/tender_notices/tender_notices/index_id_2953.html,,,,
2305EM18W,Replacement of the Traffic Control and Surveillance System (TCSS) in the Eastern Harbour Crossing,Aug 2021,Replacement of the Traffic Control and Surveillance System (TCSS) in the Eastern Harbour Crossing,Open,GTECH Services (Hong Kong) Limited,"$78,300,000.00",https://www.emsd.gov.hk/en/tenders_contracts_and_consultancies/tender_notices/tender_notices/index_id_2923.html,,,,
1090EM21T,Triennial Term Contract for Provision of Closed Circuit Television Systems for Disciplined Services Venues in Hong Kong,Aug 2021,Video Electronics Installation,Selective,Chubb Hong Kong Limited,"$22,476,100.00",https://www.emsd.gov.hk/en/tenders_contracts_and_consultancies/tender_notices/tender_notices/index_id_2993.html,,,,
1117EM21T,Triennial Term Contract for the Comprehensive Maintenance and Repair of Lift Installation at Various Premises of the Government of the Hong Kong Special Administrative Region (Package One of AE21),Jul 2021,Comprehensive Maintenance and Repair of lift installation at various premises of the Government of the Hong Kong Special Administrative Region,Open,Anlev Elex Elevator Limited,"$99,033,311.12",https://www.emsd.gov.hk/en/tenders_contracts_and_consultancies/tender_notices/tender_notices/index_id_2971.html,,,,
1242EM21W,Replacement of High Voltage and Low Voltage Power Supply System at Kai Tak Tunnel,Jul 2021,Industrial Type Electrical Installation,Selective,Mak Hang Kei (Hong Kong) Construction Limited,"$40,999,888.00",https://www.emsd.gov.hk/en/tenders_contracts_and_consultancies/tender_notices/tender_notices/index_id_2973.html,,,,
1138EM20T,Triennial Term Contract for the Comprehensive Maintenance and Repair of Lift Installations at Various Premises of the Government of the Hong Kong Special Administrative Region (Package Two of OT20),Jul 2021,Comprehensive maintenance and repair of lift installations at various premises of the Government of the Hong Kong Special Administrative Region,Open,Holake Hong Kong Lifts Limited,"$40,236,093.00",https://www.emsd.gov.hk/en/tenders_contracts_and_consultancies/tender_notices/tender_notices/index_id_2899.html,,,,
2570EM20T,Quadrennial Term Contract for Provision of Maintenance Modification and Installation Works for Various Closed Circuit Television Systems of Transport Department,Jul 2021,Video Electronics Installation,Selective,EC Infotech Limited,"$17,529,840.00",https://www.emsd.gov.hk/en/tenders_contracts_and_consultancies/tender_notices/tender_notices/index_id_2919.html,,,,
1312EM20T,"Triennial Contract for Maintenance and Repair of, Alteration, Addition to, Fire Service Installations in Municipal Venues for the Government of the Hong Kong Special Administrative Region",Jul 2021,Fire Service Installation,Selective,Kenworth Engineering Limited,"$46,948,888.00",https://www.emsd.gov.hk/en/tenders_contracts_and_consultancies/tender_notices/tender_notices/index_id_2948.html,,,,
2673EM20T,Triennial Term Contract for Operation and Maintenance of Air-conditioning Installations and Other Associated Facilities at Attended Municipal Venues in Kowloon,Jul 2021,Air Conditioning Installation,Selective,Alliance Contracting Company Limited,"$71,974,456.00",https://www.emsd.gov.hk/en/tenders_contracts_and_consultancies/tender_notices/tender_notices/index_id_2950.html,,,,
2621EM20W,Replacement of Chillers and Associated Equipment at Ambulatory Care Centre of Tuen Mun Hospital ,Jul 2021,Air Conditioning Installation,Selective,"The Jardine Engineering Corporation, Limited","$8,330,000.00",https://www.emsd.gov.hk/en/tenders_contracts_and_consultancies/tender_notices/tender_notices/index_id_2962.html,,,,
1673EM20W,Replacement of One Seawater-cooled Chiller with Associated Accessories in Tuen Mun Hospital,Jul 2021,Air Conditioning Installation,Selective,Krueger Engineering (Asia) Limited,"$23,800,000.00",https://www.emsd.gov.hk/en/tenders_contracts_and_consultancies/tender_notices/tender_notices/index_id_2912.html,,,,
1042EM21T,Triennial Term Contract for the Comprehensive Maintenance and Repair of Lift Installations at Various Premises of the Government of the Hong Kong Special Administrative Region (Package One of FT21),Jun 2021,Comprehensive Maintenance and Repair of lift installations at various premises of the Government of the Hong Kong Special Administrative Region,Open,Fujitec (HK) Company Limited,"$18,450,717.00",https://www.emsd.gov.hk/en/tenders_contracts_and_consultancies/tender_notices/tender_notices/index_id_2967.html,,,,
1007EM21T,Triennial Term Contract for the Comprehensive Maintenance and Repair of Lift Installations at Various Premises of the Government of the Hong Kong Special Administrative Region (Package One of MT21),Jun 2021,Comprehensive Maintenance and Repair of lift installations at various premises of the Government of the Hong Kong Special Administrative Region,Open,Mitsubishi Elevator Hong Kong Company Limited,"$41,434,540.00",https://www.emsd.gov.hk/en/tenders_contracts_and_consultancies/tender_notices/tender_notices/index_id_2964.html,,,,
2520EM20W,Retrofitting of Water-cooled Chiller and Associated Installations in Queen Mary Hospital,Jun 2021,Air Conditioning Installation,Selective,Quad-Tech Engineering (H.K.) Company Limited,"$6,960,000.00",https://www.emsd.gov.hk/en/tenders_contracts_and_consultancies/tender_notices/tender_notices/index_id_2942.html,,,,
1879EM19W,Replacement of Communication System and Vehicle Detection System of Traffic Control and Surveillance System in the Tsing Sha Control Area,Jun 2021,Replacement of Communication System and Vehicle Detection System of Traffic Control and Surveillance System in the Tsing Sha Control Area,Open,Autotoll Limited,"$15,880,000.00",https://www.emsd.gov.hk/en/tenders_contracts_and_consultancies/tender_notices/tender_notices/index_id_2904.html,,,,
2237EM20T,Quadrennial Term Contract for Operation and Maintenance of Air-conditioning Installations for Correctional Services Department in New Territories Region,May 2021,Air Conditioning Installation,Selective,REC Engineering Company Limited,"$53,284,787.00",https://www.emsd.gov.hk/en/tenders_contracts_and_consultancies/tender_notices/tender_notices/index_id_2952.html,,,,
2991EM20A,Contract for Supply of Auto-LPG at the Dedicated LPG Filling Station at Kwun Tong,May 2021,"The contractor is responsible for the provision of service for the design, construction and operation of the LPG filling station as well as all associated expenses incurred for a period of 5 years. The Government will grant the use of the land at nil premium to the contractor with the ceiling retail price of Auto-LPG governed by an Auto-LPG pricing adjustment mechanism under the Contract.",Open,Sinopec (Hong Kong) Petroleum Holding Company Limited,LPG operating base price (B) : HK$1.05 / litre,https://www.emsd.gov.hk/en/tenders_contracts_and_consultancies/tender_notices/tender_notices/index_id_2939.html,,,,
2751EM20A,Contract for Supply of Auto-LPG at the Dedicated LPG Filling Station at Yuen Long,May 2021,"The contractor is responsible for the provision of service for the design, construction and operation of the LPG filling station as well as all associated expenses incurred for a period of 10 years. The Government will grant the use of the land at nil premium to the contractor with the ceiling retail price of Auto-LPG governed by an Auto-LPG pricing adjustment mechanism under the Contract.",Open,Shell Hong Kong Limited,LPG operating base price (B) : HK$1.25 / litre,https://www.emsd.gov.hk/en/tenders_contracts_and_consultancies/tender_notices/tender_notices/index_id_2938.html,,,,
2750EM20A,Contract for Supply of Auto-LPG at the Dedicated LPG Filling Station at Ma On Shan,May 2021,"The contractor is responsible for the provision of service for the design, construction and operation of the LPG filling station as well as all associated expenses incurred for a period of 10 years. The Government will grant the use of the land at nil premium to the contractor with the ceiling retail price of Auto-LPG governed by an Auto-LPG pricing adjustment mechanism under the Contract.",Open,Shell Hong Kong Limited,LPG operating base price (B) : HK$1.27 / litre,https://www.emsd.gov.hk/en/tenders_contracts_and_consultancies/tender_notices/tender_notices/index_id_2937.html,,,,
2749EM20A,Contract for Supply of Auto-LPG at the Dedicated LPG Filling Station at Tuen Mun,May 2021,"The contractor is responsible for the provision of service for the design, construction and operation of the LPG filling station as well as all associated expenses incurred for a period of 10 years. The Government will grant the use of the land at nil premium to the contractor with the ceiling retail price of Auto-LPG governed by an Auto-LPG pricing adjustment mechanism under the Contract.",Open,Shell Hong Kong Limited,LPG operating base price (B) : HK$1.39 / litre,https://www.emsd.gov.hk/en/tenders_contracts_and_consultancies/tender_notices/tender_notices/index_id_2936.html,,,,
2748EM20A,Contract for Supply of Auto-LPG at the Dedicated LPG Filling Station at Mei Foo,May 2021,"The contractor is responsible for the provision of service for the design, construction and operation of the LPG filling station as well as all associated expenses incurred for a period of 10 years. The Government will grant the use of the land at nil premium to the contractor with the ceiling retail price of Auto-LPG governed by an Auto-LPG pricing adjustment mechanism under the Contract.",Open,Sinopec (Hong Kong) Petroleum Holding Company Limited,LPG operating base price (B) : HK$1.00 / litre,https://www.emsd.gov.hk/en/tenders_contracts_and_consultancies/tender_notices/tender_notices/index_id_2935.html,,,,
2747EM20A,Contract for Supply of Auto-LPG at the Dedicated LPG Filling Station at Wan Chai,May 2021,"The contractor is responsible for the provision of service for the design, construction and operation of the LPG filling station as well as all associated expenses incurred for a period of 10 years. The Government will grant the use of the land at nil premium to the contractor with the ceiling retail price of Auto-LPG governed by an Auto-LPG pricing adjustment mechanism under the Contract.",Open,Shell Hong Kong Limited,LPG operating base price (B) : HK$1.28 / litre,https://www.emsd.gov.hk/en/tenders_contracts_and_consultancies/tender_notices/tender_notices/index_id_2934.html,,,,
2746EM20A,Contract for Supply of Auto-LPG at the Dedicated LPG Filling Station at Kwai Chung,May 2021,"The contractor is responsible for the provision of service for the design, construction and operation of the LPG filling station as well as all associated expenses incurred for a period of 10 years. The Government will grant the use of the land at nil premium to the contractor with the ceiling retail price of Auto-LPG governed by an Auto-LPG pricing adjustment mechanism under the Contract.",Open,Sinopec (Hong Kong) Petroleum Holding Company Limited,LPG operating base price (B) : HK$0.94 / litre,https://www.emsd.gov.hk/en/tenders_contracts_and_consultancies/tender_notices/tender_notices/index_id_2933.html,,,,
2745EM20A,Contract for Supply of Auto-LPG at the Dedicated LPG Filling Station at Kowloon Bay,May 2021,"The contractor is responsible for the provision of service for the design, construction and operation of the LPG filling station as well as all associated expenses incurred for a period of 10 years. The Government will grant the use of the land at nil premium to the contractor with the ceiling retail price of Auto-LPG governed by an Auto-LPG pricing adjustment mechanism under the Contract.",Open,Sinopec (Hong Kong) Petroleum Holding Company Limited,LPG operating base price (B) : HK$1.09 / litre,https://www.emsd.gov.hk/en/tenders_contracts_and_consultancies/tender_notices/tender_notices/index_id_2932.html,,,,
2744EM20A,Contract for Supply of Auto-LPG at the Dedicated LPG Filling Station at Sheung Wan,May 2021,"The contractor is responsible for the provision of service for the design, construction and operation of the LPG filling station as well as all associated expenses incurred for a period of 10 years. The Government will grant the use of the land at nil premium to the contractor with the ceiling retail price of Auto-LPG governed by an Auto-LPG pricing adjustment mechanism under the Contract.",Open,Shell Hong Kong Limited,LPG operating base price (B) : HK$1.30 / litre,https://www.emsd.gov.hk/en/tenders_contracts_and_consultancies/tender_notices/tender_notices/index_id_2931.html,,,,
2743EM20A,Contract for Supply of Auto-LPG at the Dedicated LPG Filling Station at Tai Po,May 2021,"The contractor is responsible for the provision of service for the design, construction and operation of the LPG filling station as well as all associated expenses incurred for a period of 10 years. The Government will grant the use of the land at nil premium to the contractor with the ceiling retail price of Auto-LPG governed by an Auto-LPG pricing adjustment mechanism under the Contract.",Open,Sinopec (Hong Kong) Petroleum Holding Company Limited,LPG operating base price (B) : HK$1.15 / litre,https://www.emsd.gov.hk/en/tenders_contracts_and_consultancies/tender_notices/tender_notices/index_id_2930.html,,,,
2742EM20A,Contract for Supply of Auto-LPG at the Dedicated LPG Filling Station at West Kowloon,May 2021,"The contractor is responsible for the provision of service for the design, construction and operation of the LPG filling station as well as all associated expenses incurred for a period of 10 years. The Government will grant the use of the land at nil premium to the contractor with the ceiling retail price of Auto-LPG governed by an Auto-LPG pricing adjustment mechanism under the Contract.",Open,Sinopec (Hong Kong) Petroleum Holding Company Limited,LPG operating base price (B) : HK$1.10 / litre,https://www.emsd.gov.hk/en/tenders_contracts_and_consultancies/tender_notices/tender_notices/index_id_2929.html,,,,
2741EM20A,Contract for Supply of Auto-LPG at the Dedicated LPG Filling Station at Chai Wan,May 2021,"The contractor is responsible for the provision of service for the design, construction and operation of the LPG filling station as well as all associated expenses incurred for a period of 10 years. The Government will grant the use of the land at nil premium to the contractor with the ceiling retail price of Auto-LPG governed by an Auto-LPG pricing adjustment mechanism under the Contract.",Open,Sinopec (Hong Kong) Petroleum Holding Company Limited,LPG operating base price (B) : HK$1.78 / litre,https://www.emsd.gov.hk/en/tenders_contracts_and_consultancies/tender_notices/tender_notices/index_id_2926.html,,,,
2114EM20T,"Triennial Term Contract for the Operation and Maintenance of Electrical, Mechanical and Other Installations for Municipal Venues in New Territories of the Government of the Hong Kong Special Administrative Region (Package 1)",May 2021,Electrical Installation,Selective,Interlite (Asia) Limited,"$160,048,900.00",https://www.emsd.gov.hk/en/tenders_contracts_and_consultancies/tender_notices/tender_notices/index_id_2909.html,,,,
3213EM19T,"Term Contract for the Maintenance and Repair of, Alteration, Addition and Improvement Works to Electrical Installations Maintained by New Territories Maintenance Sub-division of General Engineering Services Division",May 2021,Electrical Installation,Selective,M & V Engineering (E & M) Limited,"$59,005.500.00",https://www.emsd.gov.hk/en/tenders_contracts_and_consultancies/tender_notices/tender_notices/index_id_2889.html,,,,
2906EM20T,Annual Term Contract for Operation and Maintenance of Air-conditioning Installations for various Disciplined Services Departments and Independent Commission Against Corruption in New Territories Region,May 2021,Air Conditioning Installation,Selective,"Wenden Engineering Service Company, Limited","$16,021,990.00",https://www.emsd.gov.hk/en/tenders_contracts_and_consultancies/tender_notices/tender_notices/index_id_2914.html,,,,
1955EM20T,Triennial Term Contract for Operation and Maintenance of Air-conditioning Installations at Unattended Municipal Venues in Hong Kong Region,May 2021,Air Conditioning Installation,Selective,Alliance Contracting Company Limited,"$94,000,000.00",https://www.emsd.gov.hk/en/tenders_contracts_and_consultancies/tender_notices/tender_notices/index_id_2910.html,,,,
1824EM20T,"Quadrennial Term Contract for Replacement, Alterations, Additions and Improvement Works of Building Services Fitting-out at Various Disciplined Services and Drainage Services Venues",May 2021,Fire Service Installation,Selective,ATAL Engineering Limited,"$56,504,519.00",https://www.emsd.gov.hk/en/tenders_contracts_and_consultancies/tender_notices/tender_notices/index_id_2918.html,,,,
2689EM20T,Triennial Term Contract for the Comprehensive Maintenance and Repair of Lift Installations at Various Premises of the Government of the Hong Kong Special Administrative Region (Package One of KO20),May 2021,Comprehensive maintenance and repair of lift installations at various premises of the Government of the Hong Kong Special Administrative Region.,Open,Kone Elevator (HK) Limited,"$59,132,600.00",https://www.emsd.gov.hk/en/tenders_contracts_and_consultancies/tender_notices/tender_notices/index_id_2946.html,,,,
1937EM20T,Four-year Term Contract for Installation and Modification of Traffic Light Signals and Traffic Aids Equipment in Hong Kong,May 2021,"Installation, modification, disassembling, testing and commissioning of traffic light and traffic aids equipment for Hong Kong Island Region, Kowloon Region and New Territories Region including Lantau Island.",Open,Thorn Security (Hong Kong),"$17,298,000.00",https://www.emsd.gov.hk/en/tenders_contracts_and_consultancies/tender_notices/tender_notices/index_id_2945.html,,,,
1074EM20T,Quadrennial Term Contract for Examination and Testing of Lifting Appliances and Lifting Gear in New Territories and Outlying Islands,May 2021,Survey of Lifting Appliances and Lifting Gear,Selective,ISPL Consulting Limited,"$6,800,700.00",https://www.emsd.gov.hk/en/tenders_contracts_and_consultancies/tender_notices/tender_notices/index_id_2920.html,,,,
2335EM20W,Replacement of Refractories and Insulation Bricks for Cremator No. 2 and No. 3 at Wo Hop Shek Crematorium,May 2021,Mechanical Plant and Equipment Installation,Selective,"The Jardine Engineering Corporation, Limited","$27,463,850.00",https://www.emsd.gov.hk/en/tenders_contracts_and_consultancies/tender_notices/tender_notices/index_id_2941.html,,,,
2233EM19T,Triennial Term Contract for the Comprehensive Maintenance and Repair of Lift Installations at Various Premises of the Government of the Hong Kong Special Administrative Region (Package Two of SC19),Apr 2021,Comprehensive maintenance and repair of lift installations at various premises of the Government of the Hong Kong Special Administrative Region.,Open,Schindler Lifts (Hong Kong),"$26,567,606.40",https://www.emsd.gov.hk/en/tenders_contracts_and_consultancies/tender_notices/tender_notices/index_id_2857.html,,,,
2984EM20T,Triennial Term Contract for Operation and Maintenance of Air-conditioning Installations for Various Venues of Security and Vehicle Services Division in Kowloon Cluster,Apr 2021,Air Conditioning Installation,Selective,Young's Engineering Company limited,"$65,444,444.00",https://www.emsd.gov.hk/en/tenders_contracts_and_consultancies/tender_notices/tender_notices/index_id_2924.html,,,,
EMSD CCSD2020/55,Provision of Service for Management of Departmental Communication and Engagement Functions,Apr 2021,Provision of Service for Management of Departmental Communication and Engagement Functions at the Electrical and Mechanical Services Department Headquarters.,Open,Plan B Event Planning and Productions Limited,"HK$8,494,400.00",https://www.emsd.gov.hk/en/tenders_contracts_and_consultancies/tender_notices/tender_notices/index_id_2947.html,,,,
2434EM20T,"Triennial Term Contract for Maintenance and Repair of Floodlighting Installations of Municipal Venues for the Government of the Hong Kong Special Administrative Region

 ",Apr 2021,Electrical Installation,Selective,Wing Hing E & M Building Services Limited,"$65,384,338.16",https://www.emsd.gov.hk/en/tenders_contracts_and_consultancies/tender_notices/tender_notices/index_id_2890.html,,,,
1459EM20T,Triennial Term Contract for the Engineering Services for E&M and Other Installations at Crematorium and Columbarium in Hong Kong and Kowloon Regions,Apr 2021,Electrical Installation,Selective,M & V Engineering (E & M) Limited,"$52,897,840.00",https://www.emsd.gov.hk/en/tenders_contracts_and_consultancies/tender_notices/tender_notices/index_id_2921.html,,,,
2695EM20T,Annual Term Contract for Comprehensive Maintenance of Folding Gates and Roller Shutters at Various Disciplined Services Venues,Apr 2021,Mechanical Plant and Equipment Installation,選擇性,"Associated Engineers, Limited","$7,886,450.00",https://www.emsd.gov.hk/en/tenders_contracts_and_consultancies/tender_notices/tender_notices/index_id_2902.html,,,,
1460EM20T,Triennial Term Contract for the Engineering Services for E&M and Other Installations at Crematorium and Columbarium in New Territories Region,Mar 2021,Electrical Installation,Selective,Southa Technical Limited,"$64,700,000.00",https://www.emsd.gov.hk/en/tenders_contracts_and_consultancies/tender_notices/tender_notices/index_id_2908.html,,,,
1938EM20T,Quadrennial Term Contract for Provision of Maintenance and Modification Works for TD142 Closed Circuit Television System for Transport Department,Mar 2021,Video Electronics Installation,Selective,Cosmic Commercial Services Limited,"$10,965,100.00",https://www.emsd.gov.hk/en/tenders_contracts_and_consultancies/tender_notices/tender_notices/index_id_2901.html,,,,
2162EM20T,Triennial Term Contract for Comprehensive Maintenance and Repair of High Mast and High Bay Lightings for the Government of the Hong Kong Special Administrative Region,Mar 2021,Industrial Type Electrical Installation,Selective,GTECH Services (Hong Kong) Limited,"$19,180,000.00",https://www.emsd.gov.hk/en/tenders_contracts_and_consultancies/tender_notices/tender_notices/index_id_2905.html,,,,
2019EM20T,"18-Month Term Contract for Maintenance and Improvement of Heating, Ventilation and Air-conditioning Installations for Hospitals and Clinics in New Territories East Region",Mar 2021,Air Conditioning Installation,Selective,Alliance Contracting Company Limited,"$44,468,744.00",https://www.emsd.gov.hk/en/tenders_contracts_and_consultancies/tender_notices/tender_notices/index_id_2845.html,,,,
2285EM20T,"Term Contract for Building Services Fitting-Out, Replacement and Improvement Works to Various Venues of the Government of the Hong Kong Special Administrative Region Maintained by General Engineering Services Division",Mar 2021,Air Conditioning Installation,Selective,Westco Airconditioning Limited,"$36,370,000.00",https://www.emsd.gov.hk/en/tenders_contracts_and_consultancies/tender_notices/tender_notices/index_id_2865.html,,,,
2932EM19W,"Supply and Installation of Bay Guidance Systems, Car Searching Systems and Electronic Ballot System for Government Multi-storey Public Car Parks for Transport Department",Mar 2021,"Supply and installation of Bay Guidance Systems, Car Searching Systems and Electronic Ballot System for Government Multi-storey Public Car Parks for Transport Department.",Open,Parking Systems Limited,"$23,888,888.00",https://www.emsd.gov.hk/en/tenders_contracts_and_consultancies/tender_notices/tender_notices/index_id_1780.html,,,,
2809EM20T,Quadrennial Term Contract for Maintenance of Fire Service Installations for Various Departments for Security and Vehicle Services in the Regions of Kowloon and New Territories,Mar 2021,Fire Service Installation,Selective,ATAL Engineering Limited,"$41,670,721.00",https://www.emsd.gov.hk/en/tenders_contracts_and_consultancies/tender_notices/tender_notices/index_id_2913.html,,,,
2279EM20T,Triennial Term Contract for the Comprehensive Maintenance and Repair of Lift Installations at Various Premises of the Government of the Hong Kong Special Administrative Region (SG20),Mar 2021,Comprehensive maintenance and repair of lift installations at various premises of the Government of the Hong Kong Special Administrative Region.,Open,SIGMA Elevator (HK) Limited,"$34,895,616.00",https://www.emsd.gov.hk/en/tenders_contracts_and_consultancies/tender_notices/tender_notices/index_id_2898.html,,,,
2633EM20W,Replacement of Lifts No. 1 to 7 with Associated Equipment in Tai Po Hospital,Mar 2021,"Lift, Escalator and Passenger Conveyor Installation",Selective,Otis Elevator Company (H.K.),"$9,847,000.00",https://www.emsd.gov.hk/en/tenders_contracts_and_consultancies/tender_notices/tender_notices/index_id_2915.html,,,,
2483EM20T,"Triennial Term Contract for Maintenance of Electrical, Mechanical and Air-conditioning Installations at Tsuen Wan Government Offices and Miscellaneous Equipment in Premises in New Territories Region",Mar 2021,Air Conditioning Installation,Selective,Young's Engineering Company,"$89,438,000.00",https://www.emsd.gov.hk/en/tenders_contracts_and_consultancies/tender_notices/tender_notices/index_id_2900.html,,,,
2578EM20T,Triennial Term Contract for the Comprehensive Maintenance and Repair of Lift Installations at Various Premises of the Government of the Hong Kong Special Administrative Region (Package Two of SA20),Mar 2021,"Lift, Escalator and Passenger Conveyor Installation",Selective,Shan On Engineering Company Limited,"$9,871,200.00",https://www.emsd.gov.hk/en/tenders_contracts_and_consultancies/tender_notices/tender_notices/index_id_2897.html,,,,
1957EM20T,Quadrennial Term Contract for the Maintenance of Town Gas Installations at Various Venues of Security and Vehicle Services Division,Mar 2021,Catering Equipment Installation,Selective,Golden Target Kitchen Engineering Limited,"$11,460,800.00",https://www.emsd.gov.hk/en/tenders_contracts_and_consultancies/tender_notices/tender_notices/index_id_2877.html,,,,
1198EM20T,"Annual Term Contract for Maintenance of Heating, Ventilation and Air-conditioning Installations for Health Sector Venues in New Territories West Region",Feb 2021,Air Conditioning Installation,Selective,Shun Hing E & M Engineering,,https://www.emsd.gov.hk/en/tenders_contracts_and_consultancies/tender_notices/tender_notices/index_id_2862.html,,,,"39,791,990.00"
2680EM19T,Triennial Term Contract for Provision of Maintenance and Modification Works of Traffic Control and Surveillance System at Open Road Section of Hong Kong Link Road and Tuen Mun Chek Lap Kok Link Southern Connection,Feb 2021,Provision of maintenance and modification works for Traffic Control and Surveillance System,Open,Autotoll Limited,,https://www.emsd.gov.hk/en/tenders_contracts_and_consultancies/tender_notices/tender_notices/index_id_2887.html,,,,"50,612,560.00"
1471EM20T,"15-Month Term Contract for Maintenance and Improvement of Heating, Ventilation and Air-conditioning Installations for Hospitals and Clinics in Kowloon East and Kowloon Central Regions",Feb 2021,Air Conditioning Installation,Selective,Yordland Engineering Limited,,https://www.emsd.gov.hk/en/tenders_contracts_and_consultancies/tender_notices/tender_notices/index_id_2872.html,,,,"70,880,000.00"
1371EM20T,"Quadrennial Term Contract for Provision of Maintenance and Modification Works of Traffic Control and Surveillance System for Hong Kong – Shenzhen Western Corridor, Deep Bay Link and Yuen Long Highway",Feb 2021,"Provision of maintenance of equipment and modification works of the Traffic Control and Surveillance System Hong Kong – Shenzhen Western Corridor, Deep Bay Link and Yuen Long Highway",Open,Win Promise Limited,"$43,888,888..00",https://www.emsd.gov.hk/en/tenders_contracts_and_consultancies/tender_notices/tender_notices/index_id_2875.html,,,,
1361EM20T,"Triennial Term Contract for Operation and Maintenance of Electrical, Mechanical and Other Installations at Municipal Venues in Hong Kong Region",Feb 2021,Electrical Installation,Selective,M & V Engineering (E & M) Limited,,https://www.emsd.gov.hk/en/tenders_contracts_and_consultancies/tender_notices/tender_notices/index_id_2867.html,,,,"139,900,840.00"
EMSD CCSD2020/52,Provision of Supporting Services for Publicity Works of Corporate Services of the EMSD,Feb 2021,Provision of Supporting Services for Publicity Works of Corporate Services of the Electrical and Mechanical Services Department,Open,Adecco Personnel Limited,"HK$6,043,500.00",https://www.emsd.gov.hk/en/tenders_contracts_and_consultancies/tender_notices/tender_notices/index_id_2903.html,,,,
1073EM20T,Quadrennial Term Contract for Examination and Testing of Lifting Appliances and Lifting Gear in Hong Kong Island and Kowloon,Feb 2021,Survey of Lifting Appliances and Lifting Gear,Selective,Allied Rich Consultants Limited,,https://www.emsd.gov.hk/en/tenders_contracts_and_consultancies/tender_notices/tender_notices/index_id_2846.html,,,,"5,096,810.00"
2588EM20T,"5-Month Term Contract for Maintenance of Electrical Installations and Domestic Appliances at Various Staff Quarters of Correctional Services Department, Hong Kong Police Force and Independent Commission Against Corruption for the Hong Kong Special Administrative Region",Feb 2021,Electrical Installation,Selective,"Union (Luen Hop) Refrigeration Co., Limited",,https://www.emsd.gov.hk/en/tenders_contracts_and_consultancies/tender_notices/tender_notices/index_id_2892.html,,,,"6,790,000.00"
3144EM19T,Three Years Term Contract for Replacement of Energy Efficient Lighting at Various Government Health Facilities in Hong Kong,Feb 2021,Electrical Installation,Selective,Iu Cheong Electric Company,,https://www.emsd.gov.hk/en/tenders_contracts_and_consultancies/tender_notices/tender_notices/index_id_1772.html,,,,"22,572,950.00"
3212EM19T,"Term Contract for the Maintenance and Repair of, Alteration, Addition and Improvement Works to Electrical Installations Maintained by Kowloon Maintenance Sub-division of General Engineering Services Division",Jan 2021,Electrical Installation,Selective,Interlite (Asia) Limited,,https://www.emsd.gov.hk/en/tenders_contracts_and_consultancies/tender_notices/tender_notices/index_id_2871.html,,,,"47,876,040.00"
1320EM20T,"18-Month Term Contract for the Maintenance and Repair of, Alterations and Additions to Fire Services Installations for Health Services Buildings in Hong Kong Region and Outlying Islands",Jan 2021,Fire Service Installation,Selective,Kenworth Engineering Limited,"$11,406,850.00",https://www.emsd.gov.hk/en/tenders_contracts_and_consultancies/tender_notices/tender_notices/index_id_2847.html,,,,
1736EM20T,Triennial Term Contract for the Comprehensive Maintenance and Repair of Lift Installations at Various Premises of the Government of the Hong Kong Special Administrative Region (Package One of AE20).,Jan 2021,comprehensive maintenance and repair of lift installations at various premises of the Government of the Hong Kong Special Administrative Region,Open,Anlev Elex Elevator Limited,"$57,551,321.04",https://www.emsd.gov.hk/en/tenders_contracts_and_consultancies/tender_notices/tender_notices/index_id_2852.html,,,,
2372EM20T,Triennial Term Contract for Operation and Maintenance of Air-conditioning Installations in Various Venues of the Government of the Hong Kong Special Administrative Region Maintained by New Territories Maintenance Sub-division of General Engineering Services Division,Jan 2021,Air Conditioning Installation,Selective,Yordland Engineering Limited,"$78,988,000.00",https://www.emsd.gov.hk/en/tenders_contracts_and_consultancies/tender_notices/tender_notices/index_id_2870.html,,,,
1435EM20T,"Triennial Term Contract for Operation and Maintenance of Electrical, Mechanical and Other Installations at Kai Tak Cruise Terminal, Government Dockyard and Marine Ferry Terminals of The Government of the Hong Kong Special Administrative Region",Jan 2021,Electrical Installation,Selective,M & V Engineering (E & M) Limited,"$116,060,180.00",https://www.emsd.gov.hk/en/tenders_contracts_and_consultancies/tender_notices/tender_notices/index_id_2861.html,,,,
1360EM20W,Replacement of High Voltage Gas Turbine Generator and Associated Equipment in Tuen Mun Hospital,Jan 2021,“Diesel Generator Installation,Selective,"The Jardine Engineering Corporation, Limited","$26,000,000.00",https://www.emsd.gov.hk/en/tenders_contracts_and_consultancies/tender_notices/tender_notices/index_id_2883.html,,,,
1717EM20T,"Triennial Term Contract for Replacement, Alterations, Additions and Improvement Works of Building Services, Electrical, Mechanical and Air-conditioning Fitting-out at Various Correctional Services Department Venues",Jan 2021,Air Conditioning Installation,Selective,Meco Engineering Limited,"$41,713,295.00",https://www.emsd.gov.hk/en/tenders_contracts_and_consultancies/tender_notices/tender_notices/index_id_2869.html,,,,
EMSD CCSD2020/42,Provision of Supporting Services for Publicity Works of Customer Engagement for the EMSTF,Dec 2020,Provision of Supporting Services for Publicity Works of Customer Engagement for the EMSTF,Open,Flex Consultancy Limited,"HK$9,639,000.00",https://www.emsd.gov.hk/en/tenders_contracts_and_consultancies/tender_notices/tender_notices/index_id_2873.html,,,,
2201EM18T,Biennial Term Contract for Maintenance of Electrical and Mechanical Equipment and  Installations for Health Sector Venues in New Territories West Region,Dec 2020,Mechanical Plant and Equipment Installation,Selective,REC Engineering Company Limited,"$49,741,504.00",https://www.emsd.gov.hk/en/tenders_contracts_and_consultancies/tender_notices/tender_notices/index_id_1735.html,,,,
1359EM20W,Replacement of Lifts No. 1 to 6 with Associated Equipment in North District Hospital,Dec 2020,"Lift, Escalator and Passenger Conveyor Installation",Selective,Mitsubishi Elevator Hong Kong Company Limited,"$6,520,000.00",https://www.emsd.gov.hk/en/tenders_contracts_and_consultancies/tender_notices/tender_notices/index_id_2882.html,,,,
1841EM20T,Triennial Term Contract for the Comprehensive Maintenance and Repair of Lift Installations at Various Premises of the Government of the Hong Kong Special Administrative Region (Package One of MT20),Dec 2020,comprehensive maintenance and repair of lift installations at various premises of the Government of the Hong Kong Special Administrative Region,Open,Mitsubishi Elevator Hong Kong Company Limited,"$23,706,420.00",https://www.emsd.gov.hk/en/tenders_contracts_and_consultancies/tender_notices/tender_notices/index_id_2842.html,,,,
3013EM18T,"15-Month Term Contract for Maintenance of Heating, Ventilation and Air-conditioning Installations for Hong Kong Children’s Hospital",Dec 2020,Air Conditioning Installation,Selective,China State Mechanical & Electrical Engineering Limited,"$22,600,000.00",https://www.emsd.gov.hk/en/tenders_contracts_and_consultancies/tender_notices/tender_notices/index_id_2826.html,,,,
3185EM19T,Triennial Term Contract for Engineering Maintenance Services and Other Supporting Services for Electronics Installations of the Global Maritime Distress and Safety System (GMDSS) and Vessel Traffic Services System (VTSS) for Marine Department of the Government of the Hong Kong Special Administrative Region,Dec 2020,provision of operation and maintenance services for electronics and related installations of the GMDSS and VTSS for Marine Department of the Government of the Hong Kong Special Administrative Region,Open,Saab Technologies (Hong Kong) Limited,"$31,350,752.00",https://www.emsd.gov.hk/en/tenders_contracts_and_consultancies/tender_notices/tender_notices/index_id_1779.html,,,,
2985EM19T,Triennial Term Contract for the Maintenance of Electrical and Mechanical Installations at Tuen Mun Children and Juvenile Home and Miscellaneous Equipment in Premises in New Territories Region,Dec 2020,Air Conditioning Installation,Selective,Standard Refrigeration & Engineering Company Limited,"$37,837,860.00",https://www.emsd.gov.hk/en/tenders_contracts_and_consultancies/tender_notices/tender_notices/index_id_2854.html,,,,
2267EM20T,Triennial Term Contract for the Comprehensive Maintenance and Repair of Lift Installations at Various Premises of the Government of the Hong Kong Special Administrative Region (Package One of TO20),Dec 2020,comprehensive maintenance and repair of lift installations at various premises of the Government of the Hong Kong Special Administrative Region,Open,Chevalier (HK) Limited,"$48,804,258.96",https://www.emsd.gov.hk/en/tenders_contracts_and_consultancies/tender_notices/tender_notices/index_id_2840.html,,,,
1897EM20T,"Triennial Term Contract for The Maintenance and Repair, Alteration and Additions to Fire Service Installations in Venues in Hong Kong Island and Island (South) for the Government of the HKSAR",Dec 2020,Fire Service Installation,Selective,Perfect Fire Protection Company,"$27,509,960.00",https://www.emsd.gov.hk/en/tenders_contracts_and_consultancies/tender_notices/tender_notices/index_id_1797.html,,,,
1126EM20W,Supply and Installation of Electric Lock Security System in Stanley Prison Hall A for Correctional Services Department,Dec 2020,"installation of high security Electro-mechanical lock, CCTV cameras, video recording, access control system, metal gate and associated building works at Stanley Prison for Correctional Services Department",Open,Hong Kong Kwong Tai Builders Ltd and Kin Ming Construction Co Ltd-Joint Venture,"$88,982,609.00",https://www.emsd.gov.hk/en/tenders_contracts_and_consultancies/tender_notices/tender_notices/index_id_1802.html,,,,
1567EM20T,Triennial Term Contract for the Comprehensive Maintenance and Repair of Escalator Installations at Various Premises of the Government of the Hong Kong Special Administrative Region (Package One of AE20E).,Dec 2020,comprehensive maintenance and repair of escalator installations at various premises of the Government of the Hong Kong Special Administrative Region.,Open,Anlev Elex Elevator Limited,"$23,144,074.80",https://www.emsd.gov.hk/en/tenders_contracts_and_consultancies/tender_notices/tender_notices/index_id_1808.html,,,,
EMSDTD0320,Provision of Services for the Implementation of Asset Digitalisation in Existing Government Venues in New Territories West,Dec 2020,Provision of Service for the Implementation of Asset Digitalisation in Existing Government Venues in New Territories West,Open,Forida Limited,"HK$7,455,900.00",https://www.emsd.gov.hk/en/tenders_contracts_and_consultancies/tender_notices/tender_notices/index_id_2864.html,January 2021,July 2022,New Territories West,
EMSDTD0220,Provision of Services for the Implementation of Asset Digitalisation in Existing Government Venues in Kowloon,Dec 2020,Provision of Services for the Implementation of Asset Digitalisation in Existing Government Venues in Kowloon,Open,isBIM Limited,"HK$5,784,000.00",https://www.emsd.gov.hk/en/tenders_contracts_and_consultancies/tender_notices/tender_notices/index_id_2863.html,January 2021,July 2022,Kowloon,
1666EM20T,Triennial Term Contract for the Comprehensive Maintenance and Repair of Escalator Installations at Various Premises of the Government of the Hong Kong Special Administrative Region (Package One of MT20E).,Dec 2020,comprehensive maintenance and repair of escalator installations at various premises of the Government of the Hong Kong Special Administrative Region,Open,Mitsubishi Elevator Hong Kong Company Limited,"$6,792,630.00",https://www.emsd.gov.hk/en/tenders_contracts_and_consultancies/tender_notices/tender_notices/index_id_2822.html,,,,
1804EM20T,"Triennial Term Contract for the Comprehensive Maintenance and Repair of Escalator Installations at Central Government Offices, Chief Executive’s Office and Legislative Council Complex, Tamar",Dec 2020,"comprehensive maintenance and repair of escalator installations at Central Government Offices, Chief Executive’s Office and Legislative Council Complex, Tamar",Open,Fujitec (HK) Company Limited,"$7,240,678.00",https://www.emsd.gov.hk/en/tenders_contracts_and_consultancies/tender_notices/tender_notices/index_id_2833.html,,,,
1003EM20T,"Triennial Term Contract for the Maintenance and Repair of Water Pumping Installations, Filtration Tanks and Electro-Chlorinators for Filtration Plants at Various Swimming Pool Complexes in New Territories for the Government of the Hong Kong Special Administrative Region",Dec 2020,Mechanical Plant and Equipment Installation,Selective,"Associated Engineers, Limited","$33,695,000.00",https://www.emsd.gov.hk/en/tenders_contracts_and_consultancies/tender_notices/tender_notices/index_id_1792.html,,,,
1737EM20T,"Triennial Term Contract for the Comprehensive Maintenance and Repair of Lift Installations at Central Government Offices, Chief Executive’s Office and Legislative Council Complex, Tamar",Dec 2020,"comprehensive maintenance and repair of lift installations at Central Government Offices, Chief Executive’s Office and Legislative Council Complex, Tamar.",Open,Fujitec (HK) Company Limited,"$16.540,117.00",https://www.emsd.gov.hk/en/tenders_contracts_and_consultancies/tender_notices/tender_notices/index_id_1809.html,,,,
2344EM20T,Triennial Term Contract for Operation and Maintenance of Air-conditioning Installations in Various Venues of the Government of the Hong Kong Special Administrative Region Maintained by Kowloon Maintenance Sub-division of General Engineering Services Division,Nov 2020,Air Conditioning Installation,Selective,"Winston Air Conditioning & Engineering (Hong Kong) Company, Limited","$140,800,800.00",https://www.emsd.gov.hk/en/tenders_contracts_and_consultancies/tender_notices/tender_notices/index_id_2821.html,,,,
1839EM19A (1002EM19A),Prequalification for Design-Build-Operate Contract for the Additional District Cooling System (DCS) at the Kai Tak Development (KTD),Nov 2020,Design-Build-Operate Contract,Prequalified,Paul Y. – Qianhai Joint Venture,"HK$3,201,654,318.98",https://www.emsd.gov.hk/en/tenders_contracts_and_consultancies/tender_notices/tender_notices/index_id_1690.html,,,Kowloon,
3064EM19A,Provision of Operation and Maintenance Services for the Simultaneous Interpretation and Public Address Systems for Various Government Departments of the Hong Kong Special Administrative Region (New Territories and Miscellaneous Users),Nov 2020,Operation and Maintenance Services for Simultaneous Interpretation and Public Address Systems,Open,PCCW-HKT Technical Services Limited,"HK$16,775,100.00",https://www.emsd.gov.hk/en/tenders_contracts_and_consultancies/tender_notices/tender_notices/index_id_1806.html,December 2020,November 2024,New Territories,
3062EM19A,Provision of Operation and Maintenance Services for the Simultaneous Interpretation and Public Address Systems for Various Government Departments of the Hong Kong Special Administrative Region (Hong Kong Region),Nov 2020,Operation and Maintenance Services for Simultaneous Interpretation and Public Address Systems,Open,PCCW-HKT Technical Services Limited,"HK$24,767,880.00",https://www.emsd.gov.hk/en/tenders_contracts_and_consultancies/tender_notices/tender_notices/index_id_1804.html,December 2020,November 2024,Hong Kong,
1326EM20W,Replacement of Lighting Bar Winching System at Hong Kong Coliseum,Nov 2020,Mechanical Handling and Lifting Installation,Selective,Wang Tak Engineering & Shipbuilding Company Limited,"$21,882,000.00",https://www.emsd.gov.hk/en/tenders_contracts_and_consultancies/tender_notices/tender_notices/index_id_1812.html,,,,
1022EM20W,Replacement of Chillers and Other Air Conditioning Installations at Hong Kong Museum of History,Nov 2020,Air Conditioning Installation,Selective,"Wenden Engineering Service Company, Limited","$16,948,668.00",https://www.emsd.gov.hk/en/tenders_contracts_and_consultancies/tender_notices/tender_notices/index_id_1813.html,,,,
3063EM19A,Provision of Operation and Maintenance Services for the Simultaneous Interpretation and Public Address Systems for Various Government Departments of the Hong Kong Special Administrative Region (Kowloon Region),Nov 2020,Operation and Maintenance Services for Simultaneous Interpretation and Public Address Systems,Open,Netsphere Solution Limited,"HK$7,516,350.00",https://www.emsd.gov.hk/en/tenders_contracts_and_consultancies/tender_notices/tender_notices/index_id_1805.html,December 2020,November 2024,Hong Kong,
1645EM19T,"Quadrennial Term Contract for Maintenance of Fire Service Installations for Hong Kong Police Force, Correctional Services Department, Drainage Services Department, Fire Services Department, Independent Commission Against Corruption and Security Bureau for Hong Kong Island and Outlying Islands.",Nov 2020,Fire Service Installation,Selective,Kenworth Engineering Limited,"$41,825,440.00",https://www.emsd.gov.hk/en/tenders_contracts_and_consultancies/tender_notices/tender_notices/index_id_1788.html,,,,
3206EM19T,"Triennial Term Contract for Provision of Maintenance, Modification and Installation Works of Electronic and E&M Control Systems at Various Sewage Treatment Works and Their Outstations for Drainage Services Department",Nov 2020,Electrical and Mechanical Installation for Sewage Treatment and Screening Plant,Selective,Chevalier (Envirotech) Limited,"$79,781,100.00",https://www.emsd.gov.hk/en/tenders_contracts_and_consultancies/tender_notices/tender_notices/index_id_1818.html,,,,
2241EM20T,Triennial Term Contract for Operation and Maintenance of Air-conditioning Installations in Various Venues of the Government of the Hong Kong Special Administrative Region Maintained by Hong Kong Maintenance Sub-division TWO of General Engineering Services Division,Nov 2020,Air Conditioning Installation,Selective,"Winston Air Conditioning & Engineering (Hong Kong) Company, Limited","$92,975,000.00",https://www.emsd.gov.hk/en/tenders_contracts_and_consultancies/tender_notices/tender_notices/index_id_2819.html,,,,
EMSDTD0520,Provision of Services for the Implementation of Asset Digitalisation in Existing Government Venues in Hong Kong Island,Nov 2020,Provision of Services for the Implementation of Asset Digitalisation in Existing Government Venues in Hong Kong Island,Open,Build.IT Limited,"HK$8,200,000.00",https://www.emsd.gov.hk/en/tenders_contracts_and_consultancies/tender_notices/tender_notices/index_id_2851.html,December 2020,June 2022,Hong Kong,
EMSDTD0420,Provision of Services for the Implementation of Asset Digitalisation in Existing Government Venues in New Territories East,Nov 2020,Provision of Service for the Implementation of Asset Digitalisation in Existing Government Venues in New Territories East,Open,Ryder (Asia) Limited,"HK$7,947,150.00",https://www.emsd.gov.hk/en/tenders_contracts_and_consultancies/tender_notices/tender_notices/index_id_2844.html,December 2020,June 2022,Hong Kong,
1334EM20T,"Triennial Term Contract for Building Services Fitting-Out Works, Replacement and Improvement Works to Health Sector Venues in New Territories West Region",Nov 2020,Air Conditioning Installation,Selective,Quad-Tech Engineering (H.K.) Company Limited,"$69,462,250.00",https://www.emsd.gov.hk/en/tenders_contracts_and_consultancies/tender_notices/tender_notices/index_id_1795.html,,,,
3192EM19W,Supply and Installation of CCTV System at Stanley Prison for Correctional Services Department,Nov 2020,"the Replacement of CCTV cameras, recording and display subsystem for Stanley Prison of Correctional Services Department",Open,Chubb Hong Kong Limited,"$65,328,000.00",https://www.emsd.gov.hk/en/tenders_contracts_and_consultancies/tender_notices/tender_notices/index_id_1775.html,,,,
1678EM20W,"Replacement of Aged Chilled Water Plant, CRAC Unit with Associated Accessories for Data Centre at Fire Services Headquarters",Oct 2020,Air Conditioning Installation,Selective,"Union (Luen Hop) Refrigeration Co., Limited","$5,241,000.00",https://www.emsd.gov.hk/en/tenders_contracts_and_consultancies/tender_notices/tender_notices/index_id_2830.html,,,,
1338EM20T,"42-month Term Contract for Alterations, Additions, Improvement and Maintenance of Filtration Plants at Various Swimming Pool Complexes in Kowloon District of the Hong Kong Special Administrative Region",Oct 2020,Mechanical Plant and Equipment Installation,Selective,"Associated Engineers, Limited","$36,700,000.00",https://www.emsd.gov.hk/en/tenders_contracts_and_consultancies/tender_notices/tender_notices/index_id_1796.html,,,,
2068EM20T,Triennial Term Contract for Operation and Maintenance of Air-conditioning Installations in Various Venues of the Government of the Hong Kong Special Administrative Region Maintained by Hong Kong Maintenance Sub-division ONE of General Engineering Services Division,Oct 2020,Air Conditioning Installation,Selective,REC Engineering Company Limited,"$142,492,000.00",https://www.emsd.gov.hk/en/tenders_contracts_and_consultancies/tender_notices/tender_notices/index_id_1817.html,,,,
3187EM19T,"Triennial Term Contract for Replacement, Alterations, Additions and Improvement Works of Electrical, Mechanical and Air-conditioning Fitting-out at Various Disciplined Services Venues",Oct 2020,Air Conditioning Installation,Selective,Westco Airconditioning Limited,"$42,193,519.00",https://www.emsd.gov.hk/en/tenders_contracts_and_consultancies/tender_notices/tender_notices/index_id_1785.html,,,,
1432EM20T,"Triennial Term Contract for Air-conditioning, Electrical, Mechanical and Building Services Projects at Correctional Services Department Venues and Other Disciplined Services Venues",Sep 2020,Air Conditioning Installation,Selective,Westco Airconditioning Limited,"$34,445,000",https://www.emsd.gov.hk/en/tenders_contracts_and_consultancies/tender_notices/tender_notices/index_id_1799.html,October 2020,October 2023,,
1466EM20T,"Triennial Term Contract for the Maintenance and Repair of, Alterations and Additions to, Fire Service Installations for the Venues of Boundary Crossing Facilities and Transport Services Division for the Government of HKSAR",Sep 2020,Fire Service Installation,Selective,Shun Cheong Electrical Engineering Company Limited,"HK$32,798,000.00",https://www.emsd.gov.hk/en/tenders_contracts_and_consultancies/tender_notices/tender_notices/index_id_1783.html,,,,
1451EM20T,Triennial Term Contract for Provision of Closed Circuit Television Systems for Correctional Services Department,Sep 2020,Video Electronics Installation,Selective,Chubb Hong Kong Limited,"HK$109,148,000.00",https://www.emsd.gov.hk/en/tenders_contracts_and_consultancies/tender_notices/tender_notices/index_id_1777.html,,,,
3186EM19T,"20-month Term Contract for Building Services Fitting-out, Replacement and Improvement Works to Health Sector Venues in Kowloon West Region",Sep 2020,Air-conditioning Installation,Selective,Yordland Engineering Limited,"HK$19,868,000.00",https://www.emsd.gov.hk/en/tenders_contracts_and_consultancies/tender_notices/tender_notices/index_id_1781.html,,,,
3202EM19T,"Biennial Term Contract for Supply & Installation of Solar Photovoltaic (PV) Systems for Schools and welfare NGOs in Hong Kong, Kowloon, New Territories East Regions, Lantau and Outlying Islands.",Sep 2020,Electrical Installation,Selective,Iu Cheong Electric Company Limited,"HK$27,486,000.00",https://www.emsd.gov.hk/en/tenders_contracts_and_consultancies/tender_notices/tender_notices/index_id_1778.html,,,,
EMSD P/5-10/13 Pt. 22 (2020),Provision of Services of Temporary Clerks for the Electrical and Mechanical Services Department,Sep 2020,Term Contract for Supply of Temporary Clerks on As and When Required Basis.,Open,TALENTQUEST HR LIMITED,"HK$9,296,000.00",https://www.emsd.gov.hk/en/tenders_contracts_and_consultancies/tender_notices/tender_notices/index_id_1734.html,,,,
1339EM18W,Replacement of the Traffic Control and Surveillance System (TCSS) in the Kai Tak Tunnel,Aug 2020,"includes dismantling and renovation of existing traffic control and surveillance facilities, and installation of new equipment. The new system will mainly consist of computer systems, communication facilities, variable message signs, and other traffic field equipment",Open,Parsons Delcan Inc.,"HK$86,888,168.00",https://www.emsd.gov.hk/en/tenders_contracts_and_consultancies/tender_notices/tender_notices/index_id_1736.html,,,,
EMSDTD0120,Provision of Supporting Services for Asset Digitalisation for the Government Venues,Aug 2020,Support service for asset digitalisation,Open,Vircon Limited,"HK$8,635,800.00",https://www.emsd.gov.hk/en/tenders_contracts_and_consultancies/tender_notices/tender_notices/index_id_1807.html,September 2020,January 2022,Hong Kong,
EMSD CCSD2020/24,Provision of Supporting Services for Publicity Activities for the EMSD,Aug 2020,Provision of Supporting Services for Publicity Activities for the Electrical and Mechanical Services Department.,Open,Adecco Personnel Limited,"HK$8,452,800.00",https://www.emsd.gov.hk/en/tenders_contracts_and_consultancies/tender_notices/tender_notices/index_id_1787.html,,,,
1420EM20T,Quadrennial Term Contract for Comprehensive Maintenance of Pumping Installations at the Venues of Disciplined Services Departments,Aug 2020,Mechanical Plant and Equipment Installation,Selective,ATAL Engineering Limited,"HK$32,628,000.00",https://www.emsd.gov.hk/en/tenders_contracts_and_consultancies/tender_notices/tender_notices/index_id_1774.html,,,,
3149EM19W,District Cooling System (DCS) at Kai Tak Development (KTD) Phase IIIR – Electrical and Mechanical Installation at Site 1D3,Aug 2020,Air-conditioning Installation,Selective,"Winston Air Conditioning & Engineering (Hong Kong) Company, Limited","HK$12,650,000.00",https://www.emsd.gov.hk/en/tenders_contracts_and_consultancies/tender_notices/tender_notices/index_id_1771.html,,,,
2568EM19T,Quadrennial Term Contract for Maintenance of Security and Electronic Systems at Tai Lam Centre for Women and Other Venues of Correctional Services Department,Aug 2020,Burglar Alarm and Security Installation,Selective,Chubb Hong Kong Limited,"HK$16,549,000.00",https://www.emsd.gov.hk/en/tenders_contracts_and_consultancies/tender_notices/tender_notices/index_id_1766.html,,,,
1736EM19T,Quadrennial Term Contract for the Maintenance and Repair of Burglar Alarm and Security Installations at Various Premises of Hong Kong Police Force,Jul 2020,Burglar Alarm and Security Installation,Selective,Thorn Security (Hong Kong) Limited,"HK$31,446,310.00",https://www.emsd.gov.hk/en/tenders_contracts_and_consultancies/tender_notices/tender_notices/index_id_1757.html,,,,
2913EM19T,"26-Month Term Contract for the Maintenance and Repair of, Alterations and Additions to Fire Service Installations for Health Services Buildings in New Territories Region",Jul 2020,Fire Service Installation,Selective,Chubb Hong Kong Limited,"HK$31,639,060.00",https://www.emsd.gov.hk/en/tenders_contracts_and_consultancies/tender_notices/tender_notices/index_id_1753.html,,,,
1339EM19T,Triennial Term Contract for the Comprehensive Maintenance and Repair of Lift Installations at Various Premises of the Government of the Hong Kong Special Administrative Region (Package One of KO15),Jul 2020,includes comprehensive maintenance and repair of lift installations at various premises of the Government of the Hong Kong Special Administrative Region,Open,Kone Elevator (HK) Limited,"HK$21,774,800.00",https://www.emsd.gov.hk/en/tenders_contracts_and_consultancies/tender_notices/tender_notices/index_id_1764.html,,,,
EMSD TU1 0006/C/2020,Provision of Training Administration Support Services for Training Unit 1 & 2 of Electrical & Mechanical Services Department (EMSD),Jul 2020,Provision of Training Administration Support Services for Training Unit 1 & 2 of Electrical & Mechanical Services Department (EMSD),Open,EnGenius Personnel Consultancy Limited,"HK$7,002,000.00",https://www.emsd.gov.hk/en/tenders_contracts_and_consultancies/tender_notices/tender_notices/index_id_1768.html,,,,
2731EM19T,Three Years Term Contract for Replacement of Energy Efficient Lighting at Various Venues of Hospital Authority in Hong Kong,Jun 2020,Electrical Installation,Selective,Iu Cheong Electric Company Limited,"HK$36,961,350.00",https://www.emsd.gov.hk/en/tenders_contracts_and_consultancies/tender_notices/tender_notices/index_id_1738.html,,,,
2892EM19T,Triennial Term Contract for the Comprehensive Maintenance and Repair of Escalator Installations at Various Premises of the Government of the Hong Kong Special Administrative Region (KO19E),Jun 2020,comprehensive maintenance and repair of escalator installations at various premises of the Government of the Hong Kong Special Administrative Region,Open,Kone Elevator (HK) Limited,"HK$10,305,234.00",https://www.emsd.gov.hk/en/tenders_contracts_and_consultancies/tender_notices/tender_notices/index_id_1759.html,,,,
2374EM19W,Replacement of Refractories and Insulation Bricks for Two Cremators at Wo Hop Shek Crematorium,Jun 2020,Mechanical Plant and Equipment Installation,Selective,"The Jardine Engineering Corporation, Limited","HK$21,991,580.00",https://www.emsd.gov.hk/en/tenders_contracts_and_consultancies/tender_notices/tender_notices/index_id_1754.html,,,,
2936EM18T,"26-Month Term Contract for Maintenance of Heating, Ventilation and Air-conditioning Installations for Health Sector Venues in Hong Kong Region and Outlying Islands",Jun 2020,Air-conditioning Installation,Selective,Alliance Contracting Company Limited,"HK$43,500,000.00",https://www.emsd.gov.hk/en/tenders_contracts_and_consultancies/tender_notices/tender_notices/index_id_1706.html,,,,
2561EM19W,Replacement of Refractories and Insulation Bricks for Cremators at Kwai Chung Crematorium and Fu Shan Crematorium,Jun 2020,Mechanical Plant and Equipment Installation,Selective,Southa Technical Limited,"HK$18,620,000.00",https://www.emsd.gov.hk/en/tenders_contracts_and_consultancies/tender_notices/tender_notices/index_id_1762.html,,,,
2490EM19W,Retrofitting of Air-cooled Chiller and Associated Installations in Tseung Kwan O Hospital,May 2020,Air-conditioning Installation,Selective,"Winston Air Conditioning & Engineering (Hong Kong) Company, Limited","HK$13,943,700.00",https://www.emsd.gov.hk/en/tenders_contracts_and_consultancies/tender_notices/tender_notices/index_id_1748.html,,,,
1596EM19T,"Triennial Term Contract for Operation and Maintenance of Air-Conditioning Installations for Hong Kong Police Force, Correctional Services Department, Fire Services Department, Independent Commission Against Corruption and Security Bureau in Hong Kong Cluster for the Government of HKSAR",May 2020,Air-conditioning Installation,Selective,Young's Engineering Company Limited,"HK$67,802,000.00",https://www.emsd.gov.hk/en/tenders_contracts_and_consultancies/tender_notices/tender_notices/index_id_1749.html,,,,
1556EM19T,Triennial Term Contract for the Comprehensive Maintenance and Repair of Lift Installations at Various Premises of the Government of the Hong Kong Special Administrative Region (Package Two of KO19),May 2020,comprehensive maintenance and repair of lift installations at various premises of the government of the Hong Kong Special Administrative Region,Open,Kone Elevator (HK) Limited,"HK$33,778,928.00",https://www.emsd.gov.hk/en/tenders_contracts_and_consultancies/tender_notices/tender_notices/index_id_1726.html,,,,
2604EM19T,"Triennial Term Contract for the Supply and Installation of Public Address Systems, Auxiliary Equipment & Emergency Call-out System for the Government of the HKSAR",May 2020,Audio Electronics Installation,Selective,Shun Tung Electric Company Limited,"HK$32,781,688.00",https://www.emsd.gov.hk/en/tenders_contracts_and_consultancies/tender_notices/tender_notices/index_id_1739.html,,,,
2864EM19W,Replacement of Central Control and Monitoring System at Tate’s Cairn Tunnel,May 2020,Industrial Type Electrical Installation,Selective,Wing Cheong Electrical Engineering & Contracting Company Limited,"HK$15,793,667.00",https://www.emsd.gov.hk/en/tenders_contracts_and_consultancies/tender_notices/tender_notices/index_id_1747.html,,,,
2061EM19T,Triennial Term Contract for the Comprehensive Maintenance and Repair of Escalator Installations at Various Premises of the Government of the Hong Kong Special Administrative Region (Package Two of OT19),Apr 2020,comprehensive maintenance and repair of escalator installations at various premises of the Government of the Hong Kong Special Administrative Region,Open,Otis Elevator Company (H.K.) Limited,"HK$58,704,720.00",https://www.emsd.gov.hk/en/tenders_contracts_and_consultancies/tender_notices/tender_notices/index_id_1721.html,,,,
1782EM19T,Triennial Term Contract for the Comprehensive Maintenance and Repair of Escalator Installations at Various Premises of the Government of the Hong Kong Special Administrative Region (Package One of OT19E),Apr 2020,comprehensive maintenance and repair of escalator installations at various premises,Open,Otis Elevator Company (H.K.) Limited,"HK$58,837,440.00",https://www.emsd.gov.hk/en/tenders_contracts_and_consultancies/tender_notices/tender_notices/index_id_1723.html,,,,
2786EM19W,Air Conditioning System Replacement and CCMS Upgrade at Princess Margaret Hospital,Apr 2020,Air-conditioning Installation,Selective,"The Jardine Engineering Corporation, Limited","HK$44,864,791.00",https://www.emsd.gov.hk/en/tenders_contracts_and_consultancies/tender_notices/tender_notices/index_id_1756.html,,,,
2BDTD20001,Provision of SAP Enterprise Support Service for the period from 1 May 2020 to 31 December 2021 to the Electrical and Mechanical Services Trading Fund,Apr 2020,Support service for Information System,Open,DynaSys Solutions Limited,"HK$5,407,160.00",https://www.emsd.gov.hk/en/tenders_contracts_and_consultancies/tender_notices/tender_notices/index_id_1733.html,,,,
2549EM19W,Replacement of Lifts at New Territories North Regional Police Headquarters,Apr 2020,"Lift, Escalator and Passenger Conveyor Installation",Selective,Chevalier (HK) Limited,"HK$6,750,000.00",https://www.emsd.gov.hk/en/tenders_contracts_and_consultancies/tender_notices/tender_notices/index_id_1741.html,,,,
2062EM19T,Triennial Term Contract for the Comprehensive Maintenance and Repair of Escalator Installations at Various Premises of the Government of the Hong Kong Special Administrative Region (Package One of SC19),Apr 2020,comprehensive maintenance and repair of escalator installations at various premises of the Government of the Hong Kong Special Administrative Region,Open,Schindler Lifts (Hong Kong) Limited,"HK$25,346,345.60",https://www.emsd.gov.hk/en/tenders_contracts_and_consultancies/tender_notices/tender_notices/index_id_1722.html,,,,
1595EM19T,Quadrennial Term Contract for the Comprehensive Maintenance and Repair of Escalator Installations at Various Premises of the Government of the Hong Kong Special Administrative Region (Package One of TK20),Apr 2020,includes comprehensive maintenance and repair of escalator installations at various premises of the Government of the Hong Kong Special Administrative Region,Open,Holake Hong Kong Lifts Limited,"HK$9,535,200.00",https://www.emsd.gov.hk/en/tenders_contracts_and_consultancies/tender_notices/tender_notices/index_id_1737.html,,,,
2023EM19T,"42-Month Term Contract for the Fault Attendance, Comprehensive Maintenance, Repair and Replacement of Special Lighting Systems at Various Premises of the Highways Department of the Government of HKSAR",Mar 2020,Industrial Type Electrical Installation,Selective,Mak Hang Kei (Hong Kong) Construction Limited,"HK$30,536,000.00",https://www.emsd.gov.hk/en/tenders_contracts_and_consultancies/tender_notices/tender_notices/index_id_1731.html,,,,
1486EM18T,Triennial Term Contract for Maintenance of Automatic Vehicle Clearance Support System of Hong Kong Boundary Crossing Facilities (HKBCF) at Hong Kong Zhuhai Macao Bridge,Mar 2020,Burglar Alarm and Security Installation,Selective,EC Infotech Limited,"HK$45,130,600.00",https://www.emsd.gov.hk/en/tenders_contracts_and_consultancies/tender_notices/tender_notices/index_id_1730.html,,,,
1293EM19T,Biennial Term Contract for Maintenance of Medical Gas Pipeline Systems for Health Sector Venues.,Mar 2020,Steam and Compressed Air Installation,Selective,Linde HKO Limited,"HK$55,511,381.00",https://www.emsd.gov.hk/en/tenders_contracts_and_consultancies/tender_notices/tender_notices/index_id_1712.html,,,,
1987EM19T,Triennial Term Contract for Maintenance of Electrical and Mechanical Installations at Cheung Sha Wan Government Offices,Mar 2020,Air-conditioning Installation,Selective,Alliance Contracting Company Limited,"HK$31,894,000.00",https://www.emsd.gov.hk/en/tenders_contracts_and_consultancies/tender_notices/tender_notices/index_id_1715.html,,,,
1675EM19T,Triennial Term Contract for Operation and Maintenance of Air-conditioning Installations at Attended Municipal Venues in Hong Kong Region,Feb 2020,Air-conditioning Installation,Selective,Kenworth Engineering Limited,"HK$73,590,200.00",https://www.emsd.gov.hk/en/tenders_contracts_and_consultancies/tender_notices/tender_notices/index_id_1704.html,,,,
1627EM19T,"Term Contract for the Maintenance and Repair of, Alteration, Addition and Improvement Works to MVAC Installations at West Kowloon Government Offices and other Venues Maintained by General Engineering Services Division",Feb 2020,Air-conditioning Installation,Selective,Yordland Engineering Limited,"HK$10,380,000.00",https://www.emsd.gov.hk/en/tenders_contracts_and_consultancies/tender_notices/tender_notices/index_id_1728.html,,,,
2088EM17T,36-month Term Contract for the Comprehensive Maintenance and Repair of Lift Installations at Various Premises of Hospital Authority (KO 18),Jan 2020,includes maintenance and repair of lift installations in various premises of Hospital Authority,Open,Kone Elevator (HK) Limited,"HK$17,054,880.00",https://www.emsd.gov.hk/en/tenders_contracts_and_consultancies/tender_notices/tender_notices/index_id_1641.html,,,,
1379EM19T,Two-Year Term Contract for the Supply and Installation of Radio Communication Systems for Food and Environmental Hygiene Department,Jan 2020,Radio Electronics Installation,Selective,C.A. Sheimer (H.K.) Limited,"HK$22,689,130.00",https://www.emsd.gov.hk/en/tenders_contracts_and_consultancies/tender_notices/tender_notices/index_id_1727.html,,,,
1051EM19T,Triennial Term Contract for the Comprehensive Maintenance and Repair of Escalator Installations at Various Premises of the Government of the Hong Kong Special Administrative Region (Package One of FT19E),Jan 2020,includes comprehensive maintenance and repair of escalator installations at various premises of the Government of the Hong Kong Special Administrative Region,Open,Fujitec (HK) Company Limited,"HK$12,278,900.00",https://www.emsd.gov.hk/en/tenders_contracts_and_consultancies/tender_notices/tender_notices/index_id_1699.html,,,,
1810EM19T,Triennial Term Contract for the Comprehensive Maintenance and Repair of Lift Installations at Various Premises of the Government of the Hong Kong Special Administrative Region (SA20),Jan 2020,includes maintenance and repair of lift installations in various premises of the Government of the HKSAR. The Contract is scheduled to commence in January 2020 for completion in December 2022,Open,Holake Hong Kong Lifts Limited,"HK$5,198,868.00",https://www.emsd.gov.hk/en/tenders_contracts_and_consultancies/tender_notices/tender_notices/index_id_1695.html,,,,
1069EM19T,Quadrennial Term Contract for Maintenance of Lift and Ramp System of Government Ferry Pier,Jan 2020,Mechanical Handling and Lifting Installation,Selective,REC Engineering Company Limited,"HK$31,125,200.00",https://www.emsd.gov.hk/en/tenders_contracts_and_consultancies/tender_notices/tender_notices/index_id_1703.html,,,,
2026EM18T,"Quadrennial Term Contract for Provision of Operation, Maintenance and Modification Works for Journey Time Indication System and Hong Kong eTransport Kiosk of Transport Department of the Government of the Hong Kong Special Administrative Region",Jan 2020,"includes provision of operation, maintenance, modification works for Journey Time Indication System and Hong Kong eTransport Kiosk",Open,Autotoll Limited,"HK$17,951,400.00",https://www.emsd.gov.hk/en/tenders_contracts_and_consultancies/tender_notices/tender_notices/index_id_1720.html,,,,
1952EM18W,Replacement of Fire Service Systems at Kai Tak Tunnel,Dec 2019,Fire Service Installation,Selective,Windmill Engineering Company Limited,"HK$9,195,672.00",https://www.emsd.gov.hk/en/tenders_contracts_and_consultancies/tender_notices/tender_notices/index_id_1713.html,,,,
EMSD GSB 13706,Biennial Contract for Sampling and Analyzing of Liquefied Petroleum Gas,Dec 2019,Collection of liquefied petroleum gas (LPG) samples from LPG filling stations and LPG terminals and testing of the LPG quality,Open,SGS Hong Kong Limited,"HK $3,616,300.00",https://www.emsd.gov.hk/en/tenders_contracts_and_consultancies/tender_notices/tender_notices/index_id_1732.html,,,,
EMSD CCSD2019/04,Provision of Service for Management of Departmental Communication and Engagement Functions,Dec 2019,Provision of Service for Management of Departmental Communication and Engagement Functions at the Electrical and Mechanical Services Department Headquarters.,Open,Plan B Event Planning and Productions Limited,"HK$8,121,700.00",https://www.emsd.gov.hk/en/tenders_contracts_and_consultancies/tender_notices/tender_notices/index_id_1729.html,,,,
1537EM19W,Replacement of Three Air-cooled Chillers with Associated Accessories for SARS Ward at Tuen Mun Hospital,Dec 2019,Air-conditioning Installation,Selective,Quad-Tech Engineering (H.K.) Company Limited,"HK$9,930,000.00",https://www.emsd.gov.hk/en/tenders_contracts_and_consultancies/tender_notices/tender_notices/index_id_1724.html,,,,
1258EM19T,Triennial Term Contract for Maintenance of Air-conditioning and Other Installations at Municipal Venues in New Territories Region,Nov 2019,Air-conditioning Installation,Selective,Alliance Contracting Company Limited,"HK$83,000,000.00",https://www.emsd.gov.hk/en/tenders_contracts_and_consultancies/tender_notices/tender_notices/index_id_1701.html,,,,
1234EM19T,"Triennial Term Contract for the Maintenance and Repair of Burglar Alarm and Security Installation at Central Government Offices, Chief Executive’s Office and Legislative Council Complex, Tamar",Nov 2019,Burglar Alarm and Security Installation,Selective,Nixon Technology Company Limited,"HK$19,625,040.00",https://www.emsd.gov.hk/en/tenders_contracts_and_consultancies/tender_notices/tender_notices/index_id_1707.html,,,,
1196EM19T,"Triennial Term Contract for Maintenance of Heating, Ventilation & Air-conditioning Installations at Unattended Municipal Venues in the New Territories",Nov 2019,Air-conditioning Installation,Selective,Westco Airconditioning Limited,"HK$95,997,000.00",https://www.emsd.gov.hk/en/tenders_contracts_and_consultancies/tender_notices/tender_notices/index_id_1685.html,,,,
1565EM19T,"Triennial Term Contract for the Maintenance, Repair, Alterations, Additions and Improvement for Broadcast Reception Installation and Satellite Master Antenna Television System for the Government of the Hong Kong Special Administrative Region",Nov 2019,Broadcast Reception Installation,Selective,EC Infotech Limited,"HK$12,594,600.00",https://www.emsd.gov.hk/en/tenders_contracts_and_consultancies/tender_notices/tender_notices/index_id_1705.html,,,,
1733EM19W,Replacement of Chillers and Associated Equipment at Tuen Mun Hospital and Castle Peak Hospital,Nov 2019,Air-conditioning Installation,Selective,Quad-Tech Engineering (H.K.) Company Limited,"HK$22,360,000.00",https://www.emsd.gov.hk/en/tenders_contracts_and_consultancies/tender_notices/tender_notices/index_id_1714.html,,,,
1446EM19W,Refurbishment of the Chiller Plant at Hong Kong Cultural Centre,Oct 2019,Air-conditioning Installation,Selective,"Winston Air Conditioning & Engineering (Hong Kong) Company, Limited","HK$28,650,000.00",https://www.emsd.gov.hk/en/tenders_contracts_and_consultancies/tender_notices/tender_notices/index_id_1696.html,,,,
1883EM18T,Triennial Term Contract for the Maintenance and Repair of Mechanical Ventilation Installations for Public Transport Interchanges of Transport Department for the Government of HKSAR,Oct 2019,Mechanical Plant and Equipment Installation,Selective,Tai Ah Engineering Company Limited,"HK$48,478,900.00",https://www.emsd.gov.hk/en/tenders_contracts_and_consultancies/tender_notices/tender_notices/index_id_1691.html,,,,
2872EM18T,"28-Month Term Contract for Maintenance of Heating, Ventilation and Air-conditioning Installations for Health Sector Venues in Kowloon West Region",Oct 2019,Air-conditioning Installation,Selective,"Wenden Engineering Service Company, Limited","HK$63,671,880.00",https://www.emsd.gov.hk/en/tenders_contracts_and_consultancies/tender_notices/tender_notices/index_id_1674.html,,,,
2603EM18T,Triennial Term Contract for the Comprehensive Maintenance and Repair of Escalator Installations at Various Premises of the Hospital Authority (SC18E),Oct 2019,"Lift, Escalator and Passenger Conveyor Installation",Selective,Schindler Lifts (Hong Kong) Limited,"HK$3,295,248.00",https://www.emsd.gov.hk/en/tenders_contracts_and_consultancies/tender_notices/tender_notices/index_id_1683.html,,,,
1501EM19W,"Retrofitting of High Efficiency Chiller and Associated Installations in PYNEH, QMH, QEH and KH",Oct 2019,Air-conditioning Installation,Selective,Lucky Engineering Company Limited,"HK$37,700,000.00",https://www.emsd.gov.hk/en/tenders_contracts_and_consultancies/tender_notices/tender_notices/index_id_1693.html,,,,
2602EM18T,Triennial Term Contract for the Comprehensive Maintenance and Repair of Lift Installations at Various Premises of Hospital Authority (SC18),Oct 2019,"Lift, Escalator and Passenger Conveyor Installation",Selective,thyssenkrupp Elevator (HK) Limited,"HK$26,144,500.00",https://www.emsd.gov.hk/en/tenders_contracts_and_consultancies/tender_notices/tender_notices/index_id_1659.html,,,,
EMS/T/01/2019(A),Provision of Light Goods Vehicles for Hiring by Electrical and Mechanical Services Department ,Oct 2019,Hiring of Light Goods Vehicles (Items 1 & 2),Open,Lison Logistics Ltd.,"HK$9,789,890.00",https://www.emsd.gov.hk/en/tenders_contracts_and_consultancies/tender_notices/tender_notices/index_id_1689.html,,,,
2799EM18T,"Triennial Term Contract for Building Services Fitting-out, Replacement and Improvement Works to Various Disciplined Services Venues",Sep 2019,Air-conditioning Installation,Selective,Alliance Contracting Company Limited,"HK$45,692,800.00",https://www.emsd.gov.hk/en/tenders_contracts_and_consultancies/tender_notices/tender_notices/index_id_1656.html,,,,
1738EM19W,"Replacement and Upgrading of Supervisory Control and Data Acquisition and Programmable Logic Controller Systems in the Sewage Treatment Works of Siu Ho Wan, Ngong Ping and Ma Wan for Drainage Services Department",Sep 2019,"includes design, supply, transportation, installation, testing, commissioning, and subsequent defects liability period for the complete replacement and upgrading of the Supervisory Control and Data Acquisition (SCADA) and Programmable Logic Controller (PLC) Systems in the Sewage Treatment Works of Siu Ho Wan, Ngong Ping and Ma Wan for Drainage Services Department",Open,Chevalier (Envirotech) Limited,"HK$12,275,000.00",https://www.emsd.gov.hk/en/tenders_contracts_and_consultancies/tender_notices/tender_notices/index_id_1700.html,,,,
1507EM18W,Replacement of Chiller Plants and Associated Works at Leisure and Cultural Services Headquarters and Shatin Town Hall,Sep 2019,Air-conditioning Installation,Selective,Wenden Engineering Service Company Limited,"HK$21,698,668.00",https://www.emsd.gov.hk/en/tenders_contracts_and_consultancies/tender_notices/tender_notices/index_id_1702.html,,,,
2351EM18T,"Triennial Term Contract for Maintenance of Heating, Ventilation and Air-conditioning Installations for Customs and Excise Department and Immigration Department in Hong Kong Island and Outlying Islands",Sep 2019,Air-conditioning Installation,Selective,REC Engineering Company Limited,"HK$22,600,000.00",https://www.emsd.gov.hk/en/tenders_contracts_and_consultancies/tender_notices/tender_notices/index_id_1637.html,,,,
1094EM19T,Triennial Term Contract for the Comprehensive Maintenance and Repair of Lift Installations at Various Premises of Hospital Authority (SA19),Sep 2019,"Lift, Escalator and Passenger Conveyor Installation",Selective,Shan On Engineering Company Limited,"HK$6,741,320.00",https://www.emsd.gov.hk/en/tenders_contracts_and_consultancies/tender_notices/tender_notices/index_id_1658.html,,,,
3027EM18T,Triennial Term Contract for the Comprehensive Maintenance and Repair of Lift Installations at Various Premises of the Government of the Hong Kong Special Administrative Region (Package One of GE15),Sep 2019,includes comprehensive maintenance and repair of lift installations at various premises of the Government of the Hong Kong Special Administrative Region,Open,Otis Elevator Company (H.K.) Limited,"HK$57,157,200.00",https://www.emsd.gov.hk/en/tenders_contracts_and_consultancies/tender_notices/tender_notices/index_id_1647.html,,,,
1086EM19T,Triennial Term Contract for the Maintenance and Repair of Burglar Alarm and Security Installation at Various General Engineering Venues in Kowloon Region and New Territories Region of the Government of the Hong Kong Special Administrative Region,Sep 2019,Burglar Alarm and Security Installation,Selective,Chubb Hong Kong Limited,"HK$10,537,000.00",https://www.emsd.gov.hk/en/tenders_contracts_and_consultancies/tender_notices/tender_notices/index_id_1672.html,,,,
1085EM19T,Triennial Term Contract for the Maintenance and Repair of Burglar Alarm and Security Installation at Various General Engineering Venues in Hong Kong Region of the Government of the Hong Kong Special Administrative Region,Sep 2019,Burglar Alarm and Security Installation,Selective,Chubb Hong Kong Limited,"HK$10,669,650.00",https://www.emsd.gov.hk/en/tenders_contracts_and_consultancies/tender_notices/tender_notices/index_id_1671.html,,,,
1009EM19T,Triennial Term Contract for the Maintenance and Repair of Burglar Alarm and Security Installation at Various Judiciary and Justice Venues for the Government of the Hong Kong Special Administrative Region,Sep 2019,Burglar Alarm and Security Installation,Selective,Chubb Hong Kong Limited,"HK$10,714,224.00",https://www.emsd.gov.hk/en/tenders_contracts_and_consultancies/tender_notices/tender_notices/index_id_1669.html,,,,
2328EM18W,Replacement of Chiller units for Tuen Mun Cultural Complex in the New Territories,Sep 2019,Air-conditioning Installation,Selective,A & R Engineering Company Limited,"HK$10,850,000.00",https://www.emsd.gov.hk/en/tenders_contracts_and_consultancies/tender_notices/tender_notices/index_id_1678.html,,,,
1267EM19T,"Annual Term Contract for Building Services Fitting-Out, Replacement and Improvement Works to Various Venues of the Government of the Hong Kong Special Administrative Region Maintained by General Engineering Services Division &l",Sep 2019,Air-conditioning Installation,Selective,Alliance Contracting Company Limited,"HK$26,509,000.00",https://www.emsd.gov.hk/en/tenders_contracts_and_consultancies/tender_notices/tender_notices/index_id_1673.html,,,,
1311EM18W,Improvement Works of Piazza and Outdoor Areas of EMSD Headquarters,Sep 2019,Building Category,Selective,Square Construction Company Limited,"HK$29,547,132.00",https://www.emsd.gov.hk/en/tenders_contracts_and_consultancies/tender_notices/tender_notices/index_id_1668.html,,,,
1981EM18W,Provision of Traffic Control and Surveillance System for Widening of Tolo Highway/Fanling Highway between Tai Hang and Wo Hop Shek Interchange,Aug 2019,includes provision of Traffic Control and Surveillance System for Widening of Tolo Highway/Fanling Highway between Tai Hang and Wo Hop Shek Interchange and integration with the existing Tolo TCSS System,Open,Win Promise Limited,"HK$20,888,888.00",https://www.emsd.gov.hk/en/tenders_contracts_and_consultancies/tender_notices/tender_notices/index_id_1660.html,,,,
EMSD/GR/1/2019,Operation of Light Refreshment Business at the EMSD Headquarters Building,Aug 2019,Light Refreshment Business,Open,Association of HKEE’s Social Service Limited,"HK$7,200.00",https://www.emsd.gov.hk/en/tenders_contracts_and_consultancies/tender_notices/tender_notices/index_id_1684.html,,,,
1541EM19T,"Triennial Term Contract for the Maintenance, Repair, Alterations and Additions of Electrical and Mechanical Installations at Hong Kong Wetland Park",Aug 2019,Air-conditioning Installation,Selective,REC Engineering Company Limited,"HK$22,878,300.00",https://www.emsd.gov.hk/en/tenders_contracts_and_consultancies/tender_notices/tender_notices/index_id_1670.html,,,,
2160EM18T,"Triennial Term Contract for Repairs, Operation and Maintenance to Boilers, Hot Water Installations, Steam Related Equipment and Accessories in Various Health Care Institutions in Hong Kong of the Government of the Hong Kong Special Administrative Region",Aug 2019,Liquefied Petroleum Gas Installation,Selective,Yau Sang Engineering Company,"HK$35,292,000.00",https://www.emsd.gov.hk/en/tenders_contracts_and_consultancies/tender_notices/tender_notices/index_id_1653.html,,,,
1953EM18W,Replacement of Fire Services System at Cheung Tsing Tunnel,Aug 2019,Fire Service Installation,Selective,Kenworth Engineering Limited,"HK$18,017,400.00",https://www.emsd.gov.hk/en/tenders_contracts_and_consultancies/tender_notices/tender_notices/index_id_1630.html,,,,
3062EM18W,Replacement of High Voltage and Low Voltage Power Supply System at Tseung Kwan O Tunnel,Jul 2019,Industrial Type Electrical Installation,Selective,Mak Hang Kei (Hong Kong) Construction Limited,"HK$32,289,000.00",https://www.emsd.gov.hk/en/tenders_contracts_and_consultancies/tender_notices/tender_notices/index_id_1633.html,,,,
2338EM18T,Triennial Term Contract for the Comprehensive Maintenance and Repair of Lift Installations at Various Premises of Hospital Authority (OT19),Jul 2019,"Lift, Escalator and Passenger Conveyor Installation",Selective,Otis Elevator Company (H.K.) Limited,"HK$54,163,600.00",https://www.emsd.gov.hk/en/tenders_contracts_and_consultancies/tender_notices/tender_notices/index_id_1619.html,,,,
1130EM19W,Replacement of Chillers and Associated Equipment at Government Venues in Yuen Long,Jul 2019,Air-conditioning Installation,Selective,Krueger Engineering (Asia) Limited,"HK$17,500,000.00",https://www.emsd.gov.hk/en/tenders_contracts_and_consultancies/tender_notices/tender_notices/index_id_1648.html,,,,
2880EM18T,Quadrennial Term Contract for Maintenance of Fire Service Installations for Drainage Services Department,Jul 2019,Fire Service Installation,Selective,Kenworth Engineering Limited,"HK$41,158,800.00",https://www.emsd.gov.hk/en/tenders_contracts_and_consultancies/tender_notices/tender_notices/index_id_1662.html,,,,
1466EM18T,Triennial Term Contract for Maintenance of Mechanical Installations for Hong Kong Crossing Facilities (HKBCF) and Hong Kong Link Road (HKLR) at Hong Kong Zhuhai Macao Bridge,Jun 2019,Mechanical Plant and Equipment Installation,Selective,ATAL Engineering Limited,"HK$77,380,000.00",https://www.emsd.gov.hk/en/tenders_contracts_and_consultancies/tender_notices/tender_notices/index_id_1625.html,,,,
1645EM18T,Triennial Term Contract for the Comprehensive Maintenance and Repair of Lift Installations at Various Premises of Hospital Authority (SG18),Jun 2019,"Lift, Escalator and Passenger Conveyor Installation",Selective,SIGMA Elevator (HK) Limited,"HK$3,410,316.00",https://www.emsd.gov.hk/en/tenders_contracts_and_consultancies/tender_notices/tender_notices/index_id_1622.html,,,,
1478EM18T,Triennial Term Contract for Maintenance of Fire Services Installations for Hong Kong Crossing Facilities (HKBCF) and Hong Kong Link Road (HKLR) at Hong Kong Zhuhai Macao Bridge,Jun 2019,Fire Service Installation,Selective,ATAL Engineering Limited,"HK$32,615,396.00",https://www.emsd.gov.hk/en/tenders_contracts_and_consultancies/tender_notices/tender_notices/index_id_1612.html,,,,
3254EM17T,12-month Term Contract for Maintenance of Electrical Installations and Domestic Appliances at Various Staff Quarters of the Government of the Hong Kong Special Administrative Region,Jun 2019,Electrical Installation,Selective,REC Engineering Company Limited,"HK$7,622,600.00",https://www.emsd.gov.hk/en/tenders_contracts_and_consultancies/tender_notices/tender_notices/index_id_1627.html,,,,
1483EM18T,Triennial Term Contract for Maintenance of Security and Electronic Systems at Hong Kong Boundary Crossing Facilities at Hong Kong Zhuhai Macao Bridge and other Airport Engineering Services Venues,Jun 2019,Video Electronics Installation,Selective,EC Infotech Limited,"HK$22,306,100.00",https://www.emsd.gov.hk/en/tenders_contracts_and_consultancies/tender_notices/tender_notices/index_id_1616.html,,,,
2580EM18T,Triennial Term Contract for Maintenance of General Electronic Systems and Equipment for Government Facilities in West Kowloon Station,Jun 2019,Burglar Alarm and Security Installation,Selective,EC Infotech Limited,"HK$6,769,100.00",https://www.emsd.gov.hk/en/tenders_contracts_and_consultancies/tender_notices/tender_notices/index_id_1626.html,,,,
1150EM19W,Replacement of Chillers and Associated Equipment at Tai Po and Tai Hing Government Offices,Jun 2019,Air-conditioning Installation,Selective,ATAL Engineering Limited,"HK$9,630,000.00",https://www.emsd.gov.hk/en/tenders_contracts_and_consultancies/tender_notices/tender_notices/index_id_1652.html,,,,
2547EM17T,"Quadrennial Term Contract for Maintenance of Electric Lock Security System, Closed-circuit Television System and Public Address System at Lo Wu Correctional Institution",Jun 2019,Burglar Alarm and Security Installation,Selective,Chubb Hong Kong Limited,"HK$14,105,000.00",https://www.emsd.gov.hk/en/tenders_contracts_and_consultancies/tender_notices/tender_notices/index_id_1610.html,,,,
1198EM15W,Provision of Electric Locks Security System and high security locks in Tai Lam Centre for Women for Correctional Services Department,Jun 2019,"includes the design, supply, installation, interfacing, testing and commissioning and maintenance of integrated security system, high security locks, building services and associated builder works for Tai Lam Centre for Women",Open,Kin Ming Construction Company Limited,"HK$29,090,264.00",https://www.emsd.gov.hk/en/tenders_contracts_and_consultancies/tender_notices/tender_notices/index_id_1598.html,,,,
EMU/T/2019/01,Provision of Security Guard Services for the Electrical and Mechanical Services Department Headquarters,Jun 2019,Security Guard Services,Open,Nice Property Management Limited,"HK$14,549,280.00",https://www.emsd.gov.hk/en/tenders_contracts_and_consultancies/tender_notices/tender_notices/index_id_1667.html,,,,
1199EM17T,Five-year Term Contract for Provision of Maintenance and Modification Works of Traffic Control and Surveillance System of Tolo-Highway,May 2019,"includes provision of maintenance, modification and installation works for Traffic Control and Surveillance System (TCSS) of Tolo-highway",Open,GTECH Services (Hong Kong) Limited,"HK$48,380,000.00",https://www.emsd.gov.hk/en/tenders_contracts_and_consultancies/tender_notices/tender_notices/index_id_1592.html,,,,
2832EM17T,"Triennial Term Contract for Maintenance of Air-side of Heating, Ventilation and Air-conditioning Installation for Passenger Clearance Building (PCB) of Hong Kong Boundary Crossing Facilities (HKBCF) at Hong Kong Zhuhai Macao Bridge and Heating, Ventilation and Air-conditioning Installation for Auxiliary Buildings of HKBCF, Hong Kong Link Road and Other Airport Engineering Services Venues",May 2019,Air-conditioning Installation,Selective,Meco Engineering Limited,"HK$93,942,880.00",https://www.emsd.gov.hk/en/tenders_contracts_and_consultancies/tender_notices/tender_notices/index_id_1613.html,,,,
1580EM17W,Replacement of CCTV System for Tung Tau Correctional Institution of Correctional Services Department,May 2019,Video Electronics Installation,Selective,ATAL Building Services Engineering Limited,"HK$11,928,000.00",https://www.emsd.gov.hk/en/tenders_contracts_and_consultancies/tender_notices/tender_notices/index_id_1585.html,,,,
2163EM18T,Triennial Term Contract for Maintenance of SCADA System of Hong Kong Boundary Crossing Facilities (HKBCF) at Hong Kong Zhuhai Macao Bridge,Apr 2019,Burglar Alarm and Security Installation,Selective,EC Infotech Limited,"HK$17,911,700.00",https://www.emsd.gov.hk/en/tenders_contracts_and_consultancies/tender_notices/tender_notices/index_id_1611.html,,,,
2990EM18T,"Triennial Term Contract for the Comprehensive Maintenance and Repair of Lift Installations at Arsenal House, Police Headquarters, Wan Chai",Apr 2019,"includes comprehensive maintenance and repair of Lift installations at Arsenal House, Police Headquarters, Wan Chai.",Open,thyssenkrupp Elevator (HK) Limited,"HK$29,295,560.00",https://www.emsd.gov.hk/en/tenders_contracts_and_consultancies/tender_notices/tender_notices/index_id_1623.html,,,,
1310EM18T,Biennial Term Contract for the Maintenance and Improvement of Electrical and Mechanical Installations for Hospitals and Clinics in New Territories East Region,Apr 2019,Electrical Installation,Selective,Interlite (Asia) Limited,"HK$40,574,850.00",https://www.emsd.gov.hk/en/tenders_contracts_and_consultancies/tender_notices/tender_notices/index_id_1586.html,,,,
2667EM18T,"Triennial Term Contract for the Comprehensive Maintenance and Repair of Escalator Installations at Various Premises of the Government of
the Hong Kong Special Administrative Region (Package One of TO18E)",Apr 2019,includes comprehensive maintenance and repair of Escalator installations at various premises of the Government of the Hong Kong Special Administrative Region,Open,Chevalier (HK) Limited,"HK$2,936,400.00",https://www.emsd.gov.hk/en/tenders_contracts_and_consultancies/tender_notices/tender_notices/index_id_1605.html,,,,
1420EM18T,Triennial Term Contract for the Comprehensive Maintenance and Repair of Lift Installations at Various Premises of the Government of the Hong Kong Special Administrative Region (Package One of OT18),Apr 2019,includes comprehensive maintenance and repair of Lift installations in various premises of the Government of the HKSAR,Open,SIGMA Elevator (HK) Limited,"HK$31,084,600.00",https://www.emsd.gov.hk/en/tenders_contracts_and_consultancies/tender_notices/tender_notices/index_id_1574.html,,,,
1960EM18T,"Triennial Term Contract for Building Services Fitting-out, Replacement and Improvement Works for Hospital Authority Building and Kowloon Hospital and Nearby Health Services Venues",Apr 2019,Air-conditioning Installation,Selective,Wenden Engineering Service Company Limited,"HK$74,449,621.30",https://www.emsd.gov.hk/en/tenders_contracts_and_consultancies/tender_notices/tender_notices/index_id_1587.html,,,,
1491EM18T,Triennial Term Contract for Maintenance of Electrical Installations and UPS Systems for Hong Kong Boundary Crossing Facilities (HKBCF) and Hong Kong Link Road (HKLR) at Hong Kong Zhuhai Macao Bridge,Mar 2019,Electrical Installation,Selective,Newton Engineering Company Limited,"HK$43,199,700.00",https://www.emsd.gov.hk/en/tenders_contracts_and_consultancies/tender_notices/tender_notices/index_id_1601.html,,,,
1489EM18T,Quadrennial Term Contract for Maintenance of Main Power Supply and Distribution Equipment for Hong Kong Boundary Crossing Facilities (HKBCF) and Hong Kong Link Road (HKLR) at Hong Kong Zhuhai Macao Bridge,Mar 2019,Industrial Type Electrical Installation,Selective,ATAL Engineering Limited,"HK$24,675,200.00",https://www.emsd.gov.hk/en/tenders_contracts_and_consultancies/tender_notices/tender_notices/index_id_1602.html,,,,
1292EM18T,"Quadrennial Term Contract for Maintenance of Water-side System of Heating, Ventilation and Air-conditioning Installations for Hong Kong Boundary Crossing Facilities (HKBCF) at Hong Kong Zhuhai Macao Bridge",Mar 2019,Air-conditioning Installation,Selective,ATAL Engineering Limited,"HK$66,750,240.00",https://www.emsd.gov.hk/en/tenders_contracts_and_consultancies/tender_notices/tender_notices/index_id_1594.html,,,,
1957EM18T,"Triennial Term Contract for Operation and Maintenance of Air-conditioning, Electrical, Mechanical and Building Services in Yan Chai Hospital",Mar 2019,Air-conditioning Installation,Selective,Wenden Engineering Service Company Limited,"HK$43,790,000.00",https://www.emsd.gov.hk/en/tenders_contracts_and_consultancies/tender_notices/tender_notices/index_id_1603.html,,,,
2350EM18T,"Triennial Term Contract for Maintenance of Heating, Ventilation and Air-conditioning Installations for Fire Services Department in the Hong Kong Special Administrative Region

 ",Mar 2019,Air-conditioning Installation,Selective,Young's Engineering Company Limited,"HK$32,171,928.00",https://www.emsd.gov.hk/en/tenders_contracts_and_consultancies/tender_notices/tender_notices/index_id_1593.html,,,,
1423EM18T,Triennial Term Contract for the Comprehensive Maintenance and Repair of Lift Installations at Various Premises of the Government of the Hong Kong Special Administrative Region (Package One of SC18),Mar 2019,includes comprehensive maintenance and repair of lift installations in various premises of the Government of the Hong Kong Special Administrative Region,Open,Holake Hong Kong Lifts Limited,"HK$23,836,700.00",https://www.emsd.gov.hk/en/tenders_contracts_and_consultancies/tender_notices/tender_notices/index_id_1544.html,,,,
1819EM18T,"Triennial Term Contract for Building Services Fitting-out, Replacement and Improvement Works for Queen Elizabeth Hospital and Nearby Health Services Venues",Mar 2019,Air Conditioning Installation,Selective,Alliance Contracting Company Limited,"HK$67,814,444.00",https://www.emsd.gov.hk/en/tenders_contracts_and_consultancies/tender_notices/tender_notices/index_id_1575.html,,,,
2307EM17T,"Triennial Term Contract for Repairs, Operation and Maintenance to Boilers, Hot Water Installations, Steam Related Equipment and Accessories in Various Health Care Institutions in Kowloon",Feb 2019,Steam and Compressed Air Installation,Selective,Kwong Hing Loong Engine & Boiler Factory Limited,"HK$39,853,960.00",https://www.emsd.gov.hk/en/tenders_contracts_and_consultancies/tender_notices/tender_notices/index_id_1582.html,,,,
1004EM18T,Triennial Term Contract for Maintenance of Speed Enforcement Camera System (Phase II) for Hong Kong Police Force,Feb 2019,includes comprehensive maintenance and repair of Speed Enforcement Camera System (Phase II) for Hong Kong Police Force. The contract is scheduled to commence in March 2019 for expiration in February 2022.,Open,QTC Traffic Technology Limited,"HK$19,932,510.00",https://www.emsd.gov.hk/en/tenders_contracts_and_consultancies/tender_notices/tender_notices/index_id_1589.html,,,,
2722EM18W,Conversion of Air Cooled Chillers to Water Cooled Chillers at Water Supplies Department Kowloon East Regional Building,Feb 2019,Air-conditioning Installation,Selective,Dah Chong Hong (Engineering) Limited,"HK$12,010,000.00",https://www.emsd.gov.hk/en/tenders_contracts_and_consultancies/tender_notices/tender_notices/index_id_1606.html,,,,
2852EM17A,District Cooling System (DCS) at Kai Tak Development (KTD) Phase III (Package D) – Water Pipe Laying Works,Feb 2019,Roads and Drainage,Selective,Victory Trenchless Engineering Company Limited - U-Tech Engineering Company Limited Joint Venture,"HK$138,895,454.00",https://www.emsd.gov.hk/en/tenders_contracts_and_consultancies/tender_notices/tender_notices/index_id_1496.html,,,,
2849EM17A,District Cooling System (DCS) at Kai Tak Development (KTD) Phase III (Package D) – Water Pipe Laying Works in North Apron,Feb 2019,Roads and Drainage,Selective,Wui Yip Civil Engineering Limited,"HK$82,601,800.00",https://www.emsd.gov.hk/en/tenders_contracts_and_consultancies/tender_notices/tender_notices/index_id_1497.html,,,,
2580EM17T,"Triennial Term Contract for Maintenance and Repair of Electrical and Floodlight Installations for Hong Kong Police Force, Correctional Services Department, Highways Department, Transport Department, Hong Kong Independent Commision Against Corruption and Security Bureau in the Hong Kong Special Administrative Region",Feb 2019,Electrical Installation,Selective,Joint Effort Engineering (Asia) Limited,"HK$38,752,000.00",https://www.emsd.gov.hk/en/tenders_contracts_and_consultancies/tender_notices/tender_notices/index_id_1556.html,,,,
1010EM18T,Triennial Term Contract for Maintenance of Digital Red Light Camera System (Phase III) for Hong Kong Police Force,Feb 2019,includes comprehensive maintenance and repair of Digital Red Light Camera System (Phase III) for Hong Kong Police Force,Open,Win Promise Limited,"HK$18,588,888.00",https://www.emsd.gov.hk/en/tenders_contracts_and_consultancies/tender_notices/tender_notices/index_id_1590.html,,,,
2373EM17W,Provision of Closed Circuit Television System at Liantang / Heung Yuen Wai Boundary Control Point,Feb 2019,Video Electronics Installation,Selective,Chubb Hong Kong Limited,"HK$16,782,800.00",https://www.emsd.gov.hk/en/tenders_contracts_and_consultancies/tender_notices/tender_notices/index_id_1604.html,,,,
1382EM18W,Improvement Works for Air-Conditioning Systems at Immigration Service Institute of Training and Development (ISITD) and Castle Peak Bay Immigration Centre (CIC),Feb 2019,Air-conditioning Installation,Selective,Young's Engineering Company Limited,"HK$12,208,900.00",https://www.emsd.gov.hk/en/tenders_contracts_and_consultancies/tender_notices/tender_notices/index_id_1584.html,,,,
1814EM18W,High Efficiency Chiller and Associated Retrofitting Works in Lam Tin Polyclinic and Yung Fung Shee Memorial Centre,Jan 2019,Air-conditioning Installation,Selective,Wenden Engineering Service Company Limited,"HK$14,698,668.00",https://www.emsd.gov.hk/en/tenders_contracts_and_consultancies/tender_notices/tender_notices/index_id_1583.html,,,,
1158EM18W,Retrofitting of Seawater-cooled Chillers in Tuen Mun Hospital,Jan 2019,Air-conditioning Installation,Selective,Shun Hing E & M Engineering Limited,"HK$64,960,000.00",https://www.emsd.gov.hk/en/tenders_contracts_and_consultancies/tender_notices/tender_notices/index_id_1568.html,,,,
2853EM17W,District Cooling System (DCS) at Kai Tak Development (KTD) Phase III (Package D) – Electrical and Mechanical Installation,Jan 2019,Air-conditioning Installation,Selective,Young's Engineering Company Limited,"HK$521,600,000.00",https://www.emsd.gov.hk/en/tenders_contracts_and_consultancies/tender_notices/tender_notices/index_id_1494.html,,,,
2419EM17T,"Biennial Term Contract for Maintenance and Improvement of Heating, Ventilation and Air-conditioning Installations for Hospitals and Clinics in New Territories East Region",Jan 2019,Air-conditioning Installation,Selective,Alliance Contracting Company Limited,"HK$56,444,444.00",https://www.emsd.gov.hk/en/tenders_contracts_and_consultancies/tender_notices/tender_notices/index_id_1566.html,,,,
1035EM18T,"Triennial Term Contract for Building Services Fitting-out, Replacement and Improvement Works for Health Sector Venues in Hong Kong West Region",Jan 2019,Air-conditioning Installation,Selective,Yordland Engineering Limited,"HK$72,318,000.00",https://www.emsd.gov.hk/en/tenders_contracts_and_consultancies/tender_notices/tender_notices/index_id_1570.html,,,,
1481EM18T,Triennial Term Contract for the Comprehensive Maintenance and Repair of Lift Installations at Various Premises of the Government of the Hong Kong Special Administrative Region (Package One of SG18),Jan 2019,comprehensive maintenance and repair of lift installations in various premises of the Government of the Hong Kong Special Administrative Region,Open,SIGMA Elevator (HK) Limited,"HK$18,036,000.00",https://www.emsd.gov.hk/en/tenders_contracts_and_consultancies/tender_notices/tender_notices/index_id_1555.html,,,,
2563EM17T,"36-month Term Contract for Maintenance of Air-conditioning and Electrical Installations at Ruttonjee Hospital, Tung Wah Eastern Hospital and Cheshire Home Chung Hom Kok",Dec 2018,Air-conditioning Installation,Selective,Westco Airconditioning Limited,"HK$39,888,500.00",https://www.emsd.gov.hk/en/tenders_contracts_and_consultancies/tender_notices/tender_notices/index_id_1561.html,,,,
2047EM18T,"Triennial Term Contract for Electrical Works in Change of Tenancy in Government Quarters in the Hong Kong Island, Kowloon & New Territories",Dec 2018,Electrical Installation,Selective,Iu Cheong Electric Company Limited,"HK$31,503,600.00",https://www.emsd.gov.hk/en/tenders_contracts_and_consultancies/tender_notices/tender_notices/index_id_1580.html,,,,
2115EM18W,Replacement of 2 Sets of Water Cooled Chiller at Queensway Government Offices,Dec 2018,Air-conditioning Installation,Selective,"Winston Air Conditioning & Engineering (Hong Kong) Company, Limited","HK$7,486,000.00",https://www.emsd.gov.hk/en/tenders_contracts_and_consultancies/tender_notices/tender_notices/index_id_1588.html,,,,
1003EM18T,Quadrennial Term Contract for the Comprehensive Maintenance and Repair of Lift Installations at Various Premises of the Hospital Authority (MT18),Dec 2018,"Lift, Escalator and Passenger Conveyor Installation",Selective,Mitsubishi Elevator Hong Kong Company Limited,"HK$13,334,240.00",https://www.emsd.gov.hk/en/tenders_contracts_and_consultancies/tender_notices/tender_notices/index_id_1522.html,,,,
1541EM18T,Triennial Term Contract for the Comprehensive Maintenance and Repair of Lift Installations at Various Premises of the Government of the Hong Kong Special Administrative Region (Package One of FT18),Dec 2018,includes comprehensive maintenance and repair of Lift installations in various premises of the Government of the HKSAR.,Open,Fujitec (HK) Company Limited,"HK$22,373,728.00",https://www.emsd.gov.hk/en/tenders_contracts_and_consultancies/tender_notices/tender_notices/index_id_1573.html,,,,
1194EM18T,Quadrennial Term Contract for Comprehensive Maintenance of Pumping Installations at Correctional Services Department and Other Disciplined Services Venues,Dec 2018,Mechanical Plant and Equipment Installation,Selective,Japco Auto Equipment & Engineering Company Limited,"HK$18,990,830.00",https://www.emsd.gov.hk/en/tenders_contracts_and_consultancies/tender_notices/tender_notices/index_id_1564.html,,,,
1551EM16W,"Design, Supply, Installation, Testing, Commissioning and Technical Support of Ground Receiving Station and Related Facilities in Hong Kong for the Cospas-Sarsat Medium Earth Orbit Search and Rescue Satellite System",Nov 2018,"includes design, supply, installation, testing, commissioning and technical support of Ground Receiving Station and Related Facilities in Hong Kong for the Cospas-Sarsat “Medium Earth Orbit Search and Rescue Satellite System” (MEOSAR)",Open,"EMS Technologies Canada, Ltd. and C.A. Sheimer (H.K.) Limited Joint Venture","HK$35,850,575.00",https://www.emsd.gov.hk/en/tenders_contracts_and_consultancies/tender_notices/tender_notices/index_id_1539.html,,,,
1322EM18T,Triennial Term Contract for the Comprehensive Maintenance and Repair of Lift Installations at Various Premises of the Government of the Hong Kong Special Administrative Region (Package One of TK18),Nov 2018,includes comprehensive maintenance and repair of lift installations in various premises of the Government of the Hong Kong Special Administrative Region,Open,thyssenkrupp Elevator (HK) Limited,"HK$10,458,000.00",https://www.emsd.gov.hk/en/tenders_contracts_and_consultancies/tender_notices/tender_notices/index_id_1540.html,,,,
1077EM16T,Triennial Term Contract for the Comprehensive Maintenance and Repair of Escalator Installations at Various Premises of the Government of the Hong Kong Special Administrative Region (CN17),Nov 2018,includes comprehensive maintenance and repair of escalator installations at various premises of the Government of the Hong Kong Special Administrative Region,Open,Kone Elevator (HK) Limited,"HK$5,590,400.00",https://www.emsd.gov.hk/en/tenders_contracts_and_consultancies/tender_notices/tender_notices/index_id_1476.html,,,,
1200EM17T,"Quadrennial Term Contract for Maintenance, Modification and Installation Works for Kowloon, Tsuen Wan, Shatin and Tseung Kwan O Area Traffic Control System",Nov 2018,"includes maintenance, modification and installation works for the Area Traffic Control (ATC) System of Kowloon, Tsuen Wan, Shatin and Tseung Kwan O as well as provision of first line maintenance for traffic signals & accessories equipment",Open,Shun Hing Systems Integration Company Limited,"HK$19,598,782.00",https://www.emsd.gov.hk/en/tenders_contracts_and_consultancies/tender_notices/tender_notices/index_id_1517.html,,,,
2871EM16T,"33-month Term Contract for the Maintenance and Repair of, Alterations and Additions to Fire Services Installations for Health Services Buildings in Kowloon Region",Nov 2018,Fire Service Installation,Selective,Shun Cheong Electrical Engineering Company Limited,"HK$21,046,900.00",https://www.emsd.gov.hk/en/tenders_contracts_and_consultancies/tender_notices/tender_notices/index_id_1467.html,,,,
1247EM18T,"Biennial Term Contract for Repairs, Operation and Maintenance to Boilers, Hot Water Installations, Steam Related Equipment and Accessories in Various Health Care Institutions in the New Territories and Municipal Buildings of the Government of the Hong Kong Special Administrative Region",Nov 2018,Steam and Compressed Air Installation,Selective,Kwong Hing Loong Engine & Boiler Factory Limited,"HK$29,940,760.00",https://www.emsd.gov.hk/en/tenders_contracts_and_consultancies/tender_notices/tender_notices/index_id_1545.html,,,,
2804EM17W,Replacement of CCTV System at Hong Kong Central Library,Oct 2018,Video Electronics Installation,Selective,Chubb Hong Kong Limited,"HK$4,599,700.00",https://www.emsd.gov.hk/en/tenders_contracts_and_consultancies/tender_notices/tender_notices/index_id_1562.html,,,,
3103EM17T,Quadrennial Term Contract for the Comprehensive Maintenance and Repair of Lift Installations at Various Premises of Hospital Authority (FJ18),Oct 2018,"Lift, Escalator and Passenger Conveyor Installation",Selective,Fujitec (HK) Company Limited,"HK$22,836,192.00",https://www.emsd.gov.hk/en/tenders_contracts_and_consultancies/tender_notices/tender_notices/index_id_1512.html,,,,
1385EM18W,"Retrofitting of High Efficiency Chiller, Chilled Water Pump and Associated Installation in Fanling Health Centre",Oct 2018,Air-conditioning Installation,Selective,"Winston Air Conditioning & Engineering (Hong Kong) Company, Limited","HK$17,466,000.00",https://www.emsd.gov.hk/en/tenders_contracts_and_consultancies/tender_notices/tender_notices/index_id_1559.html,,,,
1726EM17T,Quadrennial Term Contract for Maintenance of Terrestrial Trunked Radio (TETRA) System for Correctional Services Department,Oct 2018,Radio Electronics Installation,Selective,Motorola Solutions Asia Pacific Limited,"HK$30,868,460.00",https://www.emsd.gov.hk/en/tenders_contracts_and_consultancies/tender_notices/tender_notices/index_id_1520.html,,,,
1630EM18T,"Triennial Term Contract for the Maintenance and Repair of, Alteration, Addition and Improvement Works to Electrical and Floodlighting Installations on Hong Kong Island and Outlay Islands (South) in the Government Properties Maintained by Hong Kong Maintenance Sub-division of General Engineering Services Division ",Oct 2018,Electrical Installation,Selective,Interlite (Asia) Limited,"HK$19,473,100.00",https://www.emsd.gov.hk/en/tenders_contracts_and_consultancies/tender_notices/tender_notices/index_id_1560.html,,,,
1628EM18T,"Triennial Term Contract for the Maintenance and Repair of, Alteration, Addition and Improvement Works to Electrical and Floodlighting Installations in New Territories in the Government Properties Maintained by New Territories Maintenance Sub-division of General Engineering Services Division ",Oct 2018,Electrical Installation,Selective,Interlite (Asia) Limited,"HK$14,945,179.96",https://www.emsd.gov.hk/en/tenders_contracts_and_consultancies/tender_notices/tender_notices/index_id_1558.html,,,,
1537EM18T,"Triennial Term Contract for the Maintenance and Repair of, Alteration, Addition and Improvement Works to Electrical and Floodlighting Installations in Kowloon and New Territories in the Government Properties Maintained by Kowloon Maintenance Sub-division of General Engineering Services Division ",Oct 2018,Electrical Installation,Selective,Joint Effort Engineering (Asia) Limited,"HK$17,920,498.00",https://www.emsd.gov.hk/en/tenders_contracts_and_consultancies/tender_notices/tender_notices/index_id_1552.html,,,,
1456EM17W,"Improvement Works on Chiller Plants at China Ferry Terminal, Hydro Building and Macau Ferry Terminal",Oct 2018,Air-conditioning Installation,Selective,Quad-Tech Engineering (H.K.) Company Limited,"HK$21,820,000.00",https://www.emsd.gov.hk/en/tenders_contracts_and_consultancies/tender_notices/tender_notices/index_id_1567.html,,,,
2713EM17T,Quadrennial Term Contract for the Comprehensive Maintenance and Repair of Lift Installations at Various Premises of the Hospital Authority (AE17),Sep 2018,"Lift, Escalator and Passenger Conveyor Installation",Selective,Anlev Elex Elevator Limited,"HK$40,841,312.00",https://www.emsd.gov.hk/en/tenders_contracts_and_consultancies/tender_notices/tender_notices/index_id_1519.html,,,,
1039EM17T,"Five-year Term Contract for Maintenance, Modification and Installation Works of Area Traffic Control System in Hong Kong Island",Sep 2018,"comprehensive maintenance, modification and installation works for the Hong Kong Area Traffic Control (HKATC) System, as well as provision of first line maintenance for traffic signals & accessories equipment",Open,Shun Hing Systems Integration Company Limited,"HK$9,880,000.00",https://www.emsd.gov.hk/en/tenders_contracts_and_consultancies/tender_notices/tender_notices/index_id_1464.html,,,,
1389EM18A,District Cooling System (DCS) at Kai Tak Development (KTD) - Chilled Water Pipe Laying and Associated Works In North Apron,Sep 2018,Waterworks,Selective,Wing's Construction Company Limited,"HK$11,000,000.00",https://www.emsd.gov.hk/en/tenders_contracts_and_consultancies/tender_notices/tender_notices/index_id_1563.html,,,,
1077EM18T,"Triennial Term Contract for Operation and Maintenance Services of Electrical, Mechanical and Air-conditioning Installations at Cheung Sha Wan Wholesale Food Market and Various Venues of the Government of the Hong Kong SAR Maintained by General Engineering Services Division",Sep 2018,Air-conditioning Installation,Selective,Young's Engineering Company Limited,"HK$26,418,898.00",https://www.emsd.gov.hk/en/tenders_contracts_and_consultancies/tender_notices/tender_notices/index_id_1533.html,,,,
1859EM15T,"26-Month Term Contract for Maintenance and Improvement of Heating, Ventilation and Air-conditioning Installations for Hospitals and Clinics in Kowloon East and Kowloon Central Regions",Sep 2018,Air-conditioning Installation,Selective,Yordland Engineering Limited,"HK$96,898,000.00",https://www.emsd.gov.hk/en/tenders_contracts_and_consultancies/tender_notices/tender_notices/index_id_1469.html,,,,
1273EM17T,"Quadrennial Term Contract for Maintenance of Liquefied Petroleum Gas Installations at Various Venues of Transport, Security & Central Services Division",Sep 2018,Liquefied Petroleum Gas Installation,Selective,Yau Sang Engineering Company,"HK$22,030,800.00",https://www.emsd.gov.hk/en/tenders_contracts_and_consultancies/tender_notices/tender_notices/index_id_1509.html,,,,
1033EM18T,"Triennial Term Contract for Building Services Fitting-out, Replacement and Improvement Works for Health Sector Venues in Hong Kong East Region and Outlying Islands",Aug 2018,Air-conditioning Installation,Selective,Yordland Engineering Limited,"HK$71,668,000.00",https://www.emsd.gov.hk/en/tenders_contracts_and_consultancies/tender_notices/tender_notices/index_id_1528.html,,,,
3117EM17T,42-month Term Contract for Maintenance of Air-conditioning Installations and Other Associated Facilities at Unattended Municipal Venues in Kowloon,Aug 2018,Air-conditioning Installation,Selective,Wenden Engineering Service Company Limited,"HK$75,148,668.00",https://www.emsd.gov.hk/en/tenders_contracts_and_consultancies/tender_notices/tender_notices/index_id_1508.html,,,,
2335EM17T,"Five-year Term Contract for Maintenance, Modification and Installation Works for Area Traffic Control System of Tuen Mun and Yuen Long District",Aug 2018,"Maintenance, modification and installation works for the Area Traffic Control (ATC) System of Tuen Mun and Yuen Long District as well as provision of first line maintenance for traffic signals & accessories equipment",Open,Siemens Limited,"HK$42,649,181.08",https://www.emsd.gov.hk/en/tenders_contracts_and_consultancies/tender_notices/tender_notices/index_id_1518.html,,,,
1577EM18T,"Annual term contract for building services fitting-out, replacement and improvement works to various venues of the Government of the Hong Kong Special Administrative Region Maintained by Kowloon Maintenance Sub-division of General Engineering Services Division",Aug 2018,Air-conditioning Installation,Selective,"Winston Air Conditioning & Engineering (Hong Kong) Company, Limited","HK$18,941,700.00",https://www.emsd.gov.hk/en/tenders_contracts_and_consultancies/tender_notices/tender_notices/index_id_1547.html,,,,
2908EM17T,Quadrennial Term Contract for Maintenance of Digital Red Light Camera System (Phase IV) for Hong Kong Police Force,Aug 2018,Comprehensive maintenance and repair of Digital Red Light Camera System (Phase IV) of Hong Kong Police Force,Open,Win Promise Limited,"HK$19,888,888.00",https://www.emsd.gov.hk/en/tenders_contracts_and_consultancies/tender_notices/tender_notices/index_id_1502.html,,,,
1005EM17T,"Quadrennial Term Contract for Maintenance of Security and Electronic Systems at various venues for Correctional Services Department, Immigration Department, and Customs and Excise Department",Jul 2018,Burglar Alarm and Security Installation,Selective,Chubb Hong Kong Limited,"HK$23,027,300.00",https://www.emsd.gov.hk/en/tenders_contracts_and_consultancies/tender_notices/tender_notices/index_id_1462.html,,,,
3116EM17T,Triennial Term Contract for Operation and Maintenance of Air-conditioning Installations and Other Associated Facilities at Attended Municipal Venues in Kowloon,Jul 2018,Air-conditioning Installation,Selective,Alliance Contracting Company Limited,"HK$116,444,444.00",https://www.emsd.gov.hk/en/tenders_contracts_and_consultancies/tender_notices/tender_notices/index_id_1507.html,,,,
1144EM16W,Provision of Vehicle Examination Equipment and Related Electronics and Control System (VEES) at Tsing Yi Vehicle Examination Centre,Jul 2018,Mechanical Plant and Equipment Installation,Selective,ATAL Engineering Limited,"HK$203,228,000.00",https://www.emsd.gov.hk/en/tenders_contracts_and_consultancies/tender_notices/tender_notices/index_id_1513.html,,,,
1256EM18W,Improvement Works for the Air Conditioning Installations at Various Municipal Venues (Batch 1),Jul 2018,Air-conditioning Installation,Selective,Wenden Engineering Service Company Limited,"HK$44,148,668.00",https://www.emsd.gov.hk/en/tenders_contracts_and_consultancies/tender_notices/tender_notices/index_id_1529.html,,,,
2656EM17T,"Triennial Contract for the Operation and Maintenance of Electrical, Mechanical and Other Installations for Municipal Venues in Kowloon of the Government of the Hong Kong Special Administrative Region [Package II]",Jul 2018,Electrical Installation,Selective,Joint Effort Engineering (Asia) Limited,"HK$89,787,820.00",https://www.emsd.gov.hk/en/tenders_contracts_and_consultancies/tender_notices/tender_notices/index_id_1504.html,,,,
2231EM17T,"Triennial Term Contract for Operation and Maintenance of Air-conditioning Installations in Central Government Offices, Chief Executive's Office and Legislative Council Complex at Tamar",Jul 2018,Air-conditioning Installation,Selective,"Winston Air Conditioning & Engineering (Hong Kong) Company, Limited","HK$77,928,000.00",https://www.emsd.gov.hk/en/tenders_contracts_and_consultancies/tender_notices/tender_notices/index_id_1486.html,,,,
3110EM17T,Triennial Term Contract for the Comprehensive Maintenance and Repair of Lift Installations at Various Premises of the Government of the Hong Kong Special Administrative Region (Package One of MT17),Jun 2018,Comprehensive maintenance and repair of Lift installations in various premises of the Government of the HKSAR,Open,Mitsubishi Elevator Hong Kong Company Limited,"HK$26,109,880.00",https://www.emsd.gov.hk/en/tenders_contracts_and_consultancies/tender_notices/tender_notices/index_id_1510.html,,,,
2635EM16T,Triennial Term Contract for the Maintenance and Repair of Burglar Alarm and Security Installations at Various Premises of the Government of the Hong Kong Special Administrative Region - Package 4,Jun 2018,Burglar Alarm and Security Installation,Selective,Chubb Hong Kong Limited,"HK$1,963,480.00",https://www.emsd.gov.hk/en/tenders_contracts_and_consultancies/tender_notices/tender_notices/index_id_1506.html,,,,
2005EM17T,"42-month Term Contract for the Operation and Maintenance of Electrical, Mechanical and Other Installations for Municipal Venues of the Government of the Hong Kong Special Administrative Region in Kowloon Region [Package I]",Jun 2018,Electrical Installation,Selective,Technicon Engineering Limited,"HK$82,800,000.00",https://www.emsd.gov.hk/en/tenders_contracts_and_consultancies/tender_notices/tender_notices/index_id_1485.html,,,,
1084EM18T,Triennial Term Contract for the Comprehensive Maintenance and Repair of Lift Installations at Various Premises of the Government of the Hong Kong Special Administrative Region (Package One of AE18),Jun 2018,Comprehensive maintenance and repair of Lift installations in various premises of the Government of the HKSAR,Open,Anlev Elex Elevator Limited,"HK$58,478,700.00",https://www.emsd.gov.hk/en/tenders_contracts_and_consultancies/tender_notices/tender_notices/index_id_1521.html,,,,
2682EM17T,Quadrennial Term Contract for the Comprehensive Maintenance and Repair of Escalator Installations at Various Premises of Hospital Authority (AE18),Jun 2018,"Lift, Escalator and Passenger Conveyor Installation",Selective,Anlev Elex Elevator Limited,"HK$7,599,384.00",https://www.emsd.gov.hk/en/tenders_contracts_and_consultancies/tender_notices/tender_notices/index_id_1484.html,,,,
1393EM16T,Triennial Term Contract for the Comprehensive Maintenance and Repair of Escalator Installations at Various Premises of the Government of the Hong Kong Special Administrative Region (Package One of HT16E),Jun 2018,Comprehensive maintenance and repair of escalator installations at various premises of the Government of the Hong Kong Special Administrative Region,Open,Hitachi Elevator Engineering Company (Hong Kong) Limited,"HK$8,340,400.00",https://www.emsd.gov.hk/en/tenders_contracts_and_consultancies/tender_notices/tender_notices/index_id_1442.html,,,,
1346EM16T, Triennial Term Contract for the Comprehensive Maintenance and Repair of Lift Installations at Various Premises of the Government of the Hong Kong Special Administrative Region (Package One of HT16),Jun 2018,Comprehensive maintenance and repair of lift installations at various premises of the Government of the Hong Kong Special Administrative Region,Open,Hitachi Elevator Engineering Company (Hong Kong) Limited,"HK$18,475,508.00",https://www.emsd.gov.hk/en/tenders_contracts_and_consultancies/tender_notices/tender_notices/index_id_1465.html,,,,
2117EM17W,Replacement of Lighting Control System at HK Police Headquarters of the Hong Kong Police Force,Jun 2018,Electrical Installation,Selective,REC Engineering Company Limited,"HK$25,120,000.00",https://www.emsd.gov.hk/en/tenders_contracts_and_consultancies/tender_notices/tender_notices/index_id_1487.html,,,,
2418EM17T,"Triennial Term Contract for Building Services Fitting-out, Replacement and Improvement Works for Health Sector Services in Kowloon East Region",Jun 2018,Air-conditioning Installation,Selective,Alliance Contracting Company Limited,"HK$57,014,080.00",https://www.emsd.gov.hk/en/tenders_contracts_and_consultancies/tender_notices/tender_notices/index_id_1477.html,,,,
1155EM18W,Replacement of Central Control and Monitoring System at Eastern Harbour Tunnel,Jun 2018,Industrial Type Electrical Installation,Selective,Wing Cheong Electrical Engineering & Contracting Company Limited,"HK$15,138,000.00",https://www.emsd.gov.hk/en/tenders_contracts_and_consultancies/tender_notices/tender_notices/index_id_1526.html,,,,
2512EM17T,"Quadrennial Term Contract for Maintenance of Oil-fired Boilers, Gas-fired Boilers, Dual Fuel Boilers and Solar Hot Water Installations at Transport, Security & Central Services Division Venues for the Government of the Hong Kong Special Administrative Region",Jun 2018,Steam and Compressed Air Installation,Selective,Kwong Hing Loong Engine & Boiler Factory Limited,"HK$8,453,120.00",https://www.emsd.gov.hk/en/tenders_contracts_and_consultancies/tender_notices/tender_notices/index_id_1498.html,,,,
2180EM17T,50-month Term Contract for the Comprehensive Maintenance and Repair of Lift Installations at Various Premises of the Hospital Authority (TO17),May 2018,"Lift, Escalator and Passenger Conveyor Installation",Selective,Chevalier (HK) Limited,"HK$4,867,500.00",https://www.emsd.gov.hk/en/tenders_contracts_and_consultancies/tender_notices/tender_notices/index_id_1491.html,,,,
2853EM16W,Supply and Installation of Beam Lights at Tamar Central Government Offices and Revenue Tower,May 2018,Electrical Installation,Selective,Joint Effort Engineering (Asia) Limited,"HK$9,922,240.00",https://www.emsd.gov.hk/en/tenders_contracts_and_consultancies/tender_notices/tender_notices/index_id_1524.html,,,,
2158EM17T,Triennial Term Contract for the Comprehensive Maintenance and Repair of Lift Installations at Various Premises of the Government of the Hong Kong Special Administrative Region (Package One of FT17),May 2018,Maintenance and repair of lift installations in various premises of the Government of the HKSAR,Open,Fujitec (HK) Company Limited,"HK$7,517,160.00",https://www.emsd.gov.hk/en/tenders_contracts_and_consultancies/tender_notices/tender_notices/index_id_1466.html,,,,
1558EM17T,Triennial Term Contract for the Operation and Maintenance of Air-conditioning Installations at Unattended Municipal Venues in Hong Kong Region,May 2018,Air-conditioning Installation,Selective,Wenden Engineering Service Company Limited,"HK$89,468,668.00",https://www.emsd.gov.hk/en/tenders_contracts_and_consultancies/tender_notices/tender_notices/index_id_1503.html,,,,
2291EM17T,"Triennial Contract for the Operation and Maintenance of Electrical, Mechanical and Other Installations for Unattended Municipal Venues in New Territories of the Government of the Hong Kong Special Administrative Region",May 2018,Electrical Installation,Selective,Au Chow Electrical Company Limited,"HK$193,800,000.00",https://www.emsd.gov.hk/en/tenders_contracts_and_consultancies/tender_notices/tender_notices/index_id_1490.html,,,,
2290EM17T,"42-Month Term Contract for the Operation and Maintenance of Electrical, Mechanical and Other Installations for Attended Municipal Venues in New Territories of the Government of the Hong Kong Special Administrative Region",May 2018,Electrical Installation,Selective,Interlite (Asia) Limited,"HK$126,888,700.00",https://www.emsd.gov.hk/en/tenders_contracts_and_consultancies/tender_notices/tender_notices/index_id_1489.html,,,,
2792EM17W,Replacement of Air Conditioning System and Central Control Monitoring System at Tsuen Wan Government Office,May 2018,Air-conditioning Installation,Selective,Quad-Tech Engineering (H.K.) Company Limited,"HK$12,378,000.00",https://www.emsd.gov.hk/en/tenders_contracts_and_consultancies/tender_notices/tender_notices/index_id_1499.html,,,,
1067EM17T,Triennial Term Contract for Maintenance and Modification Works of Digital Red Light Camera System (Phase I and II) for Hong Kong Police Force,May 2018,Comprehensive maintenance and repair of Digital Red Light Camera System (Phase I and II) of Hong Kong Police Force,Open,Parking Systems Limited,"HK$14,899,000.00",https://www.emsd.gov.hk/en/tenders_contracts_and_consultancies/tender_notices/tender_notices/index_id_1472.html,,,,
1976EM17T,"Triennial Term Contract for the Comprehensive Maintenance and Repair of Escalator Installations at Central Government Offices, Chief Executive’s Office and Legislative Council Complex, Tamar",Apr 2018,"Maintenance and repair of escalator installations at Central Government Offices, Chief Executive’s Office and Legislative Council Complex, Tamar",Open,Fujitec (HK) Company Limited,"HK$6,137,920.00",https://www.emsd.gov.hk/en/tenders_contracts_and_consultancies/tender_notices/tender_notices/index_id_1454.html,,,,
2990EM16T,Triennial Term Contract for the Comprehensive Maintenance and Repair of Escalator Installations at Various Premises of the Government of the Hong Kong Special Administrative Region (Package Two of KO16E),Apr 2018,Comprehensive maintenance and repair of escalator installations at various premises of the Government of the Hong Kong Special Administrative Region,Open,Kone Elevator (HK) Limited,"HK$5,685,768.00",https://www.emsd.gov.hk/en/tenders_contracts_and_consultancies/tender_notices/tender_notices/index_id_1436.html,,,,
2987EM16T,Triennial Term Contract for the Comprehensive Maintenance and Repair of Lift Installations at Various Premises of the Government of the Hong Kong Special Administrative Region (Package One of KO16),Apr 2018,Comprehensive maintenance and repair of lift installations at various premises of the Government of the Hong Kong Special Administrative Region,Open,Kone Elevator (HK) Limited,"HK$41,200,452.00",https://www.emsd.gov.hk/en/tenders_contracts_and_consultancies/tender_notices/tender_notices/index_id_1435.html,,,,
2175EM17T,Triennial Term Contract for Building Services and Fitting-out Works to Municipal Venues for The Government of The Hong Kong Special Administrative Region,Apr 2018,Air-conditioning Installation,Selective,Alliance Contracting Company Limited,"HK$84,670,100.00",https://www.emsd.gov.hk/en/tenders_contracts_and_consultancies/tender_notices/tender_notices/index_id_1480.html,,,,
1054EM17T,"Triennial Term Contract for Maintenance of Heating, Ventilation and Air-conditioning Installations for Health Sector Venues in New Territories West Region",Apr 2018,Air-conditioning Installation,Selective,REC Engineering Company Limited,"HK$93,837,780.00",https://www.emsd.gov.hk/en/tenders_contracts_and_consultancies/tender_notices/tender_notices/index_id_1461.html,,,,
1463EM17T,Triennial Term Contract for the Comprehensive Maintenance and Repair of High Mast and High Bay Lighting Installations for the Government of the Hong Kong Special Administrative Region,Apr 2018,Industrial Type Electrical Installation,Selective,Kum Shing (K.F.) Construction Company Limited,"HK$21,473,870.00",https://www.emsd.gov.hk/en/tenders_contracts_and_consultancies/tender_notices/tender_notices/index_id_1473.html,,,,
2109EM17T,"Triennial Term Contract for Building Services Fitting-Out Works, Replacement and Improvement Works to Health Sector Venues in New Territories West Region",Apr 2018,Air-conditioning Installation,Selective,Yordland Engineering Limited,"HK$66,800,168.00",https://www.emsd.gov.hk/en/tenders_contracts_and_consultancies/tender_notices/tender_notices/index_id_1483.html,,,,
2274EM17T,Triennial Term Contract for the Engineering Services for E&M Installation and Other Services at Diamond Hill and Cape Collinson Crematorium and Columbarium,Mar 2018,Electrical Installation,Selective,M & V Engineering (E & M) Limited,"HK$47,011,000.00",https://www.emsd.gov.hk/en/tenders_contracts_and_consultancies/tender_notices/tender_notices/index_id_1478.html,,,,
1360EM17T,21-Month Term Contract for the Comprehensive Maintenance and Repair of Lift Installations at Various Premises of Hospital Authority (OT 17),Mar 2018,"Lift, Escalator and Passenger Conveyor Installation",Selective,Otis Elevator Company (H.K.) Limited,"HK$20,785,807.00",https://www.emsd.gov.hk/en/tenders_contracts_and_consultancies/tender_notices/tender_notices/index_id_1391.html,,,,
1392EM17T,Triennial Term Contract for the Comprehensive Maintenance and Repair of Lift Installations at Various Premises of the Government of the Hong Kong Special Administrative Region Package One of SA 17),Mar 2018,Maintenance and repair of lift installations in various premises of the Government of the HKSAR,Open,Shan On Engineering Company Limited,"HK$11,561,436.00",https://www.emsd.gov.hk/en/tenders_contracts_and_consultancies/tender_notices/tender_notices/index_id_1432.html,,,,
2275EM17T,"Triennial Term Contract for the Engineering Services for E&M Installation and Other Services at Wo Hop Shek, Kwai Chung and Fu Shan Crematorium and Columbarium",Mar 2018,Electrical Installation,Selective,M & V Engineering (E & M) Limited,"HK$64,716,400.00",https://www.emsd.gov.hk/en/tenders_contracts_and_consultancies/tender_notices/tender_notices/index_id_1479.html,,,,
2972EM16T,"Triennial Term Contract for the Maintenance and Repair of, Alternations and Additions to Fire Service Installations for Airport Venues (NEC TSC OPTION A)",Feb 2018,Fire Service Installation,Selective,Chubb Hong Kong Limited,"HK$24,945,219.50",https://www.emsd.gov.hk/en/tenders_contracts_and_consultancies/tender_notices/tender_notices/index_id_1447.html,,,,
2337EM17T,Triennial Term Contract for the Comprehensive Maintenance and Repair of Lift Installations at Various Premises of the Government of the Hong Kong Special Administrative Region (Package One of TO17),Feb 2018,Maintenance and repair of lift installations in various premises of the Government of the HKSAR,Open,Chevalier (HK) Limited,"HK$41,444,748.00",https://www.emsd.gov.hk/en/tenders_contracts_and_consultancies/tender_notices/tender_notices/index_id_1445.html,,,,
2530EM16T,Triennial Term Contract for the Comprehensive Maintenance and Repair of Lift Installations at Various Premises of the Government of the Hong Kong Special Administrative Region (Package Two of MT16),Feb 2018,Maintenance and repair of lift installations in various premises of the Government of the HKSAR,Open,Mitsubishi Elevator Hong Kong Company Limited,"HK$16,962,120.00",https://www.emsd.gov.hk/en/tenders_contracts_and_consultancies/tender_notices/tender_notices/index_id_1439.html,,,,
1628EM17W,"Replacement of Raking Screens, Band Screens and Penstocks at Cheung Sha Wan Wholesale Food Market",Feb 2018,Electrical and Mechanical Installation for Sewage Treatment and Screening Plant,Selective,REC Engineering Company Limited,"HK$12,988,000.00",https://www.emsd.gov.hk/en/tenders_contracts_and_consultancies/tender_notices/tender_notices/index_id_1456.html,,,,
2104EM15T,"Triennial Term Contract for Operation and Maintenance of Electrical, Mechanical and Other Installations at Kai Tak Cruise Terminal of the Government of the Hong Kong Special Administrative Region (NEC TSC OPTION A)",Feb 2018,Electrical Installation,Selective,"The Jardine Engineering Corporation, Limited","HK$39,567,520.00",https://www.emsd.gov.hk/en/tenders_contracts_and_consultancies/tender_notices/tender_notices/index_id_1448.html,,,,
2605EM16T,Triennial Term Contract for Operation and Maintenance of Air-conditioning Installations for Hong Kong Police Force and Independent Commission Against Corruption for the Government of HKSAR,Feb 2018,Air-conditioning Installation,Selective,Alliance Contracting Company Limited,"HK$93,838,600.00",https://www.emsd.gov.hk/en/tenders_contracts_and_consultancies/tender_notices/tender_notices/index_id_1437.html,,,,
1460EM17T,"Triennial Contract for Maintenance and Repair of, Alteration, Addition to, Fire Service Installations in Municipal Venues for the Government of the Hong Kong Special Administrative Region",Jan 2018,Fire Service Installation,Selective,REC Engineering Company Limited,"HK$52,399,191.00",https://www.emsd.gov.hk/en/tenders_contracts_and_consultancies/tender_notices/tender_notices/index_id_1415.html,,,,
2397EM16T,Triennial Term Contract for the Comprehensive Maintenance and Repair of Lift Installations at Various Premises of the Government of the Hong Kong Special Administrative Region (Package One of AE16),Jan 2018,Comprehensive maintenance and repair of lift installations at various premises of the Government of the Hong Kong Special Administrative Region,Open,Anlev Elex Elevator Limited,"HK$28,937,304.00",https://www.emsd.gov.hk/en/tenders_contracts_and_consultancies/tender_notices/tender_notices/index_id_1416.html,,,,
1671EM17W,Supply and Installation of Automatic Vehicle Clearance Support System for Liantang / Heung Yuen Wai Boundary Control Point,Jan 2018,"Design, supply, delivery, installation, testing and commissioning of the Automatic Vehicle Clearance Support System at Liantang / Heung Yuen Wai Boundary Control Point",Open,NEC Hong Kong Limited,"HK$37,838,888",https://www.emsd.gov.hk/en/tenders_contracts_and_consultancies/tender_notices/tender_notices/index_id_1440.html,,,,
1466EM17T,"30-Month Term Contract for the Maintenance and Repair of, Alterations and Additions to Fire Service Installations for Health Services Buildings in New Territories Region",Jan 2018,Fire Service Installation,Selective,Kenworth Engineering Limited,"HK$32,612,975.00",https://www.emsd.gov.hk/en/tenders_contracts_and_consultancies/tender_notices/tender_notices/index_id_1405.html,,,,
2896EM16T,"Triennial Term Contract for The Maintenance and Repair, Alteration and Additions to Fire Service Installations in Venues in Hong Kong Island and Island (South) for the Government of the HKSAR",Jan 2018,Fire Service Installation,Selective,ATAL Engineering Limited,"HK$22,673,800.00",https://www.emsd.gov.hk/en/tenders_contracts_and_consultancies/tender_notices/tender_notices/index_id_389.html,,,,
EMSD GSB 13705,Biennial Contract for Sampling and Analyzing of Liquefied Petroleum Gas,Dec 2017,Collection of liquefied petroleum gas (LPG) samples from LPG filling stations and LPG terminals and testing of the LPG quality,Open Tender,SGS Hong Kong Limited,"HK $3,616,300.00",https://www.emsd.gov.hk/en/tenders_contracts_and_consultancies/tender_notices/tender_notices/index_id_1450.html,,,,
1444EM17T,"Biennial Term Contract for the Supply and Installation of Public Address Systems, Auxiliary Equipment & Emergency Call-out System for the Government of the HKSAR",Dec 2017,Audio Electronics Installation,Selective,Shun Tung Electric Company Limited,"HK$34,863,688.00",https://www.emsd.gov.hk/en/tenders_contracts_and_consultancies/tender_notices/tender_notices/index_id_1426.html,,,,
2446EM15T,Triennial Term Contract for the Comprehensive Maintenance and Repair of Escalator Installations at Various Premises of the Government of the Hong Kong Special Administrative Region (Package One of MT16E),Dec 2017,Comprehensive maintenance and repair of escalator installations at various premises of the Government of the Hong Kong Special Administrative Region,Open,Mitsubishi Elevator Hong Kong Company Limited,"HK$3,970,800.00",https://www.emsd.gov.hk/en/tenders_contracts_and_consultancies/tender_notices/tender_notices/index_id_1421.html,,,,
2398EM16T,Triennial Term Contract for the Comprehensive Maintenance and Repair of Escalator Installations at Various Premises of the Government of the Hong Kong Special Administrative Region (Package One of AE16E),Dec 2017,Comprehensive maintenance and repair of escalator installations at various premises of the Government of the Hong Kong Special Administrative Region,Open,Anlev Elex Elevator Limited,"HK$14,311,764.00",https://www.emsd.gov.hk/en/tenders_contracts_and_consultancies/tender_notices/tender_notices/index_id_1423.html,,,,
2335EM16T,"Triennial Contract for the Operation and Maintenance of Electrical, Mechanical and Other Installations for Municipal Venues in Hong Kong",Dec 2017,Electrical Installation,Selective,Joint Effort Engineering (Asia) Limited,"HK$66,943,280.00",https://www.emsd.gov.hk/en/tenders_contracts_and_consultancies/tender_notices/tender_notices/index_id_1419.html,,,,
1827EM17T,"Triennial Term Contract for the Maintenance and Repair of, Water Pumping Installations and Filtration Tanks for Filtration Plants at Various Swimming Pool Complexes in the Kowloon District of the Government of the Hong Kong Special Administrative Region",Dec 2017,Swimming Pool Water Treatment Installation,Selective,"The Jardine Engineering Corporation, Limited","HK$29,166,058.00",https://www.emsd.gov.hk/en/tenders_contracts_and_consultancies/tender_notices/tender_notices/index_id_1431.html,,,,
1423EM17T,BiennialTerm Contract for the Comprehensive Maintenance and Repair of Lift Installations at Various Premises of Hospital Authority (SC 17),Dec 2017,"Lift, Escalator and Passenger Conveyor Installation",Selective,Schindler Lifts (Hong Kong) Limited,"HK$8,007,692.00",https://www.emsd.gov.hk/en/tenders_contracts_and_consultancies/tender_notices/tender_notices/index_id_1392.html,,,,
1944EM16T,"Triennial Term Contract for the Maintenance and Repair of, Alterations and Additions to Fire Services Installations for Health Services Buildings in Hong Kong Region and Outlying Islands",Dec 2017,Fire Service Installation,Selective,Kenworth Engineering Limited,"HK$32,503,450.00",https://www.emsd.gov.hk/en/tenders_contracts_and_consultancies/tender_notices/tender_notices/index_id_385.html,,,,
1850EM16W,Replacement of Tunnel Lighting System in the Kai Tak Tunnel,Dec 2017,Industrial Type Electrical Installation,Selective,Kum Shing (K.F.) Construction Company Limited,"HK$56,382,300.00",https://www.emsd.gov.hk/en/tenders_contracts_and_consultancies/tender_notices/tender_notices/index_id_1417.html,,,,
1824EM17T,"Triennial Term Contract for the Comprehensive Maintenance and Repair of Lift Installations at Central Government Offices, Chief Executive’s Office and Legislative Council Complex, Tamar",Dec 2017,"Maintenance and repair of lift installations at Central Government Offices, Chief Executive’s Office and Legislative Council Complex, Tamar",Open,Fujitec (HK) Company Limited,"HK$13,540,520.00",https://www.emsd.gov.hk/en/tenders_contracts_and_consultancies/tender_notices/tender_notices/index_id_1429.html,,,,
1120EM17T,Triennial Term Contract for Operation and Maintenance of Air-conditioning Installations in Various Venues of the Government of the Hong Kong Special Administrative Region Maintained by New Territories Maintenance Sub-division of General Engineering Services Division (NEC TSC OPTION A),Nov 2017,Air-conditioning Installation,Selective,Standard Refrigeration & Engineering Company Limited,"HK$95,710,000.00",https://www.emsd.gov.hk/en/tenders_contracts_and_consultancies/tender_notices/tender_notices/index_id_1408.html,,,,
2061EM17W,Improvement Works on Air Conditioning System at Hong Kong Police Headquarters,Nov 2017,Air-conditioning Installation,Selective,"Winston Air Conditioning & Engineering (Hong Kong) Company, Limited","HK$9,429,000.00",https://www.emsd.gov.hk/en/tenders_contracts_and_consultancies/tender_notices/tender_notices/index_id_1424.html,,,,
1959EM17T,"Four Years Term Contract for the Maintenance and Repair, Alteration and Additions to Fire Service Installations in Venues of the Government of the Hong Kong SAR Maintained by General Engineering Services Division in Kowloon and New Territories

 ",Nov 2017,Fire Service Installation,Selective,REC Engineering Company Limited,"HK$22,836,480.00",https://www.emsd.gov.hk/en/tenders_contracts_and_consultancies/tender_notices/tender_notices/index_id_1427.html,,,,
1557EM16W,Supply and Installation of Gantry Type X-ray Vehicle Inspection Systems at Liantang/Heung Yuen Wai Boundary Control Point,Nov 2017,"Design, supply, delivery, installation, testing and commissioning (construction works), and the subsequent 9-year maintenance services (maintenance services) of the Gantry Type X-ray Vehicle Inspection Systems at the Liantang/Heung Yuen Wai Boundary Control Point",Open,Nuctech Company Limited,"HK$126,000,000.00",https://www.emsd.gov.hk/en/tenders_contracts_and_consultancies/tender_notices/tender_notices/index_id_1413.html,,,,
1334EM17T,"Triennial Term Contract for the Maintenance and Repair of Burglar Alarm and Security Installations at Various Premises of the Government of the Hong Kong Special Administrative Region (Health Sector Division, Municipal Sector Division, Transport, Security & Central Services Division)",Nov 2017,Burglar Alarm and Security Installation,Selective,ASC (HK) Limited,"HK$10,568,784.00",https://www.emsd.gov.hk/en/tenders_contracts_and_consultancies/tender_notices/tender_notices/index_id_1404.html,,,,
1660EM17T,Triennial Term Contract for Operation and Maintenance of Data Centre Infrastructure at Siu Ho Wan Maintenance Depot,Nov 2017,Air-conditioning Installation,Selective,ATAL Engineering Limited,"HK$7,395,480.00",https://www.emsd.gov.hk/en/tenders_contracts_and_consultancies/tender_notices/tender_notices/index_id_1414.html,,,,
1419EM17T,"Triennial Contract for the Maintenance of Town Gas Installations at Various Venues of Transport, Security and Central Services Division",Nov 2017,Liquefied Petroleum Gas Installation,Selective,Wenden Engineering Service Company Limited,"HK$8,827,890.00",https://www.emsd.gov.hk/en/tenders_contracts_and_consultancies/tender_notices/tender_notices/index_id_1390.html,,,,
1025EM17T,"Triennial Term Contract for Provision of Maintenance, Modification and Installation Works of Electronic and E&M Control Systems at Various Sewage Treatment Works and Their Outstations",Oct 2017,Electrical and Mechanical Installation for Sewage Treatment and Screening Plant,Selective,Chevalier (Envirotech) Limited,"HK$69,000,050.00",https://www.emsd.gov.hk/en/tenders_contracts_and_consultancies/tender_notices/tender_notices/index_id_1411.html,,,,
2814EM16T,"Triennial Term Contract for the Maintenance and Repair of Water Pumping Installations, Filtration Tanks and Electro-Chlorinators for Filtration Plants at Various Swimming Pool Complexes in New Territories for the Government of the Hong Kong Special Administrative Region",Oct 2017,Swimming Pool Water Treatment Installation,Selective,P & A Engineering Limited,"HK$33,867,584.60",https://www.emsd.gov.hk/en/tenders_contracts_and_consultancies/tender_notices/tender_notices/index_id_1397.html,,,,
1535EM17T,Triennial Term Contract for Operation and Maintenance of Air-conditioning Installations in Various Venues of the Government of the Hong Kong Special Administrative Region Maintained by Kowloon Maintenance Sub-division of General Engineering Services Division,Oct 2017,Air-conditioning Installation,Selective,Westco Airconditioning Limited,"HK$147,409,118.00",https://www.emsd.gov.hk/en/tenders_contracts_and_consultancies/tender_notices/tender_notices/index_id_375.html,,,,
1632EM17T,Triennial Term Contract for Operation and Maintenance of Air-conditioning Installations in Various Venues of the Government of the Hong Kong Special Administrative Region Maintained by Hong Kong Maintenance Sub-division of General Engineering Services Division,Oct 2017,Air-conditioning Installation,Selective,Westco Airconditioning Limited,"HK$161,777,975.00",https://www.emsd.gov.hk/en/tenders_contracts_and_consultancies/tender_notices/tender_notices/index_id_1394.html,,,,
2511EM15T,"18-Month Term Contract for Maintenance of Heating, Ventilation and Air-conditioning Installations for Health Sector Venues in Kowloon West Region",Oct 2017,Air-conditioning Installation,Selective,Westco Airconditioning Limited,"HK$30,884,355.00",https://www.emsd.gov.hk/en/tenders_contracts_and_consultancies/tender_notices/tender_notices/index_id_383.html,,,,
2080EM16T,Four-Year Term Contract for the Maintenance of Fixed X-ray Vehicle Inspection System at Lok Ma Chau Boundary Crossing,Sep 2017,"Maintenance, refurbishment, modification and overhaul services of fixed x-ray vehicle inspection system at Lok Ma Chau Boundary Crossing for the Customs and Excise Department",Open,Rapiscan Systems PTE. Ltd.,"HK$49,104,709.00",https://www.emsd.gov.hk/en/tenders_contracts_and_consultancies/tender_notices/tender_notices/index_id_388.html,,,,
1170EM17T,"42-month Term Contract for the Maintenance and Repair of, Alterations and Additions to, Fire Service Installations in Venues of Hong Kong Police Force, Correctional Services Department, Independent Commission Against Corruption and Security Bureau for New Territories and Kowloon",Sep 2017,Fire Service Installation,Selective,ATAL Engineering Limited,"HK$22,680,000.00",https://www.emsd.gov.hk/en/tenders_contracts_and_consultancies/tender_notices/tender_notices/index_id_384.html,,,,
1169EM17T,"Triennial Term Contract for the Maintenance and Repair of, Alterations and Additions to, Fire Service Installations in Venues of the Hong Kong Police Force, Correctional Services Department, Independent Commission Against Corruption and Security Bureau for Hong Kong Island and Outlying Islands",Aug 2017,Fire Service Installation,Selective,Windmill Engineering Company Limited,"HK$28,993,764.00",https://www.emsd.gov.hk/en/tenders_contracts_and_consultancies/tender_notices/tender_notices/index_id_381.html,,,,
1872EM16T,Triennial Term Contract for Maintenance of Electrical and Mechanical Installations at Tuen Mun Children and Juvenile Home and Miscellaneous Equipment in Premises in New Territories Region,Aug 2017,Air-conditioning Installation,Selective,"The Jardine Engineering Corporation, Limited","HK$23,880,000.00",https://www.emsd.gov.hk/en/tenders_contracts_and_consultancies/tender_notices/tender_notices/index_id_363.html,,,,
2604EM16T,33-month Term Contract for Maintenance of Room Air Conditioners for Venues of Hong Kong Police Force for the Government of HKSAR,Aug 2017,Air-conditioning Installation,Selective,Young's Engineering Company Limited,"HK$28,091,918.00",https://www.emsd.gov.hk/en/tenders_contracts_and_consultancies/tender_notices/tender_notices/index_id_1400.html,,,,
3003EM16A,"Triennial Contract forManagement, Operation and Maintenance of Central to Mid-Levels Escalator and Walkway System",Aug 2017,"Management, operation and maintenance of Central to Mid-levels Escalator and Walkway System of the Hong Kong Special Administrative Region",Open,Synergis Management Services Limited,"HK$38,437,601.00",https://www.emsd.gov.hk/en/tenders_contracts_and_consultancies/tender_notices/tender_notices/index_id_382.html,,,,
2163EM15T,Triennial Term Contract for the Maintenance and Repair for Gondola Installations for Venues in Kowloon and New Territories Region Maintained by General Engineering Services Division of the Government of the HKSAR.,Aug 2017,"Inspection, examination, testing, adjustment, fully comprehensive servicing and maintenance of gondola installations at various premises of the Government of the Hong Kong Special Administrative Region",Open,Buildtech Limited,"HK$3,693,128.00",https://www.emsd.gov.hk/en/tenders_contracts_and_consultancies/tender_notices/tender_notices/index_id_356.html,,,,
2616EM16T,"Triennial Term Contract for Maintenance and Repair of, Alterations and Additions to, Floodlighting Installations",Jul 2017,Electrical Installation,Selective,Joint Effort Engineering (Asia) Limited,"HK$85,388,293.00",https://www.emsd.gov.hk/en/tenders_contracts_and_consultancies/tender_notices/tender_notices/index_id_374.html,,,,
1459EM17A,Provision of Operating and Maintenance Services for the Simultaneous Interpretation and Public Address Systems for Various Government Departments of the Hong Kong Special Administrative Region (New Territories and Miscellaneous Users),Jul 2017,"Operation, maintenance, adjustment of system configuration, system enhancement and ad-hoc support of the Simultaneous Interpretation (SI) and Public Address (PA) systems",Open,PCCW-HKT Technical Services Limited,"HK$8,899,972.00",https://www.emsd.gov.hk/en/tenders_contracts_and_consultancies/tender_notices/tender_notices/index_id_1403.html,,,,
1458EM17A,Provision of Operating and Maintenance Services for the Simultaneous Interpretation and Public Address Systems for Various Government Departments of the Hong Kong Special Administrative Region (Kowloon Region),Jul 2017,"Operation, maintenance, adjustment of system configuration, system enhancement and ad-hoc support of the Simultaneous Interpretation (SI) and Public Address (PA) systems",Open,PCCW-HKT Technical Services Limited,"HK$9,912,029.00",https://www.emsd.gov.hk/en/tenders_contracts_and_consultancies/tender_notices/tender_notices/index_id_1402.html,,,,
1457EM17A,Provision of Operating and Maintenance Services for the Simultaneous Interpretation and Public Address Systems for Various Government Departments of the Hong Kong Special Administrative Region (Hong Kong Region),Jul 2017,"Operation, maintenance, adjustment of system configuration, system enhancement and ad-hoc support of the Simultaneous Interpretation (SI) and Public Address (PA) systems",Open,PCCW-HKT Technical Services Limited,"HK$13,291,357.00",https://www.emsd.gov.hk/en/tenders_contracts_and_consultancies/tender_notices/tender_notices/index_id_1401.html,,,,
1377EM16T,"Triennial Term Contract for Maintenance and Repair of Air-conditioning Installations for Correctional Services Department, Highways Department and Transport Department in New Territories, Hong Kong Island and Outlying Islands and for Drainage Services Department in the Hong Kong Special Administrative Region",Jul 2017,Air-conditioning Installation,Selective,Young's Engineering Company Limited,"HK$68,524,128.00",https://www.emsd.gov.hk/en/tenders_contracts_and_consultancies/tender_notices/tender_notices/index_id_376.html,,,,
1152EM15T,"Triennial Term Contract for Operation and Maintenance of Air-conditioning Installations for Hong Kong Police Force, Independent Commission Against Corruption and Security Bureau in New Territories for the Government of the HKSAR. (NEC TSC OPTION A)",Jun 2017,Air-conditioning Installation,Selective,Young's Engineering Company Limited,"HK$27,857,138.00",https://www.emsd.gov.hk/en/tenders_contracts_and_consultancies/tender_notices/tender_notices/index_id_358.html,,,,
2894EM16T,Quadrennial Term Contract for Maintenance Services of Infrastructure Power Network at Hong Kong International Airport,Jun 2017,Industrial Type Electrical Installation,Selective,Triple Faith Engineering & Supply Limited,"HK$17,601,489.00",https://www.emsd.gov.hk/en/tenders_contracts_and_consultancies/tender_notices/tender_notices/index_id_378.html,,,,
2659EM16A,"Improvement, Operation and Maintenance of Animal Waste Composting Plant at Ngau Tam Mei and Collection Services",Jun 2017,"Improvement, operation, maintenance and repair of the existing Animal Waste Composting Plant at Ngau Tam Mei and the related waste collection services",Open,"The Jardine Engineering Corporation, Limited","HK$147,800,000.00",https://www.emsd.gov.hk/en/tenders_contracts_and_consultancies/tender_notices/tender_notices/index_id_370.html,,,,
2172EM15T,"Term Contract for Building Services Fitting-out, Replacement and Improvement Works to Health Sector Venues in Kowloon West Region",May 2017,Air-conditioning Installation,Selective,"Winston Air Conditioning & Engineering (Hong Kong) Company, Limited","HK$40,577,000.00",https://www.emsd.gov.hk/en/tenders_contracts_and_consultancies/tender_notices/tender_notices/index_id_364.html,,,,
1825EM16T,"Triennial Term Contract for Operation and Maintenance of Air-conditioning Installations for Hong Kong Police Force, Independent Commission Against Corruption and Security Bureau in Hong Kong Island and Outlying Islands for the Government of the HKSAR.",Apr 2017,Air-conditioning Installation,Selective,Wenden Engineering Service Company Limited,"HK$19,628,668.00",https://www.emsd.gov.hk/en/tenders_contracts_and_consultancies/tender_notices/tender_notices/index_id_357.html,,,,
2419EM15W,Retrofitting of One Set of Water-cooled Chiller at Pamela Youde Nethersole Eastern Hospital,Mar 2017,Air-conditioning Installation,Selective,Quad-Tech Engineering (H.K.) Company Limited,"HK$6,530,000.00",https://www.emsd.gov.hk/en/tenders_contracts_and_consultancies/tender_notices/tender_notices/index_id_369.html,,,,
2730EM15T,Triennial Term Contract for the Comprehensive Maintenance and Repair of Escalator Installations at Various Premises of the Government of the Hong Kong Special Administrative Region (Package One of TK16),Mar 2017,Comprehensive maintenance and repair of escalator installations at various premises of the Government of the Hong Kong Special Administrative Region,Open,Holake Hong Kong Lifts Limited,"HK$2,902,822.00",https://www.emsd.gov.hk/en/tenders_contracts_and_consultancies/tender_notices/tender_notices/index_id_329.html,,,,
1363EM15T,"Quadrennial Term Contract for Installation, Modification, Testing and Commissioning of Traffic Light and Traffic Aids Equipment in Hong Kong",Feb 2017,"Installation, modification, disassembling, testing and commissioning of traffic light, traffic aids equipment and traffic controller for Hong Kong Island Region, Kowloon Region and New Territories Region including Lantau Island",Open,Thorn Security (Hong Kong) Limited,"HK$12,080,631.00",https://www.emsd.gov.hk/en/tenders_contracts_and_consultancies/tender_notices/tender_notices/index_id_326.html,,,,
1815EM16W,Replacement of Chillers and Associated Accessories at Air Traffic Control Complex in Hong Kong International Airport,Feb 2017,Air-conditioning Installation,Selective,York International (Northern Asia) Limited,"HK$10,453,500.00",https://www.emsd.gov.hk/en/tenders_contracts_and_consultancies/tender_notices/tender_notices/index_id_359.html,,,,
1847EM16T,Quadrennial Term Contract for Examination and Testing of Lifting Appliances and Lifting Gear in New Territories and Outlying Islands.,Feb 2017,Survey of Lifting Appliances and Lifting Gear,Selective,ISPL Consulting Limited,"HK$2,933,680.00",https://www.emsd.gov.hk/en/tenders_contracts_and_consultancies/tender_notices/tender_notices/index_id_341.html,,,,
2397EM15T,"Annual Term Contract for Building Services Fitting-out, Replacement and Improvement Works for Health Sector Venues in Hong Kong Region and Outlying Islands",Feb 2017,Air-conditioning Installation,Selective,Alliance Contracting Company Limited,"HK$43,090,000.00",https://www.emsd.gov.hk/en/tenders_contracts_and_consultancies/tender_notices/tender_notices/index_id_331.html,,,,
2646EM15T,"Triennial Term Contract for Maintenance of Domestic Electrical Appliances, Electrical Installations and Floodlight Installations at Various Venues of Transport, Security and Central Services Division",Feb 2017,Electrical Installation,Selective,Wenden Engineering Service Company Limited,"HK$57,669,497.00",https://www.emsd.gov.hk/en/tenders_contracts_and_consultancies/tender_notices/tender_notices/index_id_344.html,,,,
1012EM16T,30-Month Term Contract for the Comprehensive Maintenance and Repair of Escalator Installations at Various Premises of the Government of the Hong Kong Special Administrative Region and Hospital Authority (Package One of SC16E),Jan 2017,Comprehensive maintenance and repair of escalator installations at various premises of the Government of the Hong Kong Special Administrative Region and Hospital Authority,Open,Schindler Lifts (Hong Kong) Limited,"HK$9,074,700.00",https://www.emsd.gov.hk/en/tenders_contracts_and_consultancies/tender_notices/tender_notices/index_id_310.html,,,,
1692EM15W,Refurbishment of the Central to Mid-levels Escalator and Walkway System,Jan 2017,"Lift, Escalator and Passenger Conveyor Installation",Selective,Anlev Elex Elevator Limited,"HK$128,899,366.00",https://www.emsd.gov.hk/en/tenders_contracts_and_consultancies/tender_notices/tender_notices/index_id_292.html,,,,
2202EM15T,Triennial Term Contract for the Comprehensive Maintenance and Repair of Lift Installations at Various Premises of the Government of the Hong Kong Special Administrative Region and Hospital Authority (Package One of KO15),Jan 2017,Comprehensive maintenance and repair of lift installations at various premises of the Government of the Hong Kong Special Administrative Region and Hospital Authority,Open,Kone Elevator (HK) Limited,"HK$15,363,634.00",https://www.emsd.gov.hk/en/tenders_contracts_and_consultancies/tender_notices/tender_notices/index_id_317.html,,,,
1011EM16T,Triennial Term Contract for the Comprehensive Maintenance and Repair of Escalator Installations at Various Premises of the Government of the Hong Kong Special Administrative Region and Hospital Authority (Package One of KO16E),Jan 2017,Comprehensive maintenance and repair of escalator installations at various premises of the Government of the Hong Kong Special Administrative Region and Hospital Authority,Open,Kone Elevator (HK) Limited,"HK$7,560,575.80",https://www.emsd.gov.hk/en/tenders_contracts_and_consultancies/tender_notices/tender_notices/index_id_316.html,,,,
1264EM15T,36-Month Term Contract for Building Services and Fitting-out Works to Health Sector Venues in Kowloon Central Region,Jan 2017,Air-conditioning Installation,Selective,Alliance Contracting Company Limited,"HK$93,071,061.45",https://www.emsd.gov.hk/en/tenders_contracts_and_consultancies/tender_notices/tender_notices/index_id_345.html,,,,
2665EM15T,Triennial Term Contract for Maintenance of Electrical and Mechanical Installations at Cheung Sha Wan Government Offices,Jan 2017,Air-conditioning Installation,Selective,Alliance Contracting Company Limited,"HK$26,445,211.00",https://www.emsd.gov.hk/en/tenders_contracts_and_consultancies/tender_notices/tender_notices/index_id_350.html,,,,
2017EM15T,Triennial Term Contract for the Comprehensive Maintenance and Repair of Lift Installations at Various Premises of the Government of the Hong Kong Special Administrative Region and Hospital Authority (Package Two of OT15),Jan 2017,Comprehensive maintenance and repair of lift installations at various premises of the Government of the Hong Kong Special Administrative Region and Hospital Authority,Open,Holake Hong Kong Lifts Ltd.,"HK$45,510,211.00",https://www.emsd.gov.hk/en/tenders_contracts_and_consultancies/tender_notices/tender_notices/index_id_307.html,,,,
2249EM15W,Replacement of Air Handling Units and Chilled Water Distribution Pipes including Thermal Insulations at Eastern Law Courts Building,Jan 2017,Air Conditioning Installation,Selective,Alliance Contracting Company Limited,"HK$7,536,000.00",https://www.emsd.gov.hk/en/tenders_contracts_and_consultancies/tender_notices/tender_notices/index_id_339.html,,,,
1342EM16T,Quadrennial Term Contract for Examination and Testing of Lifting Appliances and Lifting Gear in Hong Kong Island and Kowloon,Dec 2016,Survey of Lifting Appliances and Lifting Gear,Selective,ISPL Consulting Limited,"HK$3,404,246.60",https://www.emsd.gov.hk/en/tenders_contracts_and_consultancies/tender_notices/tender_notices/index_id_335.html,,,,
1229EM16T,Quadrennial Term Contract for Provision of Maintenance Service and Modification Works for Closed Circuit Television Systems for Transport Department in Hong Kong Special Administrative Region,Dec 2016,Video Electronics Installation,Selective,Thorn Security (Hong Kong) Limited,"HK$12,850,000.00",https://www.emsd.gov.hk/en/tenders_contracts_and_consultancies/tender_notices/tender_notices/index_id_330.html,,,,
1744EM15T,"Triennial Term Contract for Building Services Fitting-out, Replacement and Improvement Works to Health Sector Venues in New Territories East Region",Dec 2016,Air-conditioning Installation,Selective,Yordland Engineering Limited,"HK$36,396,500.00",https://www.emsd.gov.hk/en/tenders_contracts_and_consultancies/tender_notices/tender_notices/index_id_287.html,,,,
2370EM15T,Triennial Term Contract for the Maintenance and Repair of Burglar Alarm and Security Installations at Various Premises of Hong Kong Police Force,Dec 2016,Burglar Alarm and Security Installation,Selective,Thorn Security (Hong Kong) Limited,"HK$24,595,636.00",https://www.emsd.gov.hk/en/tenders_contracts_and_consultancies/tender_notices/tender_notices/index_id_313.html,,,,
1965EM15T,Triennial Term Contract for the Comprehensive Maintenance and Repair of Escalator Installations at Various Premises of the Government of the Hong Kong Special Administrative Region (Package One of FT15E),Dec 2016,Comprehensive maintenance and repair of escalator installations at various premises of the Government of the Hong Kong Special Administrative Region,Open,Holake Hong Kong Lifts Limited,"HK$10,994,077.00",https://www.emsd.gov.hk/en/tenders_contracts_and_consultancies/tender_notices/tender_notices/index_id_295.html,,,,
1654EM15T,Triennial Term Contract for the Comprehensive Maintenance and Repair of Lift Installations at Various Premises of the Government of the Hong Kong Special Administrative Region and Hospital Authority (Package One of SA15),Dec 2016,Comprehensive maintenance and repair of lift installations at various premises of the Government of the Hong Kong Special Administrative Region and Hospital Authority,Open,Shan On Engineering Company Limited,"HK$10,194,120.00",https://www.emsd.gov.hk/en/tenders_contracts_and_consultancies/tender_notices/tender_notices/index_id_254.html,,,,
1816EM16W,Replacement of Air-Cooled Chillers and Associated Accessories at Luen Wo Hui Municipal Services Building,Nov 2016,Air-conditioning Installation,Selective,Quad-Tech Engineering (H.K.) Company Limited,"HK$12,233,000.00",https://www.emsd.gov.hk/en/tenders_contracts_and_consultancies/tender_notices/tender_notices/index_id_347.html,,,,
2402EM15T,"Triennial Term Contract for the Maintenance and Repair of Burglar Alarm and Security Installations at Various Premises of the Government of the Hong Kong Special Administrative Region and Hospital Authority (Health Sector Division, Municipal Sector Division and Transportation, Security and Central Services Division - Package 2A)",Nov 2016,Burglar Alarm and Security Installation,Selective,Chubb Hong Kong Limited,"HK$20,176,277.00",https://www.emsd.gov.hk/en/tenders_contracts_and_consultancies/tender_notices/tender_notices/index_id_305.html,,,,
1043EM16W,Retrofitting of Calorifiers at Tseung Kwan O Hospital,Nov 2016,Steam and Compressed Air Installation,Selective,"Tai Ah Engineering Company, Limited","HK$5,863,560.00",https://www.emsd.gov.hk/en/tenders_contracts_and_consultancies/tender_notices/tender_notices/index_id_321.html,,,,
1355EM15T,"Triennial Term Contract for Maintenance of Heating, Ventilation & Air-conditioning Installations at Unattended Municipal Venues in the New Territories East",Nov 2016,Air-conditioning Installation,Selective,Alliance Contracting Company Limited,"HK$59,244,440.00",https://www.emsd.gov.hk/en/tenders_contracts_and_consultancies/tender_notices/tender_notices/index_id_349.html,,,,
1036EM16T,"Triennial Term Contract for Maintenance of Heating, Ventilation & Air-conditioning Installations at Unattended Municipal Venues in the New Territories West",Nov 2016,Air-conditioning Installation,Selective,Dah Chong Hong (Engineering) Limited,"HK$65,553,580.00",https://www.emsd.gov.hk/en/tenders_contracts_and_consultancies/tender_notices/tender_notices/index_id_333.html,,,,
2150EM15T,Triennial Term Contract for the Maintenance and Repair for Gondola Installation for Venues in Hong Kong Region Maintained by General Engineering Services Division and Venues Maintained by Airport & Vehicle Engineering Division of the Government of the HKSAR,Nov 2016,"Inspection, examination, testing, adjustment, fully comprehensive servicing and maintenance of gondola installations at various premises of the Government of the Hong Kong Special Administrative Region",Open,Jebsen and Company Limited,"HK$3,389,072.00",https://www.emsd.gov.hk/en/tenders_contracts_and_consultancies/tender_notices/tender_notices/index_id_324.html,,,,
2120EM15T,"Annual Term Contract for Maintenance of Heating, Ventilation and Air-conditioning Installations for Health Sector Venues in New Territories West Region",Oct 2016,Air-conditioning Installation,Selective,Yordland Engineering Limited,"HK$22,800,000.00",https://www.emsd.gov.hk/en/tenders_contracts_and_consultancies/tender_notices/tender_notices/index_id_328.html,,,,
1862EM15T,Triennial Term Contract for Maintenance of Uninterruptible Power Supply (UPS) Systems at Various Government Venues (Phase 2),Oct 2016,Uninterruptible Power Supply Installation,Selective,Astrid Electronics HK Limited,"HK$9,339,476.00",https://www.emsd.gov.hk/en/tenders_contracts_and_consultancies/tender_notices/tender_notices/index_id_306.html,,,,
2537EM14T,Triennial Term Contract for the Maintenance of Medical Gas Pipeline Systems,Oct 2016,Steam and Compressed Air Installation,Selective,Linde HKO Limited,"HK$75,556,229.00",https://www.emsd.gov.hk/en/tenders_contracts_and_consultancies/tender_notices/tender_notices/index_id_249.html,,,,
1037EM13W,Supply and Installation of “Stop-and-go” e-Payment System at Government Tolled Tunnels and Roads,Oct 2016,"supply and Installation of ""stop-and-go"" e-payment system at all manual toll booths of government tolled tunnels and roads to provide an additional means of payment for motorists",Open,KML Engineering Limited,"HK$28,309,628.00",https://www.emsd.gov.hk/en/tenders_contracts_and_consultancies/tender_notices/tender_notices/index_id_283.html,,,,
EMSD P/5-10/13 Pt. XIX,Provision of Services of Temporary Clerks for the Electrical and Mechanical Services Department,Sep 2016,Term Contract for Supply of Temporary Clerks on As and When Required Basis.,Open,Seanew Business Consultant Limited,"HK$4,115,100.00",https://www.emsd.gov.hk/en/tenders_contracts_and_consultancies/tender_notices/tender_notices/index_id_346.html,,,,
2218EM15T,Triennial Contract for Maintenance of Air-conditioning and other Installations at Attended Municipal Venues in New Territories,Sep 2016,Air-conditioning Installation,Selective,Alliance Contracting Company Limited,"HK$113,444,440.00",https://www.emsd.gov.hk/en/tenders_contracts_and_consultancies/tender_notices/tender_notices/index_id_336.html,,,,
1701EM16T,Biennial Term Contract for Supply and Installation of Closed Circuit Television Systems for Various Departments of the Government of the Hong Kong Special Administrative Region in the New Territories and Islands Regions,Sep 2016,Video Electronics Installation,Selective,Shun Tung Electric Company Limited,"HK$25,551,068.00",https://www.emsd.gov.hk/en/tenders_contracts_and_consultancies/tender_notices/tender_notices/index_id_340.html,,,,
1894EM15W,Replacement of Stage Automation System at the Auditorium of Kwai Tsing Theatre,Aug 2016,"design, supply, installation, testing, commissioning and subsequent one (1) year defects liability period of the Stage Automation System at Kwai Tsing Theatre",Open,SBS Bühnentechnik GmbH,"HK$16,872,255.42",https://www.emsd.gov.hk/en/tenders_contracts_and_consultancies/tender_notices/tender_notices/index_id_300.html,,,,
2664EM15T,Triennial Term Contract for Maintenance of Electrical and Mechanical Installations at Hong Kong Wetland Park,Aug 2016,Air-conditioning Installation,Selective,Westco Airconditioning Limited,"HK$17,314,211.00",https://www.emsd.gov.hk/en/tenders_contracts_and_consultancies/tender_notices/tender_notices/index_id_318.html,,,,
2663EM15T,Triennial Term Contract for the Maintenance and Repair of Burglar Alarm and Security Installations at Various Premises of the Government of the Hong Kong Special Administrative Region – Package 6,Aug 2016,Burglar Alarm and Security Installation,Selective,G4S Security Systems (Hong Kong) Limited,"HK$11,143,528.00",https://www.emsd.gov.hk/en/tenders_contracts_and_consultancies/tender_notices/tender_notices/index_id_312.html,,,,
2645EM15W,Bulk Replacement of Air-cooled Chillers in Hospital Authority Venues (Batch 2),Aug 2016,Air-conditioning Installation,Selective,The Jardine Engineering Corporation Limited,"HK$42,590,000.00",https://www.emsd.gov.hk/en/tenders_contracts_and_consultancies/tender_notices/tender_notices/index_id_314.html,,,,
2180EM14T,Triennial Term Contract for the Maintenance and Repair of Burglar Alarm and Security Installations at Various Premises of the Government of the Hong Kong Special Administrative Region – Package 3,Jul 2016,Burglar Alarm and Security Installation,Selective,G4S Security Systems (Hong Kong) Limited,"HK$8,950,408.00",https://www.emsd.gov.hk/en/tenders_contracts_and_consultancies/tender_notices/tender_notices/index_id_308.html,,,,
1368EM15T,"Triennial Term Contract for the Maintenance and Repair of, Alterations and Additions to, Fire Service Installations for Venues of Transport Department, Highways Department and Drainage Services Department",Jul 2016,Fire Service Installation,Selective,Windmill Engineering Company Limited,"HK$25,438,939.00",https://www.emsd.gov.hk/en/tenders_contracts_and_consultancies/tender_notices/tender_notices/index_id_301.html,,,,
1190EM15T,Triennial Term Contract for Maintenance of Pumping Installations for Hong Kong Police Force and Independent Commission Against Corruption,Jul 2016,Mechanical Plant and Equipment Installation,Selective,Japco Auto Equipment & Engineering Company Limited,"HK$8,840,720.00",https://www.emsd.gov.hk/en/tenders_contracts_and_consultancies/tender_notices/tender_notices/index_id_299.html,,,,
1425EM16W,Replacement and Upgrading Works of Diesel Generator Sets and Associated Systems for the East Block of Pamela Youde Nethersole Eastern Hospital,Jul 2016,Diesel Generator Installation,Selective,The China Engineers Limited,"HK$6,666,000.00",https://www.emsd.gov.hk/en/tenders_contracts_and_consultancies/tender_notices/tender_notices/index_id_325.html,,,,
2121EM15T,Triennial Term Contract for the Comprehensive Maintenance and Repair of Lift Installations at Various Premises of the Government of the Hong Kong Special Administrative Region and Hospital Authority (Package Two of SC15),Jul 2016,Comprehensive maintenance and repair of lift installations at various premises of the Government of the Hong Kong Special Administrative Region and Housing Authority,Open,Schindler Lifts (Hong Kong) Limited,"HK$23,711,385.00",https://www.emsd.gov.hk/en/tenders_contracts_and_consultancies/tender_notices/tender_notices/index_id_291.html,,,,
1156EM15T,"Triennial Term Contract for Maintenance of Heating, Ventilation and Air-conditioning Installations for Health Sector Venues in Hong Kong Region and Outlying Islands",Jun 2016,Air-conditioning Installation,Selective,Yordland Engineering Limited,"HK$44,444,000.00",https://www.emsd.gov.hk/en/tenders_contracts_and_consultancies/tender_notices/tender_notices/index_id_284.html,,,,
1608EM15T,Biennial Term Contract for the Comprehensive Maintenance and Repair of Lift Installations at Various Premises of the Government of the Hong Kong Special Administrative Region and Hospital Authority (Package One of AE15),Jun 2016,Comprehensive maintenance and repair of lift instllations at various premises of the Government of the Hong Kong Special Administrative Region and Hospital Authority,Open,Anlev Elex Elevator Limited,"HK$36,078,564.00",https://www.emsd.gov.hk/en/tenders_contracts_and_consultancies/tender_notices/tender_notices/index_id_288.html,,,,
1797EM15T,"Thirty-month Term Contract for Electrical Works for Change of Tenancy in Government Quarters in the Hong Kong Island, Kowloon & New Territories",Jun 2016,Electrical Installation,Selective,"Wenden Engineering Service Company, Limited","HK$17,668,000.00",https://www.emsd.gov.hk/en/tenders_contracts_and_consultancies/tender_notices/tender_notices/index_id_315.html,,,,
1364EM15T,"Quadrennial Term Contract for Provision of Maintenance and Modification Works of Traffic Control and Surveillance System for Hong Kong – Shenzhen Western Corridor, Deep Bay Link and Yuen Long Highway",Jun 2016,"Quadrennial Term Contract for Provision of Maintenance and Modification Works of Traffic Control and Surveillance System for Hong Kong – Shenzhen Western Corridor, Deep Bay Link and Yuen Long Highway",Open,Win Promise Limited,"HK$19,888,888.00",https://www.emsd.gov.hk/en/tenders_contracts_and_consultancies/tender_notices/tender_notices/index_id_290.html,,,,
1928EM15T,Quadrennial Term Contract for Maintenance of Security and Electronic Systems at Tai Lam Centre for Women,Jun 2016,Burglar Alarm and Security Installation,Selective,Chubb Hong Kong Limited,"HK$10,491,845.00",https://www.emsd.gov.hk/en/tenders_contracts_and_consultancies/tender_notices/tender_notices/index_id_293.html,,,,
2565EM14T,"Triennial Term Contract for the Maintenance and Repair of Burglar Alarm and Security Installations at Various Premises of the Government of the Hong Kong Special Administrative Region, Electrical and Mechanical Services Department (General Engineering Services Division and Airport and Vehicle Engineering Division – Package Two)",Jun 2016,Burglar Alarm and Security Installation,Selective,Chubb Hong Kong Limited,"HK$7,460,688.00",https://www.emsd.gov.hk/en/tenders_contracts_and_consultancies/tender_notices/tender_notices/index_id_343.html,,,,
1149EM15T,"42-Month Term Contract for the Fault Attendance, Comprehensive Maintenance, Repair and Replacement of Special Lighting Systems at Various Premises of the Highways Department of the Government of the Hong Kong Special Administrative Region",May 2016,Electrical Installation,Selective,"Wenden Engineering Service Company, Limited","HK$24,103,292.00",https://www.emsd.gov.hk/en/tenders_contracts_and_consultancies/tender_notices/tender_notices/index_id_285.html,,,,
2095EM15T,Triennial Term Contract for the Comprehensive Maintenance and Repair of Escalator Installations at Various Premises of the Government of the Hong Kong Special Administrative Region (Package One of TO15E),May 2016,Comprehensive maintenance and repair of escalator instllations at various premises of the Government of the Hong Kong Special Administrative Region,Open,Chevalier (HK) Limited,"HK$2,877,254.00",https://www.emsd.gov.hk/en/tenders_contracts_and_consultancies/tender_notices/tender_notices/index_id_294.html,,,,
2094EM15T,Biennial Term Contract for the Comprehensive Maintenance and Repair of Lift Installations at Various Premises of the Government of the Hong Kong Special Administrative Region and Hospital Authority (Package One of FT15),May 2016,Comprehensive maintenance and repair of lift instllations at various premises of the Government of the Hong Kong Special Administrative Region and Hospital Authority,Open,"Fujitec (HK) Company, Limited","HK$9,574,460.00",https://www.emsd.gov.hk/en/tenders_contracts_and_consultancies/tender_notices/tender_notices/index_id_286.html,,,,
2147EM15T,Biennial Term Contract for the Comprehensive Maintenance and Repair of Lift Installations at Various Premises of the Government of the Hong Kong Special Administrative Region and Hospital Authority (Package One of MT15),May 2016,Comprehensive maintenance and repair of lift instllations at various premises of the Government of the Hong Kong Special Administrative Region and Hospital Authority,Open,Kone Elevator (HK) Limited,"HK$11,372,482.00",https://www.emsd.gov.hk/en/tenders_contracts_and_consultancies/tender_notices/tender_notices/index_id_267.html,,,,
1814EM15T,Triennial Term Contract for the Comprehensive Maintenance and Repair of Lift Installations at Various Premises of the Government of the Hong Kong Special Administrative Region and Hospital Authority (Package Two of KO15),May 2016,Comprehensive maintenance and repair of lift installations at various premises of the Government of the Hong Kong Special Administrative Region and Hospital Authority,Open,Kone Elevator (HK) Limited,"HK$14,555,327,00",https://www.emsd.gov.hk/en/tenders_contracts_and_consultancies/tender_notices/tender_notices/index_id_270.html,,,,
1768EM15T,Biennial Term Contract for Provision of Closed Circuit Television Systems for Various Departments of the Government of the Hong Kong Special Administrative Region in the Hong Kong and Kowloon Regions,May 2016,Video Electronics Installation,Selective,Chubb Hong Kong Limited,"HK$17,041,988.00",https://www.emsd.gov.hk/en/tenders_contracts_and_consultancies/tender_notices/tender_notices/index_id_303.html,,,,
1043EM15T,Triennial Term Contract for FM200 Cylinders Hydraulic Test at Hong Kong International Airport (NEC TSC OPTION A),May 2016,Fire Service Installation,Selective,ATAL Engineering Limited,"HK$8,183,284.00",https://www.emsd.gov.hk/en/tenders_contracts_and_consultancies/tender_notices/tender_notices/index_id_289.html,,,,
1367EM15T,Triennial Term Contract for Maintenance of Lift & Ramp Systems at Ferry Piers for the Government of HKSAR.,Apr 2016,Mechanical Plant & Equipment Installation,Selective,REC Engineering Company Limited,"HK$18,393,300.00",https://www.emsd.gov.hk/en/tenders_contracts_and_consultancies/tender_notices/tender_notices/index_id_256.html,,,,
2522EM15W,"Refurbishment of Hydrofoil Platform No. 4, 6 & 7 at Macau Ferry Terminal",Apr 2016,Mechanical Plant and Equipment Installation,Selective,Japco Auto Equipment & Engineering Company Limited,"HK$4,464,000.00",https://www.emsd.gov.hk/en/tenders_contracts_and_consultancies/tender_notices/tender_notices/index_id_304.html,,,,
2067EM15W,Construction for Connection of District Cooling System to the Air-conditioning System at Electrical and Mechanical Services Department Headquarters Building.,Apr 2016,Air-conditioning Installation,Selective,"Wenden Engineering Service Company, Limited","HK$18,300,000.00",https://www.emsd.gov.hk/en/tenders_contracts_and_consultancies/tender_notices/tender_notices/index_id_296.html,,,,
1121EM15T,Triennial Term Contract for the Comprehensive Maintenance and Repair of Lift Installations at Various Premises of the Government of the Hong Kong Special Administrative Region and Hospital Authority (Package One of GE15),Apr 2016,Comprehensive maintenance and repair of lift installations at various premises of the Government of the Hong Kong Special Administrative Region and Hospital Authority,Open,Otis Elevator Company (H.K.) Limited,"HK$76,578,746.00",https://www.emsd.gov.hk/en/tenders_contracts_and_consultancies/tender_notices/tender_notices/index_id_268.html,,,,
1201EM15T,Biennial Term Contract for Engineering Services for E&M Installation and Other Services at Diamond Hill and Cape Collinson Crematorium and Columbarium,Apr 2016,Electrical Installation,Selective,Joint Effort Engineering (Asia) Limited,"HK$23,084,330.00",https://www.emsd.gov.hk/en/tenders_contracts_and_consultancies/tender_notices/tender_notices/index_id_272.html,,,,
1151EM15T,"Triennial Term Contract for Operation and Maintenance of Air-conditioning Installations for Hong Kong Police Force, Correctional Services Department, Hong Kong Independent Commission Against Corruption, Security Bureau, Highways Department and Transport Department in Kowloon for the Government of HKSAR.",Apr 2016,Air-conditioning Installation,Selective,"Wenden Engineering Service Company, Limited","HK$26,628,668.00",https://www.emsd.gov.hk/en/tenders_contracts_and_consultancies/tender_notices/tender_notices/index_id_265.html,,,,
1248EM15T,"Triennial Term Contract for the Comprehensive Maintenance and Repair of Lift Installations at Arsenal House, Police Headquarters, Wan Chai(English)",Mar 2016,"Comprehensive maintenance and repair of lift installations at Arsenal House, Police Headquarters, Wan Chai",Open,"Fujitec (HK) Company, Limited","HK$9,536,764.00",https://www.emsd.gov.hk/en/tenders_contracts_and_consultancies/tender_notices/tender_notices/index_id_258.html,,,,
1203EM15T,"Biennial Term Contract for Engineering Services for E&M Installation and Other Services at Wo Hop Shek, Kwai Chung and Fu Shan Crematorium and Columbarium",Mar 2016,Mechanical Plant and Equipment Installation,Selective,"Tai Ah Engineering Company, Limited","HK$29,369,820.00",https://www.emsd.gov.hk/en/tenders_contracts_and_consultancies/tender_notices/tender_notices/index_id_273.html,,,,
1347EM15T,Quadrennial Term Contract for Maintenance of CCTV System in New Territories for the Government of HKSAR.,Feb 2016,Video Electronics Installation,Selective,Tung Po (H.K.) Technology Enterprise Limited,"HK$3,870,940.00",https://www.emsd.gov.hk/en/tenders_contracts_and_consultancies/tender_notices/tender_notices/index_id_257.html,,,,
1118EM15T,"Triennial Term Contract for Maintenance of Heating, Ventilation and Air-conditioning Installations in TSCSD Venues (Closed Area) for the Government of HKSAR",Feb 2016,Air-conditioning Installation,Selective,Young's Engineering Company Limited,"HK$35,388,860.00",https://www.emsd.gov.hk/en/tenders_contracts_and_consultancies/tender_notices/tender_notices/index_id_241.html,,,,
1316EM15T,Triennial Term Contract for Maintenance of Uninterruptible Power Supply (UPS) Systems at Various Government Venues (Phase 1),Feb 2016,Uninterruptible Power Supply Installation,Selective,Full Link Technology Company Limited,"HK$8,661,503.00",https://www.emsd.gov.hk/en/tenders_contracts_and_consultancies/tender_notices/tender_notices/index_id_252.html,,,,
1598EM15T,30-Month Term Contract for the Comprehensive Maintenance and Repair of Lift Installations at Various Premises of the Government of the Hong Kong Special Administrative Region and Hospital Authority (Package One of SC15),Feb 2016,The comprehensive maintenance and repair of lift installations at various premises of the Government of the Hong Kong Special Administrative Region and Hospital Authority,Open,ThyssenKrupp Elevator (HK) Limited,"HK$18,762,710.00",https://www.emsd.gov.hk/en/tenders_contracts_and_consultancies/tender_notices/tender_notices/index_id_251.html,,,,
1557EM15T,Biennial Term Contract for the Comprehensive Maintenance and Repair of Lift Installations at Various Premises of the Government of the Hong Kong Special Administrative Region and Hospital Authority (Package One of TO15),Jan 2016,comprehensive maintenance and repair of lift installations at various premises of the Government of the Hong Kong Special Administrative Region and Hospital Authority,Open,Chevalier (HK) Limited,"HK$32,249,174.00",https://www.emsd.gov.hk/en/tenders_contracts_and_consultancies/tender_notices/tender_notices/index_id_255.html,,,,
1178EM15T,Triennial Term Contract for the Comprehensive Maintenance and Repair of Lift Installations at Various Premises of the Government of the Hong Kong Special Administrative Region and Hospital Authority (Package One of OT15),Jan 2016,comprehensive maintenance and repair of lift installations at various premises of the Government of the Hong Kong Special Administrative Region and Hospital Authority,Open,SIGMA Elevator (HK) Limited,"HK$20,560,333.00",https://www.emsd.gov.hk/en/tenders_contracts_and_consultancies/tender_notices/tender_notices/index_id_246.html,,,,
1807EM15W,Replacement of 31 Sets of Air-Handling Units at Wanchai Tower,Dec 2015,Air-conditioning Installation,Selective,"Wenden Engineering Service Company, Limited","HK$5,678,668.00",https://www.emsd.gov.hk/en/tenders_contracts_and_consultancies/tender_notices/tender_notices/index_id_266.html,,,,
1231EM15W,Replacement of Venturi Valves of Airflow Control System at Public Health Laboratory Centre,Dec 2015,Air-conditioning Installation,Selective,Chun Wo E & M Engineering Limited,"HK$12,839,000.00",https://www.emsd.gov.hk/en/tenders_contracts_and_consultancies/tender_notices/tender_notices/index_id_274.html,,,,
2566EM14T,"Triennial Term Contract for the Maintenance and Repair of, Alterations and Additions to, Fire Service Installations for Venues of Customs and Excise Department, Fire Services Department, and Immigration Department for the Government of HKSAR",Dec 2015,Fire Service Installation,Selective,"Shun Cheong Electrical Engineering Company, Limited","HK$20,951,604.00",https://www.emsd.gov.hk/en/tenders_contracts_and_consultancies/tender_notices/tender_notices/index_id_240.html,,,,
1243EM15T,"Triennial Term Contract for the Maintenance, Repair, Alterations, Additions and Improvement for Broadcast Reception Installation and Satellite Master Antenna Television System for the Government of the Hong Kong Special Administrative Region",Dec 2015,Broadcast Reception Installation,Selective,EC Infotech Limited,"HK$9,816,784.00",https://www.emsd.gov.hk/en/tenders_contracts_and_consultancies/tender_notices/tender_notices/index_id_248.html,,,,
1080EM15T,"42-month Term Contract for Comprehensive Maintenance, Examination and Testing of Lifting Appliances and Lifting Gear for Sewage Treatment Facilities in New Territories",Dec 2015,Mechanical Handling and Lifting Installation,Selective,Wan's Kee Yip Engineering and Metal Works Limited,"HK$10,211,278.00",https://www.emsd.gov.hk/en/tenders_contracts_and_consultancies/tender_notices/tender_notices/index_id_243.html,,,,
2164EM14T,Triennial Term Contract for the Comprehensive Maintenance and Repair of Lift Installations at Various Premises of the Government of the Hong Kong Special Administrative Region (Package One of FT14),Nov 2015,Comprehensive maintenance and repair of lift installations at various premises of the Government of the Hong Kong Special Administrative Region,Open,ThyssenKrupp Elevator (HK) Limited,"HK$25,356,096.00",https://www.emsd.gov.hk/en/tenders_contracts_and_consultancies/tender_notices/tender_notices/index_id_237.html,,,,
1553EM15T,36-month Term Contract for Comprehensive Maintenance of Pumping Installations at CSD Venues,Oct 2015,Mechanical Plant and Equipment Installation,Selective,Japco Auto Equipment & Engineering Company Limited,"HK$9,533,221.00",https://www.emsd.gov.hk/en/tenders_contracts_and_consultancies/tender_notices/tender_notices/index_id_247.html,,,,
1129EM15W,Supply and Installation of Chiller and Associated Accessories at Queen Mary Hospital,Oct 2015,Air-conditioning Installation,Selective,Quad-Tech Engineering (H.K.) Company Limited,"HK$5,706,800.00",https://www.emsd.gov.hk/en/tenders_contracts_and_consultancies/tender_notices/tender_notices/index_id_280.html,,,,
1249EM15T,Triennial Term Contract for the Comprehensive Maintenance and Repair of Lift Installations at Various Premises of the Government of the Hong Kong Special Administrative Region and Hospital Authority (Package One of SG15),Sep 2015,Comprehensive Maintenance and Repair of Lift Installations at Various Premises of the Government of the Hong Kong Special Administrative Region and Hospital Authority,Open,SIGMA Elevator (HK) Limited,"HK$8,611,421.00",https://www.emsd.gov.hk/en/tenders_contracts_and_consultancies/tender_notices/tender_notices/index_id_242.html,,,,
1703EM14T,"Triennial Term Contract for Maintenance, Repair and Replacement of Car Stacker Installation at Hong Kong Police Headquarters for the Government of the Hong Kong Special Administrative Region",Aug 2015,Mechanical Plant and Equipment Installation,Selective,"Wang Tak Engineering & Shipbuilding Company, Limited","HK$4,397,402.00",https://www.emsd.gov.hk/en/tenders_contracts_and_consultancies/tender_notices/tender_notices/index_id_212.html,,,,
2487EM14W,District Cooling System (DCS) at Kai Tak Development (KTD) Phase III (Package B) – Electrical and Mechanical Installation,Aug 2015,Air-conditioning Installation,Selective,Shinryo (Hong Kong) Limited,"HK$90,233,467.00",https://www.emsd.gov.hk/en/tenders_contracts_and_consultancies/tender_notices/tender_notices/index_id_226.html,,,,
2477EM14A,District Cooling System (DCS) at Kai Tak Development (KTD) Phase III (Package B) – Water Pipe Laying Works,Aug 2015,Roads and Drainage,Selective,China Geo-Engineering Corporation,"HK$201,002,931.54",https://www.emsd.gov.hk/en/tenders_contracts_and_consultancies/tender_notices/tender_notices/index_id_225.html,,,,
1030EM13W,Replacement of CCTV System at Pik Uk Correctional Institution for Correctional Services Department,Aug 2015,Video Electronics Installation,Selective,Chubb Hong Kong Limited,"HK$3,400,575.00",https://www.emsd.gov.hk/en/tenders_contracts_and_consultancies/tender_notices/tender_notices/index_id_214.html,,,,
1002EM15W,Replacement of LED Display System with Video Projection System at Hong Kong Coliseum,Aug 2015,Video Electronics Installation,Selective,OPS Technology Limited,"HK$8,078,257.00",https://www.emsd.gov.hk/en/tenders_contracts_and_consultancies/tender_notices/tender_notices/index_id_238.html,,,,
1020EM15W,Supply and Installation of Sea Water Cooled Air-conditioning Installations at Air Mail Centre,Aug 2015,Air-conditioning Installation,Selective,Shun Hing E & M Engineering Limited,"HK$12,983,000.00",https://www.emsd.gov.hk/en/tenders_contracts_and_consultancies/tender_notices/tender_notices/index_id_234.html,,,,
2003EM14T,Triennial Term Contract for Maintenance of Digital Red Light Camera System (Phase III) for Hong Kong Police Force,Aug 2015,"Maintenance, testing, repair, alteration, addition and modification of the Digital Red Light Camera System (Phase III) for Hong Kong Police Forece",Open,Win Promise Limited,"HK$18,188,888.00",https://www.emsd.gov.hk/en/tenders_contracts_and_consultancies/tender_notices/tender_notices/index_id_232.html,,,,
1887EM14T,Triennial Term Contract for Maintenance of Speed Enforcement Camera System (Phase II) for Hong Kong Police Force,Aug 2015,"Maintenance, testing, repair, alteration, addition and modification of the Speed Enforcement Camera System (Phase II) for Hong Kong Police Forece",Open,QTC Traffic Technology Ltd.,"HK$19,877,706.00",https://www.emsd.gov.hk/en/tenders_contracts_and_consultancies/tender_notices/tender_notices/index_id_231.html,,,,
1288EM14T,4-year Term Contract for Maintenance Services of Digital Trunked Radio System (Infrastructure) for Hong Kong Fire Services Department,Aug 2015,Radio Electronics Installation,Selective,Cassidian Hong Kong Limited,"HK$17,953,297.00",https://www.emsd.gov.hk/en/tenders_contracts_and_consultancies/tender_notices/tender_notices/index_id_210.html,,,,
2249EM14T,"36-month Term Contract for Maintenance of Air-conditioning and Electrical Installations at Ruttonjee Hospital, Tung Wah Eastern Hospital and Cheshire Home Chung Hom Kok",Jul 2015,Air-conditioning Installation,Selective,Westco Airconditioning Limited,"HK$13,881,323.88",https://www.emsd.gov.hk/en/tenders_contracts_and_consultancies/tender_notices/tender_notices/index_id_233.html,,,,
1033EM15T,Triennial Term Contract for Maintenance of Security and Electronic Systems at Lo Wu Correctional Institution,Jul 2015,Burglar Alarm and Security Installation,Selective,Chubb Hong Kong Limited,"HK$10,080,019.00",https://www.emsd.gov.hk/en/tenders_contracts_and_consultancies/tender_notices/tender_notices/index_id_236.html,,,,
2246EM14T,"Quadrennial Term Contract for Provision of Maintenance, Modification and Installation works on Tai Po and North District Area Traffic Control System",Jul 2015,"Maintenance, modification and installation works for the Area Traffic Control System in Tai Po and North District",Open,Shun Hing Systems Integration Company Limited,"HK$10,055,932.00",https://www.emsd.gov.hk/en/tenders_contracts_and_consultancies/tender_notices/tender_notices/index_id_229.html,,,,
1555EM14W,Provision of Sound Reinforcement and Audio Visual Transmission System in the West Kowloon Law Courts Building for the Judiciary,Jul 2015,Audio Electronics Installation,Selective,Media-Go Engineering Limited,"HK$11,202,090.00",https://www.emsd.gov.hk/en/tenders_contracts_and_consultancies/tender_notices/tender_notices/index_id_208.html,,,,
1488EM14W,Replacement of Air-conditioning Systems at Cheung Sha Wan Government Offices Building,Jul 2015,Air-conditioning Installation,Selective,Shun Hing E & M Engineering Limited,"HK$6,938,338.00",https://www.emsd.gov.hk/en/tenders_contracts_and_consultancies/tender_notices/tender_notices/index_id_220.html,,,,
2617EM14T,Biennial Term Contract for Operation and Maintenance of Data Centre Infrastructure at Siu Ho Wan Maintenance Depot,Jun 2015,Air-conditioning Installation,Selective,Lucky Engineering Company Limited,"HK$4,664,300.00",https://www.emsd.gov.hk/en/tenders_contracts_and_consultancies/tender_notices/tender_notices/index_id_230.html,,,,
1229EM14T,"Biennial Term Contract for the Supply and Installation of Public Address Systems, Auxiliary Equipment & Emergency Call-out System for the Government of the HKSAR",Jun 2015,Audio Electronics Installation,Selective,"Shun Tung Electric Company, Limited","HK$26,716,168.00",https://www.emsd.gov.hk/en/tenders_contracts_and_consultancies/tender_notices/tender_notices/index_id_213.html,,,,
2434EM14T,"Triennial Contract for the Operation and Maintenance of Electrical, Mechanical and Other Installations for Unattended Municipal Venues in New Territories of the Government of the Hong Kong Special Administrative Region",May 2015,Electrical Installation,Selective,Interlite (Asia) Limited,"HK$143,418,000.00",https://www.emsd.gov.hk/en/tenders_contracts_and_consultancies/tender_notices/tender_notices/index_id_219.html,,,,
2266EM14T,Triennial Term Contract for Operation and Maintenance of Air-conditioning Installations and Other Facilities for Unattended Municipal Venues in Kowloon,May 2015,Air-conditioning Installation,Selective,Alliance Contracting Company Limited,"HK$61,921,820.00",https://www.emsd.gov.hk/en/tenders_contracts_and_consultancies/tender_notices/tender_notices/index_id_224.html,,,,
2087EM14W,Bulk Replacement of Air-cooled Chillers in Hospital Authority Venues (Batch 1),May 2015,Air-conditioning Installation,Selective,Dah Chong Hong (Engineering) Limited,"HK$27,687,000.00",https://www.emsd.gov.hk/en/tenders_contracts_and_consultancies/tender_notices/tender_notices/index_id_227.html,,,,
1939EM14T,Triennial Term Contract for Operation and Maintenance of Air-conditioning Installations and Other Facilities for Attended Municipal Venues in Kowloon,May 2015,Air-conditioning Installation,Selective,Westco Airconditioning Limited,"HK$88,343,990.56",https://www.emsd.gov.hk/en/tenders_contracts_and_consultancies/tender_notices/tender_notices/index_id_218.html,,,,
1914EM14T,Triennial Contract for Operation and Maintenance of Air-conditioning Installations at Attended Municipal Venues in Hong Kong Region,May 2015,Air-conditioning Installation,Selective,Young's Engineering Company Limited,"HK$67,444,866.65",https://www.emsd.gov.hk/en/tenders_contracts_and_consultancies/tender_notices/tender_notices/index_id_216.html,,,,
1913EM14T,Triennial Contract for Operation and Maintenance of Air-conditioning Installations at Unattended Municipal Venues in Hong Kong Region,May 2015,Air-conditioning Installation,Selective,"Wenden Engineering Service Company, Limited","HK$82,468,668.00",https://www.emsd.gov.hk/en/tenders_contracts_and_consultancies/tender_notices/tender_notices/index_id_215.html,,,,
1185EM14T,Triennial Term Contract for Maintenance of Electrical Installations and Domestic Appliances at Various Staff Quarters of the Government of the Hong Kong Special Administrative Region (NEC TSC OPTION A),May 2015,Electrical Installation,Selective,Au Chow Electrical Company Limited,"HK$18,343,372.00",https://www.emsd.gov.hk/en/tenders_contracts_and_consultancies/tender_notices/tender_notices/index_id_223.html,,,,
1035EM13W,Replacement of the Toll Collection Systems at Lantau Toll Plaza and Ma Wan Toll Plaza in the Tsing Ma Control Area,May 2015,Replacement of the toll collection systems (TCSs) for the manual toll lanes at the Lantau Toll Plaza and the Ma Wan Toll Plaza in the Tsing Ma Control Area (TMCA) and the provision of the toll collection facilities at the airport-bound carriageways of the Lantau Toll Plaza,Open,Autotoll Limited,"HK$26,388,000.00",https://www.emsd.gov.hk/en/tenders_contracts_and_consultancies/tender_notices/tender_notices/index_id_190.html,,,,
1653EM14T,"Triennial Contract for the Operation and Maintenance of Electrical, Mechanical and Other Installations for Attended Municipal Venues in New Territories of the Government of the Hong Kong Special Administrative Region",Apr 2015,Electrical Installation,Selective,Interlite (Asia) Limited,"HK$98,788,800.00",https://www.emsd.gov.hk/en/tenders_contracts_and_consultancies/tender_notices/tender_notices/index_id_211.html,,,,
1965EM14T,"Triennial Contract for the Operation and Maintenance of Electrical, Mechanical and Other Installations for Municipal Venues in Kowloon of the Government of the Hong Kong Special Administrative Region [Package II]",Mar 2015,Electrical Installation,Selective,Iu Cheong Electric Company Limited,"HK$90,447,048.00",https://www.emsd.gov.hk/en/tenders_contracts_and_consultancies/tender_notices/tender_notices/index_id_217.html,,,,
1864EM14T,"Triennial Contract for the Operation and Maintenance of Electrical, Mechanical and Other Installations for Municipal Venues in Kowloon of the Government of the Hong Kong Special Administrative Region [Package I]",Mar 2015,Electrical Installation,Selective,Iu Cheong Electric Company Limited,"HK$73,663,361.00",https://www.emsd.gov.hk/en/tenders_contracts_and_consultancies/tender_notices/tender_notices/index_id_209.html,,,,
1827EM14T,Triennial Term Contract for Maintenance of TETRA System for Correctional Services Department,Mar 2015,Radio Electronics Installation,Selective,Motorola Solutions Asia Pacific Limited,"HK$12,764,338.00",https://www.emsd.gov.hk/en/tenders_contracts_and_consultancies/tender_notices/tender_notices/index_id_204.html,,,,
1567EM14T,"Triennial Term Contract for Provision of Maintenance, Modification and Installation Works on Tuen Mun and Yuen Long District Area Traffic Control System",Mar 2015,"maintenance, modification and installation works for the Area Traffic Control System in Tuen Mun and Yuen Long District as well as Light Rail Transit junctions",Open,Siemens Limited,"HK$16,283,820.00",https://www.emsd.gov.hk/en/tenders_contracts_and_consultancies/tender_notices/tender_notices/index_id_199.html,,,,
1019EM13W,Replacement of CCTV System at Shek Pik Prison for Correctional Services Department,Mar 2015,Video Electronics Installation,Selective,Tung Po (H.K.) Technology Enterprise Limited,"HK$3,820,000.00",https://www.emsd.gov.hk/en/tenders_contracts_and_consultancies/tender_notices/tender_notices/index_id_196.html,,,,
1015EM13W,Replacement of Tunnel Lighting System and Monitoring and Management Supervisory Systems in the Shing Mun Tunnels,Mar 2015,Industrial Type Electrical Installation,Selective,Mak Hang Kei (Hong Kong) Construction Limited,"HK$78,800,000.00",https://www.emsd.gov.hk/en/tenders_contracts_and_consultancies/tender_notices/tender_notices/index_id_203.html,,,,
1002EM13T,"Triennial Term Contract for Maintenance and Repair of, Alterations, Additions and Improvement Works to Electrical Installations for Municipal Venues in Kowloon Districts for the Government of The Hong Kong Special Administrative Region",Feb 2015,Electrical Installation,Selective,Joint Effort Engineering (Asia) Limited,,https://www.emsd.gov.hk/en/tenders_contracts_and_consultancies/tender_notices/tender_notices/index_id_205.html,,,,-48.00%
1001EM13T,"Triennial Term Contract for Maintenance and Repair of, Alterations, Additions and Improvement Works to Electrical Installations for Municipal Venues on Hong Kong Island and its Outlying Islands for the Government of the Hong Kong Special Administrative Region",Feb 2015,Electrical Installation,Selective,Che Luen Electrical Engineering Company Limited,,https://www.emsd.gov.hk/en/tenders_contracts_and_consultancies/tender_notices/tender_notices/index_id_207.html,,,,-47.00%
1927EM14T,"Triennial Term Contract for Maintenance of Security and Electronic Systems at various venues for Correctional Services Department, Immigration Department, and Customs and Excise Department",Jan 2015,Burglar Alarm and Security Installation,Selective,Thorn Security (Hong Kong) Limited,"HK$19,065,533.00",https://www.emsd.gov.hk/en/tenders_contracts_and_consultancies/tender_notices/tender_notices/index_id_195.html,,,,
1712EM14W,Replacement of Two Sets of 11kV Switchboards (HS1/SNG & HS2/OTG) and Associated Equipment in Tuen Mun Hospital,Jan 2015,Industrial Type Electrical Installation,Selective,Triple Faith Engineering & Supply Limited,"HK$11,200,000.00",https://www.emsd.gov.hk/en/tenders_contracts_and_consultancies/tender_notices/tender_notices/index_id_200.html,,,,
1032EM13W,"Replacement of Air Conditioning Equipment at Immigration Tower, Revenue Tower, Government Logistics Centre, South Horizons Neighbourhood Community Centre and Western Magistracy Building",Jan 2015,Air-conditioning Installation,Selective,York International (Northern Asia) Limited,"HK$9,722,220.00",https://www.emsd.gov.hk/en/tenders_contracts_and_consultancies/tender_notices/tender_notices/index_id_197.html,,,,
1003EM13T,"Triennial Term Contract for Maintenance and Repair of, Alterations, Additions and Improvement Works to Electrical Installations for Municipal Venues in New Territories and its Outlying Islands for the Government of The Hong Kong Special Administrative Region",Jan 2015,Electrical Installation,Selective,Newton Engineering Company Limited,,https://www.emsd.gov.hk/en/tenders_contracts_and_consultancies/tender_notices/tender_notices/index_id_202.html,,,,-42.00%
1901EM14T,24-Month Maintenance Services for Infrastructure Power Network at Hong Kong International Airport,Dec 2014,Industrial Type Electrical Installation,Selective,Triple Faith Engineering & Supply Limited,"HK$4,885,648.00",https://www.emsd.gov.hk/en/tenders_contracts_and_consultancies/tender_notices/tender_notices/index_id_206.html,,,,
1302EM14T,"Triennial Term Contract for the Maintenance and Repair of, Alternations and Additions to Fire Service Installations for Airport Venues",Dec 2014,Fire Service Installation,Selective,Windmill Engineering Company Limited,"HK$29,601,676.00",https://www.emsd.gov.hk/en/tenders_contracts_and_consultancies/tender_notices/tender_notices/index_id_198.html,,,,
1255EM14W,Improvement Works on the Air-conditioning System at Luen Wo Hui Municipal Services Building,Dec 2014,Air-conditioning Installation,Selective,York International (Northern Asia) Limited,"HK$5,944,444.00",https://www.emsd.gov.hk/en/tenders_contracts_and_consultancies/tender_notices/tender_notices/index_id_192.html,,,,
1025EM13W,Supply and Replacement of Air-conditioning System at New Territories North Regional Police Headquarters,Nov 2014,Air-conditioning Installation,Selective,"Wenden Engineering Service Company, Limited","HK$10,668,668.00",https://www.emsd.gov.hk/en/tenders_contracts_and_consultancies/tender_notices/tender_notices/index_id_191.html,,,,
1511EM14T,"36-month Term Contract for Repairs and Maintenance to the Oil-Fired, Gas-Fired and Dual Fuel Boilers, Solar Hot Water Installations, Steam Related Equipment and Accessories in Various Health Care Institutions and Municipal Buildings of the Government of the Hong Kong Special Administrative Region",Oct 2014,Steam and Compressed Air Installation,Selective,"Wenden Engineering Service Company, Limited","HK$10,680,268.00",https://www.emsd.gov.hk/en/tenders_contracts_and_consultancies/tender_notices/tender_notices/index_id_186.html,,,,
1474EM14T,Triennial Term Contract for Maintenance and Modification Works of Digital Red Light Camera System (Phase I and II) for Hong Kong Police Force,Oct 2014,"maintenance, testing, repair, alteration, addition and modification of the Digital Red Light Camera System (Phase I and II) for Hong Kong Police Force",Open,Parking Systems Limited,"HK$19,767,142.00",https://www.emsd.gov.hk/en/tenders_contracts_and_consultancies/tender_notices/tender_notices/index_id_189.html,,,,
1435EM14T,"Triennial Term Contract for the Maintenance and Repair of, Water Pumping Installations and Filtration Tanks for Filtration Plants at Various Swimming Pool Complexes in the Kowloon District of the Government of the Hong Kong Special Administrative Region",Oct 2014,Swimming Pool Water Treatment Installation,Selective,P & A Engineering Limited,"HK$20,363,894.40",https://www.emsd.gov.hk/en/tenders_contracts_and_consultancies/tender_notices/tender_notices/index_id_184.html,,,,
1217EM14T,"Triennial Term Contract for Provision of Maintenance, Modification and Installation Works of Electronic and E&M Control Systems at Various Sewage Treatment Works and Their Outstations",Oct 2014,Electrical and Mechanical Installation for Sewage Treatment and Screening Plant,Selective,Chevalier (Envirotech) Limited,"HK$53,389,050.00",https://www.emsd.gov.hk/en/tenders_contracts_and_consultancies/tender_notices/tender_notices/index_id_188.html,,,,
1145EM14W,Provision of Audio Visual Facilities for the Relocation of the Court of Final Appeal to No.8 Jackson Road for the Judiciary,Oct 2014,Video Electronics Installation,Selective,Media-Go Engineering Limited,"HK$14,697,950.00",https://www.emsd.gov.hk/en/tenders_contracts_and_consultancies/tender_notices/tender_notices/index_id_180.html,,,,
1050EM13T,"Triennial Term Contract for the Maintenance and Repair of Burglar Alarm and Security Installations at Various Premises of the Government of the Hong Kong Special Administrative Region (Health Sector Division, Municipal Sector Division, Transport, Security & Central Services Division)",Oct 2014,Burglar Alarm and Security Installation,Selective,EC Infotech Limited,"HK$11,206,147.00",https://www.emsd.gov.hk/en/tenders_contracts_and_consultancies/tender_notices/tender_notices/index_id_185.html,,,,
1038EM12W,Replacement and Upgrading of the Hong Kong Vessel Traffic Services System,Sep 2014,"design, supply, transportation, installation, testing, commissioning, and subsequent defects liability period for the complete replacement and upgrading of the Hong Kong Vessel Traffic Services System",Open,HITT Holland Institute of Traffic Technology B.V.,"HK$399,934,886.00",https://www.emsd.gov.hk/en/tenders_contracts_and_consultancies/tender_notices/tender_notices/index_id_170.html,,,,
1027EM13T,"Triennial Term Contract for the Maintenance and Repair of, Alteration, Addition and Improvement Works to Electrical and Floodlighting Installations in Hong Kong Island and Islands (South) in the Government Properties Maintained by General Engineering Services Division and Airport and Vehicle Engineering Division",Sep 2014,Electrical Installation,Selective,Interlite (Asia) Limited,"HK$17,714,653.00",https://www.emsd.gov.hk/en/tenders_contracts_and_consultancies/tender_notices/tender_notices/index_id_144.html,,,,
1026EM13T,"Triennial Term Contract for the Maintenance and Repair of, Alteration, Addition and Improvement Works to Electrical and Floodlighting Installations in Mainland (North) in the Government Properties Maintained by General Engineering Services Division",Sep 2014,Electrical Installation,Selective,Interlite (Asia) Limited,"HK$12,085,320.00",https://www.emsd.gov.hk/en/tenders_contracts_and_consultancies/tender_notices/tender_notices/index_id_143.html,,,,
1716EM14S,Energy-cum-Carbon Audit for Community Halls and Community Centres 2014/15,Aug 2014,To conduct energy-cum-carbon audits for the listed community hallls and community centres,Open,Ove Arup & Partners Hong Kong Ltd.,"HK$1,180,000.00",https://www.emsd.gov.hk/en/tenders_contracts_and_consultancies/tender_notices/tender_notices/index_id_187.html,,,,
1313EM14T,"Triennial Term Contract for the Maintenance and Repair of, Water Pumping Installations and Filtration Tanks for Filtration Plants at Various Swimming Pool Complexes in the New Territories District of the Government of the Hong Kong Special Administrative Region",Aug 2014,Swimming Pool Water Treatment Installation,Selective,P & A Engineering Limited,"HK$25,921,388.00",https://www.emsd.gov.hk/en/tenders_contracts_and_consultancies/tender_notices/tender_notices/index_id_183.html,,,,
1233EM14T,Biennial Term Contract for Provision of Closed Circuit Television Systems for the Government of the Hong Kong Special Administrative Region (New Territories and Islands Regions),Aug 2014,Video Electronics Installation,Selective,Shun Tung Electric Company Limited,"HK$18,483,228.00",https://www.emsd.gov.hk/en/tenders_contracts_and_consultancies/tender_notices/tender_notices/index_id_182.html,,,,
1062EM12T,"Triennial Contract for the Maintenance of Town Gas Installations at Transport, Security and Central Services Division Venues for the Government of the Hong Kong Special Administrative Region",Aug 2014,Catering Equipment Installation,Selective,The Hong Kong and China Gas Company Limited,"HK$5,009,548.00",https://www.emsd.gov.hk/en/tenders_contracts_and_consultancies/tender_notices/tender_notices/index_id_137.html,,,,
1056EM12T,Triennial Term Contract for Operation and Maintenance of Air-conditioning Installations in Various Venues of the Government of the Hong Kong Special Administrative Region Maintained by Kowloon Maintenance Sub-division of General Engineering Services Division,Aug 2014,Air-conditioning Installation,Selective,Wenden Engineering Service Company Limited,"HK$64,998,668.00",https://www.emsd.gov.hk/en/tenders_contracts_and_consultancies/tender_notices/tender_notices/index_id_161.html,,,,
1040EM13W,Supply and Installation of Power Cables for Diverting 1200A from Block S to Main Block in Queen Mary Hospital,Aug 2014,Electrical Installation,Selective,Fungs E & M Engineering Company Limited,"HK$5,007,500.00",https://www.emsd.gov.hk/en/tenders_contracts_and_consultancies/tender_notices/tender_notices/index_id_167.html,,,,
1025EM13T,"Triennial Term Contract for the Maintenance and Repair of, Alteration, Addition and Improvement Works to Electrical and Floodlighting Installations in Mainland (South) in the Government Properties Maintained by General Engineering Services Division",Aug 2014,Electrical Installation,Selective,Interlite (Asia) Limited,"HK$12,139,140.00",https://www.emsd.gov.hk/en/tenders_contracts_and_consultancies/tender_notices/tender_notices/index_id_142.html,,,,
1003EM13W,Supply and Installation of Compartment Fire Behaviour Training (CFBT) Facilities for Fire Services Training School at Tseung Kwan O,Aug 2014,Mechanical Plant and Equipment Installation,Selective,Japco Auto Equipment & Engineering Company Limited,"HK$7,999,000.00",https://www.emsd.gov.hk/en/tenders_contracts_and_consultancies/tender_notices/tender_notices/index_id_176.html,,,,
1002EM13W,"Supply and Installation of Aircraft, Railway and Ship Fire Simulators for Fire Services Training School at Tseung Kwan O",Aug 2014,Mechanical Plant and Equipment Installation,Selective,Southa Technical Limited,"HK$193,880,000.00",https://www.emsd.gov.hk/en/tenders_contracts_and_consultancies/tender_notices/tender_notices/index_id_174.html,,,,
1335EM14A,Provision of Operating and Maintenance Services for the Simultaneous Interpretation and Public Address Systems for Various Government Departments of the Hong Kong Special Administrative Region (Kowloon and New Territories Region),Jul 2014,"Operation, maintenance, adjustment of system configuration, system enhancement and ad-hoc support of the Simultaneous Interpretation (SI) and Public Address (PA) systems",,PCCW-HKT Technical Services Limited,"HK$20,654,824.00",https://www.emsd.gov.hk/en/tenders_contracts_and_consultancies/tender_notices/tender_notices/index_id_178.html,,,Kowloon and New Territories Region,
1057EM12T,Triennial Term Contract for Operation and Maintenance of Air-conditioning Installations in Various Venues of the Government of the Hong Kong Special Administrative Region Maintained by New Territories Maintenance Sub-division of General Engineering Services Division,Jul 2014,Air-conditioning Installation,,Wenden Engineering Service Company Limited,"HK$47,001,388.00",https://www.emsd.gov.hk/en/tenders_contracts_and_consultancies/tender_notices/tender_notices/index_id_162.html,,,New Territories region,
1055EM12T,Triennial Term Contract for Operation and Maintenance of Air-conditioning Installations in Various Venues of the Government of the Hong Kong Special Administrative Region Maintained by Hong Kong Maintenance Sub-division of General Engineering Services Division,Jul 2014,Air-conditioning Installation,,Wenden Engineering Service Company Limited,"HK$81,698,668.00",https://www.emsd.gov.hk/en/tenders_contracts_and_consultancies/tender_notices/tender_notices/index_id_160.html,,,Hong Kong region,
1046EM13T,"Triennial Term Contract for Maintenance and Repair of, Alterations and Additions to, Floodlighting Installations for Municipal Venues in Hong Kong & Outlying Islands for the Government of the Hong Kong Special Administrative Region",Jul 2014,Electrical Installation,,Shun Cheong Electrical Engineering Company Limited,-57%,https://www.emsd.gov.hk/en/tenders_contracts_and_consultancies/tender_notices/tender_notices/index_id_173.html,,,Hong Kong & Outlying Islands,
1045EM13T,"Triennial Term Contract for Maintenance and Repair of, Alterations and Additions to, Floodlighting Installations for Municipal Venues in Kowloon for the Government of the Hong Kong Special Administrative Region",Jul 2014,Electrical Installation,,Joint Effort Engineering (Asia) Limited,-58%,https://www.emsd.gov.hk/en/tenders_contracts_and_consultancies/tender_notices/tender_notices/index_id_172.html,,,Kowloon,
1044EM13T,"Triennial Term Contract for Maintenance and Repair of, Alterations and Additions to, Floodlighting Installations for Municipal Venues in New Territories & Lantau Island for the Government of the Hong Kong Special Administrative Region",Jul 2014,Electrical Installation,,Joint Effort Engineering (Asia) Limited,-56%,https://www.emsd.gov.hk/en/tenders_contracts_and_consultancies/tender_notices/tender_notices/index_id_171.html,,,New Territories & Lantau Island,
1042EM13W,Modernization of Existing Lifts No. 1 – 8 & 25 at Queensway Government Offices High Block,Jul 2014,"Lift, Escalator and Passenger Conveyor Installation",,Fujitec (HK) Company Limited,"HK$13,701,500.00",https://www.emsd.gov.hk/en/tenders_contracts_and_consultancies/tender_notices/tender_notices/index_id_166.html,,,Hong Kong Region,
1024EM13T,"Triennial Contract for the Maintenance of Liquefied Petroleum Gas Installations at Transport, Security & Central Services Division Venues for the Government of the Hong Kong Special Administrative Region",Jul 2014,Liquefied Petroleum Gas Installation,,International Engineering Company,"HK$9,256,774.00",https://www.emsd.gov.hk/en/tenders_contracts_and_consultancies/tender_notices/tender_notices/index_id_147.html,,,"Hong Kong, Kowloon & New Territories",
1021EM13T,"Triennial Term Contract for the Maintenance and Repair of Oil-fired Boilers, Gas-fired Boilers, Dual Fuel Boilers and Solar Hot Water Installations at Transport, Security & Central Services Division Venues for the Government of the Hong Kong Special Administrative Region",Jul 2014,Mechanical Handling and Lifting Installation,,Ming Chun Construction Company Limited,"HK$6,349,928.00",https://www.emsd.gov.hk/en/tenders_contracts_and_consultancies/tender_notices/tender_notices/index_id_146.html,,,"Hong Kong, Kowloon & New Territories",
1018EM13T,Triennial Term Contract for Maintenance of Room Air Conditioners for Venues of the Hong Kong Police Force for the Government of HKSAR,Jul 2014,Air-conditioning Installation,,REC Engineering Company Limited,"HK$30,943,791.00",https://www.emsd.gov.hk/en/tenders_contracts_and_consultancies/tender_notices/tender_notices/index_id_149.html,,,"Hong Kong, Kowloon & New Territories",
1017EM13A,Provision of Operating and Maintenance Services for the Simultaneous Interpretation and Public Address Systems for Various Government Departments of the Hong Kong Special Administrative Region (Hong Kong Region),Jul 2014,"Operation, maintenance, adjustment of system configuration, system enhancement and ad-hoc support of the Simultaneous Interpretation (SI) and Public Address (PA) systems",,PCCW-HKT Technical Services Limited,"HK$25,471,713.00",https://www.emsd.gov.hk/en/tenders_contracts_and_consultancies/tender_notices/tender_notices/index_id_177.html,,,Hong Kong,
1016EM13W,Supply and Installation of Breathing Apparatus Charging System for Fire Services Training School at Tseung Kwan O,Jul 2014,Mechanical Plant and Equipment Installation,,The Jardine Engineering Corporation Limited,"HK$3,800,000.00",https://www.emsd.gov.hk/en/tenders_contracts_and_consultancies/tender_notices/tender_notices/index_id_175.html,,,New Territories Region,
1016EM13T,"Triennial Term Contract for Maintenance of Domestic Appliances and Electrical Installations at the Quarters of Hong Kong Police Force, Correctional Services Department and Independent Commission Against Corruption",Jul 2014,Electrical Installation,,Kenworth Engineering Limited,"HK$30,889,650.00",https://www.emsd.gov.hk/en/tenders_contracts_and_consultancies/tender_notices/tender_notices/index_id_169.html,,,"Hong Kong, Kowloon & New Territories",
1013EM13T,Triennial Term Contract for Operation and Maintenance of Air- conditioning Installations for Hong Kong Police Force and Hong Kong Independent Commission Against Corruption for the Government of HKSAR,Jul 2014,Air-conditioning Installation,,Wenden Engineering Service Company Limited,"HK$62,819,803.00",https://www.emsd.gov.hk/en/tenders_contracts_and_consultancies/tender_notices/tender_notices/index_id_145.html,,,"Hong Kong, Kowloon & New Territories",
1011EM12T,"Triennial Term Contract for the Maintenance and Repair of, Alterations and Additions to, Fire Service Installations in Venues of Hong Kong Police Force, Correctional Services Department, Independent Commission Against Corruption and Security Bureau in New Territories and Kowloon",Jul 2014,Fire Service Installation,,REC Engineering Company Limited,"HK$17,303,039.00",https://www.emsd.gov.hk/en/tenders_contracts_and_consultancies/tender_notices/tender_notices/index_id_111.html,,,New Territories & Kowloon,
1010EM12T,"Triennial Term Contract for the Maintenance and Repair of, Alterations and Additions to, Fire Service Installations in Venues of Hong Kong Police Force, Correctional Services Department, Independent Commission Against Corruption and Security Bureau in Hong Kong Island and Outlying Islands",Jul 2014,Fire Service Installation,,Kenworth Engineering Limited,"HK$25,428,519.00",https://www.emsd.gov.hk/en/tenders_contracts_and_consultancies/tender_notices/tender_notices/index_id_110.html,,,Hong Kong Island and Oultying Islands,
1064EM13T,"Triennial Contract for Maintenance and Repair of, Alterations and Additions to, Fire Service Installations for Municipal Venues on Hong Kong and Outlying Islands for the Government of the Hong Kong Special Administrative Region",Jun 2014,Fire Service Installation,,Kenwowth Engineering Limited,"HK$19,802,470.00",https://www.emsd.gov.hk/en/tenders_contracts_and_consultancies/tender_notices/tender_notices/index_id_139.html,,,Hong Kong and Outlying Islands,
1028EM13W,Supply and Installation of Low Voltage Switchgear at Main Block C and D of Tuen Mun Hospital,Jun 2014,Electrical Installation,,M & V Engineering (E & M) Limited,"HK$14,918,940.00",https://www.emsd.gov.hk/en/tenders_contracts_and_consultancies/tender_notices/tender_notices/index_id_159.html,,,New Territories,
1023EM13W,Supply and Replacement of Air-conditioning System at Disciplined Services Sports and Recreation Club,Jun 2014,Air-conditioning Installation,,Fungs E & M Engineering Company Limited,"HK$5,980,000.00",https://www.emsd.gov.hk/en/tenders_contracts_and_consultancies/tender_notices/tender_notices/index_id_148.html,,,Hong Kong,
1041EM13W,Replacement of Air-conditioning Systems at Tsuen Wan Government Offices,May 2014,Air-conditioning Installation,,Standard Refrigeration & Engineering Company Limited,"HK$7,282,000.00",https://www.emsd.gov.hk/en/tenders_contracts_and_consultancies/tender_notices/tender_notices/index_id_164.html,,,New Territories,
1009EM13W,Replacement of the Lane Control Signals and Variable Speed Limit Signs of the Traffic Control and Surveillance System in the Tsing Ma Control Area,May 2014,Replacement of the existing lane control signals and variable speed limit signs of traffic control and surveillance system in the Tsing Ma Control Area,,GTECH Services (Hong Kong) Limited,"HK$23,000,000.00",https://www.emsd.gov.hk/en/tenders_contracts_and_consultancies/tender_notices/tender_notices/index_id_152.html,,,New Territories,
1009EM12W,Improvement Works at Animal Waste Composting Plant at Ngau Tam Mei,May 2014,Mechanical Plant and Equipment Installation,,The Jardine Engineering Corporation Limited,"HK$14,700,000.00",https://www.emsd.gov.hk/en/tenders_contracts_and_consultancies/tender_notices/tender_notices/index_id_150.html,,,New Territories,
1066EM13T,"Triennial Contract for Maintenance and Repair of, Alterations and Additions to, Fire Service Installations for Municipal Venues in New Territories for the Government of the Hong Kong Special Administrative Region",Apr 2014,Fire Service Installation,,Far East Engineering Services Limited,"HK$17,362,262.00",https://www.emsd.gov.hk/en/tenders_contracts_and_consultancies/tender_notices/tender_notices/index_id_141.html,,,New Territories Region,
1065EM13T,"Triennial Contract for Maintenance and Repair of, Alterations and Additions to, Fire Service Installations for Municipal Venues in Kowloon for the Government of the Hong Kong Special Administrative Region",Apr 2014,Fire Service Installation,,ATAL Engineering Limited,"HK$18,571,950.00",https://www.emsd.gov.hk/en/tenders_contracts_and_consultancies/tender_notices/tender_notices/index_id_140.html,,,Kowloon Region,
1061EM12T,Biennial Term Contract for Provision of Closed Circuit Television Systems for the Government of the Hong Kong Special Administrative Region (Hong Kong and Kowloon Regions),Apr 2014,Video Electronics Installation,,Chubb Hong Kong Limited,"HK$19,298,580.00",https://www.emsd.gov.hk/en/tenders_contracts_and_consultancies/tender_notices/tender_notices/index_id_156.html,,,Hong Kong & Kowloon Regions,
1026EM12T,"Triennial Term Contract for the Maintenance and Repair of, Alteration and Addition to Fire Service Installations in General Engineering Services Division Venues in Kowloon and New Territories for the Government of the HKSAR",Apr 2014,Fire Service Installation,,REC Engineering Company Limited,"HK$17,181,660.00",https://www.emsd.gov.hk/en/tenders_contracts_and_consultancies/tender_notices/tender_notices/index_id_130.html,,,Kowloon and New Territories Region,
1019EM12T,Triennial Term Contract for the Comprehensive Maintenance and Repair of Lift and Escalator Installations at Various Premises of the Government of the Hong Kong Special Administrative Region and Hospital Authority (Package Five),Apr 2014,Comprehensive Maintenance and Repair of Lift and Escalator Installations at Various Premises of the Government of the Hong Kong Special Administrative Region and Hospital Authority,,Kone Elevator (HK) Limited,"HK$31,119,006.00",https://www.emsd.gov.hk/en/tenders_contracts_and_consultancies/tender_notices/tender_notices/index_id_121.html,,,"Hong Kong, Kowloon & New Territories",
1007EM12T,Triennial Term Contract for the Comprehensive Maintenance and Repair of Lift and Escalator Installations at Various Premises of the Government of the Hong Kong Special Administrative Region and Hospital Authority (Package Four),Apr 2014,Comprehensive Maintenance and Repair of Lift and Escalator Installations at Various Premises of the Government of the Hong Kong Special Administrative Region and Hospital Authority,,Holake Hong Kong Lifts Limited,"HK$15,073,194.00",https://www.emsd.gov.hk/en/tenders_contracts_and_consultancies/tender_notices/tender_notices/index_id_129.html,,,"Hong Kong, Kowloon & New Territories",
1039EM14C,Energy-cum-Carbon Audit for Postal Facilities and Healthcare Facilities 2013/14,Mar 2014,To conduct energy-cum-carbon audits for the listed Postal Facilities and Healthcare Facilities,,ISPL Consulting Limited,"HK$595,000.00",https://www.emsd.gov.hk/en/tenders_contracts_and_consultancies/tender_notices/tender_notices/index_id_165.html,,,"Hong Kong, Kowloon & New Territires",
1035EM13T,Four-year Term Contract for Maintenance of Fixed X-ray Vehicle Inspection System at Shenzhen Bay Control Point,Mar 2014,"Maintenance, Repair, Modification and Improvement Works on the Fixed X-ray Vehicle Inspection System at Shenzhen Bay Control Point",,Nuctech Hong Kong Company Limited,"HK$49,518,305.00",https://www.emsd.gov.hk/en/tenders_contracts_and_consultancies/tender_notices/tender_notices/index_id_154.html,,,New Territories,
1031EM12T,"Triennial Term Contract for the Maintenance and Repair of, Alteration and Addition to Fire Service Installations in General Engineering Services Division Venues in Hong Kong and Islands for the Government of the HKSAR",Mar 2014,Fire Service Installation,,Kenworth Engineering Limited,"HK$17,838,360.00",https://www.emsd.gov.hk/en/tenders_contracts_and_consultancies/tender_notices/tender_notices/index_id_131.html,,,Hong Kong and Island Region,
1017EM12W,Replacement of Air-conditioning Systems at Kowloon Government Offices Building and Homantin Government Offices Building,Mar 2014,Air-conditioning Installation,,Wenden Engineering Service Company Limited,"HK$14,998,668.00",https://www.emsd.gov.hk/en/tenders_contracts_and_consultancies/tender_notices/tender_notices/index_id_151.html,,,Kowloon,
1015EM13T,Triennial Term Contract for the Maintenance of Electrical and Mechanical Installations at Tuen Mun Children and Juvenile Home and Miscellaneous Equipment in Premises in New Territories Region,Mar 2014,Air-conditioning Installation,,REC Engineering Company Limited,"HK$21,317,719.00",https://www.emsd.gov.hk/en/tenders_contracts_and_consultancies/tender_notices/tender_notices/index_id_153.html,,,New Territories,
1040EM11T,Triennial Contract for Operation and Maintenance of Electrical and Mechanical Installations for Municipal Venues in Hong Kong,Feb 2014,Electrical Installation,,M & V Engineering (E&M) Limited,"HK$73,799,700.00",https://www.emsd.gov.hk/en/tenders_contracts_and_consultancies/tender_notices/tender_notices/index_id_138.html,,,Hong Kong Island,
1023EM13T,"Biennial Term Contract for Electrical Works for Change of Tenancy in Government Quarters in the Hong Kong Island, Kowloon & New Territories",Feb 2014,Electrical Installation,,Au Chow Electrical Company Limited,"HK$10,342,360.00",https://www.emsd.gov.hk/en/tenders_contracts_and_consultancies/tender_notices/tender_notices/index_id_155.html,,,"Hong Kong Island, Kowloon & New Territories",
1022EM13W,Replacement of Chillers at Shatin Hospital,Feb 2014,Air-conditioning Installation,,Wenden Engineering Service Company Limited,"HK$4,948,668.00",https://www.emsd.gov.hk/en/tenders_contracts_and_consultancies/tender_notices/tender_notices/index_id_135.html,,,New Territories,
1008EM13T,Triennial Term Contract for the Comprehensive Maintenance and Repair of Lift and Escalator Installations at Various Premises of the Government of the Hong Kong Special Administrative Region and Hospital Authority (Package One of MT13),Feb 2014,Comprehensive maintenance and repair of lift and escalator installations at various premises of the Government of the Hong Kong Special Administrative Region,,Mitsubishi Elevator Hong Kong Company Limited,"HK$27,774,610.00",https://www.emsd.gov.hk/en/tenders_contracts_and_consultancies/tender_notices/tender_notices/index_id_134.html,,,"Hong Kong, Kowloon & New Territories",
1019EM13T,"Triennial Term Contract for the Comprehensive Maintenance and Repair of Lift and Escalator Installations at Central Government Offices, Chief Executive’s Office, and Legislative Council Complex, Tamar",Jan 2014,"The comprehensive maintenance and repair of lift and escalator installations in Central Government Offices, Chief executive's Office and Legislative Council Complex",,Fujitec (HK) Company Limited,"HK$29,651,377.00",https://www.emsd.gov.hk/en/tenders_contracts_and_consultancies/tender_notices/tender_notices/index_id_125.html,,,Hong Kong,
1060EM12T,"Triennial Term Contract for the Maintenance and Repair of, Alterations and Additions to Fire Services Installations for Health Services Buildings in Hong Kong Region",Dec 2013,Fire Service Installation,,Kenworth Engineering Limited,"HK$45,414,445.00 (Estimated)",https://www.emsd.gov.hk/en/tenders_contracts_and_consultancies/tender_notices/tender_notices/index_id_114.html,,,Hong Kong Region,
1041EM12T,Triennial Contract for Maintenance of Air-conditioning and other Installations at Attended Municipal Venues in New Territories,Dec 2013,Air-conditioning Installation,,Lucky Engineering Company Limited,"HK$63,958,900.15(Estimated)",https://www.emsd.gov.hk/en/tenders_contracts_and_consultancies/tender_notices/tender_notices/index_id_124.html,,,New Territories,
1040EM12W,Supply and Replacement of Air-Conditioning System at Hong Kong Police Headquarters Arsenal House West Wing,Dec 2013,Air-conditioning Installation,,Quad-Tech Engineering (H.K.) Company Limited,"HK$14,200,000.00 (Estimated)",https://www.emsd.gov.hk/en/tenders_contracts_and_consultancies/tender_notices/tender_notices/index_id_113.html,,,Hong Kong,
1020EM12T,Triennial Term Contract for the Comprehensive Maintenance and Repair of Lift and Escalator Installations at Various Premises of the Government of the Hong Kong Special Administrative Region (Package Seven),Dec 2013,The comprehensive maintenance and repair of lift and escalator installations at various premises of the Government of the Hong Kong Special Administrative Region,,Otis Elevator Company (H.K.) Limited,"HK$26,699,530.00 (Estimated)",https://www.emsd.gov.hk/en/tenders_contracts_and_consultancies/tender_notices/tender_notices/index_id_118.html,,,"Hong Kong, Kowloon and New Territories",
1032EM12W,Replacement of Central Control and Monitoring System (CCMS) at Hospital Authority Building,Nov 2013,Supply and Install a new CCMS at the Hospital Authority Building,,Johnson Controls Hong Kong Limited,"HK$8,016,522.00 (Estimated)",https://www.emsd.gov.hk/en/tenders_contracts_and_consultancies/tender_notices/tender_notices/index_id_120.html,,,Kowloon,
1027EM12T,"Triennial Term Contract for Maintenance and Repair of, Alterations, Additions and Improvement Works to Electrical and Floodlighting Installation for Hong Kong Police Force, Correctional Services Department, Hong Kong Independent Commission Against Corruption and Security Bureau for the Government of HKSAR",Nov 2013,Electrical Installation,,Che Luen Electrical Engineering Company Limited,"HK$14,465,259.00 (Estimated)",https://www.emsd.gov.hk/en/tenders_contracts_and_consultancies/tender_notices/tender_notices/index_id_122.html,,,"Hong Kong, Kowloon and New Territories",
1011EM13W,Supply and Installation of Security Equipment and associated Integration work to Border Fence Protection System for the third-stage of reduction of Frontier Closed Area,Nov 2013,Video Electronics Installation,,Tung Po (HK) Technology Enterprise Limited,"HK$8,981,240.00",https://www.emsd.gov.hk/en/tenders_contracts_and_consultancies/tender_notices/tender_notices/index_id_132.html,,,New Territories,
1053EM12T,"Maintenance of Heating, Ventilation & Air-conditioning Installations at Municipal Venues in New Territories",Oct 2013,Electrical Installation,,Interlite (Asia) Limited,"HK$8,357,930.00",https://www.emsd.gov.hk/en/tenders_contracts_and_consultancies/tender_notices/tender_notices/index_id_117.html,,,"Hong Kong, Kowloon and New Territories",
1050EM12T,Triennial Term Contract for the Comprehensive Maintenance and Repair of Lift and Escalator Installations at Various Premises of the Government of the Hong Kong Special Administrative Region (Package Three of HT12),Oct 2013,Electrical Installation,,Interlite (Asia) Limited,"HK$8,357,930.00",https://www.emsd.gov.hk/en/tenders_contracts_and_consultancies/tender_notices/tender_notices/index_id_119.html,,,"Hong Kong, Kowloon and New Territories",
1037EM12W,Provision of Fire and Rescue Training Facilities for Fire Services Training School at Tseung Kwan O,Oct 2013,Mechanical Plant and Equipment Installation,,Southa Technical Limited,"HK$69,800,000.00",https://www.emsd.gov.hk/en/tenders_contracts_and_consultancies/tender_notices/tender_notices/index_id_104.html,,,New Territories,
1014EM13W,Improvement Works on the Air-conditioning Systems at Tai Kiu Market and Sha Tin Market,Oct 2013,Air-conditioning Installation,,ATAL Engineering Limited,"HK$9,750,000.00",https://www.emsd.gov.hk/en/tenders_contracts_and_consultancies/tender_notices/tender_notices/index_id_127.html,,,New Territories,
1007EM13T,Triennial Term Contract for the Comprehensive Maintenance and Repair of Lift and Escalator Installations at Various Premises of the Government of the Hong Kong Special Administrative Region (Package One of TK12),Oct 2013,To provide comprehensive maintenance and repair of lift and escalator installations at various premises of the Government of the Hong Kong Special Administrative Region,,ThyssenKrupp Elevator (HK) Limited,"HK$7,906,206.00",https://www.emsd.gov.hk/en/tenders_contracts_and_consultancies/tender_notices/tender_notices/index_id_116.html,,,"Hong Kong, Kowloon and New Territories",
1006EM13T,Triennial Term Contract for the Comprehensive Maintenance and Repair of Lift and Escalator Installations at Various Premises of the Government of the Hong Kong Special Administrative Region (Package Two of SA13),Oct 2013,To provide comprehensive maintenance and repair of lfit and escalator installations at various premises of the Government of the Hong Kong Special Administrative Region,,Shan On Engineering Company Limited,"HK$10,696,912.00",https://www.emsd.gov.hk/en/tenders_contracts_and_consultancies/tender_notices/tender_notices/index_id_112.html,,,"Hong Kong, Kowloon and New Territories",
1035EM12W,Replacement of Existing Lighting Fittings with Energy Saving Lights at Various Government Premises,Sep 2013,Electrical Installation,,Interlite (Asia) Limited,"HK$8,357,930.00",https://www.emsd.gov.hk/en/tenders_contracts_and_consultancies/tender_notices/tender_notices/index_id_96.html,,,"Hong Kong, Kowloon and New Territories",
1059EM12T,"Triennial Term Contract for the Maintenance and Repair of, Alterations and Additions to Fire Services Installations for Health Services Buildings in Kowloon Region, Health Sector Division, Electrical & Mechanical Services Department",Aug 2013,Fire Services Installation,,Shun Cheong Electricl Engieering Company Limited,"HK$21,221,000.00",https://www.emsd.gov.hk/en/tenders_contracts_and_consultancies/tender_notices/tender_notices/index_id_109.html,,,Kowloon,
1005EM13T,"36-Month Term Contract for Building Services Fitting-out, Replacement and Improvement Works for Health Sector Venues in Hong Kong Region and Outlying Islands, Health Sector Division, Electrical and Mechanical Services Department.",Aug 2013,Air-conditioning Installation,,Newland Engineering Limited,"HK$138,000,000.00 (Estimated)",https://www.emsd.gov.hk/en/tenders_contracts_and_consultancies/tender_notices/tender_notices/index_id_123.html,,,Hong Kong and Outlying Islands,
1063EM12T,Triennial Term Contract for the Comprehensive Maintenance and Repair of Lift and Escalator Installations at Various Premises of the Government of the Hong Kong Special Administrative Region (Package Four of AE12),Jul 2013,comprehensive maintennace nad repair of lift and escalator installations at various premises of the Government of the Hong Kong Special Administrative Region,,Anlev Elex Elevator Limited,"HK$18,157,456.00",https://www.emsd.gov.hk/en/tenders_contracts_and_consultancies/tender_notices/tender_notices/index_id_103.html,,,"Hong Kong, Kowloon and New Territoriex",
1047EM12T,"Triennial Contract for Improvement and Maintenance of Heating, Ventilation & Air-conditioning Installation for Hospitals and Clinics in Kowloon West and New Territories Regions",Jul 2013,Air-conditioning Installation,,Yordland Engineering Limited,"HK$158,099,250.00",https://www.emsd.gov.hk/en/tenders_contracts_and_consultancies/tender_notices/tender_notices/index_id_107.html,,,Kowloon & New Territories,
1046EM12T,"Triennial Contract for Improvement and Maintenance of Heating, Ventilation & Air-conditioning Installation for Hospitals and Clinics in Hong Kong, Kowloon East and Kowloon Central Regions",Jul 2013,Air-conditioning Installation,,Yordland Engineering Limited,"HK$84,859,550.00",https://www.emsd.gov.hk/en/tenders_contracts_and_consultancies/tender_notices/tender_notices/index_id_106.html,,,Hong Kong & Kowloon,
1034EM12T,Triennial Contract for Maintenance of Building Integrated Electrical and Mechanical Installations at Hong Kong Wetland Park,Jul 2013,Air-conditioning Installation,,Westco Airconditioning Limited,"HK$14,560,211.00",https://www.emsd.gov.hk/en/tenders_contracts_and_consultancies/tender_notices/tender_notices/index_id_105.html,,,New Territories,
1020EM12A,District Cooling System (DCS) at Kai Tak Development (KTD) Phase III (Package A) - Chilled Water Pipe Laying Works,Jul 2013,Waterworks,,Wo Hing Construction Company Limited,"HK$519,964,849.20",https://www.emsd.gov.hk/en/tenders_contracts_and_consultancies/tender_notices/tender_notices/index_id_100.html,,,Kowloon,
1016EM12W,District Cooling System (DCS) at Kai Tak Development (KTD) Phase III (Package A) - Electrical and Mechanical Installation,Jul 2013,Air-conditioning Installation,,Shinryo (Hong Kong) Limited,"HK$232,613,000.00",https://www.emsd.gov.hk/en/tenders_contracts_and_consultancies/tender_notices/tender_notices/index_id_99.html,,,Kowloon,
1049EM12T,Triennial Term Contract for the Maintenance and Repair of Burglar Alarm and Security Installations at Various Premises of the Government of the Hong Kong Special Administrative Region (General Engineering Services Division and Airport and Vehicle Engineering Division - Package One),Jun 2013,Burglar Alarm and Security Installation,,G4S Security Systems (Hong Kong) Limited,"HK$6,085,840.00",https://www.emsd.gov.hk/en/tenders_contracts_and_consultancies/tender_notices/tender_notices/index_id_98.html,,,"Hong Kong, Kowloon and New Territories",
1026EM11W,Supply and Replacement of Flatwork Ironing System at the Laundry of Pik Uk Prison,Jun 2013,Steam and Compressed Air Installation,,Polytek Engineering Company Limited,"HK$3,697,500.00",https://www.emsd.gov.hk/en/tenders_contracts_and_consultancies/tender_notices/tender_notices/index_id_95.html,,,New Territories,
1007EM12W,Replacement of Tunnel Lighting System at the Aberdeen Tunnel,Jun 2013,Industrial Type Electrical Installation,,Wenden Engineering Service Company Limited,"HK$53,210,000.00",https://www.emsd.gov.hk/en/tenders_contracts_and_consultancies/tender_notices/tender_notices/index_id_89.html,,,Hong Kong,
1040EM12T,"Triennial Term Contract for the Maintenance and Repair of, Alterations and Additions to Fire Services Installations for Health Services Buildings in New Territories Region, Health Sector Division, Electrical & Mechanical Services Department",May 2013,Fire Service Installation,,Kenworth Engineering Limited,"HK$53,694,700.00",https://www.emsd.gov.hk/en/tenders_contracts_and_consultancies/tender_notices/tender_notices/index_id_94.html,,,New Territories,
1036EM12W,"Replacement of Emergency Generators and Associated Accessories at Wanchai Tower and Government Quarters at Aurizon, Aurora and Tai Hang Road No.135",May 2013,Disel Generator Installation,,Chevalier (HK) Limited,"HK$9,700,000.00",https://www.emsd.gov.hk/en/tenders_contracts_and_consultancies/tender_notices/tender_notices/index_id_101.html,,,Hong Kong,
1018EM12W,"Expansion of Red Light Camera System, Phase 4",May 2013,"Supply, installation and 365-day warranty of red light camera systems at 40 road junctions.",,Gatsometer BV Serco Group (HK) Limited Joint Venture,"HK$26,488,888.00",https://www.emsd.gov.hk/en/tenders_contracts_and_consultancies/tender_notices/tender_notices/index_id_91.html,,,"Hong Kong, Kowloon and New Territories",
1052EM12T,"Term Contract for the Emergency Fault Attendance, Comprehensive Maintenance, Repair and Replacement of Special Lighting Systems at Various HyD Premises of the Government of the Hong Kong Special Administrative Region (24 months)",Apr 2013,Electrical Installation,,CLP Engineering Limited,"HK$17,597,800.00",https://www.emsd.gov.hk/en/tenders_contracts_and_consultancies/tender_notices/tender_notices/index_id_102.html,,,"Hong Kong, Kowloon and New Territories",
1032EM11T,"36-Month Term Contract for Building Services Fitting-out, Replacement and Improvement Works to Health Sector Venues in the Kowloon West Region, Health Sector Division, Electrical & Mechanical Services Department",Apr 2013,Air-conditioning Installation,,Yordland Engineering Limited,"HK$49,800,000.00 (Estimated)",https://www.emsd.gov.hk/en/tenders_contracts_and_consultancies/tender_notices/tender_notices/index_id_97.html,,,Kowloon,
1037EM12T,"36-Month Term Contract for Building Services Fitting-out, Replacement and Improvement Works for Health Sector Venues in Kowloon East Region, Health Sector Division, Electrical & Mechanical Services Department",Feb 2013,Air-conditioning Installation,,Yordland Engineering Limited,"HK$46,000,000.00 (Estimated)",https://www.emsd.gov.hk/en/tenders_contracts_and_consultancies/tender_notices/tender_notices/index_id_92.html,,,Kowloon,
1003EM12W,Replacement of Cooling Towers System at Prince of Wales Hospital,Feb 2013,Air-conditioning Installation,,Lucky Engineering Company Limited,"HK$5,346,000.00",https://www.emsd.gov.hk/en/tenders_contracts_and_consultancies/tender_notices/tender_notices/index_id_86.html,,,New Territories,
1041EM11T,"Triennial Term Contract for the Maintenance and Repair of, Alterations and Additions to, Fire Service Installations in Venues of Transport Department and Highways Department",Jan 2013,Fire Service Installation,,Windmill Engineering Company Limited,"HK$6,789,216.00",https://www.emsd.gov.hk/en/tenders_contracts_and_consultancies/tender_notices/tender_notices/index_id_76.html,,,"Hong Kong, Kowloon and New Territories",
1025EM12T,Triennial Term Contract for the Comprehensive Maintenance and Repair of Fire Service Installations for Sewage Treatment Facilities,Jan 2013,Fire Service Installation,,"Guardian Fire Engineers and Consultants, Limited","HK$10,458,099.00",https://www.emsd.gov.hk/en/tenders_contracts_and_consultancies/tender_notices/tender_notices/index_id_68.html,,,"Hong Kong, Kowloon and New Territories",
1021EM12T,Triennial Term Contract for Maintenance of Electrical Installations in Transport Security and Central Services Division's Venues for the Government of the Hong Kong Special Administrative Region (Package one),Jan 2013,Electrical Installation,,Che Luen Electrical Engineering Company Limited,"HK$6,781,847.00",https://www.emsd.gov.hk/en/tenders_contracts_and_consultancies/tender_notices/tender_notices/index_id_84.html,,,"Hong Kong, Kowloon and New Territories",
1019EM11W,Replacement of Tunnel Ventilation System in the Cross Harbour Tunnel,Jan 2013,Air-conditioning Installation,,Shinryo (Hong Kong) Limited,"HK$52,225,256.00",https://www.emsd.gov.hk/en/tenders_contracts_and_consultancies/tender_notices/tender_notices/index_id_85.html,,,Hong Kong and Kowloon,
1014EM12T,"36-Month Term Contract for Building Services Fitting-out, Replacement and Improvement Works to Health Sector Venues in Kowloon Central Region, Health Sector Division, Electrical & Mechanical Services Department",Jan 2013,Air-conditioning Installation,,Southa Technical Limited,"HK$72,000,000.00 (Estimated)",https://www.emsd.gov.hk/en/tenders_contracts_and_consultancies/tender_notices/tender_notices/index_id_90.html,,,Kowloon,
1009EM11T,"Triennial Term Contract for Operation and Maintenance of Air- conditioning Installations for Hong Kong Police Force, Correctional Services Department, Hong Kong Independent Commission Against Corruption, Security Bureau, Highways Department and Transport Department in Kowloon for the Government of HKSAR",Jan 2013,Air-conditioning Installation,,"Wenden Engineering Service Company, Limited","HK$22,928,668.00",https://www.emsd.gov.hk/en/tenders_contracts_and_consultancies/tender_notices/tender_notices/index_id_67.html,,,Kowloon,
1008EM11T,"Triennial Term Contract for Operation and Maintenance of Air- conditioning Installations for Hong Kong Police Force, Correctional Services Department, Hong Kong Independent Commission Against Corruption, Security Bureau, Highways Department and Transport Department in New Territories for the Government of HKSAR",Jan 2013,Air-conditioning Installation,,"Wenden Engineering Service Company, Limited","HK$28,878,668.00",https://www.emsd.gov.hk/en/tenders_contracts_and_consultancies/tender_notices/tender_notices/index_id_71.html,,,New Territories,
1007EM11T,"Triennial Term Contract for Operation and Maintenance of Air- conditioning Installations for Hong Kong Police Force, Correctional Services Department, Hong Kong Independent Commission Against Corruption, Security Bureau, Highways Department and Transport Department in Hong Kong Island and Outlying Islands for the Government of HKSAR",Jan 2013,Air-conditioning Installation,,"Wenden Engineering Service Company, Limited","HK$24,928,668.00",https://www.emsd.gov.hk/en/tenders_contracts_and_consultancies/tender_notices/tender_notices/index_id_66.html,,,Hong Kong,
1002EM12W,Replacement of Air-conditioning System at North District Hospital,Jan 2013,Air-conditioning Installation,,"Wenden Engineering Service Company, Limited","HK$8,428,668.00",https://www.emsd.gov.hk/en/tenders_contracts_and_consultancies/tender_notices/tender_notices/index_id_81.html,,,"Hong Kong, Kowloon and New Territories",
1001EM12W,Supply and Installation of Integrated Security System and High Security Locks at Lo Wu Correctional Institution (LWCI) for Correction Services Department,Jan 2013,Video Electronics Installation,,Chubb Hong Kong Limited,"HK$32,372,262.00",https://www.emsd.gov.hk/en/tenders_contracts_and_consultancies/tender_notices/tender_notices/index_id_87.html,,,New Territories,
1033EM11T,"36-Month Term Contract for Building Services Fitting-out, Replacement and Improvement Works to Health Sector Venues in the New Territories Region, Health Sector Division, Electrical & Mechanical Services Department",Dec 2012,Air-conditioning Installation,,Yordland Engineering Limited,"HK$34,593,000.00 (Estimated)",https://www.emsd.gov.hk/en/tenders_contracts_and_consultancies/tender_notices/tender_notices/index_id_75.html,,,New Territories,
1010EM12W,Replacement of Central Chiller Plant and Associated Accessories at Block B in Yan Chai Hospital,Dec 2012,Air-conditioning Installation,,"Winston Air Conditioning & Engineering (Hong Kong) Company, Limited","HK$6,957,500.00",https://www.emsd.gov.hk/en/tenders_contracts_and_consultancies/tender_notices/tender_notices/index_id_83.html,,,New Territories,
1008EM12W,Improvement Works on the Air-conditioning System at Shun Lee Tsuen Sports Centre,Dec 2012,Air-conditioning Installation,,"Winston Air Conditioning & Engineering (Hong Kong) Company, Limited","HK$4,335,000.00",https://www.emsd.gov.hk/en/tenders_contracts_and_consultancies/tender_notices/tender_notices/index_id_82.html,,,Kowloon,
1032EM12T,"Biennial Term Contract for Provision of Maintenance, Modification and Installation Works of Electronic Systems at Various Sewage Treatment Works and Their Outstations",Nov 2012,Electrical and Mechanical Installation for Sewage Treatment and Screening Plant,,REC Engineering Company Limited,"HK$28,940,000.00",https://www.emsd.gov.hk/en/tenders_contracts_and_consultancies/tender_notices/tender_notices/index_id_79.html,,,"Hong Kong, Kowloon and New Territories",
1012EM12T,"Three-year Term Contract for Installation, Modification, Testing and Commissioning of Traffic Light Signals and Traffic Aids Equipment in Hong Kong",Nov 2012,"Installation, modification, disassembling, testing and commissioning of traffic light signals and traffic aids equipment for Hong Kong Island Region, Kowloon Region and New Territories Region including Lantau Island.",,Shun Hing Systems Integration Company Limited,"HK$5,553,150.00",https://www.emsd.gov.hk/en/tenders_contracts_and_consultancies/tender_notices/tender_notices/index_id_70.html,,,"Hong Kong, Kowloon, New Territories and Outlying Islands",
1005EM11,Replacement of the Traffic Control and Surveillance System in the Shing Mun Tunnels,Nov 2012,The dismantling and renovation of the existing traffic control and surveillance facilities and installation of new equipment.,,Delcan International Corporation,"HK$87,163,982.00",https://www.emsd.gov.hk/en/tenders_contracts_and_consultancies/tender_notices/tender_notices/index_id_56.html,,,New Territories,
1033EM11W,Upgrading Works for Border Security System at Frontier Closed Area for Hong Kong Police Force,Oct 2012,Burglar Alarm and Security Installation,,Tung Po (H.K.) Technology Enterprise Limited,"HK$17,972,075.00",https://www.emsd.gov.hk/en/tenders_contracts_and_consultancies/tender_notices/tender_notices/index_id_61.html,,,New Territories,
1027EM12W,Supply and Installation of Integrated Radio Distribution System at the Office Block in Central Government Complex,Oct 2012,Radio Electronics Installation,,Radio Frequency Engineering Limited,"HK$13,279,600.00",https://www.emsd.gov.hk/en/tenders_contracts_and_consultancies/tender_notices/tender_notices/index_id_88.html,,,Hong Kong,
1009EM12T,Triennial Term Contract for the Comprehensive Maintenance and Repair of Lift and Escalator Installations at Various Premises of the Government of the Hong Kong Special Administrative Region (Package Eight),Oct 2012,"Lift, Escalator and Passenger Conveyor Installation",,Anlev Elex Elevator Limited,"HK$16,824,944.00",https://www.emsd.gov.hk/en/tenders_contracts_and_consultancies/tender_notices/tender_notices/index_id_64.html,,,"Hong Kong, Kowloon and New Territories",
1045EM11T,"Triennial Term Contract for Maintenance of Fire Service Installations in Transport, Security and Central Services Division's Venues for the Government of the Hong Kong Special Administrative Region (Package one)",Sep 2012,Fire Service Installation,,Wylam's Services Limited,"HK$20,494,221.00",https://www.emsd.gov.hk/en/tenders_contracts_and_consultancies/tender_notices/tender_notices/index_id_55.html,,,"Hong Kong, Kowloon and New Territories",
1036EM11W,Supply and installation of Integrated Telecommunication Systems in North Lantau Hospital (NLTH),Sep 2012,Radio Electronics Installation,,PCCW-HKT Technical Services Limited,"HK$7,596,740.00",https://www.emsd.gov.hk/en/tenders_contracts_and_consultancies/tender_notices/tender_notices/index_id_62.html,,,Outlying Islands,
1002EM12T,Triennial Term Contract for the Comprehensive Maintenance and Repair of Lift and Escalator Installations at Various Premises of the Government of the Hong Kong Special Administrative Region (Package Six),Sep 2012,"Lift, Escalator and Passenger Conveyor Installation",,"Fujitec (HK) Company, Limited","HK$25,068,682.00",https://www.emsd.gov.hk/en/tenders_contracts_and_consultancies/tender_notices/tender_notices/index_id_63.html,,,"Hong Kong, Kowloon and New Territories",
1037EM11T,Triennial Term Contract for the Comprehensive Maintenance and Repair of Lift and Escalator Installations at Various Premises of the Government of the Hong Kong Special Administrative Region (Package Two),Aug 2012,"Lift, Escalator and Passenger Conveyor Installation",,Schindler Lifts (Hong Kong) Limited,"HK$20,156,196.00",https://www.emsd.gov.hk/en/tenders_contracts_and_consultancies/tender_notices/tender_notices/index_id_49.html,,,"Hong Kong, Kowloon and New Territories",
1036EM11T,Four-year Term Contract for the Maintenance of Fixed X-ray Vehicle Inspection System at Lok Ma Chau Boundary Crossing,Aug 2012,"The refurbishment, maintenance, modification and improvement works on the Fixed X-ray Vehicle Inspection System at Lok Ma Chau Boundary Crossing for Customs and Excise Department",,Rapiscan Systems Pte Limited,"HK$39,987,506.68",https://www.emsd.gov.hk/en/tenders_contracts_and_consultancies/tender_notices/tender_notices/index_id_52.html,,,New Territories,
1035EM11W,Supply and Installation of Display and Data Network Systems at Kai Tak Cruise Terminal,Aug 2012,Electronic Timing and Display Installation,,Roctec Technology Limited,"HK$28,612,952.00",https://www.emsd.gov.hk/en/tenders_contracts_and_consultancies/tender_notices/tender_notices/index_id_50.html,,,Kowloon,
1030EM11W,Supply and Installation of Closed Circuit Television Systems at Kai Tak Cruise Terminal,Aug 2012,Video Electronics Installation,,UniVision Engineering Limited,"HK$10,962,700.00",https://www.emsd.gov.hk/en/tenders_contracts_and_consultancies/tender_notices/tender_notices/index_id_42.html,,,Kowloon,
1024EM11T,"Biennial Term Contract for the Supply and Installation of Public Address Systems, Auxiliary Equipment & Emergency Call-out System for the Government of the HKSAR",Aug 2012,Audio Electronics Installation,,"Shun Tung Electric Company, Limited","HK$29,995,650.00",https://www.emsd.gov.hk/en/tenders_contracts_and_consultancies/tender_notices/tender_notices/index_id_45.html,,,"Hong Kong, Kowloon and New Territories",
1021EM11T,"Five-year Term Contract for Provision of Maintenance, Modification and Installation Works on Hong Kong Area Traffic Control System",Aug 2012,"Comprehensive maintenance, modification and installation works for the Hong Kong Area Traffic Control (HKATC) System.",,Thorn Security (Hong Kong) Limited,"HK$9,887,200.00",https://www.emsd.gov.hk/en/tenders_contracts_and_consultancies/tender_notices/tender_notices/index_id_43.html,,,"Hong Kong, Kowloon and New Territories",
1020EM11T,"Triennial Term Contract for Maintenance of Heating, Ventilation and Air-conditioning Installations in TSCSD venues (Closed Area) for the Government of the HKSAR",Aug 2012,Air-conditioning Installation,,"Young's Engineering Company, Limited","HK$17,723,284.00",https://www.emsd.gov.hk/en/tenders_contracts_and_consultancies/tender_notices/tender_notices/index_id_54.html,,,"Hong Kong, Kowloon and New Territories",
1019EM11T,"Triennial Term Contract for Maintenance of Heating, Ventilation and Air-conditioning Installations in TSCSD Venues for the Government of the Hong Kong Special Administrative Region",Aug 2012,Air-conditioning Installation,,"Young's Engineering Company, Limited","HK$28,603,800.00",https://www.emsd.gov.hk/en/tenders_contracts_and_consultancies/tender_notices/tender_notices/index_id_57.html,,,"Hong Kong, Kowloon and New Territories",
1012EM11W,Replacement of Air-Conditioning Systems at Tuen Mun Law Courts Building and Tuen Mun Government Storage Centre,Aug 2012,Air-conditioning Installation,,"Wenden Engineering Service Company, Limited","HK$6,189,312.00",https://www.emsd.gov.hk/en/tenders_contracts_and_consultancies/tender_notices/tender_notices/index_id_59.html,,,New Territories,
1003EM12T,Triennial Term Contract for the Maintenance of Medical Gas Pipeline Systems,Aug 2012,Video Electronics Installation,,UniVision Engineering Limited,"HK$52,975,120.00",https://www.emsd.gov.hk/en/tenders_contracts_and_consultancies/tender_notices/tender_notices/index_id_60.html,,,Kowloon,
1039EM11T,"Triennial Term Contract for the Comprehensive Maintenance and Repair of Lift and Escalator Installations at Arsenal House, Police Headquarters, Wan Chai",Jul 2012,"Lift, Escalator and Passenger Conveyor Installation",,ThyssenKrupp Elevator (HK) Limited,"HK$14,382,420.00",https://www.emsd.gov.hk/en/tenders_contracts_and_consultancies/tender_notices/tender_notices/index_id_47.html,2012.07.01,2015.06.30,Hong Kong,
1038EM11T,Triennial Term Contract for the Comprehensive Maintenance and Repair of Lift and Escalator Installations at Various Premises of the Government of the Hong Kong Special Administrative Region (Package Three),Jun 2012,"Lift, Escalator and Passenger Conveyor Installation",,Mitsubishi Elevator Hong Kong Company Limited,"HK$28,760,850.00",https://www.emsd.gov.hk/en/tenders_contracts_and_consultancies/tender_notices/tender_notices/index_id_39.html,2012.06.01,2015.05.31,"Hong Kong, Kowloon & New Territories",
1032EM10,Triennial Term Contract for the Comprehensive Maintenance and Repair of Lift and Escalator Installations at Various Premises of the Government of the Hong Kong Special Administrative Region (Package Eleven),Jun 2012,"Lift, Escalator and Passenger Conveyor Installation",,Kone Elevator (HK) Limited,"HK$20,642,348.00",https://www.emsd.gov.hk/en/tenders_contracts_and_consultancies/tender_notices/tender_notices/index_id_17.html,2012.06.01 (Tentative),2015.05.31 (Tentative),"Hong Kong, Kowloon and New Territories",
1027EM11T,Triennial Contract for Operation and Maintenance of Electrical and Mechanical Installations for Municipal Venues in New Territories,Jun 2012,Electrical Installation,,Interlite (Asia) Limited,"HK$86,994,909.00",https://www.emsd.gov.hk/en/tenders_contracts_and_consultancies/tender_notices/tender_notices/index_id_41.html,2012.06.01,2015.05.31,New Territories,
1026EM11T,Triennial Term Contract for Operation and Maintenance of Air-conditioning Installations and other Facilities for Municipal Venues in Kowloon,Jun 2012,Air-conditioning Installation,,Westco Airconditioning Limited,"HK$93,334,703.00",https://www.emsd.gov.hk/en/tenders_contracts_and_consultancies/tender_notices/tender_notices/index_id_40.html,2012.06.01,2015.05.31,Kowloon,
1025EM11W,Retrofitting of Air-Conditioning System for Cheung Sha Wan Government Offices,Jun 2012,Air-conditioning Installation,Selective,Raising Engineering Limited,"HK$5,182,900.00",https://www.emsd.gov.hk/en/tenders_contracts_and_consultancies/tender_notices/tender_notices/index_id_46.html,2012.06.25,2013.06.24,Kowloon,
1001EM11,Operation and Maintenance of Animal Waste Composting Plant at Ngau Tam Mei and Collection Services,Jun 2012,"Operation, maintenance and repair of the existing Animal Waste Composting Plant at Ngau Tam Mei and the related waste collection Services. The contract period is 5 years.",,Waylung Waste Services Limited,"HK$64,284,942.00",https://www.emsd.gov.hk/en/tenders_contracts_and_consultancies/tender_notices/tender_notices/index_id_33.html,2012.06.01 (Tentative),2017.05.31 (Tentative),New Territories,
1007EM11W,Replacement of Air Conditioning Units at Terminal Building in Lo Wu Control Point,May 2012,Air-conditioning Installation,Selective,Kenworth Engineering Limited,"HK$4,240,000.00",https://www.emsd.gov.hk/en/tenders_contracts_and_consultancies/tender_notices/tender_notices/index_id_35.html,2012.05.30,2013.05.29,New Territories,
1014EM11W,Supply and Installation of radio re-broadcasting system for digital audio broadcasting at 11 government road tunnels,Jan 2012,Radio Electronics Installation,Open,PCCW-HKT Technical Services Limited,"HK$23,385,082.00",https://www.emsd.gov.hk/en/tenders_contracts_and_consultancies/tender_notices/tender_notices/index_id_32.html,2012.01.17,2014.02.16,"Hong Kong, Kowloon & New Territories",
1040EM10,"18-Month Term Contract for Building Services Fitting-out, Replacement and Improvement Works to Health Sector Venues in Hong Kong Region, Health Sector Division, Electrical & Mechanical Services Department",Dec 2011,Air-conditioning Installation,Selective,Yordland Engineering Limited,"HK$41,033,000.00",https://www.emsd.gov.hk/en/tenders_contracts_and_consultancies/tender_notices/tender_notices/index_id_387.html,2011.12.30,2013.06.29,Hong Kong,
1015EM10,Supply and Installation of Digital Speed Enforcement Camera System in Tsing Ma Control Area and Tsing Sha Control Area,Nov 2011,Supply and Installation of Digital Speed Enforcement Camera System in Tsing Ma Control Area and Tsing Sha Control Area,Open,Parking Systems Kum Shing (K.F.) Construction Joint Venture,"HK$9,374,692.00",https://www.emsd.gov.hk/en/tenders_contracts_and_consultancies/tender_notices/tender_notices/index_id_26.html,2011.12.13,2014.02.09,New Territories,
1004EM11,"Replacement of Lightings for Public Transport Interchange (PTI), Footbridge, Subway and Covered Walkway for HyD (PLP 10/11 Batch 1 & 2)",Nov 2011,Industrial Type Electrical Installation,Selective,GTECH Services (Hong Kong) Limited,"HK$8,806,000.00",https://www.emsd.gov.hk/en/tenders_contracts_and_consultancies/tender_notices/tender_notices/index_id_24.html,2011.11.30,2013.02.22,,
1007EM10,Traffic Control and Surveillance System for Widening of Tolo Highway /Fanling Highway between Ma Liu Shui Interchange and Tai Hang,Sep 2011,"Design, supply, installation, testing, commissioning and 365-day defects liability of a single traffic control and surveillance system that covers the road section from Ma Liu Shui Inter change to Tai Hang and the related slip roads.",Open,GTECH-RHY Joint Venture,"HK$67,800,000.00",https://www.emsd.gov.hk/en/tenders_contracts_and_consultancies/tender_notices/tender_notices/index_id_19.html,2011.09.16,2014.05.17,New Territories,
1028EM10,Triennial Term Contract for the Comprehensive Maintenance and Repair of Lift and Escalator Installations at Various Premises of the Government of the Hong Kong Special Administrative Region (Package Seven),Jun 2011,"Lift, Escalator and Passenger Conveyor Installation",Open,Schindler Lifts (Hong Kong) Limited,"HK$16,243,907.60",https://www.emsd.gov.hk/en/tenders_contracts_and_consultancies/tender_notices/tender_notices/index_id_5.html,2011.08.01,2014.07.31,"Hong Kong, Kowloon and New Territories",
1029EM10,Triennial Term Contract for the Comprehensive Maintenance and Repair of Lift and Escalator Installations at Various Premises of the Government of the Hong Kong Special Administrative Region (Package Eight),May 2011,"Lift, Escalator and Passenger Conveyor Installation",Open,Chevalier (HK) Limited,"HK$15,103,604.00",https://www.emsd.gov.hk/en/tenders_contracts_and_consultancies/tender_notices/tender_notices/index_id_6.html,2011.07.01,2014.06.30,"Hong Kong, Kowloon and New Territories",
1017EM10,Design-Build-Operate a District Cooling System (Phase II Works) at Kai Tak Development,Mar 2011,Air-conditioning Installation / Roads and Drainage / Buildings,,"Hong Kong District Cooling, DHY Joint Venture","HK$1,640,760,000.00",https://www.emsd.gov.hk/en/tenders_contracts_and_consultancies/tender_notices/tender_notices/index_id_2.html,2011.03.07,2019.02.04,Kowloon,
1056EM2005,Central Command System for Versatile Maritime Policing Response,Jun 2007,Central Command System,,PCCW-HKT Business Services Limited,"HK$125,229,582.00",https://www.emsd.gov.hk/en/tenders_contracts_and_consultancies/tender_notices/tender_notices/index_id_1.html,29.06.2007,29.04.2019,Hong Kong/Kowloon/New Territories,
