"exhibitorName","exhibitorName href","boothLabel","boothLabel href","cf src"
"""Compound Semiconductor China""/""Silicon Semiconductor China""","https://expo.semi.org/china2026/Public/eBooth.aspx?IndexInList=0&FromPage=Exhibitors.aspx&ParentBoothID=&ListByBooth=true&BoothID=665915","T2436","https://expo.semi.org/china2026/Public/eventmap.aspx?MapItBoothID=665915&MapItBooth=T2436",""
"3D CHIPS (GUANGDONG) TECHNOLOGY CO.,LTD.","https://expo.semi.org/china2026/Public/eBooth.aspx?IndexInList=1&FromPage=Exhibitors.aspx&ParentBoothID=&ListByBooth=true&BoothID=680444","1356","https://expo.semi.org/china2026/Public/eventmap.aspx?MapItBoothID=680444&MapItBooth=1356","https://expo.semi.org/china2026/Public/imgHandler.ashx?Task=1&ID=../CUSTOM/CustomField24.png"
"A&T (Changzhou) Precision Machinery Co.,Ltd.","https://expo.semi.org/china2026/Public/eBooth.aspx?IndexInList=2&FromPage=Exhibitors.aspx&ParentBoothID=&ListByBooth=true&BoothID=640997","T0428","https://expo.semi.org/china2026/Public/eventmap.aspx?MapItBoothID=640997&MapItBooth=T0428","https://expo.semi.org/china2026/Public/imgHandler.ashx?Task=1&ID=../CUSTOM/CustomField24.png"
"ABM, Inc. Asia Pacific Limited","https://expo.semi.org/china2026/Public/eBooth.aspx?IndexInList=3&FromPage=Exhibitors.aspx&ParentBoothID=&ListByBooth=true&BoothID=638279","3822","https://expo.semi.org/china2026/Public/eventmap.aspx?MapItBoothID=638279&MapItBooth=3822","https://expo.semi.org/china2026/Public/imgHandler.ashx?Task=1&ID=../CUSTOM/CustomField24.png"
"ACCESS Semiconductor Co., Ltd","https://expo.semi.org/china2026/Public/eBooth.aspx?IndexInList=4&FromPage=Exhibitors.aspx&ParentBoothID=&ListByBooth=true&BoothID=639361","5507","https://expo.semi.org/china2026/Public/eventmap.aspx?MapItBoothID=639361&MapItBooth=5507",""
"AccoTEST BU. of Beijing Huafeng Test & Control Co.,Ltd.","https://expo.semi.org/china2026/Public/eBooth.aspx?IndexInList=5&FromPage=Exhibitors.aspx&ParentBoothID=&ListByBooth=true&BoothID=638873","4671","https://expo.semi.org/china2026/Public/eventmap.aspx?MapItBoothID=638873&MapItBooth=4671","https://expo.semi.org/china2026/Public/imgHandler.ashx?Task=1&ID=../CUSTOM/CustomField24.png"
"Accuracy Assembly Automation Co., Ltd","https://expo.semi.org/china2026/Public/eBooth.aspx?IndexInList=6&FromPage=Exhibitors.aspx&ParentBoothID=&ListByBooth=true&BoothID=638943","4000","https://expo.semi.org/china2026/Public/eventmap.aspx?MapItBoothID=638943&MapItBooth=4000",""
"ACM Research (Shanghai), Inc.","https://expo.semi.org/china2026/Public/eBooth.aspx?IndexInList=7&FromPage=Exhibitors.aspx&ParentBoothID=&ListByBooth=true&BoothID=636590","1519","https://expo.semi.org/china2026/Public/eventmap.aspx?MapItBoothID=636590&MapItBooth=1519","https://expo.semi.org/china2026/Public/imgHandler.ashx?Task=1&ID=../CUSTOM/CustomField24.png"
"Acroview Technology Co.,Ltd.","https://expo.semi.org/china2026/Public/eBooth.aspx?IndexInList=8&FromPage=Exhibitors.aspx&ParentBoothID=&ListByBooth=true&BoothID=649429","T4209","https://expo.semi.org/china2026/Public/eventmap.aspx?MapItBoothID=649429&MapItBooth=T4209","https://expo.semi.org/china2026/Public/imgHandler.ashx?Task=1&ID=../CUSTOM/CustomField24.png"
"ADTEC Plasma Technology China Ltd.","https://expo.semi.org/china2026/Public/eBooth.aspx?IndexInList=9&FromPage=Exhibitors.aspx&ParentBoothID=&ListByBooth=true&BoothID=640263","6110","https://expo.semi.org/china2026/Public/eventmap.aspx?MapItBoothID=640263&MapItBooth=6110","https://expo.semi.org/china2026/Public/imgHandler.ashx?Task=1&ID=../CUSTOM/CustomField24.png"
"Advanced Dicing Technologies Ltd","https://expo.semi.org/china2026/Public/eBooth.aspx?IndexInList=10&FromPage=Exhibitors.aspx&ParentBoothID=&ListByBooth=true&BoothID=637816","3211","https://expo.semi.org/china2026/Public/eventmap.aspx?MapItBoothID=637816&MapItBooth=3211","https://expo.semi.org/china2026/Public/imgHandler.ashx?Task=1&ID=../CUSTOM/CustomField24.png"
"Advanced Global Alliance Limited","https://expo.semi.org/china2026/Public/eBooth.aspx?IndexInList=11&FromPage=Exhibitors.aspx&ParentBoothID=&ListByBooth=true&BoothID=637704","2757","https://expo.semi.org/china2026/Public/eventmap.aspx?MapItBoothID=637704&MapItBooth=2757","https://expo.semi.org/china2026/Public/imgHandler.ashx?Task=1&ID=../CUSTOM/CustomField24.png"
"Advanced Materials Technology & Engineering Co., Ltd","https://expo.semi.org/china2026/Public/eBooth.aspx?IndexInList=12&FromPage=Exhibitors.aspx&ParentBoothID=&ListByBooth=true&BoothID=662780","2419","https://expo.semi.org/china2026/Public/eventmap.aspx?MapItBoothID=662780&MapItBooth=2419","https://expo.semi.org/china2026/Public/imgHandler.ashx?Task=1&ID=../CUSTOM/CustomField24.png"
"Advanced Micro Optics Instruments Inc","https://expo.semi.org/china2026/Public/eBooth.aspx?IndexInList=13&FromPage=Exhibitors.aspx&ParentBoothID=&ListByBooth=true&BoothID=641073","T0136","https://expo.semi.org/china2026/Public/eventmap.aspx?MapItBoothID=641073&MapItBooth=T0136","https://expo.semi.org/china2026/Public/imgHandler.ashx?Task=1&ID=../CUSTOM/CustomField24.png"
"Advanced Micro Semiconductors Co., Ltd.","https://expo.semi.org/china2026/Public/eBooth.aspx?IndexInList=14&FromPage=Exhibitors.aspx&ParentBoothID=&ListByBooth=true&BoothID=639330","5437","https://expo.semi.org/china2026/Public/eventmap.aspx?MapItBoothID=639330&MapItBooth=5437","https://expo.semi.org/china2026/Public/imgHandler.ashx?Task=1&ID=../CUSTOM/CustomField24.png"
"Advanced Micro Technology Co., Ltd.","https://expo.semi.org/china2026/Public/eBooth.aspx?IndexInList=15&FromPage=Exhibitors.aspx&ParentBoothID=&ListByBooth=true&BoothID=662398","6378","https://expo.semi.org/china2026/Public/eventmap.aspx?MapItBoothID=662398&MapItBooth=6378","https://expo.semi.org/china2026/Public/imgHandler.ashx?Task=1&ID=../CUSTOM/CustomField24.png"
"Advanced Micro-Fabrication Equipment Inc.","https://expo.semi.org/china2026/Public/eBooth.aspx?IndexInList=16&FromPage=Exhibitors.aspx&ParentBoothID=&ListByBooth=true&BoothID=662804","3417","https://expo.semi.org/china2026/Public/eventmap.aspx?MapItBoothID=662804&MapItBooth=3417","https://expo.semi.org/china2026/Public/imgHandler.ashx?Task=1&ID=../CUSTOM/CustomField24.png"
"Advanced NanoSurface Technologies (Shenzhen) Co.,Ltd.","https://expo.semi.org/china2026/Public/eBooth.aspx?IndexInList=17&FromPage=Exhibitors.aspx&ParentBoothID=&ListByBooth=true&BoothID=662379","6472","https://expo.semi.org/china2026/Public/eventmap.aspx?MapItBoothID=662379&MapItBooth=6472","https://expo.semi.org/china2026/Public/imgHandler.ashx?Task=1&ID=../CUSTOM/CustomField24.png"
"Advantest (China) Co.,Ltd.","https://expo.semi.org/china2026/Public/eBooth.aspx?IndexInList=18&FromPage=Exhibitors.aspx&ParentBoothID=&ListByBooth=true&BoothID=638715","4431","https://expo.semi.org/china2026/Public/eventmap.aspx?MapItBoothID=638715&MapItBooth=4431","https://expo.semi.org/china2026/Public/imgHandler.ashx?Task=1&ID=../CUSTOM/CustomField24.png"
"Agilent Technologies Co.,Ltd. (China)","https://expo.semi.org/china2026/Public/eBooth.aspx?IndexInList=19&FromPage=Exhibitors.aspx&ParentBoothID=&ListByBooth=true&BoothID=641077","T0106","https://expo.semi.org/china2026/Public/eventmap.aspx?MapItBoothID=641077&MapItBooth=T0106","https://expo.semi.org/china2026/Public/imgHandler.ashx?Task=1&ID=../CUSTOM/CustomField24.png"
"AGRU Pipeline Technology (Jiangsu) Co., Ltd.","https://expo.semi.org/china2026/Public/eBooth.aspx?IndexInList=20&FromPage=Exhibitors.aspx&ParentBoothID=&ListByBooth=true&BoothID=649322","T4242","https://expo.semi.org/china2026/Public/eventmap.aspx?MapItBoothID=649322&MapItBooth=T4242","https://expo.semi.org/china2026/Public/imgHandler.ashx?Task=1&ID=../CUSTOM/CustomField24.png"
"AIR LIQUIDE China Holding Co., Ltd.","https://expo.semi.org/china2026/Public/eBooth.aspx?IndexInList=21&FromPage=Exhibitors.aspx&ParentBoothID=&ListByBooth=true&BoothID=638303","3008","https://expo.semi.org/china2026/Public/eventmap.aspx?MapItBoothID=638303&MapItBooth=3008","https://expo.semi.org/china2026/Public/imgHandler.ashx?Task=1&ID=../CUSTOM/CustomField24.png"
"Air Products and Chemicals (China)","https://expo.semi.org/china2026/Public/eBooth.aspx?IndexInList=22&FromPage=Exhibitors.aspx&ParentBoothID=&ListByBooth=true&BoothID=639713","6014","https://expo.semi.org/china2026/Public/eventmap.aspx?MapItBoothID=639713&MapItBooth=6014","https://expo.semi.org/china2026/Public/imgHandler.ashx?Task=1&ID=../CUSTOM/CustomField24.png"
"AISHENGKE (JIANGSU) CHEMICAL TECHNOLOGY CO., LTD.","https://expo.semi.org/china2026/Public/eBooth.aspx?IndexInList=23&FromPage=Exhibitors.aspx&ParentBoothID=&ListByBooth=true&BoothID=656989","2342","https://expo.semi.org/china2026/Public/eventmap.aspx?MapItBoothID=656989&MapItBooth=2342","https://expo.semi.org/china2026/Public/imgHandler.ashx?Task=1&ID=../CUSTOM/CustomField24.png"
"AK Optics Co. Ltd.","https://expo.semi.org/china2026/Public/eBooth.aspx?IndexInList=24&FromPage=Exhibitors.aspx&ParentBoothID=&ListByBooth=true&BoothID=637253","2325","https://expo.semi.org/china2026/Public/eventmap.aspx?MapItBoothID=637253&MapItBooth=2325","https://expo.semi.org/china2026/Public/imgHandler.ashx?Task=1&ID=../CUSTOM/CustomField24.png"
"Akribis Systems (Shanghai) Co.,Ltd","https://expo.semi.org/china2026/Public/eBooth.aspx?IndexInList=25&FromPage=Exhibitors.aspx&ParentBoothID=&ListByBooth=true&BoothID=640494","7355","https://expo.semi.org/china2026/Public/eventmap.aspx?MapItBoothID=640494&MapItBooth=7355","https://expo.semi.org/china2026/Public/imgHandler.ashx?Task=1&ID=../CUSTOM/CustomField24.png"
"Allied Fluor Technology Application (Liaoning) Co., Ltd","https://expo.semi.org/china2026/Public/eBooth.aspx?IndexInList=26&FromPage=Exhibitors.aspx&ParentBoothID=&ListByBooth=true&BoothID=668318","5522","https://expo.semi.org/china2026/Public/eventmap.aspx?MapItBoothID=668318&MapItBooth=5522","https://expo.semi.org/china2026/Public/imgHandler.ashx?Task=1&ID=../CUSTOM/CustomField24.png"
"Allied Supreme (Jia Xing) Corp.","https://expo.semi.org/china2026/Public/eBooth.aspx?IndexInList=27&FromPage=Exhibitors.aspx&ParentBoothID=&ListByBooth=true&BoothID=638417","4181","https://expo.semi.org/china2026/Public/eventmap.aspx?MapItBoothID=638417&MapItBooth=4181","https://expo.semi.org/china2026/Public/imgHandler.ashx?Task=1&ID=../CUSTOM/CustomField24.png"
"Alltech Electronic Technology Co.Ltd","https://expo.semi.org/china2026/Public/eBooth.aspx?IndexInList=28&FromPage=Exhibitors.aspx&ParentBoothID=&ListByBooth=true&BoothID=640790","7659","https://expo.semi.org/china2026/Public/eventmap.aspx?MapItBoothID=640790&MapItBooth=7659","https://expo.semi.org/china2026/Public/imgHandler.ashx?Task=1&ID=../CUSTOM/CustomField24.png"
"Alpharmaca. Inc.","https://expo.semi.org/china2026/Public/eBooth.aspx?IndexInList=29&FromPage=Exhibitors.aspx&ParentBoothID=&ListByBooth=true&BoothID=649442","T4311","https://expo.semi.org/china2026/Public/eventmap.aspx?MapItBoothID=649442&MapItBooth=T4311","https://expo.semi.org/china2026/Public/imgHandler.ashx?Task=1&ID=../CUSTOM/CustomField24.png"
"AM (zhengzhou) Interlligent Equlpment Co.. Ltd","https://expo.semi.org/china2026/Public/eBooth.aspx?IndexInList=30&FromPage=Exhibitors.aspx&ParentBoothID=&ListByBooth=true&BoothID=641225","T1136","https://expo.semi.org/china2026/Public/eventmap.aspx?MapItBoothID=641225&MapItBooth=T1136","https://expo.semi.org/china2026/Public/imgHandler.ashx?Task=1&ID=../CUSTOM/CustomField24.png"
"Amber Intelligence Semiconductor Equipment (Shanghai) Co.,LTD","https://expo.semi.org/china2026/Public/eBooth.aspx?IndexInList=31&FromPage=Exhibitors.aspx&ParentBoothID=&ListByBooth=true&BoothID=641604","T3178","https://expo.semi.org/china2026/Public/eventmap.aspx?MapItBoothID=641604&MapItBooth=T3178","https://expo.semi.org/china2026/Public/imgHandler.ashx?Task=1&ID=../CUSTOM/CustomField24.png"
"American Tec Co. Ltd","https://expo.semi.org/china2026/Public/eBooth.aspx?IndexInList=32&FromPage=Exhibitors.aspx&ParentBoothID=&ListByBooth=true&BoothID=638409","4163","https://expo.semi.org/china2026/Public/eventmap.aspx?MapItBoothID=638409&MapItBooth=4163","https://expo.semi.org/china2026/Public/imgHandler.ashx?Task=1&ID=../CUSTOM/CustomField24.png"
"AMFLO Fluid Systems & Components Co., Ltd.","https://expo.semi.org/china2026/Public/eBooth.aspx?IndexInList=33&FromPage=Exhibitors.aspx&ParentBoothID=&ListByBooth=true&BoothID=639159","5263","https://expo.semi.org/china2026/Public/eventmap.aspx?MapItBoothID=639159&MapItBooth=5263","https://expo.semi.org/china2026/Public/imgHandler.ashx?Task=1&ID=../CUSTOM/CustomField24.png"
"AMIES Technology Co., Ltd.","https://expo.semi.org/china2026/Public/eBooth.aspx?IndexInList=34&FromPage=Exhibitors.aspx&ParentBoothID=&ListByBooth=true&BoothID=637174","2251","https://expo.semi.org/china2026/Public/eventmap.aspx?MapItBoothID=637174&MapItBooth=2251","https://expo.semi.org/china2026/Public/imgHandler.ashx?Task=1&ID=../CUSTOM/CustomField24.png"
"Anhui Argosun New Electronic Material Co., Ltd","https://expo.semi.org/china2026/Public/eBooth.aspx?IndexInList=35&FromPage=Exhibitors.aspx&ParentBoothID=&ListByBooth=true&BoothID=640572","7443","https://expo.semi.org/china2026/Public/eventmap.aspx?MapItBoothID=640572&MapItBooth=7443","https://expo.semi.org/china2026/Public/imgHandler.ashx?Task=1&ID=../CUSTOM/CustomField24.png"
"Anhui Bonhao semiconductor Technology Co., Ltd","https://expo.semi.org/china2026/Public/eBooth.aspx?IndexInList=36&FromPage=Exhibitors.aspx&ParentBoothID=&ListByBooth=true&BoothID=637435","2624","https://expo.semi.org/china2026/Public/eventmap.aspx?MapItBoothID=637435&MapItBooth=2624","https://expo.semi.org/china2026/Public/imgHandler.ashx?Task=1&ID=../CUSTOM/CustomField24.png"
"Anhui Botai Electronic Materials Co., Ltd","https://expo.semi.org/china2026/Public/eBooth.aspx?IndexInList=37&FromPage=Exhibitors.aspx&ParentBoothID=&ListByBooth=true&BoothID=639931","6172","https://expo.semi.org/china2026/Public/eventmap.aspx?MapItBoothID=639931&MapItBooth=6172","https://expo.semi.org/china2026/Public/imgHandler.ashx?Task=1&ID=../CUSTOM/CustomField24.png"
"Anhui Haitong Semiconductor Technology Co., LTD","https://expo.semi.org/china2026/Public/eBooth.aspx?IndexInList=38&FromPage=Exhibitors.aspx&ParentBoothID=&ListByBooth=true&BoothID=636743","1627","https://expo.semi.org/china2026/Public/eventmap.aspx?MapItBoothID=636743&MapItBooth=1627","https://expo.semi.org/china2026/Public/imgHandler.ashx?Task=1&ID=../CUSTOM/CustomField24.png"
"ANHUI HUACHU GLORY LIGHT CO.,LTD","https://expo.semi.org/china2026/Public/eBooth.aspx?IndexInList=39&FromPage=Exhibitors.aspx&ParentBoothID=&ListByBooth=true&BoothID=656516","T1431","https://expo.semi.org/china2026/Public/eventmap.aspx?MapItBoothID=656516&MapItBooth=T1431","https://expo.semi.org/china2026/Public/imgHandler.ashx?Task=1&ID=../CUSTOM/CustomField24.png"
"Anhui Jinyike Intelligent Equipment Co. , Ltd.","https://expo.semi.org/china2026/Public/eBooth.aspx?IndexInList=40&FromPage=Exhibitors.aspx&ParentBoothID=&ListByBooth=true&BoothID=640919","T0243","https://expo.semi.org/china2026/Public/eventmap.aspx?MapItBoothID=640919&MapItBooth=T0243","https://expo.semi.org/china2026/Public/imgHandler.ashx?Task=1&ID=../CUSTOM/CustomField24.png"
"Anhui Luxet Infrared Technology Co.,Ltd","https://expo.semi.org/china2026/Public/eBooth.aspx?IndexInList=41&FromPage=Exhibitors.aspx&ParentBoothID=&ListByBooth=true&BoothID=649972","1720","https://expo.semi.org/china2026/Public/eventmap.aspx?MapItBoothID=649972&MapItBooth=1720","https://expo.semi.org/china2026/Public/imgHandler.ashx?Task=1&ID=../CUSTOM/CustomField24.png"
"ANHUI ONE WEKLINPRECISION EQUIPMENT CO.,LTD","https://expo.semi.org/china2026/Public/eBooth.aspx?IndexInList=42&FromPage=Exhibitors.aspx&ParentBoothID=&ListByBooth=true&BoothID=641126","T1307","https://expo.semi.org/china2026/Public/eventmap.aspx?MapItBoothID=641126&MapItBooth=T1307","https://expo.semi.org/china2026/Public/imgHandler.ashx?Task=1&ID=../CUSTOM/CustomField24.png"
"Anhui SiLogic Semiconductor Technology Co., Ltd.","https://expo.semi.org/china2026/Public/eBooth.aspx?IndexInList=43&FromPage=Exhibitors.aspx&ParentBoothID=&ListByBooth=true&BoothID=668272","T3321","https://expo.semi.org/china2026/Public/eventmap.aspx?MapItBoothID=668272&MapItBooth=T3321","https://expo.semi.org/china2026/Public/imgHandler.ashx?Task=1&ID=../CUSTOM/CustomField24.png"
"Anhui Utest Electronics co.,Ltd","https://expo.semi.org/china2026/Public/eBooth.aspx?IndexInList=44&FromPage=Exhibitors.aspx&ParentBoothID=&ListByBooth=true&BoothID=640852","7715","https://expo.semi.org/china2026/Public/eventmap.aspx?MapItBoothID=640852&MapItBooth=7715","https://expo.semi.org/china2026/Public/imgHandler.ashx?Task=1&ID=../CUSTOM/CustomField24.png"
"Anhui Zhonghe Semiconductor Technology Co., Ltd.","https://expo.semi.org/china2026/Public/eBooth.aspx?IndexInList=45&FromPage=Exhibitors.aspx&ParentBoothID=&ListByBooth=true&BoothID=640115","6239","https://expo.semi.org/china2026/Public/eventmap.aspx?MapItBoothID=640115&MapItBooth=6239","https://expo.semi.org/china2026/Public/imgHandler.ashx?Task=1&ID=../CUSTOM/CustomField24.png"
"Anhui Zhongke Xinyuan Semiconductor Co., Ltd.","https://expo.semi.org/china2026/Public/eBooth.aspx?IndexInList=46&FromPage=Exhibitors.aspx&ParentBoothID=&ListByBooth=true&BoothID=640782","7643","https://expo.semi.org/china2026/Public/eventmap.aspx?MapItBoothID=640782&MapItBooth=7643","https://expo.semi.org/china2026/Public/imgHandler.ashx?Task=1&ID=../CUSTOM/CustomField24.png"
"Anji Microelectronics(Shanghai)Co.,Ltd.","https://expo.semi.org/china2026/Public/eBooth.aspx?IndexInList=47&FromPage=Exhibitors.aspx&ParentBoothID=&ListByBooth=true&BoothID=639170","5281","https://expo.semi.org/china2026/Public/eventmap.aspx?MapItBoothID=639170&MapItBooth=5281","https://expo.semi.org/china2026/Public/imgHandler.ashx?Task=1&ID=../CUSTOM/CustomField24.png"
"APK（Shanghai）Gas Co.,Ltd","https://expo.semi.org/china2026/Public/eBooth.aspx?IndexInList=48&FromPage=Exhibitors.aspx&ParentBoothID=&ListByBooth=true&BoothID=649428","T4211","https://expo.semi.org/china2026/Public/eventmap.aspx?MapItBoothID=649428&MapItBooth=T4211","https://expo.semi.org/china2026/Public/imgHandler.ashx?Task=1&ID=../CUSTOM/CustomField24.png"
"ARERBERTE (SUZHOU)TECHNOLOGY CO.,LTD","https://expo.semi.org/china2026/Public/eBooth.aspx?IndexInList=49&FromPage=Exhibitors.aspx&ParentBoothID=&ListByBooth=true&BoothID=637389","2523","https://expo.semi.org/china2026/Public/eventmap.aspx?MapItBoothID=637389&MapItBooth=2523","https://expo.semi.org/china2026/Public/imgHandler.ashx?Task=1&ID=../CUSTOM/CustomField24.png"
"Arkema (China) Investment Co., Ltd.","https://expo.semi.org/china2026/Public/eBooth.aspx?IndexInList=50&FromPage=Exhibitors.aspx&ParentBoothID=&ListByBooth=true&BoothID=662389","6377","https://expo.semi.org/china2026/Public/eventmap.aspx?MapItBoothID=662389&MapItBooth=6377","https://expo.semi.org/china2026/Public/imgHandler.ashx?Task=1&ID=../CUSTOM/CustomField24.png"
"Asahi Diamond Industrial Co., Ltd.","https://expo.semi.org/china2026/Public/eBooth.aspx?IndexInList=51&FromPage=Exhibitors.aspx&ParentBoothID=&ListByBooth=true&BoothID=638264","3683","https://expo.semi.org/china2026/Public/eventmap.aspx?MapItBoothID=638264&MapItBooth=3683","https://expo.semi.org/china2026/Public/imgHandler.ashx?Task=1&ID=../CUSTOM/CustomField24.png"
"Asahi Organic Chemicals Trading (Shanghai) Ltd.","https://expo.semi.org/china2026/Public/eBooth.aspx?IndexInList=52&FromPage=Exhibitors.aspx&ParentBoothID=&ListByBooth=true&BoothID=641642","T3367","https://expo.semi.org/china2026/Public/eventmap.aspx?MapItBoothID=641642&MapItBooth=T3367","https://expo.semi.org/china2026/Public/imgHandler.ashx?Task=1&ID=../CUSTOM/CustomField24.png"
"ASDEVICES(ASIA)LIMITED","https://expo.semi.org/china2026/Public/eBooth.aspx?IndexInList=53&FromPage=Exhibitors.aspx&ParentBoothID=&ListByBooth=true&BoothID=640026","6254","https://expo.semi.org/china2026/Public/eventmap.aspx?MapItBoothID=640026&MapItBooth=6254","https://expo.semi.org/china2026/Public/imgHandler.ashx?Task=1&ID=../CUSTOM/CustomField24.png"
"Asflow Semiconductor Technology (Suzhou) Co., Ltd","https://expo.semi.org/china2026/Public/eBooth.aspx?IndexInList=54&FromPage=Exhibitors.aspx&ParentBoothID=&ListByBooth=true&BoothID=640785","7649","https://expo.semi.org/china2026/Public/eventmap.aspx?MapItBoothID=640785&MapItBooth=7649","https://expo.semi.org/china2026/Public/imgHandler.ashx?Task=1&ID=../CUSTOM/CustomField24.png"
"Asian Valve Co.，Ltd.","https://expo.semi.org/china2026/Public/eBooth.aspx?IndexInList=55&FromPage=Exhibitors.aspx&ParentBoothID=&ListByBooth=true&BoothID=637109","2213","https://expo.semi.org/china2026/Public/eventmap.aspx?MapItBoothID=637109&MapItBooth=2213","https://expo.semi.org/china2026/Public/imgHandler.ashx?Task=1&ID=../CUSTOM/CustomField24.png"
"ASMADE (SHENZHEN) TECHNOLOGY LIMITED","https://expo.semi.org/china2026/Public/eBooth.aspx?IndexInList=56&FromPage=Exhibitors.aspx&ParentBoothID=&ListByBooth=true&BoothID=649421","T4212","https://expo.semi.org/china2026/Public/eventmap.aspx?MapItBoothID=649421&MapItBooth=T4212","https://expo.semi.org/china2026/Public/imgHandler.ashx?Task=1&ID=../CUSTOM/CustomField24.png"
"ASML","https://expo.semi.org/china2026/Public/eBooth.aspx?IndexInList=57&FromPage=Exhibitors.aspx&ParentBoothID=&ListByBooth=true&BoothID=663736","5401","https://expo.semi.org/china2026/Public/eventmap.aspx?MapItBoothID=663736&MapItBooth=5401","https://expo.semi.org/china2026/Public/imgHandler.ashx?Task=1&ID=../CUSTOM/CustomField24.png"
"Aspiring Semiconductor（Beijing）Co.,Ltd.","https://expo.semi.org/china2026/Public/eBooth.aspx?IndexInList=58&FromPage=Exhibitors.aspx&ParentBoothID=&ListByBooth=true&BoothID=679489","5511","https://expo.semi.org/china2026/Public/eventmap.aspx?MapItBoothID=679489&MapItBooth=5511","https://expo.semi.org/china2026/Public/imgHandler.ashx?Task=1&ID=../CUSTOM/CustomField24.png"
"Atoman(Xiamen) Optoelectronics Technology Co.,Ltd.","https://expo.semi.org/china2026/Public/eBooth.aspx?IndexInList=59&FromPage=Exhibitors.aspx&ParentBoothID=&ListByBooth=true&BoothID=637152","2310","https://expo.semi.org/china2026/Public/eventmap.aspx?MapItBoothID=637152&MapItBooth=2310","https://expo.semi.org/china2026/Public/imgHandler.ashx?Task=1&ID=../CUSTOM/CustomField24.png"
"Atomic Nano Materials and Equipment Co.,Ltd","https://expo.semi.org/china2026/Public/eBooth.aspx?IndexInList=60&FromPage=Exhibitors.aspx&ParentBoothID=&ListByBooth=true&BoothID=663472","1431","https://expo.semi.org/china2026/Public/eventmap.aspx?MapItBoothID=663472&MapItBooth=1431","https://expo.semi.org/china2026/Public/imgHandler.ashx?Task=1&ID=../CUSTOM/CustomField24.png"
"ATTL Advanced Materials Co., Ltd","https://expo.semi.org/china2026/Public/eBooth.aspx?IndexInList=61&FromPage=Exhibitors.aspx&ParentBoothID=&ListByBooth=true&BoothID=638452","4257","https://expo.semi.org/china2026/Public/eventmap.aspx?MapItBoothID=638452&MapItBooth=4257","https://expo.semi.org/china2026/Public/imgHandler.ashx?Task=1&ID=../CUSTOM/CustomField24.png"
"Atto Motion Instruments Technology Co., Ltd.","https://expo.semi.org/china2026/Public/eBooth.aspx?IndexInList=62&FromPage=Exhibitors.aspx&ParentBoothID=&ListByBooth=true&BoothID=640289","6753","https://expo.semi.org/china2026/Public/eventmap.aspx?MapItBoothID=640289&MapItBooth=6753","https://expo.semi.org/china2026/Public/imgHandler.ashx?Task=1&ID=../CUSTOM/CustomField24.png"
"Autowell Technology Co.,Ltd","https://expo.semi.org/china2026/Public/eBooth.aspx?IndexInList=63&FromPage=Exhibitors.aspx&ParentBoothID=&ListByBooth=true&BoothID=649216","4147","https://expo.semi.org/china2026/Public/eventmap.aspx?MapItBoothID=649216&MapItBooth=4147","https://expo.semi.org/china2026/Public/imgHandler.ashx?Task=1&ID=../CUSTOM/CustomField24.png"
"AVANT Semiconductor Equipment Co.,Ltd","https://expo.semi.org/china2026/Public/eBooth.aspx?IndexInList=64&FromPage=Exhibitors.aspx&ParentBoothID=&ListByBooth=true&BoothID=662387","6373","https://expo.semi.org/china2026/Public/eventmap.aspx?MapItBoothID=662387&MapItBooth=6373","https://expo.semi.org/china2026/Public/imgHandler.ashx?Task=1&ID=../CUSTOM/CustomField24.png"
"Bamac Electrical Equipment (Shanghai) Co.,Ltd","https://expo.semi.org/china2026/Public/eBooth.aspx?IndexInList=65&FromPage=Exhibitors.aspx&ParentBoothID=&ListByBooth=true&BoothID=641275","T2110","https://expo.semi.org/china2026/Public/eventmap.aspx?MapItBoothID=641275&MapItBooth=T2110","https://expo.semi.org/china2026/Public/imgHandler.ashx?Task=1&ID=../CUSTOM/CustomField24.png"
"Baoding North Special Gas Co., Ltd","https://expo.semi.org/china2026/Public/eBooth.aspx?IndexInList=66&FromPage=Exhibitors.aspx&ParentBoothID=&ListByBooth=true&BoothID=640412","7259","https://expo.semi.org/china2026/Public/eventmap.aspx?MapItBoothID=640412&MapItBooth=7259","https://expo.semi.org/china2026/Public/imgHandler.ashx?Task=1&ID=../CUSTOM/CustomField24.png"
"Baoji Hengye Non-ferrous Metal Technology Co., Ltd.","https://expo.semi.org/china2026/Public/eBooth.aspx?IndexInList=67&FromPage=Exhibitors.aspx&ParentBoothID=&ListByBooth=true&BoothID=649274","T4433","https://expo.semi.org/china2026/Public/eventmap.aspx?MapItBoothID=649274&MapItBooth=T4433",""
"Baud Technology Co., Ltd.","https://expo.semi.org/china2026/Public/eBooth.aspx?IndexInList=68&FromPage=Exhibitors.aspx&ParentBoothID=&ListByBooth=true&BoothID=638859","4645","https://expo.semi.org/china2026/Public/eventmap.aspx?MapItBoothID=638859&MapItBooth=4645","https://expo.semi.org/china2026/Public/imgHandler.ashx?Task=1&ID=../CUSTOM/CustomField24.png"
"Be First Technology Co., Ltd.","https://expo.semi.org/china2026/Public/eBooth.aspx?IndexInList=69&FromPage=Exhibitors.aspx&ParentBoothID=&ListByBooth=true&BoothID=637846","3277","https://expo.semi.org/china2026/Public/eventmap.aspx?MapItBoothID=637846&MapItBooth=3277","https://expo.semi.org/china2026/Public/imgHandler.ashx?Task=1&ID=../CUSTOM/CustomField24.png"
"Beijing Asherad Quartz Material Co., Ltd","https://expo.semi.org/china2026/Public/eBooth.aspx?IndexInList=70&FromPage=Exhibitors.aspx&ParentBoothID=&ListByBooth=true&BoothID=637167","2336","https://expo.semi.org/china2026/Public/eventmap.aspx?MapItBoothID=637167&MapItBooth=2336","https://expo.semi.org/china2026/Public/imgHandler.ashx?Task=1&ID=../CUSTOM/CustomField24.png"
"Beijing Asia Science & Technology Co., Ltd","https://expo.semi.org/china2026/Public/eBooth.aspx?IndexInList=71&FromPage=Exhibitors.aspx&ParentBoothID=&ListByBooth=true&BoothID=637365","2463","https://expo.semi.org/china2026/Public/eventmap.aspx?MapItBoothID=637365&MapItBooth=2463","https://expo.semi.org/china2026/Public/imgHandler.ashx?Task=1&ID=../CUSTOM/CustomField24.png"
"BEIJING AURASKY ELECTRONICS CO.，LTD.","https://expo.semi.org/china2026/Public/eBooth.aspx?IndexInList=72&FromPage=Exhibitors.aspx&ParentBoothID=&ListByBooth=true&BoothID=662417","6171","https://expo.semi.org/china2026/Public/eventmap.aspx?MapItBoothID=662417&MapItBooth=6171","https://expo.semi.org/china2026/Public/imgHandler.ashx?Task=1&ID=../CUSTOM/CustomField24.png"
"BEIJING BEIYI WOOSUNG VACUUM TECHNOLOGY CO., LTD","https://expo.semi.org/china2026/Public/eBooth.aspx?IndexInList=73&FromPage=Exhibitors.aspx&ParentBoothID=&ListByBooth=true&BoothID=639020","4144","https://expo.semi.org/china2026/Public/eventmap.aspx?MapItBoothID=639020&MapItBooth=4144",""
"Beijing CEC-TECH Co., Ltd","https://expo.semi.org/china2026/Public/eBooth.aspx?IndexInList=74&FromPage=Exhibitors.aspx&ParentBoothID=&ListByBooth=true&BoothID=662410","6270","https://expo.semi.org/china2026/Public/eventmap.aspx?MapItBoothID=662410&MapItBooth=6270","https://expo.semi.org/china2026/Public/imgHandler.ashx?Task=1&ID=../CUSTOM/CustomField24.png"
"Beijing CGB Technology Co., Ltd","https://expo.semi.org/china2026/Public/eBooth.aspx?IndexInList=75&FromPage=Exhibitors.aspx&ParentBoothID=&ListByBooth=true&BoothID=638494","4251","https://expo.semi.org/china2026/Public/eventmap.aspx?MapItBoothID=638494&MapItBooth=4251","https://expo.semi.org/china2026/Public/imgHandler.ashx?Task=1&ID=../CUSTOM/CustomField24.png"
"Beijing Chn-top Optical-Elertronic Technology Co., Ltd.","https://expo.semi.org/china2026/Public/eBooth.aspx?IndexInList=76&FromPage=Exhibitors.aspx&ParentBoothID=&ListByBooth=true&BoothID=637473","2607","https://expo.semi.org/china2026/Public/eventmap.aspx?MapItBoothID=637473&MapItBooth=2607","https://expo.semi.org/china2026/Public/imgHandler.ashx?Task=1&ID=../CUSTOM/CustomField24.png"
"Beijing Cowin Technology CO.,LTD","https://expo.semi.org/china2026/Public/eBooth.aspx?IndexInList=77&FromPage=Exhibitors.aspx&ParentBoothID=&ListByBooth=true&BoothID=649407","T4110","https://expo.semi.org/china2026/Public/eventmap.aspx?MapItBoothID=649407&MapItBooth=T4110","https://expo.semi.org/china2026/Public/imgHandler.ashx?Task=1&ID=../CUSTOM/CustomField24.png"
"Beijing CR Technology Co., Ltd.","https://expo.semi.org/china2026/Public/eBooth.aspx?IndexInList=78&FromPage=Exhibitors.aspx&ParentBoothID=&ListByBooth=true&BoothID=641290","T2103","https://expo.semi.org/china2026/Public/eventmap.aspx?MapItBoothID=641290&MapItBooth=T2103","https://expo.semi.org/china2026/Public/imgHandler.ashx?Task=1&ID=../CUSTOM/CustomField24.png"
"Beijing Doublink Solders Co., Ltd.","https://expo.semi.org/china2026/Public/eBooth.aspx?IndexInList=79&FromPage=Exhibitors.aspx&ParentBoothID=&ListByBooth=true&BoothID=640476","7319","https://expo.semi.org/china2026/Public/eventmap.aspx?MapItBoothID=640476&MapItBooth=7319","https://expo.semi.org/china2026/Public/imgHandler.ashx?Task=1&ID=../CUSTOM/CustomField24.png"
"Beijing Electronics Inspection and Metrology Equipment Co., Ltd.","https://expo.semi.org/china2026/Public/eBooth.aspx?IndexInList=80&FromPage=Exhibitors.aspx&ParentBoothID=&ListByBooth=true&BoothID=662436","2438","https://expo.semi.org/china2026/Public/eventmap.aspx?MapItBoothID=662436&MapItBooth=2438","https://expo.semi.org/china2026/Public/imgHandler.ashx?Task=1&ID=../CUSTOM/CustomField24.png"
"Beijing E-Town International Investment & Development Co., Ltd","https://expo.semi.org/china2026/Public/eBooth.aspx?IndexInList=81&FromPage=Exhibitors.aspx&ParentBoothID=&ListByBooth=true&BoothID=662842","1441","https://expo.semi.org/china2026/Public/eventmap.aspx?MapItBoothID=662842&MapItBooth=1441","https://expo.semi.org/china2026/Public/imgHandler.ashx?Task=1&ID=../CUSTOM/CustomField24.png"
"BeiJing E-Town Semiconductor Technology Co., LTD","https://expo.semi.org/china2026/Public/eBooth.aspx?IndexInList=82&FromPage=Exhibitors.aspx&ParentBoothID=&ListByBooth=true&BoothID=638310","3022","https://expo.semi.org/china2026/Public/eventmap.aspx?MapItBoothID=638310&MapItBooth=3022","https://expo.semi.org/china2026/Public/imgHandler.ashx?Task=1&ID=../CUSTOM/CustomField24.png"
"Beijing Grish Hitech Co., Ltd.","https://expo.semi.org/china2026/Public/eBooth.aspx?IndexInList=83&FromPage=Exhibitors.aspx&ParentBoothID=&ListByBooth=true&BoothID=637573","2722","https://expo.semi.org/china2026/Public/eventmap.aspx?MapItBoothID=637573&MapItBooth=2722","https://expo.semi.org/china2026/Public/imgHandler.ashx?Task=1&ID=../CUSTOM/CustomField24.png"
"Beijing Gritek & IVT Technology Co., Ltd","https://expo.semi.org/china2026/Public/eBooth.aspx?IndexInList=84&FromPage=Exhibitors.aspx&ParentBoothID=&ListByBooth=true&BoothID=649285","T4411","https://expo.semi.org/china2026/Public/eventmap.aspx?MapItBoothID=649285&MapItBooth=T4411","https://expo.semi.org/china2026/Public/imgHandler.ashx?Task=1&ID=../CUSTOM/CustomField24.png"
"Beijing Heqi Precision Technology Ltd","https://expo.semi.org/china2026/Public/eBooth.aspx?IndexInList=85&FromPage=Exhibitors.aspx&ParentBoothID=&ListByBooth=true&BoothID=639080","5189","https://expo.semi.org/china2026/Public/eventmap.aspx?MapItBoothID=639080&MapItBooth=5189","https://expo.semi.org/china2026/Public/imgHandler.ashx?Task=1&ID=../CUSTOM/CustomField24.png"
"Beijing HollySys Intelligent Technologies Co., Ltd.","https://expo.semi.org/china2026/Public/eBooth.aspx?IndexInList=86&FromPage=Exhibitors.aspx&ParentBoothID=&ListByBooth=true&BoothID=668310","3758","https://expo.semi.org/china2026/Public/eventmap.aspx?MapItBoothID=668310&MapItBooth=3758","https://expo.semi.org/china2026/Public/imgHandler.ashx?Task=1&ID=../CUSTOM/CustomField24.png"
"Beijing HuaChengQingDa Technology Co.,LTD","https://expo.semi.org/china2026/Public/eBooth.aspx?IndexInList=87&FromPage=Exhibitors.aspx&ParentBoothID=&ListByBooth=true&BoothID=639781","6655","https://expo.semi.org/china2026/Public/eventmap.aspx?MapItBoothID=639781&MapItBooth=6655","https://expo.semi.org/china2026/Public/imgHandler.ashx?Task=1&ID=../CUSTOM/CustomField24.png"
"Beijing Jingyi Automation Equipment Co., Ltd","https://expo.semi.org/china2026/Public/eBooth.aspx?IndexInList=88&FromPage=Exhibitors.aspx&ParentBoothID=&ListByBooth=true&BoothID=637461","2571","https://expo.semi.org/china2026/Public/eventmap.aspx?MapItBoothID=637461&MapItBooth=2571","https://expo.semi.org/china2026/Public/imgHandler.ashx?Task=1&ID=../CUSTOM/CustomField24.png"
"Beijing Kaide Quartz Corporation","https://expo.semi.org/china2026/Public/eBooth.aspx?IndexInList=89&FromPage=Exhibitors.aspx&ParentBoothID=&ListByBooth=true&BoothID=639131","5201","https://expo.semi.org/china2026/Public/eventmap.aspx?MapItBoothID=639131&MapItBooth=5201","https://expo.semi.org/china2026/Public/imgHandler.ashx?Task=1&ID=../CUSTOM/CustomField24.png"
"Beijing Leice Technology Co.,Ltd.","https://expo.semi.org/china2026/Public/eBooth.aspx?IndexInList=90&FromPage=Exhibitors.aspx&ParentBoothID=&ListByBooth=true&BoothID=677703","5512","https://expo.semi.org/china2026/Public/eventmap.aspx?MapItBoothID=677703&MapItBooth=5512","https://expo.semi.org/china2026/Public/imgHandler.ashx?Task=1&ID=../CUSTOM/CustomField24.png"
"Beijing Longsun Technology Co., Ltd.","https://expo.semi.org/china2026/Public/eBooth.aspx?IndexInList=91&FromPage=Exhibitors.aspx&ParentBoothID=&ListByBooth=true&BoothID=637466","2585","https://expo.semi.org/china2026/Public/eventmap.aspx?MapItBoothID=637466&MapItBooth=2585","https://expo.semi.org/china2026/Public/imgHandler.ashx?Task=1&ID=../CUSTOM/CustomField24.png"
"Beijing NAURA Microelectronics Equipment Co.,Ltd.","https://expo.semi.org/china2026/Public/eBooth.aspx?IndexInList=92&FromPage=Exhibitors.aspx&ParentBoothID=&ListByBooth=true&BoothID=638015","3441","https://expo.semi.org/china2026/Public/eventmap.aspx?MapItBoothID=638015&MapItBooth=3441","https://expo.semi.org/china2026/Public/imgHandler.ashx?Task=1&ID=../CUSTOM/CustomField24.png"
"Beijing Opton Optical Technology Co., Ltd","https://expo.semi.org/china2026/Public/eBooth.aspx?IndexInList=93&FromPage=Exhibitors.aspx&ParentBoothID=&ListByBooth=true&BoothID=662420","6177","https://expo.semi.org/china2026/Public/eventmap.aspx?MapItBoothID=662420&MapItBooth=6177","https://expo.semi.org/china2026/Public/imgHandler.ashx?Task=1&ID=../CUSTOM/CustomField24.png"
"BeiJing REJE Automation Co., Ltd","https://expo.semi.org/china2026/Public/eBooth.aspx?IndexInList=94&FromPage=Exhibitors.aspx&ParentBoothID=&ListByBooth=true&BoothID=640812","7014","https://expo.semi.org/china2026/Public/eventmap.aspx?MapItBoothID=640812&MapItBooth=7014","https://expo.semi.org/china2026/Public/imgHandler.ashx?Task=1&ID=../CUSTOM/CustomField24.png"
"Beijing Sanpower Electronics Co., Ltd","https://expo.semi.org/china2026/Public/eBooth.aspx?IndexInList=95&FromPage=Exhibitors.aspx&ParentBoothID=&ListByBooth=true&BoothID=645017","4784","https://expo.semi.org/china2026/Public/eventmap.aspx?MapItBoothID=645017&MapItBooth=4784","https://expo.semi.org/china2026/Public/imgHandler.ashx?Task=1&ID=../CUSTOM/CustomField24.png"
"Beijing Sineva Technology Co.,Ltd","https://expo.semi.org/china2026/Public/eBooth.aspx?IndexInList=96&FromPage=Exhibitors.aspx&ParentBoothID=&ListByBooth=true&BoothID=641242","T1143","https://expo.semi.org/china2026/Public/eventmap.aspx?MapItBoothID=641242&MapItBooth=T1143","https://expo.semi.org/china2026/Public/imgHandler.ashx?Task=1&ID=../CUSTOM/CustomField24.png"
"Beijing Sinodynetest Science&Technology Co .,Ltd","https://expo.semi.org/china2026/Public/eBooth.aspx?IndexInList=97&FromPage=Exhibitors.aspx&ParentBoothID=&ListByBooth=true&BoothID=640805","7000","https://expo.semi.org/china2026/Public/eventmap.aspx?MapItBoothID=640805&MapItBooth=7000","https://expo.semi.org/china2026/Public/imgHandler.ashx?Task=1&ID=../CUSTOM/CustomField24.png"
"BEIJING TORCH SMT INCORPORATED COMPANY","https://expo.semi.org/china2026/Public/eBooth.aspx?IndexInList=98&FromPage=Exhibitors.aspx&ParentBoothID=&ListByBooth=true&BoothID=638901","4139","https://expo.semi.org/china2026/Public/eventmap.aspx?MapItBoothID=638901&MapItBooth=4139",""
"Beijing TSD Semiconductor Co.,Ltd.","https://expo.semi.org/china2026/Public/eBooth.aspx?IndexInList=99&FromPage=Exhibitors.aspx&ParentBoothID=&ListByBooth=true&BoothID=637242","2301","https://expo.semi.org/china2026/Public/eventmap.aspx?MapItBoothID=637242&MapItBooth=2301","https://expo.semi.org/china2026/Public/imgHandler.ashx?Task=1&ID=../CUSTOM/CustomField24.png"
"Beijing Vikaitech Ltd.","https://expo.semi.org/china2026/Public/eBooth.aspx?IndexInList=100&FromPage=Exhibitors.aspx&ParentBoothID=&ListByBooth=true&BoothID=641845","T2128","https://expo.semi.org/china2026/Public/eventmap.aspx?MapItBoothID=641845&MapItBooth=T2128","https://expo.semi.org/china2026/Public/imgHandler.ashx?Task=1&ID=../CUSTOM/CustomField24.png"
"Beijing WellinTech Co.,Ltd.","https://expo.semi.org/china2026/Public/eBooth.aspx?IndexInList=101&FromPage=Exhibitors.aspx&ParentBoothID=&ListByBooth=true&BoothID=640961","T0209","https://expo.semi.org/china2026/Public/eventmap.aspx?MapItBoothID=640961&MapItBooth=T0209","https://expo.semi.org/china2026/Public/imgHandler.ashx?Task=1&ID=../CUSTOM/CustomField24.png"
"Beijing WFR Semiconductor Technology Co.,Ltd.","https://expo.semi.org/china2026/Public/eBooth.aspx?IndexInList=102&FromPage=Exhibitors.aspx&ParentBoothID=&ListByBooth=true&BoothID=641786","T3211","https://expo.semi.org/china2026/Public/eventmap.aspx?MapItBoothID=641786&MapItBooth=T3211","https://expo.semi.org/china2026/Public/imgHandler.ashx?Task=1&ID=../CUSTOM/CustomField24.png"
"Beijing Xiantec Technology Ltd.","https://expo.semi.org/china2026/Public/eBooth.aspx?IndexInList=103&FromPage=Exhibitors.aspx&ParentBoothID=&ListByBooth=true&BoothID=638357","3140","https://expo.semi.org/china2026/Public/eventmap.aspx?MapItBoothID=638357&MapItBooth=3140","https://expo.semi.org/china2026/Public/imgHandler.ashx?Task=1&ID=../CUSTOM/CustomField24.png"
"Beijing Zhongxiangying Technology Co., Ltd","https://expo.semi.org/china2026/Public/eBooth.aspx?IndexInList=104&FromPage=Exhibitors.aspx&ParentBoothID=&ListByBooth=true&BoothID=663547","5331","https://expo.semi.org/china2026/Public/eventmap.aspx?MapItBoothID=663547&MapItBooth=5331","https://expo.semi.org/china2026/Public/imgHandler.ashx?Task=1&ID=../CUSTOM/CustomField24.png"
"Best Compound Semiconductor Co.,Ltd.","https://expo.semi.org/china2026/Public/eBooth.aspx?IndexInList=105&FromPage=Exhibitors.aspx&ParentBoothID=&ListByBooth=true&BoothID=637658","2118","https://expo.semi.org/china2026/Public/eventmap.aspx?MapItBoothID=637658&MapItBooth=2118","https://expo.semi.org/china2026/Public/imgHandler.ashx?Task=1&ID=../CUSTOM/CustomField24.png"
"Betone Technology Shanghai, Inc.","https://expo.semi.org/china2026/Public/eBooth.aspx?IndexInList=106&FromPage=Exhibitors.aspx&ParentBoothID=&ListByBooth=true&BoothID=663595","T3317","https://expo.semi.org/china2026/Public/eventmap.aspx?MapItBoothID=663595&MapItBooth=T3317","https://expo.semi.org/china2026/Public/imgHandler.ashx?Task=1&ID=../CUSTOM/CustomField24.png"
"BETTER PURO MATERIAL CO.,LTD","https://expo.semi.org/china2026/Public/eBooth.aspx?IndexInList=107&FromPage=Exhibitors.aspx&ParentBoothID=&ListByBooth=true&BoothID=640952","T0313","https://expo.semi.org/china2026/Public/eventmap.aspx?MapItBoothID=640952&MapItBooth=T0313","https://expo.semi.org/china2026/Public/imgHandler.ashx?Task=1&ID=../CUSTOM/CustomField24.png"
"BJCORE（SHENZHEN) SEMICONDUCTOR CO.,LTD","https://expo.semi.org/china2026/Public/eBooth.aspx?IndexInList=108&FromPage=Exhibitors.aspx&ParentBoothID=&ListByBooth=true&BoothID=641776","T3308","https://expo.semi.org/china2026/Public/eventmap.aspx?MapItBoothID=641776&MapItBooth=T3308","https://expo.semi.org/china2026/Public/imgHandler.ashx?Task=1&ID=../CUSTOM/CustomField24.png"
"Boffotto Semiconductor Co., Ltd.","https://expo.semi.org/china2026/Public/eBooth.aspx?IndexInList=109&FromPage=Exhibitors.aspx&ParentBoothID=&ListByBooth=true&BoothID=662395","6372","https://expo.semi.org/china2026/Public/eventmap.aspx?MapItBoothID=662395&MapItBooth=6372","https://expo.semi.org/china2026/Public/imgHandler.ashx?Task=1&ID=../CUSTOM/CustomField24.png"
"Bona Semiconductor Equipment (Zhejiang) Co.,Ltd","https://expo.semi.org/china2026/Public/eBooth.aspx?IndexInList=110&FromPage=Exhibitors.aspx&ParentBoothID=&ListByBooth=true&BoothID=662424","6183","https://expo.semi.org/china2026/Public/eventmap.aspx?MapItBoothID=662424&MapItBooth=6183","https://expo.semi.org/china2026/Public/imgHandler.ashx?Task=1&ID=../CUSTOM/CustomField24.png"
"Bonotec Electronic Materials Co., Ltd.","https://expo.semi.org/china2026/Public/eBooth.aspx?IndexInList=111&FromPage=Exhibitors.aspx&ParentBoothID=&ListByBooth=true&BoothID=639783","6659","https://expo.semi.org/china2026/Public/eventmap.aspx?MapItBoothID=639783&MapItBooth=6659","https://expo.semi.org/china2026/Public/imgHandler.ashx?Task=1&ID=../CUSTOM/CustomField24.png"
"BOTH ENGINEERING TECHNOLOGY CO.,LTD.","https://expo.semi.org/china2026/Public/eBooth.aspx?IndexInList=112&FromPage=Exhibitors.aspx&ParentBoothID=&ListByBooth=true&BoothID=639818","6804","https://expo.semi.org/china2026/Public/eventmap.aspx?MapItBoothID=639818&MapItBooth=6804","https://expo.semi.org/china2026/Public/imgHandler.ashx?Task=1&ID=../CUSTOM/CustomField24.png"
"BOTONG PRECISION TECHNOLOGY（ZHEJIANG）CO.,LTD","https://expo.semi.org/china2026/Public/eBooth.aspx?IndexInList=113&FromPage=Exhibitors.aspx&ParentBoothID=&ListByBooth=true&BoothID=639780","6653","https://expo.semi.org/china2026/Public/eventmap.aspx?MapItBoothID=639780&MapItBooth=6653","https://expo.semi.org/china2026/Public/imgHandler.ashx?Task=1&ID=../CUSTOM/CustomField24.png"
"Boyd (Shanghai) Technologies Ltd","https://expo.semi.org/china2026/Public/eBooth.aspx?IndexInList=114&FromPage=Exhibitors.aspx&ParentBoothID=&ListByBooth=true&BoothID=640954","T0410","https://expo.semi.org/china2026/Public/eventmap.aspx?MapItBoothID=640954&MapItBooth=T0410","https://expo.semi.org/china2026/Public/imgHandler.ashx?Task=1&ID=../CUSTOM/CustomField24.png"
"Braun & Quarld Quartz Glass Lianyungang Ltd.","https://expo.semi.org/china2026/Public/eBooth.aspx?IndexInList=115&FromPage=Exhibitors.aspx&ParentBoothID=&ListByBooth=true&BoothID=639022","4154","https://expo.semi.org/china2026/Public/eventmap.aspx?MapItBoothID=639022&MapItBooth=4154","https://expo.semi.org/china2026/Public/imgHandler.ashx?Task=1&ID=../CUSTOM/CustomField24.png"
"Bright Stars Technologies Co.,Ltd","https://expo.semi.org/china2026/Public/eBooth.aspx?IndexInList=116&FromPage=Exhibitors.aspx&ParentBoothID=&ListByBooth=true&BoothID=649974","1724","https://expo.semi.org/china2026/Public/eventmap.aspx?MapItBoothID=649974&MapItBooth=1724","https://expo.semi.org/china2026/Public/imgHandler.ashx?Task=1&ID=../CUSTOM/CustomField24.png"
"Bronkhorst (Shanghai) Instrumentation Trading Co., ltd","https://expo.semi.org/china2026/Public/eBooth.aspx?IndexInList=117&FromPage=Exhibitors.aspx&ParentBoothID=&ListByBooth=true&BoothID=649406","T4112","https://expo.semi.org/china2026/Public/eventmap.aspx?MapItBoothID=649406&MapItBooth=T4112","https://expo.semi.org/china2026/Public/imgHandler.ashx?Task=1&ID=../CUSTOM/CustomField24.png"
"Bruker (Beijing) Scientific Technology Co., Ltd","https://expo.semi.org/china2026/Public/eBooth.aspx?IndexInList=118&FromPage=Exhibitors.aspx&ParentBoothID=&ListByBooth=true&BoothID=639988","6359","https://expo.semi.org/china2026/Public/eventmap.aspx?MapItBoothID=639988&MapItBooth=6359","https://expo.semi.org/china2026/Public/imgHandler.ashx?Task=1&ID=../CUSTOM/CustomField24.png"
"Burkert Fluid Control Systems (Shanghai) Co., Ltd.","https://expo.semi.org/china2026/Public/eBooth.aspx?IndexInList=119&FromPage=Exhibitors.aspx&ParentBoothID=&ListByBooth=true&BoothID=649434","T4314","https://expo.semi.org/china2026/Public/eventmap.aspx?MapItBoothID=649434&MapItBooth=T4314","https://expo.semi.org/china2026/Public/imgHandler.ashx?Task=1&ID=../CUSTOM/CustomField24.png"
"CAMTEK KOREA LTD.","https://expo.semi.org/china2026/Public/eBooth.aspx?IndexInList=120&FromPage=Exhibitors.aspx&ParentBoothID=&ListByBooth=true&BoothID=642677","4775","https://expo.semi.org/china2026/Public/eventmap.aspx?MapItBoothID=642677&MapItBooth=4775","https://expo.semi.org/china2026/Public/imgHandler.ashx?Task=1&ID=../CUSTOM/CustomField24.png"
"Capcon Limited Co., Ltd","https://expo.semi.org/china2026/Public/eBooth.aspx?IndexInList=121&FromPage=Exhibitors.aspx&ParentBoothID=&ListByBooth=true&BoothID=678720","1645","https://expo.semi.org/china2026/Public/eventmap.aspx?MapItBoothID=678720&MapItBooth=1645","https://expo.semi.org/china2026/Public/imgHandler.ashx?Task=1&ID=../CUSTOM/CustomField24.png"
"Capital semicon technology suzhou Co.,Ltd","https://expo.semi.org/china2026/Public/eBooth.aspx?IndexInList=122&FromPage=Exhibitors.aspx&ParentBoothID=&ListByBooth=true&BoothID=641847","T2123","https://expo.semi.org/china2026/Public/eventmap.aspx?MapItBoothID=641847&MapItBooth=T2123","https://expo.semi.org/china2026/Public/imgHandler.ashx?Task=1&ID=../CUSTOM/CustomField24.png"
"Carl Zeiss (Shanghai) Co., Ltd","https://expo.semi.org/china2026/Public/eBooth.aspx?IndexInList=123&FromPage=Exhibitors.aspx&ParentBoothID=&ListByBooth=true&BoothID=637095","2177","https://expo.semi.org/china2026/Public/eventmap.aspx?MapItBoothID=637095&MapItBooth=2177","https://expo.semi.org/china2026/Public/imgHandler.ashx?Task=1&ID=../CUSTOM/CustomField24.png"
"CETC Electronics Equipment Group Co., LTD","https://expo.semi.org/china2026/Public/eBooth.aspx?IndexInList=124&FromPage=Exhibitors.aspx&ParentBoothID=&ListByBooth=true&BoothID=638122","3471","https://expo.semi.org/china2026/Public/eventmap.aspx?MapItBoothID=638122&MapItBooth=3471","https://expo.semi.org/china2026/Public/imgHandler.ashx?Task=1&ID=../CUSTOM/CustomField24.png"
"CHANG ZHOU YUYU ELECTRIC LIGHT APPARATUS CO.,LTD","https://expo.semi.org/china2026/Public/eBooth.aspx?IndexInList=125&FromPage=Exhibitors.aspx&ParentBoothID=&ListByBooth=true&BoothID=639775","6643","https://expo.semi.org/china2026/Public/eventmap.aspx?MapItBoothID=639775&MapItBooth=6643","https://expo.semi.org/china2026/Public/imgHandler.ashx?Task=1&ID=../CUSTOM/CustomField24.png"
"Changchun Changguang Yuanchen Microelectronic Technology Co., Ltd.","https://expo.semi.org/china2026/Public/eBooth.aspx?IndexInList=126&FromPage=Exhibitors.aspx&ParentBoothID=&ListByBooth=true&BoothID=639422","5537","https://expo.semi.org/china2026/Public/eventmap.aspx?MapItBoothID=639422&MapItBooth=5537","https://expo.semi.org/china2026/Public/imgHandler.ashx?Task=1&ID=../CUSTOM/CustomField24.png"
"ChangChun GuangHua Micro-Electronics Equipment Engineering Center Co., Ltd.","https://expo.semi.org/china2026/Public/eBooth.aspx?IndexInList=127&FromPage=Exhibitors.aspx&ParentBoothID=&ListByBooth=true&BoothID=638573","4323","https://expo.semi.org/china2026/Public/eventmap.aspx?MapItBoothID=638573&MapItBooth=4323",""
"Changchun Institute of Optics, Fine Mechanics and Physics, CAS","https://expo.semi.org/china2026/Public/eBooth.aspx?IndexInList=128&FromPage=Exhibitors.aspx&ParentBoothID=&ListByBooth=true&BoothID=679740","1427","https://expo.semi.org/china2026/Public/eventmap.aspx?MapItBoothID=679740&MapItBooth=1427",""
"Changsha AnMuQuan Intelligent Technology Co.,Ltd","https://expo.semi.org/china2026/Public/eBooth.aspx?IndexInList=129&FromPage=Exhibitors.aspx&ParentBoothID=&ListByBooth=true&BoothID=639641","5721","https://expo.semi.org/china2026/Public/eventmap.aspx?MapItBoothID=639641&MapItBooth=5721","https://expo.semi.org/china2026/Public/imgHandler.ashx?Task=1&ID=../CUSTOM/CustomField24.png"
"CHANGZHOU FLUORO TECH CO.,LTD.","https://expo.semi.org/china2026/Public/eBooth.aspx?IndexInList=130&FromPage=Exhibitors.aspx&ParentBoothID=&ListByBooth=true&BoothID=640129","6226","https://expo.semi.org/china2026/Public/eventmap.aspx?MapItBoothID=640129&MapItBooth=6226","https://expo.semi.org/china2026/Public/imgHandler.ashx?Task=1&ID=../CUSTOM/CustomField24.png"
"Changzhou Junwei Semiconductor Technology Co.,Ltd.","https://expo.semi.org/china2026/Public/eBooth.aspx?IndexInList=131&FromPage=Exhibitors.aspx&ParentBoothID=&ListByBooth=true&BoothID=641595","T3164","https://expo.semi.org/china2026/Public/eventmap.aspx?MapItBoothID=641595&MapItBooth=T3164","https://expo.semi.org/china2026/Public/imgHandler.ashx?Task=1&ID=../CUSTOM/CustomField24.png"
"Changzhou Lemeng Pressure Vessel Co.,Ltd.","https://expo.semi.org/china2026/Public/eBooth.aspx?IndexInList=132&FromPage=Exhibitors.aspx&ParentBoothID=&ListByBooth=true&BoothID=641856","T2118","https://expo.semi.org/china2026/Public/eventmap.aspx?MapItBoothID=641856&MapItBooth=T2118","https://expo.semi.org/china2026/Public/imgHandler.ashx?Task=1&ID=../CUSTOM/CustomField24.png"
"Changzhou Mingseal Robot Technology Co., Ltd","https://expo.semi.org/china2026/Public/eBooth.aspx?IndexInList=133&FromPage=Exhibitors.aspx&ParentBoothID=&ListByBooth=true&BoothID=641184","T1217","https://expo.semi.org/china2026/Public/eventmap.aspx?MapItBoothID=641184&MapItBooth=T1217","https://expo.semi.org/china2026/Public/imgHandler.ashx?Task=1&ID=../CUSTOM/CustomField24.png"
"Changzhou Ruize Microelectronics Co., Ltd","https://expo.semi.org/china2026/Public/eBooth.aspx?IndexInList=134&FromPage=Exhibitors.aspx&ParentBoothID=&ListByBooth=true&BoothID=637481","2623","https://expo.semi.org/china2026/Public/eventmap.aspx?MapItBoothID=637481&MapItBooth=2623","https://expo.semi.org/china2026/Public/imgHandler.ashx?Task=1&ID=../CUSTOM/CustomField24.png"
"Changzhou S.C Exact Equipment Co.,Ltd","https://expo.semi.org/china2026/Public/eBooth.aspx?IndexInList=135&FromPage=Exhibitors.aspx&ParentBoothID=&ListByBooth=true&BoothID=641036","T0117","https://expo.semi.org/china2026/Public/eventmap.aspx?MapItBoothID=641036&MapItBooth=T0117","https://expo.semi.org/china2026/Public/imgHandler.ashx?Task=1&ID=../CUSTOM/CustomField24.png"
"CHANGZHOU TRONLY NEW ELECTRONIC MATERIALS CO., LTD.","https://expo.semi.org/china2026/Public/eBooth.aspx?IndexInList=136&FromPage=Exhibitors.aspx&ParentBoothID=&ListByBooth=true&BoothID=649427","T4213","https://expo.semi.org/china2026/Public/eventmap.aspx?MapItBoothID=649427&MapItBooth=T4213","https://expo.semi.org/china2026/Public/imgHandler.ashx?Task=1&ID=../CUSTOM/CustomField24.png"
"Chart Automation System Co., Ltd","https://expo.semi.org/china2026/Public/eBooth.aspx?IndexInList=137&FromPage=Exhibitors.aspx&ParentBoothID=&ListByBooth=true&BoothID=638597","4371","https://expo.semi.org/china2026/Public/eventmap.aspx?MapItBoothID=638597&MapItBooth=4371","https://expo.semi.org/china2026/Public/imgHandler.ashx?Task=1&ID=../CUSTOM/CustomField24.png"
"Chengdu ArTech Specialty Graphite Co., Ltd.","https://expo.semi.org/china2026/Public/eBooth.aspx?IndexInList=138&FromPage=Exhibitors.aspx&ParentBoothID=&ListByBooth=true&BoothID=642862","6626","https://expo.semi.org/china2026/Public/eventmap.aspx?MapItBoothID=642862&MapItBooth=6626","https://expo.semi.org/china2026/Public/imgHandler.ashx?Task=1&ID=../CUSTOM/CustomField24.png"
"Chengdu Carbon Material Co., Ltd.","https://expo.semi.org/china2026/Public/eBooth.aspx?IndexInList=139&FromPage=Exhibitors.aspx&ParentBoothID=&ListByBooth=true&BoothID=665903","T3261","https://expo.semi.org/china2026/Public/eventmap.aspx?MapItBoothID=665903&MapItBooth=T3261","https://expo.semi.org/china2026/Public/imgHandler.ashx?Task=1&ID=../CUSTOM/CustomField24.png"
"Chengdu ECHINT IC Co.,Ltd.","https://expo.semi.org/china2026/Public/eBooth.aspx?IndexInList=140&FromPage=Exhibitors.aspx&ParentBoothID=&ListByBooth=true&BoothID=639645","5737","https://expo.semi.org/china2026/Public/eventmap.aspx?MapItBoothID=639645&MapItBooth=5737","https://expo.semi.org/china2026/Public/imgHandler.ashx?Task=1&ID=../CUSTOM/CustomField24.png"
"Chengdu LasTop Tech Co., Ltd","https://expo.semi.org/china2026/Public/eBooth.aspx?IndexInList=141&FromPage=Exhibitors.aspx&ParentBoothID=&ListByBooth=true&BoothID=640473","7313","https://expo.semi.org/china2026/Public/eventmap.aspx?MapItBoothID=640473&MapItBooth=7313","https://expo.semi.org/china2026/Public/imgHandler.ashx?Task=1&ID=../CUSTOM/CustomField24.png"
"Chengdu Qihang Electrics Co., Ltd","https://expo.semi.org/china2026/Public/eBooth.aspx?IndexInList=142&FromPage=Exhibitors.aspx&ParentBoothID=&ListByBooth=true&BoothID=649420","T4214","https://expo.semi.org/china2026/Public/eventmap.aspx?MapItBoothID=649420&MapItBooth=T4214","https://expo.semi.org/china2026/Public/imgHandler.ashx?Task=1&ID=../CUSTOM/CustomField24.png"
"Chengdu Reborn Electronics Co., Ltd","https://expo.semi.org/china2026/Public/eBooth.aspx?IndexInList=143&FromPage=Exhibitors.aspx&ParentBoothID=&ListByBooth=true&BoothID=640034","6151","https://expo.semi.org/china2026/Public/eventmap.aspx?MapItBoothID=640034&MapItBooth=6151","https://expo.semi.org/china2026/Public/imgHandler.ashx?Task=1&ID=../CUSTOM/CustomField24.png"
"Chengdu Thinking Top Intelligent Equipment Co.,Ltd","https://expo.semi.org/china2026/Public/eBooth.aspx?IndexInList=144&FromPage=Exhibitors.aspx&ParentBoothID=&ListByBooth=true&BoothID=668321","7527","https://expo.semi.org/china2026/Public/eventmap.aspx?MapItBoothID=668321&MapItBooth=7527","https://expo.semi.org/china2026/Public/imgHandler.ashx?Task=1&ID=../CUSTOM/CustomField24.png"
"Chengdu Tytantest Technology Co., LTD.","https://expo.semi.org/china2026/Public/eBooth.aspx?IndexInList=145&FromPage=Exhibitors.aspx&ParentBoothID=&ListByBooth=true&BoothID=668324","7626","https://expo.semi.org/china2026/Public/eventmap.aspx?MapItBoothID=668324&MapItBooth=7626","https://expo.semi.org/china2026/Public/imgHandler.ashx?Task=1&ID=../CUSTOM/CustomField24.png"
"Chengdu Yeheng Electronic Co., Ltd","https://expo.semi.org/china2026/Public/eBooth.aspx?IndexInList=146&FromPage=Exhibitors.aspx&ParentBoothID=&ListByBooth=true&BoothID=638340","3781","https://expo.semi.org/china2026/Public/eventmap.aspx?MapItBoothID=638340&MapItBooth=3781","https://expo.semi.org/china2026/Public/imgHandler.ashx?Task=1&ID=../CUSTOM/CustomField24.png"
"Chenglian Kaida (Hebei)  Technology Co., Ltd.","https://expo.semi.org/china2026/Public/eBooth.aspx?IndexInList=147&FromPage=Exhibitors.aspx&ParentBoothID=&ListByBooth=true&BoothID=637384","2515","https://expo.semi.org/china2026/Public/eventmap.aspx?MapItBoothID=637384&MapItBooth=2515","https://expo.semi.org/china2026/Public/imgHandler.ashx?Task=1&ID=../CUSTOM/CustomField24.png"
"China Automative Engineering Research Institute Co.,Ltd.","https://expo.semi.org/china2026/Public/eBooth.aspx?IndexInList=148&FromPage=Exhibitors.aspx&ParentBoothID=&ListByBooth=true&BoothID=663742","5717","https://expo.semi.org/china2026/Public/eventmap.aspx?MapItBoothID=663742&MapItBooth=5717",""
"China Electronic Production Equipment Industry Association","https://expo.semi.org/china2026/Public/eBooth.aspx?IndexInList=149&FromPage=Exhibitors.aspx&ParentBoothID=&ListByBooth=true&BoothID=649201","4115","https://expo.semi.org/china2026/Public/eventmap.aspx?MapItBoothID=649201&MapItBooth=4115","https://expo.semi.org/china2026/Public/imgHandler.ashx?Task=1&ID=../CUSTOM/CustomField24.png"
"China Electronics Chamber of Commerce","https://expo.semi.org/china2026/Public/eBooth.aspx?IndexInList=150&FromPage=Exhibitors.aspx&ParentBoothID=&ListByBooth=true&BoothID=663743","5719","https://expo.semi.org/china2026/Public/eventmap.aspx?MapItBoothID=663743&MapItBooth=5719",""
"CHINA ELECTRONICS ENGINEERING DESIGN INSTITUTE CO.,LTD","https://expo.semi.org/china2026/Public/eBooth.aspx?IndexInList=151&FromPage=Exhibitors.aspx&ParentBoothID=&ListByBooth=true&BoothID=640649","7529","https://expo.semi.org/china2026/Public/eventmap.aspx?MapItBoothID=640649&MapItBooth=7529","https://expo.semi.org/china2026/Public/imgHandler.ashx?Task=1&ID=../CUSTOM/CustomField24.png"
"China Electronics System Engineering No.2 Construction Co.,Ltd","https://expo.semi.org/china2026/Public/eBooth.aspx?IndexInList=152&FromPage=Exhibitors.aspx&ParentBoothID=&ListByBooth=true&BoothID=640177","6401","https://expo.semi.org/china2026/Public/eventmap.aspx?MapItBoothID=640177&MapItBooth=6401","https://expo.semi.org/china2026/Public/imgHandler.ashx?Task=1&ID=../CUSTOM/CustomField24.png"
"China Integrated Circuit","https://expo.semi.org/china2026/Public/eBooth.aspx?IndexInList=153&FromPage=Exhibitors.aspx&ParentBoothID=&ListByBooth=true&BoothID=639787","6766","https://expo.semi.org/china2026/Public/eventmap.aspx?MapItBoothID=639787&MapItBooth=6766",""
"China Semiconductor Industry Association","https://expo.semi.org/china2026/Public/eBooth.aspx?IndexInList=154&FromPage=Exhibitors.aspx&ParentBoothID=&ListByBooth=true&BoothID=639646","5741","https://expo.semi.org/china2026/Public/eventmap.aspx?MapItBoothID=639646&MapItBooth=5741",""
"China Silicon Corporation Ltd.","https://expo.semi.org/china2026/Public/eBooth.aspx?IndexInList=155&FromPage=Exhibitors.aspx&ParentBoothID=&ListByBooth=true&BoothID=640841","7816","https://expo.semi.org/china2026/Public/eventmap.aspx?MapItBoothID=640841&MapItBooth=7816","https://expo.semi.org/china2026/Public/imgHandler.ashx?Task=1&ID=../CUSTOM/CustomField24.png"
"China Silicone Contactor","https://expo.semi.org/china2026/Public/eBooth.aspx?IndexInList=156&FromPage=Exhibitors.aspx&ParentBoothID=&ListByBooth=true&BoothID=639768","6748","https://expo.semi.org/china2026/Public/eventmap.aspx?MapItBoothID=639768&MapItBooth=6748","https://expo.semi.org/china2026/Public/imgHandler.ashx?Task=1&ID=../CUSTOM/CustomField24.png"
"CHINAiSTI (SHANGHAI) TESTING TECHNOLOGY CO, LTD","https://expo.semi.org/china2026/Public/eBooth.aspx?IndexInList=157&FromPage=Exhibitors.aspx&ParentBoothID=&ListByBooth=true&BoothID=662419","6175","https://expo.semi.org/china2026/Public/eventmap.aspx?MapItBoothID=662419&MapItBooth=6175","https://expo.semi.org/china2026/Public/imgHandler.ashx?Task=1&ID=../CUSTOM/CustomField24.png"
"Chip Shine Electronics Technology Co.,Ltd","https://expo.semi.org/china2026/Public/eBooth.aspx?IndexInList=158&FromPage=Exhibitors.aspx&ParentBoothID=&ListByBooth=true&BoothID=640036","6155","https://expo.semi.org/china2026/Public/eventmap.aspx?MapItBoothID=640036&MapItBooth=6155","https://expo.semi.org/china2026/Public/imgHandler.ashx?Task=1&ID=../CUSTOM/CustomField24.png"
"CHIPMORE Technology Corporation Limited","https://expo.semi.org/china2026/Public/eBooth.aspx?IndexInList=159&FromPage=Exhibitors.aspx&ParentBoothID=&ListByBooth=true&BoothID=639414","5519","https://expo.semi.org/china2026/Public/eventmap.aspx?MapItBoothID=639414&MapItBooth=5519","https://expo.semi.org/china2026/Public/imgHandler.ashx?Task=1&ID=../CUSTOM/CustomField24.png"
"CHONGQING GENORI TECHNOLOGY CO.,LTD.","https://expo.semi.org/china2026/Public/eBooth.aspx?IndexInList=160&FromPage=Exhibitors.aspx&ParentBoothID=&ListByBooth=true&BoothID=640800","7679","https://expo.semi.org/china2026/Public/eventmap.aspx?MapItBoothID=640800&MapItBooth=7679","https://expo.semi.org/china2026/Public/imgHandler.ashx?Task=1&ID=../CUSTOM/CustomField24.png"
"Chongqing Rishion Electronic Materials Co.,Ltd.","https://expo.semi.org/china2026/Public/eBooth.aspx?IndexInList=161&FromPage=Exhibitors.aspx&ParentBoothID=&ListByBooth=true&BoothID=637387","2521","https://expo.semi.org/china2026/Public/eventmap.aspx?MapItBoothID=637387&MapItBooth=2521","https://expo.semi.org/china2026/Public/imgHandler.ashx?Task=1&ID=../CUSTOM/CustomField24.png"
"CHONGQING XINHUI MATERIALS TECHNOLOGY CO., LTD.","https://expo.semi.org/china2026/Public/eBooth.aspx?IndexInList=162&FromPage=Exhibitors.aspx&ParentBoothID=&ListByBooth=true&BoothID=662407","6382","https://expo.semi.org/china2026/Public/eventmap.aspx?MapItBoothID=662407&MapItBooth=6382","https://expo.semi.org/china2026/Public/imgHandler.ashx?Task=1&ID=../CUSTOM/CustomField24.png"
"Chongqing Xinlian Micro Electronics Corporation","https://expo.semi.org/china2026/Public/eBooth.aspx?IndexInList=163&FromPage=Exhibitors.aspx&ParentBoothID=&ListByBooth=true&BoothID=663084","2447","https://expo.semi.org/china2026/Public/eventmap.aspx?MapItBoothID=663084&MapItBooth=2447",""
"Chuzhou Mei-Yang Vacuum Technology Co.,Ltd","https://expo.semi.org/china2026/Public/eBooth.aspx?IndexInList=164&FromPage=Exhibitors.aspx&ParentBoothID=&ListByBooth=true&BoothID=639004","4104","https://expo.semi.org/china2026/Public/eventmap.aspx?MapItBoothID=639004&MapItBooth=4104",""
"CIQTEK Co., Ltd.","https://expo.semi.org/china2026/Public/eBooth.aspx?IndexInList=165&FromPage=Exhibitors.aspx&ParentBoothID=&ListByBooth=true&BoothID=649284","T4413","https://expo.semi.org/china2026/Public/eventmap.aspx?MapItBoothID=649284&MapItBooth=T4413","https://expo.semi.org/china2026/Public/imgHandler.ashx?Task=1&ID=../CUSTOM/CustomField24.png"
"CIRCUIT FABOLOGY MICROELECTRONICS EQUIPMENT CO., LTD.","https://expo.semi.org/china2026/Public/eBooth.aspx?IndexInList=166&FromPage=Exhibitors.aspx&ParentBoothID=&ListByBooth=true&BoothID=638353","3118","https://expo.semi.org/china2026/Public/eventmap.aspx?MapItBoothID=638353&MapItBooth=3118","https://expo.semi.org/china2026/Public/imgHandler.ashx?Task=1&ID=../CUSTOM/CustomField24.png"
"CIR-LOK Fluid Equipment Chengdu Co.,Ltd","https://expo.semi.org/china2026/Public/eBooth.aspx?IndexInList=167&FromPage=Exhibitors.aspx&ParentBoothID=&ListByBooth=true&BoothID=649395","T4434","https://expo.semi.org/china2026/Public/eventmap.aspx?MapItBoothID=649395&MapItBooth=T4434","https://expo.semi.org/china2026/Public/imgHandler.ashx?Task=1&ID=../CUSTOM/CustomField24.png"
"CKD Corporation","https://expo.semi.org/china2026/Public/eBooth.aspx?IndexInList=168&FromPage=Exhibitors.aspx&ParentBoothID=&ListByBooth=true&BoothID=637579","2631","https://expo.semi.org/china2026/Public/eventmap.aspx?MapItBoothID=637579&MapItBooth=2631","https://expo.semi.org/china2026/Public/imgHandler.ashx?Task=1&ID=../CUSTOM/CustomField24.png"
"CMT Rare Metal Advanced Materials (Hunan) Co.,Ltd.","https://expo.semi.org/china2026/Public/eBooth.aspx?IndexInList=169&FromPage=Exhibitors.aspx&ParentBoothID=&ListByBooth=true&BoothID=641371","T2222","https://expo.semi.org/china2026/Public/eventmap.aspx?MapItBoothID=641371&MapItBooth=T2222","https://expo.semi.org/china2026/Public/imgHandler.ashx?Task=1&ID=../CUSTOM/CustomField24.png"
"COASTAL INSTRUMENTS CO.,LTD","https://expo.semi.org/china2026/Public/eBooth.aspx?IndexInList=170&FromPage=Exhibitors.aspx&ParentBoothID=&ListByBooth=true&BoothID=649199","4214","https://expo.semi.org/china2026/Public/eventmap.aspx?MapItBoothID=649199&MapItBooth=4214",""
"Coherent","https://expo.semi.org/china2026/Public/eBooth.aspx?IndexInList=171&FromPage=Exhibitors.aspx&ParentBoothID=&ListByBooth=true&BoothID=663458","2408","https://expo.semi.org/china2026/Public/eventmap.aspx?MapItBoothID=663458&MapItBooth=2408","https://expo.semi.org/china2026/Public/imgHandler.ashx?Task=1&ID=../CUSTOM/CustomField24.png"
"COMET Mechanical Equipment (Shanghai) Co. Ltd.","https://expo.semi.org/china2026/Public/eBooth.aspx?IndexInList=172&FromPage=Exhibitors.aspx&ParentBoothID=&ListByBooth=true&BoothID=637451","2551","https://expo.semi.org/china2026/Public/eventmap.aspx?MapItBoothID=637451&MapItBooth=2551","https://expo.semi.org/china2026/Public/imgHandler.ashx?Task=1&ID=../CUSTOM/CustomField24.png"
"CONPROFE TECHNOLOGY GROUP CO., LTD.","https://expo.semi.org/china2026/Public/eBooth.aspx?IndexInList=173&FromPage=Exhibitors.aspx&ParentBoothID=&ListByBooth=true&BoothID=636798","1014","https://expo.semi.org/china2026/Public/eventmap.aspx?MapItBoothID=636798&MapItBooth=1014","https://expo.semi.org/china2026/Public/imgHandler.ashx?Task=1&ID=../CUSTOM/CustomField24.png"
"Cowin Semiconductor Materials (Ningbo) Co., Ltd.","https://expo.semi.org/china2026/Public/eBooth.aspx?IndexInList=174&FromPage=Exhibitors.aspx&ParentBoothID=&ListByBooth=true&BoothID=641674","T3153","https://expo.semi.org/china2026/Public/eventmap.aspx?MapItBoothID=641674&MapItBooth=T3153","https://expo.semi.org/china2026/Public/imgHandler.ashx?Task=1&ID=../CUSTOM/CustomField24.png"
"CR GEMS Superabrasives Co., Ltd.","https://expo.semi.org/china2026/Public/eBooth.aspx?IndexInList=175&FromPage=Exhibitors.aspx&ParentBoothID=&ListByBooth=true&BoothID=640063","6535","https://expo.semi.org/china2026/Public/eventmap.aspx?MapItBoothID=640063&MapItBooth=6535","https://expo.semi.org/china2026/Public/imgHandler.ashx?Task=1&ID=../CUSTOM/CustomField24.png"
"Creative Technology (Shanghai) Co., Ltd","https://expo.semi.org/china2026/Public/eBooth.aspx?IndexInList=176&FromPage=Exhibitors.aspx&ParentBoothID=&ListByBooth=true&BoothID=638367","3164","https://expo.semi.org/china2026/Public/eventmap.aspx?MapItBoothID=638367&MapItBooth=3164","https://expo.semi.org/china2026/Public/imgHandler.ashx?Task=1&ID=../CUSTOM/CustomField24.png"
"Crystal Clear Electronic Material Co., Ltd.","https://expo.semi.org/china2026/Public/eBooth.aspx?IndexInList=177&FromPage=Exhibitors.aspx&ParentBoothID=&ListByBooth=true&BoothID=640641","7513","https://expo.semi.org/china2026/Public/eventmap.aspx?MapItBoothID=640641&MapItBooth=7513","https://expo.semi.org/china2026/Public/imgHandler.ashx?Task=1&ID=../CUSTOM/CustomField24.png"
"CSK Motion Technology Co.,Ltd.","https://expo.semi.org/china2026/Public/eBooth.aspx?IndexInList=178&FromPage=Exhibitors.aspx&ParentBoothID=&ListByBooth=true&BoothID=640041","6154","https://expo.semi.org/china2026/Public/eventmap.aspx?MapItBoothID=640041&MapItBooth=6154","https://expo.semi.org/china2026/Public/imgHandler.ashx?Task=1&ID=../CUSTOM/CustomField24.png"
"Cycad Century Science&Technology Ltd.","https://expo.semi.org/china2026/Public/eBooth.aspx?IndexInList=179&FromPage=Exhibitors.aspx&ParentBoothID=&ListByBooth=true&BoothID=639165","5275","https://expo.semi.org/china2026/Public/eventmap.aspx?MapItBoothID=639165&MapItBooth=5275","https://expo.semi.org/china2026/Public/imgHandler.ashx?Task=1&ID=../CUSTOM/CustomField24.png"
"Cymer","https://expo.semi.org/china2026/Public/eBooth.aspx?IndexInList=180&FromPage=Exhibitors.aspx&ParentBoothID=&ListByBooth=true&BoothID=663740","5500","https://expo.semi.org/china2026/Public/eventmap.aspx?MapItBoothID=663740&MapItBooth=5500","https://expo.semi.org/china2026/Public/imgHandler.ashx?Task=1&ID=../CUSTOM/CustomField24.png"
"DALIAN CLEAN GAS PURIFICATION TECHNOLOGY LTD.","https://expo.semi.org/china2026/Public/eBooth.aspx?IndexInList=181&FromPage=Exhibitors.aspx&ParentBoothID=&ListByBooth=true&BoothID=639779","6651","https://expo.semi.org/china2026/Public/eventmap.aspx?MapItBoothID=639779&MapItBooth=6651","https://expo.semi.org/china2026/Public/imgHandler.ashx?Task=1&ID=../CUSTOM/CustomField24.png"
"Dalian Fuji Plastics Products Co., Ltd.","https://expo.semi.org/china2026/Public/eBooth.aspx?IndexInList=182&FromPage=Exhibitors.aspx&ParentBoothID=&ListByBooth=true&BoothID=649440","T4315","https://expo.semi.org/china2026/Public/eventmap.aspx?MapItBoothID=649440&MapItBooth=T4315","https://expo.semi.org/china2026/Public/imgHandler.ashx?Task=1&ID=../CUSTOM/CustomField24.png"
"Dalian Gomore Materials Technology Co.,Ltd","https://expo.semi.org/china2026/Public/eBooth.aspx?IndexInList=183&FromPage=Exhibitors.aspx&ParentBoothID=&ListByBooth=true&BoothID=654486","2304","https://expo.semi.org/china2026/Public/eventmap.aspx?MapItBoothID=654486&MapItBooth=2304",""
"Dalian High Purity Chemical Co., LTD","https://expo.semi.org/china2026/Public/eBooth.aspx?IndexInList=184&FromPage=Exhibitors.aspx&ParentBoothID=&ListByBooth=true&BoothID=639042","5113","https://expo.semi.org/china2026/Public/eventmap.aspx?MapItBoothID=639042&MapItBooth=5113","https://expo.semi.org/china2026/Public/imgHandler.ashx?Task=1&ID=../CUSTOM/CustomField24.png"
"Dalian Jafeng Automation Co.,Ltd","https://expo.semi.org/china2026/Public/eBooth.aspx?IndexInList=185&FromPage=Exhibitors.aspx&ParentBoothID=&ListByBooth=true&BoothID=638694","4481","https://expo.semi.org/china2026/Public/eventmap.aspx?MapItBoothID=638694&MapItBooth=4481","https://expo.semi.org/china2026/Public/imgHandler.ashx?Task=1&ID=../CUSTOM/CustomField24.png"
"Dalian Kaiteli Catalytic Engineering Technology Co., Ltd","https://expo.semi.org/china2026/Public/eBooth.aspx?IndexInList=186&FromPage=Exhibitors.aspx&ParentBoothID=&ListByBooth=true&BoothID=664187","T2341","https://expo.semi.org/china2026/Public/eventmap.aspx?MapItBoothID=664187&MapItBooth=T2341","https://expo.semi.org/china2026/Public/imgHandler.ashx?Task=1&ID=../CUSTOM/CustomField24.png"
"Dalian Moss Technology Co., Ltd","https://expo.semi.org/china2026/Public/eBooth.aspx?IndexInList=187&FromPage=Exhibitors.aspx&ParentBoothID=&ListByBooth=true&BoothID=649433","T4316","https://expo.semi.org/china2026/Public/eventmap.aspx?MapItBoothID=649433&MapItBooth=T4316","https://expo.semi.org/china2026/Public/imgHandler.ashx?Task=1&ID=../CUSTOM/CustomField24.png"
"Dalian Shungji Technology Industry Co., Ltd","https://expo.semi.org/china2026/Public/eBooth.aspx?IndexInList=188&FromPage=Exhibitors.aspx&ParentBoothID=&ListByBooth=true&BoothID=665893","6469-2","https://expo.semi.org/china2026/Public/eventmap.aspx?MapItBoothID=665893&MapItBooth=6469-2","https://expo.semi.org/china2026/Public/imgHandler.ashx?Task=1&ID=../CUSTOM/CustomField24.png"
"Dalian Specialty Gases Co.,LTD","https://expo.semi.org/china2026/Public/eBooth.aspx?IndexInList=189&FromPage=Exhibitors.aspx&ParentBoothID=&ListByBooth=true&BoothID=649426","T4215","https://expo.semi.org/china2026/Public/eventmap.aspx?MapItBoothID=649426&MapItBooth=T4215","https://expo.semi.org/china2026/Public/imgHandler.ashx?Task=1&ID=../CUSTOM/CustomField24.png"
"Dalian Zhongding Chemicals Co., Ltd.","https://expo.semi.org/china2026/Public/eBooth.aspx?IndexInList=190&FromPage=Exhibitors.aspx&ParentBoothID=&ListByBooth=true&BoothID=640481","7329","https://expo.semi.org/china2026/Public/eventmap.aspx?MapItBoothID=640481&MapItBooth=7329","https://expo.semi.org/china2026/Public/imgHandler.ashx?Task=1&ID=../CUSTOM/CustomField24.png"
"Dandong Aolong Radiative Instrument Group Co.,Ltd","https://expo.semi.org/china2026/Public/eBooth.aspx?IndexInList=191&FromPage=Exhibitors.aspx&ParentBoothID=&ListByBooth=true&BoothID=649217","4143","https://expo.semi.org/china2026/Public/eventmap.aspx?MapItBoothID=649217&MapItBooth=4143",""
"Dandong Liaodong Radioactive Instrument Co., Ltd","https://expo.semi.org/china2026/Public/eBooth.aspx?IndexInList=192&FromPage=Exhibitors.aspx&ParentBoothID=&ListByBooth=true&BoothID=639018","4142","https://expo.semi.org/china2026/Public/eventmap.aspx?MapItBoothID=639018&MapItBooth=4142",""
"Dandong Xin Dongfang Crystal Instrument Co., Ltd.","https://expo.semi.org/china2026/Public/eBooth.aspx?IndexInList=193&FromPage=Exhibitors.aspx&ParentBoothID=&ListByBooth=true&BoothID=638314","3703","https://expo.semi.org/china2026/Public/eventmap.aspx?MapItBoothID=638314&MapItBooth=3703","https://expo.semi.org/china2026/Public/imgHandler.ashx?Task=1&ID=../CUSTOM/CustomField24.png"
"DAS Environmental Expert GmbH","https://expo.semi.org/china2026/Public/eBooth.aspx?IndexInList=194&FromPage=Exhibitors.aspx&ParentBoothID=&ListByBooth=true&BoothID=637571","2619","https://expo.semi.org/china2026/Public/eventmap.aspx?MapItBoothID=637571&MapItBooth=2619","https://expo.semi.org/china2026/Public/imgHandler.ashx?Task=1&ID=../CUSTOM/CustomField24.png"
"Dassault Systemes (Shanghai) Information Technology Co., Ltd","https://expo.semi.org/china2026/Public/eBooth.aspx?IndexInList=195&FromPage=Exhibitors.aspx&ParentBoothID=&ListByBooth=true&BoothID=649419","T4216","https://expo.semi.org/china2026/Public/eventmap.aspx?MapItBoothID=649419&MapItBooth=T4216","https://expo.semi.org/china2026/Public/imgHandler.ashx?Task=1&ID=../CUSTOM/CustomField24.png"
"Deepinsemi Co.,Ltd","https://expo.semi.org/china2026/Public/eBooth.aspx?IndexInList=196&FromPage=Exhibitors.aspx&ParentBoothID=&ListByBooth=true&BoothID=649412","T4115","https://expo.semi.org/china2026/Public/eventmap.aspx?MapItBoothID=649412&MapItBooth=T4115","https://expo.semi.org/china2026/Public/imgHandler.ashx?Task=1&ID=../CUSTOM/CustomField24.png"
"DELO Industrial Adhesives (Shanghai) Co.,Ltd.","https://expo.semi.org/china2026/Public/eBooth.aspx?IndexInList=197&FromPage=Exhibitors.aspx&ParentBoothID=&ListByBooth=true&BoothID=649328","T4143","https://expo.semi.org/china2026/Public/eventmap.aspx?MapItBoothID=649328&MapItBooth=T4143","https://expo.semi.org/china2026/Public/imgHandler.ashx?Task=1&ID=../CUSTOM/CustomField24.png"
"DF Tech","https://expo.semi.org/china2026/Public/eBooth.aspx?IndexInList=198&FromPage=Exhibitors.aspx&ParentBoothID=&ListByBooth=true&BoothID=639980","6343","https://expo.semi.org/china2026/Public/eventmap.aspx?MapItBoothID=639980&MapItBooth=6343","https://expo.semi.org/china2026/Public/imgHandler.ashx?Task=1&ID=../CUSTOM/CustomField24.png"
"DISCO HI-TEC CHINA CO., LTD.","https://expo.semi.org/china2026/Public/eBooth.aspx?IndexInList=199&FromPage=Exhibitors.aspx&ParentBoothID=&ListByBooth=true&BoothID=642256","3401","https://expo.semi.org/china2026/Public/eventmap.aspx?MapItBoothID=642256&MapItBooth=3401","https://expo.semi.org/china2026/Public/imgHandler.ashx?Task=1&ID=../CUSTOM/CustomField24.png"
"DKSH (Shanghai) Ltd.","https://expo.semi.org/china2026/Public/eBooth.aspx?IndexInList=200&FromPage=Exhibitors.aspx&ParentBoothID=&ListByBooth=true&BoothID=645816","T3102","https://expo.semi.org/china2026/Public/eventmap.aspx?MapItBoothID=645816&MapItBooth=T3102","https://expo.semi.org/china2026/Public/imgHandler.ashx?Task=1&ID=../CUSTOM/CustomField24.png"
"Do-FluoRIDE New Materials Co., LTD","https://expo.semi.org/china2026/Public/eBooth.aspx?IndexInList=201&FromPage=Exhibitors.aspx&ParentBoothID=&ListByBooth=true&BoothID=640767","7613","https://expo.semi.org/china2026/Public/eventmap.aspx?MapItBoothID=640767&MapItBooth=7613","https://expo.semi.org/china2026/Public/imgHandler.ashx?Task=1&ID=../CUSTOM/CustomField24.png"
"Doitech Semiconductor Advanced Material Co.,Ltd.","https://expo.semi.org/china2026/Public/eBooth.aspx?IndexInList=202&FromPage=Exhibitors.aspx&ParentBoothID=&ListByBooth=true&BoothID=663086","T1144","https://expo.semi.org/china2026/Public/eventmap.aspx?MapItBoothID=663086&MapItBooth=T1144","https://expo.semi.org/china2026/Public/imgHandler.ashx?Task=1&ID=../CUSTOM/CustomField24.png"
"Dongfang Jingyuan Electron Co., Ltd.","https://expo.semi.org/china2026/Public/eBooth.aspx?IndexInList=203&FromPage=Exhibitors.aspx&ParentBoothID=&ListByBooth=true&BoothID=639889","6263","https://expo.semi.org/china2026/Public/eventmap.aspx?MapItBoothID=639889&MapItBooth=6263","https://expo.semi.org/china2026/Public/imgHandler.ashx?Task=1&ID=../CUSTOM/CustomField24.png"
"Dongguan Allmerit Technology Co., Ltd.","https://expo.semi.org/china2026/Public/eBooth.aspx?IndexInList=204&FromPage=Exhibitors.aspx&ParentBoothID=&ListByBooth=true&BoothID=638317","3711","https://expo.semi.org/china2026/Public/eventmap.aspx?MapItBoothID=638317&MapItBooth=3711","https://expo.semi.org/china2026/Public/imgHandler.ashx?Task=1&ID=../CUSTOM/CustomField24.png"
"Dongguan Aozon New Material Technology Co.,Ltd","https://expo.semi.org/china2026/Public/eBooth.aspx?IndexInList=205&FromPage=Exhibitors.aspx&ParentBoothID=&ListByBooth=true&BoothID=680443","1786","https://expo.semi.org/china2026/Public/eventmap.aspx?MapItBoothID=680443&MapItBooth=1786","https://expo.semi.org/china2026/Public/imgHandler.ashx?Task=1&ID=../CUSTOM/CustomField24.png"
"DongGuan Attach Point Intelligent Equipment Co.,LTD","https://expo.semi.org/china2026/Public/eBooth.aspx?IndexInList=206&FromPage=Exhibitors.aspx&ParentBoothID=&ListByBooth=true&BoothID=641614","T3173","https://expo.semi.org/china2026/Public/eventmap.aspx?MapItBoothID=641614&MapItBooth=T3173","https://expo.semi.org/china2026/Public/imgHandler.ashx?Task=1&ID=../CUSTOM/CustomField24.png"
"Dongguan HEF Mechanical Electrical Equipment Co.,Ltd","https://expo.semi.org/china2026/Public/eBooth.aspx?IndexInList=207&FromPage=Exhibitors.aspx&ParentBoothID=&ListByBooth=true&BoothID=649405","T4114","https://expo.semi.org/china2026/Public/eventmap.aspx?MapItBoothID=649405&MapItBooth=T4114","https://expo.semi.org/china2026/Public/imgHandler.ashx?Task=1&ID=../CUSTOM/CustomField24.png"
"Dongguan Ritec Sealing Technology Co., Ltd","https://expo.semi.org/china2026/Public/eBooth.aspx?IndexInList=208&FromPage=Exhibitors.aspx&ParentBoothID=&ListByBooth=true&BoothID=655929","2689","https://expo.semi.org/china2026/Public/eventmap.aspx?MapItBoothID=655929&MapItBooth=2689","https://expo.semi.org/china2026/Public/imgHandler.ashx?Task=1&ID=../CUSTOM/CustomField24.png"
"Dongguan SMARTWIN Intelligent Equipment Co.,Ltd.","https://expo.semi.org/china2026/Public/eBooth.aspx?IndexInList=209&FromPage=Exhibitors.aspx&ParentBoothID=&ListByBooth=true&BoothID=641351","T2321","https://expo.semi.org/china2026/Public/eventmap.aspx?MapItBoothID=641351&MapItBooth=T2321","https://expo.semi.org/china2026/Public/imgHandler.ashx?Task=1&ID=../CUSTOM/CustomField24.png"
"Dongguan Wintime Semiconductor Technology Co.,Ltd.","https://expo.semi.org/china2026/Public/eBooth.aspx?IndexInList=210&FromPage=Exhibitors.aspx&ParentBoothID=&ListByBooth=true&BoothID=637736","3236","https://expo.semi.org/china2026/Public/eventmap.aspx?MapItBoothID=637736&MapItBooth=3236","https://expo.semi.org/china2026/Public/imgHandler.ashx?Task=1&ID=../CUSTOM/CustomField24.png"
"Dongguan Wintime Semiconductor Technology Co.,Ltd.","https://expo.semi.org/china2026/Public/eBooth.aspx?IndexInList=211&FromPage=Exhibitors.aspx&ParentBoothID=&ListByBooth=true&BoothID=638126","3583","https://expo.semi.org/china2026/Public/eventmap.aspx?MapItBoothID=638126&MapItBooth=3583","https://expo.semi.org/china2026/Public/imgHandler.ashx?Task=1&ID=../CUSTOM/CustomField24.png"
"Dongguan Yingxin Semiconductor Material Co.,Ltd","https://expo.semi.org/china2026/Public/eBooth.aspx?IndexInList=212&FromPage=Exhibitors.aspx&ParentBoothID=&ListByBooth=true&BoothID=640035","6153","https://expo.semi.org/china2026/Public/eventmap.aspx?MapItBoothID=640035&MapItBooth=6153","https://expo.semi.org/china2026/Public/imgHandler.ashx?Task=1&ID=../CUSTOM/CustomField24.png"
"Donghai County Aobo Quartz Poducts Co.,Ltd","https://expo.semi.org/china2026/Public/eBooth.aspx?IndexInList=213&FromPage=Exhibitors.aspx&ParentBoothID=&ListByBooth=true&BoothID=649317","T4237","https://expo.semi.org/china2026/Public/eventmap.aspx?MapItBoothID=649317&MapItBooth=T4237","https://expo.semi.org/china2026/Public/imgHandler.ashx?Task=1&ID=../CUSTOM/CustomField24.png"
"Dou Yee Enterprises (S) Pte Ltd","https://expo.semi.org/china2026/Public/eBooth.aspx?IndexInList=214&FromPage=Exhibitors.aspx&ParentBoothID=&ListByBooth=true&BoothID=638837","4601","https://expo.semi.org/china2026/Public/eventmap.aspx?MapItBoothID=638837&MapItBooth=4601","https://expo.semi.org/china2026/Public/imgHandler.ashx?Task=1&ID=../CUSTOM/CustomField24.png"
"Druck China","https://expo.semi.org/china2026/Public/eBooth.aspx?IndexInList=215&FromPage=Exhibitors.aspx&ParentBoothID=&ListByBooth=true&BoothID=641200","T1222","https://expo.semi.org/china2026/Public/eventmap.aspx?MapItBoothID=641200&MapItBooth=T1222","https://expo.semi.org/china2026/Public/imgHandler.ashx?Task=1&ID=../CUSTOM/CustomField24.png"
"Dual-Win Innovation (Shanghai) Precision Equipment Technology Co., Ltd.","https://expo.semi.org/china2026/Public/eBooth.aspx?IndexInList=216&FromPage=Exhibitors.aspx&ParentBoothID=&ListByBooth=true&BoothID=649283","T4415","https://expo.semi.org/china2026/Public/eventmap.aspx?MapItBoothID=649283&MapItBooth=T4415","https://expo.semi.org/china2026/Public/imgHandler.ashx?Task=1&ID=../CUSTOM/CustomField24.png"
"DUCO ROBOTS CO., Ltd.","https://expo.semi.org/china2026/Public/eBooth.aspx?IndexInList=217&FromPage=Exhibitors.aspx&ParentBoothID=&ListByBooth=true&BoothID=664192","T2442","https://expo.semi.org/china2026/Public/eventmap.aspx?MapItBoothID=664192&MapItBooth=T2442","https://expo.semi.org/china2026/Public/imgHandler.ashx?Task=1&ID=../CUSTOM/CustomField24.png"
"DyFlows Technologies (Jiangsu) Co.,Ltd.","https://expo.semi.org/china2026/Public/eBooth.aspx?IndexInList=218&FromPage=Exhibitors.aspx&ParentBoothID=&ListByBooth=true&BoothID=649404","T4116","https://expo.semi.org/china2026/Public/eventmap.aspx?MapItBoothID=649404&MapItBooth=T4116","https://expo.semi.org/china2026/Public/imgHandler.ashx?Task=1&ID=../CUSTOM/CustomField24.png"
"ebm-papst Ventilator (Shanghai) Co., Ltd.","https://expo.semi.org/china2026/Public/eBooth.aspx?IndexInList=219&FromPage=Exhibitors.aspx&ParentBoothID=&ListByBooth=true&BoothID=639733","6619","https://expo.semi.org/china2026/Public/eventmap.aspx?MapItBoothID=639733&MapItBooth=6619","https://expo.semi.org/china2026/Public/imgHandler.ashx?Task=1&ID=../CUSTOM/CustomField24.png"
"ECMG Electronic Technical Testing Corp. (Shanghai)","https://expo.semi.org/china2026/Public/eBooth.aspx?IndexInList=220&FromPage=Exhibitors.aspx&ParentBoothID=&ListByBooth=true&BoothID=641008","T0227","https://expo.semi.org/china2026/Public/eventmap.aspx?MapItBoothID=641008&MapItBooth=T0227","https://expo.semi.org/china2026/Public/imgHandler.ashx?Task=1&ID=../CUSTOM/CustomField24.png"
"Effecttek Technologies(Shenzhen) Co.,Ltd","https://expo.semi.org/china2026/Public/eBooth.aspx?IndexInList=221&FromPage=Exhibitors.aspx&ParentBoothID=&ListByBooth=true&BoothID=640892","7152","https://expo.semi.org/china2026/Public/eventmap.aspx?MapItBoothID=640892&MapItBooth=7152","https://expo.semi.org/china2026/Public/imgHandler.ashx?Task=1&ID=../CUSTOM/CustomField24.png"
"Elead Technology Co.,Ltd.","https://expo.semi.org/china2026/Public/eBooth.aspx?IndexInList=222&FromPage=Exhibitors.aspx&ParentBoothID=&ListByBooth=true&BoothID=645795","T3255","https://expo.semi.org/china2026/Public/eventmap.aspx?MapItBoothID=645795&MapItBooth=T3255","https://expo.semi.org/china2026/Public/imgHandler.ashx?Task=1&ID=../CUSTOM/CustomField24.png"
"Elegant Creation Electronic Chemical Corp","https://expo.semi.org/china2026/Public/eBooth.aspx?IndexInList=223&FromPage=Exhibitors.aspx&ParentBoothID=&ListByBooth=true&BoothID=640994","T0329","https://expo.semi.org/china2026/Public/eventmap.aspx?MapItBoothID=640994&MapItBooth=T0329","https://expo.semi.org/china2026/Public/imgHandler.ashx?Task=1&ID=../CUSTOM/CustomField24.png"
"Elite Electronic Material (KunShan)Co.,Ltd.","https://expo.semi.org/china2026/Public/eBooth.aspx?IndexInList=224&FromPage=Exhibitors.aspx&ParentBoothID=&ListByBooth=true&BoothID=662405","6279","https://expo.semi.org/china2026/Public/eventmap.aspx?MapItBoothID=662405&MapItBooth=6279","https://expo.semi.org/china2026/Public/imgHandler.ashx?Task=1&ID=../CUSTOM/CustomField24.png"
"Endeavour Advanced Materials (Suzhou) Co., Ltd","https://expo.semi.org/china2026/Public/eBooth.aspx?IndexInList=225&FromPage=Exhibitors.aspx&ParentBoothID=&ListByBooth=true&BoothID=641054","T0126","https://expo.semi.org/china2026/Public/eventmap.aspx?MapItBoothID=641054&MapItBooth=T0126",""
"Energy Intelligent Equipment Wuxi Co., Ltd.","https://expo.semi.org/china2026/Public/eBooth.aspx?IndexInList=226&FromPage=Exhibitors.aspx&ParentBoothID=&ListByBooth=true&BoothID=649923","1415","https://expo.semi.org/china2026/Public/eventmap.aspx?MapItBoothID=649923&MapItBooth=1415","https://expo.semi.org/china2026/Public/imgHandler.ashx?Task=1&ID=../CUSTOM/CustomField24.png"
"Engitist Corporation","https://expo.semi.org/china2026/Public/eBooth.aspx?IndexInList=227&FromPage=Exhibitors.aspx&ParentBoothID=&ListByBooth=true&BoothID=638374","3184","https://expo.semi.org/china2026/Public/eventmap.aspx?MapItBoothID=638374&MapItBooth=3184","https://expo.semi.org/china2026/Public/imgHandler.ashx?Task=1&ID=../CUSTOM/CustomField24.png"
"Enplas Niching Suzhou Co.,Ltd","https://expo.semi.org/china2026/Public/eBooth.aspx?IndexInList=228&FromPage=Exhibitors.aspx&ParentBoothID=&ListByBooth=true&BoothID=641092","T1401","https://expo.semi.org/china2026/Public/eventmap.aspx?MapItBoothID=641092&MapItBooth=T1401","https://expo.semi.org/china2026/Public/imgHandler.ashx?Task=1&ID=../CUSTOM/CustomField24.png"
"Ensinger Engineering Plastics Co.,Ltd","https://expo.semi.org/china2026/Public/eBooth.aspx?IndexInList=229&FromPage=Exhibitors.aspx&ParentBoothID=&ListByBooth=true&BoothID=665913","T2335","https://expo.semi.org/china2026/Public/eventmap.aspx?MapItBoothID=665913&MapItBooth=T2335","https://expo.semi.org/china2026/Public/imgHandler.ashx?Task=1&ID=../CUSTOM/CustomField24.png"
"Entegris (Shanghai) Microelectronics Trading Co., Ltd.","https://expo.semi.org/china2026/Public/eBooth.aspx?IndexInList=230&FromPage=Exhibitors.aspx&ParentBoothID=&ListByBooth=true&BoothID=637913","3323","https://expo.semi.org/china2026/Public/eventmap.aspx?MapItBoothID=637913&MapItBooth=3323","https://expo.semi.org/china2026/Public/imgHandler.ashx?Task=1&ID=../CUSTOM/CustomField24.png"
"ePAK Technologies (Shenzhen) Co., Ltd","https://expo.semi.org/china2026/Public/eBooth.aspx?IndexInList=231&FromPage=Exhibitors.aspx&ParentBoothID=&ListByBooth=true&BoothID=637457","2565","https://expo.semi.org/china2026/Public/eventmap.aspx?MapItBoothID=637457&MapItBooth=2565","https://expo.semi.org/china2026/Public/imgHandler.ashx?Task=1&ID=../CUSTOM/CustomField24.png"
"Epihouse Optoelectronics Co., Ltd.","https://expo.semi.org/china2026/Public/eBooth.aspx?IndexInList=232&FromPage=Exhibitors.aspx&ParentBoothID=&ListByBooth=true&BoothID=637106","2211","https://expo.semi.org/china2026/Public/eventmap.aspx?MapItBoothID=637106&MapItBooth=2211","https://expo.semi.org/china2026/Public/imgHandler.ashx?Task=1&ID=../CUSTOM/CustomField24.png"
"ESM China","https://expo.semi.org/china2026/Public/eBooth.aspx?IndexInList=233&FromPage=Exhibitors.aspx&ParentBoothID=&ListByBooth=true&BoothID=665904","T3265","https://expo.semi.org/china2026/Public/eventmap.aspx?MapItBoothID=665904&MapItBooth=T3265",""
"esmo Asia North Co.,Ltd.","https://expo.semi.org/china2026/Public/eBooth.aspx?IndexInList=234&FromPage=Exhibitors.aspx&ParentBoothID=&ListByBooth=true&BoothID=671585","T0310","https://expo.semi.org/china2026/Public/eventmap.aspx?MapItBoothID=671585&MapItBooth=T0310","https://expo.semi.org/china2026/Public/imgHandler.ashx?Task=1&ID=../CUSTOM/CustomField24.png"
"Etelux Inertgas-sysyem(Beijing)Co.,Ltd","https://expo.semi.org/china2026/Public/eBooth.aspx?IndexInList=235&FromPage=Exhibitors.aspx&ParentBoothID=&ListByBooth=true&BoothID=639023","4158","https://expo.semi.org/china2026/Public/eventmap.aspx?MapItBoothID=639023&MapItBooth=4158","https://expo.semi.org/china2026/Public/imgHandler.ashx?Task=1&ID=../CUSTOM/CustomField24.png"
"Eurofins EAG Materials Sciences, China","https://expo.semi.org/china2026/Public/eBooth.aspx?IndexInList=236&FromPage=Exhibitors.aspx&ParentBoothID=&ListByBooth=true&BoothID=637693","2721","https://expo.semi.org/china2026/Public/eventmap.aspx?MapItBoothID=637693&MapItBooth=2721","https://expo.semi.org/china2026/Public/imgHandler.ashx?Task=1&ID=../CUSTOM/CustomField24.png"
"Ever Team International Corp.","https://expo.semi.org/china2026/Public/eBooth.aspx?IndexInList=237&FromPage=Exhibitors.aspx&ParentBoothID=&ListByBooth=true&BoothID=637941","3383","https://expo.semi.org/china2026/Public/eventmap.aspx?MapItBoothID=637941&MapItBooth=3383","https://expo.semi.org/china2026/Public/imgHandler.ashx?Task=1&ID=../CUSTOM/CustomField24.png"
"EVIDENT (Shanghai) Co., Ltd.","https://expo.semi.org/china2026/Public/eBooth.aspx?IndexInList=238&FromPage=Exhibitors.aspx&ParentBoothID=&ListByBooth=true&BoothID=637081","2151","https://expo.semi.org/china2026/Public/eventmap.aspx?MapItBoothID=637081&MapItBooth=2151","https://expo.semi.org/china2026/Public/imgHandler.ashx?Task=1&ID=../CUSTOM/CustomField24.png"
"FA Software (Shanghai) Co., Ltd","https://expo.semi.org/china2026/Public/eBooth.aspx?IndexInList=239&FromPage=Exhibitors.aspx&ParentBoothID=&ListByBooth=true&BoothID=640809","7008","https://expo.semi.org/china2026/Public/eventmap.aspx?MapItBoothID=640809&MapItBooth=7008","https://expo.semi.org/china2026/Public/imgHandler.ashx?Task=1&ID=../CUSTOM/CustomField24.png"
"Feature-Tec(Shanghai) Advanced Materials Co.,Ltd","https://expo.semi.org/china2026/Public/eBooth.aspx?IndexInList=240&FromPage=Exhibitors.aspx&ParentBoothID=&ListByBooth=true&BoothID=642875","6235","https://expo.semi.org/china2026/Public/eventmap.aspx?MapItBoothID=642875&MapItBooth=6235","https://expo.semi.org/china2026/Public/imgHandler.ashx?Task=1&ID=../CUSTOM/CustomField24.png"
"Feejoy Technology (Shanghai) CO., Ltd","https://expo.semi.org/china2026/Public/eBooth.aspx?IndexInList=241&FromPage=Exhibitors.aspx&ParentBoothID=&ListByBooth=true&BoothID=649385","T4318","https://expo.semi.org/china2026/Public/eventmap.aspx?MapItBoothID=649385&MapItBooth=T4318","https://expo.semi.org/china2026/Public/imgHandler.ashx?Task=1&ID=../CUSTOM/CustomField24.png"
"FELTON TECHNOLOGY (SHANGHAI) CO.,LTD.","https://expo.semi.org/china2026/Public/eBooth.aspx?IndexInList=242&FromPage=Exhibitors.aspx&ParentBoothID=&ListByBooth=true&BoothID=645793","T3247","https://expo.semi.org/china2026/Public/eventmap.aspx?MapItBoothID=645793&MapItBooth=T3247","https://expo.semi.org/china2026/Public/imgHandler.ashx?Task=1&ID=../CUSTOM/CustomField24.png"
"Fermion Technology (Shanghai) Co.,Ltd.","https://expo.semi.org/china2026/Public/eBooth.aspx?IndexInList=243&FromPage=Exhibitors.aspx&ParentBoothID=&ListByBooth=true&BoothID=637105","2209","https://expo.semi.org/china2026/Public/eventmap.aspx?MapItBoothID=637105&MapItBooth=2209","https://expo.semi.org/china2026/Public/imgHandler.ashx?Task=1&ID=../CUSTOM/CustomField24.png"
"Festo (China) Ltd.","https://expo.semi.org/china2026/Public/eBooth.aspx?IndexInList=244&FromPage=Exhibitors.aspx&ParentBoothID=&ListByBooth=true&BoothID=640410","7255","https://expo.semi.org/china2026/Public/eventmap.aspx?MapItBoothID=640410&MapItBooth=7255","https://expo.semi.org/china2026/Public/imgHandler.ashx?Task=1&ID=../CUSTOM/CustomField24.png"
"Fine Silicon Manufacturing (Shanghai) Ltd.","https://expo.semi.org/china2026/Public/eBooth.aspx?IndexInList=245&FromPage=Exhibitors.aspx&ParentBoothID=&ListByBooth=true&BoothID=639761","6635","https://expo.semi.org/china2026/Public/eventmap.aspx?MapItBoothID=639761&MapItBooth=6635","https://expo.semi.org/china2026/Public/imgHandler.ashx?Task=1&ID=../CUSTOM/CustomField24.png"
"First Technology China Ltd.","https://expo.semi.org/china2026/Public/eBooth.aspx?IndexInList=246&FromPage=Exhibitors.aspx&ParentBoothID=&ListByBooth=true&BoothID=638235","3625","https://expo.semi.org/china2026/Public/eventmap.aspx?MapItBoothID=638235&MapItBooth=3625","https://expo.semi.org/china2026/Public/imgHandler.ashx?Task=1&ID=../CUSTOM/CustomField24.png"
"FISCHER INSTRUMENTATION LTD","https://expo.semi.org/china2026/Public/eBooth.aspx?IndexInList=247&FromPage=Exhibitors.aspx&ParentBoothID=&ListByBooth=true&BoothID=640383","7201","https://expo.semi.org/china2026/Public/eventmap.aspx?MapItBoothID=640383&MapItBooth=7201","https://expo.semi.org/china2026/Public/imgHandler.ashx?Task=1&ID=../CUSTOM/CustomField24.png"
"Fluormicro (Shanghai) New Materials Co., LTD","https://expo.semi.org/china2026/Public/eBooth.aspx?IndexInList=248&FromPage=Exhibitors.aspx&ParentBoothID=&ListByBooth=true&BoothID=677697","5409","https://expo.semi.org/china2026/Public/eventmap.aspx?MapItBoothID=677697&MapItBooth=5409","https://expo.semi.org/china2026/Public/imgHandler.ashx?Task=1&ID=../CUSTOM/CustomField24.png"
"Foosung Precision Industry Co., Ltd. Fluoropolymer Division","https://expo.semi.org/china2026/Public/eBooth.aspx?IndexInList=249&FromPage=Exhibitors.aspx&ParentBoothID=&ListByBooth=true&BoothID=639745","6623","https://expo.semi.org/china2026/Public/eventmap.aspx?MapItBoothID=639745&MapItBooth=6623","https://expo.semi.org/china2026/Public/imgHandler.ashx?Task=1&ID=../CUSTOM/CustomField24.png"
"Forehope Electronic (Ningbo) Co., Ltd","https://expo.semi.org/china2026/Public/eBooth.aspx?IndexInList=250&FromPage=Exhibitors.aspx&ParentBoothID=&ListByBooth=true&BoothID=639328","5431","https://expo.semi.org/china2026/Public/eventmap.aspx?MapItBoothID=639328&MapItBooth=5431","https://expo.semi.org/china2026/Public/imgHandler.ashx?Task=1&ID=../CUSTOM/CustomField24.png"
"FORTEC TECHNOLOGY (HK) CO., LIMITED","https://expo.semi.org/china2026/Public/eBooth.aspx?IndexInList=251&FromPage=Exhibitors.aspx&ParentBoothID=&ListByBooth=true&BoothID=649347","T4122","https://expo.semi.org/china2026/Public/eventmap.aspx?MapItBoothID=649347&MapItBooth=T4122","https://expo.semi.org/china2026/Public/imgHandler.ashx?Task=1&ID=../CUSTOM/CustomField24.png"
"Foshan Goldstone Technology Co.,Ltd.","https://expo.semi.org/china2026/Public/eBooth.aspx?IndexInList=252&FromPage=Exhibitors.aspx&ParentBoothID=&ListByBooth=true&BoothID=649349","T4118","https://expo.semi.org/china2026/Public/eventmap.aspx?MapItBoothID=649349&MapItBooth=T4118","https://expo.semi.org/china2026/Public/imgHandler.ashx?Task=1&ID=../CUSTOM/CustomField24.png"
"Foshan Shunde Topcod Industrial Co., Ltd","https://expo.semi.org/china2026/Public/eBooth.aspx?IndexInList=253&FromPage=Exhibitors.aspx&ParentBoothID=&ListByBooth=true&BoothID=638418","4286","https://expo.semi.org/china2026/Public/eventmap.aspx?MapItBoothID=638418&MapItBooth=4286","https://expo.semi.org/china2026/Public/imgHandler.ashx?Task=1&ID=../CUSTOM/CustomField24.png"
"FTDevice","https://expo.semi.org/china2026/Public/eBooth.aspx?IndexInList=254&FromPage=Exhibitors.aspx&ParentBoothID=&ListByBooth=true&BoothID=640560","7419","https://expo.semi.org/china2026/Public/eventmap.aspx?MapItBoothID=640560&MapItBooth=7419","https://expo.semi.org/china2026/Public/imgHandler.ashx?Task=1&ID=../CUSTOM/CustomField24.png"
"Fudong Quartz LLC","https://expo.semi.org/china2026/Public/eBooth.aspx?IndexInList=255&FromPage=Exhibitors.aspx&ParentBoothID=&ListByBooth=true&BoothID=638992","4759","https://expo.semi.org/china2026/Public/eventmap.aspx?MapItBoothID=638992&MapItBooth=4759","https://expo.semi.org/china2026/Public/imgHandler.ashx?Task=1&ID=../CUSTOM/CustomField24.png"
"Fujian Deer Technology Corp.","https://expo.semi.org/china2026/Public/eBooth.aspx?IndexInList=256&FromPage=Exhibitors.aspx&ParentBoothID=&ListByBooth=true&BoothID=640008","6259","https://expo.semi.org/china2026/Public/eventmap.aspx?MapItBoothID=640008&MapItBooth=6259","https://expo.semi.org/china2026/Public/imgHandler.ashx?Task=1&ID=../CUSTOM/CustomField24.png"
"Fujian Fudou New Material Co.,Ltd","https://expo.semi.org/china2026/Public/eBooth.aspx?IndexInList=257&FromPage=Exhibitors.aspx&ParentBoothID=&ListByBooth=true&BoothID=649401","T4422","https://expo.semi.org/china2026/Public/eventmap.aspx?MapItBoothID=649401&MapItBooth=T4422","https://expo.semi.org/china2026/Public/imgHandler.ashx?Task=1&ID=../CUSTOM/CustomField24.png"
"Fujian Highsun Electronic Material Technology Co., Ltd","https://expo.semi.org/china2026/Public/eBooth.aspx?IndexInList=258&FromPage=Exhibitors.aspx&ParentBoothID=&ListByBooth=true&BoothID=649296","T4438","https://expo.semi.org/china2026/Public/eventmap.aspx?MapItBoothID=649296&MapItBooth=T4438","https://expo.semi.org/china2026/Public/imgHandler.ashx?Task=1&ID=../CUSTOM/CustomField24.png"
"FUJIAN JIUCE GAS CO.,LTD","https://expo.semi.org/china2026/Public/eBooth.aspx?IndexInList=259&FromPage=Exhibitors.aspx&ParentBoothID=&ListByBooth=true&BoothID=641116","T1303","https://expo.semi.org/china2026/Public/eventmap.aspx?MapItBoothID=641116&MapItBooth=T1303","https://expo.semi.org/china2026/Public/imgHandler.ashx?Task=1&ID=../CUSTOM/CustomField24.png"
"FUJIFILM (China) Investment Co.,Ltd","https://expo.semi.org/china2026/Public/eBooth.aspx?IndexInList=260&FromPage=Exhibitors.aspx&ParentBoothID=&ListByBooth=true&BoothID=649448","T4414","https://expo.semi.org/china2026/Public/eventmap.aspx?MapItBoothID=649448&MapItBooth=T4414","https://expo.semi.org/china2026/Public/imgHandler.ashx?Task=1&ID=../CUSTOM/CustomField24.png"
"Fujikin of China Inc","https://expo.semi.org/china2026/Public/eBooth.aspx?IndexInList=261&FromPage=Exhibitors.aspx&ParentBoothID=&ListByBooth=true&BoothID=639247","5351","https://expo.semi.org/china2026/Public/eventmap.aspx?MapItBoothID=639247&MapItBooth=5351","https://expo.semi.org/china2026/Public/imgHandler.ashx?Task=1&ID=../CUSTOM/CustomField24.png"
"FUTAI PURIFICATION TECH (JIANGSU) CO.,LTD","https://expo.semi.org/china2026/Public/eBooth.aspx?IndexInList=262&FromPage=Exhibitors.aspx&ParentBoothID=&ListByBooth=true&BoothID=640976","T0109","https://expo.semi.org/china2026/Public/eventmap.aspx?MapItBoothID=640976&MapItBooth=T0109","https://expo.semi.org/china2026/Public/imgHandler.ashx?Task=1&ID=../CUSTOM/CustomField24.png"
"Fuzhou Palead Electronics Technology Co., Ltd","https://expo.semi.org/china2026/Public/eBooth.aspx?IndexInList=263&FromPage=Exhibitors.aspx&ParentBoothID=&ListByBooth=true&BoothID=639963","6449","https://expo.semi.org/china2026/Public/eventmap.aspx?MapItBoothID=639963&MapItBooth=6449","https://expo.semi.org/china2026/Public/imgHandler.ashx?Task=1&ID=../CUSTOM/CustomField24.png"
"Fuzhou Xinrong Machinery Development Co.,Ltd.","https://expo.semi.org/china2026/Public/eBooth.aspx?IndexInList=264&FromPage=Exhibitors.aspx&ParentBoothID=&ListByBooth=true&BoothID=649281","T4419","https://expo.semi.org/china2026/Public/eventmap.aspx?MapItBoothID=649281&MapItBooth=T4419","https://expo.semi.org/china2026/Public/imgHandler.ashx?Task=1&ID=../CUSTOM/CustomField24.png"
"G&D Semiconductor Systems (Guangzhou) Co., Ltd.","https://expo.semi.org/china2026/Public/eBooth.aspx?IndexInList=265&FromPage=Exhibitors.aspx&ParentBoothID=&ListByBooth=true&BoothID=641069","T0140","https://expo.semi.org/china2026/Public/eventmap.aspx?MapItBoothID=641069&MapItBooth=T0140","https://expo.semi.org/china2026/Public/imgHandler.ashx?Task=1&ID=../CUSTOM/CustomField24.png"
"Gaopin (Beijing) Technology Co., Ltd.","https://expo.semi.org/china2026/Public/eBooth.aspx?IndexInList=266&FromPage=Exhibitors.aspx&ParentBoothID=&ListByBooth=true&BoothID=641064","T0435","https://expo.semi.org/china2026/Public/eventmap.aspx?MapItBoothID=641064&MapItBooth=T0435","https://expo.semi.org/china2026/Public/imgHandler.ashx?Task=1&ID=../CUSTOM/CustomField24.png"
"GaoShengChuangXin (Shanghai) Semiconductor Equipment Co.,Ltd","https://expo.semi.org/china2026/Public/eBooth.aspx?IndexInList=267&FromPage=Exhibitors.aspx&ParentBoothID=&ListByBooth=true&BoothID=655931","2788","https://expo.semi.org/china2026/Public/eventmap.aspx?MapItBoothID=655931&MapItBooth=2788","https://expo.semi.org/china2026/Public/imgHandler.ashx?Task=1&ID=../CUSTOM/CustomField24.png"
"Gazer Semiconductor Tech (Suzhou) Co., LTD","https://expo.semi.org/china2026/Public/eBooth.aspx?IndexInList=268&FromPage=Exhibitors.aspx&ParentBoothID=&ListByBooth=true&BoothID=663068","2435","https://expo.semi.org/china2026/Public/eventmap.aspx?MapItBoothID=663068&MapItBooth=2435",""
"Gemu Valves (China) Co., Ltd.","https://expo.semi.org/china2026/Public/eBooth.aspx?IndexInList=269&FromPage=Exhibitors.aspx&ParentBoothID=&ListByBooth=true&BoothID=638954","4022","https://expo.semi.org/china2026/Public/eventmap.aspx?MapItBoothID=638954&MapItBooth=4022","https://expo.semi.org/china2026/Public/imgHandler.ashx?Task=1&ID=../CUSTOM/CustomField24.png"
"Generator Research Limited.","https://expo.semi.org/china2026/Public/eBooth.aspx?IndexInList=270&FromPage=Exhibitors.aspx&ParentBoothID=&ListByBooth=true&BoothID=649402","T4420","https://expo.semi.org/china2026/Public/eventmap.aspx?MapItBoothID=649402&MapItBooth=T4420","https://expo.semi.org/china2026/Public/imgHandler.ashx?Task=1&ID=../CUSTOM/CustomField24.png"
"Georg Fischer Piping Systems Ltd.","https://expo.semi.org/china2026/Public/eBooth.aspx?IndexInList=271&FromPage=Exhibitors.aspx&ParentBoothID=&ListByBooth=true&BoothID=640554","7407","https://expo.semi.org/china2026/Public/eventmap.aspx?MapItBoothID=640554&MapItBooth=7407","https://expo.semi.org/china2026/Public/imgHandler.ashx?Task=1&ID=../CUSTOM/CustomField24.png"
"Getech Technology CO.,LTD.","https://expo.semi.org/china2026/Public/eBooth.aspx?IndexInList=272&FromPage=Exhibitors.aspx&ParentBoothID=&ListByBooth=true&BoothID=639751","6734","https://expo.semi.org/china2026/Public/eventmap.aspx?MapItBoothID=639751&MapItBooth=6734","https://expo.semi.org/china2026/Public/imgHandler.ashx?Task=1&ID=../CUSTOM/CustomField24.png"
"Giga Force Electronics Co., Ltd","https://expo.semi.org/china2026/Public/eBooth.aspx?IndexInList=273&FromPage=Exhibitors.aspx&ParentBoothID=&ListByBooth=true&BoothID=639560","5637","https://expo.semi.org/china2026/Public/eventmap.aspx?MapItBoothID=639560&MapItBooth=5637","https://expo.semi.org/china2026/Public/imgHandler.ashx?Task=1&ID=../CUSTOM/CustomField24.png"
"GKG Precision Machine Co. Itd.","https://expo.semi.org/china2026/Public/eBooth.aspx?IndexInList=274&FromPage=Exhibitors.aspx&ParentBoothID=&ListByBooth=true&BoothID=649393","T4319","https://expo.semi.org/china2026/Public/eventmap.aspx?MapItBoothID=649393&MapItBooth=T4319","https://expo.semi.org/china2026/Public/imgHandler.ashx?Task=1&ID=../CUSTOM/CustomField24.png"
"GMC Semitech Co., Ltd","https://expo.semi.org/china2026/Public/eBooth.aspx?IndexInList=275&FromPage=Exhibitors.aspx&ParentBoothID=&ListByBooth=true&BoothID=662772","2413","https://expo.semi.org/china2026/Public/eventmap.aspx?MapItBoothID=662772&MapItBooth=2413","https://expo.semi.org/china2026/Public/imgHandler.ashx?Task=1&ID=../CUSTOM/CustomField24.png"
"Goal Technology (Shenzhen) Co.,Ltd.","https://expo.semi.org/china2026/Public/eBooth.aspx?IndexInList=276&FromPage=Exhibitors.aspx&ParentBoothID=&ListByBooth=true&BoothID=643047","T1430","https://expo.semi.org/china2026/Public/eventmap.aspx?MapItBoothID=643047&MapItBooth=T1430","https://expo.semi.org/china2026/Public/imgHandler.ashx?Task=1&ID=../CUSTOM/CustomField24.png"
"Googol Technology Co., Ltd.","https://expo.semi.org/china2026/Public/eBooth.aspx?IndexInList=277&FromPage=Exhibitors.aspx&ParentBoothID=&ListByBooth=true&BoothID=637064","2214","https://expo.semi.org/china2026/Public/eventmap.aspx?MapItBoothID=637064&MapItBooth=2214","https://expo.semi.org/china2026/Public/imgHandler.ashx?Task=1&ID=../CUSTOM/CustomField24.png"
"Grace Filter&Housing(KunShan)Co.,Ltd","https://expo.semi.org/china2026/Public/eBooth.aspx?IndexInList=278&FromPage=Exhibitors.aspx&ParentBoothID=&ListByBooth=true&BoothID=649424","T4206","https://expo.semi.org/china2026/Public/eventmap.aspx?MapItBoothID=649424&MapItBooth=T4206","https://expo.semi.org/china2026/Public/imgHandler.ashx?Task=1&ID=../CUSTOM/CustomField24.png"
"GRAND UNIFIED OPTICS (SHANGHAI) CO.,LTD.","https://expo.semi.org/china2026/Public/eBooth.aspx?IndexInList=279&FromPage=Exhibitors.aspx&ParentBoothID=&ListByBooth=true&BoothID=677698","5411","https://expo.semi.org/china2026/Public/eventmap.aspx?MapItBoothID=677698&MapItBooth=5411","https://expo.semi.org/china2026/Public/imgHandler.ashx?Task=1&ID=../CUSTOM/CustomField24.png"
"GrandiT Co., Ltd","https://expo.semi.org/china2026/Public/eBooth.aspx?IndexInList=280&FromPage=Exhibitors.aspx&ParentBoothID=&ListByBooth=true&BoothID=638508","4281","https://expo.semi.org/china2026/Public/eventmap.aspx?MapItBoothID=638508&MapItBooth=4281","https://expo.semi.org/china2026/Public/imgHandler.ashx?Task=1&ID=../CUSTOM/CustomField24.png"
"GreaTech Substrates Co.,Ltd","https://expo.semi.org/china2026/Public/eBooth.aspx?IndexInList=281&FromPage=Exhibitors.aspx&ParentBoothID=&ListByBooth=true&BoothID=638321","3717","https://expo.semi.org/china2026/Public/eventmap.aspx?MapItBoothID=638321&MapItBooth=3717","https://expo.semi.org/china2026/Public/imgHandler.ashx?Task=1&ID=../CUSTOM/CustomField24.png"
"Greenstar Technology (Beijing) Co., Ltd.","https://expo.semi.org/china2026/Public/eBooth.aspx?IndexInList=282&FromPage=Exhibitors.aspx&ParentBoothID=&ListByBooth=true&BoothID=641187","T1326","https://expo.semi.org/china2026/Public/eventmap.aspx?MapItBoothID=641187&MapItBooth=T1326","https://expo.semi.org/china2026/Public/imgHandler.ashx?Task=1&ID=../CUSTOM/CustomField24.png"
"Grikin Advanced Materials Co., Ltd.","https://expo.semi.org/china2026/Public/eBooth.aspx?IndexInList=283&FromPage=Exhibitors.aspx&ParentBoothID=&ListByBooth=true&BoothID=642249","2481","https://expo.semi.org/china2026/Public/eventmap.aspx?MapItBoothID=642249&MapItBooth=2481","https://expo.semi.org/china2026/Public/imgHandler.ashx?Task=1&ID=../CUSTOM/CustomField24.png"
"Guangdong ADA Semiconductor Equipment Ltd.","https://expo.semi.org/china2026/Public/eBooth.aspx?IndexInList=284&FromPage=Exhibitors.aspx&ParentBoothID=&ListByBooth=true&BoothID=637653","2104","https://expo.semi.org/china2026/Public/eventmap.aspx?MapItBoothID=637653&MapItBooth=2104","https://expo.semi.org/china2026/Public/imgHandler.ashx?Task=1&ID=../CUSTOM/CustomField24.png"
"Guangdong D-TEK Intelligent Equipment Co.,LTD.","https://expo.semi.org/china2026/Public/eBooth.aspx?IndexInList=285&FromPage=Exhibitors.aspx&ParentBoothID=&ListByBooth=true&BoothID=636852","1743","https://expo.semi.org/china2026/Public/eventmap.aspx?MapItBoothID=636852&MapItBooth=1743","https://expo.semi.org/china2026/Public/imgHandler.ashx?Task=1&ID=../CUSTOM/CustomField24.png"
"Guangdong Fozhixin Microelectronics Co., Ltd.","https://expo.semi.org/china2026/Public/eBooth.aspx?IndexInList=286&FromPage=Exhibitors.aspx&ParentBoothID=&ListByBooth=true&BoothID=639407","5606","https://expo.semi.org/china2026/Public/eventmap.aspx?MapItBoothID=639407&MapItBooth=5606","https://expo.semi.org/china2026/Public/imgHandler.ashx?Task=1&ID=../CUSTOM/CustomField24.png"
"Guangdong Huasi Semiconductor Equipment Co., Ltd.","https://expo.semi.org/china2026/Public/eBooth.aspx?IndexInList=287&FromPage=Exhibitors.aspx&ParentBoothID=&ListByBooth=true&BoothID=662415","6280","https://expo.semi.org/china2026/Public/eventmap.aspx?MapItBoothID=662415&MapItBooth=6280","https://expo.semi.org/china2026/Public/imgHandler.ashx?Task=1&ID=../CUSTOM/CustomField24.png"
"Guangdong Huate Gas Co.,Ltd","https://expo.semi.org/china2026/Public/eBooth.aspx?IndexInList=288&FromPage=Exhibitors.aspx&ParentBoothID=&ListByBooth=true&BoothID=639141","5227","https://expo.semi.org/china2026/Public/eventmap.aspx?MapItBoothID=639141&MapItBooth=5227","https://expo.semi.org/china2026/Public/imgHandler.ashx?Task=1&ID=../CUSTOM/CustomField24.png"
"Guangdong iStar Technology Equipment Co., Ltd.","https://expo.semi.org/china2026/Public/eBooth.aspx?IndexInList=289&FromPage=Exhibitors.aspx&ParentBoothID=&ListByBooth=true&BoothID=636840","1711","https://expo.semi.org/china2026/Public/eventmap.aspx?MapItBoothID=636840&MapItBooth=1711","https://expo.semi.org/china2026/Public/imgHandler.ashx?Task=1&ID=../CUSTOM/CustomField24.png"
"Guangdong Majorway New Materials Co., Ltd.","https://expo.semi.org/china2026/Public/eBooth.aspx?IndexInList=290&FromPage=Exhibitors.aspx&ParentBoothID=&ListByBooth=true&BoothID=649312","T4247","https://expo.semi.org/china2026/Public/eventmap.aspx?MapItBoothID=649312&MapItBooth=T4247","https://expo.semi.org/china2026/Public/imgHandler.ashx?Task=1&ID=../CUSTOM/CustomField24.png"
"Guangdong Shuocheng Technology Co., LTD","https://expo.semi.org/china2026/Public/eBooth.aspx?IndexInList=291&FromPage=Exhibitors.aspx&ParentBoothID=&ListByBooth=true&BoothID=662383","6480","https://expo.semi.org/china2026/Public/eventmap.aspx?MapItBoothID=662383&MapItBooth=6480","https://expo.semi.org/china2026/Public/imgHandler.ashx?Task=1&ID=../CUSTOM/CustomField24.png"
"Guangdong Tianyu Semiconductor  Co., Ltd.","https://expo.semi.org/china2026/Public/eBooth.aspx?IndexInList=292&FromPage=Exhibitors.aspx&ParentBoothID=&ListByBooth=true&BoothID=637661","2120","https://expo.semi.org/china2026/Public/eventmap.aspx?MapItBoothID=637661&MapItBooth=2120","https://expo.semi.org/china2026/Public/imgHandler.ashx?Task=1&ID=../CUSTOM/CustomField24.png"
"Guangdong World Precision Technology Co., Ltd.","https://expo.semi.org/china2026/Public/eBooth.aspx?IndexInList=293&FromPage=Exhibitors.aspx&ParentBoothID=&ListByBooth=true&BoothID=671667","2309","https://expo.semi.org/china2026/Public/eventmap.aspx?MapItBoothID=671667&MapItBooth=2309","https://expo.semi.org/china2026/Public/imgHandler.ashx?Task=1&ID=../CUSTOM/CustomField24.png"
"GUANGZHOU FASTPRINT SEMICONDUCTOR LIMITED","https://expo.semi.org/china2026/Public/eBooth.aspx?IndexInList=294&FromPage=Exhibitors.aspx&ParentBoothID=&ListByBooth=true&BoothID=639500","5109","https://expo.semi.org/china2026/Public/eventmap.aspx?MapItBoothID=639500&MapItBooth=5109","https://expo.semi.org/china2026/Public/imgHandler.ashx?Task=1&ID=../CUSTOM/CustomField24.png"
"Guangzhou Guanggang Gases & Energy Co.,Ltd","https://expo.semi.org/china2026/Public/eBooth.aspx?IndexInList=295&FromPage=Exhibitors.aspx&ParentBoothID=&ListByBooth=true&BoothID=641256","T1243","https://expo.semi.org/china2026/Public/eventmap.aspx?MapItBoothID=641256&MapItBooth=T1243","https://expo.semi.org/china2026/Public/imgHandler.ashx?Task=1&ID=../CUSTOM/CustomField24.png"
"Guangzhou Summit Crystal Semiconductor Co.,Ltd","https://expo.semi.org/china2026/Public/eBooth.aspx?IndexInList=296&FromPage=Exhibitors.aspx&ParentBoothID=&ListByBooth=true&BoothID=637521","2109","https://expo.semi.org/china2026/Public/eventmap.aspx?MapItBoothID=637521&MapItBooth=2109","https://expo.semi.org/china2026/Public/imgHandler.ashx?Task=1&ID=../CUSTOM/CustomField24.png"
"Gubo Technologies","https://expo.semi.org/china2026/Public/eBooth.aspx?IndexInList=297&FromPage=Exhibitors.aspx&ParentBoothID=&ListByBooth=true&BoothID=639635","5711","https://expo.semi.org/china2026/Public/eventmap.aspx?MapItBoothID=639635&MapItBooth=5711",""
"Gyrobot Technology (Suzhou) Co.,Ltd","https://expo.semi.org/china2026/Public/eBooth.aspx?IndexInList=298&FromPage=Exhibitors.aspx&ParentBoothID=&ListByBooth=true&BoothID=637700","2733","https://expo.semi.org/china2026/Public/eventmap.aspx?MapItBoothID=637700&MapItBooth=2733","https://expo.semi.org/china2026/Public/imgHandler.ashx?Task=1&ID=../CUSTOM/CustomField24.png"
"Haichuang Intelligent Equipment (Yantai) Co.,Ltd.","https://expo.semi.org/china2026/Public/eBooth.aspx?IndexInList=299&FromPage=Exhibitors.aspx&ParentBoothID=&ListByBooth=true&BoothID=680445","5335","https://expo.semi.org/china2026/Public/eventmap.aspx?MapItBoothID=680445&MapItBooth=5335",""
"HAINAR HYDRAULICS CO., LTD.","https://expo.semi.org/china2026/Public/eBooth.aspx?IndexInList=300&FromPage=Exhibitors.aspx&ParentBoothID=&ListByBooth=true&BoothID=640280","6729","https://expo.semi.org/china2026/Public/eventmap.aspx?MapItBoothID=640280&MapItBooth=6729","https://expo.semi.org/china2026/Public/imgHandler.ashx?Task=1&ID=../CUSTOM/CustomField24.png"
"Haituo Instrument (Jiangsu) CO.,LTD","https://expo.semi.org/china2026/Public/eBooth.aspx?IndexInList=301&FromPage=Exhibitors.aspx&ParentBoothID=&ListByBooth=true&BoothID=639956","6555","https://expo.semi.org/china2026/Public/eventmap.aspx?MapItBoothID=639956&MapItBooth=6555","https://expo.semi.org/china2026/Public/imgHandler.ashx?Task=1&ID=../CUSTOM/CustomField24.png"
"Hakuto Enterprises (Shanghai) Ltd.","https://expo.semi.org/china2026/Public/eBooth.aspx?IndexInList=302&FromPage=Exhibitors.aspx&ParentBoothID=&ListByBooth=true&BoothID=637181","2267","https://expo.semi.org/china2026/Public/eventmap.aspx?MapItBoothID=637181&MapItBooth=2267","https://expo.semi.org/china2026/Public/imgHandler.ashx?Task=1&ID=../CUSTOM/CustomField24.png"
"Hamai.Co., Ltd.","https://expo.semi.org/china2026/Public/eBooth.aspx?IndexInList=303&FromPage=Exhibitors.aspx&ParentBoothID=&ListByBooth=true&BoothID=638501","4265","https://expo.semi.org/china2026/Public/eventmap.aspx?MapItBoothID=638501&MapItBooth=4265","https://expo.semi.org/china2026/Public/imgHandler.ashx?Task=1&ID=../CUSTOM/CustomField24.png"
"Ham-Let","https://expo.semi.org/china2026/Public/eBooth.aspx?IndexInList=304&FromPage=Exhibitors.aspx&ParentBoothID=&ListByBooth=true&BoothID=640386","7207","https://expo.semi.org/china2026/Public/eventmap.aspx?MapItBoothID=640386&MapItBooth=7207","https://expo.semi.org/china2026/Public/imgHandler.ashx?Task=1&ID=../CUSTOM/CustomField24.png"
"HangZhou Changchuan Technology Co.,Ltd","https://expo.semi.org/china2026/Public/eBooth.aspx?IndexInList=305&FromPage=Exhibitors.aspx&ParentBoothID=&ListByBooth=true&BoothID=639055","5131","https://expo.semi.org/china2026/Public/eventmap.aspx?MapItBoothID=639055&MapItBooth=5131","https://expo.semi.org/china2026/Public/imgHandler.ashx?Task=1&ID=../CUSTOM/CustomField24.png"
"Hangzhou Cobetter Filtration Equipment Co., Ltd.","https://expo.semi.org/china2026/Public/eBooth.aspx?IndexInList=306&FromPage=Exhibitors.aspx&ParentBoothID=&ListByBooth=true&BoothID=639351","5471","https://expo.semi.org/china2026/Public/eventmap.aspx?MapItBoothID=639351&MapItBooth=5471","https://expo.semi.org/china2026/Public/imgHandler.ashx?Task=1&ID=../CUSTOM/CustomField24.png"
"Hangzhou Daotian Vacuum Equipment Co., Ltd.","https://expo.semi.org/china2026/Public/eBooth.aspx?IndexInList=307&FromPage=Exhibitors.aspx&ParentBoothID=&ListByBooth=true&BoothID=639954","6551","https://expo.semi.org/china2026/Public/eventmap.aspx?MapItBoothID=639954&MapItBooth=6551","https://expo.semi.org/china2026/Public/imgHandler.ashx?Task=1&ID=../CUSTOM/CustomField24.png"
"Hangzhou Darlly Filtration Equipment Co., Ltd.","https://expo.semi.org/china2026/Public/eBooth.aspx?IndexInList=308&FromPage=Exhibitors.aspx&ParentBoothID=&ListByBooth=true&BoothID=637582","2738","https://expo.semi.org/china2026/Public/eventmap.aspx?MapItBoothID=637582&MapItBooth=2738","https://expo.semi.org/china2026/Public/imgHandler.ashx?Task=1&ID=../CUSTOM/CustomField24.png"
"Hangzhou Deefine Filtration Technology Co., Ltd","https://expo.semi.org/china2026/Public/eBooth.aspx?IndexInList=309&FromPage=Exhibitors.aspx&ParentBoothID=&ListByBooth=true&BoothID=640158","6507","https://expo.semi.org/china2026/Public/eventmap.aspx?MapItBoothID=640158&MapItBooth=6507","https://expo.semi.org/china2026/Public/imgHandler.ashx?Task=1&ID=../CUSTOM/CustomField24.png"
"Hangzhou GAREN Semiconductor Co.,Ltd.","https://expo.semi.org/china2026/Public/eBooth.aspx?IndexInList=310&FromPage=Exhibitors.aspx&ParentBoothID=&ListByBooth=true&BoothID=637151","2308","https://expo.semi.org/china2026/Public/eventmap.aspx?MapItBoothID=637151&MapItBooth=2308","https://expo.semi.org/china2026/Public/imgHandler.ashx?Task=1&ID=../CUSTOM/CustomField24.png"
"Hangzhou GuoLei Semiconductor Equipment Co.,Ltd","https://expo.semi.org/china2026/Public/eBooth.aspx?IndexInList=311&FromPage=Exhibitors.aspx&ParentBoothID=&ListByBooth=true&BoothID=641679","T3266","https://expo.semi.org/china2026/Public/eventmap.aspx?MapItBoothID=641679&MapItBooth=T3266","https://expo.semi.org/china2026/Public/imgHandler.ashx?Task=1&ID=../CUSTOM/CustomField24.png"
"Hangzhou Haiqian Semiconductor Co., Ltd.","https://expo.semi.org/china2026/Public/eBooth.aspx?IndexInList=312&FromPage=Exhibitors.aspx&ParentBoothID=&ListByBooth=true&BoothID=639579","5776","https://expo.semi.org/china2026/Public/eventmap.aspx?MapItBoothID=639579&MapItBooth=5776","https://expo.semi.org/china2026/Public/imgHandler.ashx?Task=1&ID=../CUSTOM/CustomField24.png"
"Hangzhou Honest Semiconductor Equipment Co.,Ltd","https://expo.semi.org/china2026/Public/eBooth.aspx?IndexInList=313&FromPage=Exhibitors.aspx&ParentBoothID=&ListByBooth=true&BoothID=680156","T0336","https://expo.semi.org/china2026/Public/eventmap.aspx?MapItBoothID=680156&MapItBooth=T0336","https://expo.semi.org/china2026/Public/imgHandler.ashx?Task=1&ID=../CUSTOM/CustomField24.png"
"HANGZHOU HUIXIANG E&H TECHNOLOGY","https://expo.semi.org/china2026/Public/eBooth.aspx?IndexInList=314&FromPage=Exhibitors.aspx&ParentBoothID=&ListByBooth=true&BoothID=649432","T4203","https://expo.semi.org/china2026/Public/eventmap.aspx?MapItBoothID=649432&MapItBooth=T4203","https://expo.semi.org/china2026/Public/imgHandler.ashx?Task=1&ID=../CUSTOM/CustomField24.png"
"HangZhou JiuZheng Technology Co., LTD","https://expo.semi.org/china2026/Public/eBooth.aspx?IndexInList=315&FromPage=Exhibitors.aspx&ParentBoothID=&ListByBooth=true&BoothID=640023","6248","https://expo.semi.org/china2026/Public/eventmap.aspx?MapItBoothID=640023&MapItBooth=6248","https://expo.semi.org/china2026/Public/imgHandler.ashx?Task=1&ID=../CUSTOM/CustomField24.png"
"Hangzhou Kuntai Maglcy Technology Co.,Ltd","https://expo.semi.org/china2026/Public/eBooth.aspx?IndexInList=316&FromPage=Exhibitors.aspx&ParentBoothID=&ListByBooth=true&BoothID=639803","6679","https://expo.semi.org/china2026/Public/eventmap.aspx?MapItBoothID=639803&MapItBooth=6679","https://expo.semi.org/china2026/Public/imgHandler.ashx?Task=1&ID=../CUSTOM/CustomField24.png"
"Hangzhou Leaper Technology Co., Ltd.","https://expo.semi.org/china2026/Public/eBooth.aspx?IndexInList=317&FromPage=Exhibitors.aspx&ParentBoothID=&ListByBooth=true&BoothID=649357","T4119","https://expo.semi.org/china2026/Public/eventmap.aspx?MapItBoothID=649357&MapItBooth=T4119","https://expo.semi.org/china2026/Public/imgHandler.ashx?Task=1&ID=../CUSTOM/CustomField24.png"
"Hangzhou Luntek Technology Co., Ltd.","https://expo.semi.org/china2026/Public/eBooth.aspx?IndexInList=318&FromPage=Exhibitors.aspx&ParentBoothID=&ListByBooth=true&BoothID=639417","5525","https://expo.semi.org/china2026/Public/eventmap.aspx?MapItBoothID=639417&MapItBooth=5525","https://expo.semi.org/china2026/Public/imgHandler.ashx?Task=1&ID=../CUSTOM/CustomField24.png"
"HANGZHOU MDK OPTO ELECTRONICS CO., LTD","https://expo.semi.org/china2026/Public/eBooth.aspx?IndexInList=319&FromPage=Exhibitors.aspx&ParentBoothID=&ListByBooth=true&BoothID=639405","5501","https://expo.semi.org/china2026/Public/eventmap.aspx?MapItBoothID=639405&MapItBooth=5501","https://expo.semi.org/china2026/Public/imgHandler.ashx?Task=1&ID=../CUSTOM/CustomField24.png"
"HANGZHOU OXYGEN PLANT GROUP CO.,LTD.","https://expo.semi.org/china2026/Public/eBooth.aspx?IndexInList=320&FromPage=Exhibitors.aspx&ParentBoothID=&ListByBooth=true&BoothID=636845","1721","https://expo.semi.org/china2026/Public/eventmap.aspx?MapItBoothID=636845&MapItBooth=1721","https://expo.semi.org/china2026/Public/imgHandler.ashx?Task=1&ID=../CUSTOM/CustomField24.png"
"HangZhou ShuNan automation technology Co.,Ltd","https://expo.semi.org/china2026/Public/eBooth.aspx?IndexInList=321&FromPage=Exhibitors.aspx&ParentBoothID=&ListByBooth=true&BoothID=649282","T4417","https://expo.semi.org/china2026/Public/eventmap.aspx?MapItBoothID=649282&MapItBooth=T4417",""
"Hangzhou SiGauge Technology Co.,Ltd.","https://expo.semi.org/china2026/Public/eBooth.aspx?IndexInList=322&FromPage=Exhibitors.aspx&ParentBoothID=&ListByBooth=true&BoothID=662413","6276","https://expo.semi.org/china2026/Public/eventmap.aspx?MapItBoothID=662413&MapItBooth=6276",""
"Hangzhou Sizone Electronic Technology Inc.","https://expo.semi.org/china2026/Public/eBooth.aspx?IndexInList=323&FromPage=Exhibitors.aspx&ParentBoothID=&ListByBooth=true&BoothID=641121","T1313","https://expo.semi.org/china2026/Public/eventmap.aspx?MapItBoothID=641121&MapItBooth=T1313","https://expo.semi.org/china2026/Public/imgHandler.ashx?Task=1&ID=../CUSTOM/CustomField24.png"
"HangZhou Speedcury Technology CO.LTD","https://expo.semi.org/china2026/Public/eBooth.aspx?IndexInList=324&FromPage=Exhibitors.aspx&ParentBoothID=&ListByBooth=true&BoothID=641149","T1113","https://expo.semi.org/china2026/Public/eventmap.aspx?MapItBoothID=641149&MapItBooth=T1113","https://expo.semi.org/china2026/Public/imgHandler.ashx?Task=1&ID=../CUSTOM/CustomField24.png"
"Hangzhou Vulcan New Material Technology Co, Ltd.","https://expo.semi.org/china2026/Public/eBooth.aspx?IndexInList=325&FromPage=Exhibitors.aspx&ParentBoothID=&ListByBooth=true&BoothID=648056","2010","https://expo.semi.org/china2026/Public/eventmap.aspx?MapItBoothID=648056&MapItBooth=2010","https://expo.semi.org/china2026/Public/imgHandler.ashx?Task=1&ID=../CUSTOM/CustomField24.png"
"HangZhou Wolead Electrical and Mechanical CO.,ltd","https://expo.semi.org/china2026/Public/eBooth.aspx?IndexInList=326&FromPage=Exhibitors.aspx&ParentBoothID=&ListByBooth=true&BoothID=640294","6769","https://expo.semi.org/china2026/Public/eventmap.aspx?MapItBoothID=640294&MapItBooth=6769","https://expo.semi.org/china2026/Public/imgHandler.ashx?Task=1&ID=../CUSTOM/CustomField24.png"
"Hangzhou Xinyanke Semiconductor Materials Co.,Ltd.","https://expo.semi.org/china2026/Public/eBooth.aspx?IndexInList=327&FromPage=Exhibitors.aspx&ParentBoothID=&ListByBooth=true&BoothID=649332","T4135","https://expo.semi.org/china2026/Public/eventmap.aspx?MapItBoothID=649332&MapItBooth=T4135",""
"Haohua Gas Co.,Ltd.","https://expo.semi.org/china2026/Public/eBooth.aspx?IndexInList=328&FromPage=Exhibitors.aspx&ParentBoothID=&ListByBooth=true&BoothID=641795","T3101","https://expo.semi.org/china2026/Public/eventmap.aspx?MapItBoothID=641795&MapItBooth=T3101","https://expo.semi.org/china2026/Public/imgHandler.ashx?Task=1&ID=../CUSTOM/CustomField24.png"
"Harmonic Drive Systems (Shanghai) Co., Ltd","https://expo.semi.org/china2026/Public/eBooth.aspx?IndexInList=329&FromPage=Exhibitors.aspx&ParentBoothID=&ListByBooth=true&BoothID=639944","6650","https://expo.semi.org/china2026/Public/eventmap.aspx?MapItBoothID=639944&MapItBooth=6650","https://expo.semi.org/china2026/Public/imgHandler.ashx?Task=1&ID=../CUSTOM/CustomField24.png"
"Hebei Synlight Semiconductor Co.，Ltd.","https://expo.semi.org/china2026/Public/eBooth.aspx?IndexInList=330&FromPage=Exhibitors.aspx&ParentBoothID=&ListByBooth=true&BoothID=654485","2201","https://expo.semi.org/china2026/Public/eventmap.aspx?MapItBoothID=654485&MapItBooth=2201","https://expo.semi.org/china2026/Public/imgHandler.ashx?Task=1&ID=../CUSTOM/CustomField24.png"
"Hefei Accuracy Intelligent Equipment Co., Ltd","https://expo.semi.org/china2026/Public/eBooth.aspx?IndexInList=331&FromPage=Exhibitors.aspx&ParentBoothID=&ListByBooth=true&BoothID=649348","T4120","https://expo.semi.org/china2026/Public/eventmap.aspx?MapItBoothID=649348&MapItBooth=T4120","https://expo.semi.org/china2026/Public/imgHandler.ashx?Task=1&ID=../CUSTOM/CustomField24.png"
"Hefei ImagEx Electronics Technology Co., Ltd.","https://expo.semi.org/china2026/Public/eBooth.aspx?IndexInList=332&FromPage=Exhibitors.aspx&ParentBoothID=&ListByBooth=true&BoothID=638274","3804","https://expo.semi.org/china2026/Public/eventmap.aspx?MapItBoothID=638274&MapItBooth=3804","https://expo.semi.org/china2026/Public/imgHandler.ashx?Task=1&ID=../CUSTOM/CustomField24.png"
"Hefei Jiufu Semiconductor Technology Co.,Ltd","https://expo.semi.org/china2026/Public/eBooth.aspx?IndexInList=333&FromPage=Exhibitors.aspx&ParentBoothID=&ListByBooth=true&BoothID=640032","6147","https://expo.semi.org/china2026/Public/eventmap.aspx?MapItBoothID=640032&MapItBooth=6147","https://expo.semi.org/china2026/Public/imgHandler.ashx?Task=1&ID=../CUSTOM/CustomField24.png"
"HEFEI KAIYUE SEMICONDUCTOR TECHNOLOGY CO.,LTD","https://expo.semi.org/china2026/Public/eBooth.aspx?IndexInList=334&FromPage=Exhibitors.aspx&ParentBoothID=&ListByBooth=true&BoothID=637427","2604","https://expo.semi.org/china2026/Public/eventmap.aspx?MapItBoothID=637427&MapItBooth=2604","https://expo.semi.org/china2026/Public/imgHandler.ashx?Task=1&ID=../CUSTOM/CustomField24.png"
"Hefei Nano Semiconductor Co.,Ltd.","https://expo.semi.org/china2026/Public/eBooth.aspx?IndexInList=335&FromPage=Exhibitors.aspx&ParentBoothID=&ListByBooth=true&BoothID=636850","1739","https://expo.semi.org/china2026/Public/eventmap.aspx?MapItBoothID=636850&MapItBooth=1739","https://expo.semi.org/china2026/Public/imgHandler.ashx?Task=1&ID=../CUSTOM/CustomField24.png"
"Hefei Sanyue Semiconductor Technology Co.，LTD","https://expo.semi.org/china2026/Public/eBooth.aspx?IndexInList=336&FromPage=Exhibitors.aspx&ParentBoothID=&ListByBooth=true&BoothID=649409","T4106","https://expo.semi.org/china2026/Public/eventmap.aspx?MapItBoothID=649409&MapItBooth=T4106","https://expo.semi.org/china2026/Public/imgHandler.ashx?Task=1&ID=../CUSTOM/CustomField24.png"
"Hefei SHAREWIN Semiconductor Material Co.,Ltd.","https://expo.semi.org/china2026/Public/eBooth.aspx?IndexInList=337&FromPage=Exhibitors.aspx&ParentBoothID=&ListByBooth=true&BoothID=662408","6283","https://expo.semi.org/china2026/Public/eventmap.aspx?MapItBoothID=662408&MapItBooth=6283","https://expo.semi.org/china2026/Public/imgHandler.ashx?Task=1&ID=../CUSTOM/CustomField24.png"
"Hefei Thermo Quartz Semi Materials Co.,Ltd","https://expo.semi.org/china2026/Public/eBooth.aspx?IndexInList=338&FromPage=Exhibitors.aspx&ParentBoothID=&ListByBooth=true&BoothID=668276","T3325","https://expo.semi.org/china2026/Public/eventmap.aspx?MapItBoothID=668276&MapItBooth=T3325","https://expo.semi.org/china2026/Public/imgHandler.ashx?Task=1&ID=../CUSTOM/CustomField24.png"
"Hefei True P Electronic Technology Co.,Ltd","https://expo.semi.org/china2026/Public/eBooth.aspx?IndexInList=339&FromPage=Exhibitors.aspx&ParentBoothID=&ListByBooth=true&BoothID=649236","4438","https://expo.semi.org/china2026/Public/eventmap.aspx?MapItBoothID=649236&MapItBooth=4438",""
"Heli Gas (Shanghai) Co., Ltd.","https://expo.semi.org/china2026/Public/eBooth.aspx?IndexInList=340&FromPage=Exhibitors.aspx&ParentBoothID=&ListByBooth=true&BoothID=642681","4826","https://expo.semi.org/china2026/Public/eventmap.aspx?MapItBoothID=642681&MapItBooth=4826","https://expo.semi.org/china2026/Public/imgHandler.ashx?Task=1&ID=../CUSTOM/CustomField24.png"
"Henan Keen Superhard Materials Technology Co., Ltd.","https://expo.semi.org/china2026/Public/eBooth.aspx?IndexInList=341&FromPage=Exhibitors.aspx&ParentBoothID=&ListByBooth=true&BoothID=639682","5154","https://expo.semi.org/china2026/Public/eventmap.aspx?MapItBoothID=639682&MapItBooth=5154","https://expo.semi.org/china2026/Public/imgHandler.ashx?Task=1&ID=../CUSTOM/CustomField24.png"
"HeNan Union precision Material.co.,ltd","https://expo.semi.org/china2026/Public/eBooth.aspx?IndexInList=342&FromPage=Exhibitors.aspx&ParentBoothID=&ListByBooth=true&BoothID=638196","3137","https://expo.semi.org/china2026/Public/eventmap.aspx?MapItBoothID=638196&MapItBooth=3137","https://expo.semi.org/china2026/Public/imgHandler.ashx?Task=1&ID=../CUSTOM/CustomField24.png"
"Henan Xinlianxin Shenleng Energy Co., Ltd.","https://expo.semi.org/china2026/Public/eBooth.aspx?IndexInList=343&FromPage=Exhibitors.aspx&ParentBoothID=&ListByBooth=true&BoothID=649413","T4113","https://expo.semi.org/china2026/Public/eventmap.aspx?MapItBoothID=649413&MapItBooth=T4113","https://expo.semi.org/china2026/Public/imgHandler.ashx?Task=1&ID=../CUSTOM/CustomField24.png"
"HENGKO Microelectronics Semiconductor Filtration Co., Ltd.","https://expo.semi.org/china2026/Public/eBooth.aspx?IndexInList=344&FromPage=Exhibitors.aspx&ParentBoothID=&ListByBooth=true&BoothID=649431","T4205","https://expo.semi.org/china2026/Public/eventmap.aspx?MapItBoothID=649431&MapItBooth=T4205","https://expo.semi.org/china2026/Public/imgHandler.ashx?Task=1&ID=../CUSTOM/CustomField24.png"
"Henkel Loctite (China) Co., Ltd.","https://expo.semi.org/china2026/Public/eBooth.aspx?IndexInList=345&FromPage=Exhibitors.aspx&ParentBoothID=&ListByBooth=true&BoothID=639154","5251","https://expo.semi.org/china2026/Public/eventmap.aspx?MapItBoothID=639154&MapItBooth=5251",""
"Heraeus Quartz (shenyang) Co. ltd.","https://expo.semi.org/china2026/Public/eBooth.aspx?IndexInList=346&FromPage=Exhibitors.aspx&ParentBoothID=&ListByBooth=true&BoothID=639707","6008","https://expo.semi.org/china2026/Public/eventmap.aspx?MapItBoothID=639707&MapItBooth=6008","https://expo.semi.org/china2026/Public/imgHandler.ashx?Task=1&ID=../CUSTOM/CustomField24.png"
"Hero Fair Limited","https://expo.semi.org/china2026/Public/eBooth.aspx?IndexInList=347&FromPage=Exhibitors.aspx&ParentBoothID=&ListByBooth=true&BoothID=637841","3263","https://expo.semi.org/china2026/Public/eventmap.aspx?MapItBoothID=637841&MapItBooth=3263","https://expo.semi.org/china2026/Public/imgHandler.ashx?Task=1&ID=../CUSTOM/CustomField24.png"
"Hexin Semiconductor Technology (Suzhou) Co.,Ltd","https://expo.semi.org/china2026/Public/eBooth.aspx?IndexInList=348&FromPage=Exhibitors.aspx&ParentBoothID=&ListByBooth=true&BoothID=649330","T4139","https://expo.semi.org/china2026/Public/eventmap.aspx?MapItBoothID=649330&MapItBooth=T4139","https://expo.semi.org/china2026/Public/imgHandler.ashx?Task=1&ID=../CUSTOM/CustomField24.png"
"HIDICON SEMICONDUCTOR DEVICES TECHNOLOGY Co., Ltd.","https://expo.semi.org/china2026/Public/eBooth.aspx?IndexInList=349&FromPage=Exhibitors.aspx&ParentBoothID=&ListByBooth=true&BoothID=649208","4123","https://expo.semi.org/china2026/Public/eventmap.aspx?MapItBoothID=649208&MapItBooth=4123",""
"HIIG Trinity (Anhui) Technology Co., LTD.","https://expo.semi.org/china2026/Public/eBooth.aspx?IndexInList=350&FromPage=Exhibitors.aspx&ParentBoothID=&ListByBooth=true&BoothID=638851","4631","https://expo.semi.org/china2026/Public/eventmap.aspx?MapItBoothID=638851&MapItBooth=4631","https://expo.semi.org/china2026/Public/imgHandler.ashx?Task=1&ID=../CUSTOM/CustomField24.png"
"Hitachi High-Tech Corporation","https://expo.semi.org/china2026/Public/eBooth.aspx?IndexInList=351&FromPage=Exhibitors.aspx&ParentBoothID=&ListByBooth=true&BoothID=641450","T2443","https://expo.semi.org/china2026/Public/eventmap.aspx?MapItBoothID=641450&MapItBooth=T2443","https://expo.semi.org/china2026/Public/imgHandler.ashx?Task=1&ID=../CUSTOM/CustomField24.png"
"Hiwin Mikrosystem Corp.","https://expo.semi.org/china2026/Public/eBooth.aspx?IndexInList=352&FromPage=Exhibitors.aspx&ParentBoothID=&ListByBooth=true&BoothID=638711","4425","https://expo.semi.org/china2026/Public/eventmap.aspx?MapItBoothID=638711&MapItBooth=4425","https://expo.semi.org/china2026/Public/imgHandler.ashx?Task=1&ID=../CUSTOM/CustomField24.png"
"Hoken High Tech Material (Ningxia ) Co.,Ltd.","https://expo.semi.org/china2026/Public/eBooth.aspx?IndexInList=353&FromPage=Exhibitors.aspx&ParentBoothID=&ListByBooth=true&BoothID=649273","T4435","https://expo.semi.org/china2026/Public/eventmap.aspx?MapItBoothID=649273&MapItBooth=T4435","https://expo.semi.org/china2026/Public/imgHandler.ashx?Task=1&ID=../CUSTOM/CustomField24.png"
"Hokuriku Machinery Trading (Suzhou) Co., Ltd","https://expo.semi.org/china2026/Public/eBooth.aspx?IndexInList=354&FromPage=Exhibitors.aspx&ParentBoothID=&ListByBooth=true&BoothID=639027","4162","https://expo.semi.org/china2026/Public/eventmap.aspx?MapItBoothID=639027&MapItBooth=4162","https://expo.semi.org/china2026/Public/imgHandler.ashx?Task=1&ID=../CUSTOM/CustomField24.png"
"Homwell International Trade (Shanghai) Co., Ltd.","https://expo.semi.org/china2026/Public/eBooth.aspx?IndexInList=355&FromPage=Exhibitors.aspx&ParentBoothID=&ListByBooth=true&BoothID=638257","3671","https://expo.semi.org/china2026/Public/eventmap.aspx?MapItBoothID=638257&MapItBooth=3671","https://expo.semi.org/china2026/Public/imgHandler.ashx?Task=1&ID=../CUSTOM/CustomField24.png"
"Honeywell Automation and Control Solutions (China) Co.,Ltd","https://expo.semi.org/china2026/Public/eBooth.aspx?IndexInList=356&FromPage=Exhibitors.aspx&ParentBoothID=&ListByBooth=true&BoothID=641292","T2113","https://expo.semi.org/china2026/Public/eventmap.aspx?MapItBoothID=641292&MapItBooth=T2113","https://expo.semi.org/china2026/Public/imgHandler.ashx?Task=1&ID=../CUSTOM/CustomField24.png"
"HONGHU (SuZhou) Semiconductor Technology Co.,LTD","https://expo.semi.org/china2026/Public/eBooth.aspx?IndexInList=357&FromPage=Exhibitors.aspx&ParentBoothID=&ListByBooth=true&BoothID=639852","6477","https://expo.semi.org/china2026/Public/eventmap.aspx?MapItBoothID=639852&MapItBooth=6477","https://expo.semi.org/china2026/Public/imgHandler.ashx?Task=1&ID=../CUSTOM/CustomField24.png"
"Hongshun New Energy Material Technology(Zhejiang)Co.,Ltd","https://expo.semi.org/china2026/Public/eBooth.aspx?IndexInList=358&FromPage=Exhibitors.aspx&ParentBoothID=&ListByBooth=true&BoothID=639801","6675","https://expo.semi.org/china2026/Public/eventmap.aspx?MapItBoothID=639801&MapItBooth=6675","https://expo.semi.org/china2026/Public/imgHandler.ashx?Task=1&ID=../CUSTOM/CustomField24.png"
"HORIBA, Ltd.","https://expo.semi.org/china2026/Public/eBooth.aspx?IndexInList=359&FromPage=Exhibitors.aspx&ParentBoothID=&ListByBooth=true&BoothID=637720","3101","https://expo.semi.org/china2026/Public/eventmap.aspx?MapItBoothID=637720&MapItBooth=3101","https://expo.semi.org/china2026/Public/imgHandler.ashx?Task=1&ID=../CUSTOM/CustomField24.png"
"Hotlong Technology Co., Ltd.","https://expo.semi.org/china2026/Public/eBooth.aspx?IndexInList=360&FromPage=Exhibitors.aspx&ParentBoothID=&ListByBooth=true&BoothID=663071","2530","https://expo.semi.org/china2026/Public/eventmap.aspx?MapItBoothID=663071&MapItBooth=2530","https://expo.semi.org/china2026/Public/imgHandler.ashx?Task=1&ID=../CUSTOM/CustomField24.png"
"HPC Trading (Shanghai) Co., Ltd.","https://expo.semi.org/china2026/Public/eBooth.aspx?IndexInList=361&FromPage=Exhibitors.aspx&ParentBoothID=&ListByBooth=true&BoothID=637821","3223","https://expo.semi.org/china2026/Public/eventmap.aspx?MapItBoothID=637821&MapItBooth=3223","https://expo.semi.org/china2026/Public/imgHandler.ashx?Task=1&ID=../CUSTOM/CustomField24.png"
"HPC Trading (Shanghai) Co., Ltd.","https://expo.semi.org/china2026/Public/eBooth.aspx?IndexInList=362&FromPage=Exhibitors.aspx&ParentBoothID=&ListByBooth=true&BoothID=637938","3371","https://expo.semi.org/china2026/Public/eventmap.aspx?MapItBoothID=637938&MapItBooth=3371","https://expo.semi.org/china2026/Public/imgHandler.ashx?Task=1&ID=../CUSTOM/CustomField24.png"
"HPC Trading (Shanghai) Co., Ltd.","https://expo.semi.org/china2026/Public/eBooth.aspx?IndexInList=363&FromPage=Exhibitors.aspx&ParentBoothID=&ListByBooth=true&BoothID=638021","3451","https://expo.semi.org/china2026/Public/eventmap.aspx?MapItBoothID=638021&MapItBooth=3451","https://expo.semi.org/china2026/Public/imgHandler.ashx?Task=1&ID=../CUSTOM/CustomField24.png"
"HPRAY (Changzhou) Clean System Technology Co.,Ltd","https://expo.semi.org/china2026/Public/eBooth.aspx?IndexInList=364&FromPage=Exhibitors.aspx&ParentBoothID=&ListByBooth=true&BoothID=662316","2022","https://expo.semi.org/china2026/Public/eventmap.aspx?MapItBoothID=662316&MapItBooth=2022","https://expo.semi.org/china2026/Public/imgHandler.ashx?Task=1&ID=../CUSTOM/CustomField24.png"
"HPWK Machine","https://expo.semi.org/china2026/Public/eBooth.aspx?IndexInList=365&FromPage=Exhibitors.aspx&ParentBoothID=&ListByBooth=true&BoothID=640838","7810","https://expo.semi.org/china2026/Public/eventmap.aspx?MapItBoothID=640838&MapItBooth=7810","https://expo.semi.org/china2026/Public/imgHandler.ashx?Task=1&ID=../CUSTOM/CustomField24.png"
"ht tech","https://expo.semi.org/china2026/Public/eBooth.aspx?IndexInList=366&FromPage=Exhibitors.aspx&ParentBoothID=&ListByBooth=true&BoothID=640402","7239","https://expo.semi.org/china2026/Public/eventmap.aspx?MapItBoothID=640402&MapItBooth=7239","https://expo.semi.org/china2026/Public/imgHandler.ashx?Task=1&ID=../CUSTOM/CustomField24.png"
"HUATIAN TECHNOLOGY (SHANGHAI) CO., LTD.","https://expo.semi.org/china2026/Public/eBooth.aspx?IndexInList=367&FromPage=Exhibitors.aspx&ParentBoothID=&ListByBooth=true&BoothID=639345","5461","https://expo.semi.org/china2026/Public/eventmap.aspx?MapItBoothID=639345&MapItBooth=5461","https://expo.semi.org/china2026/Public/imgHandler.ashx?Task=1&ID=../CUSTOM/CustomField24.png"
"HuaXin(JiaXing) Intelligent Manufacturing Co.LTD","https://expo.semi.org/china2026/Public/eBooth.aspx?IndexInList=368&FromPage=Exhibitors.aspx&ParentBoothID=&ListByBooth=true&BoothID=649422","T4210","https://expo.semi.org/china2026/Public/eventmap.aspx?MapItBoothID=649422&MapItBooth=T4210","https://expo.semi.org/china2026/Public/imgHandler.ashx?Task=1&ID=../CUSTOM/CustomField24.png"
"Huaying Research Co.,Ltd","https://expo.semi.org/china2026/Public/eBooth.aspx?IndexInList=369&FromPage=Exhibitors.aspx&ParentBoothID=&ListByBooth=true&BoothID=662438","2347","https://expo.semi.org/china2026/Public/eventmap.aspx?MapItBoothID=662438&MapItBooth=2347","https://expo.semi.org/china2026/Public/imgHandler.ashx?Task=1&ID=../CUSTOM/CustomField24.png"
"Hubei Evergrace Intelligent Technology Co.,Ltd.","https://expo.semi.org/china2026/Public/eBooth.aspx?IndexInList=370&FromPage=Exhibitors.aspx&ParentBoothID=&ListByBooth=true&BoothID=641062","T0441","https://expo.semi.org/china2026/Public/eventmap.aspx?MapItBoothID=641062&MapItBooth=T0441","https://expo.semi.org/china2026/Public/imgHandler.ashx?Task=1&ID=../CUSTOM/CustomField24.png"
"Hubei Feilihua Quartz Glass Co., Ltd.","https://expo.semi.org/china2026/Public/eBooth.aspx?IndexInList=371&FromPage=Exhibitors.aspx&ParentBoothID=&ListByBooth=true&BoothID=638862","4651","https://expo.semi.org/china2026/Public/eventmap.aspx?MapItBoothID=638862&MapItBooth=4651","https://expo.semi.org/china2026/Public/imgHandler.ashx?Task=1&ID=../CUSTOM/CustomField24.png"
"Hubei Sinophorus Electronic Materials Co.,Ltd.","https://expo.semi.org/china2026/Public/eBooth.aspx?IndexInList=372&FromPage=Exhibitors.aspx&ParentBoothID=&ListByBooth=true&BoothID=639443","5577","https://expo.semi.org/china2026/Public/eventmap.aspx?MapItBoothID=639443&MapItBooth=5577","https://expo.semi.org/china2026/Public/imgHandler.ashx?Task=1&ID=../CUSTOM/CustomField24.png"
"Huifeng Diamond Co., Ltd.","https://expo.semi.org/china2026/Public/eBooth.aspx?IndexInList=373&FromPage=Exhibitors.aspx&ParentBoothID=&ListByBooth=true&BoothID=642878","6334","https://expo.semi.org/china2026/Public/eventmap.aspx?MapItBoothID=642878&MapItBooth=6334","https://expo.semi.org/china2026/Public/imgHandler.ashx?Task=1&ID=../CUSTOM/CustomField24.png"
"Hunan Borun Micro Electronics Semiconductor Technology Co., Ltd.","https://expo.semi.org/china2026/Public/eBooth.aspx?IndexInList=374&FromPage=Exhibitors.aspx&ParentBoothID=&ListByBooth=true&BoothID=639769","6750","https://expo.semi.org/china2026/Public/eventmap.aspx?MapItBoothID=639769&MapItBooth=6750","https://expo.semi.org/china2026/Public/imgHandler.ashx?Task=1&ID=../CUSTOM/CustomField24.png"
"Hunan DeZhi New Material Co., Ltd.","https://expo.semi.org/china2026/Public/eBooth.aspx?IndexInList=375&FromPage=Exhibitors.aspx&ParentBoothID=&ListByBooth=true&BoothID=641655","T3267","https://expo.semi.org/china2026/Public/eventmap.aspx?MapItBoothID=641655&MapItBooth=T3267","https://expo.semi.org/china2026/Public/imgHandler.ashx?Task=1&ID=../CUSTOM/CustomField24.png"
"Hunan Exwell Semiconductor Equipment Co.,Ltd","https://expo.semi.org/china2026/Public/eBooth.aspx?IndexInList=376&FromPage=Exhibitors.aspx&ParentBoothID=&ListByBooth=true&BoothID=641208","T1121","https://expo.semi.org/china2026/Public/eventmap.aspx?MapItBoothID=641208&MapItBooth=T1121","https://expo.semi.org/china2026/Public/imgHandler.ashx?Task=1&ID=../CUSTOM/CustomField24.png"
"Hunan More Than Moore Advanced Semiconductor Co., Ltd","https://expo.semi.org/china2026/Public/eBooth.aspx?IndexInList=377&FromPage=Exhibitors.aspx&ParentBoothID=&ListByBooth=true&BoothID=639325","5425","https://expo.semi.org/china2026/Public/eventmap.aspx?MapItBoothID=639325&MapItBooth=5425","https://expo.semi.org/china2026/Public/imgHandler.ashx?Task=1&ID=../CUSTOM/CustomField24.png"
"Hunan YuJing Machinery Co., Ltd.","https://expo.semi.org/china2026/Public/eBooth.aspx?IndexInList=378&FromPage=Exhibitors.aspx&ParentBoothID=&ListByBooth=true&BoothID=649365","T4222","https://expo.semi.org/china2026/Public/eventmap.aspx?MapItBoothID=649365&MapItBooth=T4222","https://expo.semi.org/china2026/Public/imgHandler.ashx?Task=1&ID=../CUSTOM/CustomField24.png"
"HUNGO SEMICONDUCTOR EQUIPMENT(SHANGHAI)CO.,LTD.","https://expo.semi.org/china2026/Public/eBooth.aspx?IndexInList=379&FromPage=Exhibitors.aspx&ParentBoothID=&ListByBooth=true&BoothID=663465","1022","https://expo.semi.org/china2026/Public/eventmap.aspx?MapItBoothID=663465&MapItBooth=1022","https://expo.semi.org/china2026/Public/imgHandler.ashx?Task=1&ID=../CUSTOM/CustomField24.png"
"HUZHOU BESTLOK Fluid Equipment Ltd","https://expo.semi.org/china2026/Public/eBooth.aspx?IndexInList=380&FromPage=Exhibitors.aspx&ParentBoothID=&ListByBooth=true&BoothID=638924","4187","https://expo.semi.org/china2026/Public/eventmap.aspx?MapItBoothID=638924&MapItBooth=4187","https://expo.semi.org/china2026/Public/imgHandler.ashx?Task=1&ID=../CUSTOM/CustomField24.png"
"Huzhou Veecd Opto-Technology Co., Ltd","https://expo.semi.org/china2026/Public/eBooth.aspx?IndexInList=381&FromPage=Exhibitors.aspx&ParentBoothID=&ListByBooth=true&BoothID=640850","7711","https://expo.semi.org/china2026/Public/eventmap.aspx?MapItBoothID=640850&MapItBooth=7711","https://expo.semi.org/china2026/Public/imgHandler.ashx?Task=1&ID=../CUSTOM/CustomField24.png"
"Hwacheon Machine Tool (Nanjing) Co.,LTD.","https://expo.semi.org/china2026/Public/eBooth.aspx?IndexInList=382&FromPage=Exhibitors.aspx&ParentBoothID=&ListByBooth=true&BoothID=639777","6647","https://expo.semi.org/china2026/Public/eventmap.aspx?MapItBoothID=639777&MapItBooth=6647",""
"Hwatsing Technology Co., Ltd","https://expo.semi.org/china2026/Public/eBooth.aspx?IndexInList=383&FromPage=Exhibitors.aspx&ParentBoothID=&ListByBooth=true&BoothID=636594","1531","https://expo.semi.org/china2026/Public/eventmap.aspx?MapItBoothID=636594&MapItBooth=1531","https://expo.semi.org/china2026/Public/imgHandler.ashx?Task=1&ID=../CUSTOM/CustomField24.png"
"HYD Technology (Suzhou) Co.,Ltd","https://expo.semi.org/china2026/Public/eBooth.aspx?IndexInList=384&FromPage=Exhibitors.aspx&ParentBoothID=&ListByBooth=true&BoothID=645019","4685","https://expo.semi.org/china2026/Public/eventmap.aspx?MapItBoothID=645019&MapItBooth=4685","https://expo.semi.org/china2026/Public/imgHandler.ashx?Task=1&ID=../CUSTOM/CustomField24.png"
"Hywing Technology Limited","https://expo.semi.org/china2026/Public/eBooth.aspx?IndexInList=385&FromPage=Exhibitors.aspx&ParentBoothID=&ListByBooth=true&BoothID=640638","7507","https://expo.semi.org/china2026/Public/eventmap.aspx?MapItBoothID=640638&MapItBooth=7507","https://expo.semi.org/china2026/Public/imgHandler.ashx?Task=1&ID=../CUSTOM/CustomField24.png"
"ICDECAP LIMITED","https://expo.semi.org/china2026/Public/eBooth.aspx?IndexInList=386&FromPage=Exhibitors.aspx&ParentBoothID=&ListByBooth=true&BoothID=649303","T4337","https://expo.semi.org/china2026/Public/eventmap.aspx?MapItBoothID=649303&MapItBooth=T4337","https://expo.semi.org/china2026/Public/imgHandler.ashx?Task=1&ID=../CUSTOM/CustomField24.png"
"ifm electronic (Shanghai) Co. Ltd.","https://expo.semi.org/china2026/Public/eBooth.aspx?IndexInList=387&FromPage=Exhibitors.aspx&ParentBoothID=&ListByBooth=true&BoothID=649279","T4423","https://expo.semi.org/china2026/Public/eventmap.aspx?MapItBoothID=649279&MapItBooth=T4423","https://expo.semi.org/china2026/Public/imgHandler.ashx?Task=1&ID=../CUSTOM/CustomField24.png"
"INFICON Limited","https://expo.semi.org/china2026/Public/eBooth.aspx?IndexInList=388&FromPage=Exhibitors.aspx&ParentBoothID=&ListByBooth=true&BoothID=639354","5485","https://expo.semi.org/china2026/Public/eventmap.aspx?MapItBoothID=639354&MapItBooth=5485","https://expo.semi.org/china2026/Public/imgHandler.ashx?Task=1&ID=../CUSTOM/CustomField24.png"
"Inner Mongolia Jinghang Special Carbon Technology Co.,LTD","https://expo.semi.org/china2026/Public/eBooth.aspx?IndexInList=389&FromPage=Exhibitors.aspx&ParentBoothID=&ListByBooth=true&BoothID=637155","2314","https://expo.semi.org/china2026/Public/eventmap.aspx?MapItBoothID=637155&MapItBooth=2314","https://expo.semi.org/china2026/Public/imgHandler.ashx?Task=1&ID=../CUSTOM/CustomField24.png"
"Inner Mongolia OJing Science & Technology Co.,Ltd","https://expo.semi.org/china2026/Public/eBooth.aspx?IndexInList=390&FromPage=Exhibitors.aspx&ParentBoothID=&ListByBooth=true&BoothID=680428","2640","https://expo.semi.org/china2026/Public/eventmap.aspx?MapItBoothID=680428&MapItBooth=2640","https://expo.semi.org/china2026/Public/imgHandler.ashx?Task=1&ID=../CUSTOM/CustomField24.png"
"Institute Of Optics And Electronics Chinese Academy Of Sciences","https://expo.semi.org/china2026/Public/eBooth.aspx?IndexInList=391&FromPage=Exhibitors.aspx&ParentBoothID=&ListByBooth=true&BoothID=638395","4238","https://expo.semi.org/china2026/Public/eventmap.aspx?MapItBoothID=638395&MapItBooth=4238",""
"INTEGRATED SERVICE TECHNOLOGY (KUNSHAN) CO.,LTD","https://expo.semi.org/china2026/Public/eBooth.aspx?IndexInList=392&FromPage=Exhibitors.aspx&ParentBoothID=&ListByBooth=true&BoothID=649266","T4449","https://expo.semi.org/china2026/Public/eventmap.aspx?MapItBoothID=649266&MapItBooth=T4449","https://expo.semi.org/china2026/Public/imgHandler.ashx?Task=1&ID=../CUSTOM/CustomField24.png"
"Intertek Testing Services Shenzhen Ltd. Guangzhou Branch","https://expo.semi.org/china2026/Public/eBooth.aspx?IndexInList=393&FromPage=Exhibitors.aspx&ParentBoothID=&ListByBooth=true&BoothID=637066","2222","https://expo.semi.org/china2026/Public/eventmap.aspx?MapItBoothID=637066&MapItBooth=2222","https://expo.semi.org/china2026/Public/imgHandler.ashx?Task=1&ID=../CUSTOM/CustomField24.png"
"iRay Group","https://expo.semi.org/china2026/Public/eBooth.aspx?IndexInList=394&FromPage=Exhibitors.aspx&ParentBoothID=&ListByBooth=true&BoothID=668319","7523","https://expo.semi.org/china2026/Public/eventmap.aspx?MapItBoothID=668319&MapItBooth=7523","https://expo.semi.org/china2026/Public/imgHandler.ashx?Task=1&ID=../CUSTOM/CustomField24.png"
"IS Sealing Solutions Co.,Ltd","https://expo.semi.org/china2026/Public/eBooth.aspx?IndexInList=395&FromPage=Exhibitors.aspx&ParentBoothID=&ListByBooth=true&BoothID=649194","4105","https://expo.semi.org/china2026/Public/eventmap.aspx?MapItBoothID=649194&MapItBooth=4105",""
"iSABers Group Co.,Ltd.","https://expo.semi.org/china2026/Public/eBooth.aspx?IndexInList=396&FromPage=Exhibitors.aspx&ParentBoothID=&ListByBooth=true&BoothID=662428","2339","https://expo.semi.org/china2026/Public/eventmap.aspx?MapItBoothID=662428&MapItBooth=2339","https://expo.semi.org/china2026/Public/imgHandler.ashx?Task=1&ID=../CUSTOM/CustomField24.png"
"ITEC Technologies HK Ltd","https://expo.semi.org/china2026/Public/eBooth.aspx?IndexInList=397&FromPage=Exhibitors.aspx&ParentBoothID=&ListByBooth=true&BoothID=679746","3351","https://expo.semi.org/china2026/Public/eventmap.aspx?MapItBoothID=679746&MapItBooth=3351","https://expo.semi.org/china2026/Public/imgHandler.ashx?Task=1&ID=../CUSTOM/CustomField24.png"
"IVT Tech Co., Ltd","https://expo.semi.org/china2026/Public/eBooth.aspx?IndexInList=398&FromPage=Exhibitors.aspx&ParentBoothID=&ListByBooth=true&BoothID=643000","7666","https://expo.semi.org/china2026/Public/eventmap.aspx?MapItBoothID=643000&MapItBooth=7666","https://expo.semi.org/china2026/Public/imgHandler.ashx?Task=1&ID=../CUSTOM/CustomField24.png"
"Iwaki Pumps (Shanghai) Co., Ltd","https://expo.semi.org/china2026/Public/eBooth.aspx?IndexInList=399&FromPage=Exhibitors.aspx&ParentBoothID=&ListByBooth=true&BoothID=638328","3743","https://expo.semi.org/china2026/Public/eventmap.aspx?MapItBoothID=638328&MapItBooth=3743","https://expo.semi.org/china2026/Public/imgHandler.ashx?Task=1&ID=../CUSTOM/CustomField24.png"
"Japan Electronic Materials Corporation","https://expo.semi.org/china2026/Public/eBooth.aspx?IndexInList=400&FromPage=Exhibitors.aspx&ParentBoothID=&ListByBooth=true&BoothID=638984","4733","https://expo.semi.org/china2026/Public/eventmap.aspx?MapItBoothID=638984&MapItBooth=4733","https://expo.semi.org/china2026/Public/imgHandler.ashx?Task=1&ID=../CUSTOM/CustomField24.png"
"JDV CONTROL VALVES CO., LTD.","https://expo.semi.org/china2026/Public/eBooth.aspx?IndexInList=401&FromPage=Exhibitors.aspx&ParentBoothID=&ListByBooth=true&BoothID=662557","T3355","https://expo.semi.org/china2026/Public/eventmap.aspx?MapItBoothID=662557&MapItBooth=T3355","https://expo.semi.org/china2026/Public/imgHandler.ashx?Task=1&ID=../CUSTOM/CustomField24.png"
"JEIL E&S CO., LTD","https://expo.semi.org/china2026/Public/eBooth.aspx?IndexInList=402&FromPage=Exhibitors.aspx&ParentBoothID=&ListByBooth=true&BoothID=639806","6828","https://expo.semi.org/china2026/Public/eventmap.aspx?MapItBoothID=639806&MapItBooth=6828","https://expo.semi.org/china2026/Public/imgHandler.ashx?Task=1&ID=../CUSTOM/CustomField24.png"
"Jetway Technologies (Shanghai) Co.,Ltd","https://expo.semi.org/china2026/Public/eBooth.aspx?IndexInList=403&FromPage=Exhibitors.aspx&ParentBoothID=&ListByBooth=true&BoothID=637602","2782","https://expo.semi.org/china2026/Public/eventmap.aspx?MapItBoothID=637602&MapItBooth=2782","https://expo.semi.org/china2026/Public/imgHandler.ashx?Task=1&ID=../CUSTOM/CustomField24.png"
"JFS LABORATORY","https://expo.semi.org/china2026/Public/eBooth.aspx?IndexInList=404&FromPage=Exhibitors.aspx&ParentBoothID=&ListByBooth=true&BoothID=679492","5610","https://expo.semi.org/china2026/Public/eventmap.aspx?MapItBoothID=679492&MapItBooth=5610",""
"JHT Design Co., Ltd.","https://expo.semi.org/china2026/Public/eBooth.aspx?IndexInList=405&FromPage=Exhibitors.aspx&ParentBoothID=&ListByBooth=true&BoothID=639730","6613","https://expo.semi.org/china2026/Public/eventmap.aspx?MapItBoothID=639730&MapItBooth=6613","https://expo.semi.org/china2026/Public/imgHandler.ashx?Task=1&ID=../CUSTOM/CustomField24.png"
"Jiangsu Aricen Electronic Materials Co.,Ltd","https://expo.semi.org/china2026/Public/eBooth.aspx?IndexInList=406&FromPage=Exhibitors.aspx&ParentBoothID=&ListByBooth=true&BoothID=656439","T3277","https://expo.semi.org/china2026/Public/eventmap.aspx?MapItBoothID=656439&MapItBooth=T3277","https://expo.semi.org/china2026/Public/imgHandler.ashx?Task=1&ID=../CUSTOM/CustomField24.png"
"Jiangsu Asia Electronics Technology Co., Ltd.","https://expo.semi.org/china2026/Public/eBooth.aspx?IndexInList=407&FromPage=Exhibitors.aspx&ParentBoothID=&ListByBooth=true&BoothID=640127","6123","https://expo.semi.org/china2026/Public/eventmap.aspx?MapItBoothID=640127&MapItBooth=6123","https://expo.semi.org/china2026/Public/imgHandler.ashx?Task=1&ID=../CUSTOM/CustomField24.png"
"Jiangsu Aufirst Material Technology Co., Ltd","https://expo.semi.org/china2026/Public/eBooth.aspx?IndexInList=408&FromPage=Exhibitors.aspx&ParentBoothID=&ListByBooth=true&BoothID=640788","7655","https://expo.semi.org/china2026/Public/eventmap.aspx?MapItBoothID=640788&MapItBooth=7655","https://expo.semi.org/china2026/Public/imgHandler.ashx?Task=1&ID=../CUSTOM/CustomField24.png"
"Jiangsu CAS Microelectronics Integration Technology Co.,Ltd.","https://expo.semi.org/china2026/Public/eBooth.aspx?IndexInList=409&FromPage=Exhibitors.aspx&ParentBoothID=&ListByBooth=true&BoothID=639648","5743","https://expo.semi.org/china2026/Public/eventmap.aspx?MapItBoothID=639648&MapItBooth=5743","https://expo.semi.org/china2026/Public/imgHandler.ashx?Task=1&ID=../CUSTOM/CustomField24.png"
"Jiangsu Denoir Technology Co., Ltd","https://expo.semi.org/china2026/Public/eBooth.aspx?IndexInList=410&FromPage=Exhibitors.aspx&ParentBoothID=&ListByBooth=true&BoothID=649382","T4324","https://expo.semi.org/china2026/Public/eventmap.aspx?MapItBoothID=649382&MapItBooth=T4324","https://expo.semi.org/china2026/Public/imgHandler.ashx?Task=1&ID=../CUSTOM/CustomField24.png"
"Jiangsu Eastone Technology Co., Ltd","https://expo.semi.org/china2026/Public/eBooth.aspx?IndexInList=411&FromPage=Exhibitors.aspx&ParentBoothID=&ListByBooth=true&BoothID=640588","7475","https://expo.semi.org/china2026/Public/eventmap.aspx?MapItBoothID=640588&MapItBooth=7475","https://expo.semi.org/china2026/Public/imgHandler.ashx?Task=1&ID=../CUSTOM/CustomField24.png"
"Jiangsu ESTURD Packaging Group Co., LTD.","https://expo.semi.org/china2026/Public/eBooth.aspx?IndexInList=412&FromPage=Exhibitors.aspx&ParentBoothID=&ListByBooth=true&BoothID=637157","2318","https://expo.semi.org/china2026/Public/eventmap.aspx?MapItBoothID=637157&MapItBooth=2318","https://expo.semi.org/china2026/Public/imgHandler.ashx?Task=1&ID=../CUSTOM/CustomField24.png"
"JiangSu HuaZhong Gas Co.,Ltd.","https://expo.semi.org/china2026/Public/eBooth.aspx?IndexInList=413&FromPage=Exhibitors.aspx&ParentBoothID=&ListByBooth=true&BoothID=649290","T4401","https://expo.semi.org/china2026/Public/eventmap.aspx?MapItBoothID=649290&MapItBooth=T4401","https://expo.semi.org/china2026/Public/imgHandler.ashx?Task=1&ID=../CUSTOM/CustomField24.png"
"Jiangsu Jingchuang Advanced Electronic Technology Co., Ltd.","https://expo.semi.org/china2026/Public/eBooth.aspx?IndexInList=414&FromPage=Exhibitors.aspx&ParentBoothID=&ListByBooth=true&BoothID=640582","7463","https://expo.semi.org/china2026/Public/eventmap.aspx?MapItBoothID=640582&MapItBooth=7463","https://expo.semi.org/china2026/Public/imgHandler.ashx?Task=1&ID=../CUSTOM/CustomField24.png"
"Jiangsu Jinggong Semicon Equipment Co., Ltd","https://expo.semi.org/china2026/Public/eBooth.aspx?IndexInList=415&FromPage=Exhibitors.aspx&ParentBoothID=&ListByBooth=true&BoothID=663460","2313","https://expo.semi.org/china2026/Public/eventmap.aspx?MapItBoothID=663460&MapItBooth=2313","https://expo.semi.org/china2026/Public/imgHandler.ashx?Task=1&ID=../CUSTOM/CustomField24.png"
"Jiangsu Jingjiu Microelectronic Chemicals Co. , Ltd.","https://expo.semi.org/china2026/Public/eBooth.aspx?IndexInList=416&FromPage=Exhibitors.aspx&ParentBoothID=&ListByBooth=true&BoothID=663079","2536","https://expo.semi.org/china2026/Public/eventmap.aspx?MapItBoothID=663079&MapItBooth=2536","https://expo.semi.org/china2026/Public/imgHandler.ashx?Task=1&ID=../CUSTOM/CustomField24.png"
"Jiangsu JITRI SKS Technologies Co., Ltd.","https://expo.semi.org/china2026/Public/eBooth.aspx?IndexInList=417&FromPage=Exhibitors.aspx&ParentBoothID=&ListByBooth=true&BoothID=636597","1541","https://expo.semi.org/china2026/Public/eventmap.aspx?MapItBoothID=636597&MapItBooth=1541","https://expo.semi.org/china2026/Public/imgHandler.ashx?Task=1&ID=../CUSTOM/CustomField24.png"
"Jiangsu Jixin Advanced Materials Co., Ltd.","https://expo.semi.org/china2026/Public/eBooth.aspx?IndexInList=418&FromPage=Exhibitors.aspx&ParentBoothID=&ListByBooth=true&BoothID=637164","2231","https://expo.semi.org/china2026/Public/eventmap.aspx?MapItBoothID=637164&MapItBooth=2231","https://expo.semi.org/china2026/Public/imgHandler.ashx?Task=1&ID=../CUSTOM/CustomField24.png"
"Jiangsu JYD Semiconductor Co.,Ltd","https://expo.semi.org/china2026/Public/eBooth.aspx?IndexInList=419&FromPage=Exhibitors.aspx&ParentBoothID=&ListByBooth=true&BoothID=638428","4211","https://expo.semi.org/china2026/Public/eventmap.aspx?MapItBoothID=638428&MapItBooth=4211",""
"Jiangsu Kandivex Technology Co., LTD","https://expo.semi.org/china2026/Public/eBooth.aspx?IndexInList=420&FromPage=Exhibitors.aspx&ParentBoothID=&ListByBooth=true&BoothID=649325","T4236","https://expo.semi.org/china2026/Public/eventmap.aspx?MapItBoothID=649325&MapItBooth=T4236","https://expo.semi.org/china2026/Public/imgHandler.ashx?Task=1&ID=../CUSTOM/CustomField24.png"
"JIANGSU KEMAITE TECHNOLOGY DEVELOPMENT CO.,LTD","https://expo.semi.org/china2026/Public/eBooth.aspx?IndexInList=421&FromPage=Exhibitors.aspx&ParentBoothID=&ListByBooth=true&BoothID=662396","6374","https://expo.semi.org/china2026/Public/eventmap.aspx?MapItBoothID=662396&MapItBooth=6374","https://expo.semi.org/china2026/Public/imgHandler.ashx?Task=1&ID=../CUSTOM/CustomField24.png"
"Jiangsu Leadmicro Nano-Technology Co., Ltd","https://expo.semi.org/china2026/Public/eBooth.aspx?IndexInList=422&FromPage=Exhibitors.aspx&ParentBoothID=&ListByBooth=true&BoothID=650035","2331","https://expo.semi.org/china2026/Public/eventmap.aspx?MapItBoothID=650035&MapItBooth=2331","https://expo.semi.org/china2026/Public/imgHandler.ashx?Task=1&ID=../CUSTOM/CustomField24.png"
"JIANGSU LEBO SEMICONDUCTOR EQUIPMENT CO.,LTD","https://expo.semi.org/china2026/Public/eBooth.aspx?IndexInList=423&FromPage=Exhibitors.aspx&ParentBoothID=&ListByBooth=true&BoothID=638384","4117","https://expo.semi.org/china2026/Public/eventmap.aspx?MapItBoothID=638384&MapItBooth=4117",""
"Jiangsu Leuven Instruments Co., Ltd","https://expo.semi.org/china2026/Public/eBooth.aspx?IndexInList=424&FromPage=Exhibitors.aspx&ParentBoothID=&ListByBooth=true&BoothID=649947","1509","https://expo.semi.org/china2026/Public/eventmap.aspx?MapItBoothID=649947&MapItBooth=1509","https://expo.semi.org/china2026/Public/imgHandler.ashx?Task=1&ID=../CUSTOM/CustomField24.png"
"Jiangsu Meiyang Electronic Chemicals Co., Ltd","https://expo.semi.org/china2026/Public/eBooth.aspx?IndexInList=425&FromPage=Exhibitors.aspx&ParentBoothID=&ListByBooth=true&BoothID=640053","6634","https://expo.semi.org/china2026/Public/eventmap.aspx?MapItBoothID=640053&MapItBooth=6634","https://expo.semi.org/china2026/Public/imgHandler.ashx?Task=1&ID=../CUSTOM/CustomField24.png"
"Jiangsu Nata Opto-electronic Material Co., Ltd.","https://expo.semi.org/china2026/Public/eBooth.aspx?IndexInList=426&FromPage=Exhibitors.aspx&ParentBoothID=&ListByBooth=true&BoothID=639575","5661","https://expo.semi.org/china2026/Public/eventmap.aspx?MapItBoothID=639575&MapItBooth=5661","https://expo.semi.org/china2026/Public/imgHandler.ashx?Task=1&ID=../CUSTOM/CustomField24.png"
"Jiangsu OKFLON Precision Manufacturing Co., Ltd.","https://expo.semi.org/china2026/Public/eBooth.aspx?IndexInList=427&FromPage=Exhibitors.aspx&ParentBoothID=&ListByBooth=true&BoothID=645772","T1317","https://expo.semi.org/china2026/Public/eventmap.aspx?MapItBoothID=645772&MapItBooth=T1317","https://expo.semi.org/china2026/Public/imgHandler.ashx?Task=1&ID=../CUSTOM/CustomField24.png"
"Jiangsu Pacific Quartz Co.,Ltd.","https://expo.semi.org/china2026/Public/eBooth.aspx?IndexInList=428&FromPage=Exhibitors.aspx&ParentBoothID=&ListByBooth=true&BoothID=640484","7335","https://expo.semi.org/china2026/Public/eventmap.aspx?MapItBoothID=640484&MapItBooth=7335","https://expo.semi.org/china2026/Public/imgHandler.ashx?Task=1&ID=../CUSTOM/CustomField24.png"
"JIANGSU PUQING PURIFICATION TECHNOLOGY CO LTD","https://expo.semi.org/china2026/Public/eBooth.aspx?IndexInList=429&FromPage=Exhibitors.aspx&ParentBoothID=&ListByBooth=true&BoothID=639800","6673","https://expo.semi.org/china2026/Public/eventmap.aspx?MapItBoothID=639800&MapItBooth=6673","https://expo.semi.org/china2026/Public/imgHandler.ashx?Task=1&ID=../CUSTOM/CustomField24.png"
"Jiangsu Rana Fluorine Material Technology Co., Ltd","https://expo.semi.org/china2026/Public/eBooth.aspx?IndexInList=430&FromPage=Exhibitors.aspx&ParentBoothID=&ListByBooth=true&BoothID=639839","6575","https://expo.semi.org/china2026/Public/eventmap.aspx?MapItBoothID=639839&MapItBooth=6575","https://expo.semi.org/china2026/Public/imgHandler.ashx?Task=1&ID=../CUSTOM/CustomField24.png"
"Jiangsu Semiinnovation Technology Co., Ltd.","https://expo.semi.org/china2026/Public/eBooth.aspx?IndexInList=431&FromPage=Exhibitors.aspx&ParentBoothID=&ListByBooth=true&BoothID=649418","T4103","https://expo.semi.org/china2026/Public/eventmap.aspx?MapItBoothID=649418&MapItBooth=T4103","https://expo.semi.org/china2026/Public/imgHandler.ashx?Task=1&ID=../CUSTOM/CustomField24.png"
"JIANGSU SHENZHOU SEMI TECHNOLOGY CO., LTD","https://expo.semi.org/china2026/Public/eBooth.aspx?IndexInList=432&FromPage=Exhibitors.aspx&ParentBoothID=&ListByBooth=true&BoothID=662869","2547","https://expo.semi.org/china2026/Public/eventmap.aspx?MapItBoothID=662869&MapItBooth=2547","https://expo.semi.org/china2026/Public/imgHandler.ashx?Task=1&ID=../CUSTOM/CustomField24.png"
"Jiangsu Sillicon Integrity Semiconductor Technology Co.,LTD","https://expo.semi.org/china2026/Public/eBooth.aspx?IndexInList=433&FromPage=Exhibitors.aspx&ParentBoothID=&ListByBooth=true&BoothID=639565","5647","https://expo.semi.org/china2026/Public/eventmap.aspx?MapItBoothID=639565&MapItBooth=5647","https://expo.semi.org/china2026/Public/imgHandler.ashx?Task=1&ID=../CUSTOM/CustomField24.png"
"Jiangsu Sujing Group Co.,Ltd","https://expo.semi.org/china2026/Public/eBooth.aspx?IndexInList=434&FromPage=Exhibitors.aspx&ParentBoothID=&ListByBooth=true&BoothID=638568","4315","https://expo.semi.org/china2026/Public/eventmap.aspx?MapItBoothID=638568&MapItBooth=4315","https://expo.semi.org/china2026/Public/imgHandler.ashx?Task=1&ID=../CUSTOM/CustomField24.png"
"Jiangsu Taizhi Technology Co., Ltd.","https://expo.semi.org/china2026/Public/eBooth.aspx?IndexInList=435&FromPage=Exhibitors.aspx&ParentBoothID=&ListByBooth=true&BoothID=640278","6725","https://expo.semi.org/china2026/Public/eventmap.aspx?MapItBoothID=640278&MapItBooth=6725","https://expo.semi.org/china2026/Public/imgHandler.ashx?Task=1&ID=../CUSTOM/CustomField24.png"
"Jiangsu TeFa Fluid System Engineering Co., Ltd.","https://expo.semi.org/china2026/Public/eBooth.aspx?IndexInList=436&FromPage=Exhibitors.aspx&ParentBoothID=&ListByBooth=true&BoothID=649293","T4444","https://expo.semi.org/china2026/Public/eventmap.aspx?MapItBoothID=649293&MapItBooth=T4444","https://expo.semi.org/china2026/Public/imgHandler.ashx?Task=1&ID=../CUSTOM/CustomField24.png"
"Jiangsu Telilan Material Technology Co., Ltd","https://expo.semi.org/china2026/Public/eBooth.aspx?IndexInList=437&FromPage=Exhibitors.aspx&ParentBoothID=&ListByBooth=true&BoothID=637077","2242","https://expo.semi.org/china2026/Public/eventmap.aspx?MapItBoothID=637077&MapItBooth=2242","https://expo.semi.org/china2026/Public/imgHandler.ashx?Task=1&ID=../CUSTOM/CustomField24.png"
"JIANGSU TOTA INTELLIGENT TECHNOLOGY CO.,LTD.","https://expo.semi.org/china2026/Public/eBooth.aspx?IndexInList=438&FromPage=Exhibitors.aspx&ParentBoothID=&ListByBooth=true&BoothID=640938","T0143","https://expo.semi.org/china2026/Public/eventmap.aspx?MapItBoothID=640938&MapItBooth=T0143","https://expo.semi.org/china2026/Public/imgHandler.ashx?Task=1&ID=../CUSTOM/CustomField24.png"
"Jiangsu VPTek Semiconductor AOI Equipment Co., Ltd.","https://expo.semi.org/china2026/Public/eBooth.aspx?IndexInList=439&FromPage=Exhibitors.aspx&ParentBoothID=&ListByBooth=true&BoothID=641446","T2435","https://expo.semi.org/china2026/Public/eventmap.aspx?MapItBoothID=641446&MapItBooth=T2435","https://expo.semi.org/china2026/Public/imgHandler.ashx?Task=1&ID=../CUSTOM/CustomField24.png"
"Jiangsu Xinhua Semiconductor Technology Co., Ltd.","https://expo.semi.org/china2026/Public/eBooth.aspx?IndexInList=440&FromPage=Exhibitors.aspx&ParentBoothID=&ListByBooth=true&BoothID=640404","7243","https://expo.semi.org/china2026/Public/eventmap.aspx?MapItBoothID=640404&MapItBooth=7243","https://expo.semi.org/china2026/Public/imgHandler.ashx?Task=1&ID=../CUSTOM/CustomField24.png"
"Jiangsu Xufu New Material Co.,Ltd.","https://expo.semi.org/china2026/Public/eBooth.aspx?IndexInList=441&FromPage=Exhibitors.aspx&ParentBoothID=&ListByBooth=true&BoothID=649396","T4432","https://expo.semi.org/china2026/Public/eventmap.aspx?MapItBoothID=649396&MapItBooth=T4432","https://expo.semi.org/china2026/Public/imgHandler.ashx?Task=1&ID=../CUSTOM/CustomField24.png"
"Jiangsu Yoke Technology Co., Ltd","https://expo.semi.org/china2026/Public/eBooth.aspx?IndexInList=442&FromPage=Exhibitors.aspx&ParentBoothID=&ListByBooth=true&BoothID=640183","6413","https://expo.semi.org/china2026/Public/eventmap.aspx?MapItBoothID=640183&MapItBooth=6413","https://expo.semi.org/china2026/Public/imgHandler.ashx?Task=1&ID=../CUSTOM/CustomField24.png"
"Jiangyin Jianghua Microelectronic Materials Co., Ltd","https://expo.semi.org/china2026/Public/eBooth.aspx?IndexInList=443&FromPage=Exhibitors.aspx&ParentBoothID=&ListByBooth=true&BoothID=640389","7213","https://expo.semi.org/china2026/Public/eventmap.aspx?MapItBoothID=640389&MapItBooth=7213","https://expo.semi.org/china2026/Public/imgHandler.ashx?Task=1&ID=../CUSTOM/CustomField24.png"
"JiaXing Jiuzong Intelligent Technology Co., Ltd.","https://expo.semi.org/china2026/Public/eBooth.aspx?IndexInList=444&FromPage=Exhibitors.aspx&ParentBoothID=&ListByBooth=true&BoothID=649390","T4325","https://expo.semi.org/china2026/Public/eventmap.aspx?MapItBoothID=649390&MapItBooth=T4325","https://expo.semi.org/china2026/Public/imgHandler.ashx?Task=1&ID=../CUSTOM/CustomField24.png"
"Jiaxing Kemin Electronic Equipment Technology Co.,Ltd","https://expo.semi.org/china2026/Public/eBooth.aspx?IndexInList=445&FromPage=Exhibitors.aspx&ParentBoothID=&ListByBooth=true&BoothID=639652","5759","https://expo.semi.org/china2026/Public/eventmap.aspx?MapItBoothID=639652&MapItBooth=5759","https://expo.semi.org/china2026/Public/imgHandler.ashx?Task=1&ID=../CUSTOM/CustomField24.png"
"Jihua Hengyi(Foshan) Semiconductor Technology Co.,Ltd","https://expo.semi.org/china2026/Public/eBooth.aspx?IndexInList=446&FromPage=Exhibitors.aspx&ParentBoothID=&ListByBooth=true&BoothID=649414","T4111","https://expo.semi.org/china2026/Public/eventmap.aspx?MapItBoothID=649414&MapItBooth=T4111",""
"Jilin Huiheng Electronic Technology Co., Ltd","https://expo.semi.org/china2026/Public/eBooth.aspx?IndexInList=447&FromPage=Exhibitors.aspx&ParentBoothID=&ListByBooth=true&BoothID=649198","4210","https://expo.semi.org/china2026/Public/eventmap.aspx?MapItBoothID=649198&MapItBooth=4210",""
"JIN ZHOU SEMICON NEW MATERIAL CO.,LTD","https://expo.semi.org/china2026/Public/eBooth.aspx?IndexInList=448&FromPage=Exhibitors.aspx&ParentBoothID=&ListByBooth=true&BoothID=640070","6429","https://expo.semi.org/china2026/Public/eventmap.aspx?MapItBoothID=640070&MapItBooth=6429","https://expo.semi.org/china2026/Public/imgHandler.ashx?Task=1&ID=../CUSTOM/CustomField24.png"
"JingCheng ZhongAn Semiconductor Equipment (Beijing) Ltd","https://expo.semi.org/china2026/Public/eBooth.aspx?IndexInList=449&FromPage=Exhibitors.aspx&ParentBoothID=&ListByBooth=true&BoothID=649333","T4150","https://expo.semi.org/china2026/Public/eventmap.aspx?MapItBoothID=649333&MapItBooth=T4150","https://expo.semi.org/china2026/Public/imgHandler.ashx?Task=1&ID=../CUSTOM/CustomField24.png"
"Jingjiang Jiasheng Vacuum Technology Co., Ltd.","https://expo.semi.org/china2026/Public/eBooth.aspx?IndexInList=450&FromPage=Exhibitors.aspx&ParentBoothID=&ListByBooth=true&BoothID=637120","2237","https://expo.semi.org/china2026/Public/eventmap.aspx?MapItBoothID=637120&MapItBooth=2237","https://expo.semi.org/china2026/Public/imgHandler.ashx?Task=1&ID=../CUSTOM/CustomField24.png"
"Jinyuan Semi Technology (Wuxi) Co.,Ltd.","https://expo.semi.org/china2026/Public/eBooth.aspx?IndexInList=451&FromPage=Exhibitors.aspx&ParentBoothID=&ListByBooth=true&BoothID=636750","1641","https://expo.semi.org/china2026/Public/eventmap.aspx?MapItBoothID=636750&MapItBooth=1641","https://expo.semi.org/china2026/Public/imgHandler.ashx?Task=1&ID=../CUSTOM/CustomField24.png"
"JinZhou East Quartz Material Co., Ltd.","https://expo.semi.org/china2026/Public/eBooth.aspx?IndexInList=452&FromPage=Exhibitors.aspx&ParentBoothID=&ListByBooth=true&BoothID=638331","3753","https://expo.semi.org/china2026/Public/eventmap.aspx?MapItBoothID=638331&MapItBooth=3753","https://expo.semi.org/china2026/Public/imgHandler.ashx?Task=1&ID=../CUSTOM/CustomField24.png"
"Jipal Corporation","https://expo.semi.org/china2026/Public/eBooth.aspx?IndexInList=453&FromPage=Exhibitors.aspx&ParentBoothID=&ListByBooth=true&BoothID=638405","4151","https://expo.semi.org/china2026/Public/eventmap.aspx?MapItBoothID=638405&MapItBooth=4151","https://expo.semi.org/china2026/Public/imgHandler.ashx?Task=1&ID=../CUSTOM/CustomField24.png"
"Jisheng Micro (Shanghai) Semiconductor Technology Co., Ltd","https://expo.semi.org/china2026/Public/eBooth.aspx?IndexInList=454&FromPage=Exhibitors.aspx&ParentBoothID=&ListByBooth=true&BoothID=668322","7622","https://expo.semi.org/china2026/Public/eventmap.aspx?MapItBoothID=668322&MapItBooth=7622","https://expo.semi.org/china2026/Public/imgHandler.ashx?Task=1&ID=../CUSTOM/CustomField24.png"
"Joinpath Materials Technology (Shanghai) Co.,ltd","https://expo.semi.org/china2026/Public/eBooth.aspx?IndexInList=455&FromPage=Exhibitors.aspx&ParentBoothID=&ListByBooth=true&BoothID=639753","6639","https://expo.semi.org/china2026/Public/eventmap.aspx?MapItBoothID=639753&MapItBooth=6639","https://expo.semi.org/china2026/Public/imgHandler.ashx?Task=1&ID=../CUSTOM/CustomField24.png"
"Joinsun Intelligent Technology Co.,Ltd","https://expo.semi.org/china2026/Public/eBooth.aspx?IndexInList=456&FromPage=Exhibitors.aspx&ParentBoothID=&ListByBooth=true&BoothID=641729","T3229","https://expo.semi.org/china2026/Public/eventmap.aspx?MapItBoothID=641729&MapItBooth=T3229","https://expo.semi.org/china2026/Public/imgHandler.ashx?Task=1&ID=../CUSTOM/CustomField24.png"
"JONHON OPTRONIC TECHNOLOGY CO., LTD","https://expo.semi.org/china2026/Public/eBooth.aspx?IndexInList=457&FromPage=Exhibitors.aspx&ParentBoothID=&ListByBooth=true&BoothID=637397","2539","https://expo.semi.org/china2026/Public/eventmap.aspx?MapItBoothID=637397&MapItBooth=2539",""
"JTEKT (CHINA) CO.,LTD","https://expo.semi.org/china2026/Public/eBooth.aspx?IndexInList=458&FromPage=Exhibitors.aspx&ParentBoothID=&ListByBooth=true&BoothID=679537","T0344","https://expo.semi.org/china2026/Public/eventmap.aspx?MapItBoothID=679537&MapItBooth=T0344",""
"JUCHUANG VALVE(SHANGHAI)CO.,LTD","https://expo.semi.org/china2026/Public/eBooth.aspx?IndexInList=459&FromPage=Exhibitors.aspx&ParentBoothID=&ListByBooth=true&BoothID=641594","T3160","https://expo.semi.org/china2026/Public/eventmap.aspx?MapItBoothID=641594&MapItBooth=T3160","https://expo.semi.org/china2026/Public/imgHandler.ashx?Task=1&ID=../CUSTOM/CustomField24.png"
"Jufone Fluid Systems Technologies (Shenzhen) Co.,Ltd","https://expo.semi.org/china2026/Public/eBooth.aspx?IndexInList=460&FromPage=Exhibitors.aspx&ParentBoothID=&ListByBooth=true&BoothID=680152","T0235","https://expo.semi.org/china2026/Public/eventmap.aspx?MapItBoothID=680152&MapItBooth=T0235","https://expo.semi.org/china2026/Public/imgHandler.ashx?Task=1&ID=../CUSTOM/CustomField24.png"
"JunYuan IC Solution (Haining)Co.，Ltd.","https://expo.semi.org/china2026/Public/eBooth.aspx?IndexInList=461&FromPage=Exhibitors.aspx&ParentBoothID=&ListByBooth=true&BoothID=637430","2612","https://expo.semi.org/china2026/Public/eventmap.aspx?MapItBoothID=637430&MapItBooth=2612","https://expo.semi.org/china2026/Public/imgHandler.ashx?Task=1&ID=../CUSTOM/CustomField24.png"
"Kaiming Electronic Technology (Shanghai) Co., Ltd","https://expo.semi.org/china2026/Public/eBooth.aspx?IndexInList=462&FromPage=Exhibitors.aspx&ParentBoothID=&ListByBooth=true&BoothID=641410","T2135","https://expo.semi.org/china2026/Public/eventmap.aspx?MapItBoothID=641410&MapItBooth=T2135",""
"KANOMAX HOLDINGS(SHANGHAI) CO., LTD","https://expo.semi.org/china2026/Public/eBooth.aspx?IndexInList=463&FromPage=Exhibitors.aspx&ParentBoothID=&ListByBooth=true&BoothID=640282","6733","https://expo.semi.org/china2026/Public/eventmap.aspx?MapItBoothID=640282&MapItBooth=6733","https://expo.semi.org/china2026/Public/imgHandler.ashx?Task=1&ID=../CUSTOM/CustomField24.png"
"KE Semiconductor Equipment (Shanghai) Co., Ltd.","https://expo.semi.org/china2026/Public/eBooth.aspx?IndexInList=464&FromPage=Exhibitors.aspx&ParentBoothID=&ListByBooth=true&BoothID=637724","3113","https://expo.semi.org/china2026/Public/eventmap.aspx?MapItBoothID=637724&MapItBooth=3113","https://expo.semi.org/china2026/Public/imgHandler.ashx?Task=1&ID=../CUSTOM/CustomField24.png"
"Kempur Microelectronics, Inc.","https://expo.semi.org/china2026/Public/eBooth.aspx?IndexInList=465&FromPage=Exhibitors.aspx&ParentBoothID=&ListByBooth=true&BoothID=640568","7435","https://expo.semi.org/china2026/Public/eventmap.aspx?MapItBoothID=640568&MapItBooth=7435","https://expo.semi.org/china2026/Public/imgHandler.ashx?Task=1&ID=../CUSTOM/CustomField24.png"
"Kepeida Semiconductor (Anhui) Co.,Ltd.","https://expo.semi.org/china2026/Public/eBooth.aspx?IndexInList=466&FromPage=Exhibitors.aspx&ParentBoothID=&ListByBooth=true&BoothID=680161","T3129","https://expo.semi.org/china2026/Public/eventmap.aspx?MapItBoothID=680161&MapItBooth=T3129","https://expo.semi.org/china2026/Public/imgHandler.ashx?Task=1&ID=../CUSTOM/CustomField24.png"
"Keyence (China) Co., Ltd","https://expo.semi.org/china2026/Public/eBooth.aspx?IndexInList=467&FromPage=Exhibitors.aspx&ParentBoothID=&ListByBooth=true&BoothID=656065","2671","https://expo.semi.org/china2026/Public/eventmap.aspx?MapItBoothID=656065&MapItBooth=2671","https://expo.semi.org/china2026/Public/imgHandler.ashx?Task=1&ID=../CUSTOM/CustomField24.png"
"KeZhe(Shanghai)Valves Co.,Ltd","https://expo.semi.org/china2026/Public/eBooth.aspx?IndexInList=468&FromPage=Exhibitors.aspx&ParentBoothID=&ListByBooth=true&BoothID=665900","T3362","https://expo.semi.org/china2026/Public/eventmap.aspx?MapItBoothID=665900&MapItBooth=T3362","https://expo.semi.org/china2026/Public/imgHandler.ashx?Task=1&ID=../CUSTOM/CustomField24.png"
"King Long Technology (Suzhou) Limited","https://expo.semi.org/china2026/Public/eBooth.aspx?IndexInList=469&FromPage=Exhibitors.aspx&ParentBoothID=&ListByBooth=true&BoothID=639420","5531","https://expo.semi.org/china2026/Public/eventmap.aspx?MapItBoothID=639420&MapItBooth=5531","https://expo.semi.org/china2026/Public/imgHandler.ashx?Task=1&ID=../CUSTOM/CustomField24.png"
"King Virtue Electron Co., Ltd","https://expo.semi.org/china2026/Public/eBooth.aspx?IndexInList=470&FromPage=Exhibitors.aspx&ParentBoothID=&ListByBooth=true&BoothID=648630","4401-1","https://expo.semi.org/china2026/Public/eventmap.aspx?MapItBoothID=648630&MapItBooth=4401-1","https://expo.semi.org/china2026/Public/imgHandler.ashx?Task=1&ID=../CUSTOM/CustomField24.png"
"KINGSEMI CO., LTD","https://expo.semi.org/china2026/Public/eBooth.aspx?IndexInList=471&FromPage=Exhibitors.aspx&ParentBoothID=&ListByBooth=true&BoothID=645638","3339","https://expo.semi.org/china2026/Public/eventmap.aspx?MapItBoothID=645638&MapItBooth=3339","https://expo.semi.org/china2026/Public/imgHandler.ashx?Task=1&ID=../CUSTOM/CustomField24.png"
"Kingyoup Enterprises Co., Ltd.","https://expo.semi.org/china2026/Public/eBooth.aspx?IndexInList=472&FromPage=Exhibitors.aspx&ParentBoothID=&ListByBooth=true&BoothID=638325","3737","https://expo.semi.org/china2026/Public/eventmap.aspx?MapItBoothID=638325&MapItBooth=3737","https://expo.semi.org/china2026/Public/imgHandler.ashx?Task=1&ID=../CUSTOM/CustomField24.png"
"KITZ SCT Corporation of Kunshan, Shanghai Branch Company","https://expo.semi.org/china2026/Public/eBooth.aspx?IndexInList=473&FromPage=Exhibitors.aspx&ParentBoothID=&ListByBooth=true&BoothID=639603","5000","https://expo.semi.org/china2026/Public/eventmap.aspx?MapItBoothID=639603&MapItBooth=5000","https://expo.semi.org/china2026/Public/imgHandler.ashx?Task=1&ID=../CUSTOM/CustomField24.png"
"KNG-TECH (SHANGHAI) CO., LTD","https://expo.semi.org/china2026/Public/eBooth.aspx?IndexInList=474&FromPage=Exhibitors.aspx&ParentBoothID=&ListByBooth=true&BoothID=639034","4184","https://expo.semi.org/china2026/Public/eventmap.aspx?MapItBoothID=639034&MapItBooth=4184","https://expo.semi.org/china2026/Public/imgHandler.ashx?Task=1&ID=../CUSTOM/CustomField24.png"
"KOFLOC(SHANGHAI) Corp.","https://expo.semi.org/china2026/Public/eBooth.aspx?IndexInList=475&FromPage=Exhibitors.aspx&ParentBoothID=&ListByBooth=true&BoothID=637612","2810","https://expo.semi.org/china2026/Public/eventmap.aspx?MapItBoothID=637612&MapItBooth=2810","https://expo.semi.org/china2026/Public/imgHandler.ashx?Task=1&ID=../CUSTOM/CustomField24.png"
"Konfoong Material International Co.,LTD","https://expo.semi.org/china2026/Public/eBooth.aspx?IndexInList=476&FromPage=Exhibitors.aspx&ParentBoothID=&ListByBooth=true&BoothID=639233","5319","https://expo.semi.org/china2026/Public/eventmap.aspx?MapItBoothID=639233&MapItBooth=5319","https://expo.semi.org/china2026/Public/imgHandler.ashx?Task=1&ID=../CUSTOM/CustomField24.png"
"Koscn Industrial Manufacturing（shenzhen）Co.,LTD","https://expo.semi.org/china2026/Public/eBooth.aspx?IndexInList=477&FromPage=Exhibitors.aspx&ParentBoothID=&ListByBooth=true&BoothID=641400","T2144","https://expo.semi.org/china2026/Public/eventmap.aspx?MapItBoothID=641400&MapItBooth=T2144","https://expo.semi.org/china2026/Public/imgHandler.ashx?Task=1&ID=../CUSTOM/CustomField24.png"
"Kratos Semiconductor Corp.","https://expo.semi.org/china2026/Public/eBooth.aspx?IndexInList=478&FromPage=Exhibitors.aspx&ParentBoothID=&ListByBooth=true&BoothID=640700","7647","https://expo.semi.org/china2026/Public/eventmap.aspx?MapItBoothID=640700&MapItBooth=7647","https://expo.semi.org/china2026/Public/imgHandler.ashx?Task=1&ID=../CUSTOM/CustomField24.png"
"Kun Shan CEMA Technology Corporation Ltd","https://expo.semi.org/china2026/Public/eBooth.aspx?IndexInList=479&FromPage=Exhibitors.aspx&ParentBoothID=&ListByBooth=true&BoothID=637668","2144","https://expo.semi.org/china2026/Public/eventmap.aspx?MapItBoothID=637668&MapItBooth=2144","https://expo.semi.org/china2026/Public/imgHandler.ashx?Task=1&ID=../CUSTOM/CustomField24.png"
"Kunshan Chipinfos Electronic Technology CO,.Ltd.","https://expo.semi.org/china2026/Public/eBooth.aspx?IndexInList=480&FromPage=Exhibitors.aspx&ParentBoothID=&ListByBooth=true&BoothID=639555","5627","https://expo.semi.org/china2026/Public/eventmap.aspx?MapItBoothID=639555&MapItBooth=5627","https://expo.semi.org/china2026/Public/imgHandler.ashx?Task=1&ID=../CUSTOM/CustomField24.png"
"Kunshan GLVAC Electronic Technology Co.,Ltd.","https://expo.semi.org/china2026/Public/eBooth.aspx?IndexInList=481&FromPage=Exhibitors.aspx&ParentBoothID=&ListByBooth=true&BoothID=637507","2675","https://expo.semi.org/china2026/Public/eventmap.aspx?MapItBoothID=637507&MapItBooth=2675","https://expo.semi.org/china2026/Public/imgHandler.ashx?Task=1&ID=../CUSTOM/CustomField24.png"
"KUNSHAN JiYou Electronic Tech CO.LTD","https://expo.semi.org/china2026/Public/eBooth.aspx?IndexInList=482&FromPage=Exhibitors.aspx&ParentBoothID=&ListByBooth=true&BoothID=640924","T0245","https://expo.semi.org/china2026/Public/eventmap.aspx?MapItBoothID=640924&MapItBooth=T0245","https://expo.semi.org/china2026/Public/imgHandler.ashx?Task=1&ID=../CUSTOM/CustomField24.png"
"Kunshan Macrohawk Technology  Co., Ltd.","https://expo.semi.org/china2026/Public/eBooth.aspx?IndexInList=483&FromPage=Exhibitors.aspx&ParentBoothID=&ListByBooth=true&BoothID=638349","3112","https://expo.semi.org/china2026/Public/eventmap.aspx?MapItBoothID=638349&MapItBooth=3112","https://expo.semi.org/china2026/Public/imgHandler.ashx?Task=1&ID=../CUSTOM/CustomField24.png"
"Kunshan Meibao Environmental Equipment Co.,LTD","https://expo.semi.org/china2026/Public/eBooth.aspx?IndexInList=484&FromPage=Exhibitors.aspx&ParentBoothID=&ListByBooth=true&BoothID=641317","T2408","https://expo.semi.org/china2026/Public/eventmap.aspx?MapItBoothID=641317&MapItBooth=T2408","https://expo.semi.org/china2026/Public/imgHandler.ashx?Task=1&ID=../CUSTOM/CustomField24.png"
"KUNSHAN SHENGZE TECHNOLOGIES CO.,LTD","https://expo.semi.org/china2026/Public/eBooth.aspx?IndexInList=485&FromPage=Exhibitors.aspx&ParentBoothID=&ListByBooth=true&BoothID=639837","6571","https://expo.semi.org/china2026/Public/eventmap.aspx?MapItBoothID=639837&MapItBooth=6571","https://expo.semi.org/china2026/Public/imgHandler.ashx?Task=1&ID=../CUSTOM/CustomField24.png"
"KunShan XingYiXiang fine ceramic Technology Co.,Ltd.","https://expo.semi.org/china2026/Public/eBooth.aspx?IndexInList=486&FromPage=Exhibitors.aspx&ParentBoothID=&ListByBooth=true&BoothID=662380","6474","https://expo.semi.org/china2026/Public/eventmap.aspx?MapItBoothID=662380&MapItBooth=6474","https://expo.semi.org/china2026/Public/imgHandler.ashx?Task=1&ID=../CUSTOM/CustomField24.png"
"Kunshan You Fu Precision Machine Co., Ltd","https://expo.semi.org/china2026/Public/eBooth.aspx?IndexInList=487&FromPage=Exhibitors.aspx&ParentBoothID=&ListByBooth=true&BoothID=637672","2158","https://expo.semi.org/china2026/Public/eventmap.aspx?MapItBoothID=637672&MapItBooth=2158","https://expo.semi.org/china2026/Public/imgHandler.ashx?Task=1&ID=../CUSTOM/CustomField24.png"
"Kurt Lesker (Shanghai) Trading Company","https://expo.semi.org/china2026/Public/eBooth.aspx?IndexInList=488&FromPage=Exhibitors.aspx&ParentBoothID=&ListByBooth=true&BoothID=637745","3258","https://expo.semi.org/china2026/Public/eventmap.aspx?MapItBoothID=637745&MapItBooth=3258","https://expo.semi.org/china2026/Public/imgHandler.ashx?Task=1&ID=../CUSTOM/CustomField24.png"
"Kxware Infomation Technology (Shanghai) Co.,Ltd","https://expo.semi.org/china2026/Public/eBooth.aspx?IndexInList=489&FromPage=Exhibitors.aspx&ParentBoothID=&ListByBooth=true&BoothID=637150","2306","https://expo.semi.org/china2026/Public/eventmap.aspx?MapItBoothID=637150&MapItBooth=2306","https://expo.semi.org/china2026/Public/imgHandler.ashx?Task=1&ID=../CUSTOM/CustomField24.png"
"KYKY Technology Co., Ltd","https://expo.semi.org/china2026/Public/eBooth.aspx?IndexInList=490&FromPage=Exhibitors.aspx&ParentBoothID=&ListByBooth=true&BoothID=641179","T1323","https://expo.semi.org/china2026/Public/eventmap.aspx?MapItBoothID=641179&MapItBooth=T1323","https://expo.semi.org/china2026/Public/imgHandler.ashx?Task=1&ID=../CUSTOM/CustomField24.png"
"Kylinweike sensor tech Co.,LTD","https://expo.semi.org/china2026/Public/eBooth.aspx?IndexInList=491&FromPage=Exhibitors.aspx&ParentBoothID=&ListByBooth=true&BoothID=649346","T4124","https://expo.semi.org/china2026/Public/eventmap.aspx?MapItBoothID=649346&MapItBooth=T4124","https://expo.semi.org/china2026/Public/imgHandler.ashx?Task=1&ID=../CUSTOM/CustomField24.png"
"Larcomse Equipment (shanghai) Co.,Ltd.","https://expo.semi.org/china2026/Public/eBooth.aspx?IndexInList=492&FromPage=Exhibitors.aspx&ParentBoothID=&ListByBooth=true&BoothID=641015","T0326","https://expo.semi.org/china2026/Public/eventmap.aspx?MapItBoothID=641015&MapItBooth=T0326","https://expo.semi.org/china2026/Public/imgHandler.ashx?Task=1&ID=../CUSTOM/CustomField24.png"
"Lasertc Technology (Suzhou) Co., Ltd","https://expo.semi.org/china2026/Public/eBooth.aspx?IndexInList=493&FromPage=Exhibitors.aspx&ParentBoothID=&ListByBooth=true&BoothID=662401","6271","https://expo.semi.org/china2026/Public/eventmap.aspx?MapItBoothID=662401&MapItBooth=6271","https://expo.semi.org/china2026/Public/imgHandler.ashx?Task=1&ID=../CUSTOM/CustomField24.png"
"Lasertec China Co., Ltd","https://expo.semi.org/china2026/Public/eBooth.aspx?IndexInList=494&FromPage=Exhibitors.aspx&ParentBoothID=&ListByBooth=true&BoothID=640652","7535","https://expo.semi.org/china2026/Public/eventmap.aspx?MapItBoothID=640652&MapItBooth=7535","https://expo.semi.org/china2026/Public/imgHandler.ashx?Task=1&ID=../CUSTOM/CustomField24.png"
"Laserwort Ltd.","https://expo.semi.org/china2026/Public/eBooth.aspx?IndexInList=495&FromPage=Exhibitors.aspx&ParentBoothID=&ListByBooth=true&BoothID=637729","3123","https://expo.semi.org/china2026/Public/eventmap.aspx?MapItBoothID=637729&MapItBooth=3123","https://expo.semi.org/china2026/Public/imgHandler.ashx?Task=1&ID=../CUSTOM/CustomField24.png"
"L-Chaser Optics Ltd.","https://expo.semi.org/china2026/Public/eBooth.aspx?IndexInList=496&FromPage=Exhibitors.aspx&ParentBoothID=&ListByBooth=true&BoothID=649366","T4220","https://expo.semi.org/china2026/Public/eventmap.aspx?MapItBoothID=649366&MapItBooth=T4220","https://expo.semi.org/china2026/Public/imgHandler.ashx?Task=1&ID=../CUSTOM/CustomField24.png"
"LEMO ELECTRONICS (SHANGHAI) CO.,LTD","https://expo.semi.org/china2026/Public/eBooth.aspx?IndexInList=497&FromPage=Exhibitors.aspx&ParentBoothID=&ListByBooth=true&BoothID=639778","6649","https://expo.semi.org/china2026/Public/eventmap.aspx?MapItBoothID=639778&MapItBooth=6649","https://expo.semi.org/china2026/Public/imgHandler.ashx?Task=1&ID=../CUSTOM/CustomField24.png"
"Letry (Shanghai) Clean Technology Co., Ltd.","https://expo.semi.org/china2026/Public/eBooth.aspx?IndexInList=498&FromPage=Exhibitors.aspx&ParentBoothID=&ListByBooth=true&BoothID=636838","1703","https://expo.semi.org/china2026/Public/eventmap.aspx?MapItBoothID=636838&MapItBooth=1703",""
"LIAN SHI NEW MATERIAL CORP.,LTD.","https://expo.semi.org/china2026/Public/eBooth.aspx?IndexInList=499&FromPage=Exhibitors.aspx&ParentBoothID=&ListByBooth=true&BoothID=641629","T3379","https://expo.semi.org/china2026/Public/eventmap.aspx?MapItBoothID=641629&MapItBooth=T3379","https://expo.semi.org/china2026/Public/imgHandler.ashx?Task=1&ID=../CUSTOM/CustomField24.png"
"Liansheng Semiconductor Technology (Wuxi) Co.,Ltd","https://expo.semi.org/china2026/Public/eBooth.aspx?IndexInList=500&FromPage=Exhibitors.aspx&ParentBoothID=&ListByBooth=true&BoothID=649210","4127","https://expo.semi.org/china2026/Public/eventmap.aspx?MapItBoothID=649210&MapItBooth=4127",""
"Liao ning guanhua semiconductor co., Ltd","https://expo.semi.org/china2026/Public/eBooth.aspx?IndexInList=501&FromPage=Exhibitors.aspx&ParentBoothID=&ListByBooth=true&BoothID=649353","T4127","https://expo.semi.org/china2026/Public/eventmap.aspx?MapItBoothID=649353&MapItBooth=T4127","https://expo.semi.org/china2026/Public/imgHandler.ashx?Task=1&ID=../CUSTOM/CustomField24.png"
"Liaoning Aoyida Advanced Materials. Inc.","https://expo.semi.org/china2026/Public/eBooth.aspx?IndexInList=502&FromPage=Exhibitors.aspx&ParentBoothID=&ListByBooth=true&BoothID=641050","T0132","https://expo.semi.org/china2026/Public/eventmap.aspx?MapItBoothID=641050&MapItBooth=T0132","https://expo.semi.org/china2026/Public/imgHandler.ashx?Task=1&ID=../CUSTOM/CustomField24.png"
"LIAONING SEALTECH TECHNOLOGY CO.Ltd","https://expo.semi.org/china2026/Public/eBooth.aspx?IndexInList=503&FromPage=Exhibitors.aspx&ParentBoothID=&ListByBooth=true&BoothID=640644","7519","https://expo.semi.org/china2026/Public/eventmap.aspx?MapItBoothID=640644&MapItBooth=7519","https://expo.semi.org/china2026/Public/imgHandler.ashx?Task=1&ID=../CUSTOM/CustomField24.png"
"Lijihong Optoelectronic Technology (Nantong) Co.,Ltd.","https://expo.semi.org/china2026/Public/eBooth.aspx?IndexInList=504&FromPage=Exhibitors.aspx&ParentBoothID=&ListByBooth=true&BoothID=662278","T1128","https://expo.semi.org/china2026/Public/eventmap.aspx?MapItBoothID=662278&MapItBooth=T1128","https://expo.semi.org/china2026/Public/imgHandler.ashx?Task=1&ID=../CUSTOM/CustomField24.png"
"Linde Lienhwa","https://expo.semi.org/china2026/Public/eBooth.aspx?IndexInList=505&FromPage=Exhibitors.aspx&ParentBoothID=&ListByBooth=true&BoothID=640662","7555","https://expo.semi.org/china2026/Public/eventmap.aspx?MapItBoothID=640662&MapItBooth=7555","https://expo.semi.org/china2026/Public/imgHandler.ashx?Task=1&ID=../CUSTOM/CustomField24.png"
"Linggas (Tianjin), Limited.","https://expo.semi.org/china2026/Public/eBooth.aspx?IndexInList=506&FromPage=Exhibitors.aspx&ParentBoothID=&ListByBooth=true&BoothID=639163","5271","https://expo.semi.org/china2026/Public/eventmap.aspx?MapItBoothID=639163&MapItBooth=5271","https://expo.semi.org/china2026/Public/imgHandler.ashx?Task=1&ID=../CUSTOM/CustomField24.png"
"Linkwise Technology (Suzhou) Co., Ltd","https://expo.semi.org/china2026/Public/eBooth.aspx?IndexInList=507&FromPage=Exhibitors.aspx&ParentBoothID=&ListByBooth=true&BoothID=636848","1733","https://expo.semi.org/china2026/Public/eventmap.aspx?MapItBoothID=636848&MapItBooth=1733","https://expo.semi.org/china2026/Public/imgHandler.ashx?Task=1&ID=../CUSTOM/CustomField24.png"
"Lintec Advanced Technologies (Shanghai) Inc.","https://expo.semi.org/china2026/Public/eBooth.aspx?IndexInList=508&FromPage=Exhibitors.aspx&ParentBoothID=&ListByBooth=true&BoothID=638703","4409","https://expo.semi.org/china2026/Public/eventmap.aspx?MapItBoothID=638703&MapItBooth=4409","https://expo.semi.org/china2026/Public/imgHandler.ashx?Task=1&ID=../CUSTOM/CustomField24.png"
"LINTON Technologies Group","https://expo.semi.org/china2026/Public/eBooth.aspx?IndexInList=509&FromPage=Exhibitors.aspx&ParentBoothID=&ListByBooth=true&BoothID=640155","6501","https://expo.semi.org/china2026/Public/eventmap.aspx?MapItBoothID=640155&MapItBooth=6501","https://expo.semi.org/china2026/Public/imgHandler.ashx?Task=1&ID=../CUSTOM/CustomField24.png"
"LIPPXIN MICROELECTRONICS","https://expo.semi.org/china2026/Public/eBooth.aspx?IndexInList=510&FromPage=Exhibitors.aspx&ParentBoothID=&ListByBooth=true&BoothID=639637","5713","https://expo.semi.org/china2026/Public/eventmap.aspx?MapItBoothID=639637&MapItBooth=5713",""
"LNEYA Thermo Refrigeration Co.,Ltd.","https://expo.semi.org/china2026/Public/eBooth.aspx?IndexInList=511&FromPage=Exhibitors.aspx&ParentBoothID=&ListByBooth=true&BoothID=640119","6227","https://expo.semi.org/china2026/Public/eventmap.aspx?MapItBoothID=640119&MapItBooth=6227","https://expo.semi.org/china2026/Public/imgHandler.ashx?Task=1&ID=../CUSTOM/CustomField24.png"
"Longhill Industries (Shanghai) Ltd","https://expo.semi.org/china2026/Public/eBooth.aspx?IndexInList=512&FromPage=Exhibitors.aspx&ParentBoothID=&ListByBooth=true&BoothID=639013","4122","https://expo.semi.org/china2026/Public/eventmap.aspx?MapItBoothID=639013&MapItBooth=4122","https://expo.semi.org/china2026/Public/imgHandler.ashx?Task=1&ID=../CUSTOM/CustomField24.png"
"LUOLOGY Diqital Technology Co., Ltd.","https://expo.semi.org/china2026/Public/eBooth.aspx?IndexInList=513&FromPage=Exhibitors.aspx&ParentBoothID=&ListByBooth=true&BoothID=665916","T2440","https://expo.semi.org/china2026/Public/eventmap.aspx?MapItBoothID=665916&MapItBooth=T2440",""
"Luva System Inc.","https://expo.semi.org/china2026/Public/eBooth.aspx?IndexInList=514&FromPage=Exhibitors.aspx&ParentBoothID=&ListByBooth=true&BoothID=637679","2176","https://expo.semi.org/china2026/Public/eventmap.aspx?MapItBoothID=637679&MapItBooth=2176","https://expo.semi.org/china2026/Public/imgHandler.ashx?Task=1&ID=../CUSTOM/CustomField24.png"
"M+ eletronic Equipment","https://expo.semi.org/china2026/Public/eBooth.aspx?IndexInList=515&FromPage=Exhibitors.aspx&ParentBoothID=&ListByBooth=true&BoothID=641428","T2245","https://expo.semi.org/china2026/Public/eventmap.aspx?MapItBoothID=641428&MapItBooth=T2245","https://expo.semi.org/china2026/Public/imgHandler.ashx?Task=1&ID=../CUSTOM/CustomField24.png"
"MachLin Precision Machinery (Kunshan) Co.,Ltd.","https://expo.semi.org/china2026/Public/eBooth.aspx?IndexInList=516&FromPage=Exhibitors.aspx&ParentBoothID=&ListByBooth=true&BoothID=649343","T4130","https://expo.semi.org/china2026/Public/eventmap.aspx?MapItBoothID=649343&MapItBooth=T4130","https://expo.semi.org/china2026/Public/imgHandler.ashx?Task=1&ID=../CUSTOM/CustomField24.png"
"Macrotest Semiconductor Technology Co., Ltd.","https://expo.semi.org/china2026/Public/eBooth.aspx?IndexInList=517&FromPage=Exhibitors.aspx&ParentBoothID=&ListByBooth=true&BoothID=640858","7733","https://expo.semi.org/china2026/Public/eventmap.aspx?MapItBoothID=640858&MapItBooth=7733","https://expo.semi.org/china2026/Public/imgHandler.ashx?Task=1&ID=../CUSTOM/CustomField24.png"
"Malvern Panalytical","https://expo.semi.org/china2026/Public/eBooth.aspx?IndexInList=518&FromPage=Exhibitors.aspx&ParentBoothID=&ListByBooth=true&BoothID=677675","2706","https://expo.semi.org/china2026/Public/eventmap.aspx?MapItBoothID=677675&MapItBooth=2706","https://expo.semi.org/china2026/Public/imgHandler.ashx?Task=1&ID=../CUSTOM/CustomField24.png"
"MARPOSS (SHANGHAI) TECHNOLOGIES CO., LTD.","https://expo.semi.org/china2026/Public/eBooth.aspx?IndexInList=519&FromPage=Exhibitors.aspx&ParentBoothID=&ListByBooth=true&BoothID=640012","6247","https://expo.semi.org/china2026/Public/eventmap.aspx?MapItBoothID=640012&MapItBooth=6247","https://expo.semi.org/china2026/Public/imgHandler.ashx?Task=1&ID=../CUSTOM/CustomField24.png"
"MASTERLOK (ZHEJIANG) INTERNATIONAL TRADING CO., LTD.","https://expo.semi.org/china2026/Public/eBooth.aspx?IndexInList=520&FromPage=Exhibitors.aspx&ParentBoothID=&ListByBooth=true&BoothID=662280","T1124","https://expo.semi.org/china2026/Public/eventmap.aspx?MapItBoothID=662280&MapItBooth=T1124","https://expo.semi.org/china2026/Public/imgHandler.ashx?Task=1&ID=../CUSTOM/CustomField24.png"
"MatrixTime Robotics Co.,Ltd.","https://expo.semi.org/china2026/Public/eBooth.aspx?IndexInList=521&FromPage=Exhibitors.aspx&ParentBoothID=&ListByBooth=true&BoothID=640423","7281","https://expo.semi.org/china2026/Public/eventmap.aspx?MapItBoothID=640423&MapItBooth=7281","https://expo.semi.org/china2026/Public/imgHandler.ashx?Task=1&ID=../CUSTOM/CustomField24.png"
"Maxone Semiconductor（Suzhou）Co.,Ltd","https://expo.semi.org/china2026/Public/eBooth.aspx?IndexInList=522&FromPage=Exhibitors.aspx&ParentBoothID=&ListByBooth=true&BoothID=640889","7146","https://expo.semi.org/china2026/Public/eventmap.aspx?MapItBoothID=640889&MapItBooth=7146","https://expo.semi.org/china2026/Public/imgHandler.ashx?Task=1&ID=../CUSTOM/CustomField24.png"
"MCL Electronic Materials Co., Ltd","https://expo.semi.org/china2026/Public/eBooth.aspx?IndexInList=523&FromPage=Exhibitors.aspx&ParentBoothID=&ListByBooth=true&BoothID=640392","7219","https://expo.semi.org/china2026/Public/eventmap.aspx?MapItBoothID=640392&MapItBooth=7219","https://expo.semi.org/china2026/Public/imgHandler.ashx?Task=1&ID=../CUSTOM/CustomField24.png"
"MeetFuture Technology (Shanghai) Co. , Ltd.","https://expo.semi.org/china2026/Public/eBooth.aspx?IndexInList=524&FromPage=Exhibitors.aspx&ParentBoothID=&ListByBooth=true&BoothID=641624","T3279","https://expo.semi.org/china2026/Public/eventmap.aspx?MapItBoothID=641624&MapItBooth=T3279","https://expo.semi.org/china2026/Public/imgHandler.ashx?Task=1&ID=../CUSTOM/CustomField24.png"
"Mega Robo Technologies Co.,Ltd.","https://expo.semi.org/china2026/Public/eBooth.aspx?IndexInList=525&FromPage=Exhibitors.aspx&ParentBoothID=&ListByBooth=true&BoothID=636600","1545","https://expo.semi.org/china2026/Public/eventmap.aspx?MapItBoothID=636600&MapItBooth=1545","https://expo.semi.org/china2026/Public/imgHandler.ashx?Task=1&ID=../CUSTOM/CustomField24.png"
"Messer Griesheim(China) Investment Co.,Ltd.","https://expo.semi.org/china2026/Public/eBooth.aspx?IndexInList=526&FromPage=Exhibitors.aspx&ParentBoothID=&ListByBooth=true&BoothID=637599","2774","https://expo.semi.org/china2026/Public/eventmap.aspx?MapItBoothID=637599&MapItBooth=2774","https://expo.semi.org/china2026/Public/imgHandler.ashx?Task=1&ID=../CUSTOM/CustomField24.png"
"Mettler Toledo Technologies (China) Co., Ltd.","https://expo.semi.org/china2026/Public/eBooth.aspx?IndexInList=527&FromPage=Exhibitors.aspx&ParentBoothID=&ListByBooth=true&BoothID=640285","6745","https://expo.semi.org/china2026/Public/eventmap.aspx?MapItBoothID=640285&MapItBooth=6745","https://expo.semi.org/china2026/Public/imgHandler.ashx?Task=1&ID=../CUSTOM/CustomField24.png"
"MicroAhead Semiconductor Technology (SuZhou) Co.,Ltd.","https://expo.semi.org/china2026/Public/eBooth.aspx?IndexInList=528&FromPage=Exhibitors.aspx&ParentBoothID=&ListByBooth=true&BoothID=640295","6771","https://expo.semi.org/china2026/Public/eventmap.aspx?MapItBoothID=640295&MapItBooth=6771","https://expo.semi.org/china2026/Public/imgHandler.ashx?Task=1&ID=../CUSTOM/CustomField24.png"
"Micro-Mechanics (Su Zhou)","https://expo.semi.org/china2026/Public/eBooth.aspx?IndexInList=529&FromPage=Exhibitors.aspx&ParentBoothID=&ListByBooth=true&BoothID=638991","4753","https://expo.semi.org/china2026/Public/eventmap.aspx?MapItBoothID=638991&MapItBooth=4753","https://expo.semi.org/china2026/Public/imgHandler.ashx?Task=1&ID=../CUSTOM/CustomField24.png"
"MICRO-NANO (HONG KONG) TECHNOLOGY CO.,LTD","https://expo.semi.org/china2026/Public/eBooth.aspx?IndexInList=530&FromPage=Exhibitors.aspx&ParentBoothID=&ListByBooth=true&BoothID=641277","T2114","https://expo.semi.org/china2026/Public/eventmap.aspx?MapItBoothID=641277&MapItBooth=T2114","https://expo.semi.org/china2026/Public/imgHandler.ashx?Task=1&ID=../CUSTOM/CustomField24.png"
"Micro-Power (H.K.) Semiconductor Ltd.","https://expo.semi.org/china2026/Public/eBooth.aspx?IndexInList=531&FromPage=Exhibitors.aspx&ParentBoothID=&ListByBooth=true&BoothID=638420","4189","https://expo.semi.org/china2026/Public/eventmap.aspx?MapItBoothID=638420&MapItBooth=4189","https://expo.semi.org/china2026/Public/imgHandler.ashx?Task=1&ID=../CUSTOM/CustomField24.png"
"Micro-Power Scientific (H.K.) Co. Ltd.","https://expo.semi.org/china2026/Public/eBooth.aspx?IndexInList=532&FromPage=Exhibitors.aspx&ParentBoothID=&ListByBooth=true&BoothID=637749","3163","https://expo.semi.org/china2026/Public/eventmap.aspx?MapItBoothID=637749&MapItBooth=3163","https://expo.semi.org/china2026/Public/imgHandler.ashx?Task=1&ID=../CUSTOM/CustomField24.png"
"Microview Intelligent Packaging Technology (Shenzhen) Co.,Ltd","https://expo.semi.org/china2026/Public/eBooth.aspx?IndexInList=533&FromPage=Exhibitors.aspx&ParentBoothID=&ListByBooth=true&BoothID=662752","T3373","https://expo.semi.org/china2026/Public/eventmap.aspx?MapItBoothID=662752&MapItBooth=T3373","https://expo.semi.org/china2026/Public/imgHandler.ashx?Task=1&ID=../CUSTOM/CustomField24.png"
"Micson Automation (Shanghai) Co.,Ltd","https://expo.semi.org/china2026/Public/eBooth.aspx?IndexInList=534&FromPage=Exhibitors.aspx&ParentBoothID=&ListByBooth=true&BoothID=637381","2509","https://expo.semi.org/china2026/Public/eventmap.aspx?MapItBoothID=637381&MapItBooth=2509","https://expo.semi.org/china2026/Public/imgHandler.ashx?Task=1&ID=../CUSTOM/CustomField24.png"
"MILAEBO CO., Ltd.","https://expo.semi.org/china2026/Public/eBooth.aspx?IndexInList=535&FromPage=Exhibitors.aspx&ParentBoothID=&ListByBooth=true&BoothID=649372","T4225","https://expo.semi.org/china2026/Public/eventmap.aspx?MapItBoothID=649372&MapItBooth=T4225","https://expo.semi.org/china2026/Public/imgHandler.ashx?Task=1&ID=../CUSTOM/CustomField24.png"
"MINGHUI SEMICONDUCTOR TECHNOLOGY CO.LTD","https://expo.semi.org/china2026/Public/eBooth.aspx?IndexInList=536&FromPage=Exhibitors.aspx&ParentBoothID=&ListByBooth=true&BoothID=649363","T4226","https://expo.semi.org/china2026/Public/eventmap.aspx?MapItBoothID=649363&MapItBooth=T4226","https://expo.semi.org/china2026/Public/imgHandler.ashx?Task=1&ID=../CUSTOM/CustomField24.png"
"Mingyang Semiconductor Technology (Hefei) Co., Ltd.","https://expo.semi.org/china2026/Public/eBooth.aspx?IndexInList=537&FromPage=Exhibitors.aspx&ParentBoothID=&ListByBooth=true&BoothID=656882","2219","https://expo.semi.org/china2026/Public/eventmap.aspx?MapItBoothID=656882&MapItBooth=2219","https://expo.semi.org/china2026/Public/imgHandler.ashx?Task=1&ID=../CUSTOM/CustomField24.png"
"MINSEOA Advanced Materials Co.,LTD","https://expo.semi.org/china2026/Public/eBooth.aspx?IndexInList=538&FromPage=Exhibitors.aspx&ParentBoothID=&ListByBooth=true&BoothID=641359","T2326","https://expo.semi.org/china2026/Public/eventmap.aspx?MapItBoothID=641359&MapItBooth=T2326","https://expo.semi.org/china2026/Public/imgHandler.ashx?Task=1&ID=../CUSTOM/CustomField24.png"
"Miraclean Technology Co.,Ltd.","https://expo.semi.org/china2026/Public/eBooth.aspx?IndexInList=539&FromPage=Exhibitors.aspx&ParentBoothID=&ListByBooth=true&BoothID=649354","T4125","https://expo.semi.org/china2026/Public/eventmap.aspx?MapItBoothID=649354&MapItBooth=T4125","https://expo.semi.org/china2026/Public/imgHandler.ashx?Task=1&ID=../CUSTOM/CustomField24.png"
"Miragas Co., Ltd.","https://expo.semi.org/china2026/Public/eBooth.aspx?IndexInList=540&FromPage=Exhibitors.aspx&ParentBoothID=&ListByBooth=true&BoothID=640225","6308","https://expo.semi.org/china2026/Public/eventmap.aspx?MapItBoothID=640225&MapItBooth=6308","https://expo.semi.org/china2026/Public/imgHandler.ashx?Task=1&ID=../CUSTOM/CustomField24.png"
"MIT Semiconductor (Tianjin) Co., Ltd","https://expo.semi.org/china2026/Public/eBooth.aspx?IndexInList=541&FromPage=Exhibitors.aspx&ParentBoothID=&ListByBooth=true&BoothID=640221","6201","https://expo.semi.org/china2026/Public/eventmap.aspx?MapItBoothID=640221&MapItBooth=6201","https://expo.semi.org/china2026/Public/imgHandler.ashx?Task=1&ID=../CUSTOM/CustomField24.png"
"Mitutoyo Measuring Instruments (Shanghai) Co., Ltd.","https://expo.semi.org/china2026/Public/eBooth.aspx?IndexInList=542&FromPage=Exhibitors.aspx&ParentBoothID=&ListByBooth=true&BoothID=640273","6709","https://expo.semi.org/china2026/Public/eventmap.aspx?MapItBoothID=640273&MapItBooth=6709","https://expo.semi.org/china2026/Public/imgHandler.ashx?Task=1&ID=../CUSTOM/CustomField24.png"
"MJC Microelectronics (Kunshan) Co., LTD.","https://expo.semi.org/china2026/Public/eBooth.aspx?IndexInList=543&FromPage=Exhibitors.aspx&ParentBoothID=&ListByBooth=true&BoothID=641135","T1213","https://expo.semi.org/china2026/Public/eventmap.aspx?MapItBoothID=641135&MapItBooth=T1213","https://expo.semi.org/china2026/Public/imgHandler.ashx?Task=1&ID=../CUSTOM/CustomField24.png"
"Motic China Group Co., Ltd.","https://expo.semi.org/china2026/Public/eBooth.aspx?IndexInList=544&FromPage=Exhibitors.aspx&ParentBoothID=&ListByBooth=true&BoothID=639773","6758","https://expo.semi.org/china2026/Public/eventmap.aspx?MapItBoothID=639773&MapItBooth=6758","https://expo.semi.org/china2026/Public/imgHandler.ashx?Task=1&ID=../CUSTOM/CustomField24.png"
"Mozart Semiconductor (Suzhou) Co.,Ltd","https://expo.semi.org/china2026/Public/eBooth.aspx?IndexInList=545&FromPage=Exhibitors.aspx&ParentBoothID=&ListByBooth=true&BoothID=645805","T3330","https://expo.semi.org/china2026/Public/eventmap.aspx?MapItBoothID=645805&MapItBooth=T3330","https://expo.semi.org/china2026/Public/imgHandler.ashx?Task=1&ID=../CUSTOM/CustomField24.png"
"MultiFields Technology","https://expo.semi.org/china2026/Public/eBooth.aspx?IndexInList=546&FromPage=Exhibitors.aspx&ParentBoothID=&ListByBooth=true&BoothID=680312","T3215","https://expo.semi.org/china2026/Public/eventmap.aspx?MapItBoothID=680312&MapItBooth=T3215","https://expo.semi.org/china2026/Public/imgHandler.ashx?Task=1&ID=../CUSTOM/CustomField24.png"
"Mykron Microelectronics Co., Ltd.","https://expo.semi.org/china2026/Public/eBooth.aspx?IndexInList=547&FromPage=Exhibitors.aspx&ParentBoothID=&ListByBooth=true&BoothID=638268","3800","https://expo.semi.org/china2026/Public/eventmap.aspx?MapItBoothID=638268&MapItBooth=3800","https://expo.semi.org/china2026/Public/imgHandler.ashx?Task=1&ID=../CUSTOM/CustomField24.png"
"MZ Semiconductor Equipment (Wuxi) Co.,Ltd","https://expo.semi.org/china2026/Public/eBooth.aspx?IndexInList=548&FromPage=Exhibitors.aspx&ParentBoothID=&ListByBooth=true&BoothID=662570","2504","https://expo.semi.org/china2026/Public/eventmap.aspx?MapItBoothID=662570&MapItBooth=2504","https://expo.semi.org/china2026/Public/imgHandler.ashx?Task=1&ID=../CUSTOM/CustomField24.png"
"Nanjing Advanced Semi-conductor Technology Co,Ltd","https://expo.semi.org/china2026/Public/eBooth.aspx?IndexInList=549&FromPage=Exhibitors.aspx&ParentBoothID=&ListByBooth=true&BoothID=641131","T1205","https://expo.semi.org/china2026/Public/eventmap.aspx?MapItBoothID=641131&MapItBooth=T1205","https://expo.semi.org/china2026/Public/imgHandler.ashx?Task=1&ID=../CUSTOM/CustomField24.png"
"Nanjing Binzhenghong Instrument Co., Ltd.","https://expo.semi.org/china2026/Public/eBooth.aspx?IndexInList=550&FromPage=Exhibitors.aspx&ParentBoothID=&ListByBooth=true&BoothID=649373","T4223","https://expo.semi.org/china2026/Public/eventmap.aspx?MapItBoothID=649373&MapItBooth=T4223","https://expo.semi.org/china2026/Public/imgHandler.ashx?Task=1&ID=../CUSTOM/CustomField24.png"
"Nanjing DigiHua Intelligent Systems Co.,Ltd.","https://expo.semi.org/china2026/Public/eBooth.aspx?IndexInList=551&FromPage=Exhibitors.aspx&ParentBoothID=&ListByBooth=true&BoothID=639829","6674","https://expo.semi.org/china2026/Public/eventmap.aspx?MapItBoothID=639829&MapItBooth=6674","https://expo.semi.org/china2026/Public/imgHandler.ashx?Task=1&ID=../CUSTOM/CustomField24.png"
"Nanjing Guosheng Electronics Co., Ltd","https://expo.semi.org/china2026/Public/eBooth.aspx?IndexInList=552&FromPage=Exhibitors.aspx&ParentBoothID=&ListByBooth=true&BoothID=640228","6215","https://expo.semi.org/china2026/Public/eventmap.aspx?MapItBoothID=640228&MapItBooth=6215","https://expo.semi.org/china2026/Public/imgHandler.ashx?Task=1&ID=../CUSTOM/CustomField24.png"
"Nanjing Pego Measurement&Control Technology Co.,Ltd","https://expo.semi.org/china2026/Public/eBooth.aspx?IndexInList=553&FromPage=Exhibitors.aspx&ParentBoothID=&ListByBooth=true&BoothID=641154","T1107","https://expo.semi.org/china2026/Public/eventmap.aspx?MapItBoothID=641154&MapItBooth=T1107","https://expo.semi.org/china2026/Public/imgHandler.ashx?Task=1&ID=../CUSTOM/CustomField24.png"
"Nanjing Sanchao Advanced Materials Co., Ltd.","https://expo.semi.org/china2026/Public/eBooth.aspx?IndexInList=554&FromPage=Exhibitors.aspx&ParentBoothID=&ListByBooth=true&BoothID=639151","5241","https://expo.semi.org/china2026/Public/eventmap.aspx?MapItBoothID=639151&MapItBooth=5241","https://expo.semi.org/china2026/Public/imgHandler.ashx?Task=1&ID=../CUSTOM/CustomField24.png"
"Nanjing Shinkai Filter Co., Ltd","https://expo.semi.org/china2026/Public/eBooth.aspx?IndexInList=555&FromPage=Exhibitors.aspx&ParentBoothID=&ListByBooth=true&BoothID=649272","T4437","https://expo.semi.org/china2026/Public/eventmap.aspx?MapItBoothID=649272&MapItBooth=T4437","https://expo.semi.org/china2026/Public/imgHandler.ashx?Task=1&ID=../CUSTOM/CustomField24.png"
"Nano-Micro of Chinese Science Vacuum Technology (Hefei) Co.,Ltd.","https://expo.semi.org/china2026/Public/eBooth.aspx?IndexInList=556&FromPage=Exhibitors.aspx&ParentBoothID=&ListByBooth=true&BoothID=637533","2135","https://expo.semi.org/china2026/Public/eventmap.aspx?MapItBoothID=637533&MapItBooth=2135","https://expo.semi.org/china2026/Public/imgHandler.ashx?Task=1&ID=../CUSTOM/CustomField24.png"
"Nanostep Semiconductor technology(Guang Zhou),Ltd","https://expo.semi.org/china2026/Public/eBooth.aspx?IndexInList=557&FromPage=Exhibitors.aspx&ParentBoothID=&ListByBooth=true&BoothID=637757","3183","https://expo.semi.org/china2026/Public/eventmap.aspx?MapItBoothID=637757&MapItBooth=3183","https://expo.semi.org/china2026/Public/imgHandler.ashx?Task=1&ID=../CUSTOM/CustomField24.png"
"NanoVis Electronics Technologies (China) Limited","https://expo.semi.org/china2026/Public/eBooth.aspx?IndexInList=558&FromPage=Exhibitors.aspx&ParentBoothID=&ListByBooth=true&BoothID=638855","4637","https://expo.semi.org/china2026/Public/eventmap.aspx?MapItBoothID=638855&MapItBooth=4637","https://expo.semi.org/china2026/Public/imgHandler.ashx?Task=1&ID=../CUSTOM/CustomField24.png"
"Nantong Crystal Co,. Ltd","https://expo.semi.org/china2026/Public/eBooth.aspx?IndexInList=559&FromPage=Exhibitors.aspx&ParentBoothID=&ListByBooth=true&BoothID=662402","6273","https://expo.semi.org/china2026/Public/eventmap.aspx?MapItBoothID=662402&MapItBooth=6273","https://expo.semi.org/china2026/Public/imgHandler.ashx?Task=1&ID=../CUSTOM/CustomField24.png"
"Nasikey Semiconductor Co., Ltd.","https://expo.semi.org/china2026/Public/eBooth.aspx?IndexInList=560&FromPage=Exhibitors.aspx&ParentBoothID=&ListByBooth=true&BoothID=637121","2241","https://expo.semi.org/china2026/Public/eventmap.aspx?MapItBoothID=637121&MapItBooth=2241","https://expo.semi.org/china2026/Public/imgHandler.ashx?Task=1&ID=../CUSTOM/CustomField24.png"
"National Silicon Industry Group","https://expo.semi.org/china2026/Public/eBooth.aspx?IndexInList=561&FromPage=Exhibitors.aspx&ParentBoothID=&ListByBooth=true&BoothID=639437","5561","https://expo.semi.org/china2026/Public/eventmap.aspx?MapItBoothID=639437&MapItBooth=5561","https://expo.semi.org/china2026/Public/imgHandler.ashx?Task=1&ID=../CUSTOM/CustomField24.png"
"New Eastech Technology Co.,Ltd.","https://expo.semi.org/china2026/Public/eBooth.aspx?IndexInList=562&FromPage=Exhibitors.aspx&ParentBoothID=&ListByBooth=true&BoothID=637161","2225","https://expo.semi.org/china2026/Public/eventmap.aspx?MapItBoothID=637161&MapItBooth=2225","https://expo.semi.org/china2026/Public/imgHandler.ashx?Task=1&ID=../CUSTOM/CustomField24.png"
"Nextool Technology Co.,Ltd","https://expo.semi.org/china2026/Public/eBooth.aspx?IndexInList=563&FromPage=Exhibitors.aspx&ParentBoothID=&ListByBooth=true&BoothID=640656","7543","https://expo.semi.org/china2026/Public/eventmap.aspx?MapItBoothID=640656&MapItBooth=7543","https://expo.semi.org/china2026/Public/imgHandler.ashx?Task=1&ID=../CUSTOM/CustomField24.png"
"NI","https://expo.semi.org/china2026/Public/eBooth.aspx?IndexInList=564&FromPage=Exhibitors.aspx&ParentBoothID=&ListByBooth=true&BoothID=638988","4743","https://expo.semi.org/china2026/Public/eventmap.aspx?MapItBoothID=638988&MapItBooth=4743","https://expo.semi.org/china2026/Public/imgHandler.ashx?Task=1&ID=../CUSTOM/CustomField24.png"
"NIDEC INSTRUMENTS (Shanghai) CORPORATION","https://expo.semi.org/china2026/Public/eBooth.aspx?IndexInList=565&FromPage=Exhibitors.aspx&ParentBoothID=&ListByBooth=true&BoothID=678746","6713","https://expo.semi.org/china2026/Public/eventmap.aspx?MapItBoothID=678746&MapItBooth=6713",""
"NIDEC SV PROBE SUZHOU CO. LTD.","https://expo.semi.org/china2026/Public/eBooth.aspx?IndexInList=566&FromPage=Exhibitors.aspx&ParentBoothID=&ListByBooth=true&BoothID=678748","6713","https://expo.semi.org/china2026/Public/eventmap.aspx?MapItBoothID=678748&MapItBooth=6713","https://expo.semi.org/china2026/Public/imgHandler.ashx?Task=1&ID=../CUSTOM/CustomField24.png"
"NIFLON MACROMOLECULAR MATERIAL (SH)CO.,LTD","https://expo.semi.org/china2026/Public/eBooth.aspx?IndexInList=567&FromPage=Exhibitors.aspx&ParentBoothID=&ListByBooth=true&BoothID=649345","T4126","https://expo.semi.org/china2026/Public/eventmap.aspx?MapItBoothID=649345&MapItBooth=T4126","https://expo.semi.org/china2026/Public/imgHandler.ashx?Task=1&ID=../CUSTOM/CustomField24.png"
"Ning Bo Good Seal Technology Co.Ltd","https://expo.semi.org/china2026/Public/eBooth.aspx?IndexInList=568&FromPage=Exhibitors.aspx&ParentBoothID=&ListByBooth=true&BoothID=649277","T4427","https://expo.semi.org/china2026/Public/eventmap.aspx?MapItBoothID=649277&MapItBooth=T4427","https://expo.semi.org/china2026/Public/imgHandler.ashx?Task=1&ID=../CUSTOM/CustomField24.png"
"Ningbo Advance Automation Technology Co., Ltd.","https://expo.semi.org/china2026/Public/eBooth.aspx?IndexInList=569&FromPage=Exhibitors.aspx&ParentBoothID=&ListByBooth=true&BoothID=638476","4217","https://expo.semi.org/china2026/Public/eventmap.aspx?MapItBoothID=638476&MapItBooth=4217",""
"Ningbo Allsemi Microelectronics Equipment Co., Ltd","https://expo.semi.org/china2026/Public/eBooth.aspx?IndexInList=570&FromPage=Exhibitors.aspx&ParentBoothID=&ListByBooth=true&BoothID=638583","4343","https://expo.semi.org/china2026/Public/eventmap.aspx?MapItBoothID=638583&MapItBooth=4343",""
"Ningbo Alpha Semiconductor Co., Ltd.","https://expo.semi.org/china2026/Public/eBooth.aspx?IndexInList=571&FromPage=Exhibitors.aspx&ParentBoothID=&ListByBooth=true&BoothID=639791","6774","https://expo.semi.org/china2026/Public/eventmap.aspx?MapItBoothID=639791&MapItBooth=6774","https://expo.semi.org/china2026/Public/imgHandler.ashx?Task=1&ID=../CUSTOM/CustomField24.png"
"Ningbo Baosi Energy Equipment Co., Ltd","https://expo.semi.org/china2026/Public/eBooth.aspx?IndexInList=572&FromPage=Exhibitors.aspx&ParentBoothID=&ListByBooth=true&BoothID=642865","6527","https://expo.semi.org/china2026/Public/eventmap.aspx?MapItBoothID=642865&MapItBooth=6527","https://expo.semi.org/china2026/Public/imgHandler.ashx?Task=1&ID=../CUSTOM/CustomField24.png"
"Ningbo Genius-Converging Technology Co.,Ltd","https://expo.semi.org/china2026/Public/eBooth.aspx?IndexInList=573&FromPage=Exhibitors.aspx&ParentBoothID=&ListByBooth=true&BoothID=640875","7106","https://expo.semi.org/china2026/Public/eventmap.aspx?MapItBoothID=640875&MapItBooth=7106","https://expo.semi.org/china2026/Public/imgHandler.ashx?Task=1&ID=../CUSTOM/CustomField24.png"
"Ningbo Hiper Technologies Co.,Ltd.","https://expo.semi.org/china2026/Public/eBooth.aspx?IndexInList=574&FromPage=Exhibitors.aspx&ParentBoothID=&ListByBooth=true&BoothID=641081","T0102","https://expo.semi.org/china2026/Public/eventmap.aspx?MapItBoothID=641081&MapItBooth=T0102","https://expo.semi.org/china2026/Public/imgHandler.ashx?Task=1&ID=../CUSTOM/CustomField24.png"
"Ningbo HONGXIN NEW MATERIAL Technology Co. LTD","https://expo.semi.org/china2026/Public/eBooth.aspx?IndexInList=575&FromPage=Exhibitors.aspx&ParentBoothID=&ListByBooth=true&BoothID=640109","6326","https://expo.semi.org/china2026/Public/eventmap.aspx?MapItBoothID=640109&MapItBooth=6326","https://expo.semi.org/china2026/Public/imgHandler.ashx?Task=1&ID=../CUSTOM/CustomField24.png"
"Ningbo TRS Microelectronics Co.,Ltd","https://expo.semi.org/china2026/Public/eBooth.aspx?IndexInList=576&FromPage=Exhibitors.aspx&ParentBoothID=&ListByBooth=true&BoothID=639634","5707","https://expo.semi.org/china2026/Public/eventmap.aspx?MapItBoothID=639634&MapItBooth=5707",""
"Ningbo Xinfeng Precision Technology Co.,Ltd","https://expo.semi.org/china2026/Public/eBooth.aspx?IndexInList=577&FromPage=Exhibitors.aspx&ParentBoothID=&ListByBooth=true&BoothID=640861","7745","https://expo.semi.org/china2026/Public/eventmap.aspx?MapItBoothID=640861&MapItBooth=7745","https://expo.semi.org/china2026/Public/imgHandler.ashx?Task=1&ID=../CUSTOM/CustomField24.png"
"Ningbo Xinyang Semiconductor Equipment Co.,LTD","https://expo.semi.org/china2026/Public/eBooth.aspx?IndexInList=578&FromPage=Exhibitors.aspx&ParentBoothID=&ListByBooth=true&BoothID=641692","T3165","https://expo.semi.org/china2026/Public/eventmap.aspx?MapItBoothID=641692&MapItBooth=T3165","https://expo.semi.org/china2026/Public/imgHandler.ashx?Task=1&ID=../CUSTOM/CustomField24.png"
"Ningbo Yunde Material Incorporation","https://expo.semi.org/china2026/Public/eBooth.aspx?IndexInList=579&FromPage=Exhibitors.aspx&ParentBoothID=&ListByBooth=true&BoothID=649398","T4428","https://expo.semi.org/china2026/Public/eventmap.aspx?MapItBoothID=649398&MapItBooth=T4428","https://expo.semi.org/china2026/Public/imgHandler.ashx?Task=1&ID=../CUSTOM/CustomField24.png"
"NIPPON PULSE SHANGHAI CO.,LTD.","https://expo.semi.org/china2026/Public/eBooth.aspx?IndexInList=580&FromPage=Exhibitors.aspx&ParentBoothID=&ListByBooth=true&BoothID=649342","T4132","https://expo.semi.org/china2026/Public/eventmap.aspx?MapItBoothID=649342&MapItBooth=T4132","https://expo.semi.org/china2026/Public/imgHandler.ashx?Task=1&ID=../CUSTOM/CustomField24.png"
"NISSIN ALLIS ION EQUIPMENT (SHANGHAI) CO., LTD","https://expo.semi.org/china2026/Public/eBooth.aspx?IndexInList=581&FromPage=Exhibitors.aspx&ParentBoothID=&ListByBooth=true&BoothID=637176","2257","https://expo.semi.org/china2026/Public/eventmap.aspx?MapItBoothID=637176&MapItBooth=2257","https://expo.semi.org/china2026/Public/imgHandler.ashx?Task=1&ID=../CUSTOM/CustomField24.png"
"Nomura Shanghai Engineering Technology Co., Ltd.","https://expo.semi.org/china2026/Public/eBooth.aspx?IndexInList=582&FromPage=Exhibitors.aspx&ParentBoothID=&ListByBooth=true&BoothID=654489","T1409","https://expo.semi.org/china2026/Public/eventmap.aspx?MapItBoothID=654489&MapItBooth=T1409","https://expo.semi.org/china2026/Public/imgHandler.ashx?Task=1&ID=../CUSTOM/CustomField24.png"
"Nordson Advanced Technology","https://expo.semi.org/china2026/Public/eBooth.aspx?IndexInList=583&FromPage=Exhibitors.aspx&ParentBoothID=&ListByBooth=true&BoothID=638223","3601","https://expo.semi.org/china2026/Public/eventmap.aspx?MapItBoothID=638223&MapItBooth=3601","https://expo.semi.org/china2026/Public/imgHandler.ashx?Task=1&ID=../CUSTOM/CustomField24.png"
"Noritake Shanghai Trading Co., Ltd.","https://expo.semi.org/china2026/Public/eBooth.aspx?IndexInList=584&FromPage=Exhibitors.aspx&ParentBoothID=&ListByBooth=true&BoothID=649327","T4145","https://expo.semi.org/china2026/Public/eventmap.aspx?MapItBoothID=649327&MapItBooth=T4145","https://expo.semi.org/china2026/Public/imgHandler.ashx?Task=1&ID=../CUSTOM/CustomField24.png"
"Norker Filter (Suzhou) Co., Ltd","https://expo.semi.org/china2026/Public/eBooth.aspx?IndexInList=585&FromPage=Exhibitors.aspx&ParentBoothID=&ListByBooth=true&BoothID=639946","6654","https://expo.semi.org/china2026/Public/eventmap.aspx?MapItBoothID=639946&MapItBooth=6654","https://expo.semi.org/china2026/Public/imgHandler.ashx?Task=1&ID=../CUSTOM/CustomField24.png"
"Nowes Technology Corporation Limited","https://expo.semi.org/china2026/Public/eBooth.aspx?IndexInList=586&FromPage=Exhibitors.aspx&ParentBoothID=&ListByBooth=true&BoothID=639031","4176","https://expo.semi.org/china2026/Public/eventmap.aspx?MapItBoothID=639031&MapItBooth=4176","https://expo.semi.org/china2026/Public/imgHandler.ashx?Task=1&ID=../CUSTOM/CustomField24.png"
"NTM Technology Co., Ltd","https://expo.semi.org/china2026/Public/eBooth.aspx?IndexInList=587&FromPage=Exhibitors.aspx&ParentBoothID=&ListByBooth=true&BoothID=643031","T3341","https://expo.semi.org/china2026/Public/eventmap.aspx?MapItBoothID=643031&MapItBooth=T3341","https://expo.semi.org/china2026/Public/imgHandler.ashx?Task=1&ID=../CUSTOM/CustomField24.png"
"OFC Micro Material (Shenzhen) Co.,Ltd.","https://expo.semi.org/china2026/Public/eBooth.aspx?IndexInList=588&FromPage=Exhibitors.aspx&ParentBoothID=&ListByBooth=true&BoothID=637526","2119","https://expo.semi.org/china2026/Public/eventmap.aspx?MapItBoothID=637526&MapItBooth=2119","https://expo.semi.org/china2026/Public/imgHandler.ashx?Task=1&ID=../CUSTOM/CustomField24.png"
"Oxford Instruments Technology (Shanghai) Co. Ltd","https://expo.semi.org/china2026/Public/eBooth.aspx?IndexInList=589&FromPage=Exhibitors.aspx&ParentBoothID=&ListByBooth=true&BoothID=637192","2289","https://expo.semi.org/china2026/Public/eventmap.aspx?MapItBoothID=637192&MapItBooth=2289","https://expo.semi.org/china2026/Public/imgHandler.ashx?Task=1&ID=../CUSTOM/CustomField24.png"
"Pacific Change Inc.","https://expo.semi.org/china2026/Public/eBooth.aspx?IndexInList=590&FromPage=Exhibitors.aspx&ParentBoothID=&ListByBooth=true&BoothID=649371","T4227","https://expo.semi.org/china2026/Public/eventmap.aspx?MapItBoothID=649371&MapItBooth=T4227","https://expo.semi.org/china2026/Public/imgHandler.ashx?Task=1&ID=../CUSTOM/CustomField24.png"
"Pall (China) Co., Ltd","https://expo.semi.org/china2026/Public/eBooth.aspx?IndexInList=591&FromPage=Exhibitors.aspx&ParentBoothID=&ListByBooth=true&BoothID=638689","4471","https://expo.semi.org/china2026/Public/eventmap.aspx?MapItBoothID=638689&MapItBooth=4471","https://expo.semi.org/china2026/Public/imgHandler.ashx?Task=1&ID=../CUSTOM/CustomField24.png"
"Panther Technology(Shenzhen)Co.,Ltd","https://expo.semi.org/china2026/Public/eBooth.aspx?IndexInList=592&FromPage=Exhibitors.aspx&ParentBoothID=&ListByBooth=true&BoothID=649362","T4228","https://expo.semi.org/china2026/Public/eventmap.aspx?MapItBoothID=649362&MapItBooth=T4228","https://expo.semi.org/china2026/Public/imgHandler.ashx?Task=1&ID=../CUSTOM/CustomField24.png"
"PASSION Industrial Technology (Shanghai) Co., Ltd.","https://expo.semi.org/china2026/Public/eBooth.aspx?IndexInList=593&FromPage=Exhibitors.aspx&ParentBoothID=&ListByBooth=true&BoothID=649976","1623","https://expo.semi.org/china2026/Public/eventmap.aspx?MapItBoothID=649976&MapItBooth=1623","https://expo.semi.org/china2026/Public/imgHandler.ashx?Task=1&ID=../CUSTOM/CustomField24.png"
"PERIC Special Gases CO.,Ltd","https://expo.semi.org/china2026/Public/eBooth.aspx?IndexInList=594&FromPage=Exhibitors.aspx&ParentBoothID=&ListByBooth=true&BoothID=639831","6579","https://expo.semi.org/china2026/Public/eventmap.aspx?MapItBoothID=639831&MapItBooth=6579","https://expo.semi.org/china2026/Public/imgHandler.ashx?Task=1&ID=../CUSTOM/CustomField24.png"
"PerkinElmer Management (Shanghai) Co., Ltd","https://expo.semi.org/china2026/Public/eBooth.aspx?IndexInList=595&FromPage=Exhibitors.aspx&ParentBoothID=&ListByBooth=true&BoothID=637601","2778","https://expo.semi.org/china2026/Public/eventmap.aspx?MapItBoothID=637601&MapItBooth=2778","https://expo.semi.org/china2026/Public/imgHandler.ashx?Task=1&ID=../CUSTOM/CustomField24.png"
"Pfeiffer Vacuum (Shanghai) Co., Ltd","https://expo.semi.org/china2026/Public/eBooth.aspx?IndexInList=596&FromPage=Exhibitors.aspx&ParentBoothID=&ListByBooth=true&BoothID=638299","3000","https://expo.semi.org/china2026/Public/eventmap.aspx?MapItBoothID=638299&MapItBooth=3000","https://expo.semi.org/china2026/Public/imgHandler.ashx?Task=1&ID=../CUSTOM/CustomField24.png"
"PhiChem Corporation","https://expo.semi.org/china2026/Public/eBooth.aspx?IndexInList=597&FromPage=Exhibitors.aspx&ParentBoothID=&ListByBooth=true&BoothID=639568","5651","https://expo.semi.org/china2026/Public/eventmap.aspx?MapItBoothID=639568&MapItBooth=5651","https://expo.semi.org/china2026/Public/imgHandler.ashx?Task=1&ID=../CUSTOM/CustomField24.png"
"PI Physik Instrumente (PI Shanghai) Co.,Ltd","https://expo.semi.org/china2026/Public/eBooth.aspx?IndexInList=598&FromPage=Exhibitors.aspx&ParentBoothID=&ListByBooth=true&BoothID=640044","6157","https://expo.semi.org/china2026/Public/eventmap.aspx?MapItBoothID=640044&MapItBooth=6157","https://expo.semi.org/china2026/Public/imgHandler.ashx?Task=1&ID=../CUSTOM/CustomField24.png"
"Pinason (Shanghai) Co., Ltd.","https://expo.semi.org/china2026/Public/eBooth.aspx?IndexInList=599&FromPage=Exhibitors.aspx&ParentBoothID=&ListByBooth=true&BoothID=640073","6435","https://expo.semi.org/china2026/Public/eventmap.aspx?MapItBoothID=640073&MapItBooth=6435","https://expo.semi.org/china2026/Public/imgHandler.ashx?Task=1&ID=../CUSTOM/CustomField24.png"
"Pingxiang Chemshun Ceramics Co.,Ltd","https://expo.semi.org/china2026/Public/eBooth.aspx?IndexInList=600&FromPage=Exhibitors.aspx&ParentBoothID=&ListByBooth=true&BoothID=649368","T4233","https://expo.semi.org/china2026/Public/eventmap.aspx?MapItBoothID=649368&MapItBooth=T4233","https://expo.semi.org/china2026/Public/imgHandler.ashx?Task=1&ID=../CUSTOM/CustomField24.png"
"Pioneer Semiconductor Research Co.，Ltd","https://expo.semi.org/china2026/Public/eBooth.aspx?IndexInList=601&FromPage=Exhibitors.aspx&ParentBoothID=&ListByBooth=true&BoothID=649953","1607","https://expo.semi.org/china2026/Public/eventmap.aspx?MapItBoothID=649953&MapItBooth=1607","https://expo.semi.org/china2026/Public/imgHandler.ashx?Task=1&ID=../CUSTOM/CustomField24.png"
"Piotech Inc.","https://expo.semi.org/china2026/Public/eBooth.aspx?IndexInList=602&FromPage=Exhibitors.aspx&ParentBoothID=&ListByBooth=true&BoothID=640467","7301","https://expo.semi.org/china2026/Public/eventmap.aspx?MapItBoothID=640467&MapItBooth=7301","https://expo.semi.org/china2026/Public/imgHandler.ashx?Task=1&ID=../CUSTOM/CustomField24.png"
"PLSINTEC (SUZHOU) CORPORATION","https://expo.semi.org/china2026/Public/eBooth.aspx?IndexInList=603&FromPage=Exhibitors.aspx&ParentBoothID=&ListByBooth=true&BoothID=649280","T4421","https://expo.semi.org/china2026/Public/eventmap.aspx?MapItBoothID=649280&MapItBooth=T4421","https://expo.semi.org/china2026/Public/imgHandler.ashx?Task=1&ID=../CUSTOM/CustomField24.png"
"PNC Process Systems Co.,Ltd.","https://expo.semi.org/china2026/Public/eBooth.aspx?IndexInList=604&FromPage=Exhibitors.aspx&ParentBoothID=&ListByBooth=true&BoothID=638785","4581","https://expo.semi.org/china2026/Public/eventmap.aspx?MapItBoothID=638785&MapItBooth=4581","https://expo.semi.org/china2026/Public/imgHandler.ashx?Task=1&ID=../CUSTOM/CustomField24.png"
"PowerTech Co., Ltd.","https://expo.semi.org/china2026/Public/eBooth.aspx?IndexInList=605&FromPage=Exhibitors.aspx&ParentBoothID=&ListByBooth=true&BoothID=638505","4271","https://expo.semi.org/china2026/Public/eventmap.aspx?MapItBoothID=638505&MapItBooth=4271","https://expo.semi.org/china2026/Public/imgHandler.ashx?Task=1&ID=../CUSTOM/CustomField24.png"
"Precision Electronic Technology (Suzhou) Co., Ltd.","https://expo.semi.org/china2026/Public/eBooth.aspx?IndexInList=606&FromPage=Exhibitors.aspx&ParentBoothID=&ListByBooth=true&BoothID=641849","T2231","https://expo.semi.org/china2026/Public/eventmap.aspx?MapItBoothID=641849&MapItBooth=T2231","https://expo.semi.org/china2026/Public/imgHandler.ashx?Task=1&ID=../CUSTOM/CustomField24.png"
"Precitec Laser Technology (Shanghai) Co.,Ltd","https://expo.semi.org/china2026/Public/eBooth.aspx?IndexInList=607&FromPage=Exhibitors.aspx&ParentBoothID=&ListByBooth=true&BoothID=640283","6735","https://expo.semi.org/china2026/Public/eventmap.aspx?MapItBoothID=640283&MapItBooth=6735","https://expo.semi.org/china2026/Public/imgHandler.ashx?Task=1&ID=../CUSTOM/CustomField24.png"
"Premtek International Inc.","https://expo.semi.org/china2026/Public/eBooth.aspx?IndexInList=608&FromPage=Exhibitors.aspx&ParentBoothID=&ListByBooth=true&BoothID=637844","3271","https://expo.semi.org/china2026/Public/eventmap.aspx?MapItBoothID=637844&MapItBooth=3271","https://expo.semi.org/china2026/Public/imgHandler.ashx?Task=1&ID=../CUSTOM/CustomField24.png"
"Primarius Technologies Co.,Ltd.","https://expo.semi.org/china2026/Public/eBooth.aspx?IndexInList=609&FromPage=Exhibitors.aspx&ParentBoothID=&ListByBooth=true&BoothID=639643","5733","https://expo.semi.org/china2026/Public/eventmap.aspx?MapItBoothID=639643&MapItBooth=5733","https://expo.semi.org/china2026/Public/imgHandler.ashx?Task=1&ID=../CUSTOM/CustomField24.png"
"Prinano Technology Co.,Ltd","https://expo.semi.org/china2026/Public/eBooth.aspx?IndexInList=610&FromPage=Exhibitors.aspx&ParentBoothID=&ListByBooth=true&BoothID=649425","T4204","https://expo.semi.org/china2026/Public/eventmap.aspx?MapItBoothID=649425&MapItBooth=T4204","https://expo.semi.org/china2026/Public/imgHandler.ashx?Task=1&ID=../CUSTOM/CustomField24.png"
"PROBING GROUP","https://expo.semi.org/china2026/Public/eBooth.aspx?IndexInList=611&FromPage=Exhibitors.aspx&ParentBoothID=&ListByBooth=true&BoothID=638849","4625","https://expo.semi.org/china2026/Public/eventmap.aspx?MapItBoothID=638849&MapItBooth=4625","https://expo.semi.org/china2026/Public/imgHandler.ashx?Task=1&ID=../CUSTOM/CustomField24.png"
"Prochip  Gas (Shanghai) Co., Ltd","https://expo.semi.org/china2026/Public/eBooth.aspx?IndexInList=612&FromPage=Exhibitors.aspx&ParentBoothID=&ListByBooth=true&BoothID=663466","1026","https://expo.semi.org/china2026/Public/eventmap.aspx?MapItBoothID=663466&MapItBooth=1026","https://expo.semi.org/china2026/Public/imgHandler.ashx?Task=1&ID=../CUSTOM/CustomField24.png"
"Productive Technologies Company Limted.","https://expo.semi.org/china2026/Public/eBooth.aspx?IndexInList=613&FromPage=Exhibitors.aspx&ParentBoothID=&ListByBooth=true&BoothID=640027","6256","https://expo.semi.org/china2026/Public/eventmap.aspx?MapItBoothID=640027&MapItBooth=6256","https://expo.semi.org/china2026/Public/imgHandler.ashx?Task=1&ID=../CUSTOM/CustomField24.png"
"Proteco（Shanghai）Refrigeration Technology Equipment Co., Ltd.","https://expo.semi.org/china2026/Public/eBooth.aspx?IndexInList=614&FromPage=Exhibitors.aspx&ParentBoothID=&ListByBooth=true&BoothID=640033","6149","https://expo.semi.org/china2026/Public/eventmap.aspx?MapItBoothID=640033&MapItBooth=6149","https://expo.semi.org/china2026/Public/imgHandler.ashx?Task=1&ID=../CUSTOM/CustomField24.png"
"PSG Asia","https://expo.semi.org/china2026/Public/eBooth.aspx?IndexInList=615&FromPage=Exhibitors.aspx&ParentBoothID=&ListByBooth=true&BoothID=662412","6274","https://expo.semi.org/china2026/Public/eventmap.aspx?MapItBoothID=662412&MapItBooth=6274","https://expo.semi.org/china2026/Public/imgHandler.ashx?Task=1&ID=../CUSTOM/CustomField24.png"
"Pulse-tech (Hongkong) Technology Limited","https://expo.semi.org/china2026/Public/eBooth.aspx?IndexInList=616&FromPage=Exhibitors.aspx&ParentBoothID=&ListByBooth=true&BoothID=649276","T4429","https://expo.semi.org/china2026/Public/eventmap.aspx?MapItBoothID=649276&MapItBooth=T4429",""
"Puritic Shanghai Corporation","https://expo.semi.org/china2026/Public/eBooth.aspx?IndexInList=617&FromPage=Exhibitors.aspx&ParentBoothID=&ListByBooth=true&BoothID=638360","3144","https://expo.semi.org/china2026/Public/eventmap.aspx?MapItBoothID=638360&MapItBooth=3144","https://expo.semi.org/china2026/Public/imgHandler.ashx?Task=1&ID=../CUSTOM/CustomField24.png"
"QD Scientific Instruments (Beijing) Co., Ltd.","https://expo.semi.org/china2026/Public/eBooth.aspx?IndexInList=618&FromPage=Exhibitors.aspx&ParentBoothID=&ListByBooth=true&BoothID=656517","T1433","https://expo.semi.org/china2026/Public/eventmap.aspx?MapItBoothID=656517&MapItBooth=T1433","https://expo.semi.org/china2026/Public/imgHandler.ashx?Task=1&ID=../CUSTOM/CustomField24.png"
"QEEPO Shanghai Static Co., Ltd.","https://expo.semi.org/china2026/Public/eBooth.aspx?IndexInList=619&FromPage=Exhibitors.aspx&ParentBoothID=&ListByBooth=true&BoothID=649299","T4345","https://expo.semi.org/china2026/Public/eventmap.aspx?MapItBoothID=649299&MapItBooth=T4345","https://expo.semi.org/china2026/Public/imgHandler.ashx?Task=1&ID=../CUSTOM/CustomField24.png"
"Qingdao Fuso Refining & Processing Co., Ltd","https://expo.semi.org/china2026/Public/eBooth.aspx?IndexInList=620&FromPage=Exhibitors.aspx&ParentBoothID=&ListByBooth=true&BoothID=638993","4761","https://expo.semi.org/china2026/Public/eventmap.aspx?MapItBoothID=638993&MapItBooth=4761","https://expo.semi.org/china2026/Public/imgHandler.ashx?Task=1&ID=../CUSTOM/CustomField24.png"
"Qingdao Gaoce Technology Co.,Ltd","https://expo.semi.org/china2026/Public/eBooth.aspx?IndexInList=621&FromPage=Exhibitors.aspx&ParentBoothID=&ListByBooth=true&BoothID=649978","1619","https://expo.semi.org/china2026/Public/eventmap.aspx?MapItBoothID=649978&MapItBooth=1619","https://expo.semi.org/china2026/Public/imgHandler.ashx?Task=1&ID=../CUSTOM/CustomField24.png"
"Qingdao Goldliton Electronic Equipment Co., Ltd.","https://expo.semi.org/china2026/Public/eBooth.aspx?IndexInList=622&FromPage=Exhibitors.aspx&ParentBoothID=&ListByBooth=true&BoothID=639017","4138","https://expo.semi.org/china2026/Public/eventmap.aspx?MapItBoothID=639017&MapItBooth=4138",""
"Qingdao Guolin Technology Semiconductor Co.,Ltd","https://expo.semi.org/china2026/Public/eBooth.aspx?IndexInList=623&FromPage=Exhibitors.aspx&ParentBoothID=&ListByBooth=true&BoothID=641133","T1310","https://expo.semi.org/china2026/Public/eventmap.aspx?MapItBoothID=641133&MapItBooth=T1310","https://expo.semi.org/china2026/Public/imgHandler.ashx?Task=1&ID=../CUSTOM/CustomField24.png"
"Qingdao Huaqi Technology Co., Ltd.","https://expo.semi.org/china2026/Public/eBooth.aspx?IndexInList=624&FromPage=Exhibitors.aspx&ParentBoothID=&ListByBooth=true&BoothID=638947","4008","https://expo.semi.org/china2026/Public/eventmap.aspx?MapItBoothID=638947&MapItBooth=4008",""
"Qingdao Share Microelectronics Co., Ltd","https://expo.semi.org/china2026/Public/eBooth.aspx?IndexInList=625&FromPage=Exhibitors.aspx&ParentBoothID=&ListByBooth=true&BoothID=638474","4310","https://expo.semi.org/china2026/Public/eventmap.aspx?MapItBoothID=638474&MapItBooth=4310",""
"Qingdao SRI I Intellectual Technology Co., Ltd","https://expo.semi.org/china2026/Public/eBooth.aspx?IndexInList=626&FromPage=Exhibitors.aspx&ParentBoothID=&ListByBooth=true&BoothID=637250","2319","https://expo.semi.org/china2026/Public/eventmap.aspx?MapItBoothID=637250&MapItBooth=2319","https://expo.semi.org/china2026/Public/imgHandler.ashx?Task=1&ID=../CUSTOM/CustomField24.png"
"Qingdao Xinnovis Microsystem Technology Co.,Ltd.","https://expo.semi.org/china2026/Public/eBooth.aspx?IndexInList=627&FromPage=Exhibitors.aspx&ParentBoothID=&ListByBooth=true&BoothID=649410","T4104","https://expo.semi.org/china2026/Public/eventmap.aspx?MapItBoothID=649410&MapItBooth=T4104","https://expo.semi.org/china2026/Public/imgHandler.ashx?Task=1&ID=../CUSTOM/CustomField24.png"
"QingDao Yuhao Microelectronics Equipment Co., Ltd.","https://expo.semi.org/china2026/Public/eBooth.aspx?IndexInList=628&FromPage=Exhibitors.aspx&ParentBoothID=&ListByBooth=true&BoothID=638362","3154","https://expo.semi.org/china2026/Public/eventmap.aspx?MapItBoothID=638362&MapItBooth=3154","https://expo.semi.org/china2026/Public/imgHandler.ashx?Task=1&ID=../CUSTOM/CustomField24.png"
"Qinyang Guoshun Light and Electricity Gas Source of Silicon Co., Ltd","https://expo.semi.org/china2026/Public/eBooth.aspx?IndexInList=629&FromPage=Exhibitors.aspx&ParentBoothID=&ListByBooth=true&BoothID=640037","6146","https://expo.semi.org/china2026/Public/eventmap.aspx?MapItBoothID=640037&MapItBooth=6146","https://expo.semi.org/china2026/Public/imgHandler.ashx?Task=1&ID=../CUSTOM/CustomField24.png"
"QL Electronics Science (Quzhou) Co.,Ltd","https://expo.semi.org/china2026/Public/eBooth.aspx?IndexInList=630&FromPage=Exhibitors.aspx&ParentBoothID=&ListByBooth=true&BoothID=662568","2401","https://expo.semi.org/china2026/Public/eventmap.aspx?MapItBoothID=662568&MapItBooth=2401","https://expo.semi.org/china2026/Public/imgHandler.ashx?Task=1&ID=../CUSTOM/CustomField24.png"
"Quality Assurance Management Asia(Shanghai) Co., Ltd.","https://expo.semi.org/china2026/Public/eBooth.aspx?IndexInList=631&FromPage=Exhibitors.aspx&ParentBoothID=&ListByBooth=true&BoothID=639630","5828","https://expo.semi.org/china2026/Public/eventmap.aspx?MapItBoothID=639630&MapItBooth=5828","https://expo.semi.org/china2026/Public/imgHandler.ashx?Task=1&ID=../CUSTOM/CustomField24.png"
"Quanzhou Yuji Advanced Materials Co.,ltd","https://expo.semi.org/china2026/Public/eBooth.aspx?IndexInList=632&FromPage=Exhibitors.aspx&ParentBoothID=&ListByBooth=true&BoothID=637434","2620","https://expo.semi.org/china2026/Public/eventmap.aspx?MapItBoothID=637434&MapItBooth=2620","https://expo.semi.org/china2026/Public/imgHandler.ashx?Task=1&ID=../CUSTOM/CustomField24.png"
"Quatek Inc. (Shanghai)","https://expo.semi.org/china2026/Public/eBooth.aspx?IndexInList=633&FromPage=Exhibitors.aspx&ParentBoothID=&ListByBooth=true&BoothID=671584","2387","https://expo.semi.org/china2026/Public/eventmap.aspx?MapItBoothID=671584&MapItBooth=2387","https://expo.semi.org/china2026/Public/imgHandler.ashx?Task=1&ID=../CUSTOM/CustomField24.png"
"Quest Technology (Shanghai) Co., Ltd.","https://expo.semi.org/china2026/Public/eBooth.aspx?IndexInList=634&FromPage=Exhibitors.aspx&ParentBoothID=&ListByBooth=true&BoothID=637463","2579","https://expo.semi.org/china2026/Public/eventmap.aspx?MapItBoothID=637463&MapItBooth=2579","https://expo.semi.org/china2026/Public/imgHandler.ashx?Task=1&ID=../CUSTOM/CustomField24.png"
"Questar China Ltd.","https://expo.semi.org/china2026/Public/eBooth.aspx?IndexInList=635&FromPage=Exhibitors.aspx&ParentBoothID=&ListByBooth=true&BoothID=638238","3631","https://expo.semi.org/china2026/Public/eventmap.aspx?MapItBoothID=638238&MapItBooth=3631","https://expo.semi.org/china2026/Public/imgHandler.ashx?Task=1&ID=../CUSTOM/CustomField24.png"
"Quick Gem Optoelectronic S&T Co.,Ltd","https://expo.semi.org/china2026/Public/eBooth.aspx?IndexInList=636&FromPage=Exhibitors.aspx&ParentBoothID=&ListByBooth=true&BoothID=639161","5267","https://expo.semi.org/china2026/Public/eventmap.aspx?MapItBoothID=639161&MapItBooth=5267","https://expo.semi.org/china2026/Public/imgHandler.ashx?Task=1&ID=../CUSTOM/CustomField24.png"
"QUICK INTELLIGENT EQUIPMENT CO.,LTD.","https://expo.semi.org/china2026/Public/eBooth.aspx?IndexInList=637&FromPage=Exhibitors.aspx&ParentBoothID=&ListByBooth=true&BoothID=640014","6251","https://expo.semi.org/china2026/Public/eventmap.aspx?MapItBoothID=640014&MapItBooth=6251","https://expo.semi.org/china2026/Public/imgHandler.ashx?Task=1&ID=../CUSTOM/CustomField24.png"
"Raintree Scientific Instruments (Shanghai) Corporation","https://expo.semi.org/china2026/Public/eBooth.aspx?IndexInList=638&FromPage=Exhibitors.aspx&ParentBoothID=&ListByBooth=true&BoothID=641414","T2143","https://expo.semi.org/china2026/Public/eventmap.aspx?MapItBoothID=641414&MapItBooth=T2143","https://expo.semi.org/china2026/Public/imgHandler.ashx?Task=1&ID=../CUSTOM/CustomField24.png"
"Raith China Co.,Ltd","https://expo.semi.org/china2026/Public/eBooth.aspx?IndexInList=639&FromPage=Exhibitors.aspx&ParentBoothID=&ListByBooth=true&BoothID=639498","5105","https://expo.semi.org/china2026/Public/eventmap.aspx?MapItBoothID=639498&MapItBooth=5105",""
"Resonac Materials (Shanghai) Co., Ltd.","https://expo.semi.org/china2026/Public/eBooth.aspx?IndexInList=640&FromPage=Exhibitors.aspx&ParentBoothID=&ListByBooth=true&BoothID=642822","5231","https://expo.semi.org/china2026/Public/eventmap.aspx?MapItBoothID=642822&MapItBooth=5231","https://expo.semi.org/china2026/Public/imgHandler.ashx?Task=1&ID=../CUSTOM/CustomField24.png"
"Rightleder (Shanghai) Technology Co.,Ltd","https://expo.semi.org/china2026/Public/eBooth.aspx?IndexInList=641&FromPage=Exhibitors.aspx&ParentBoothID=&ListByBooth=true&BoothID=639983","6349","https://expo.semi.org/china2026/Public/eventmap.aspx?MapItBoothID=639983&MapItBooth=6349","https://expo.semi.org/china2026/Public/imgHandler.ashx?Task=1&ID=../CUSTOM/CustomField24.png"
"Robotphoenix Intelligent Technology Co.,Ltd.","https://expo.semi.org/china2026/Public/eBooth.aspx?IndexInList=642&FromPage=Exhibitors.aspx&ParentBoothID=&ListByBooth=true&BoothID=641797","T3214","https://expo.semi.org/china2026/Public/eventmap.aspx?MapItBoothID=641797&MapItBooth=T3214","https://expo.semi.org/china2026/Public/imgHandler.ashx?Task=1&ID=../CUSTOM/CustomField24.png"
"Robotzone Intelligent Technology (Suzhou) Co., Ltd.","https://expo.semi.org/china2026/Public/eBooth.aspx?IndexInList=643&FromPage=Exhibitors.aspx&ParentBoothID=&ListByBooth=true&BoothID=639802","6677","https://expo.semi.org/china2026/Public/eventmap.aspx?MapItBoothID=639802&MapItBooth=6677","https://expo.semi.org/china2026/Public/imgHandler.ashx?Task=1&ID=../CUSTOM/CustomField24.png"
"Roechling Industrial Products (Suzhou) Co., Ltd","https://expo.semi.org/china2026/Public/eBooth.aspx?IndexInList=644&FromPage=Exhibitors.aspx&ParentBoothID=&ListByBooth=true&BoothID=639628","5824","https://expo.semi.org/china2026/Public/eventmap.aspx?MapItBoothID=639628&MapItBooth=5824","https://expo.semi.org/china2026/Public/imgHandler.ashx?Task=1&ID=../CUSTOM/CustomField24.png"
"Rotarex Ceodeux","https://expo.semi.org/china2026/Public/eBooth.aspx?IndexInList=645&FromPage=Exhibitors.aspx&ParentBoothID=&ListByBooth=true&BoothID=649445","T4305","https://expo.semi.org/china2026/Public/eventmap.aspx?MapItBoothID=649445&MapItBooth=T4305","https://expo.semi.org/china2026/Public/imgHandler.ashx?Task=1&ID=../CUSTOM/CustomField24.png"
"Ruijiexinsheng Electronic Technology (WuXi) Co., Ltd","https://expo.semi.org/china2026/Public/eBooth.aspx?IndexInList=646&FromPage=Exhibitors.aspx&ParentBoothID=&ListByBooth=true&BoothID=639928","6166","https://expo.semi.org/china2026/Public/eventmap.aspx?MapItBoothID=639928&MapItBooth=6166","https://expo.semi.org/china2026/Public/imgHandler.ashx?Task=1&ID=../CUSTOM/CustomField24.png"
"RUNPIN ELECTRONIC MATERIALS CO., LTD (SHANGHAI)","https://expo.semi.org/china2026/Public/eBooth.aspx?IndexInList=647&FromPage=Exhibitors.aspx&ParentBoothID=&ListByBooth=true&BoothID=668315","5419","https://expo.semi.org/china2026/Public/eventmap.aspx?MapItBoothID=668315&MapItBooth=5419","https://expo.semi.org/china2026/Public/imgHandler.ashx?Task=1&ID=../CUSTOM/CustomField24.png"
"Sai MicroElectronics Inc.","https://expo.semi.org/china2026/Public/eBooth.aspx?IndexInList=648&FromPage=Exhibitors.aspx&ParentBoothID=&ListByBooth=true&BoothID=663549","5335","https://expo.semi.org/china2026/Public/eventmap.aspx?MapItBoothID=663549&MapItBooth=5335","https://expo.semi.org/china2026/Public/imgHandler.ashx?Task=1&ID=../CUSTOM/CustomField24.png"
"Saint-Gobain Performance Polymer Solutions (Shanghai) Co., Ltd.","https://expo.semi.org/china2026/Public/eBooth.aspx?IndexInList=649&FromPage=Exhibitors.aspx&ParentBoothID=&ListByBooth=true&BoothID=638342","3785","https://expo.semi.org/china2026/Public/eventmap.aspx?MapItBoothID=638342&MapItBooth=3785","https://expo.semi.org/china2026/Public/imgHandler.ashx?Task=1&ID=../CUSTOM/CustomField24.png"
"SandTek Semiconductor Technology (SHANGHAI) Co., Ltd.","https://expo.semi.org/china2026/Public/eBooth.aspx?IndexInList=650&FromPage=Exhibitors.aspx&ParentBoothID=&ListByBooth=true&BoothID=639563","5643","https://expo.semi.org/china2026/Public/eventmap.aspx?MapItBoothID=639563&MapItBooth=5643","https://expo.semi.org/china2026/Public/imgHandler.ashx?Task=1&ID=../CUSTOM/CustomField24.png"
"Sanhe Tongfei Refrigeration Co.,Ltd.","https://expo.semi.org/china2026/Public/eBooth.aspx?IndexInList=651&FromPage=Exhibitors.aspx&ParentBoothID=&ListByBooth=true&BoothID=641114","T1447","https://expo.semi.org/china2026/Public/eventmap.aspx?MapItBoothID=641114&MapItBooth=T1447","https://expo.semi.org/china2026/Public/imgHandler.ashx?Task=1&ID=../CUSTOM/CustomField24.png"
"Sanying MotionControl Instruments Ltd","https://expo.semi.org/china2026/Public/eBooth.aspx?IndexInList=652&FromPage=Exhibitors.aspx&ParentBoothID=&ListByBooth=true&BoothID=639788","6768","https://expo.semi.org/china2026/Public/eventmap.aspx?MapItBoothID=639788&MapItBooth=6768","https://expo.semi.org/china2026/Public/imgHandler.ashx?Task=1&ID=../CUSTOM/CustomField24.png"
"Saratoga Technology International","https://expo.semi.org/china2026/Public/eBooth.aspx?IndexInList=653&FromPage=Exhibitors.aspx&ParentBoothID=&ListByBooth=true&BoothID=637082","2254","https://expo.semi.org/china2026/Public/eventmap.aspx?MapItBoothID=637082&MapItBooth=2254","https://expo.semi.org/china2026/Public/imgHandler.ashx?Task=1&ID=../CUSTOM/CustomField24.png"
"SAS Technology (Shanghai) Co., Ltd","https://expo.semi.org/china2026/Public/eBooth.aspx?IndexInList=654&FromPage=Exhibitors.aspx&ParentBoothID=&ListByBooth=true&BoothID=640507","7381","https://expo.semi.org/china2026/Public/eventmap.aspx?MapItBoothID=640507&MapItBooth=7381","https://expo.semi.org/china2026/Public/imgHandler.ashx?Task=1&ID=../CUSTOM/CustomField24.png"
"SBT Ultrasonic Technology Co., Ltd.","https://expo.semi.org/china2026/Public/eBooth.aspx?IndexInList=655&FromPage=Exhibitors.aspx&ParentBoothID=&ListByBooth=true&BoothID=671655","2409","https://expo.semi.org/china2026/Public/eventmap.aspx?MapItBoothID=671655&MapItBooth=2409",""
"SCH Electronics (Shanghai) Co., LTD.","https://expo.semi.org/china2026/Public/eBooth.aspx?IndexInList=656&FromPage=Exhibitors.aspx&ParentBoothID=&ListByBooth=true&BoothID=637752","3171","https://expo.semi.org/china2026/Public/eventmap.aspx?MapItBoothID=637752&MapItBooth=3171","https://expo.semi.org/china2026/Public/imgHandler.ashx?Task=1&ID=../CUSTOM/CustomField24.png"
"Schunk Xycarb Technology BV","https://expo.semi.org/china2026/Public/eBooth.aspx?IndexInList=657&FromPage=Exhibitors.aspx&ParentBoothID=&ListByBooth=true&BoothID=642989","7423","https://expo.semi.org/china2026/Public/eventmap.aspx?MapItBoothID=642989&MapItBooth=7423","https://expo.semi.org/china2026/Public/imgHandler.ashx?Task=1&ID=../CUSTOM/CustomField24.png"
"Scientech Corporation","https://expo.semi.org/china2026/Public/eBooth.aspx?IndexInList=658&FromPage=Exhibitors.aspx&ParentBoothID=&ListByBooth=true&BoothID=637904","3301","https://expo.semi.org/china2026/Public/eventmap.aspx?MapItBoothID=637904&MapItBooth=3301","https://expo.semi.org/china2026/Public/imgHandler.ashx?Task=1&ID=../CUSTOM/CustomField24.png"
"SE Technologies Corp.","https://expo.semi.org/china2026/Public/eBooth.aspx?IndexInList=659&FromPage=Exhibitors.aspx&ParentBoothID=&ListByBooth=true&BoothID=637542","2155","https://expo.semi.org/china2026/Public/eventmap.aspx?MapItBoothID=637542&MapItBooth=2155","https://expo.semi.org/china2026/Public/imgHandler.ashx?Task=1&ID=../CUSTOM/CustomField24.png"
"Seiwa Optical (Shanghai) Co.,Ltd.","https://expo.semi.org/china2026/Public/eBooth.aspx?IndexInList=660&FromPage=Exhibitors.aspx&ParentBoothID=&ListByBooth=true&BoothID=641140","T1209","https://expo.semi.org/china2026/Public/eventmap.aspx?MapItBoothID=641140&MapItBooth=T1209","https://expo.semi.org/china2026/Public/imgHandler.ashx?Task=1&ID=../CUSTOM/CustomField24.png"
"Semea Tech","https://expo.semi.org/china2026/Public/eBooth.aspx?IndexInList=661&FromPage=Exhibitors.aspx&ParentBoothID=&ListByBooth=true&BoothID=677702","5510","https://expo.semi.org/china2026/Public/eventmap.aspx?MapItBoothID=677702&MapItBooth=5510",""
"SEMI TECH GROUP LIMITED","https://expo.semi.org/china2026/Public/eBooth.aspx?IndexInList=662&FromPage=Exhibitors.aspx&ParentBoothID=&ListByBooth=true&BoothID=640998","T0317","https://expo.semi.org/china2026/Public/eventmap.aspx?MapItBoothID=640998&MapItBooth=T0317","https://expo.semi.org/china2026/Public/imgHandler.ashx?Task=1&ID=../CUSTOM/CustomField24.png"
"Semianaly semiconductor technology (Suzhou) Co., Ltd","https://expo.semi.org/china2026/Public/eBooth.aspx?IndexInList=663&FromPage=Exhibitors.aspx&ParentBoothID=&ListByBooth=true&BoothID=649388","T4329","https://expo.semi.org/china2026/Public/eventmap.aspx?MapItBoothID=649388&MapItBooth=T4329","https://expo.semi.org/china2026/Public/imgHandler.ashx?Task=1&ID=../CUSTOM/CustomField24.png"
"Semight Instruments Co.,Ltd.","https://expo.semi.org/china2026/Public/eBooth.aspx?IndexInList=664&FromPage=Exhibitors.aspx&ParentBoothID=&ListByBooth=true&BoothID=641746","T3141","https://expo.semi.org/china2026/Public/eventmap.aspx?MapItBoothID=641746&MapItBooth=T3141","https://expo.semi.org/china2026/Public/imgHandler.ashx?Task=1&ID=../CUSTOM/CustomField24.png"
"SemiGlory Electronics (Chongqing) Co., Ltd","https://expo.semi.org/china2026/Public/eBooth.aspx?IndexInList=665&FromPage=Exhibitors.aspx&ParentBoothID=&ListByBooth=true&BoothID=639723","6705","https://expo.semi.org/china2026/Public/eventmap.aspx?MapItBoothID=639723&MapItBooth=6705","https://expo.semi.org/china2026/Public/imgHandler.ashx?Task=1&ID=../CUSTOM/CustomField24.png"
"Semilab Trade (Shanghai) Co., Ltd","https://expo.semi.org/china2026/Public/eBooth.aspx?IndexInList=666&FromPage=Exhibitors.aspx&ParentBoothID=&ListByBooth=true&BoothID=637369","2471","https://expo.semi.org/china2026/Public/eventmap.aspx?MapItBoothID=637369&MapItBooth=2471","https://expo.semi.org/china2026/Public/imgHandler.ashx?Task=1&ID=../CUSTOM/CustomField24.png"
"Semiplastic High Purity Material (Kunshan) Co., Ltd","https://expo.semi.org/china2026/Public/eBooth.aspx?IndexInList=667&FromPage=Exhibitors.aspx&ParentBoothID=&ListByBooth=true&BoothID=668303","2141","https://expo.semi.org/china2026/Public/eventmap.aspx?MapItBoothID=668303&MapItBooth=2141","https://expo.semi.org/china2026/Public/imgHandler.ashx?Task=1&ID=../CUSTOM/CustomField24.png"
"Semirite Opoelectronic Technology (Shanghai) Co.,Ltd.","https://expo.semi.org/china2026/Public/eBooth.aspx?IndexInList=668&FromPage=Exhibitors.aspx&ParentBoothID=&ListByBooth=true&BoothID=649449","T4412","https://expo.semi.org/china2026/Public/eventmap.aspx?MapItBoothID=649449&MapItBooth=T4412","https://expo.semi.org/china2026/Public/imgHandler.ashx?Task=1&ID=../CUSTOM/CustomField24.png"
"Semishare Co., Ltd","https://expo.semi.org/china2026/Public/eBooth.aspx?IndexInList=669&FromPage=Exhibitors.aspx&ParentBoothID=&ListByBooth=true&BoothID=668309","3659","https://expo.semi.org/china2026/Public/eventmap.aspx?MapItBoothID=668309&MapItBooth=3659","https://expo.semi.org/china2026/Public/imgHandler.ashx?Task=1&ID=../CUSTOM/CustomField24.png"
"Semitronix Corporation","https://expo.semi.org/china2026/Public/eBooth.aspx?IndexInList=670&FromPage=Exhibitors.aspx&ParentBoothID=&ListByBooth=true&BoothID=639425","5543","https://expo.semi.org/china2026/Public/eventmap.aspx?MapItBoothID=639425&MapItBooth=5543","https://expo.semi.org/china2026/Public/imgHandler.ashx?Task=1&ID=../CUSTOM/CustomField24.png"
"Semtek Corp","https://expo.semi.org/china2026/Public/eBooth.aspx?IndexInList=671&FromPage=Exhibitors.aspx&ParentBoothID=&ListByBooth=true&BoothID=641017","T0217","https://expo.semi.org/china2026/Public/eventmap.aspx?MapItBoothID=641017&MapItBooth=T0217","https://expo.semi.org/china2026/Public/imgHandler.ashx?Task=1&ID=../CUSTOM/CustomField24.png"
"Sen Huan Electrical Technology Co., Ltd","https://expo.semi.org/china2026/Public/eBooth.aspx?IndexInList=672&FromPage=Exhibitors.aspx&ParentBoothID=&ListByBooth=true&BoothID=640847","7705","https://expo.semi.org/china2026/Public/eventmap.aspx?MapItBoothID=640847&MapItBooth=7705","https://expo.semi.org/china2026/Public/imgHandler.ashx?Task=1&ID=../CUSTOM/CustomField24.png"
"SENSOFAR - TECH","https://expo.semi.org/china2026/Public/eBooth.aspx?IndexInList=673&FromPage=Exhibitors.aspx&ParentBoothID=&ListByBooth=true&BoothID=649364","T4224","https://expo.semi.org/china2026/Public/eventmap.aspx?MapItBoothID=649364&MapItBooth=T4224","https://expo.semi.org/china2026/Public/imgHandler.ashx?Task=1&ID=../CUSTOM/CustomField24.png"
"SERVOMEX GROUP LIMITED","https://expo.semi.org/china2026/Public/eBooth.aspx?IndexInList=674&FromPage=Exhibitors.aspx&ParentBoothID=&ListByBooth=true&BoothID=677674","2706","https://expo.semi.org/china2026/Public/eventmap.aspx?MapItBoothID=677674&MapItBooth=2706",""
"SGL Carbon Far East Ltd. Shanghai","https://expo.semi.org/china2026/Public/eBooth.aspx?IndexInList=675&FromPage=Exhibitors.aspx&ParentBoothID=&ListByBooth=true&BoothID=639727","6607","https://expo.semi.org/china2026/Public/eventmap.aspx?MapItBoothID=639727&MapItBooth=6607","https://expo.semi.org/china2026/Public/imgHandler.ashx?Task=1&ID=../CUSTOM/CustomField24.png"
"SGS Intelligent Equipment (Jiangsu)Co.,LTD","https://expo.semi.org/china2026/Public/eBooth.aspx?IndexInList=676&FromPage=Exhibitors.aspx&ParentBoothID=&ListByBooth=true&BoothID=640983","T0210","https://expo.semi.org/china2026/Public/eventmap.aspx?MapItBoothID=640983&MapItBooth=T0210","https://expo.semi.org/china2026/Public/imgHandler.ashx?Task=1&ID=../CUSTOM/CustomField24.png"
"SGS-CSTC Testing services (Shanghai) Co., Ltd","https://expo.semi.org/china2026/Public/eBooth.aspx?IndexInList=677&FromPage=Exhibitors.aspx&ParentBoothID=&ListByBooth=true&BoothID=640141","6131","https://expo.semi.org/china2026/Public/eventmap.aspx?MapItBoothID=640141&MapItBooth=6131","https://expo.semi.org/china2026/Public/imgHandler.ashx?Task=1&ID=../CUSTOM/CustomField24.png"
"SGSSEMI","https://expo.semi.org/china2026/Public/eBooth.aspx?IndexInList=678&FromPage=Exhibitors.aspx&ParentBoothID=&ListByBooth=true&BoothID=641083","T0401","https://expo.semi.org/china2026/Public/eventmap.aspx?MapItBoothID=641083&MapItBooth=T0401","https://expo.semi.org/china2026/Public/imgHandler.ashx?Task=1&ID=../CUSTOM/CustomField24.png"
"SHAANXI IDS TECHNOLOGY R&D CO., LTD","https://expo.semi.org/china2026/Public/eBooth.aspx?IndexInList=679&FromPage=Exhibitors.aspx&ParentBoothID=&ListByBooth=true&BoothID=662404","6277","https://expo.semi.org/china2026/Public/eventmap.aspx?MapItBoothID=662404&MapItBooth=6277","https://expo.semi.org/china2026/Public/imgHandler.ashx?Task=1&ID=../CUSTOM/CustomField24.png"
"Shaanxi Wisman High Voltage Power Supply Co., Ltd.","https://expo.semi.org/china2026/Public/eBooth.aspx?IndexInList=680&FromPage=Exhibitors.aspx&ParentBoothID=&ListByBooth=true&BoothID=649370","T4229","https://expo.semi.org/china2026/Public/eventmap.aspx?MapItBoothID=649370&MapItBooth=T4229","https://expo.semi.org/china2026/Public/imgHandler.ashx?Task=1&ID=../CUSTOM/CustomField24.png"
"Shaanxi Yidu Intelligence Technology Co.,Ltd","https://expo.semi.org/china2026/Public/eBooth.aspx?IndexInList=681&FromPage=Exhibitors.aspx&ParentBoothID=&ListByBooth=true&BoothID=649326","T4147","https://expo.semi.org/china2026/Public/eventmap.aspx?MapItBoothID=649326&MapItBooth=T4147",""
"Shanchuang Industrial (Shanghai) Co.,Ltd","https://expo.semi.org/china2026/Public/eBooth.aspx?IndexInList=682&FromPage=Exhibitors.aspx&ParentBoothID=&ListByBooth=true&BoothID=637398","2543","https://expo.semi.org/china2026/Public/eventmap.aspx?MapItBoothID=637398&MapItBooth=2543",""
"Shandong Guojing NEW MAT.","https://expo.semi.org/china2026/Public/eBooth.aspx?IndexInList=683&FromPage=Exhibitors.aspx&ParentBoothID=&ListByBooth=true&BoothID=640591","7481","https://expo.semi.org/china2026/Public/eventmap.aspx?MapItBoothID=640591&MapItBooth=7481","https://expo.semi.org/china2026/Public/imgHandler.ashx?Task=1&ID=../CUSTOM/CustomField24.png"
"Shandong Helichang New Material Co.,Ltd","https://expo.semi.org/china2026/Public/eBooth.aspx?IndexInList=684&FromPage=Exhibitors.aspx&ParentBoothID=&ListByBooth=true&BoothID=649361","T4230","https://expo.semi.org/china2026/Public/eventmap.aspx?MapItBoothID=649361&MapItBooth=T4230","https://expo.semi.org/china2026/Public/imgHandler.ashx?Task=1&ID=../CUSTOM/CustomField24.png"
"Shandong HuaYuTongFang Electronic Materials Co.,Ltd","https://expo.semi.org/china2026/Public/eBooth.aspx?IndexInList=685&FromPage=Exhibitors.aspx&ParentBoothID=&ListByBooth=true&BoothID=649352","T4129","https://expo.semi.org/china2026/Public/eventmap.aspx?MapItBoothID=649352&MapItBooth=T4129","https://expo.semi.org/china2026/Public/imgHandler.ashx?Task=1&ID=../CUSTOM/CustomField24.png"
"Shandong Keda Dingxin Electronic Technology Co.,Ltd","https://expo.semi.org/china2026/Public/eBooth.aspx?IndexInList=686&FromPage=Exhibitors.aspx&ParentBoothID=&ListByBooth=true&BoothID=638413","4175","https://expo.semi.org/china2026/Public/eventmap.aspx?MapItBoothID=638413&MapItBooth=4175","https://expo.semi.org/china2026/Public/imgHandler.ashx?Task=1&ID=../CUSTOM/CustomField24.png"
"Shandong Liguan Micro Electronics Equipment Co., Ltd","https://expo.semi.org/china2026/Public/eBooth.aspx?IndexInList=687&FromPage=Exhibitors.aspx&ParentBoothID=&ListByBooth=true&BoothID=649224","4239","https://expo.semi.org/china2026/Public/eventmap.aspx?MapItBoothID=649224&MapItBooth=4239","https://expo.semi.org/china2026/Public/imgHandler.ashx?Task=1&ID=../CUSTOM/CustomField24.png"
"SHANDONG MICFLON TECHNOLOGY CO., LTD","https://expo.semi.org/china2026/Public/eBooth.aspx?IndexInList=688&FromPage=Exhibitors.aspx&ParentBoothID=&ListByBooth=true&BoothID=662516","T0341","https://expo.semi.org/china2026/Public/eventmap.aspx?MapItBoothID=662516&MapItBooth=T0341","https://expo.semi.org/china2026/Public/imgHandler.ashx?Task=1&ID=../CUSTOM/CustomField24.png"
"Shandong Shengquan Electronic Materials Co., Ltd","https://expo.semi.org/china2026/Public/eBooth.aspx?IndexInList=689&FromPage=Exhibitors.aspx&ParentBoothID=&ListByBooth=true&BoothID=656067","2770","https://expo.semi.org/china2026/Public/eventmap.aspx?MapItBoothID=656067&MapItBooth=2770","https://expo.semi.org/china2026/Public/imgHandler.ashx?Task=1&ID=../CUSTOM/CustomField24.png"
"Shandong Wiskind Clean Technology Co., Ltd","https://expo.semi.org/china2026/Public/eBooth.aspx?IndexInList=690&FromPage=Exhibitors.aspx&ParentBoothID=&ListByBooth=true&BoothID=662392","6383","https://expo.semi.org/china2026/Public/eventmap.aspx?MapItBoothID=662392&MapItBooth=6383","https://expo.semi.org/china2026/Public/imgHandler.ashx?Task=1&ID=../CUSTOM/CustomField24.png"
"Shandong Zhongshan Photoelectric Material Co., Ltd.","https://expo.semi.org/china2026/Public/eBooth.aspx?IndexInList=691&FromPage=Exhibitors.aspx&ParentBoothID=&ListByBooth=true&BoothID=649275","T4431","https://expo.semi.org/china2026/Public/eventmap.aspx?MapItBoothID=649275&MapItBooth=T4431","https://expo.semi.org/china2026/Public/imgHandler.ashx?Task=1&ID=../CUSTOM/CustomField24.png"
"Shanghai AENI SEMI TECH Corporation Limited","https://expo.semi.org/china2026/Public/eBooth.aspx?IndexInList=692&FromPage=Exhibitors.aspx&ParentBoothID=&ListByBooth=true&BoothID=641195","T1225","https://expo.semi.org/china2026/Public/eventmap.aspx?MapItBoothID=641195&MapItBooth=T1225","https://expo.semi.org/china2026/Public/imgHandler.ashx?Task=1&ID=../CUSTOM/CustomField24.png"
"Shanghai AfaPa Vacuum Equipment Co.,Ltd","https://expo.semi.org/china2026/Public/eBooth.aspx?IndexInList=693&FromPage=Exhibitors.aspx&ParentBoothID=&ListByBooth=true&BoothID=649214","4242","https://expo.semi.org/china2026/Public/eventmap.aspx?MapItBoothID=649214&MapItBooth=4242",""
"Shanghai Aixinxiang Semiconductor Technology. Co., Ltd","https://expo.semi.org/china2026/Public/eBooth.aspx?IndexInList=694&FromPage=Exhibitors.aspx&ParentBoothID=&ListByBooth=true&BoothID=677700","5413","https://expo.semi.org/china2026/Public/eventmap.aspx?MapItBoothID=677700&MapItBooth=5413","https://expo.semi.org/china2026/Public/imgHandler.ashx?Task=1&ID=../CUSTOM/CustomField24.png"
"SHANGHAI ATM PRECISION FASTENING TECHNOLOGY CO.,LTD","https://expo.semi.org/china2026/Public/eBooth.aspx?IndexInList=695&FromPage=Exhibitors.aspx&ParentBoothID=&ListByBooth=true&BoothID=649443","T4309","https://expo.semi.org/china2026/Public/eventmap.aspx?MapItBoothID=649443&MapItBooth=T4309","https://expo.semi.org/china2026/Public/imgHandler.ashx?Task=1&ID=../CUSTOM/CustomField24.png"
"Shanghai Baitu Cryogenic Valve Co.,Ltd.","https://expo.semi.org/china2026/Public/eBooth.aspx?IndexInList=696&FromPage=Exhibitors.aspx&ParentBoothID=&ListByBooth=true&BoothID=649358","T4117","https://expo.semi.org/china2026/Public/eventmap.aspx?MapItBoothID=649358&MapItBooth=T4117","https://expo.semi.org/china2026/Public/imgHandler.ashx?Task=1&ID=../CUSTOM/CustomField24.png"
"Shanghai BANGXIN semiconductor technology CO.，LTD","https://expo.semi.org/china2026/Public/eBooth.aspx?IndexInList=697&FromPage=Exhibitors.aspx&ParentBoothID=&ListByBooth=true&BoothID=639749","6730","https://expo.semi.org/china2026/Public/eventmap.aspx?MapItBoothID=639749&MapItBooth=6730","https://expo.semi.org/china2026/Public/imgHandler.ashx?Task=1&ID=../CUSTOM/CustomField24.png"
"Shanghai Bestity Semiconductor Technology Co., Ltd","https://expo.semi.org/china2026/Public/eBooth.aspx?IndexInList=698&FromPage=Exhibitors.aspx&ParentBoothID=&ListByBooth=true&BoothID=649207","4227","https://expo.semi.org/china2026/Public/eventmap.aspx?MapItBoothID=649207&MapItBooth=4227",""
"Shanghai Boilpeak Seals Technology Co,.Ltd","https://expo.semi.org/china2026/Public/eBooth.aspx?IndexInList=699&FromPage=Exhibitors.aspx&ParentBoothID=&ListByBooth=true&BoothID=649397","T4430","https://expo.semi.org/china2026/Public/eventmap.aspx?MapItBoothID=649397&MapItBooth=T4430","https://expo.semi.org/china2026/Public/imgHandler.ashx?Task=1&ID=../CUSTOM/CustomField24.png"
"Shanghai Brother Microelectronics Technology Co., Ltd.","https://expo.semi.org/china2026/Public/eBooth.aspx?IndexInList=700&FromPage=Exhibitors.aspx&ParentBoothID=&ListByBooth=true&BoothID=637468","2589","https://expo.semi.org/china2026/Public/eventmap.aspx?MapItBoothID=637468&MapItBooth=2589","https://expo.semi.org/china2026/Public/imgHandler.ashx?Task=1&ID=../CUSTOM/CustomField24.png"
"Shanghai Chang Ai Electronic Science & Technology Co.,Ltd","https://expo.semi.org/china2026/Public/eBooth.aspx?IndexInList=701&FromPage=Exhibitors.aspx&ParentBoothID=&ListByBooth=true&BoothID=649320","T4246","https://expo.semi.org/china2026/Public/eventmap.aspx?MapItBoothID=649320&MapItBooth=T4246",""
"SHANGHAI CHELIC PNEUMATIC CO.,LTD","https://expo.semi.org/china2026/Public/eBooth.aspx?IndexInList=702&FromPage=Exhibitors.aspx&ParentBoothID=&ListByBooth=true&BoothID=649374","T4221","https://expo.semi.org/china2026/Public/eventmap.aspx?MapItBoothID=649374&MapItBooth=T4221","https://expo.semi.org/china2026/Public/imgHandler.ashx?Task=1&ID=../CUSTOM/CustomField24.png"
"Shanghai CheYiTian Technology Ltd.","https://expo.semi.org/china2026/Public/eBooth.aspx?IndexInList=703&FromPage=Exhibitors.aspx&ParentBoothID=&ListByBooth=true&BoothID=649229","4344","https://expo.semi.org/china2026/Public/eventmap.aspx?MapItBoothID=649229&MapItBooth=4344","https://expo.semi.org/china2026/Public/imgHandler.ashx?Task=1&ID=../CUSTOM/CustomField24.png"
"Shanghai CheYiTian Technology Ltd.","https://expo.semi.org/china2026/Public/eBooth.aspx?IndexInList=704&FromPage=Exhibitors.aspx&ParentBoothID=&ListByBooth=true&BoothID=668354","4231","https://expo.semi.org/china2026/Public/eventmap.aspx?MapItBoothID=668354&MapItBooth=4231","https://expo.semi.org/china2026/Public/imgHandler.ashx?Task=1&ID=../CUSTOM/CustomField24.png"
"Shanghai CHUNY Measurement Technology Co.,Ltd.","https://expo.semi.org/china2026/Public/eBooth.aspx?IndexInList=705&FromPage=Exhibitors.aspx&ParentBoothID=&ListByBooth=true&BoothID=649336","T4144","https://expo.semi.org/china2026/Public/eventmap.aspx?MapItBoothID=649336&MapItBooth=T4144",""
"Shanghai Companion Advanced Materials Technology Co., Ltd.","https://expo.semi.org/china2026/Public/eBooth.aspx?IndexInList=706&FromPage=Exhibitors.aspx&ParentBoothID=&ListByBooth=true&BoothID=640087","6323","https://expo.semi.org/china2026/Public/eventmap.aspx?MapItBoothID=640087&MapItBooth=6323","https://expo.semi.org/china2026/Public/imgHandler.ashx?Task=1&ID=../CUSTOM/CustomField24.png"
"Shanghai DGT Co., Ltd.","https://expo.semi.org/china2026/Public/eBooth.aspx?IndexInList=707&FromPage=Exhibitors.aspx&ParentBoothID=&ListByBooth=true&BoothID=642873","6231","https://expo.semi.org/china2026/Public/eventmap.aspx?MapItBoothID=642873&MapItBooth=6231","https://expo.semi.org/china2026/Public/imgHandler.ashx?Task=1&ID=../CUSTOM/CustomField24.png"
"Shanghai Dongxu Electronic Technology Co., Ltd","https://expo.semi.org/china2026/Public/eBooth.aspx?IndexInList=708&FromPage=Exhibitors.aspx&ParentBoothID=&ListByBooth=true&BoothID=639655","5761","https://expo.semi.org/china2026/Public/eventmap.aspx?MapItBoothID=639655&MapItBooth=5761","https://expo.semi.org/china2026/Public/imgHandler.ashx?Task=1&ID=../CUSTOM/CustomField24.png"
"SHANGHAI DUKE ELECTRONICS CO., LTD","https://expo.semi.org/china2026/Public/eBooth.aspx?IndexInList=709&FromPage=Exhibitors.aspx&ParentBoothID=&ListByBooth=true&BoothID=639578","5671","https://expo.semi.org/china2026/Public/eventmap.aspx?MapItBoothID=639578&MapItBooth=5671","https://expo.semi.org/china2026/Public/imgHandler.ashx?Task=1&ID=../CUSTOM/CustomField24.png"
"Shanghai Eaco Gases Co.,Ltd","https://expo.semi.org/china2026/Public/eBooth.aspx?IndexInList=710&FromPage=Exhibitors.aspx&ParentBoothID=&ListByBooth=true&BoothID=639073","5171","https://expo.semi.org/china2026/Public/eventmap.aspx?MapItBoothID=639073&MapItBooth=5171","https://expo.semi.org/china2026/Public/imgHandler.ashx?Task=1&ID=../CUSTOM/CustomField24.png"
"Shanghai Ebara Precision Machinery Co., Ltd.","https://expo.semi.org/china2026/Public/eBooth.aspx?IndexInList=711&FromPage=Exhibitors.aspx&ParentBoothID=&ListByBooth=true&BoothID=638950","4014","https://expo.semi.org/china2026/Public/eventmap.aspx?MapItBoothID=638950&MapItBooth=4014","https://expo.semi.org/china2026/Public/imgHandler.ashx?Task=1&ID=../CUSTOM/CustomField24.png"
"Shanghai Fairfield Electronic Technology Co., Ltd","https://expo.semi.org/china2026/Public/eBooth.aspx?IndexInList=712&FromPage=Exhibitors.aspx&ParentBoothID=&ListByBooth=true&BoothID=643067","5181","https://expo.semi.org/china2026/Public/eventmap.aspx?MapItBoothID=643067&MapItBooth=5181","https://expo.semi.org/china2026/Public/imgHandler.ashx?Task=1&ID=../CUSTOM/CustomField24.png"
"Shanghai FeedliTech Co.,Ltd.","https://expo.semi.org/china2026/Public/eBooth.aspx?IndexInList=713&FromPage=Exhibitors.aspx&ParentBoothID=&ListByBooth=true&BoothID=637523","2115","https://expo.semi.org/china2026/Public/eventmap.aspx?MapItBoothID=637523&MapItBooth=2115","https://expo.semi.org/china2026/Public/imgHandler.ashx?Task=1&ID=../CUSTOM/CustomField24.png"
"Shanghai Fortrend Technology Co. , Ltd","https://expo.semi.org/china2026/Public/eBooth.aspx?IndexInList=714&FromPage=Exhibitors.aspx&ParentBoothID=&ListByBooth=true&BoothID=638231","3617","https://expo.semi.org/china2026/Public/eventmap.aspx?MapItBoothID=638231&MapItBooth=3617","https://expo.semi.org/china2026/Public/imgHandler.ashx?Task=1&ID=../CUSTOM/CustomField24.png"
"Shanghai Gantu Network Technology Ltd.","https://expo.semi.org/china2026/Public/eBooth.aspx?IndexInList=715&FromPage=Exhibitors.aspx&ParentBoothID=&ListByBooth=true&BoothID=649308","T4342","https://expo.semi.org/china2026/Public/eventmap.aspx?MapItBoothID=649308&MapItBooth=T4342","https://expo.semi.org/china2026/Public/imgHandler.ashx?Task=1&ID=../CUSTOM/CustomField24.png"
"Shanghai Garnor seal technology Co.,Ltd","https://expo.semi.org/china2026/Public/eBooth.aspx?IndexInList=716&FromPage=Exhibitors.aspx&ParentBoothID=&ListByBooth=true&BoothID=639007","4112","https://expo.semi.org/china2026/Public/eventmap.aspx?MapItBoothID=639007&MapItBooth=4112",""
"Shanghai Gentech Co., Ltd.","https://expo.semi.org/china2026/Public/eBooth.aspx?IndexInList=717&FromPage=Exhibitors.aspx&ParentBoothID=&ListByBooth=true&BoothID=637186","2271","https://expo.semi.org/china2026/Public/eventmap.aspx?MapItBoothID=637186&MapItBooth=2271","https://expo.semi.org/china2026/Public/imgHandler.ashx?Task=1&ID=../CUSTOM/CustomField24.png"
"Shanghai GND eTech Co.,Ltd","https://expo.semi.org/china2026/Public/eBooth.aspx?IndexInList=718&FromPage=Exhibitors.aspx&ParentBoothID=&ListByBooth=true&BoothID=639006","4108","https://expo.semi.org/china2026/Public/eventmap.aspx?MapItBoothID=639006&MapItBooth=4108",""
"Shanghai Gold Nice semiconductor Co. LTD","https://expo.semi.org/china2026/Public/eBooth.aspx?IndexInList=719&FromPage=Exhibitors.aspx&ParentBoothID=&ListByBooth=true&BoothID=641701","T3333","https://expo.semi.org/china2026/Public/eventmap.aspx?MapItBoothID=641701&MapItBooth=T3333","https://expo.semi.org/china2026/Public/imgHandler.ashx?Task=1&ID=../CUSTOM/CustomField24.png"
"Shanghai GoNa Semiconductor Technology Co.,Ltd","https://expo.semi.org/china2026/Public/eBooth.aspx?IndexInList=720&FromPage=Exhibitors.aspx&ParentBoothID=&ListByBooth=true&BoothID=649962","1501","https://expo.semi.org/china2026/Public/eventmap.aspx?MapItBoothID=649962&MapItBooth=1501","https://expo.semi.org/china2026/Public/imgHandler.ashx?Task=1&ID=../CUSTOM/CustomField24.png"
"Shanghai GOYE Optoelectronic Materials Co., Ltd.","https://expo.semi.org/china2026/Public/eBooth.aspx?IndexInList=721&FromPage=Exhibitors.aspx&ParentBoothID=&ListByBooth=true&BoothID=641420","T2239","https://expo.semi.org/china2026/Public/eventmap.aspx?MapItBoothID=641420&MapItBooth=T2239","https://expo.semi.org/china2026/Public/imgHandler.ashx?Task=1&ID=../CUSTOM/CustomField24.png"
"SHANGHAI HANKOOM TECHNOLOGY CO.,LTD.","https://expo.semi.org/china2026/Public/eBooth.aspx?IndexInList=722&FromPage=Exhibitors.aspx&ParentBoothID=&ListByBooth=true&BoothID=637104","2205","https://expo.semi.org/china2026/Public/eventmap.aspx?MapItBoothID=637104&MapItBooth=2205","https://expo.semi.org/china2026/Public/imgHandler.ashx?Task=1&ID=../CUSTOM/CustomField24.png"
"Shanghai hanyang clean tech co.,ltd","https://expo.semi.org/china2026/Public/eBooth.aspx?IndexInList=723&FromPage=Exhibitors.aspx&ParentBoothID=&ListByBooth=true&BoothID=639651","5757","https://expo.semi.org/china2026/Public/eventmap.aspx?MapItBoothID=639651&MapItBooth=5757","https://expo.semi.org/china2026/Public/imgHandler.ashx?Task=1&ID=../CUSTOM/CustomField24.png"
"Shanghai Hengxin metal product manufacturing Co.,Ltd","https://expo.semi.org/china2026/Public/eBooth.aspx?IndexInList=724&FromPage=Exhibitors.aspx&ParentBoothID=&ListByBooth=true&BoothID=649387","T4331","https://expo.semi.org/china2026/Public/eventmap.aspx?MapItBoothID=649387&MapItBooth=T4331","https://expo.semi.org/china2026/Public/imgHandler.ashx?Task=1&ID=../CUSTOM/CustomField24.png"
"Shanghai HIROKAWA Technology Co.,Ltd.","https://expo.semi.org/china2026/Public/eBooth.aspx?IndexInList=725&FromPage=Exhibitors.aspx&ParentBoothID=&ListByBooth=true&BoothID=641320","T2311","https://expo.semi.org/china2026/Public/eventmap.aspx?MapItBoothID=641320&MapItBooth=T2311","https://expo.semi.org/china2026/Public/imgHandler.ashx?Task=1&ID=../CUSTOM/CustomField24.png"
"Shanghai Hitek Precision Machinery Co.,Ltd","https://expo.semi.org/china2026/Public/eBooth.aspx?IndexInList=726&FromPage=Exhibitors.aspx&ParentBoothID=&ListByBooth=true&BoothID=641583","T3140","https://expo.semi.org/china2026/Public/eventmap.aspx?MapItBoothID=641583&MapItBooth=T3140",""
"ShangHai HongDuan Precision Machine Co,Ltd.","https://expo.semi.org/china2026/Public/eBooth.aspx?IndexInList=727&FromPage=Exhibitors.aspx&ParentBoothID=&ListByBooth=true&BoothID=662378","6470","https://expo.semi.org/china2026/Public/eventmap.aspx?MapItBoothID=662378&MapItBooth=6470","https://expo.semi.org/china2026/Public/imgHandler.ashx?Task=1&ID=../CUSTOM/CustomField24.png"
"Shanghai HongTeng Intl Trading Co., Ltd.","https://expo.semi.org/china2026/Public/eBooth.aspx?IndexInList=728&FromPage=Exhibitors.aspx&ParentBoothID=&ListByBooth=true&BoothID=639792","6776","https://expo.semi.org/china2026/Public/eventmap.aspx?MapItBoothID=639792&MapItBooth=6776",""
"Shanghai Huahong Grace Semiconductor Manufacturing Corporation","https://expo.semi.org/china2026/Public/eBooth.aspx?IndexInList=729&FromPage=Exhibitors.aspx&ParentBoothID=&ListByBooth=true&BoothID=639335","5447","https://expo.semi.org/china2026/Public/eventmap.aspx?MapItBoothID=639335&MapItBooth=5447","https://expo.semi.org/china2026/Public/imgHandler.ashx?Task=1&ID=../CUSTOM/CustomField24.png"
"Shanghai Huali Microelectronics Corporation(Huahong Group)","https://expo.semi.org/china2026/Public/eBooth.aspx?IndexInList=730&FromPage=Exhibitors.aspx&ParentBoothID=&ListByBooth=true&BoothID=639333","5443","https://expo.semi.org/china2026/Public/eventmap.aspx?MapItBoothID=639333&MapItBooth=5443","https://expo.semi.org/china2026/Public/imgHandler.ashx?Task=1&ID=../CUSTOM/CustomField24.png"
"Shanghai Huasong Enterprise","https://expo.semi.org/china2026/Public/eBooth.aspx?IndexInList=731&FromPage=Exhibitors.aspx&ParentBoothID=&ListByBooth=true&BoothID=642653","3589","https://expo.semi.org/china2026/Public/eventmap.aspx?MapItBoothID=642653&MapItBooth=3589","https://expo.semi.org/china2026/Public/imgHandler.ashx?Task=1&ID=../CUSTOM/CustomField24.png"
"Shanghai HYI Electronic Technology Co.,LTD","https://expo.semi.org/china2026/Public/eBooth.aspx?IndexInList=732&FromPage=Exhibitors.aspx&ParentBoothID=&ListByBooth=true&BoothID=641799","T3117","https://expo.semi.org/china2026/Public/eventmap.aspx?MapItBoothID=641799&MapItBooth=T3117","https://expo.semi.org/china2026/Public/imgHandler.ashx?Task=1&ID=../CUSTOM/CustomField24.png"
"Shanghai Icwiser communication Technology Co.,Ltd","https://expo.semi.org/china2026/Public/eBooth.aspx?IndexInList=733&FromPage=Exhibitors.aspx&ParentBoothID=&ListByBooth=true&BoothID=639659","5779","https://expo.semi.org/china2026/Public/eventmap.aspx?MapItBoothID=639659&MapItBooth=5779","https://expo.semi.org/china2026/Public/imgHandler.ashx?Task=1&ID=../CUSTOM/CustomField24.png"
"Shanghai Ideaoptics Corp., Ltd.","https://expo.semi.org/china2026/Public/eBooth.aspx?IndexInList=734&FromPage=Exhibitors.aspx&ParentBoothID=&ListByBooth=true&BoothID=677704","5514","https://expo.semi.org/china2026/Public/eventmap.aspx?MapItBoothID=677704&MapItBooth=5514","https://expo.semi.org/china2026/Public/imgHandler.ashx?Task=1&ID=../CUSTOM/CustomField24.png"
"Shanghai Institute of IC Materials Co.,Ltd.","https://expo.semi.org/china2026/Public/eBooth.aspx?IndexInList=735&FromPage=Exhibitors.aspx&ParentBoothID=&ListByBooth=true&BoothID=649969","1601","https://expo.semi.org/china2026/Public/eventmap.aspx?MapItBoothID=649969&MapItBooth=1601","https://expo.semi.org/china2026/Public/imgHandler.ashx?Task=1&ID=../CUSTOM/CustomField24.png"
"Shanghai Integrated Circuit Industry Association","https://expo.semi.org/china2026/Public/eBooth.aspx?IndexInList=736&FromPage=Exhibitors.aspx&ParentBoothID=&ListByBooth=true&BoothID=665917","7114","https://expo.semi.org/china2026/Public/eventmap.aspx?MapItBoothID=665917&MapItBooth=7114",""
"Shanghai Intelligent Sensor Industrial Park","https://expo.semi.org/china2026/Public/eBooth.aspx?IndexInList=737&FromPage=Exhibitors.aspx&ParentBoothID=&ListByBooth=true&BoothID=640505","7377","https://expo.semi.org/china2026/Public/eventmap.aspx?MapItBoothID=640505&MapItBooth=7377","https://expo.semi.org/china2026/Public/imgHandler.ashx?Task=1&ID=../CUSTOM/CustomField24.png"
"Shanghai Jet Plasma Co.,Ltd","https://expo.semi.org/china2026/Public/eBooth.aspx?IndexInList=738&FromPage=Exhibitors.aspx&ParentBoothID=&ListByBooth=true&BoothID=640236","6209","https://expo.semi.org/china2026/Public/eventmap.aspx?MapItBoothID=640236&MapItBooth=6209","https://expo.semi.org/china2026/Public/imgHandler.ashx?Task=1&ID=../CUSTOM/CustomField24.png"
"Shanghai Jheat Technology Co., Ltd.","https://expo.semi.org/china2026/Public/eBooth.aspx?IndexInList=739&FromPage=Exhibitors.aspx&ParentBoothID=&ListByBooth=true&BoothID=637437","2527","https://expo.semi.org/china2026/Public/eventmap.aspx?MapItBoothID=637437&MapItBooth=2527","https://expo.semi.org/china2026/Public/imgHandler.ashx?Task=1&ID=../CUSTOM/CustomField24.png"
"Shanghai Jiangwei Semiconductor Equipment Co.,Ltd","https://expo.semi.org/china2026/Public/eBooth.aspx?IndexInList=740&FromPage=Exhibitors.aspx&ParentBoothID=&ListByBooth=true&BoothID=649378","T4332","https://expo.semi.org/china2026/Public/eventmap.aspx?MapItBoothID=649378&MapItBooth=T4332","https://expo.semi.org/china2026/Public/imgHandler.ashx?Task=1&ID=../CUSTOM/CustomField24.png"
"Shanghai JianQi Technology Co., Ltd.","https://expo.semi.org/china2026/Public/eBooth.aspx?IndexInList=741&FromPage=Exhibitors.aspx&ParentBoothID=&ListByBooth=true&BoothID=639677","5140","https://expo.semi.org/china2026/Public/eventmap.aspx?MapItBoothID=639677&MapItBooth=5140","https://expo.semi.org/china2026/Public/imgHandler.ashx?Task=1&ID=../CUSTOM/CustomField24.png"
"Shanghai Jianying Intelligent Technology Co.,Ltd.","https://expo.semi.org/china2026/Public/eBooth.aspx?IndexInList=742&FromPage=Exhibitors.aspx&ParentBoothID=&ListByBooth=true&BoothID=649399","T4426","https://expo.semi.org/china2026/Public/eventmap.aspx?MapItBoothID=649399&MapItBooth=T4426","https://expo.semi.org/china2026/Public/imgHandler.ashx?Task=1&ID=../CUSTOM/CustomField24.png"
"SHANGHAI JINQIAO (GROUP) CO LTD","https://expo.semi.org/china2026/Public/eBooth.aspx?IndexInList=743&FromPage=Exhibitors.aspx&ParentBoothID=&ListByBooth=true&BoothID=664181","T2106","https://expo.semi.org/china2026/Public/eventmap.aspx?MapItBoothID=664181&MapItBooth=T2106",""
"Shanghai Jufluorine Plastic Technolgy Co., Ltd","https://expo.semi.org/china2026/Public/eBooth.aspx?IndexInList=744&FromPage=Exhibitors.aspx&ParentBoothID=&ListByBooth=true&BoothID=639759","6631","https://expo.semi.org/china2026/Public/eventmap.aspx?MapItBoothID=639759&MapItBooth=6631","https://expo.semi.org/china2026/Public/imgHandler.ashx?Task=1&ID=../CUSTOM/CustomField24.png"
"Shanghai Juker Valve Control Co., Ltd.","https://expo.semi.org/china2026/Public/eBooth.aspx?IndexInList=745&FromPage=Exhibitors.aspx&ParentBoothID=&ListByBooth=true&BoothID=640039","6150","https://expo.semi.org/china2026/Public/eventmap.aspx?MapItBoothID=640039&MapItBooth=6150","https://expo.semi.org/china2026/Public/imgHandler.ashx?Task=1&ID=../CUSTOM/CustomField24.png"
"Shanghai Juliang Valve Group ., Ltd","https://expo.semi.org/china2026/Public/eBooth.aspx?IndexInList=746&FromPage=Exhibitors.aspx&ParentBoothID=&ListByBooth=true&BoothID=639767","6746","https://expo.semi.org/china2026/Public/eventmap.aspx?MapItBoothID=639767&MapItBooth=6746","https://expo.semi.org/china2026/Public/imgHandler.ashx?Task=1&ID=../CUSTOM/CustomField24.png"
"Shanghai JUYA Technology Co.,Ltd","https://expo.semi.org/china2026/Public/eBooth.aspx?IndexInList=747&FromPage=Exhibitors.aspx&ParentBoothID=&ListByBooth=true&BoothID=639264","5387","https://expo.semi.org/china2026/Public/eventmap.aspx?MapItBoothID=639264&MapItBooth=5387","https://expo.semi.org/china2026/Public/imgHandler.ashx?Task=1&ID=../CUSTOM/CustomField24.png"
"Shanghai Juyue Inspection Technology Co.,Ltd","https://expo.semi.org/china2026/Public/eBooth.aspx?IndexInList=748&FromPage=Exhibitors.aspx&ParentBoothID=&ListByBooth=true&BoothID=640418","7271","https://expo.semi.org/china2026/Public/eventmap.aspx?MapItBoothID=640418&MapItBooth=7271","https://expo.semi.org/china2026/Public/imgHandler.ashx?Task=1&ID=../CUSTOM/CustomField24.png"
"Shanghai Kingstone Semiconductor Joint Stock Co., Ltd.","https://expo.semi.org/china2026/Public/eBooth.aspx?IndexInList=749&FromPage=Exhibitors.aspx&ParentBoothID=&ListByBooth=true&BoothID=641267","T1335","https://expo.semi.org/china2026/Public/eventmap.aspx?MapItBoothID=641267&MapItBooth=T1335","https://expo.semi.org/china2026/Public/imgHandler.ashx?Task=1&ID=../CUSTOM/CustomField24.png"
"Shanghai Lasensor Photoelectric Technology Co., Ltd.","https://expo.semi.org/china2026/Public/eBooth.aspx?IndexInList=750&FromPage=Exhibitors.aspx&ParentBoothID=&ListByBooth=true&BoothID=638332","3759","https://expo.semi.org/china2026/Public/eventmap.aspx?MapItBoothID=638332&MapItBooth=3759","https://expo.semi.org/china2026/Public/imgHandler.ashx?Task=1&ID=../CUSTOM/CustomField24.png"
"Shanghai Laser Bonding Semiconductor Equipment Co., Ltd.","https://expo.semi.org/china2026/Public/eBooth.aspx?IndexInList=751&FromPage=Exhibitors.aspx&ParentBoothID=&ListByBooth=true&BoothID=640146","6130","https://expo.semi.org/china2026/Public/eventmap.aspx?MapItBoothID=640146&MapItBooth=6130","https://expo.semi.org/china2026/Public/imgHandler.ashx?Task=1&ID=../CUSTOM/CustomField24.png"
"Shanghai Leading Semiconductor Technology Development Co., Ltd.","https://expo.semi.org/china2026/Public/eBooth.aspx?IndexInList=752&FromPage=Exhibitors.aspx&ParentBoothID=&ListByBooth=true&BoothID=640328","7159","https://expo.semi.org/china2026/Public/eventmap.aspx?MapItBoothID=640328&MapItBooth=7159","https://expo.semi.org/china2026/Public/imgHandler.ashx?Task=1&ID=../CUSTOM/CustomField24.png"
"SHANGHAI LEEQIU TECHNOLOGY DEVELOPMENT CO., LTD","https://expo.semi.org/china2026/Public/eBooth.aspx?IndexInList=753&FromPage=Exhibitors.aspx&ParentBoothID=&ListByBooth=true&BoothID=649323","T4240","https://expo.semi.org/china2026/Public/eventmap.aspx?MapItBoothID=649323&MapItBooth=T4240",""
"Shanghai Liangli Technology Co.,Ltd","https://expo.semi.org/china2026/Public/eBooth.aspx?IndexInList=754&FromPage=Exhibitors.aspx&ParentBoothID=&ListByBooth=true&BoothID=649369","T4231","https://expo.semi.org/china2026/Public/eventmap.aspx?MapItBoothID=649369&MapItBooth=T4231","https://expo.semi.org/china2026/Public/imgHandler.ashx?Task=1&ID=../CUSTOM/CustomField24.png"
"Shanghai Lieth Precision Equipment Co., Ltd","https://expo.semi.org/china2026/Public/eBooth.aspx?IndexInList=755&FromPage=Exhibitors.aspx&ParentBoothID=&ListByBooth=true&BoothID=640407","7249","https://expo.semi.org/china2026/Public/eventmap.aspx?MapItBoothID=640407&MapItBooth=7249","https://expo.semi.org/china2026/Public/imgHandler.ashx?Task=1&ID=../CUSTOM/CustomField24.png"
"Shanghai Lingheng Industrial Automation Co., Ltd","https://expo.semi.org/china2026/Public/eBooth.aspx?IndexInList=756&FromPage=Exhibitors.aspx&ParentBoothID=&ListByBooth=true&BoothID=639835","6567","https://expo.semi.org/china2026/Public/eventmap.aspx?MapItBoothID=639835&MapItBooth=6567","https://expo.semi.org/china2026/Public/imgHandler.ashx?Task=1&ID=../CUSTOM/CustomField24.png"
"Shanghai Lush Mount Int'l Trade Ltd.","https://expo.semi.org/china2026/Public/eBooth.aspx?IndexInList=757&FromPage=Exhibitors.aspx&ParentBoothID=&ListByBooth=true&BoothID=637852","3283","https://expo.semi.org/china2026/Public/eventmap.aspx?MapItBoothID=637852&MapItBooth=3283","https://expo.semi.org/china2026/Public/imgHandler.ashx?Task=1&ID=../CUSTOM/CustomField24.png"
"Shanghai Matfron Technology Co.,Ltd","https://expo.semi.org/china2026/Public/eBooth.aspx?IndexInList=758&FromPage=Exhibitors.aspx&ParentBoothID=&ListByBooth=true&BoothID=638602","4381","https://expo.semi.org/china2026/Public/eventmap.aspx?MapItBoothID=638602&MapItBooth=4381","https://expo.semi.org/china2026/Public/imgHandler.ashx?Task=1&ID=../CUSTOM/CustomField24.png"
"Shanghai Mega-Energy Technology Co.,Ltd","https://expo.semi.org/china2026/Public/eBooth.aspx?IndexInList=759&FromPage=Exhibitors.aspx&ParentBoothID=&ListByBooth=true&BoothID=637158","2322","https://expo.semi.org/china2026/Public/eventmap.aspx?MapItBoothID=637158&MapItBooth=2322","https://expo.semi.org/china2026/Public/imgHandler.ashx?Task=1&ID=../CUSTOM/CustomField24.png"
"Shanghai Merlin Test Technologies Co.,Ltd","https://expo.semi.org/china2026/Public/eBooth.aspx?IndexInList=760&FromPage=Exhibitors.aspx&ParentBoothID=&ListByBooth=true&BoothID=641158","T1102","https://expo.semi.org/china2026/Public/eventmap.aspx?MapItBoothID=641158&MapItBooth=T1102","https://expo.semi.org/china2026/Public/imgHandler.ashx?Task=1&ID=../CUSTOM/CustomField24.png"
"Shanghai Micro Electronics Equipment (Group) Co., Ltd.","https://expo.semi.org/china2026/Public/eBooth.aspx?IndexInList=761&FromPage=Exhibitors.aspx&ParentBoothID=&ListByBooth=true&BoothID=638248","3651","https://expo.semi.org/china2026/Public/eventmap.aspx?MapItBoothID=638248&MapItBooth=3651","https://expo.semi.org/china2026/Public/imgHandler.ashx?Task=1&ID=../CUSTOM/CustomField24.png"
"Shanghai Mirror Metal Surface Treatment Technology Co.,Ltd","https://expo.semi.org/china2026/Public/eBooth.aspx?IndexInList=762&FromPage=Exhibitors.aspx&ParentBoothID=&ListByBooth=true&BoothID=640022","6246","https://expo.semi.org/china2026/Public/eventmap.aspx?MapItBoothID=640022&MapItBooth=6246","https://expo.semi.org/china2026/Public/imgHandler.ashx?Task=1&ID=../CUSTOM/CustomField24.png"
"Shanghai Miya Technology Co., Ltd.","https://expo.semi.org/china2026/Public/eBooth.aspx?IndexInList=763&FromPage=Exhibitors.aspx&ParentBoothID=&ListByBooth=true&BoothID=640868","7765","https://expo.semi.org/china2026/Public/eventmap.aspx?MapItBoothID=640868&MapItBooth=7765","https://expo.semi.org/china2026/Public/imgHandler.ashx?Task=1&ID=../CUSTOM/CustomField24.png"
"Shanghai MOJUNE Electronic Technology Co., Ltd","https://expo.semi.org/china2026/Public/eBooth.aspx?IndexInList=764&FromPage=Exhibitors.aspx&ParentBoothID=&ListByBooth=true&BoothID=640416","7366","https://expo.semi.org/china2026/Public/eventmap.aspx?MapItBoothID=640416&MapItBooth=7366","https://expo.semi.org/china2026/Public/imgHandler.ashx?Task=1&ID=../CUSTOM/CustomField24.png"
"SHANGHAI OILES BEARING INC.","https://expo.semi.org/china2026/Public/eBooth.aspx?IndexInList=765&FromPage=Exhibitors.aspx&ParentBoothID=&ListByBooth=true&BoothID=639793","6778","https://expo.semi.org/china2026/Public/eventmap.aspx?MapItBoothID=639793&MapItBooth=6778","https://expo.semi.org/china2026/Public/imgHandler.ashx?Task=1&ID=../CUSTOM/CustomField24.png"
"Shanghai Optris Infrared Co.,Ltd.","https://expo.semi.org/china2026/Public/eBooth.aspx?IndexInList=766&FromPage=Exhibitors.aspx&ParentBoothID=&ListByBooth=true&BoothID=662422","6181","https://expo.semi.org/china2026/Public/eventmap.aspx?MapItBoothID=662422&MapItBooth=6181","https://expo.semi.org/china2026/Public/imgHandler.ashx?Task=1&ID=../CUSTOM/CustomField24.png"
"Shanghai Oriental Motor Co., Ltd.","https://expo.semi.org/china2026/Public/eBooth.aspx?IndexInList=767&FromPage=Exhibitors.aspx&ParentBoothID=&ListByBooth=true&BoothID=640877","7110","https://expo.semi.org/china2026/Public/eventmap.aspx?MapItBoothID=640877&MapItBooth=7110","https://expo.semi.org/china2026/Public/imgHandler.ashx?Task=1&ID=../CUSTOM/CustomField24.png"
"Shanghai Pillar Trading Co., Ltd","https://expo.semi.org/china2026/Public/eBooth.aspx?IndexInList=768&FromPage=Exhibitors.aspx&ParentBoothID=&ListByBooth=true&BoothID=640310","7123","https://expo.semi.org/china2026/Public/eventmap.aspx?MapItBoothID=640310&MapItBooth=7123","https://expo.semi.org/china2026/Public/imgHandler.ashx?Task=1&ID=../CUSTOM/CustomField24.png"
"SHANGHAI PLUSCO TECH CO., LTD","https://expo.semi.org/china2026/Public/eBooth.aspx?IndexInList=769&FromPage=Exhibitors.aspx&ParentBoothID=&ListByBooth=true&BoothID=639765","6742","https://expo.semi.org/china2026/Public/eventmap.aspx?MapItBoothID=639765&MapItBooth=6742","https://expo.semi.org/china2026/Public/imgHandler.ashx?Task=1&ID=../CUSTOM/CustomField24.png"
"Shanghai Precision Measurement Semiconductor Technology, Inc","https://expo.semi.org/china2026/Public/eBooth.aspx?IndexInList=770&FromPage=Exhibitors.aspx&ParentBoothID=&ListByBooth=true&BoothID=662784","2423","https://expo.semi.org/china2026/Public/eventmap.aspx?MapItBoothID=662784&MapItBooth=2423","https://expo.semi.org/china2026/Public/imgHandler.ashx?Task=1&ID=../CUSTOM/CustomField24.png"
"Shanghai Pullner Filtration Technology Co.,Ltd","https://expo.semi.org/china2026/Public/eBooth.aspx?IndexInList=771&FromPage=Exhibitors.aspx&ParentBoothID=&ListByBooth=true&BoothID=641098","T1411","https://expo.semi.org/china2026/Public/eventmap.aspx?MapItBoothID=641098&MapItBooth=T1411","https://expo.semi.org/china2026/Public/imgHandler.ashx?Task=1&ID=../CUSTOM/CustomField24.png"
"Shanghai pusher flow control system Co., Ltd.","https://expo.semi.org/china2026/Public/eBooth.aspx?IndexInList=772&FromPage=Exhibitors.aspx&ParentBoothID=&ListByBooth=true&BoothID=645804","T3326","https://expo.semi.org/china2026/Public/eventmap.aspx?MapItBoothID=645804&MapItBooth=T3326","https://expo.semi.org/china2026/Public/imgHandler.ashx?Task=1&ID=../CUSTOM/CustomField24.png"
"SHANGHAI PVE FLUID TECHNOLOGY CO., LTD.","https://expo.semi.org/china2026/Public/eBooth.aspx?IndexInList=773&FromPage=Exhibitors.aspx&ParentBoothID=&ListByBooth=true&BoothID=637428","2610","https://expo.semi.org/china2026/Public/eventmap.aspx?MapItBoothID=637428&MapItBooth=2610","https://expo.semi.org/china2026/Public/imgHandler.ashx?Task=1&ID=../CUSTOM/CustomField24.png"
"Shanghai Qianghua Industrial Corporation","https://expo.semi.org/china2026/Public/eBooth.aspx?IndexInList=774&FromPage=Exhibitors.aspx&ParentBoothID=&ListByBooth=true&BoothID=642860","6523","https://expo.semi.org/china2026/Public/eventmap.aspx?MapItBoothID=642860&MapItBooth=6523","https://expo.semi.org/china2026/Public/imgHandler.ashx?Task=1&ID=../CUSTOM/CustomField24.png"
"Shanghai Qiyuan Gas Development Co.,Ltd.","https://expo.semi.org/china2026/Public/eBooth.aspx?IndexInList=775&FromPage=Exhibitors.aspx&ParentBoothID=&ListByBooth=true&BoothID=641765","T3301","https://expo.semi.org/china2026/Public/eventmap.aspx?MapItBoothID=641765&MapItBooth=T3301","https://expo.semi.org/china2026/Public/imgHandler.ashx?Task=1&ID=../CUSTOM/CustomField24.png"
"Shanghai Rhyme New Energy Technology Co., Ltd","https://expo.semi.org/china2026/Public/eBooth.aspx?IndexInList=776&FromPage=Exhibitors.aspx&ParentBoothID=&ListByBooth=true&BoothID=640061","6531","https://expo.semi.org/china2026/Public/eventmap.aspx?MapItBoothID=640061&MapItBooth=6531","https://expo.semi.org/china2026/Public/imgHandler.ashx?Task=1&ID=../CUSTOM/CustomField24.png"
"Shanghai Ruicun Purification Engineering Co., Ltd","https://expo.semi.org/china2026/Public/eBooth.aspx?IndexInList=777&FromPage=Exhibitors.aspx&ParentBoothID=&ListByBooth=true&BoothID=640028","6258","https://expo.semi.org/china2026/Public/eventmap.aspx?MapItBoothID=640028&MapItBooth=6258","https://expo.semi.org/china2026/Public/imgHandler.ashx?Task=1&ID=../CUSTOM/CustomField24.png"
"Shanghai Safeslab Technology Co., Ltd","https://expo.semi.org/china2026/Public/eBooth.aspx?IndexInList=778&FromPage=Exhibitors.aspx&ParentBoothID=&ListByBooth=true&BoothID=650037","2434","https://expo.semi.org/china2026/Public/eventmap.aspx?MapItBoothID=650037&MapItBooth=2434","https://expo.semi.org/china2026/Public/imgHandler.ashx?Task=1&ID=../CUSTOM/CustomField24.png"
"SHANGHAI SHANGJI TECHNOLOGY CO.LTD","https://expo.semi.org/china2026/Public/eBooth.aspx?IndexInList=779&FromPage=Exhibitors.aspx&ParentBoothID=&ListByBooth=true&BoothID=643069","5284","https://expo.semi.org/china2026/Public/eventmap.aspx?MapItBoothID=643069&MapItBooth=5284","https://expo.semi.org/china2026/Public/imgHandler.ashx?Task=1&ID=../CUSTOM/CustomField24.png"
"Shanghai Sharetek Technology Co.,ltd.","https://expo.semi.org/china2026/Public/eBooth.aspx?IndexInList=780&FromPage=Exhibitors.aspx&ParentBoothID=&ListByBooth=true&BoothID=649360","T4232","https://expo.semi.org/china2026/Public/eventmap.aspx?MapItBoothID=649360&MapItBooth=T4232","https://expo.semi.org/china2026/Public/imgHandler.ashx?Task=1&ID=../CUSTOM/CustomField24.png"
"Shanghai Shareway Environment Technology Co.,Ltd","https://expo.semi.org/china2026/Public/eBooth.aspx?IndexInList=781&FromPage=Exhibitors.aspx&ParentBoothID=&ListByBooth=true&BoothID=640798","7675","https://expo.semi.org/china2026/Public/eventmap.aspx?MapItBoothID=640798&MapItBooth=7675","https://expo.semi.org/china2026/Public/imgHandler.ashx?Task=1&ID=../CUSTOM/CustomField24.png"
"Shanghai Shengjian Technology Co., Ltd.","https://expo.semi.org/china2026/Public/eBooth.aspx?IndexInList=782&FromPage=Exhibitors.aspx&ParentBoothID=&ListByBooth=true&BoothID=679732","1419","https://expo.semi.org/china2026/Public/eventmap.aspx?MapItBoothID=679732&MapItBooth=1419","https://expo.semi.org/china2026/Public/imgHandler.ashx?Task=1&ID=../CUSTOM/CustomField24.png"
"Shanghai Shengyongcheng Semiconductor Technology Co.,Ltd.","https://expo.semi.org/china2026/Public/eBooth.aspx?IndexInList=783&FromPage=Exhibitors.aspx&ParentBoothID=&ListByBooth=true&BoothID=649351","T4131","https://expo.semi.org/china2026/Public/eventmap.aspx?MapItBoothID=649351&MapItBooth=T4131","https://expo.semi.org/china2026/Public/imgHandler.ashx?Task=1&ID=../CUSTOM/CustomField24.png"
"Shanghai Shenhe Investment Co.,Ltd.","https://expo.semi.org/china2026/Public/eBooth.aspx?IndexInList=784&FromPage=Exhibitors.aspx&ParentBoothID=&ListByBooth=true&BoothID=638005","3425","https://expo.semi.org/china2026/Public/eventmap.aspx?MapItBoothID=638005&MapItBooth=3425","https://expo.semi.org/china2026/Public/imgHandler.ashx?Task=1&ID=../CUSTOM/CustomField24.png"
"Shanghai Sieg Technology Co.,Ltd","https://expo.semi.org/china2026/Public/eBooth.aspx?IndexInList=785&FromPage=Exhibitors.aspx&ParentBoothID=&ListByBooth=true&BoothID=641119","T1408","https://expo.semi.org/china2026/Public/eventmap.aspx?MapItBoothID=641119&MapItBooth=T1408","https://expo.semi.org/china2026/Public/imgHandler.ashx?Task=1&ID=../CUSTOM/CustomField24.png"
"Shanghai Silicology Scientific & Trading Co., Ltd","https://expo.semi.org/china2026/Public/eBooth.aspx?IndexInList=786&FromPage=Exhibitors.aspx&ParentBoothID=&ListByBooth=true&BoothID=639678","5142","https://expo.semi.org/china2026/Public/eventmap.aspx?MapItBoothID=639678&MapItBooth=5142","https://expo.semi.org/china2026/Public/imgHandler.ashx?Task=1&ID=../CUSTOM/CustomField24.png"
"Shanghai Simpure Gas Technology Co., Ltd.","https://expo.semi.org/china2026/Public/eBooth.aspx?IndexInList=787&FromPage=Exhibitors.aspx&ParentBoothID=&ListByBooth=true&BoothID=640498","7363","https://expo.semi.org/china2026/Public/eventmap.aspx?MapItBoothID=640498&MapItBooth=7363","https://expo.semi.org/china2026/Public/imgHandler.ashx?Task=1&ID=../CUSTOM/CustomField24.png"
"Shanghai Sinyang Semiconductor Materials Co., Ltd","https://expo.semi.org/china2026/Public/eBooth.aspx?IndexInList=788&FromPage=Exhibitors.aspx&ParentBoothID=&ListByBooth=true&BoothID=639049","5119","https://expo.semi.org/china2026/Public/eventmap.aspx?MapItBoothID=639049&MapItBooth=5119","https://expo.semi.org/china2026/Public/imgHandler.ashx?Task=1&ID=../CUSTOM/CustomField24.png"
"Shanghai Siplus Semiconductor Co., Ltd.","https://expo.semi.org/china2026/Public/eBooth.aspx?IndexInList=789&FromPage=Exhibitors.aspx&ParentBoothID=&ListByBooth=true&BoothID=671668","2311","https://expo.semi.org/china2026/Public/eventmap.aspx?MapItBoothID=671668&MapItBooth=2311","https://expo.semi.org/china2026/Public/imgHandler.ashx?Task=1&ID=../CUSTOM/CustomField24.png"
"Shanghai Songqi Microelectronics Technology Co., Ltd","https://expo.semi.org/china2026/Public/eBooth.aspx?IndexInList=790&FromPage=Exhibitors.aspx&ParentBoothID=&ListByBooth=true&BoothID=662403","6275","https://expo.semi.org/china2026/Public/eventmap.aspx?MapItBoothID=662403&MapItBooth=6275","https://expo.semi.org/china2026/Public/imgHandler.ashx?Task=1&ID=../CUSTOM/CustomField24.png"
"Shanghai STN Technology Co.,Ltd","https://expo.semi.org/china2026/Public/eBooth.aspx?IndexInList=791&FromPage=Exhibitors.aspx&ParentBoothID=&ListByBooth=true&BoothID=640161","6513","https://expo.semi.org/china2026/Public/eventmap.aspx?MapItBoothID=640161&MapItBooth=6513","https://expo.semi.org/china2026/Public/imgHandler.ashx?Task=1&ID=../CUSTOM/CustomField24.png"
"Shanghai Sunlight Anticorrosion Equipment Co., Ltd","https://expo.semi.org/china2026/Public/eBooth.aspx?IndexInList=792&FromPage=Exhibitors.aspx&ParentBoothID=&ListByBooth=true&BoothID=649436","T4310","https://expo.semi.org/china2026/Public/eventmap.aspx?MapItBoothID=649436&MapItBooth=T4310","https://expo.semi.org/china2026/Public/imgHandler.ashx?Task=1&ID=../CUSTOM/CustomField24.png"
"Shanghai Supex Industrial Supply Co., Ltd.","https://expo.semi.org/china2026/Public/eBooth.aspx?IndexInList=793&FromPage=Exhibitors.aspx&ParentBoothID=&ListByBooth=true&BoothID=638967","4822","https://expo.semi.org/china2026/Public/eventmap.aspx?MapItBoothID=638967&MapItBooth=4822","https://expo.semi.org/china2026/Public/imgHandler.ashx?Task=1&ID=../CUSTOM/CustomField24.png"
"SHANGHAI TEFLON TECHNOLOGY CO., LTD","https://expo.semi.org/china2026/Public/eBooth.aspx?IndexInList=794&FromPage=Exhibitors.aspx&ParentBoothID=&ListByBooth=true&BoothID=649344","T4128","https://expo.semi.org/china2026/Public/eventmap.aspx?MapItBoothID=649344&MapItBooth=T4128","https://expo.semi.org/china2026/Public/imgHandler.ashx?Task=1&ID=../CUSTOM/CustomField24.png"
"Shanghai Testrong Technologies Co., Ltd","https://expo.semi.org/china2026/Public/eBooth.aspx?IndexInList=795&FromPage=Exhibitors.aspx&ParentBoothID=&ListByBooth=true&BoothID=641370","T2117","https://expo.semi.org/china2026/Public/eventmap.aspx?MapItBoothID=641370&MapItBooth=T2117","https://expo.semi.org/china2026/Public/imgHandler.ashx?Task=1&ID=../CUSTOM/CustomField24.png"
"Shanghai Toplabel Information Technology Co., Ltd.","https://expo.semi.org/china2026/Public/eBooth.aspx?IndexInList=796&FromPage=Exhibitors.aspx&ParentBoothID=&ListByBooth=true&BoothID=668300","2139","https://expo.semi.org/china2026/Public/eventmap.aspx?MapItBoothID=668300&MapItBooth=2139","https://expo.semi.org/china2026/Public/imgHandler.ashx?Task=1&ID=../CUSTOM/CustomField24.png"
"Shanghai Trygoal Semiconductor Material Co.,Ltd","https://expo.semi.org/china2026/Public/eBooth.aspx?IndexInList=797&FromPage=Exhibitors.aspx&ParentBoothID=&ListByBooth=true&BoothID=649321","T4244","https://expo.semi.org/china2026/Public/eventmap.aspx?MapItBoothID=649321&MapItBooth=T4244","https://expo.semi.org/china2026/Public/imgHandler.ashx?Task=1&ID=../CUSTOM/CustomField24.png"
"Shanghai VF Semiconductor Equipment Co., LTD","https://expo.semi.org/china2026/Public/eBooth.aspx?IndexInList=798&FromPage=Exhibitors.aspx&ParentBoothID=&ListByBooth=true&BoothID=641677","T3161","https://expo.semi.org/china2026/Public/eventmap.aspx?MapItBoothID=641677&MapItBooth=T3161","https://expo.semi.org/china2026/Public/imgHandler.ashx?Task=1&ID=../CUSTOM/CustomField24.png"
"Shanghai VFtech Vacuum Technology Co.,Ltd","https://expo.semi.org/china2026/Public/eBooth.aspx?IndexInList=799&FromPage=Exhibitors.aspx&ParentBoothID=&ListByBooth=true&BoothID=639015","4134","https://expo.semi.org/china2026/Public/eventmap.aspx?MapItBoothID=639015&MapItBooth=4134",""
"Shanghai Winscene Technology Co.,Ltd.","https://expo.semi.org/china2026/Public/eBooth.aspx?IndexInList=800&FromPage=Exhibitors.aspx&ParentBoothID=&ListByBooth=true&BoothID=639038","5204","https://expo.semi.org/china2026/Public/eventmap.aspx?MapItBoothID=639038&MapItBooth=5204","https://expo.semi.org/china2026/Public/imgHandler.ashx?Task=1&ID=../CUSTOM/CustomField24.png"
"Shanghai Xindun Automation Technology Co., Ltd.","https://expo.semi.org/china2026/Public/eBooth.aspx?IndexInList=801&FromPage=Exhibitors.aspx&ParentBoothID=&ListByBooth=true&BoothID=649391","T4323","https://expo.semi.org/china2026/Public/eventmap.aspx?MapItBoothID=649391&MapItBooth=T4323","https://expo.semi.org/china2026/Public/imgHandler.ashx?Task=1&ID=../CUSTOM/CustomField24.png"
"Shanghai Xinyi Electronic Technology Co., Ltd.","https://expo.semi.org/china2026/Public/eBooth.aspx?IndexInList=802&FromPage=Exhibitors.aspx&ParentBoothID=&ListByBooth=true&BoothID=649355","T4123","https://expo.semi.org/china2026/Public/eventmap.aspx?MapItBoothID=649355&MapItBooth=T4123",""
"Shanghai Yan Xiang Technology Co.,Ltd.","https://expo.semi.org/china2026/Public/eBooth.aspx?IndexInList=803&FromPage=Exhibitors.aspx&ParentBoothID=&ListByBooth=true&BoothID=641067","T0148","https://expo.semi.org/china2026/Public/eventmap.aspx?MapItBoothID=641067&MapItBooth=T0148","https://expo.semi.org/china2026/Public/imgHandler.ashx?Task=1&ID=../CUSTOM/CustomField24.png"
"Shanghai YD Technology (Group) Co., LTD.","https://expo.semi.org/china2026/Public/eBooth.aspx?IndexInList=804&FromPage=Exhibitors.aspx&ParentBoothID=&ListByBooth=true&BoothID=641246","T1239","https://expo.semi.org/china2026/Public/eventmap.aspx?MapItBoothID=641246&MapItBooth=T1239","https://expo.semi.org/china2026/Public/imgHandler.ashx?Task=1&ID=../CUSTOM/CustomField24.png"
"Shanghai Yikang Chemicals & Industries Co. Ltd","https://expo.semi.org/china2026/Public/eBooth.aspx?IndexInList=805&FromPage=Exhibitors.aspx&ParentBoothID=&ListByBooth=true&BoothID=639694","5182","https://expo.semi.org/china2026/Public/eventmap.aspx?MapItBoothID=639694&MapItBooth=5182","https://expo.semi.org/china2026/Public/imgHandler.ashx?Task=1&ID=../CUSTOM/CustomField24.png"
"Shanghai YiNGUAN Semiconductor Technology Co.,Ltd.","https://expo.semi.org/china2026/Public/eBooth.aspx?IndexInList=806&FromPage=Exhibitors.aspx&ParentBoothID=&ListByBooth=true&BoothID=639808","6824","https://expo.semi.org/china2026/Public/eventmap.aspx?MapItBoothID=639808&MapItBooth=6824","https://expo.semi.org/china2026/Public/imgHandler.ashx?Task=1&ID=../CUSTOM/CustomField24.png"
"Shanghai Yodogawa Trading Co.,Ltd","https://expo.semi.org/china2026/Public/eBooth.aspx?IndexInList=807&FromPage=Exhibitors.aspx&ParentBoothID=&ListByBooth=true&BoothID=640795","7669","https://expo.semi.org/china2026/Public/eventmap.aspx?MapItBoothID=640795&MapItBooth=7669","https://expo.semi.org/china2026/Public/imgHandler.ashx?Task=1&ID=../CUSTOM/CustomField24.png"
"Shanghai Yuwei Semiconductor Technology Co.,Ltd","https://expo.semi.org/china2026/Public/eBooth.aspx?IndexInList=808&FromPage=Exhibitors.aspx&ParentBoothID=&ListByBooth=true&BoothID=637441","2531","https://expo.semi.org/china2026/Public/eventmap.aspx?MapItBoothID=637441&MapItBooth=2531","https://expo.semi.org/china2026/Public/imgHandler.ashx?Task=1&ID=../CUSTOM/CustomField24.png"
"Shanghai Zenfocus Semi-Tech Co., Ltd","https://expo.semi.org/china2026/Public/eBooth.aspx?IndexInList=809&FromPage=Exhibitors.aspx&ParentBoothID=&ListByBooth=true&BoothID=641343","T2422","https://expo.semi.org/china2026/Public/eventmap.aspx?MapItBoothID=641343&MapItBooth=T2422","https://expo.semi.org/china2026/Public/imgHandler.ashx?Task=1&ID=../CUSTOM/CustomField24.png"
"Shanghai ZetaTech Co.,Ltd.","https://expo.semi.org/china2026/Public/eBooth.aspx?IndexInList=810&FromPage=Exhibitors.aspx&ParentBoothID=&ListByBooth=true&BoothID=663082","2540","https://expo.semi.org/china2026/Public/eventmap.aspx?MapItBoothID=663082&MapItBooth=2540",""
"Shanghai Zhonghui Electronics Technology Co., Ltd","https://expo.semi.org/china2026/Public/eBooth.aspx?IndexInList=811&FromPage=Exhibitors.aspx&ParentBoothID=&ListByBooth=true&BoothID=640833","7800","https://expo.semi.org/china2026/Public/eventmap.aspx?MapItBoothID=640833&MapItBooth=7800","https://expo.semi.org/china2026/Public/imgHandler.ashx?Task=1&ID=../CUSTOM/CustomField24.png"
"Shanghai Zuolin Valve Co., Ltd","https://expo.semi.org/china2026/Public/eBooth.aspx?IndexInList=812&FromPage=Exhibitors.aspx&ParentBoothID=&ListByBooth=true&BoothID=677701","5508","https://expo.semi.org/china2026/Public/eventmap.aspx?MapItBoothID=677701&MapItBooth=5508","https://expo.semi.org/china2026/Public/imgHandler.ashx?Task=1&ID=../CUSTOM/CustomField24.png"
"Shanxi Tiancheng Semiconductor Material Co., Ltd","https://expo.semi.org/china2026/Public/eBooth.aspx?IndexInList=813&FromPage=Exhibitors.aspx&ParentBoothID=&ListByBooth=true&BoothID=640143","6135","https://expo.semi.org/china2026/Public/eventmap.aspx?MapItBoothID=640143&MapItBooth=6135","https://expo.semi.org/china2026/Public/imgHandler.ashx?Task=1&ID=../CUSTOM/CustomField24.png"
"Shaoxing Hongbang Electronics Technology Co., Ltd","https://expo.semi.org/china2026/Public/eBooth.aspx?IndexInList=814&FromPage=Exhibitors.aspx&ParentBoothID=&ListByBooth=true&BoothID=638604","4389","https://expo.semi.org/china2026/Public/eventmap.aspx?MapItBoothID=638604&MapItBooth=4389","https://expo.semi.org/china2026/Public/imgHandler.ashx?Task=1&ID=../CUSTOM/CustomField24.png"
"ShenYang Academy of Instrumentation Science Co., Ltd","https://expo.semi.org/china2026/Public/eBooth.aspx?IndexInList=815&FromPage=Exhibitors.aspx&ParentBoothID=&ListByBooth=true&BoothID=645652","3239","https://expo.semi.org/china2026/Public/eventmap.aspx?MapItBoothID=645652&MapItBooth=3239","https://expo.semi.org/china2026/Public/imgHandler.ashx?Task=1&ID=../CUSTOM/CustomField24.png"
"Shenyang Crystal Resource Semiconductor material Co., Ltd","https://expo.semi.org/china2026/Public/eBooth.aspx?IndexInList=816&FromPage=Exhibitors.aspx&ParentBoothID=&ListByBooth=true&BoothID=649417","T4105","https://expo.semi.org/china2026/Public/eventmap.aspx?MapItBoothID=649417&MapItBooth=T4105","https://expo.semi.org/china2026/Public/imgHandler.ashx?Task=1&ID=../CUSTOM/CustomField24.png"
"Shenyang Fortune Precision Equipment Co., Ltd.","https://expo.semi.org/china2026/Public/eBooth.aspx?IndexInList=817&FromPage=Exhibitors.aspx&ParentBoothID=&ListByBooth=true&BoothID=645646","3231","https://expo.semi.org/china2026/Public/eventmap.aspx?MapItBoothID=645646&MapItBooth=3231","https://expo.semi.org/china2026/Public/imgHandler.ashx?Task=1&ID=../CUSTOM/CustomField24.png"
"Shenyang Heyan Technology Co.,Ltd","https://expo.semi.org/china2026/Public/eBooth.aspx?IndexInList=818&FromPage=Exhibitors.aspx&ParentBoothID=&ListByBooth=true&BoothID=638845","4617","https://expo.semi.org/china2026/Public/eventmap.aspx?MapItBoothID=638845&MapItBooth=4617","https://expo.semi.org/china2026/Public/imgHandler.ashx?Task=1&ID=../CUSTOM/CustomField24.png"
"ShenYang Merit Aircraft&Aerospace Materials Co.,LTD","https://expo.semi.org/china2026/Public/eBooth.aspx?IndexInList=819&FromPage=Exhibitors.aspx&ParentBoothID=&ListByBooth=true&BoothID=641322","T2401","https://expo.semi.org/china2026/Public/eventmap.aspx?MapItBoothID=641322&MapItBooth=T2401","https://expo.semi.org/china2026/Public/imgHandler.ashx?Task=1&ID=../CUSTOM/CustomField24.png"
"Shenyang SIASUN Microelectronics Equipment Co.,Ltd","https://expo.semi.org/china2026/Public/eBooth.aspx?IndexInList=820&FromPage=Exhibitors.aspx&ParentBoothID=&ListByBooth=true&BoothID=645654","3243","https://expo.semi.org/china2026/Public/eventmap.aspx?MapItBoothID=645654&MapItBooth=3243","https://expo.semi.org/china2026/Public/imgHandler.ashx?Task=1&ID=../CUSTOM/CustomField24.png"
"Shenyang Yuanchuang Semiconductor CO,LTD","https://expo.semi.org/china2026/Public/eBooth.aspx?IndexInList=821&FromPage=Exhibitors.aspx&ParentBoothID=&ListByBooth=true&BoothID=649356","T4121","https://expo.semi.org/china2026/Public/eventmap.aspx?MapItBoothID=649356&MapItBooth=T4121","https://expo.semi.org/china2026/Public/imgHandler.ashx?Task=1&ID=../CUSTOM/CustomField24.png"
"Shenzhen Alphabetter Technology Co., Ltd","https://expo.semi.org/china2026/Public/eBooth.aspx?IndexInList=822&FromPage=Exhibitors.aspx&ParentBoothID=&ListByBooth=true&BoothID=668305","2517","https://expo.semi.org/china2026/Public/eventmap.aspx?MapItBoothID=668305&MapItBooth=2517","https://expo.semi.org/china2026/Public/imgHandler.ashx?Task=1&ID=../CUSTOM/CustomField24.png"
"Shenzhen Angstrom Excellence Technology Co.,Ltd.","https://expo.semi.org/china2026/Public/eBooth.aspx?IndexInList=823&FromPage=Exhibitors.aspx&ParentBoothID=&ListByBooth=true&BoothID=662864","2545","https://expo.semi.org/china2026/Public/eventmap.aspx?MapItBoothID=662864&MapItBooth=2545","https://expo.semi.org/china2026/Public/imgHandler.ashx?Task=1&ID=../CUSTOM/CustomField24.png"
"Shenzhen Axxon Automation Co.,Ltd","https://expo.semi.org/china2026/Public/eBooth.aspx?IndexInList=824&FromPage=Exhibitors.aspx&ParentBoothID=&ListByBooth=true&BoothID=640045","6159","https://expo.semi.org/china2026/Public/eventmap.aspx?MapItBoothID=640045&MapItBooth=6159","https://expo.semi.org/china2026/Public/imgHandler.ashx?Task=1&ID=../CUSTOM/CustomField24.png"
"SHENZHEN BIAOPU SEMICONDUCTOR TECHNOLOGY CO.,LTD","https://expo.semi.org/china2026/Public/eBooth.aspx?IndexInList=825&FromPage=Exhibitors.aspx&ParentBoothID=&ListByBooth=true&BoothID=640020","6242","https://expo.semi.org/china2026/Public/eventmap.aspx?MapItBoothID=640020&MapItBooth=6242","https://expo.semi.org/china2026/Public/imgHandler.ashx?Task=1&ID=../CUSTOM/CustomField24.png"
"Shenzhen Biaowang Industrial Equipment Co.,Ltd","https://expo.semi.org/china2026/Public/eBooth.aspx?IndexInList=826&FromPage=Exhibitors.aspx&ParentBoothID=&ListByBooth=true&BoothID=640896","7166","https://expo.semi.org/china2026/Public/eventmap.aspx?MapItBoothID=640896&MapItBooth=7166","https://expo.semi.org/china2026/Public/imgHandler.ashx?Task=1&ID=../CUSTOM/CustomField24.png"
"Shenzhen Bindebao Electronic Technology Co., Ltd","https://expo.semi.org/china2026/Public/eBooth.aspx?IndexInList=827&FromPage=Exhibitors.aspx&ParentBoothID=&ListByBooth=true&BoothID=640742","7147","https://expo.semi.org/china2026/Public/eventmap.aspx?MapItBoothID=640742&MapItBooth=7147","https://expo.semi.org/china2026/Public/imgHandler.ashx?Task=1&ID=../CUSTOM/CustomField24.png"
"Shenzhen Blue Dynamics  Precision Co.,Ltd.","https://expo.semi.org/china2026/Public/eBooth.aspx?IndexInList=828&FromPage=Exhibitors.aspx&ParentBoothID=&ListByBooth=true&BoothID=662317","2026","https://expo.semi.org/china2026/Public/eventmap.aspx?MapItBoothID=662317&MapItBooth=2026","https://expo.semi.org/china2026/Public/imgHandler.ashx?Task=1&ID=../CUSTOM/CustomField24.png"
"SHENZHEN CHUANGZHI SEMI-LINK TECHNOLOGY CO., LTD","https://expo.semi.org/china2026/Public/eBooth.aspx?IndexInList=829&FromPage=Exhibitors.aspx&ParentBoothID=&ListByBooth=true&BoothID=640941","T0135","https://expo.semi.org/china2026/Public/eventmap.aspx?MapItBoothID=640941&MapItBooth=T0135","https://expo.semi.org/china2026/Public/imgHandler.ashx?Task=1&ID=../CUSTOM/CustomField24.png"
"Shenzhen Chunshui No. 1 Science and Technology Co. , Ltd.","https://expo.semi.org/china2026/Public/eBooth.aspx?IndexInList=830&FromPage=Exhibitors.aspx&ParentBoothID=&ListByBooth=true&BoothID=641315","T2303","https://expo.semi.org/china2026/Public/eventmap.aspx?MapItBoothID=641315&MapItBooth=T2303","https://expo.semi.org/china2026/Public/imgHandler.ashx?Task=1&ID=../CUSTOM/CustomField24.png"
"SHENZHEN CSL VACUUM SCIENCE AND TECHNOLOGY CO., LTD","https://expo.semi.org/china2026/Public/eBooth.aspx?IndexInList=831&FromPage=Exhibitors.aspx&ParentBoothID=&ListByBooth=true&BoothID=649386","T4333","https://expo.semi.org/china2026/Public/eventmap.aspx?MapItBoothID=649386&MapItBooth=T4333","https://expo.semi.org/china2026/Public/imgHandler.ashx?Task=1&ID=../CUSTOM/CustomField24.png"
"Shenzhen Dejiabao Electronics Co., Ltd","https://expo.semi.org/china2026/Public/eBooth.aspx?IndexInList=832&FromPage=Exhibitors.aspx&ParentBoothID=&ListByBooth=true&BoothID=649379","T4330","https://expo.semi.org/china2026/Public/eventmap.aspx?MapItBoothID=649379&MapItBooth=T4330","https://expo.semi.org/china2026/Public/imgHandler.ashx?Task=1&ID=../CUSTOM/CustomField24.png"
"SHENZHEN DONG RONG XING YE ELECTRONICS CO.,LTD.","https://expo.semi.org/china2026/Public/eBooth.aspx?IndexInList=833&FromPage=Exhibitors.aspx&ParentBoothID=&ListByBooth=true&BoothID=639666","5104","https://expo.semi.org/china2026/Public/eventmap.aspx?MapItBoothID=639666&MapItBooth=5104","https://expo.semi.org/china2026/Public/imgHandler.ashx?Task=1&ID=../CUSTOM/CustomField24.png"
"Shenzhen Dream Launch Semiconductor Equipment Co.,Ltd","https://expo.semi.org/china2026/Public/eBooth.aspx?IndexInList=834&FromPage=Exhibitors.aspx&ParentBoothID=&ListByBooth=true&BoothID=649377","T4334","https://expo.semi.org/china2026/Public/eventmap.aspx?MapItBoothID=649377&MapItBooth=T4334","https://expo.semi.org/china2026/Public/imgHandler.ashx?Task=1&ID=../CUSTOM/CustomField24.png"
"Shenzhen Enmicro Precision Electronic Co., Ltd","https://expo.semi.org/china2026/Public/eBooth.aspx?IndexInList=835&FromPage=Exhibitors.aspx&ParentBoothID=&ListByBooth=true&BoothID=641601","T3174","https://expo.semi.org/china2026/Public/eventmap.aspx?MapItBoothID=641601&MapItBooth=T3174","https://expo.semi.org/china2026/Public/imgHandler.ashx?Task=1&ID=../CUSTOM/CustomField24.png"
"SHENZHEN ESKY PURIFY TECHNOLOGY CO.,LTD","https://expo.semi.org/china2026/Public/eBooth.aspx?IndexInList=836&FromPage=Exhibitors.aspx&ParentBoothID=&ListByBooth=true&BoothID=641576","T3122","https://expo.semi.org/china2026/Public/eventmap.aspx?MapItBoothID=641576&MapItBooth=T3122","https://expo.semi.org/china2026/Public/imgHandler.ashx?Task=1&ID=../CUSTOM/CustomField24.png"
"Shenzhen Fushenghe Trading Company Limited","https://expo.semi.org/china2026/Public/eBooth.aspx?IndexInList=837&FromPage=Exhibitors.aspx&ParentBoothID=&ListByBooth=true&BoothID=639827","6670","https://expo.semi.org/china2026/Public/eventmap.aspx?MapItBoothID=639827&MapItBooth=6670","https://expo.semi.org/china2026/Public/imgHandler.ashx?Task=1&ID=../CUSTOM/CustomField24.png"
"Shenzhen Futurefab AI Software Inc.","https://expo.semi.org/china2026/Public/eBooth.aspx?IndexInList=838&FromPage=Exhibitors.aspx&ParentBoothID=&ListByBooth=true&BoothID=641709","T3221","https://expo.semi.org/china2026/Public/eventmap.aspx?MapItBoothID=641709&MapItBooth=T3221","https://expo.semi.org/china2026/Public/imgHandler.ashx?Task=1&ID=../CUSTOM/CustomField24.png"
"Shenzhen GCL Environmental Protection Industry Co.,Ltd","https://expo.semi.org/china2026/Public/eBooth.aspx?IndexInList=839&FromPage=Exhibitors.aspx&ParentBoothID=&ListByBooth=true&BoothID=656884","2221","https://expo.semi.org/china2026/Public/eventmap.aspx?MapItBoothID=656884&MapItBooth=2221","https://expo.semi.org/china2026/Public/imgHandler.ashx?Task=1&ID=../CUSTOM/CustomField24.png"
"Shenzhen Gorgeous Technology Co., Ltd.","https://expo.semi.org/china2026/Public/eBooth.aspx?IndexInList=840&FromPage=Exhibitors.aspx&ParentBoothID=&ListByBooth=true&BoothID=637732","3131","https://expo.semi.org/china2026/Public/eventmap.aspx?MapItBoothID=637732&MapItBooth=3131","https://expo.semi.org/china2026/Public/imgHandler.ashx?Task=1&ID=../CUSTOM/CustomField24.png"
"Shenzhen Grand Innosys Corporation","https://expo.semi.org/china2026/Public/eBooth.aspx?IndexInList=841&FromPage=Exhibitors.aspx&ParentBoothID=&ListByBooth=true&BoothID=649187","4101","https://expo.semi.org/china2026/Public/eventmap.aspx?MapItBoothID=649187&MapItBooth=4101",""
"SHENZHEN GREAT ENERGY TECHNOLOGY CO.,LTD","https://expo.semi.org/china2026/Public/eBooth.aspx?IndexInList=842&FromPage=Exhibitors.aspx&ParentBoothID=&ListByBooth=true&BoothID=649359","T4234","https://expo.semi.org/china2026/Public/eventmap.aspx?MapItBoothID=649359&MapItBooth=T4234","https://expo.semi.org/china2026/Public/imgHandler.ashx?Task=1&ID=../CUSTOM/CustomField24.png"
"Shenzhen Guandahong Technology Co., Ltd","https://expo.semi.org/china2026/Public/eBooth.aspx?IndexInList=843&FromPage=Exhibitors.aspx&ParentBoothID=&ListByBooth=true&BoothID=649205","4223","https://expo.semi.org/china2026/Public/eventmap.aspx?MapItBoothID=649205&MapItBooth=4223",""
"Shenzhen Han’s Assembly & Testing Technology Company Limited","https://expo.semi.org/china2026/Public/eBooth.aspx?IndexInList=844&FromPage=Exhibitors.aspx&ParentBoothID=&ListByBooth=true&BoothID=638241","3637","https://expo.semi.org/china2026/Public/eventmap.aspx?MapItBoothID=638241&MapItBooth=3637","https://expo.semi.org/china2026/Public/imgHandler.ashx?Task=1&ID=../CUSTOM/CustomField24.png"
"Shenzhen Hanchi Technology Co.,LTD","https://expo.semi.org/china2026/Public/eBooth.aspx?IndexInList=845&FromPage=Exhibitors.aspx&ParentBoothID=&ListByBooth=true&BoothID=641842","T1231","https://expo.semi.org/china2026/Public/eventmap.aspx?MapItBoothID=641842&MapItBooth=T1231","https://expo.semi.org/china2026/Public/imgHandler.ashx?Task=1&ID=../CUSTOM/CustomField24.png"
"Shenzhen HanHwa Semiconductor Technology Co., Ltd","https://expo.semi.org/china2026/Public/eBooth.aspx?IndexInList=846&FromPage=Exhibitors.aspx&ParentBoothID=&ListByBooth=true&BoothID=649389","T4327","https://expo.semi.org/china2026/Public/eventmap.aspx?MapItBoothID=649389&MapItBooth=T4327","https://expo.semi.org/china2026/Public/imgHandler.ashx?Task=1&ID=../CUSTOM/CustomField24.png"
"Shenzhen Han's Semiconductor Equipment Technology Co., Ltd","https://expo.semi.org/china2026/Public/eBooth.aspx?IndexInList=847&FromPage=Exhibitors.aspx&ParentBoothID=&ListByBooth=true&BoothID=640000","6243","https://expo.semi.org/china2026/Public/eventmap.aspx?MapItBoothID=640000&MapItBooth=6243","https://expo.semi.org/china2026/Public/imgHandler.ashx?Task=1&ID=../CUSTOM/CustomField24.png"
"Shenzhen Hiner Advanced Materials Technology Co.,Ltd.","https://expo.semi.org/china2026/Public/eBooth.aspx?IndexInList=848&FromPage=Exhibitors.aspx&ParentBoothID=&ListByBooth=true&BoothID=640290","6755","https://expo.semi.org/china2026/Public/eventmap.aspx?MapItBoothID=640290&MapItBooth=6755","https://expo.semi.org/china2026/Public/imgHandler.ashx?Task=1&ID=../CUSTOM/CustomField24.png"
"Shenzhen Huamai technology co.,ltd.","https://expo.semi.org/china2026/Public/eBooth.aspx?IndexInList=849&FromPage=Exhibitors.aspx&ParentBoothID=&ListByBooth=true&BoothID=645819","T3225","https://expo.semi.org/china2026/Public/eventmap.aspx?MapItBoothID=645819&MapItBooth=T3225","https://expo.semi.org/china2026/Public/imgHandler.ashx?Task=1&ID=../CUSTOM/CustomField24.png"
"SHENZHEN IN-CUBE AUTOMATION CO., LTD.","https://expo.semi.org/china2026/Public/eBooth.aspx?IndexInList=850&FromPage=Exhibitors.aspx&ParentBoothID=&ListByBooth=true&BoothID=662763","2014","https://expo.semi.org/china2026/Public/eventmap.aspx?MapItBoothID=662763&MapItBooth=2014","https://expo.semi.org/china2026/Public/imgHandler.ashx?Task=1&ID=../CUSTOM/CustomField24.png"
"Shenzhen Ingenuity Mfrs  Technology Co., Ltd","https://expo.semi.org/china2026/Public/eBooth.aspx?IndexInList=851&FromPage=Exhibitors.aspx&ParentBoothID=&ListByBooth=true&BoothID=641720","T3239","https://expo.semi.org/china2026/Public/eventmap.aspx?MapItBoothID=641720&MapItBooth=T3239","https://expo.semi.org/china2026/Public/imgHandler.ashx?Task=1&ID=../CUSTOM/CustomField24.png"
"Shenzhen Interposer TechnologyCo.,Ltd","https://expo.semi.org/china2026/Public/eBooth.aspx?IndexInList=852&FromPage=Exhibitors.aspx&ParentBoothID=&ListByBooth=true&BoothID=649383","T4322","https://expo.semi.org/china2026/Public/eventmap.aspx?MapItBoothID=649383&MapItBooth=T4322","https://expo.semi.org/china2026/Public/imgHandler.ashx?Task=1&ID=../CUSTOM/CustomField24.png"
"Shenzhen Jiamai Automation Co.,LTD","https://expo.semi.org/china2026/Public/eBooth.aspx?IndexInList=853&FromPage=Exhibitors.aspx&ParentBoothID=&ListByBooth=true&BoothID=649225","4342","https://expo.semi.org/china2026/Public/eventmap.aspx?MapItBoothID=649225&MapItBooth=4342",""
"SHENZHEN JINNUODA TEFLON ELECTROTHERMAL TECHNOLOGY Co., Ltd","https://expo.semi.org/china2026/Public/eBooth.aspx?IndexInList=854&FromPage=Exhibitors.aspx&ParentBoothID=&ListByBooth=true&BoothID=639747","6726","https://expo.semi.org/china2026/Public/eventmap.aspx?MapItBoothID=639747&MapItBooth=6726","https://expo.semi.org/china2026/Public/imgHandler.ashx?Task=1&ID=../CUSTOM/CustomField24.png"
"Shenzhen KHJ Technology Co.,Ltd","https://expo.semi.org/china2026/Public/eBooth.aspx?IndexInList=855&FromPage=Exhibitors.aspx&ParentBoothID=&ListByBooth=true&BoothID=649309","T4340","https://expo.semi.org/china2026/Public/eventmap.aspx?MapItBoothID=649309&MapItBooth=T4340","https://expo.semi.org/china2026/Public/imgHandler.ashx?Task=1&ID=../CUSTOM/CustomField24.png"
"Shenzhen Liande Automation Equipment Co., Ltd","https://expo.semi.org/china2026/Public/eBooth.aspx?IndexInList=856&FromPage=Exhibitors.aspx&ParentBoothID=&ListByBooth=true&BoothID=639968","6459","https://expo.semi.org/china2026/Public/eventmap.aspx?MapItBoothID=639968&MapItBooth=6459","https://expo.semi.org/china2026/Public/imgHandler.ashx?Task=1&ID=../CUSTOM/CustomField24.png"
"Shenzhen Longsight Technologies Co.,Ltd","https://expo.semi.org/china2026/Public/eBooth.aspx?IndexInList=857&FromPage=Exhibitors.aspx&ParentBoothID=&ListByBooth=true&BoothID=678721","6301","https://expo.semi.org/china2026/Public/eventmap.aspx?MapItBoothID=678721&MapItBooth=6301","https://expo.semi.org/china2026/Public/imgHandler.ashx?Task=1&ID=../CUSTOM/CustomField24.png"
"Shenzhen Merry Precise Electronic Co.,Ltd","https://expo.semi.org/china2026/Public/eBooth.aspx?IndexInList=858&FromPage=Exhibitors.aspx&ParentBoothID=&ListByBooth=true&BoothID=649341","T4134","https://expo.semi.org/china2026/Public/eventmap.aspx?MapItBoothID=649341&MapItBooth=T4134","https://expo.semi.org/china2026/Public/imgHandler.ashx?Task=1&ID=../CUSTOM/CustomField24.png"
"Shenzhen MicroASM Semiconductor Technology Co.,Ltd","https://expo.semi.org/china2026/Public/eBooth.aspx?IndexInList=859&FromPage=Exhibitors.aspx&ParentBoothID=&ListByBooth=true&BoothID=640030","6143","https://expo.semi.org/china2026/Public/eventmap.aspx?MapItBoothID=640030&MapItBooth=6143","https://expo.semi.org/china2026/Public/imgHandler.ashx?Task=1&ID=../CUSTOM/CustomField24.png"
"Shenzhen Naso Tech Co.,Ltd","https://expo.semi.org/china2026/Public/eBooth.aspx?IndexInList=860&FromPage=Exhibitors.aspx&ParentBoothID=&ListByBooth=true&BoothID=637656","2110","https://expo.semi.org/china2026/Public/eventmap.aspx?MapItBoothID=637656&MapItBooth=2110","https://expo.semi.org/china2026/Public/imgHandler.ashx?Task=1&ID=../CUSTOM/CustomField24.png"
"Shenzhen Qingyi Photomask Limited","https://expo.semi.org/china2026/Public/eBooth.aspx?IndexInList=861&FromPage=Exhibitors.aspx&ParentBoothID=&ListByBooth=true&BoothID=640024","6250","https://expo.semi.org/china2026/Public/eventmap.aspx?MapItBoothID=640024&MapItBooth=6250","https://expo.semi.org/china2026/Public/imgHandler.ashx?Task=1&ID=../CUSTOM/CustomField24.png"
"SHENZHEN QUATERNION SEMICONDUCTOR CO., LTD","https://expo.semi.org/china2026/Public/eBooth.aspx?IndexInList=862&FromPage=Exhibitors.aspx&ParentBoothID=&ListByBooth=true&BoothID=680309","T3316","https://expo.semi.org/china2026/Public/eventmap.aspx?MapItBoothID=680309&MapItBooth=T3316","https://expo.semi.org/china2026/Public/imgHandler.ashx?Task=1&ID=../CUSTOM/CustomField24.png"
"Shenzhen Rongda Photosensitive Science & Technology Co., Ltd","https://expo.semi.org/china2026/Public/eBooth.aspx?IndexInList=863&FromPage=Exhibitors.aspx&ParentBoothID=&ListByBooth=true&BoothID=640421","7277","https://expo.semi.org/china2026/Public/eventmap.aspx?MapItBoothID=640421&MapItBooth=7277","https://expo.semi.org/china2026/Public/imgHandler.ashx?Task=1&ID=../CUSTOM/CustomField24.png"
"Shenzhen Samcien New Materials Technology Co., Ltd.","https://expo.semi.org/china2026/Public/eBooth.aspx?IndexInList=864&FromPage=Exhibitors.aspx&ParentBoothID=&ListByBooth=true&BoothID=656986","2243","https://expo.semi.org/china2026/Public/eventmap.aspx?MapItBoothID=656986&MapItBooth=2243","https://expo.semi.org/china2026/Public/imgHandler.ashx?Task=1&ID=../CUSTOM/CustomField24.png"
"Shenzhen Secon Technical Industry Co., Ltd","https://expo.semi.org/china2026/Public/eBooth.aspx?IndexInList=865&FromPage=Exhibitors.aspx&ParentBoothID=&ListByBooth=true&BoothID=637611","2808","https://expo.semi.org/china2026/Public/eventmap.aspx?MapItBoothID=637611&MapItBooth=2808","https://expo.semi.org/china2026/Public/imgHandler.ashx?Task=1&ID=../CUSTOM/CustomField24.png"
"SHENZHEN SELEN CLEAN TECH Co., Ltd","https://expo.semi.org/china2026/Public/eBooth.aspx?IndexInList=866&FromPage=Exhibitors.aspx&ParentBoothID=&ListByBooth=true&BoothID=637568","2611","https://expo.semi.org/china2026/Public/eventmap.aspx?MapItBoothID=637568&MapItBooth=2611","https://expo.semi.org/china2026/Public/imgHandler.ashx?Task=1&ID=../CUSTOM/CustomField24.png"
"Shenzhen Shenkeda Semiconductor Technology Co., LTD.","https://expo.semi.org/china2026/Public/eBooth.aspx?IndexInList=867&FromPage=Exhibitors.aspx&ParentBoothID=&ListByBooth=true&BoothID=641840","T1125","https://expo.semi.org/china2026/Public/eventmap.aspx?MapItBoothID=641840&MapItBooth=T1125","https://expo.semi.org/china2026/Public/imgHandler.ashx?Task=1&ID=../CUSTOM/CustomField24.png"
"SHENZHEN SIPTORY TECHNOLOGY CO., LTD","https://expo.semi.org/china2026/Public/eBooth.aspx?IndexInList=868&FromPage=Exhibitors.aspx&ParentBoothID=&ListByBooth=true&BoothID=649927","1615","https://expo.semi.org/china2026/Public/eventmap.aspx?MapItBoothID=649927&MapItBooth=1615","https://expo.semi.org/china2026/Public/imgHandler.ashx?Task=1&ID=../CUSTOM/CustomField24.png"
"Shenzhen Technology Trust Precision Industry Co., Ltd","https://expo.semi.org/china2026/Public/eBooth.aspx?IndexInList=869&FromPage=Exhibitors.aspx&ParentBoothID=&ListByBooth=true&BoothID=640710","7667","https://expo.semi.org/china2026/Public/eventmap.aspx?MapItBoothID=640710&MapItBooth=7667","https://expo.semi.org/china2026/Public/imgHandler.ashx?Task=1&ID=../CUSTOM/CustomField24.png"
"Shenzhen Tensun Precision Equipment Co., Ltd","https://expo.semi.org/china2026/Public/eBooth.aspx?IndexInList=870&FromPage=Exhibitors.aspx&ParentBoothID=&ListByBooth=true&BoothID=640501","7369","https://expo.semi.org/china2026/Public/eventmap.aspx?MapItBoothID=640501&MapItBooth=7369","https://expo.semi.org/china2026/Public/imgHandler.ashx?Task=1&ID=../CUSTOM/CustomField24.png"
"Shenzhen Tete Semiconductor Equipment Co.,Ltd.","https://expo.semi.org/china2026/Public/eBooth.aspx?IndexInList=871&FromPage=Exhibitors.aspx&ParentBoothID=&ListByBooth=true&BoothID=640846","7826","https://expo.semi.org/china2026/Public/eventmap.aspx?MapItBoothID=640846&MapItBooth=7826","https://expo.semi.org/china2026/Public/imgHandler.ashx?Task=1&ID=../CUSTOM/CustomField24.png"
"Shenzhen Ultrapure Water Technology CO.,LTD.","https://expo.semi.org/china2026/Public/eBooth.aspx?IndexInList=872&FromPage=Exhibitors.aspx&ParentBoothID=&ListByBooth=true&BoothID=641160","T1106","https://expo.semi.org/china2026/Public/eventmap.aspx?MapItBoothID=641160&MapItBooth=T1106","https://expo.semi.org/china2026/Public/imgHandler.ashx?Task=1&ID=../CUSTOM/CustomField24.png"
"Shenzhen United Blueocean Applied Materials Technology Co.,Ltd","https://expo.semi.org/china2026/Public/eBooth.aspx?IndexInList=873&FromPage=Exhibitors.aspx&ParentBoothID=&ListByBooth=true&BoothID=640287","6749","https://expo.semi.org/china2026/Public/eventmap.aspx?MapItBoothID=640287&MapItBooth=6749","https://expo.semi.org/china2026/Public/imgHandler.ashx?Task=1&ID=../CUSTOM/CustomField24.png"
"Shenzhen Vatop Semiconductor Tech Co.,Ltd","https://expo.semi.org/china2026/Public/eBooth.aspx?IndexInList=874&FromPage=Exhibitors.aspx&ParentBoothID=&ListByBooth=true&BoothID=662406","6281","https://expo.semi.org/china2026/Public/eventmap.aspx?MapItBoothID=662406&MapItBooth=6281","https://expo.semi.org/china2026/Public/imgHandler.ashx?Task=1&ID=../CUSTOM/CustomField24.png"
"SHENZHEN XINYICHANG TECHNOLOGY CO., LTD","https://expo.semi.org/china2026/Public/eBooth.aspx?IndexInList=875&FromPage=Exhibitors.aspx&ParentBoothID=&ListByBooth=true&BoothID=639960","6443","https://expo.semi.org/china2026/Public/eventmap.aspx?MapItBoothID=639960&MapItBooth=6443","https://expo.semi.org/china2026/Public/imgHandler.ashx?Task=1&ID=../CUSTOM/CustomField24.png"
"Shenzhen Yaotong Technology Co., Ltd.","https://expo.semi.org/china2026/Public/eBooth.aspx?IndexInList=876&FromPage=Exhibitors.aspx&ParentBoothID=&ListByBooth=true&BoothID=637617","2816","https://expo.semi.org/china2026/Public/eventmap.aspx?MapItBoothID=637617&MapItBooth=2816","https://expo.semi.org/china2026/Public/imgHandler.ashx?Task=1&ID=../CUSTOM/CustomField24.png"
"Shenzhen Youibot Robotics Co., Ltd.","https://expo.semi.org/china2026/Public/eBooth.aspx?IndexInList=877&FromPage=Exhibitors.aspx&ParentBoothID=&ListByBooth=true&BoothID=640313","7129","https://expo.semi.org/china2026/Public/eventmap.aspx?MapItBoothID=640313&MapItBooth=7129","https://expo.semi.org/china2026/Public/imgHandler.ashx?Task=1&ID=../CUSTOM/CustomField24.png"
"Shenzhen Yuan Tai Feng Optoelectronics Co., Ltd.","https://expo.semi.org/china2026/Public/eBooth.aspx?IndexInList=878&FromPage=Exhibitors.aspx&ParentBoothID=&ListByBooth=true&BoothID=641164","T1110","https://expo.semi.org/china2026/Public/eventmap.aspx?MapItBoothID=641164&MapItBooth=T1110","https://expo.semi.org/china2026/Public/imgHandler.ashx?Task=1&ID=../CUSTOM/CustomField24.png"
"Shenzhen Zhicheng Semiconductor Materials Co.,Ltd.","https://expo.semi.org/china2026/Public/eBooth.aspx?IndexInList=879&FromPage=Exhibitors.aspx&ParentBoothID=&ListByBooth=true&BoothID=678734","5425","https://expo.semi.org/china2026/Public/eventmap.aspx?MapItBoothID=678734&MapItBooth=5425",""
"Shenzhen ZhongJian South Environment Co.,Ltd.","https://expo.semi.org/china2026/Public/eBooth.aspx?IndexInList=880&FromPage=Exhibitors.aspx&ParentBoothID=&ListByBooth=true&BoothID=639798","6669","https://expo.semi.org/china2026/Public/eventmap.aspx?MapItBoothID=639798&MapItBooth=6669","https://expo.semi.org/china2026/Public/imgHandler.ashx?Task=1&ID=../CUSTOM/CustomField24.png"
"Shinwa Controls(Shanghai)Co.,Ltd.","https://expo.semi.org/china2026/Public/eBooth.aspx?IndexInList=881&FromPage=Exhibitors.aspx&ParentBoothID=&ListByBooth=true&BoothID=649324","T4238","https://expo.semi.org/china2026/Public/eventmap.aspx?MapItBoothID=649324&MapItBooth=T4238","https://expo.semi.org/china2026/Public/imgHandler.ashx?Task=1&ID=../CUSTOM/CustomField24.png"
"SHW Technology (Shanghai) Co., Ltd.","https://expo.semi.org/china2026/Public/eBooth.aspx?IndexInList=882&FromPage=Exhibitors.aspx&ParentBoothID=&ListByBooth=true&BoothID=662386","6371","https://expo.semi.org/china2026/Public/eventmap.aspx?MapItBoothID=662386&MapItBooth=6371","https://expo.semi.org/china2026/Public/imgHandler.ashx?Task=1&ID=../CUSTOM/CustomField24.png"
"Si Chuan Ying Shuo Electronics Technology Corp.,LTD.","https://expo.semi.org/china2026/Public/eBooth.aspx?IndexInList=883&FromPage=Exhibitors.aspx&ParentBoothID=&ListByBooth=true&BoothID=641807","T3113","https://expo.semi.org/china2026/Public/eventmap.aspx?MapItBoothID=641807&MapItBooth=T3113","https://expo.semi.org/china2026/Public/imgHandler.ashx?Task=1&ID=../CUSTOM/CustomField24.png"
"SIAMC Advanced Materials Co., Ltd.","https://expo.semi.org/china2026/Public/eBooth.aspx?IndexInList=884&FromPage=Exhibitors.aspx&ParentBoothID=&ListByBooth=true&BoothID=649271","T4439","https://expo.semi.org/china2026/Public/eventmap.aspx?MapItBoothID=649271&MapItBooth=T4439","https://expo.semi.org/china2026/Public/imgHandler.ashx?Task=1&ID=../CUSTOM/CustomField24.png"
"SICC CO.,LTD","https://expo.semi.org/china2026/Public/eBooth.aspx?IndexInList=885&FromPage=Exhibitors.aspx&ParentBoothID=&ListByBooth=true&BoothID=648058","2000","https://expo.semi.org/china2026/Public/eventmap.aspx?MapItBoothID=648058&MapItBooth=2000","https://expo.semi.org/china2026/Public/imgHandler.ashx?Task=1&ID=../CUSTOM/CustomField24.png"
"SiCentury Semiconductor Technology (Suzhou) Co.,Ltd","https://expo.semi.org/china2026/Public/eBooth.aspx?IndexInList=886&FromPage=Exhibitors.aspx&ParentBoothID=&ListByBooth=true&BoothID=637666","2140","https://expo.semi.org/china2026/Public/eventmap.aspx?MapItBoothID=637666&MapItBooth=2140","https://expo.semi.org/china2026/Public/imgHandler.ashx?Task=1&ID=../CUSTOM/CustomField24.png"
"Sichuan ANSON New Material Technology Co.,Ltd","https://expo.semi.org/china2026/Public/eBooth.aspx?IndexInList=887&FromPage=Exhibitors.aspx&ParentBoothID=&ListByBooth=true&BoothID=637383","2513","https://expo.semi.org/china2026/Public/eventmap.aspx?MapItBoothID=637383&MapItBooth=2513","https://expo.semi.org/china2026/Public/imgHandler.ashx?Task=1&ID=../CUSTOM/CustomField24.png"
"Sichuan Future Carbon New Material Technology Co.,Ltd","https://expo.semi.org/china2026/Public/eBooth.aspx?IndexInList=888&FromPage=Exhibitors.aspx&ParentBoothID=&ListByBooth=true&BoothID=637153","2312","https://expo.semi.org/china2026/Public/eventmap.aspx?MapItBoothID=637153&MapItBooth=2312","https://expo.semi.org/china2026/Public/imgHandler.ashx?Task=1&ID=../CUSTOM/CustomField24.png"
"Sichuan Hongxin FFKM Technology Co., Ltd.","https://expo.semi.org/china2026/Public/eBooth.aspx?IndexInList=889&FromPage=Exhibitors.aspx&ParentBoothID=&ListByBooth=true&BoothID=662520","T0442","https://expo.semi.org/china2026/Public/eventmap.aspx?MapItBoothID=662520&MapItBooth=T0442","https://expo.semi.org/china2026/Public/imgHandler.ashx?Task=1&ID=../CUSTOM/CustomField24.png"
"Sichuan Injet Electric Co., LTD.","https://expo.semi.org/china2026/Public/eBooth.aspx?IndexInList=890&FromPage=Exhibitors.aspx&ParentBoothID=&ListByBooth=true&BoothID=637811","3201","https://expo.semi.org/china2026/Public/eventmap.aspx?MapItBoothID=637811&MapItBooth=3201","https://expo.semi.org/china2026/Public/imgHandler.ashx?Task=1&ID=../CUSTOM/CustomField24.png"
"SICREAT (Suzhou) Semitech Co., Ltd","https://expo.semi.org/china2026/Public/eBooth.aspx?IndexInList=891&FromPage=Exhibitors.aspx&ParentBoothID=&ListByBooth=true&BoothID=639845","6463","https://expo.semi.org/china2026/Public/eventmap.aspx?MapItBoothID=639845&MapItBooth=6463","https://expo.semi.org/china2026/Public/imgHandler.ashx?Task=1&ID=../CUSTOM/CustomField24.png"
"Sidea Semiconductor Equipment (Shenzhen) Co.,Ltd","https://expo.semi.org/china2026/Public/eBooth.aspx?IndexInList=892&FromPage=Exhibitors.aspx&ParentBoothID=&ListByBooth=true&BoothID=640772","7623","https://expo.semi.org/china2026/Public/eventmap.aspx?MapItBoothID=640772&MapItBooth=7623","https://expo.semi.org/china2026/Public/imgHandler.ashx?Task=1&ID=../CUSTOM/CustomField24.png"
"Silicar Semiconductor Co.,Ltd","https://expo.semi.org/china2026/Public/eBooth.aspx?IndexInList=893&FromPage=Exhibitors.aspx&ParentBoothID=&ListByBooth=true&BoothID=637069","2125","https://expo.semi.org/china2026/Public/eventmap.aspx?MapItBoothID=637069&MapItBooth=2125","https://expo.semi.org/china2026/Public/imgHandler.ashx?Task=1&ID=../CUSTOM/CustomField24.png"
"Silicon Exceed Technology (JiangSu) Co.,Ltd","https://expo.semi.org/china2026/Public/eBooth.aspx?IndexInList=894&FromPage=Exhibitors.aspx&ParentBoothID=&ListByBooth=true&BoothID=639550","5617","https://expo.semi.org/china2026/Public/eventmap.aspx?MapItBoothID=639550&MapItBooth=5617","https://expo.semi.org/china2026/Public/imgHandler.ashx?Task=1&ID=../CUSTOM/CustomField24.png"
"Silpac International Limited","https://expo.semi.org/china2026/Public/eBooth.aspx?IndexInList=895&FromPage=Exhibitors.aspx&ParentBoothID=&ListByBooth=true&BoothID=639440","5571","https://expo.semi.org/china2026/Public/eventmap.aspx?MapItBoothID=639440&MapItBooth=5571","https://expo.semi.org/china2026/Public/imgHandler.ashx?Task=1&ID=../CUSTOM/CustomField24.png"
"SineTest Technologies Pte Ltd","https://expo.semi.org/china2026/Public/eBooth.aspx?IndexInList=896&FromPage=Exhibitors.aspx&ParentBoothID=&ListByBooth=true&BoothID=649200","4111","https://expo.semi.org/china2026/Public/eventmap.aspx?MapItBoothID=649200&MapItBooth=4111",""
"Sino IC Technology Co.,Ltd.","https://expo.semi.org/china2026/Public/eBooth.aspx?IndexInList=897&FromPage=Exhibitors.aspx&ParentBoothID=&ListByBooth=true&BoothID=639632","5703","https://expo.semi.org/china2026/Public/eventmap.aspx?MapItBoothID=639632&MapItBooth=5703",""
"SINO MULTI-MICRO TECHNOLOGY CO.,LTD","https://expo.semi.org/china2026/Public/eBooth.aspx?IndexInList=898&FromPage=Exhibitors.aspx&ParentBoothID=&ListByBooth=true&BoothID=641852","T2421","https://expo.semi.org/china2026/Public/eventmap.aspx?MapItBoothID=641852&MapItBooth=T2421","https://expo.semi.org/china2026/Public/imgHandler.ashx?Task=1&ID=../CUSTOM/CustomField24.png"
"Sinochem Lantian Co., Ltd.","https://expo.semi.org/china2026/Public/eBooth.aspx?IndexInList=899&FromPage=Exhibitors.aspx&ParentBoothID=&ListByBooth=true&BoothID=639940","6543","https://expo.semi.org/china2026/Public/eventmap.aspx?MapItBoothID=639940&MapItBooth=6543","https://expo.semi.org/china2026/Public/imgHandler.ashx?Task=1&ID=../CUSTOM/CustomField24.png"
"Sinomach Diamond (Henan) Co.,Ltd.","https://expo.semi.org/china2026/Public/eBooth.aspx?IndexInList=900&FromPage=Exhibitors.aspx&ParentBoothID=&ListByBooth=true&BoothID=639243","5341","https://expo.semi.org/china2026/Public/eventmap.aspx?MapItBoothID=639243&MapItBooth=5341","https://expo.semi.org/china2026/Public/imgHandler.ashx?Task=1&ID=../CUSTOM/CustomField24.png"
"Sino-platinum Metals Advanced & New Materials (Shanghai) Co., Ltd.","https://expo.semi.org/china2026/Public/eBooth.aspx?IndexInList=901&FromPage=Exhibitors.aspx&ParentBoothID=&ListByBooth=true&BoothID=649439","T4304","https://expo.semi.org/china2026/Public/eventmap.aspx?MapItBoothID=649439&MapItBooth=T4304","https://expo.semi.org/china2026/Public/imgHandler.ashx?Task=1&ID=../CUSTOM/CustomField24.png"
"Sino-science Aero (Beijing) Technology Co.,Ltd","https://expo.semi.org/china2026/Public/eBooth.aspx?IndexInList=902&FromPage=Exhibitors.aspx&ParentBoothID=&ListByBooth=true&BoothID=640980","T0111","https://expo.semi.org/china2026/Public/eventmap.aspx?MapItBoothID=640980&MapItBooth=T0111","https://expo.semi.org/china2026/Public/imgHandler.ashx?Task=1&ID=../CUSTOM/CustomField24.png"
"Sinoscience Fullcryo (Yangzhou) Gas Co.,Ltd.","https://expo.semi.org/china2026/Public/eBooth.aspx?IndexInList=903&FromPage=Exhibitors.aspx&ParentBoothID=&ListByBooth=true&BoothID=641379","T2121","https://expo.semi.org/china2026/Public/eventmap.aspx?MapItBoothID=641379&MapItBooth=T2121","https://expo.semi.org/china2026/Public/imgHandler.ashx?Task=1&ID=../CUSTOM/CustomField24.png"
"SINTAIKE SEMICONDUCTOR EQUIPMENT(SHANGHAI) CO., LTD.","https://expo.semi.org/china2026/Public/eBooth.aspx?IndexInList=904&FromPage=Exhibitors.aspx&ParentBoothID=&ListByBooth=true&BoothID=662770","2508","https://expo.semi.org/china2026/Public/eventmap.aspx?MapItBoothID=662770&MapItBooth=2508","https://expo.semi.org/china2026/Public/imgHandler.ashx?Task=1&ID=../CUSTOM/CustomField24.png"
"SIP A-TECH TECHNOLOGY CORP.","https://expo.semi.org/china2026/Public/eBooth.aspx?IndexInList=905&FromPage=Exhibitors.aspx&ParentBoothID=&ListByBooth=true&BoothID=637454","2658","https://expo.semi.org/china2026/Public/eventmap.aspx?MapItBoothID=637454&MapItBooth=2658","https://expo.semi.org/china2026/Public/imgHandler.ashx?Task=1&ID=../CUSTOM/CustomField24.png"
"SIP Hengyue Automation Technology Co., Ltd","https://expo.semi.org/china2026/Public/eBooth.aspx?IndexInList=906&FromPage=Exhibitors.aspx&ParentBoothID=&ListByBooth=true&BoothID=639794","6780","https://expo.semi.org/china2026/Public/eventmap.aspx?MapItBoothID=639794&MapItBooth=6780","https://expo.semi.org/china2026/Public/imgHandler.ashx?Task=1&ID=../CUSTOM/CustomField24.png"
"Sirize technology（suzhou）corp.","https://expo.semi.org/china2026/Public/eBooth.aspx?IndexInList=907&FromPage=Exhibitors.aspx&ParentBoothID=&ListByBooth=true&BoothID=639558","5631","https://expo.semi.org/china2026/Public/eventmap.aspx?MapItBoothID=639558&MapItBooth=5631","https://expo.semi.org/china2026/Public/imgHandler.ashx?Task=1&ID=../CUSTOM/CustomField24.png"
"SiScan Technology Co.,Ltd.","https://expo.semi.org/china2026/Public/eBooth.aspx?IndexInList=908&FromPage=Exhibitors.aspx&ParentBoothID=&ListByBooth=true&BoothID=649269","T4443","https://expo.semi.org/china2026/Public/eventmap.aspx?MapItBoothID=649269&MapItBooth=T4443","https://expo.semi.org/china2026/Public/imgHandler.ashx?Task=1&ID=../CUSTOM/CustomField24.png"
"Sky Chip Interconnection Technology Co., Ltd.","https://expo.semi.org/china2026/Public/eBooth.aspx?IndexInList=909&FromPage=Exhibitors.aspx&ParentBoothID=&ListByBooth=true&BoothID=639543","5601","https://expo.semi.org/china2026/Public/eventmap.aspx?MapItBoothID=639543&MapItBooth=5601","https://expo.semi.org/china2026/Public/imgHandler.ashx?Task=1&ID=../CUSTOM/CustomField24.png"
"SKY Technology Development Co.,Ltd Chinese Academy of Sciences","https://expo.semi.org/china2026/Public/eBooth.aspx?IndexInList=910&FromPage=Exhibitors.aspx&ParentBoothID=&ListByBooth=true&BoothID=645656","3247","https://expo.semi.org/china2026/Public/eventmap.aspx?MapItBoothID=645656&MapItBooth=3247","https://expo.semi.org/china2026/Public/imgHandler.ashx?Task=1&ID=../CUSTOM/CustomField24.png"
"Skyverse Technology Co., Ltd.","https://expo.semi.org/china2026/Public/eBooth.aspx?IndexInList=911&FromPage=Exhibitors.aspx&ParentBoothID=&ListByBooth=true&BoothID=640305","7113","https://expo.semi.org/china2026/Public/eventmap.aspx?MapItBoothID=640305&MapItBooth=7113","https://expo.semi.org/china2026/Public/imgHandler.ashx?Task=1&ID=../CUSTOM/CustomField24.png"
"SMC Automation China Co.,Ltd.","https://expo.semi.org/china2026/Public/eBooth.aspx?IndexInList=912&FromPage=Exhibitors.aspx&ParentBoothID=&ListByBooth=true&BoothID=638841","4609","https://expo.semi.org/china2026/Public/eventmap.aspx?MapItBoothID=638841&MapItBooth=4609","https://expo.semi.org/china2026/Public/imgHandler.ashx?Task=1&ID=../CUSTOM/CustomField24.png"
"Smiths Interconnect","https://expo.semi.org/china2026/Public/eBooth.aspx?IndexInList=913&FromPage=Exhibitors.aspx&ParentBoothID=&ListByBooth=true&BoothID=662414","6278","https://expo.semi.org/china2026/Public/eventmap.aspx?MapItBoothID=662414&MapItBooth=6278","https://expo.semi.org/china2026/Public/imgHandler.ashx?Task=1&ID=../CUSTOM/CustomField24.png"
"Solex Electronic Technology Co.,Ltd.","https://expo.semi.org/china2026/Public/eBooth.aspx?IndexInList=914&FromPage=Exhibitors.aspx&ParentBoothID=&ListByBooth=true&BoothID=639772","6756","https://expo.semi.org/china2026/Public/eventmap.aspx?MapItBoothID=639772&MapItBooth=6756","https://expo.semi.org/china2026/Public/imgHandler.ashx?Task=1&ID=../CUSTOM/CustomField24.png"
"Solvay Lantian (Quzhou) Chemicals Co.,Ltd.","https://expo.semi.org/china2026/Public/eBooth.aspx?IndexInList=915&FromPage=Exhibitors.aspx&ParentBoothID=&ListByBooth=true&BoothID=662388","6375","https://expo.semi.org/china2026/Public/eventmap.aspx?MapItBoothID=662388&MapItBooth=6375",""
"SPEA S.p.A","https://expo.semi.org/china2026/Public/eBooth.aspx?IndexInList=916&FromPage=Exhibitors.aspx&ParentBoothID=&ListByBooth=true&BoothID=671583","3371","https://expo.semi.org/china2026/Public/eventmap.aspx?MapItBoothID=671583&MapItBooth=3371",""
"Specho Electronic Technology (Shanghai) Co.,Ltd","https://expo.semi.org/china2026/Public/eBooth.aspx?IndexInList=917&FromPage=Exhibitors.aspx&ParentBoothID=&ListByBooth=true&BoothID=640042","6156","https://expo.semi.org/china2026/Public/eventmap.aspx?MapItBoothID=640042&MapItBooth=6156","https://expo.semi.org/china2026/Public/imgHandler.ashx?Task=1&ID=../CUSTOM/CustomField24.png"
"Spectron Gas Control Systems (Shanghai) Co.,Ltd.","https://expo.semi.org/china2026/Public/eBooth.aspx?IndexInList=918&FromPage=Exhibitors.aspx&ParentBoothID=&ListByBooth=true&BoothID=641009","T0225","https://expo.semi.org/china2026/Public/eventmap.aspx?MapItBoothID=641009&MapItBooth=T0225","https://expo.semi.org/china2026/Public/imgHandler.ashx?Task=1&ID=../CUSTOM/CustomField24.png"
"Spectrum Materials Corporation Limited","https://expo.semi.org/china2026/Public/eBooth.aspx?IndexInList=919&FromPage=Exhibitors.aspx&ParentBoothID=&ListByBooth=true&BoothID=639948","6559","https://expo.semi.org/china2026/Public/eventmap.aspx?MapItBoothID=639948&MapItBooth=6559","https://expo.semi.org/china2026/Public/imgHandler.ashx?Task=1&ID=../CUSTOM/CustomField24.png"
"Speedfam Mechtronics (Nanjing) Ltd","https://expo.semi.org/china2026/Public/eBooth.aspx?IndexInList=920&FromPage=Exhibitors.aspx&ParentBoothID=&ListByBooth=true&BoothID=638411","4171","https://expo.semi.org/china2026/Public/eventmap.aspx?MapItBoothID=638411&MapItBooth=4171","https://expo.semi.org/china2026/Public/imgHandler.ashx?Task=1&ID=../CUSTOM/CustomField24.png"
"SPMC (Changzhou) Co., Ltd.(Semiconductor Precision Machinery)","https://expo.semi.org/china2026/Public/eBooth.aspx?IndexInList=921&FromPage=Exhibitors.aspx&ParentBoothID=&ListByBooth=true&BoothID=637837","3356","https://expo.semi.org/china2026/Public/eventmap.aspx?MapItBoothID=637837&MapItBooth=3356","https://expo.semi.org/china2026/Public/imgHandler.ashx?Task=1&ID=../CUSTOM/CustomField24.png"
"Sprint Precision Technologies ( Jiangsu ) Co., Ltd.","https://expo.semi.org/china2026/Public/eBooth.aspx?IndexInList=922&FromPage=Exhibitors.aspx&ParentBoothID=&ListByBooth=true&BoothID=640258","6109","https://expo.semi.org/china2026/Public/eventmap.aspx?MapItBoothID=640258&MapItBooth=6109","https://expo.semi.org/china2026/Public/imgHandler.ashx?Task=1&ID=../CUSTOM/CustomField24.png"
"SPT- Small Precision Tools Co.,  Ltd.","https://expo.semi.org/china2026/Public/eBooth.aspx?IndexInList=923&FromPage=Exhibitors.aspx&ParentBoothID=&ListByBooth=true&BoothID=638034","3483","https://expo.semi.org/china2026/Public/eventmap.aspx?MapItBoothID=638034&MapItBooth=3483","https://expo.semi.org/china2026/Public/imgHandler.ashx?Task=1&ID=../CUSTOM/CustomField24.png"
"Standard Robots (Wuxi) Co., Ltd.","https://expo.semi.org/china2026/Public/eBooth.aspx?IndexInList=924&FromPage=Exhibitors.aspx&ParentBoothID=&ListByBooth=true&BoothID=649319","T4248","https://expo.semi.org/china2026/Public/eventmap.aspx?MapItBoothID=649319&MapItBooth=T4248","https://expo.semi.org/china2026/Public/imgHandler.ashx?Task=1&ID=../CUSTOM/CustomField24.png"
"Staubli (Hangzhou) Mechatronic Co.,Ltd.","https://expo.semi.org/china2026/Public/eBooth.aspx?IndexInList=925&FromPage=Exhibitors.aspx&ParentBoothID=&ListByBooth=true&BoothID=649270","T4441","https://expo.semi.org/china2026/Public/eventmap.aspx?MapItBoothID=649270&MapItBooth=T4441","https://expo.semi.org/china2026/Public/imgHandler.ashx?Task=1&ID=../CUSTOM/CustomField24.png"
"Stella International Corporation Limited","https://expo.semi.org/china2026/Public/eBooth.aspx?IndexInList=926&FromPage=Exhibitors.aspx&ParentBoothID=&ListByBooth=true&BoothID=637281","2381","https://expo.semi.org/china2026/Public/eventmap.aspx?MapItBoothID=637281&MapItBooth=2381","https://expo.semi.org/china2026/Public/imgHandler.ashx?Task=1&ID=../CUSTOM/CustomField24.png"
"Su Zhou Precision Test Tech. Ltd.","https://expo.semi.org/china2026/Public/eBooth.aspx?IndexInList=927&FromPage=Exhibitors.aspx&ParentBoothID=&ListByBooth=true&BoothID=641633","T3351","https://expo.semi.org/china2026/Public/eventmap.aspx?MapItBoothID=641633&MapItBooth=T3351","https://expo.semi.org/china2026/Public/imgHandler.ashx?Task=1&ID=../CUSTOM/CustomField24.png"
"Sumika Electronic Materials (Shanghai) Corporation","https://expo.semi.org/china2026/Public/eBooth.aspx?IndexInList=928&FromPage=Exhibitors.aspx&ParentBoothID=&ListByBooth=true&BoothID=679745","7135","https://expo.semi.org/china2026/Public/eventmap.aspx?MapItBoothID=679745&MapItBooth=7135",""
"Sumika Electronic Materials(Changzhou)Co.,Ltd","https://expo.semi.org/china2026/Public/eBooth.aspx?IndexInList=929&FromPage=Exhibitors.aspx&ParentBoothID=&ListByBooth=true&BoothID=671586","7135","https://expo.semi.org/china2026/Public/eventmap.aspx?MapItBoothID=671586&MapItBooth=7135",""
"Sumika Electronic Materials(Xian)Co.,Ltd","https://expo.semi.org/china2026/Public/eBooth.aspx?IndexInList=930&FromPage=Exhibitors.aspx&ParentBoothID=&ListByBooth=true&BoothID=671587","7135","https://expo.semi.org/china2026/Public/eventmap.aspx?MapItBoothID=671587&MapItBooth=7135",""
"SUNRED ELECTRONIC EQUIPMENT (WUXI) CO.,LTD.","https://expo.semi.org/china2026/Public/eBooth.aspx?IndexInList=931&FromPage=Exhibitors.aspx&ParentBoothID=&ListByBooth=true&BoothID=638565","4311","https://expo.semi.org/china2026/Public/eventmap.aspx?MapItBoothID=638565&MapItBooth=4311",""
"Suntech Co., Ltd","https://expo.semi.org/china2026/Public/eBooth.aspx?IndexInList=932&FromPage=Exhibitors.aspx&ParentBoothID=&ListByBooth=true&BoothID=638974","4703","https://expo.semi.org/china2026/Public/eventmap.aspx?MapItBoothID=638974&MapItBooth=4703","https://expo.semi.org/china2026/Public/imgHandler.ashx?Task=1&ID=../CUSTOM/CustomField24.png"
"Suntific Materials (Weifang), Ltd","https://expo.semi.org/china2026/Public/eBooth.aspx?IndexInList=933&FromPage=Exhibitors.aspx&ParentBoothID=&ListByBooth=true&BoothID=640090","6329","https://expo.semi.org/china2026/Public/eventmap.aspx?MapItBoothID=640090&MapItBooth=6329","https://expo.semi.org/china2026/Public/imgHandler.ashx?Task=1&ID=../CUSTOM/CustomField24.png"
"Sunto Semiconductor Technology Shanghai Co., Ltd.","https://expo.semi.org/china2026/Public/eBooth.aspx?IndexInList=934&FromPage=Exhibitors.aspx&ParentBoothID=&ListByBooth=true&BoothID=639356","5489","https://expo.semi.org/china2026/Public/eventmap.aspx?MapItBoothID=639356&MapItBooth=5489","https://expo.semi.org/china2026/Public/imgHandler.ashx?Task=1&ID=../CUSTOM/CustomField24.png"
"SurplusGLOBAL, Inc.","https://expo.semi.org/china2026/Public/eBooth.aspx?IndexInList=935&FromPage=Exhibitors.aspx&ParentBoothID=&ListByBooth=true&BoothID=639065","5151","https://expo.semi.org/china2026/Public/eventmap.aspx?MapItBoothID=639065&MapItBooth=5151","https://expo.semi.org/china2026/Public/imgHandler.ashx?Task=1&ID=../CUSTOM/CustomField24.png"
"SUSS MicroTec (Shanghai) Co., Ltd.","https://expo.semi.org/china2026/Public/eBooth.aspx?IndexInList=936&FromPage=Exhibitors.aspx&ParentBoothID=&ListByBooth=true&BoothID=637087","2163","https://expo.semi.org/china2026/Public/eventmap.aspx?MapItBoothID=637087&MapItBooth=2163","https://expo.semi.org/china2026/Public/imgHandler.ashx?Task=1&ID=../CUSTOM/CustomField24.png"
"Suzhou AODE precise equipment Co.,LTD.","https://expo.semi.org/china2026/Public/eBooth.aspx?IndexInList=937&FromPage=Exhibitors.aspx&ParentBoothID=&ListByBooth=true&BoothID=656442","T3378","https://expo.semi.org/china2026/Public/eventmap.aspx?MapItBoothID=656442&MapItBooth=T3378","https://expo.semi.org/china2026/Public/imgHandler.ashx?Task=1&ID=../CUSTOM/CustomField24.png"
"Suzhou Baicon Sensor Technology Co.,LTD","https://expo.semi.org/china2026/Public/eBooth.aspx?IndexInList=938&FromPage=Exhibitors.aspx&ParentBoothID=&ListByBooth=true&BoothID=649268","T4445","https://expo.semi.org/china2026/Public/eventmap.aspx?MapItBoothID=649268&MapItBooth=T4445","https://expo.semi.org/china2026/Public/imgHandler.ashx?Task=1&ID=../CUSTOM/CustomField24.png"
"Suzhou Betpak New Material Technology Co., Ltd","https://expo.semi.org/china2026/Public/eBooth.aspx?IndexInList=939&FromPage=Exhibitors.aspx&ParentBoothID=&ListByBooth=true&BoothID=641147","T1208","https://expo.semi.org/china2026/Public/eventmap.aspx?MapItBoothID=641147&MapItBooth=T1208","https://expo.semi.org/china2026/Public/imgHandler.ashx?Task=1&ID=../CUSTOM/CustomField24.png"
"SUZHOU BOHONGYUAN EQUIPMENT CO.,LTD","https://expo.semi.org/china2026/Public/eBooth.aspx?IndexInList=940&FromPage=Exhibitors.aspx&ParentBoothID=&ListByBooth=true&BoothID=649192","4204","https://expo.semi.org/china2026/Public/eventmap.aspx?MapItBoothID=649192&MapItBooth=4204",""
"Suzhou Boschman Semiconductor Equipment Co.,Ltd.","https://expo.semi.org/china2026/Public/eBooth.aspx?IndexInList=941&FromPage=Exhibitors.aspx&ParentBoothID=&ListByBooth=true&BoothID=662382","6478","https://expo.semi.org/china2026/Public/eventmap.aspx?MapItBoothID=662382&MapItBooth=6478","https://expo.semi.org/china2026/Public/imgHandler.ashx?Task=1&ID=../CUSTOM/CustomField24.png"
"Suzhou Bozhon Semiconductor Co.,Ltd","https://expo.semi.org/china2026/Public/eBooth.aspx?IndexInList=942&FromPage=Exhibitors.aspx&ParentBoothID=&ListByBooth=true&BoothID=649267","T4447","https://expo.semi.org/china2026/Public/eventmap.aspx?MapItBoothID=649267&MapItBooth=T4447","https://expo.semi.org/china2026/Public/imgHandler.ashx?Task=1&ID=../CUSTOM/CustomField24.png"
"Suzhou Delphi Laser Co., Ltd.","https://expo.semi.org/china2026/Public/eBooth.aspx?IndexInList=943&FromPage=Exhibitors.aspx&ParentBoothID=&ListByBooth=true&BoothID=645809","T3332","https://expo.semi.org/china2026/Public/eventmap.aspx?MapItBoothID=645809&MapItBooth=T3332","https://expo.semi.org/china2026/Public/imgHandler.ashx?Task=1&ID=../CUSTOM/CustomField24.png"
"SuZhou Dongmai New Material Technology CO.,Ltd.","https://expo.semi.org/china2026/Public/eBooth.aspx?IndexInList=944&FromPage=Exhibitors.aspx&ParentBoothID=&ListByBooth=true&BoothID=639782","6657","https://expo.semi.org/china2026/Public/eventmap.aspx?MapItBoothID=639782&MapItBooth=6657","https://expo.semi.org/china2026/Public/imgHandler.ashx?Task=1&ID=../CUSTOM/CustomField24.png"
"Suzhou Eoulu System Integration Co.,Ltd.","https://expo.semi.org/china2026/Public/eBooth.aspx?IndexInList=945&FromPage=Exhibitors.aspx&ParentBoothID=&ListByBooth=true&BoothID=640864","7751","https://expo.semi.org/china2026/Public/eventmap.aspx?MapItBoothID=640864&MapItBooth=7751","https://expo.semi.org/china2026/Public/imgHandler.ashx?Task=1&ID=../CUSTOM/CustomField24.png"
"Suzhou Govion Semiconductor Technology Co.,Ltd","https://expo.semi.org/china2026/Public/eBooth.aspx?IndexInList=946&FromPage=Exhibitors.aspx&ParentBoothID=&ListByBooth=true&BoothID=641851","T2331","https://expo.semi.org/china2026/Public/eventmap.aspx?MapItBoothID=641851&MapItBooth=T2331","https://expo.semi.org/china2026/Public/imgHandler.ashx?Task=1&ID=../CUSTOM/CustomField24.png"
"Suzhou GTW Semiconductor Technology Co., Ltd.","https://expo.semi.org/china2026/Public/eBooth.aspx?IndexInList=947&FromPage=Exhibitors.aspx&ParentBoothID=&ListByBooth=true&BoothID=678818","T0124","https://expo.semi.org/china2026/Public/eventmap.aspx?MapItBoothID=678818&MapItBooth=T0124","https://expo.semi.org/china2026/Public/imgHandler.ashx?Task=1&ID=../CUSTOM/CustomField24.png"
"SuZhou Guangduo Micro, Nano Devices Co., Ltd","https://expo.semi.org/china2026/Public/eBooth.aspx?IndexInList=948&FromPage=Exhibitors.aspx&ParentBoothID=&ListByBooth=true&BoothID=656991","2247","https://expo.semi.org/china2026/Public/eventmap.aspx?MapItBoothID=656991&MapItBooth=2247","https://expo.semi.org/china2026/Public/imgHandler.ashx?Task=1&ID=../CUSTOM/CustomField24.png"
"Suzhou HanHua Semiconductor Co., Ltd","https://expo.semi.org/china2026/Public/eBooth.aspx?IndexInList=949&FromPage=Exhibitors.aspx&ParentBoothID=&ListByBooth=true&BoothID=637059","2208","https://expo.semi.org/china2026/Public/eventmap.aspx?MapItBoothID=637059&MapItBooth=2208","https://expo.semi.org/china2026/Public/imgHandler.ashx?Task=1&ID=../CUSTOM/CustomField24.png"
"Suzhou Hannock Precision Technology Co., Ltd.","https://expo.semi.org/china2026/Public/eBooth.aspx?IndexInList=950&FromPage=Exhibitors.aspx&ParentBoothID=&ListByBooth=true&BoothID=640025","6252","https://expo.semi.org/china2026/Public/eventmap.aspx?MapItBoothID=640025&MapItBooth=6252","https://expo.semi.org/china2026/Public/imgHandler.ashx?Task=1&ID=../CUSTOM/CustomField24.png"
"Suzhou HRT Electronic Equipment Technology Co., Ltd","https://expo.semi.org/china2026/Public/eBooth.aspx?IndexInList=951&FromPage=Exhibitors.aspx&ParentBoothID=&ListByBooth=true&BoothID=638393","4131","https://expo.semi.org/china2026/Public/eventmap.aspx?MapItBoothID=638393&MapItBooth=4131","https://expo.semi.org/china2026/Public/imgHandler.ashx?Task=1&ID=../CUSTOM/CustomField24.png"
"Suzhou HYC Technology Co., Ltd","https://expo.semi.org/china2026/Public/eBooth.aspx?IndexInList=952&FromPage=Exhibitors.aspx&ParentBoothID=&ListByBooth=true&BoothID=640557","7413","https://expo.semi.org/china2026/Public/eventmap.aspx?MapItBoothID=640557&MapItBooth=7413","https://expo.semi.org/china2026/Public/imgHandler.ashx?Task=1&ID=../CUSTOM/CustomField24.png"
"Suzhou IV Technologies Co., Ltd","https://expo.semi.org/china2026/Public/eBooth.aspx?IndexInList=953&FromPage=Exhibitors.aspx&ParentBoothID=&ListByBooth=true&BoothID=642993","7629","https://expo.semi.org/china2026/Public/eventmap.aspx?MapItBoothID=642993&MapItBooth=7629","https://expo.semi.org/china2026/Public/imgHandler.ashx?Task=1&ID=../CUSTOM/CustomField24.png"
"Suzhou Jieruisi Intelligent Technology Co., Ltd.","https://expo.semi.org/china2026/Public/eBooth.aspx?IndexInList=954&FromPage=Exhibitors.aspx&ParentBoothID=&ListByBooth=true&BoothID=641198","T1117","https://expo.semi.org/china2026/Public/eventmap.aspx?MapItBoothID=641198&MapItBooth=T1117","https://expo.semi.org/china2026/Public/imgHandler.ashx?Task=1&ID=../CUSTOM/CustomField24.png"
"Suzhou Jinghe Semiconductor Technology Co.,Ltd.","https://expo.semi.org/china2026/Public/eBooth.aspx?IndexInList=955&FromPage=Exhibitors.aspx&ParentBoothID=&ListByBooth=true&BoothID=678819","T0122","https://expo.semi.org/china2026/Public/eventmap.aspx?MapItBoothID=678819&MapItBooth=T0122","https://expo.semi.org/china2026/Public/imgHandler.ashx?Task=1&ID=../CUSTOM/CustomField24.png"
"Suzhou Jinhong Gas Co., Ltd","https://expo.semi.org/china2026/Public/eBooth.aspx?IndexInList=956&FromPage=Exhibitors.aspx&ParentBoothID=&ListByBooth=true&BoothID=639059","5143","https://expo.semi.org/china2026/Public/eventmap.aspx?MapItBoothID=639059&MapItBooth=5143","https://expo.semi.org/china2026/Public/imgHandler.ashx?Task=1&ID=../CUSTOM/CustomField24.png"
"Suzhou Jodell Robotics Co., Ltd.","https://expo.semi.org/china2026/Public/eBooth.aspx?IndexInList=957&FromPage=Exhibitors.aspx&ParentBoothID=&ListByBooth=true&BoothID=639790","6772","https://expo.semi.org/china2026/Public/eventmap.aspx?MapItBoothID=639790&MapItBooth=6772","https://expo.semi.org/china2026/Public/imgHandler.ashx?Task=1&ID=../CUSTOM/CustomField24.png"
"Suzhou Junhexin Semiconductor Technology Co., Ltd","https://expo.semi.org/china2026/Public/eBooth.aspx?IndexInList=958&FromPage=Exhibitors.aspx&ParentBoothID=&ListByBooth=true&BoothID=649329","T4141","https://expo.semi.org/china2026/Public/eventmap.aspx?MapItBoothID=649329&MapItBooth=T4141","https://expo.semi.org/china2026/Public/imgHandler.ashx?Task=1&ID=../CUSTOM/CustomField24.png"
"Suzhou Junhua Semiconductor Technology Co., Ltd.","https://expo.semi.org/china2026/Public/eBooth.aspx?IndexInList=959&FromPage=Exhibitors.aspx&ParentBoothID=&ListByBooth=true&BoothID=639036","5200","https://expo.semi.org/china2026/Public/eventmap.aspx?MapItBoothID=639036&MapItBooth=5200","https://expo.semi.org/china2026/Public/imgHandler.ashx?Task=1&ID=../CUSTOM/CustomField24.png"
"Suzhou Kematek, Inc","https://expo.semi.org/china2026/Public/eBooth.aspx?IndexInList=960&FromPage=Exhibitors.aspx&ParentBoothID=&ListByBooth=true&BoothID=640761","7601","https://expo.semi.org/china2026/Public/eventmap.aspx?MapItBoothID=640761&MapItBooth=7601","https://expo.semi.org/china2026/Public/imgHandler.ashx?Task=1&ID=../CUSTOM/CustomField24.png"
"Suzhou Kzone Equipment Technology Co., Ltd","https://expo.semi.org/china2026/Public/eBooth.aspx?IndexInList=961&FromPage=Exhibitors.aspx&ParentBoothID=&ListByBooth=true&BoothID=639008","4114","https://expo.semi.org/china2026/Public/eventmap.aspx?MapItBoothID=639008&MapItBooth=4114",""
"Suzhou Lieqi Intelligent Equipment Co., Ltd.","https://expo.semi.org/china2026/Public/eBooth.aspx?IndexInList=962&FromPage=Exhibitors.aspx&ParentBoothID=&ListByBooth=true&BoothID=654488","T1405","https://expo.semi.org/china2026/Public/eventmap.aspx?MapItBoothID=654488&MapItBooth=T1405","https://expo.semi.org/china2026/Public/imgHandler.ashx?Task=1&ID=../CUSTOM/CustomField24.png"
"Suzhou Lumi Laser Technology Co.,Ltd","https://expo.semi.org/china2026/Public/eBooth.aspx?IndexInList=963&FromPage=Exhibitors.aspx&ParentBoothID=&ListByBooth=true&BoothID=640330","7163","https://expo.semi.org/china2026/Public/eventmap.aspx?MapItBoothID=640330&MapItBooth=7163","https://expo.semi.org/china2026/Public/imgHandler.ashx?Task=1&ID=../CUSTOM/CustomField24.png"
"Suzhou Magnox Hygienic Materials Co.,Ltd.","https://expo.semi.org/china2026/Public/eBooth.aspx?IndexInList=964&FromPage=Exhibitors.aspx&ParentBoothID=&ListByBooth=true&BoothID=649297","T4436","https://expo.semi.org/china2026/Public/eventmap.aspx?MapItBoothID=649297&MapItBooth=T4436","https://expo.semi.org/china2026/Public/imgHandler.ashx?Task=1&ID=../CUSTOM/CustomField24.png"
"SuZhou Maxwell Technologies Co., Ltd","https://expo.semi.org/china2026/Public/eBooth.aspx?IndexInList=965&FromPage=Exhibitors.aspx&ParentBoothID=&ListByBooth=true&BoothID=639986","6355","https://expo.semi.org/china2026/Public/eventmap.aspx?MapItBoothID=639986&MapItBooth=6355","https://expo.semi.org/china2026/Public/imgHandler.ashx?Task=1&ID=../CUSTOM/CustomField24.png"
"Suzhou MEMStools Semiconductor Technology Co.,Ltd","https://expo.semi.org/china2026/Public/eBooth.aspx?IndexInList=966&FromPage=Exhibitors.aspx&ParentBoothID=&ListByBooth=true&BoothID=637682","2184","https://expo.semi.org/china2026/Public/eventmap.aspx?MapItBoothID=637682&MapItBooth=2184","https://expo.semi.org/china2026/Public/imgHandler.ashx?Task=1&ID=../CUSTOM/CustomField24.png"
"Suzhou Mica Technology Co., Ltd.","https://expo.semi.org/china2026/Public/eBooth.aspx?IndexInList=967&FromPage=Exhibitors.aspx&ParentBoothID=&ListByBooth=true&BoothID=638335","3763","https://expo.semi.org/china2026/Public/eventmap.aspx?MapItBoothID=638335&MapItBooth=3763","https://expo.semi.org/china2026/Public/imgHandler.ashx?Task=1&ID=../CUSTOM/CustomField24.png"
"Suzhou MTS Technology Co., Ltd.","https://expo.semi.org/china2026/Public/eBooth.aspx?IndexInList=968&FromPage=Exhibitors.aspx&ParentBoothID=&ListByBooth=true&BoothID=641144","T1103","https://expo.semi.org/china2026/Public/eventmap.aspx?MapItBoothID=641144&MapItBooth=T1103","https://expo.semi.org/china2026/Public/imgHandler.ashx?Task=1&ID=../CUSTOM/CustomField24.png"
"Suzhou Origin Materials Technology Co., Ltd.","https://expo.semi.org/china2026/Public/eBooth.aspx?IndexInList=969&FromPage=Exhibitors.aspx&ParentBoothID=&ListByBooth=true&BoothID=662764","2018","https://expo.semi.org/china2026/Public/eventmap.aspx?MapItBoothID=662764&MapItBooth=2018","https://expo.semi.org/china2026/Public/imgHandler.ashx?Task=1&ID=../CUSTOM/CustomField24.png"
"Suzhou purefilter purification Technology Co., Ltd","https://expo.semi.org/china2026/Public/eBooth.aspx?IndexInList=970&FromPage=Exhibitors.aspx&ParentBoothID=&ListByBooth=true&BoothID=641075","T0114","https://expo.semi.org/china2026/Public/eventmap.aspx?MapItBoothID=641075&MapItBooth=T0114","https://expo.semi.org/china2026/Public/imgHandler.ashx?Task=1&ID=../CUSTOM/CustomField24.png"
"Suzhou Puristone Intelligent Technology Co.,Ltd","https://expo.semi.org/china2026/Public/eBooth.aspx?IndexInList=971&FromPage=Exhibitors.aspx&ParentBoothID=&ListByBooth=true&BoothID=649304","T4335","https://expo.semi.org/china2026/Public/eventmap.aspx?MapItBoothID=649304&MapItBooth=T4335","https://expo.semi.org/china2026/Public/imgHandler.ashx?Task=1&ID=../CUSTOM/CustomField24.png"
"SUZHOU QIANMING SEMICONDUCTOR EQUIPMENT CO.,LTD","https://expo.semi.org/china2026/Public/eBooth.aspx?IndexInList=972&FromPage=Exhibitors.aspx&ParentBoothID=&ListByBooth=true&BoothID=668288","5812","https://expo.semi.org/china2026/Public/eventmap.aspx?MapItBoothID=668288&MapItBooth=5812","https://expo.semi.org/china2026/Public/imgHandler.ashx?Task=1&ID=../CUSTOM/CustomField24.png"
"Suzhou Rayzher Industrial Co., Ltd","https://expo.semi.org/china2026/Public/eBooth.aspx?IndexInList=973&FromPage=Exhibitors.aspx&ParentBoothID=&ListByBooth=true&BoothID=643001","7569","https://expo.semi.org/china2026/Public/eventmap.aspx?MapItBoothID=643001&MapItBooth=7569","https://expo.semi.org/china2026/Public/imgHandler.ashx?Task=1&ID=../CUSTOM/CustomField24.png"
"Suzhou Sail Science & Technology Co., Ltd.","https://expo.semi.org/china2026/Public/eBooth.aspx?IndexInList=974&FromPage=Exhibitors.aspx&ParentBoothID=&ListByBooth=true&BoothID=639570","5756","https://expo.semi.org/china2026/Public/eventmap.aspx?MapItBoothID=639570&MapItBooth=5756","https://expo.semi.org/china2026/Public/imgHandler.ashx?Task=1&ID=../CUSTOM/CustomField24.png"
"SUZHOU SANGUANG SCIENCE & TECHNOLOGY CO.,LTD.","https://expo.semi.org/china2026/Public/eBooth.aspx?IndexInList=975&FromPage=Exhibitors.aspx&ParentBoothID=&ListByBooth=true&BoothID=662381","6476","https://expo.semi.org/china2026/Public/eventmap.aspx?MapItBoothID=662381&MapItBooth=6476",""
"SUZHOU SEMC MICROELECTRONICS EQUIPMENT CO.,LTD","https://expo.semi.org/china2026/Public/eBooth.aspx?IndexInList=976&FromPage=Exhibitors.aspx&ParentBoothID=&ListByBooth=true&BoothID=649233","4339","https://expo.semi.org/china2026/Public/eventmap.aspx?MapItBoothID=649233&MapItBooth=4339",""
"Suzhou Semitop Semiconductor Co.,Ltd.","https://expo.semi.org/china2026/Public/eBooth.aspx?IndexInList=977&FromPage=Exhibitors.aspx&ParentBoothID=&ListByBooth=true&BoothID=640326","7155","https://expo.semi.org/china2026/Public/eventmap.aspx?MapItBoothID=640326&MapItBooth=7155","https://expo.semi.org/china2026/Public/imgHandler.ashx?Task=1&ID=../CUSTOM/CustomField24.png"
"Suzhou ShiJunXin Micro-Electronics CO.,LTD","https://expo.semi.org/china2026/Public/eBooth.aspx?IndexInList=978&FromPage=Exhibitors.aspx&ParentBoothID=&ListByBooth=true&BoothID=649295","T4440","https://expo.semi.org/china2026/Public/eventmap.aspx?MapItBoothID=649295&MapItBooth=T4440","https://expo.semi.org/china2026/Public/imgHandler.ashx?Task=1&ID=../CUSTOM/CustomField24.png"
"Suzhou Silicon Test System Co., Ltd","https://expo.semi.org/china2026/Public/eBooth.aspx?IndexInList=979&FromPage=Exhibitors.aspx&ParentBoothID=&ListByBooth=true&BoothID=640666","7563","https://expo.semi.org/china2026/Public/eventmap.aspx?MapItBoothID=640666&MapItBooth=7563","https://expo.semi.org/china2026/Public/imgHandler.ashx?Task=1&ID=../CUSTOM/CustomField24.png"
"Suzhou SLD Electronic Co., Ltd","https://expo.semi.org/china2026/Public/eBooth.aspx?IndexInList=980&FromPage=Exhibitors.aspx&ParentBoothID=&ListByBooth=true&BoothID=638512","4285","https://expo.semi.org/china2026/Public/eventmap.aspx?MapItBoothID=638512&MapItBooth=4285","https://expo.semi.org/china2026/Public/imgHandler.ashx?Task=1&ID=../CUSTOM/CustomField24.png"
"Suzhou Supermag Intelligent Technology Co.,Ltd.","https://expo.semi.org/china2026/Public/eBooth.aspx?IndexInList=981&FromPage=Exhibitors.aspx&ParentBoothID=&ListByBooth=true&BoothID=637509","2679","https://expo.semi.org/china2026/Public/eventmap.aspx?MapItBoothID=637509&MapItBooth=2679","https://expo.semi.org/china2026/Public/imgHandler.ashx?Task=1&ID=../CUSTOM/CustomField24.png"
"Suzhou Suyuan Advantec Machinery Co., Ltd","https://expo.semi.org/china2026/Public/eBooth.aspx?IndexInList=982&FromPage=Exhibitors.aspx&ParentBoothID=&ListByBooth=true&BoothID=637408","2559","https://expo.semi.org/china2026/Public/eventmap.aspx?MapItBoothID=637408&MapItBooth=2559","https://expo.semi.org/china2026/Public/imgHandler.ashx?Task=1&ID=../CUSTOM/CustomField24.png"
"SUZHOU THIRD ELECTRIC&ENGINEERING CO.,LTD.","https://expo.semi.org/china2026/Public/eBooth.aspx?IndexInList=983&FromPage=Exhibitors.aspx&ParentBoothID=&ListByBooth=true&BoothID=649302","T4339","https://expo.semi.org/china2026/Public/eventmap.aspx?MapItBoothID=649302&MapItBooth=T4339","https://expo.semi.org/china2026/Public/imgHandler.ashx?Task=1&ID=../CUSTOM/CustomField24.png"
"Suzhou Tsingkejiahe Technology Development Co.,Ltd.","https://expo.semi.org/china2026/Public/eBooth.aspx?IndexInList=984&FromPage=Exhibitors.aspx&ParentBoothID=&ListByBooth=true&BoothID=637382","2511","https://expo.semi.org/china2026/Public/eventmap.aspx?MapItBoothID=637382&MapItBooth=2511","https://expo.semi.org/china2026/Public/imgHandler.ashx?Task=1&ID=../CUSTOM/CustomField24.png"
"Suzhou Tusen Laser Co., Ltd","https://expo.semi.org/china2026/Public/eBooth.aspx?IndexInList=985&FromPage=Exhibitors.aspx&ParentBoothID=&ListByBooth=true&BoothID=640147","6132","https://expo.semi.org/china2026/Public/eventmap.aspx?MapItBoothID=640147&MapItBooth=6132","https://expo.semi.org/china2026/Public/imgHandler.ashx?Task=1&ID=../CUSTOM/CustomField24.png"
"Suzhou UIGreen Micro&Nano Technologies Co.,Ltd","https://expo.semi.org/china2026/Public/eBooth.aspx?IndexInList=986&FromPage=Exhibitors.aspx&ParentBoothID=&ListByBooth=true&BoothID=641338","T2317","https://expo.semi.org/china2026/Public/eventmap.aspx?MapItBoothID=641338&MapItBooth=T2317","https://expo.semi.org/china2026/Public/imgHandler.ashx?Task=1&ID=../CUSTOM/CustomField24.png"
"SUZHOU WEIFU MATERIAL CO., LTD","https://expo.semi.org/china2026/Public/eBooth.aspx?IndexInList=987&FromPage=Exhibitors.aspx&ParentBoothID=&ListByBooth=true&BoothID=649301","T4341","https://expo.semi.org/china2026/Public/eventmap.aspx?MapItBoothID=649301&MapItBooth=T4341","https://expo.semi.org/china2026/Public/imgHandler.ashx?Task=1&ID=../CUSTOM/CustomField24.png"
"SUZHOU WISH AI CO., LTD","https://expo.semi.org/china2026/Public/eBooth.aspx?IndexInList=988&FromPage=Exhibitors.aspx&ParentBoothID=&ListByBooth=true&BoothID=640040","6152","https://expo.semi.org/china2026/Public/eventmap.aspx?MapItBoothID=640040&MapItBooth=6152","https://expo.semi.org/china2026/Public/imgHandler.ashx?Task=1&ID=../CUSTOM/CustomField24.png"
"Suzhou Xinhe Semiconductor Material Co.,Ltd","https://expo.semi.org/china2026/Public/eBooth.aspx?IndexInList=989&FromPage=Exhibitors.aspx&ParentBoothID=&ListByBooth=true&BoothID=649408","T4108","https://expo.semi.org/china2026/Public/eventmap.aspx?MapItBoothID=649408&MapItBooth=T4108","https://expo.semi.org/china2026/Public/imgHandler.ashx?Task=1&ID=../CUSTOM/CustomField24.png"
"Suzhou Xinruiwei electronics equipment Co.,Ltd.","https://expo.semi.org/china2026/Public/eBooth.aspx?IndexInList=990&FromPage=Exhibitors.aspx&ParentBoothID=&ListByBooth=true&BoothID=671653","2405","https://expo.semi.org/china2026/Public/eventmap.aspx?MapItBoothID=671653&MapItBooth=2405","https://expo.semi.org/china2026/Public/imgHandler.ashx?Task=1&ID=../CUSTOM/CustomField24.png"
"Suzhou Xinshangsi Semiconductor Technology Co.,Ltd.","https://expo.semi.org/china2026/Public/eBooth.aspx?IndexInList=991&FromPage=Exhibitors.aspx&ParentBoothID=&ListByBooth=true&BoothID=641105","T1425","https://expo.semi.org/china2026/Public/eventmap.aspx?MapItBoothID=641105&MapItBooth=T1425","https://expo.semi.org/china2026/Public/imgHandler.ashx?Task=1&ID=../CUSTOM/CustomField24.png"
"Suzhou Xinshinuo Semiconductor Equipment Co.,Ltd","https://expo.semi.org/china2026/Public/eBooth.aspx?IndexInList=992&FromPage=Exhibitors.aspx&ParentBoothID=&ListByBooth=true&BoothID=641737","T3121","https://expo.semi.org/china2026/Public/eventmap.aspx?MapItBoothID=641737&MapItBooth=T3121","https://expo.semi.org/china2026/Public/imgHandler.ashx?Task=1&ID=../CUSTOM/CustomField24.png"
"Suzhou Xwesun Electronic Technology Co.,Ltd","https://expo.semi.org/china2026/Public/eBooth.aspx?IndexInList=993&FromPage=Exhibitors.aspx&ParentBoothID=&ListByBooth=true&BoothID=640784","7746","https://expo.semi.org/china2026/Public/eventmap.aspx?MapItBoothID=640784&MapItBooth=7746","https://expo.semi.org/china2026/Public/imgHandler.ashx?Task=1&ID=../CUSTOM/CustomField24.png"
"Suzhou Zhongte Microelectronics Technology Co.,Ltd.","https://expo.semi.org/china2026/Public/eBooth.aspx?IndexInList=994&FromPage=Exhibitors.aspx&ParentBoothID=&ListByBooth=true&BoothID=649438","T4306","https://expo.semi.org/china2026/Public/eventmap.aspx?MapItBoothID=649438&MapItBooth=T4306","https://expo.semi.org/china2026/Public/imgHandler.ashx?Task=1&ID=../CUSTOM/CustomField24.png"
"SuzhouRuishengJuchuangTechnologyCo.,Ltd.","https://expo.semi.org/china2026/Public/eBooth.aspx?IndexInList=995&FromPage=Exhibitors.aspx&ParentBoothID=&ListByBooth=true&BoothID=663593","T3313","https://expo.semi.org/china2026/Public/eventmap.aspx?MapItBoothID=663593&MapItBooth=T3313",""
"Syensqo (Shanghai) International Trading Co., Ltd","https://expo.semi.org/china2026/Public/eBooth.aspx?IndexInList=996&FromPage=Exhibitors.aspx&ParentBoothID=&ListByBooth=true&BoothID=640914","T0335","https://expo.semi.org/china2026/Public/eventmap.aspx?MapItBoothID=640914&MapItBooth=T0335","https://expo.semi.org/china2026/Public/imgHandler.ashx?Task=1&ID=../CUSTOM/CustomField24.png"
"SYSTECH TECHNOLOGY CO., LIMITED","https://expo.semi.org/china2026/Public/eBooth.aspx?IndexInList=997&FromPage=Exhibitors.aspx&ParentBoothID=&ListByBooth=true&BoothID=639687","5162","https://expo.semi.org/china2026/Public/eventmap.aspx?MapItBoothID=639687&MapItBooth=5162","https://expo.semi.org/china2026/Public/imgHandler.ashx?Task=1&ID=../CUSTOM/CustomField24.png"
"System Technology (Shenzhen) Co. ,Ltd","https://expo.semi.org/china2026/Public/eBooth.aspx?IndexInList=998&FromPage=Exhibitors.aspx&ParentBoothID=&ListByBooth=true&BoothID=639825","6666","https://expo.semi.org/china2026/Public/eventmap.aspx?MapItBoothID=639825&MapItBooth=6666","https://expo.semi.org/china2026/Public/imgHandler.ashx?Task=1&ID=../CUSTOM/CustomField24.png"
"SZSI-TECH","https://expo.semi.org/china2026/Public/eBooth.aspx?IndexInList=999&FromPage=Exhibitors.aspx&ParentBoothID=&ListByBooth=true&BoothID=641041","T0425","https://expo.semi.org/china2026/Public/eventmap.aspx?MapItBoothID=641041&MapItBooth=T0425","https://expo.semi.org/china2026/Public/imgHandler.ashx?Task=1&ID=../CUSTOM/CustomField24.png"
"SZWLCP Electronics","https://expo.semi.org/china2026/Public/eBooth.aspx?IndexInList=1000&FromPage=Exhibitors.aspx&ParentBoothID=&ListByBooth=true&BoothID=643002","7567","https://expo.semi.org/china2026/Public/eventmap.aspx?MapItBoothID=643002&MapItBooth=7567","https://expo.semi.org/china2026/Public/imgHandler.ashx?Task=1&ID=../CUSTOM/CustomField24.png"
"Taihe Gases (Jingzhou) Corporation Limited","https://expo.semi.org/china2026/Public/eBooth.aspx?IndexInList=1001&FromPage=Exhibitors.aspx&ParentBoothID=&ListByBooth=true&BoothID=649286","T4409","https://expo.semi.org/china2026/Public/eventmap.aspx?MapItBoothID=649286&MapItBooth=T4409","https://expo.semi.org/china2026/Public/imgHandler.ashx?Task=1&ID=../CUSTOM/CustomField24.png"
"Taiji Semiconductor (Suzhou) Co., Ltd","https://expo.semi.org/china2026/Public/eBooth.aspx?IndexInList=1002&FromPage=Exhibitors.aspx&ParentBoothID=&ListByBooth=true&BoothID=639427","5547","https://expo.semi.org/china2026/Public/eventmap.aspx?MapItBoothID=639427&MapItBooth=5547","https://expo.semi.org/china2026/Public/imgHandler.ashx?Task=1&ID=../CUSTOM/CustomField24.png"
"TAKIGEN MFG CO.,LTD","https://expo.semi.org/china2026/Public/eBooth.aspx?IndexInList=1003&FromPage=Exhibitors.aspx&ParentBoothID=&ListByBooth=true&BoothID=640133","6234","https://expo.semi.org/china2026/Public/eventmap.aspx?MapItBoothID=640133&MapItBooth=6234","https://expo.semi.org/china2026/Public/imgHandler.ashx?Task=1&ID=../CUSTOM/CustomField24.png"
"TANAKA PRECIOUS METALS Shanghai Co.,Ltd.","https://expo.semi.org/china2026/Public/eBooth.aspx?IndexInList=1004&FromPage=Exhibitors.aspx&ParentBoothID=&ListByBooth=true&BoothID=638356","3134","https://expo.semi.org/china2026/Public/eventmap.aspx?MapItBoothID=638356&MapItBooth=3134","https://expo.semi.org/china2026/Public/imgHandler.ashx?Task=1&ID=../CUSTOM/CustomField24.png"
"TankeBlue Semiconductor Co., Ltd.","https://expo.semi.org/china2026/Public/eBooth.aspx?IndexInList=1005&FromPage=Exhibitors.aspx&ParentBoothID=&ListByBooth=true&BoothID=637058","2101","https://expo.semi.org/china2026/Public/eventmap.aspx?MapItBoothID=637058&MapItBooth=2101","https://expo.semi.org/china2026/Public/imgHandler.ashx?Task=1&ID=../CUSTOM/CustomField24.png"
"TAZMO SEMITEC SHAOXING TECHNOLOGY CO.,LTD.","https://expo.semi.org/china2026/Public/eBooth.aspx?IndexInList=1006&FromPage=Exhibitors.aspx&ParentBoothID=&ListByBooth=true&BoothID=640674","7579","https://expo.semi.org/china2026/Public/eventmap.aspx?MapItBoothID=640674&MapItBooth=7579","https://expo.semi.org/china2026/Public/imgHandler.ashx?Task=1&ID=../CUSTOM/CustomField24.png"
"TBSTest Technologies Co., LTD.","https://expo.semi.org/china2026/Public/eBooth.aspx?IndexInList=1007&FromPage=Exhibitors.aspx&ParentBoothID=&ListByBooth=true&BoothID=640323","7149","https://expo.semi.org/china2026/Public/eventmap.aspx?MapItBoothID=640323&MapItBooth=7149","https://expo.semi.org/china2026/Public/imgHandler.ashx?Task=1&ID=../CUSTOM/CustomField24.png"
"Technic (China-HK) Limited","https://expo.semi.org/china2026/Public/eBooth.aspx?IndexInList=1008&FromPage=Exhibitors.aspx&ParentBoothID=&ListByBooth=true&BoothID=639684","5158","https://expo.semi.org/china2026/Public/eventmap.aspx?MapItBoothID=639684&MapItBooth=5158","https://expo.semi.org/china2026/Public/imgHandler.ashx?Task=1&ID=../CUSTOM/CustomField24.png"
"Technology Develop Semiconductor Co., Ltd.","https://expo.semi.org/china2026/Public/eBooth.aspx?IndexInList=1009&FromPage=Exhibitors.aspx&ParentBoothID=&ListByBooth=true&BoothID=641303","T2203","https://expo.semi.org/china2026/Public/eventmap.aspx?MapItBoothID=641303&MapItBooth=T2203","https://expo.semi.org/china2026/Public/imgHandler.ashx?Task=1&ID=../CUSTOM/CustomField24.png"
"Teesing Industrial Systems (Beijing) Co., Ltd.","https://expo.semi.org/china2026/Public/eBooth.aspx?IndexInList=1010&FromPage=Exhibitors.aspx&ParentBoothID=&ListByBooth=true&BoothID=641254","T1340","https://expo.semi.org/china2026/Public/eventmap.aspx?MapItBoothID=641254&MapItBooth=T1340","https://expo.semi.org/china2026/Public/imgHandler.ashx?Task=1&ID=../CUSTOM/CustomField24.png"
"Teltec Semiconductor Pacific Limited","https://expo.semi.org/china2026/Public/eBooth.aspx?IndexInList=1011&FromPage=Exhibitors.aspx&ParentBoothID=&ListByBooth=true&BoothID=637933","3351","https://expo.semi.org/china2026/Public/eventmap.aspx?MapItBoothID=637933&MapItBooth=3351","https://expo.semi.org/china2026/Public/imgHandler.ashx?Task=1&ID=../CUSTOM/CustomField24.png"
"Tengxuan Technology Co., Ltd.","https://expo.semi.org/china2026/Public/eBooth.aspx?IndexInList=1012&FromPage=Exhibitors.aspx&ParentBoothID=&ListByBooth=true&BoothID=662430","2343","https://expo.semi.org/china2026/Public/eventmap.aspx?MapItBoothID=662430&MapItBooth=2343",""
"Teradyne, Inc.","https://expo.semi.org/china2026/Public/eBooth.aspx?IndexInList=1013&FromPage=Exhibitors.aspx&ParentBoothID=&ListByBooth=true&BoothID=637277","2371","https://expo.semi.org/china2026/Public/eventmap.aspx?MapItBoothID=637277&MapItBooth=2371","https://expo.semi.org/china2026/Public/imgHandler.ashx?Task=1&ID=../CUSTOM/CustomField24.png"
"TESCAN CHINA,Ltd","https://expo.semi.org/china2026/Public/eBooth.aspx?IndexInList=1014&FromPage=Exhibitors.aspx&ParentBoothID=&ListByBooth=true&BoothID=649292","T4446","https://expo.semi.org/china2026/Public/eventmap.aspx?MapItBoothID=649292&MapItBooth=T4446","https://expo.semi.org/china2026/Public/imgHandler.ashx?Task=1&ID=../CUSTOM/CustomField24.png"
"Tesec Corporation","https://expo.semi.org/china2026/Public/eBooth.aspx?IndexInList=1015&FromPage=Exhibitors.aspx&ParentBoothID=&ListByBooth=true&BoothID=638965","4816","https://expo.semi.org/china2026/Public/eventmap.aspx?MapItBoothID=638965&MapItBooth=4816","https://expo.semi.org/china2026/Public/imgHandler.ashx?Task=1&ID=../CUSTOM/CustomField24.png"
"TFC","https://expo.semi.org/china2026/Public/eBooth.aspx?IndexInList=1016&FromPage=Exhibitors.aspx&ParentBoothID=&ListByBooth=true&BoothID=640835","7806","https://expo.semi.org/china2026/Public/eventmap.aspx?MapItBoothID=640835&MapItBooth=7806","https://expo.semi.org/china2026/Public/imgHandler.ashx?Task=1&ID=../CUSTOM/CustomField24.png"
"TGV Circuits Co.,Ltd","https://expo.semi.org/china2026/Public/eBooth.aspx?IndexInList=1017&FromPage=Exhibitors.aspx&ParentBoothID=&ListByBooth=true&BoothID=649971","1718","https://expo.semi.org/china2026/Public/eventmap.aspx?MapItBoothID=649971&MapItBooth=1718","https://expo.semi.org/china2026/Public/imgHandler.ashx?Task=1&ID=../CUSTOM/CustomField24.png"
"The Fourth Construction Co., Ltd. of China Electronics System Engineering","https://expo.semi.org/china2026/Public/eBooth.aspx?IndexInList=1018&FromPage=Exhibitors.aspx&ParentBoothID=&ListByBooth=true&BoothID=639699","6000","https://expo.semi.org/china2026/Public/eventmap.aspx?MapItBoothID=639699&MapItBooth=6000","https://expo.semi.org/china2026/Public/imgHandler.ashx?Task=1&ID=../CUSTOM/CustomField24.png"
"Thermo Application Science Co., Ltd.","https://expo.semi.org/china2026/Public/eBooth.aspx?IndexInList=1019&FromPage=Exhibitors.aspx&ParentBoothID=&ListByBooth=true&BoothID=668306","2519","https://expo.semi.org/china2026/Public/eventmap.aspx?MapItBoothID=668306&MapItBooth=2519","https://expo.semi.org/china2026/Public/imgHandler.ashx?Task=1&ID=../CUSTOM/CustomField24.png"
"Thinkon Semiconductor Jinzhou Corp.","https://expo.semi.org/china2026/Public/eBooth.aspx?IndexInList=1020&FromPage=Exhibitors.aspx&ParentBoothID=&ListByBooth=true&BoothID=641681","T3169","https://expo.semi.org/china2026/Public/eventmap.aspx?MapItBoothID=641681&MapItBooth=T3169","https://expo.semi.org/china2026/Public/imgHandler.ashx?Task=1&ID=../CUSTOM/CustomField24.png"
"Thinktrans Semiconductor Technology Ltd.","https://expo.semi.org/china2026/Public/eBooth.aspx?IndexInList=1021&FromPage=Exhibitors.aspx&ParentBoothID=&ListByBooth=true&BoothID=649403","T4418","https://expo.semi.org/china2026/Public/eventmap.aspx?MapItBoothID=649403&MapItBooth=T4418",""
"THK (CHINA) CO.,LTD","https://expo.semi.org/china2026/Public/eBooth.aspx?IndexInList=1022&FromPage=Exhibitors.aspx&ParentBoothID=&ListByBooth=true&BoothID=640067","6423","https://expo.semi.org/china2026/Public/eventmap.aspx?MapItBoothID=640067&MapItBooth=6423","https://expo.semi.org/china2026/Public/imgHandler.ashx?Task=1&ID=../CUSTOM/CustomField24.png"
"Tiancheng Advanced Semiconductor Technology Co.,Ltd.","https://expo.semi.org/china2026/Public/eBooth.aspx?IndexInList=1023&FromPage=Exhibitors.aspx&ParentBoothID=&ListByBooth=true&BoothID=639553","5623","https://expo.semi.org/china2026/Public/eventmap.aspx?MapItBoothID=639553&MapItBooth=5623","https://expo.semi.org/china2026/Public/imgHandler.ashx?Task=1&ID=../CUSTOM/CustomField24.png"
"TianJin HuanBo Science and Technology Co.,LTD.","https://expo.semi.org/china2026/Public/eBooth.aspx?IndexInList=1024&FromPage=Exhibitors.aspx&ParentBoothID=&ListByBooth=true&BoothID=649452","T4406","https://expo.semi.org/china2026/Public/eventmap.aspx?MapItBoothID=649452&MapItBooth=T4406","https://expo.semi.org/china2026/Public/imgHandler.ashx?Task=1&ID=../CUSTOM/CustomField24.png"
"Tianjin Logan KX Technology Co.,Ltd","https://expo.semi.org/china2026/Public/eBooth.aspx?IndexInList=1025&FromPage=Exhibitors.aspx&ParentBoothID=&ListByBooth=true&BoothID=649291","T4448","https://expo.semi.org/china2026/Public/eventmap.aspx?MapItBoothID=649291&MapItBooth=T4448","https://expo.semi.org/china2026/Public/imgHandler.ashx?Task=1&ID=../CUSTOM/CustomField24.png"
"Tianjin Vista Technology Development Co., Ltd.","https://expo.semi.org/china2026/Public/eBooth.aspx?IndexInList=1026&FromPage=Exhibitors.aspx&ParentBoothID=&ListByBooth=true&BoothID=649446","T4303","https://expo.semi.org/china2026/Public/eventmap.aspx?MapItBoothID=649446&MapItBooth=T4303","https://expo.semi.org/china2026/Public/imgHandler.ashx?Task=1&ID=../CUSTOM/CustomField24.png"
"Tianjin Worldstar Electronic Materials Co., Ltd.","https://expo.semi.org/china2026/Public/eBooth.aspx?IndexInList=1027&FromPage=Exhibitors.aspx&ParentBoothID=&ListByBooth=true&BoothID=640261","6106","https://expo.semi.org/china2026/Public/eventmap.aspx?MapItBoothID=640261&MapItBooth=6106","https://expo.semi.org/china2026/Public/imgHandler.ashx?Task=1&ID=../CUSTOM/CustomField24.png"
"TienMicro(Shandong) Co.,Ltd","https://expo.semi.org/china2026/Public/eBooth.aspx?IndexInList=1028&FromPage=Exhibitors.aspx&ParentBoothID=&ListByBooth=true&BoothID=637512","2683","https://expo.semi.org/china2026/Public/eventmap.aspx?MapItBoothID=637512&MapItBooth=2683","https://expo.semi.org/china2026/Public/imgHandler.ashx?Task=1&ID=../CUSTOM/CustomField24.png"
"Time Tech Spectra Co.,Ltd.","https://expo.semi.org/china2026/Public/eBooth.aspx?IndexInList=1029&FromPage=Exhibitors.aspx&ParentBoothID=&ListByBooth=true&BoothID=637061","2210","https://expo.semi.org/china2026/Public/eventmap.aspx?MapItBoothID=637061&MapItBooth=2210","https://expo.semi.org/china2026/Public/imgHandler.ashx?Task=1&ID=../CUSTOM/CustomField24.png"
"TMS Technology","https://expo.semi.org/china2026/Public/eBooth.aspx?IndexInList=1030&FromPage=Exhibitors.aspx&ParentBoothID=&ListByBooth=true&BoothID=639676","5134","https://expo.semi.org/china2026/Public/eventmap.aspx?MapItBoothID=639676&MapItBooth=5134","https://expo.semi.org/china2026/Public/imgHandler.ashx?Task=1&ID=../CUSTOM/CustomField24.png"
"Toflo Corporation Shanghai Representative Office","https://expo.semi.org/china2026/Public/eBooth.aspx?IndexInList=1031&FromPage=Exhibitors.aspx&ParentBoothID=&ListByBooth=true&BoothID=638981","4719","https://expo.semi.org/china2026/Public/eventmap.aspx?MapItBoothID=638981&MapItBooth=4719","https://expo.semi.org/china2026/Public/imgHandler.ashx?Task=1&ID=../CUSTOM/CustomField24.png"
"Tokai Carbon (Dalian) Co., Ltd","https://expo.semi.org/china2026/Public/eBooth.aspx?IndexInList=1032&FromPage=Exhibitors.aspx&ParentBoothID=&ListByBooth=true&BoothID=665896","6469-1","https://expo.semi.org/china2026/Public/eventmap.aspx?MapItBoothID=665896&MapItBooth=6469-1","https://expo.semi.org/china2026/Public/imgHandler.ashx?Task=1&ID=../CUSTOM/CustomField24.png"
"TOKYO ELECTRON","https://expo.semi.org/china2026/Public/eBooth.aspx?IndexInList=1033&FromPage=Exhibitors.aspx&ParentBoothID=&ListByBooth=true&BoothID=649941","1401","https://expo.semi.org/china2026/Public/eventmap.aspx?MapItBoothID=649941&MapItBooth=1401","https://expo.semi.org/china2026/Public/imgHandler.ashx?Task=1&ID=../CUSTOM/CustomField24.png"
"Tokyo Ohka Kogyo Co., Ltd","https://expo.semi.org/china2026/Public/eBooth.aspx?IndexInList=1034&FromPage=Exhibitors.aspx&ParentBoothID=&ListByBooth=true&BoothID=639134","5211","https://expo.semi.org/china2026/Public/eventmap.aspx?MapItBoothID=639134&MapItBooth=5211","https://expo.semi.org/china2026/Public/imgHandler.ashx?Task=1&ID=../CUSTOM/CustomField24.png"
"TongChao Precision Machinery Co.,Ltd","https://expo.semi.org/china2026/Public/eBooth.aspx?IndexInList=1035&FromPage=Exhibitors.aspx&ParentBoothID=&ListByBooth=true&BoothID=640884","7130","https://expo.semi.org/china2026/Public/eventmap.aspx?MapItBoothID=640884&MapItBooth=7130","https://expo.semi.org/china2026/Public/imgHandler.ashx?Task=1&ID=../CUSTOM/CustomField24.png"
"TongFu Microelectronics Co.,Ltd.","https://expo.semi.org/china2026/Public/eBooth.aspx?IndexInList=1036&FromPage=Exhibitors.aspx&ParentBoothID=&ListByBooth=true&BoothID=639610","5014","https://expo.semi.org/china2026/Public/eventmap.aspx?MapItBoothID=639610&MapItBooth=5014","https://expo.semi.org/china2026/Public/imgHandler.ashx?Task=1&ID=../CUSTOM/CustomField24.png"
"Topco Scientific (Shanghai) Co., Ltd.","https://expo.semi.org/china2026/Public/eBooth.aspx?IndexInList=1037&FromPage=Exhibitors.aspx&ParentBoothID=&ListByBooth=true&BoothID=640394","7223","https://expo.semi.org/china2026/Public/eventmap.aspx?MapItBoothID=640394&MapItBooth=7223","https://expo.semi.org/china2026/Public/imgHandler.ashx?Task=1&ID=../CUSTOM/CustomField24.png"
"Toyoko Gas Equipments (Shanghai) Co., Ltd.","https://expo.semi.org/china2026/Public/eBooth.aspx?IndexInList=1038&FromPage=Exhibitors.aspx&ParentBoothID=&ListByBooth=true&BoothID=638696","4489","https://expo.semi.org/china2026/Public/eventmap.aspx?MapItBoothID=638696&MapItBooth=4489","https://expo.semi.org/china2026/Public/imgHandler.ashx?Task=1&ID=../CUSTOM/CustomField24.png"
"TRUMPF Huettinger Electronics (Taicang) Co.,Ltd","https://expo.semi.org/china2026/Public/eBooth.aspx?IndexInList=1039&FromPage=Exhibitors.aspx&ParentBoothID=&ListByBooth=true&BoothID=640970","T0203","https://expo.semi.org/china2026/Public/eventmap.aspx?MapItBoothID=640970&MapItBooth=T0203","https://expo.semi.org/china2026/Public/imgHandler.ashx?Task=1&ID=../CUSTOM/CustomField24.png"
"Trustec Semiconductor Co.,Ltd(Suzhou)","https://expo.semi.org/china2026/Public/eBooth.aspx?IndexInList=1040&FromPage=Exhibitors.aspx&ParentBoothID=&ListByBooth=true&BoothID=639226","5301","https://expo.semi.org/china2026/Public/eventmap.aspx?MapItBoothID=639226&MapItBooth=5301","https://expo.semi.org/china2026/Public/imgHandler.ashx?Task=1&ID=../CUSTOM/CustomField24.png"
"TRUTH EQUIPMENT CO.,LTD","https://expo.semi.org/china2026/Public/eBooth.aspx?IndexInList=1041&FromPage=Exhibitors.aspx&ParentBoothID=&ListByBooth=true&BoothID=641170","T1424","https://expo.semi.org/china2026/Public/eventmap.aspx?MapItBoothID=641170&MapItBooth=T1424","https://expo.semi.org/china2026/Public/imgHandler.ashx?Task=1&ID=../CUSTOM/CustomField24.png"
"TRY Precision Technology Co., Ltd","https://expo.semi.org/china2026/Public/eBooth.aspx?IndexInList=1042&FromPage=Exhibitors.aspx&ParentBoothID=&ListByBooth=true&BoothID=638788","4587","https://expo.semi.org/china2026/Public/eventmap.aspx?MapItBoothID=638788&MapItBooth=4587","https://expo.semi.org/china2026/Public/imgHandler.ashx?Task=1&ID=../CUSTOM/CustomField24.png"
"TS Tech (Changzhou) Co., Ltd","https://expo.semi.org/china2026/Public/eBooth.aspx?IndexInList=1043&FromPage=Exhibitors.aspx&ParentBoothID=&ListByBooth=true&BoothID=641330","T2417","https://expo.semi.org/china2026/Public/eventmap.aspx?MapItBoothID=641330&MapItBooth=T2417","https://expo.semi.org/china2026/Public/imgHandler.ashx?Task=1&ID=../CUSTOM/CustomField24.png"
"TSI Instruments (Beijing) Co.,Ltd","https://expo.semi.org/china2026/Public/eBooth.aspx?IndexInList=1044&FromPage=Exhibitors.aspx&ParentBoothID=&ListByBooth=true&BoothID=640051","6630","https://expo.semi.org/china2026/Public/eventmap.aspx?MapItBoothID=640051&MapItBooth=6630","https://expo.semi.org/china2026/Public/imgHandler.ashx?Task=1&ID=../CUSTOM/CustomField24.png"
"TÜV Rheinland (Shanghai) Co., Ltd.","https://expo.semi.org/china2026/Public/eBooth.aspx?IndexInList=1045&FromPage=Exhibitors.aspx&ParentBoothID=&ListByBooth=true&BoothID=650033","2335","https://expo.semi.org/china2026/Public/eventmap.aspx?MapItBoothID=650033&MapItBooth=2335","https://expo.semi.org/china2026/Public/imgHandler.ashx?Task=1&ID=../CUSTOM/CustomField24.png"
"T-Vision (Hangzhou) Technology Co., Ltd","https://expo.semi.org/china2026/Public/eBooth.aspx?IndexInList=1046&FromPage=Exhibitors.aspx&ParentBoothID=&ListByBooth=true&BoothID=664260","2134","https://expo.semi.org/china2026/Public/eventmap.aspx?MapItBoothID=664260&MapItBooth=2134","https://expo.semi.org/china2026/Public/imgHandler.ashx?Task=1&ID=../CUSTOM/CustomField24.png"
"TwinSolution Technology (Shanghai) Co.,Ltd","https://expo.semi.org/china2026/Public/eBooth.aspx?IndexInList=1047&FromPage=Exhibitors.aspx&ParentBoothID=&ListByBooth=true&BoothID=638876","4681","https://expo.semi.org/china2026/Public/eventmap.aspx?MapItBoothID=638876&MapItBooth=4681","https://expo.semi.org/china2026/Public/imgHandler.ashx?Task=1&ID=../CUSTOM/CustomField24.png"
"TZTEK Technology Co.,Ltd.","https://expo.semi.org/china2026/Public/eBooth.aspx?IndexInList=1048&FromPage=Exhibitors.aspx&ParentBoothID=&ListByBooth=true&BoothID=641113","T1435","https://expo.semi.org/china2026/Public/eventmap.aspx?MapItBoothID=641113&MapItBooth=T1435","https://expo.semi.org/china2026/Public/imgHandler.ashx?Task=1&ID=../CUSTOM/CustomField24.png"
"UNI SEMICONDUCTOR CORPORATION","https://expo.semi.org/china2026/Public/eBooth.aspx?IndexInList=1049&FromPage=Exhibitors.aspx&ParentBoothID=&ListByBooth=true&BoothID=649350","T4133","https://expo.semi.org/china2026/Public/eventmap.aspx?MapItBoothID=649350&MapItBooth=T4133","https://expo.semi.org/china2026/Public/imgHandler.ashx?Task=1&ID=../CUSTOM/CustomField24.png"
"UNIQUE MICROELECT RONICS(HONGKONG)LIMTED","https://expo.semi.org/china2026/Public/eBooth.aspx?IndexInList=1050&FromPage=Exhibitors.aspx&ParentBoothID=&ListByBooth=true&BoothID=656441","T3273","https://expo.semi.org/china2026/Public/eventmap.aspx?MapItBoothID=656441&MapItBooth=T3273","https://expo.semi.org/china2026/Public/imgHandler.ashx?Task=1&ID=../CUSTOM/CustomField24.png"
"UniSiC Technology (Shanghai) Co.,Ltd.","https://expo.semi.org/china2026/Public/eBooth.aspx?IndexInList=1051&FromPage=Exhibitors.aspx&ParentBoothID=&ListByBooth=true&BoothID=649294","T4442","https://expo.semi.org/china2026/Public/eventmap.aspx?MapItBoothID=649294&MapItBooth=T4442","https://expo.semi.org/china2026/Public/imgHandler.ashx?Task=1&ID=../CUSTOM/CustomField24.png"
"U-Precision Tech Co., Ltd.","https://expo.semi.org/china2026/Public/eBooth.aspx?IndexInList=1052&FromPage=Exhibitors.aspx&ParentBoothID=&ListByBooth=true&BoothID=639257","5371","https://expo.semi.org/china2026/Public/eventmap.aspx?MapItBoothID=639257&MapItBooth=5371","https://expo.semi.org/china2026/Public/imgHandler.ashx?Task=1&ID=../CUSTOM/CustomField24.png"
"Ushio Shanghai ,Inc","https://expo.semi.org/china2026/Public/eBooth.aspx?IndexInList=1053&FromPage=Exhibitors.aspx&ParentBoothID=&ListByBooth=true&BoothID=638260","3675","https://expo.semi.org/china2026/Public/eventmap.aspx?MapItBoothID=638260&MapItBooth=3675","https://expo.semi.org/china2026/Public/imgHandler.ashx?Task=1&ID=../CUSTOM/CustomField24.png"
"UVIR CO., LIMITED","https://expo.semi.org/china2026/Public/eBooth.aspx?IndexInList=1054&FromPage=Exhibitors.aspx&ParentBoothID=&ListByBooth=true&BoothID=639789","6770","https://expo.semi.org/china2026/Public/eventmap.aspx?MapItBoothID=639789&MapItBooth=6770",""
"Vacree Technologies Co.,Ltd.","https://expo.semi.org/china2026/Public/eBooth.aspx?IndexInList=1055&FromPage=Exhibitors.aspx&ParentBoothID=&ListByBooth=true&BoothID=639011","4118","https://expo.semi.org/china2026/Public/eventmap.aspx?MapItBoothID=639011&MapItBooth=4118",""
"Valex Semiconductor Materials (zhejiang) Co.,Ltd","https://expo.semi.org/china2026/Public/eBooth.aspx?IndexInList=1056&FromPage=Exhibitors.aspx&ParentBoothID=&ListByBooth=true&BoothID=639942","6646","https://expo.semi.org/china2026/Public/eventmap.aspx?MapItBoothID=639942&MapItBooth=6646","https://expo.semi.org/china2026/Public/imgHandler.ashx?Task=1&ID=../CUSTOM/CustomField24.png"
"Valtech Corporation","https://expo.semi.org/china2026/Public/eBooth.aspx?IndexInList=1057&FromPage=Exhibitors.aspx&ParentBoothID=&ListByBooth=true&BoothID=668365","2744","https://expo.semi.org/china2026/Public/eventmap.aspx?MapItBoothID=668365&MapItBooth=2744","https://expo.semi.org/china2026/Public/imgHandler.ashx?Task=1&ID=../CUSTOM/CustomField24.png"
"Veeco Instruments (Shanghai) Co., Ltd.","https://expo.semi.org/china2026/Public/eBooth.aspx?IndexInList=1058&FromPage=Exhibitors.aspx&ParentBoothID=&ListByBooth=true&BoothID=638277","3816","https://expo.semi.org/china2026/Public/eventmap.aspx?MapItBoothID=638277&MapItBooth=3816","https://expo.semi.org/china2026/Public/imgHandler.ashx?Task=1&ID=../CUSTOM/CustomField24.png"
"VERTEKS SCIENTIFIC CORPORATION","https://expo.semi.org/china2026/Public/eBooth.aspx?IndexInList=1059&FromPage=Exhibitors.aspx&ParentBoothID=&ListByBooth=true&BoothID=664261","2138","https://expo.semi.org/china2026/Public/eventmap.aspx?MapItBoothID=664261&MapItBooth=2138","https://expo.semi.org/china2026/Public/imgHandler.ashx?Task=1&ID=../CUSTOM/CustomField24.png"
"Visino Technology (Xiamen) Co., Ltd","https://expo.semi.org/china2026/Public/eBooth.aspx?IndexInList=1060&FromPage=Exhibitors.aspx&ParentBoothID=&ListByBooth=true&BoothID=642876","6330","https://expo.semi.org/china2026/Public/eventmap.aspx?MapItBoothID=642876&MapItBooth=6330","https://expo.semi.org/china2026/Public/imgHandler.ashx?Task=1&ID=../CUSTOM/CustomField24.png"
"Vital Fluid Technology Co., Ltd.","https://expo.semi.org/china2026/Public/eBooth.aspx?IndexInList=1061&FromPage=Exhibitors.aspx&ParentBoothID=&ListByBooth=true&BoothID=640898","7170","https://expo.semi.org/china2026/Public/eventmap.aspx?MapItBoothID=640898&MapItBooth=7170","https://expo.semi.org/china2026/Public/imgHandler.ashx?Task=1&ID=../CUSTOM/CustomField24.png"
"Vital Materials Co., Ltd","https://expo.semi.org/china2026/Public/eBooth.aspx?IndexInList=1062&FromPage=Exhibitors.aspx&ParentBoothID=&ListByBooth=true&BoothID=640400","7235","https://expo.semi.org/china2026/Public/eventmap.aspx?MapItBoothID=640400&MapItBooth=7235","https://expo.semi.org/china2026/Public/imgHandler.ashx?Task=1&ID=../CUSTOM/CustomField24.png"
"VTECHSEMI INSTRUMENTS","https://expo.semi.org/china2026/Public/eBooth.aspx?IndexInList=1063&FromPage=Exhibitors.aspx&ParentBoothID=&ListByBooth=true&BoothID=671581","5543","https://expo.semi.org/china2026/Public/eventmap.aspx?MapItBoothID=671581&MapItBooth=5543",""
"WANHUA (CHANGZHOU) NEW MATERIALS TECHNOLOGY CO.,LTD.","https://expo.semi.org/china2026/Public/eBooth.aspx?IndexInList=1064&FromPage=Exhibitors.aspx&ParentBoothID=&ListByBooth=true&BoothID=639952","6547","https://expo.semi.org/china2026/Public/eventmap.aspx?MapItBoothID=639952&MapItBooth=6547","https://expo.semi.org/china2026/Public/imgHandler.ashx?Task=1&ID=../CUSTOM/CustomField24.png"
"Wanhua Electronic Materials Co.,Ltd.","https://expo.semi.org/china2026/Public/eBooth.aspx?IndexInList=1065&FromPage=Exhibitors.aspx&ParentBoothID=&ListByBooth=true&BoothID=641046","T0417","https://expo.semi.org/china2026/Public/eventmap.aspx?MapItBoothID=641046&MapItBooth=T0417","https://expo.semi.org/china2026/Public/imgHandler.ashx?Task=1&ID=../CUSTOM/CustomField24.png"
"Wavelength Opto-Electronic (Nanjing) Co.,Ltd","https://expo.semi.org/china2026/Public/eBooth.aspx?IndexInList=1066&FromPage=Exhibitors.aspx&ParentBoothID=&ListByBooth=true&BoothID=640148","6134","https://expo.semi.org/china2026/Public/eventmap.aspx?MapItBoothID=640148&MapItBooth=6134","https://expo.semi.org/china2026/Public/imgHandler.ashx?Task=1&ID=../CUSTOM/CustomField24.png"
"WENZHOU QIMING STAINLESS CO.,LTD","https://expo.semi.org/china2026/Public/eBooth.aspx?IndexInList=1067&FromPage=Exhibitors.aspx&ParentBoothID=&ListByBooth=true&BoothID=649307","T4344","https://expo.semi.org/china2026/Public/eventmap.aspx?MapItBoothID=649307&MapItBooth=T4344","https://expo.semi.org/china2026/Public/imgHandler.ashx?Task=1&ID=../CUSTOM/CustomField24.png"
"Wenzhou Zhibo Mechanical Technology Co.,Ltd","https://expo.semi.org/china2026/Public/eBooth.aspx?IndexInList=1068&FromPage=Exhibitors.aspx&ParentBoothID=&ListByBooth=true&BoothID=640894","7156","https://expo.semi.org/china2026/Public/eventmap.aspx?MapItBoothID=640894&MapItBooth=7156","https://expo.semi.org/china2026/Public/imgHandler.ashx?Task=1&ID=../CUSTOM/CustomField24.png"
"WESI Technology Limited","https://expo.semi.org/china2026/Public/eBooth.aspx?IndexInList=1069&FromPage=Exhibitors.aspx&ParentBoothID=&ListByBooth=true&BoothID=639261","5381","https://expo.semi.org/china2026/Public/eventmap.aspx?MapItBoothID=639261&MapItBooth=5381","https://expo.semi.org/china2026/Public/imgHandler.ashx?Task=1&ID=../CUSTOM/CustomField24.png"
"WESTLAKE INSTRUMENTS (HANGZHOU)TECHNOLOGY CO.,LTD","https://expo.semi.org/china2026/Public/eBooth.aspx?IndexInList=1070&FromPage=Exhibitors.aspx&ParentBoothID=&ListByBooth=true&BoothID=649919","1515","https://expo.semi.org/china2026/Public/eventmap.aspx?MapItBoothID=649919&MapItBooth=1515","https://expo.semi.org/china2026/Public/imgHandler.ashx?Task=1&ID=../CUSTOM/CustomField24.png"
"Whole Link International","https://expo.semi.org/china2026/Public/eBooth.aspx?IndexInList=1071&FromPage=Exhibitors.aspx&ParentBoothID=&ListByBooth=true&BoothID=638036","3489","https://expo.semi.org/china2026/Public/eventmap.aspx?MapItBoothID=638036&MapItBooth=3489","https://expo.semi.org/china2026/Public/imgHandler.ashx?Task=1&ID=../CUSTOM/CustomField24.png"
"WIKA International Trading (Shanghai) Co., Ltd.","https://expo.semi.org/china2026/Public/eBooth.aspx?IndexInList=1072&FromPage=Exhibitors.aspx&ParentBoothID=&ListByBooth=true&BoothID=649453","T4404","https://expo.semi.org/china2026/Public/eventmap.aspx?MapItBoothID=649453&MapItBooth=T4404",""
"Wing's Semiconductor Materials Co.,Ltd.","https://expo.semi.org/china2026/Public/eBooth.aspx?IndexInList=1073&FromPage=Exhibitors.aspx&ParentBoothID=&ListByBooth=true&BoothID=641059","T0445","https://expo.semi.org/china2026/Public/eventmap.aspx?MapItBoothID=641059&MapItBooth=T0445","https://expo.semi.org/china2026/Public/imgHandler.ashx?Task=1&ID=../CUSTOM/CustomField24.png"
"Wingzhen Technology (Shenzhen) Co., Ltd.","https://expo.semi.org/china2026/Public/eBooth.aspx?IndexInList=1074&FromPage=Exhibitors.aspx&ParentBoothID=&ListByBooth=true&BoothID=641756","T3137","https://expo.semi.org/china2026/Public/eventmap.aspx?MapItBoothID=641756&MapItBooth=T3137","https://expo.semi.org/china2026/Public/imgHandler.ashx?Task=1&ID=../CUSTOM/CustomField24.png"
"Winmax Technology Corp.","https://expo.semi.org/china2026/Public/eBooth.aspx?IndexInList=1075&FromPage=Exhibitors.aspx&ParentBoothID=&ListByBooth=true&BoothID=649306","T4346","https://expo.semi.org/china2026/Public/eventmap.aspx?MapItBoothID=649306&MapItBooth=T4346","https://expo.semi.org/china2026/Public/imgHandler.ashx?Task=1&ID=../CUSTOM/CustomField24.png"
"WINSSEMI","https://expo.semi.org/china2026/Public/eBooth.aspx?IndexInList=1076&FromPage=Exhibitors.aspx&ParentBoothID=&ListByBooth=true&BoothID=649367","T4218","https://expo.semi.org/china2026/Public/eventmap.aspx?MapItBoothID=649367&MapItBooth=T4218","https://expo.semi.org/china2026/Public/imgHandler.ashx?Task=1&ID=../CUSTOM/CustomField24.png"
"Win-Win Electronic Technology International Limited","https://expo.semi.org/china2026/Public/eBooth.aspx?IndexInList=1077&FromPage=Exhibitors.aspx&ParentBoothID=&ListByBooth=true&BoothID=638866","4659","https://expo.semi.org/china2026/Public/eventmap.aspx?MapItBoothID=638866&MapItBooth=4659","https://expo.semi.org/china2026/Public/imgHandler.ashx?Task=1&ID=../CUSTOM/CustomField24.png"
"Wisdom SemiTeC (Jiangsu) Technology Co.,Ltd.","https://expo.semi.org/china2026/Public/eBooth.aspx?IndexInList=1078&FromPage=Exhibitors.aspx&ParentBoothID=&ListByBooth=true&BoothID=668317","5518","https://expo.semi.org/china2026/Public/eventmap.aspx?MapItBoothID=668317&MapItBooth=5518","https://expo.semi.org/china2026/Public/imgHandler.ashx?Task=1&ID=../CUSTOM/CustomField24.png"
"WoNik Semicon CO.LTD.","https://expo.semi.org/china2026/Public/eBooth.aspx?IndexInList=1079&FromPage=Exhibitors.aspx&ParentBoothID=&ListByBooth=true&BoothID=640990","T0327","https://expo.semi.org/china2026/Public/eventmap.aspx?MapItBoothID=640990&MapItBooth=T0327","https://expo.semi.org/china2026/Public/imgHandler.ashx?Task=1&ID=../CUSTOM/CustomField24.png"
"Wuhan Choice Technology Co., Ltd","https://expo.semi.org/china2026/Public/eBooth.aspx?IndexInList=1080&FromPage=Exhibitors.aspx&ParentBoothID=&ListByBooth=true&BoothID=649444","T4307","https://expo.semi.org/china2026/Public/eventmap.aspx?MapItBoothID=649444&MapItBooth=T4307","https://expo.semi.org/china2026/Public/imgHandler.ashx?Task=1&ID=../CUSTOM/CustomField24.png"
"WUHAN DR LASER TECHNOLOGY CO., LTD.","https://expo.semi.org/china2026/Public/eBooth.aspx?IndexInList=1081&FromPage=Exhibitors.aspx&ParentBoothID=&ListByBooth=true&BoothID=668312","3760","https://expo.semi.org/china2026/Public/eventmap.aspx?MapItBoothID=668312&MapItBooth=3760","https://expo.semi.org/china2026/Public/imgHandler.ashx?Task=1&ID=../CUSTOM/CustomField24.png"
"Wuhan Glory Road Precision Technology Co.,Ltd.","https://expo.semi.org/china2026/Public/eBooth.aspx?IndexInList=1082&FromPage=Exhibitors.aspx&ParentBoothID=&ListByBooth=true&BoothID=649451","T4408","https://expo.semi.org/china2026/Public/eventmap.aspx?MapItBoothID=649451&MapItBooth=T4408","https://expo.semi.org/china2026/Public/imgHandler.ashx?Task=1&ID=../CUSTOM/CustomField24.png"
"Wuhan HGLaser Engineering Co., Ltd","https://expo.semi.org/china2026/Public/eBooth.aspx?IndexInList=1083&FromPage=Exhibitors.aspx&ParentBoothID=&ListByBooth=true&BoothID=637065","2220","https://expo.semi.org/china2026/Public/eventmap.aspx?MapItBoothID=637065&MapItBooth=2220","https://expo.semi.org/china2026/Public/imgHandler.ashx?Task=1&ID=../CUSTOM/CustomField24.png"
"Wuhan Huakang Century Clean Technology Co., Ltd.","https://expo.semi.org/china2026/Public/eBooth.aspx?IndexInList=1084&FromPage=Exhibitors.aspx&ParentBoothID=&ListByBooth=true&BoothID=662384","6482","https://expo.semi.org/china2026/Public/eventmap.aspx?MapItBoothID=662384&MapItBooth=6482","https://expo.semi.org/china2026/Public/imgHandler.ashx?Task=1&ID=../CUSTOM/CustomField24.png"
"Wuhan Jingce Electronic Group Co.,Ltd.","https://expo.semi.org/china2026/Public/eBooth.aspx?IndexInList=1085&FromPage=Exhibitors.aspx&ParentBoothID=&ListByBooth=true&BoothID=665901","T3366","https://expo.semi.org/china2026/Public/eventmap.aspx?MapItBoothID=665901&MapItBooth=T3366",""
"Wuhan Qiyunfang Technology Co.,Ltd","https://expo.semi.org/china2026/Public/eBooth.aspx?IndexInList=1086&FromPage=Exhibitors.aspx&ParentBoothID=&ListByBooth=true&BoothID=678731","6309","https://expo.semi.org/china2026/Public/eventmap.aspx?MapItBoothID=678731&MapItBooth=6309","https://expo.semi.org/china2026/Public/imgHandler.ashx?Task=1&ID=../CUSTOM/CustomField24.png"
"Wuhan Tuocai Technology Co.,Ltd","https://expo.semi.org/china2026/Public/eBooth.aspx?IndexInList=1087&FromPage=Exhibitors.aspx&ParentBoothID=&ListByBooth=true&BoothID=649335","T4146","https://expo.semi.org/china2026/Public/eventmap.aspx?MapItBoothID=649335&MapItBooth=T4146",""
"WuHu LDZX Semiconductor Co., Ltd.","https://expo.semi.org/china2026/Public/eBooth.aspx?IndexInList=1088&FromPage=Exhibitors.aspx&ParentBoothID=&ListByBooth=true&BoothID=639662","5783","https://expo.semi.org/china2026/Public/eventmap.aspx?MapItBoothID=639662&MapItBooth=5783","https://expo.semi.org/china2026/Public/imgHandler.ashx?Task=1&ID=../CUSTOM/CustomField24.png"
"Wushi Microelectronics (Suzhou) Co., Ltd","https://expo.semi.org/china2026/Public/eBooth.aspx?IndexInList=1089&FromPage=Exhibitors.aspx&ParentBoothID=&ListByBooth=true&BoothID=649400","T4424","https://expo.semi.org/china2026/Public/eventmap.aspx?MapItBoothID=649400&MapItBooth=T4424","https://expo.semi.org/china2026/Public/imgHandler.ashx?Task=1&ID=../CUSTOM/CustomField24.png"
"Wuxi Awing Technology Co.,Ltd","https://expo.semi.org/china2026/Public/eBooth.aspx?IndexInList=1090&FromPage=Exhibitors.aspx&ParentBoothID=&ListByBooth=true&BoothID=662418","6173","https://expo.semi.org/china2026/Public/eventmap.aspx?MapItBoothID=662418&MapItBooth=6173",""
"Wuxi G-chip Semiconductor Technology Co.,Ltd","https://expo.semi.org/china2026/Public/eBooth.aspx?IndexInList=1091&FromPage=Exhibitors.aspx&ParentBoothID=&ListByBooth=true&BoothID=641586","T3142","https://expo.semi.org/china2026/Public/eventmap.aspx?MapItBoothID=641586&MapItBooth=T3142","https://expo.semi.org/china2026/Public/imgHandler.ashx?Task=1&ID=../CUSTOM/CustomField24.png"
"WUXI GUANG YUAN XIN CHENG TECHNOLOGY CO.,LTD.","https://expo.semi.org/china2026/Public/eBooth.aspx?IndexInList=1092&FromPage=Exhibitors.aspx&ParentBoothID=&ListByBooth=true&BoothID=662397","6376","https://expo.semi.org/china2026/Public/eventmap.aspx?MapItBoothID=662397&MapItBooth=6376",""
"Wuxi Haiyi Semiconductor Technology Co.,Ltd.","https://expo.semi.org/china2026/Public/eBooth.aspx?IndexInList=1093&FromPage=Exhibitors.aspx&ParentBoothID=&ListByBooth=true&BoothID=637073","2234","https://expo.semi.org/china2026/Public/eventmap.aspx?MapItBoothID=637073&MapItBooth=2234","https://expo.semi.org/china2026/Public/imgHandler.ashx?Task=1&ID=../CUSTOM/CustomField24.png"
"Wuxi Hygood New Technology Co.,Ltd","https://expo.semi.org/china2026/Public/eBooth.aspx?IndexInList=1094&FromPage=Exhibitors.aspx&ParentBoothID=&ListByBooth=true&BoothID=637075","2240","https://expo.semi.org/china2026/Public/eventmap.aspx?MapItBoothID=637075&MapItBooth=2240",""
"Wuxi Infogram co., ltd","https://expo.semi.org/china2026/Public/eBooth.aspx?IndexInList=1095&FromPage=Exhibitors.aspx&ParentBoothID=&ListByBooth=true&BoothID=649316","T4239","https://expo.semi.org/china2026/Public/eventmap.aspx?MapItBoothID=649316&MapItBooth=T4239","https://expo.semi.org/china2026/Public/imgHandler.ashx?Task=1&ID=../CUSTOM/CustomField24.png"
"Wuxi Jerome Precision Mechanics Co., Ltd.","https://expo.semi.org/china2026/Public/eBooth.aspx?IndexInList=1096&FromPage=Exhibitors.aspx&ParentBoothID=&ListByBooth=true&BoothID=638338","3775","https://expo.semi.org/china2026/Public/eventmap.aspx?MapItBoothID=638338&MapItBooth=3775","https://expo.semi.org/china2026/Public/imgHandler.ashx?Task=1&ID=../CUSTOM/CustomField24.png"
"WUXI LEAD","https://expo.semi.org/china2026/Public/eBooth.aspx?IndexInList=1097&FromPage=Exhibitors.aspx&ParentBoothID=&ListByBooth=true&BoothID=641030","T0123","https://expo.semi.org/china2026/Public/eventmap.aspx?MapItBoothID=641030&MapItBooth=T0123","https://expo.semi.org/china2026/Public/imgHandler.ashx?Task=1&ID=../CUSTOM/CustomField24.png"
"Wuxi LUCKY SEMI Technology Co., Ltd","https://expo.semi.org/china2026/Public/eBooth.aspx?IndexInList=1098&FromPage=Exhibitors.aspx&ParentBoothID=&ListByBooth=true&BoothID=649315","T4241","https://expo.semi.org/china2026/Public/eventmap.aspx?MapItBoothID=649315&MapItBooth=T4241","https://expo.semi.org/china2026/Public/imgHandler.ashx?Task=1&ID=../CUSTOM/CustomField24.png"
"Wuxi Radar Electronic Technology Co., Ltd.","https://expo.semi.org/china2026/Public/eBooth.aspx?IndexInList=1099&FromPage=Exhibitors.aspx&ParentBoothID=&ListByBooth=true&BoothID=637614","2812","https://expo.semi.org/china2026/Public/eventmap.aspx?MapItBoothID=637614&MapItBooth=2812","https://expo.semi.org/china2026/Public/imgHandler.ashx?Task=1&ID=../CUSTOM/CustomField24.png"
"Wuxi Shanghaibest Imp.& Exp.Co.,Ltd.","https://expo.semi.org/china2026/Public/eBooth.aspx?IndexInList=1100&FromPage=Exhibitors.aspx&ParentBoothID=&ListByBooth=true&BoothID=639009","4116","https://expo.semi.org/china2026/Public/eventmap.aspx?MapItBoothID=639009&MapItBooth=4116",""
"Wuxi Songyu Technology Co., Ltd.","https://expo.semi.org/china2026/Public/eBooth.aspx?IndexInList=1101&FromPage=Exhibitors.aspx&ParentBoothID=&ListByBooth=true&BoothID=649231","4247","https://expo.semi.org/china2026/Public/eventmap.aspx?MapItBoothID=649231&MapItBooth=4247",""
"Wuxi Wewin Electronic Equipment Co., Ltd.","https://expo.semi.org/china2026/Public/eBooth.aspx?IndexInList=1102&FromPage=Exhibitors.aspx&ParentBoothID=&ListByBooth=true&BoothID=638958","4804","https://expo.semi.org/china2026/Public/eventmap.aspx?MapItBoothID=638958&MapItBooth=4804","https://expo.semi.org/china2026/Public/imgHandler.ashx?Task=1&ID=../CUSTOM/CustomField24.png"
"Wuxi Wof New Material Technology Co., Ltd.","https://expo.semi.org/china2026/Public/eBooth.aspx?IndexInList=1103&FromPage=Exhibitors.aspx&ParentBoothID=&ListByBooth=true&BoothID=637604","2784","https://expo.semi.org/china2026/Public/eventmap.aspx?MapItBoothID=637604&MapItBooth=2784","https://expo.semi.org/china2026/Public/imgHandler.ashx?Task=1&ID=../CUSTOM/CustomField24.png"
"WUXI XIVI SCIENCE AND TECHNOLOGY CO.,LTD.","https://expo.semi.org/china2026/Public/eBooth.aspx?IndexInList=1104&FromPage=Exhibitors.aspx&ParentBoothID=&ListByBooth=true&BoothID=649314","T4243","https://expo.semi.org/china2026/Public/eventmap.aspx?MapItBoothID=649314&MapItBooth=T4243","https://expo.semi.org/china2026/Public/imgHandler.ashx?Task=1&ID=../CUSTOM/CustomField24.png"
"Wuxi Zhuohai Technology Co.,Ltd.","https://expo.semi.org/china2026/Public/eBooth.aspx?IndexInList=1105&FromPage=Exhibitors.aspx&ParentBoothID=&ListByBooth=true&BoothID=641442","T2345","https://expo.semi.org/china2026/Public/eventmap.aspx?MapItBoothID=641442&MapItBooth=T2345","https://expo.semi.org/china2026/Public/imgHandler.ashx?Task=1&ID=../CUSTOM/CustomField24.png"
"XH Industrial Co., Limited.","https://expo.semi.org/china2026/Public/eBooth.aspx?IndexInList=1106&FromPage=Exhibitors.aspx&ParentBoothID=&ListByBooth=true&BoothID=640654","7539","https://expo.semi.org/china2026/Public/eventmap.aspx?MapItBoothID=640654&MapItBooth=7539","https://expo.semi.org/china2026/Public/imgHandler.ashx?Task=1&ID=../CUSTOM/CustomField24.png"
"XIA MEN YUDIAN AUTOMATION TECHNOLOGY CO.,LTD","https://expo.semi.org/china2026/Public/eBooth.aspx?IndexInList=1107&FromPage=Exhibitors.aspx&ParentBoothID=&ListByBooth=true&BoothID=637380","2505","https://expo.semi.org/china2026/Public/eventmap.aspx?MapItBoothID=637380&MapItBooth=2505","https://expo.semi.org/china2026/Public/imgHandler.ashx?Task=1&ID=../CUSTOM/CustomField24.png"
"Xiamen Baoshili Dustless Technology Co., Ltd.","https://expo.semi.org/china2026/Public/eBooth.aspx?IndexInList=1108&FromPage=Exhibitors.aspx&ParentBoothID=&ListByBooth=true&BoothID=640770","7619","https://expo.semi.org/china2026/Public/eventmap.aspx?MapItBoothID=640770&MapItBooth=7619","https://expo.semi.org/china2026/Public/imgHandler.ashx?Task=1&ID=../CUSTOM/CustomField24.png"
"Xiamen Fuqi Automation Equipment Co.,Ltd.","https://expo.semi.org/china2026/Public/eBooth.aspx?IndexInList=1109&FromPage=Exhibitors.aspx&ParentBoothID=&ListByBooth=true&BoothID=640292","6765","https://expo.semi.org/china2026/Public/eventmap.aspx?MapItBoothID=640292&MapItBooth=6765","https://expo.semi.org/china2026/Public/imgHandler.ashx?Task=1&ID=../CUSTOM/CustomField24.png"
"Xiamen Hengkun New Material Technology Co., Ltd.","https://expo.semi.org/china2026/Public/eBooth.aspx?IndexInList=1110&FromPage=Exhibitors.aspx&ParentBoothID=&ListByBooth=true&BoothID=641012","T0229","https://expo.semi.org/china2026/Public/eventmap.aspx?MapItBoothID=641012&MapItBooth=T0229","https://expo.semi.org/china2026/Public/imgHandler.ashx?Task=1&ID=../CUSTOM/CustomField24.png"
"Xiamen Maida Intelligence Technology Co.,Ltd","https://expo.semi.org/china2026/Public/eBooth.aspx?IndexInList=1111&FromPage=Exhibitors.aspx&ParentBoothID=&ListByBooth=true&BoothID=641367","T2225","https://expo.semi.org/china2026/Public/eventmap.aspx?MapItBoothID=641367&MapItBooth=T2225","https://expo.semi.org/china2026/Public/imgHandler.ashx?Task=1&ID=../CUSTOM/CustomField24.png"
"Xiamen Sky Semiconductor Technology Co.,Ltd.","https://expo.semi.org/china2026/Public/eBooth.aspx?IndexInList=1112&FromPage=Exhibitors.aspx&ParentBoothID=&ListByBooth=true&BoothID=639614","5022","https://expo.semi.org/china2026/Public/eventmap.aspx?MapItBoothID=639614&MapItBooth=5022","https://expo.semi.org/china2026/Public/imgHandler.ashx?Task=1&ID=../CUSTOM/CustomField24.png"
"Xiamen Xlong Seal Co., Ltd.","https://expo.semi.org/china2026/Public/eBooth.aspx?IndexInList=1113&FromPage=Exhibitors.aspx&ParentBoothID=&ListByBooth=true&BoothID=641310","T2307","https://expo.semi.org/china2026/Public/eventmap.aspx?MapItBoothID=641310&MapItBooth=T2307","https://expo.semi.org/china2026/Public/imgHandler.ashx?Task=1&ID=../CUSTOM/CustomField24.png"
"Xi'an Bright Laser Technologies Co., Ltd.","https://expo.semi.org/china2026/Public/eBooth.aspx?IndexInList=1114&FromPage=Exhibitors.aspx&ParentBoothID=&ListByBooth=true&BoothID=649318","T4235","https://expo.semi.org/china2026/Public/eventmap.aspx?MapItBoothID=649318&MapItBooth=T4235","https://expo.semi.org/china2026/Public/imgHandler.ashx?Task=1&ID=../CUSTOM/CustomField24.png"
"Xi'an Eswin Material Technology Co.,Ltd.","https://expo.semi.org/china2026/Public/eBooth.aspx?IndexInList=1115&FromPage=Exhibitors.aspx&ParentBoothID=&ListByBooth=true&BoothID=640055","6539","https://expo.semi.org/china2026/Public/eventmap.aspx?MapItBoothID=640055&MapItBooth=6539","https://expo.semi.org/china2026/Public/imgHandler.ashx?Task=1&ID=../CUSTOM/CustomField24.png"
"XI'AN LEADMEMS SCI&TECH CO.,LTD","https://expo.semi.org/china2026/Public/eBooth.aspx?IndexInList=1116&FromPage=Exhibitors.aspx&ParentBoothID=&ListByBooth=true&BoothID=649313","T4245","https://expo.semi.org/china2026/Public/eventmap.aspx?MapItBoothID=649313&MapItBooth=T4245","https://expo.semi.org/china2026/Public/imgHandler.ashx?Task=1&ID=../CUSTOM/CustomField24.png"
"Ximi (Xiamen) Semiconductor Equipment Co.,Ltd","https://expo.semi.org/china2026/Public/eBooth.aspx?IndexInList=1117&FromPage=Exhibitors.aspx&ParentBoothID=&ListByBooth=true&BoothID=640016","6255","https://expo.semi.org/china2026/Public/eventmap.aspx?MapItBoothID=640016&MapItBooth=6255","https://expo.semi.org/china2026/Public/imgHandler.ashx?Task=1&ID=../CUSTOM/CustomField24.png"
"Xingqi (Shanghai) Semiconductor Co.,Ltd.","https://expo.semi.org/china2026/Public/eBooth.aspx?IndexInList=1118&FromPage=Exhibitors.aspx&ParentBoothID=&ListByBooth=true&BoothID=636843","1715","https://expo.semi.org/china2026/Public/eventmap.aspx?MapItBoothID=636843&MapItBooth=1715","https://expo.semi.org/china2026/Public/imgHandler.ashx?Task=1&ID=../CUSTOM/CustomField24.png"
"XINLI SEMI CO., LTD.","https://expo.semi.org/china2026/Public/eBooth.aspx?IndexInList=1119&FromPage=Exhibitors.aspx&ParentBoothID=&ListByBooth=true&BoothID=640006","6354","https://expo.semi.org/china2026/Public/eventmap.aspx?MapItBoothID=640006&MapItBooth=6354","https://expo.semi.org/china2026/Public/imgHandler.ashx?Task=1&ID=../CUSTOM/CustomField24.png"
"XinSheng Semiconductor Technology (Shanghai) Co.,Ltd","https://expo.semi.org/china2026/Public/eBooth.aspx?IndexInList=1120&FromPage=Exhibitors.aspx&ParentBoothID=&ListByBooth=true&BoothID=640794","7766","https://expo.semi.org/china2026/Public/eventmap.aspx?MapItBoothID=640794&MapItBooth=7766","https://expo.semi.org/china2026/Public/imgHandler.ashx?Task=1&ID=../CUSTOM/CustomField24.png"
"Xunshi Technology(Suzhou) Co.,LTD","https://expo.semi.org/china2026/Public/eBooth.aspx?IndexInList=1121&FromPage=Exhibitors.aspx&ParentBoothID=&ListByBooth=true&BoothID=641599","T3166","https://expo.semi.org/china2026/Public/eventmap.aspx?MapItBoothID=641599&MapItBooth=T3166","https://expo.semi.org/china2026/Public/imgHandler.ashx?Task=1&ID=../CUSTOM/CustomField24.png"
"Xuzhou B&C Chemical Technology Co., Ltd","https://expo.semi.org/china2026/Public/eBooth.aspx?IndexInList=1122&FromPage=Exhibitors.aspx&ParentBoothID=&ListByBooth=true&BoothID=641240","T1135","https://expo.semi.org/china2026/Public/eventmap.aspx?MapItBoothID=641240&MapItBooth=T1135","https://expo.semi.org/china2026/Public/imgHandler.ashx?Task=1&ID=../CUSTOM/CustomField24.png"
"XYC-TEK INTELLIGENT EQUIPMENT(WUXI) CO.,LTD","https://expo.semi.org/china2026/Public/eBooth.aspx?IndexInList=1123&FromPage=Exhibitors.aspx&ParentBoothID=&ListByBooth=true&BoothID=649376","T4217","https://expo.semi.org/china2026/Public/eventmap.aspx?MapItBoothID=649376&MapItBooth=T4217","https://expo.semi.org/china2026/Public/imgHandler.ashx?Task=1&ID=../CUSTOM/CustomField24.png"
"Yamaichi Electronics Hong Kong Ltd","https://expo.semi.org/china2026/Public/eBooth.aspx?IndexInList=1124&FromPage=Exhibitors.aspx&ParentBoothID=&ListByBooth=true&BoothID=639680","5144","https://expo.semi.org/china2026/Public/eventmap.aspx?MapItBoothID=639680&MapItBooth=5144","https://expo.semi.org/china2026/Public/imgHandler.ashx?Task=1&ID=../CUSTOM/CustomField24.png"
"YAMAZEN SHANGHAI TRADING CO.，LTD","https://expo.semi.org/china2026/Public/eBooth.aspx?IndexInList=1125&FromPage=Exhibitors.aspx&ParentBoothID=&ListByBooth=true&BoothID=662411","6272","https://expo.semi.org/china2026/Public/eventmap.aspx?MapItBoothID=662411&MapItBooth=6272","https://expo.semi.org/china2026/Public/imgHandler.ashx?Task=1&ID=../CUSTOM/CustomField24.png"
"Yangzhou Sipuer Technology Company","https://expo.semi.org/china2026/Public/eBooth.aspx?IndexInList=1126&FromPage=Exhibitors.aspx&ParentBoothID=&ListByBooth=true&BoothID=649226","4243","https://expo.semi.org/china2026/Public/eventmap.aspx?MapItBoothID=649226&MapItBooth=4243",""
"Yantai AWSOM Brake Material Co., Ltd.","https://expo.semi.org/china2026/Public/eBooth.aspx?IndexInList=1127&FromPage=Exhibitors.aspx&ParentBoothID=&ListByBooth=true&BoothID=649394","T4317","https://expo.semi.org/china2026/Public/eventmap.aspx?MapItBoothID=649394&MapItBooth=T4317","https://expo.semi.org/china2026/Public/imgHandler.ashx?Task=1&ID=../CUSTOM/CustomField24.png"
"Yantai Darbond Technology Co., Ltd.","https://expo.semi.org/china2026/Public/eBooth.aspx?IndexInList=1128&FromPage=Exhibitors.aspx&ParentBoothID=&ListByBooth=true&BoothID=662394","6370","https://expo.semi.org/china2026/Public/eventmap.aspx?MapItBoothID=662394&MapItBooth=6370","https://expo.semi.org/china2026/Public/imgHandler.ashx?Task=1&ID=../CUSTOM/CustomField24.png"
"YanTai Huachuang Intelligent Equipment Co.,Ltd","https://expo.semi.org/china2026/Public/eBooth.aspx?IndexInList=1129&FromPage=Exhibitors.aspx&ParentBoothID=&ListByBooth=true&BoothID=641592","T3148","https://expo.semi.org/china2026/Public/eventmap.aspx?MapItBoothID=641592&MapItBooth=T3148","https://expo.semi.org/china2026/Public/imgHandler.ashx?Task=1&ID=../CUSTOM/CustomField24.png"
"Yantai Wanhua Electronic Materials Co.,Ltd.","https://expo.semi.org/china2026/Public/eBooth.aspx?IndexInList=1130&FromPage=Exhibitors.aspx&ParentBoothID=&ListByBooth=true&BoothID=649450","T4410","https://expo.semi.org/china2026/Public/eventmap.aspx?MapItBoothID=649450&MapItBooth=T4410","https://expo.semi.org/china2026/Public/imgHandler.ashx?Task=1&ID=../CUSTOM/CustomField24.png"
"YiLi Micro Electronic Technology Co., Ltd","https://expo.semi.org/china2026/Public/eBooth.aspx?IndexInList=1131&FromPage=Exhibitors.aspx&ParentBoothID=&ListByBooth=true&BoothID=680163","T3133","https://expo.semi.org/china2026/Public/eventmap.aspx?MapItBoothID=680163&MapItBooth=T3133","https://expo.semi.org/china2026/Public/imgHandler.ashx?Task=1&ID=../CUSTOM/CustomField24.png"
"Yilong Semiconductor equipments (Wuxi) Co., Ltd","https://expo.semi.org/china2026/Public/eBooth.aspx?IndexInList=1132&FromPage=Exhibitors.aspx&ParentBoothID=&ListByBooth=true&BoothID=639911","6163","https://expo.semi.org/china2026/Public/eventmap.aspx?MapItBoothID=639911&MapItBooth=6163","https://expo.semi.org/china2026/Public/imgHandler.ashx?Task=1&ID=../CUSTOM/CustomField24.png"
"YINGDE GASES","https://expo.semi.org/china2026/Public/eBooth.aspx?IndexInList=1133&FromPage=Exhibitors.aspx&ParentBoothID=&ListByBooth=true&BoothID=662390","6379","https://expo.semi.org/china2026/Public/eventmap.aspx?MapItBoothID=662390&MapItBooth=6379","https://expo.semi.org/china2026/Public/imgHandler.ashx?Task=1&ID=../CUSTOM/CustomField24.png"
"YOFC Quartz Technology (Wuhan) Company Limited","https://expo.semi.org/china2026/Public/eBooth.aspx?IndexInList=1134&FromPage=Exhibitors.aspx&ParentBoothID=&ListByBooth=true&BoothID=668286","5808","https://expo.semi.org/china2026/Public/eventmap.aspx?MapItBoothID=668286&MapItBooth=5808","https://expo.semi.org/china2026/Public/imgHandler.ashx?Task=1&ID=../CUSTOM/CustomField24.png"
"Yongoo Technology Co.,Ltd","https://expo.semi.org/china2026/Public/eBooth.aspx?IndexInList=1135&FromPage=Exhibitors.aspx&ParentBoothID=&ListByBooth=true&BoothID=640247","6208","https://expo.semi.org/china2026/Public/eventmap.aspx?MapItBoothID=640247&MapItBooth=6208","https://expo.semi.org/china2026/Public/imgHandler.ashx?Task=1&ID=../CUSTOM/CustomField24.png"
"YOODATECH SHANGHAI CO.,LTD","https://expo.semi.org/china2026/Public/eBooth.aspx?IndexInList=1136&FromPage=Exhibitors.aspx&ParentBoothID=&ListByBooth=true&BoothID=679738","1522","https://expo.semi.org/china2026/Public/eventmap.aspx?MapItBoothID=679738&MapItBooth=1522","https://expo.semi.org/china2026/Public/imgHandler.ashx?Task=1&ID=../CUSTOM/CustomField24.png"
"Youwei Semiconductor Technology(Suzhou) Co., Ltd.","https://expo.semi.org/china2026/Public/eBooth.aspx?IndexInList=1137&FromPage=Exhibitors.aspx&ParentBoothID=&ListByBooth=true&BoothID=649437","T4308","https://expo.semi.org/china2026/Public/eventmap.aspx?MapItBoothID=649437&MapItBooth=T4308","https://expo.semi.org/china2026/Public/imgHandler.ashx?Task=1&ID=../CUSTOM/CustomField24.png"
"YUEYANG KAIMEITE ELECTRONIC SPECIALTY RARE GASES CO.,LTD","https://expo.semi.org/china2026/Public/eBooth.aspx?IndexInList=1138&FromPage=Exhibitors.aspx&ParentBoothID=&ListByBooth=true&BoothID=649375","T4219","https://expo.semi.org/china2026/Public/eventmap.aspx?MapItBoothID=649375&MapItBooth=T4219","https://expo.semi.org/china2026/Public/imgHandler.ashx?Task=1&ID=../CUSTOM/CustomField24.png"
"Z&H Electronic Co.,Ltd","https://expo.semi.org/china2026/Public/eBooth.aspx?IndexInList=1139&FromPage=Exhibitors.aspx&ParentBoothID=&ListByBooth=true&BoothID=640966","T0213","https://expo.semi.org/china2026/Public/eventmap.aspx?MapItBoothID=640966&MapItBooth=T0213","https://expo.semi.org/china2026/Public/imgHandler.ashx?Task=1&ID=../CUSTOM/CustomField24.png"
"Zen Voce (Suzhou) Corporation","https://expo.semi.org/china2026/Public/eBooth.aspx?IndexInList=1140&FromPage=Exhibitors.aspx&ParentBoothID=&ListByBooth=true&BoothID=640551","7401","https://expo.semi.org/china2026/Public/eventmap.aspx?MapItBoothID=640551&MapItBooth=7401","https://expo.semi.org/china2026/Public/imgHandler.ashx?Task=1&ID=../CUSTOM/CustomField24.png"
"Zero One Semiconductor Technology (Changzhou) Co. Ltd.","https://expo.semi.org/china2026/Public/eBooth.aspx?IndexInList=1141&FromPage=Exhibitors.aspx&ParentBoothID=&ListByBooth=true&BoothID=637691","2703","https://expo.semi.org/china2026/Public/eventmap.aspx?MapItBoothID=637691&MapItBooth=2703","https://expo.semi.org/china2026/Public/imgHandler.ashx?Task=1&ID=../CUSTOM/CustomField24.png"
"ZhangJiaGang AnChu Technology CO.,LTD.","https://expo.semi.org/china2026/Public/eBooth.aspx?IndexInList=1142&FromPage=Exhibitors.aspx&ParentBoothID=&ListByBooth=true&BoothID=662375","2501","https://expo.semi.org/china2026/Public/eventmap.aspx?MapItBoothID=662375&MapItBooth=2501","https://expo.semi.org/china2026/Public/imgHandler.ashx?Task=1&ID=../CUSTOM/CustomField24.png"
"Zhangjiagang Deyizhou Precision Filter Material Co., Ltd","https://expo.semi.org/china2026/Public/eBooth.aspx?IndexInList=1143&FromPage=Exhibitors.aspx&ParentBoothID=&ListByBooth=true&BoothID=639487","5677","https://expo.semi.org/china2026/Public/eventmap.aspx?MapItBoothID=639487&MapItBooth=5677","https://expo.semi.org/china2026/Public/imgHandler.ashx?Task=1&ID=../CUSTOM/CustomField24.png"
"Zhangjiagang Parkson New Material Co., Ltd","https://expo.semi.org/china2026/Public/eBooth.aspx?IndexInList=1144&FromPage=Exhibitors.aspx&ParentBoothID=&ListByBooth=true&BoothID=649430","T4207","https://expo.semi.org/china2026/Public/eventmap.aspx?MapItBoothID=649430&MapItBooth=T4207","https://expo.semi.org/china2026/Public/imgHandler.ashx?Task=1&ID=../CUSTOM/CustomField24.png"
"Zhangjiagang Ultrasonic Electric Co.,Ltd.","https://expo.semi.org/china2026/Public/eBooth.aspx?IndexInList=1145&FromPage=Exhibitors.aspx&ParentBoothID=&ListByBooth=true&BoothID=640180","6407","https://expo.semi.org/china2026/Public/eventmap.aspx?MapItBoothID=640180&MapItBooth=6407","https://expo.semi.org/china2026/Public/imgHandler.ashx?Task=1&ID=../CUSTOM/CustomField24.png"
"Zhangzhou Xipu Material Technology Co., Ltd.","https://expo.semi.org/china2026/Public/eBooth.aspx?IndexInList=1146&FromPage=Exhibitors.aspx&ParentBoothID=&ListByBooth=true&BoothID=663390","T0118","https://expo.semi.org/china2026/Public/eventmap.aspx?MapItBoothID=663390&MapItBooth=T0118","https://expo.semi.org/china2026/Public/imgHandler.ashx?Task=1&ID=../CUSTOM/CustomField24.png"
"Zhejiang Apastec Semiconductor Equipment Co., Ltd.","https://expo.semi.org/china2026/Public/eBooth.aspx?IndexInList=1147&FromPage=Exhibitors.aspx&ParentBoothID=&ListByBooth=true&BoothID=649278","T4425","https://expo.semi.org/china2026/Public/eventmap.aspx?MapItBoothID=649278&MapItBooth=T4425","https://expo.semi.org/china2026/Public/imgHandler.ashx?Task=1&ID=../CUSTOM/CustomField24.png"
"Zhejiang ASH Semiconductor Equipment Co., Ltd.","https://expo.semi.org/china2026/Public/eBooth.aspx?IndexInList=1148&FromPage=Exhibitors.aspx&ParentBoothID=&ListByBooth=true&BoothID=637079","2147","https://expo.semi.org/china2026/Public/eventmap.aspx?MapItBoothID=637079&MapItBooth=2147","https://expo.semi.org/china2026/Public/imgHandler.ashx?Task=1&ID=../CUSTOM/CustomField24.png"
"Zhejiang Baitong Anticorrosion Equipment Co.,Ltd","https://expo.semi.org/china2026/Public/eBooth.aspx?IndexInList=1149&FromPage=Exhibitors.aspx&ParentBoothID=&ListByBooth=true&BoothID=649289","T4403","https://expo.semi.org/china2026/Public/eventmap.aspx?MapItBoothID=649289&MapItBooth=T4403","https://expo.semi.org/china2026/Public/imgHandler.ashx?Task=1&ID=../CUSTOM/CustomField24.png"
"ZHEJIANG CANAAN TECHNOLOGY LIMITED","https://expo.semi.org/china2026/Public/eBooth.aspx?IndexInList=1150&FromPage=Exhibitors.aspx&ParentBoothID=&ListByBooth=true&BoothID=663087","T1148","https://expo.semi.org/china2026/Public/eventmap.aspx?MapItBoothID=663087&MapItBooth=T1148","https://expo.semi.org/china2026/Public/imgHandler.ashx?Task=1&ID=../CUSTOM/CustomField24.png"
"Zhejiang Cheer Technology Co., Ltd.","https://expo.semi.org/china2026/Public/eBooth.aspx?IndexInList=1151&FromPage=Exhibitors.aspx&ParentBoothID=&ListByBooth=true&BoothID=640872","7773","https://expo.semi.org/china2026/Public/eventmap.aspx?MapItBoothID=640872&MapItBooth=7773","https://expo.semi.org/china2026/Public/imgHandler.ashx?Task=1&ID=../CUSTOM/CustomField24.png"
"Zhejiang Conceptfe New Material Technology CO.,LTD","https://expo.semi.org/china2026/Public/eBooth.aspx?IndexInList=1152&FromPage=Exhibitors.aspx&ParentBoothID=&ListByBooth=true&BoothID=663074","2439","https://expo.semi.org/china2026/Public/eventmap.aspx?MapItBoothID=663074&MapItBooth=2439","https://expo.semi.org/china2026/Public/imgHandler.ashx?Task=1&ID=../CUSTOM/CustomField24.png"
"Zhejiang CrystalYond Semiconductor Co.,Ltd","https://expo.semi.org/china2026/Public/eBooth.aspx?IndexInList=1153&FromPage=Exhibitors.aspx&ParentBoothID=&ListByBooth=true&BoothID=637657","2116","https://expo.semi.org/china2026/Public/eventmap.aspx?MapItBoothID=637657&MapItBooth=2116","https://expo.semi.org/china2026/Public/imgHandler.ashx?Task=1&ID=../CUSTOM/CustomField24.png"
"Zhejiang Dongkai Semiconductor Science&Technology Co., Ltd.","https://expo.semi.org/china2026/Public/eBooth.aspx?IndexInList=1154&FromPage=Exhibitors.aspx&ParentBoothID=&ListByBooth=true&BoothID=649340","T4136","https://expo.semi.org/china2026/Public/eventmap.aspx?MapItBoothID=649340&MapItBooth=T4136","https://expo.semi.org/china2026/Public/imgHandler.ashx?Task=1&ID=../CUSTOM/CustomField24.png"
"ZHEJIANG ETERNAL AUTOMATION SCI-TEC CO.,LTD.","https://expo.semi.org/china2026/Public/eBooth.aspx?IndexInList=1155&FromPage=Exhibitors.aspx&ParentBoothID=&ListByBooth=true&BoothID=637442","2638","https://expo.semi.org/china2026/Public/eventmap.aspx?MapItBoothID=637442&MapItBooth=2638",""
"Zhejiang Futong Quartz New Material Co.,Ltd","https://expo.semi.org/china2026/Public/eBooth.aspx?IndexInList=1156&FromPage=Exhibitors.aspx&ParentBoothID=&ListByBooth=true&BoothID=649423","T4208","https://expo.semi.org/china2026/Public/eventmap.aspx?MapItBoothID=649423&MapItBooth=T4208","https://expo.semi.org/china2026/Public/imgHandler.ashx?Task=1&ID=../CUSTOM/CustomField24.png"
"Zhejiang Goldlink Tech Co.,Ltd","https://expo.semi.org/china2026/Public/eBooth.aspx?IndexInList=1157&FromPage=Exhibitors.aspx&ParentBoothID=&ListByBooth=true&BoothID=637432","2616","https://expo.semi.org/china2026/Public/eventmap.aspx?MapItBoothID=637432&MapItBooth=2616","https://expo.semi.org/china2026/Public/imgHandler.ashx?Task=1&ID=../CUSTOM/CustomField24.png"
"Zhejiang Guanbo Fluid Techonology Co.,Ltd","https://expo.semi.org/china2026/Public/eBooth.aspx?IndexInList=1158&FromPage=Exhibitors.aspx&ParentBoothID=&ListByBooth=true&BoothID=638363","3158","https://expo.semi.org/china2026/Public/eventmap.aspx?MapItBoothID=638363&MapItBooth=3158","https://expo.semi.org/china2026/Public/imgHandler.ashx?Task=1&ID=../CUSTOM/CustomField24.png"
"Zhejiang Guangxin Microelectronics Co., Ltd.","https://expo.semi.org/china2026/Public/eBooth.aspx?IndexInList=1159&FromPage=Exhibitors.aspx&ParentBoothID=&ListByBooth=true&BoothID=639545","5607","https://expo.semi.org/china2026/Public/eventmap.aspx?MapItBoothID=639545&MapItBooth=5607","https://expo.semi.org/china2026/Public/imgHandler.ashx?Task=1&ID=../CUSTOM/CustomField24.png"
"Zhejiang Harog Technology Co.,Ltd","https://expo.semi.org/china2026/Public/eBooth.aspx?IndexInList=1160&FromPage=Exhibitors.aspx&ParentBoothID=&ListByBooth=true&BoothID=643049","T1331","https://expo.semi.org/china2026/Public/eventmap.aspx?MapItBoothID=643049&MapItBooth=T1331","https://expo.semi.org/china2026/Public/imgHandler.ashx?Task=1&ID=../CUSTOM/CustomField24.png"
"Zhejiang Hongxin New Materials Co.,Ltd","https://expo.semi.org/china2026/Public/eBooth.aspx?IndexInList=1161&FromPage=Exhibitors.aspx&ParentBoothID=&ListByBooth=true&BoothID=641631","T3347","https://expo.semi.org/china2026/Public/eventmap.aspx?MapItBoothID=641631&MapItBooth=T3347","https://expo.semi.org/china2026/Public/imgHandler.ashx?Task=1&ID=../CUSTOM/CustomField24.png"
"Zhejiang Jinghong Precision Machinery Manufacturing Co.,Ltd.","https://expo.semi.org/china2026/Public/eBooth.aspx?IndexInList=1162&FromPage=Exhibitors.aspx&ParentBoothID=&ListByBooth=true&BoothID=649435","T4312","https://expo.semi.org/china2026/Public/eventmap.aspx?MapItBoothID=649435&MapItBooth=T4312","https://expo.semi.org/china2026/Public/imgHandler.ashx?Task=1&ID=../CUSTOM/CustomField24.png"
"Zhejiang Jingrui Electronic Materials Co.,Ltd","https://expo.semi.org/china2026/Public/eBooth.aspx?IndexInList=1163&FromPage=Exhibitors.aspx&ParentBoothID=&ListByBooth=true&BoothID=668361","4331","https://expo.semi.org/china2026/Public/eventmap.aspx?MapItBoothID=668361&MapItBooth=4331",""
"Zhejiang Jingsheng Mechanical & Electrical Co., Ltd.","https://expo.semi.org/china2026/Public/eBooth.aspx?IndexInList=1164&FromPage=Exhibitors.aspx&ParentBoothID=&ListByBooth=true&BoothID=638562","4201","https://expo.semi.org/china2026/Public/eventmap.aspx?MapItBoothID=638562&MapItBooth=4201","https://expo.semi.org/china2026/Public/imgHandler.ashx?Task=1&ID=../CUSTOM/CustomField24.png"
"ZHEJIANG JINGTAI SEMICONDUCTOR CO.,LTD","https://expo.semi.org/china2026/Public/eBooth.aspx?IndexInList=1165&FromPage=Exhibitors.aspx&ParentBoothID=&ListByBooth=true&BoothID=639820","6800","https://expo.semi.org/china2026/Public/eventmap.aspx?MapItBoothID=639820&MapItBooth=6800","https://expo.semi.org/china2026/Public/imgHandler.ashx?Task=1&ID=../CUSTOM/CustomField24.png"
"Zhejiang Keyi Semiconfuctor Clean Tube Industry Co.,Ltd.","https://expo.semi.org/china2026/Public/eBooth.aspx?IndexInList=1166&FromPage=Exhibitors.aspx&ParentBoothID=&ListByBooth=true&BoothID=649337","T4142","https://expo.semi.org/china2026/Public/eventmap.aspx?MapItBoothID=649337&MapItBooth=T4142","https://expo.semi.org/china2026/Public/imgHandler.ashx?Task=1&ID=../CUSTOM/CustomField24.png"
"Zhejiang LiuFang Semiconductor Technology Co.,LTD","https://expo.semi.org/china2026/Public/eBooth.aspx?IndexInList=1167&FromPage=Exhibitors.aspx&ParentBoothID=&ListByBooth=true&BoothID=649287","T4407","https://expo.semi.org/china2026/Public/eventmap.aspx?MapItBoothID=649287&MapItBooth=T4407","https://expo.semi.org/china2026/Public/imgHandler.ashx?Task=1&ID=../CUSTOM/CustomField24.png"
"Zhejiang Memsflex Semiconductor Co., Ltd","https://expo.semi.org/china2026/Public/eBooth.aspx?IndexInList=1168&FromPage=Exhibitors.aspx&ParentBoothID=&ListByBooth=true&BoothID=640843","7822","https://expo.semi.org/china2026/Public/eventmap.aspx?MapItBoothID=640843&MapItBooth=7822","https://expo.semi.org/china2026/Public/imgHandler.ashx?Task=1&ID=../CUSTOM/CustomField24.png"
"Zhejiang Morita New Materials Co., Ltd","https://expo.semi.org/china2026/Public/eBooth.aspx?IndexInList=1169&FromPage=Exhibitors.aspx&ParentBoothID=&ListByBooth=true&BoothID=639810","6816","https://expo.semi.org/china2026/Public/eventmap.aspx?MapItBoothID=639810&MapItBooth=6816","https://expo.semi.org/china2026/Public/imgHandler.ashx?Task=1&ID=../CUSTOM/CustomField24.png"
"ZheJiang OPAL Quartz Tech Co.,Ltd","https://expo.semi.org/china2026/Public/eBooth.aspx?IndexInList=1170&FromPage=Exhibitors.aspx&ParentBoothID=&ListByBooth=true&BoothID=640882","7126","https://expo.semi.org/china2026/Public/eventmap.aspx?MapItBoothID=640882&MapItBooth=7126","https://expo.semi.org/china2026/Public/imgHandler.ashx?Task=1&ID=../CUSTOM/CustomField24.png"
"Zhejiang Planary Electronic Materials Co.,Ltd.","https://expo.semi.org/china2026/Public/eBooth.aspx?IndexInList=1171&FromPage=Exhibitors.aspx&ParentBoothID=&ListByBooth=true&BoothID=664179","T2102","https://expo.semi.org/china2026/Public/eventmap.aspx?MapItBoothID=664179&MapItBooth=T2102","https://expo.semi.org/china2026/Public/imgHandler.ashx?Task=1&ID=../CUSTOM/CustomField24.png"
"Zhejiang Saba Precision Industry Group Co.,Ltd.","https://expo.semi.org/china2026/Public/eBooth.aspx?IndexInList=1172&FromPage=Exhibitors.aspx&ParentBoothID=&ListByBooth=true&BoothID=641639","T3363","https://expo.semi.org/china2026/Public/eventmap.aspx?MapItBoothID=641639&MapItBooth=T3363","https://expo.semi.org/china2026/Public/imgHandler.ashx?Task=1&ID=../CUSTOM/CustomField24.png"
"Zhejiang Saijin Semiconductor Technology Co.,Ltd","https://expo.semi.org/china2026/Public/eBooth.aspx?IndexInList=1173&FromPage=Exhibitors.aspx&ParentBoothID=&ListByBooth=true&BoothID=641741","T3230","https://expo.semi.org/china2026/Public/eventmap.aspx?MapItBoothID=641741&MapItBooth=T3230","https://expo.semi.org/china2026/Public/imgHandler.ashx?Task=1&ID=../CUSTOM/CustomField24.png"
"Zhejiang Senmai Clean Special Materials Co.,Ltd","https://expo.semi.org/china2026/Public/eBooth.aspx?IndexInList=1174&FromPage=Exhibitors.aspx&ParentBoothID=&ListByBooth=true&BoothID=649415","T4109","https://expo.semi.org/china2026/Public/eventmap.aspx?MapItBoothID=649415&MapItBooth=T4109","https://expo.semi.org/china2026/Public/imgHandler.ashx?Task=1&ID=../CUSTOM/CustomField24.png"
"Zhejiang Shangneng Industrial Co., LTD","https://expo.semi.org/china2026/Public/eBooth.aspx?IndexInList=1175&FromPage=Exhibitors.aspx&ParentBoothID=&ListByBooth=true&BoothID=641772","T3201","https://expo.semi.org/china2026/Public/eventmap.aspx?MapItBoothID=641772&MapItBooth=T3201","https://expo.semi.org/china2026/Public/imgHandler.ashx?Task=1&ID=../CUSTOM/CustomField24.png"
"Zhejiang Shuangyin Special Material Technology Co., Ltd.","https://expo.semi.org/china2026/Public/eBooth.aspx?IndexInList=1176&FromPage=Exhibitors.aspx&ParentBoothID=&ListByBooth=true&BoothID=679736","1518","https://expo.semi.org/china2026/Public/eventmap.aspx?MapItBoothID=679736&MapItBooth=1518","https://expo.semi.org/china2026/Public/imgHandler.ashx?Task=1&ID=../CUSTOM/CustomField24.png"
"Zhejiang Sichen Semiconductor Equipment Co., LTD","https://expo.semi.org/china2026/Public/eBooth.aspx?IndexInList=1177&FromPage=Exhibitors.aspx&ParentBoothID=&ListByBooth=true&BoothID=636745","1631","https://expo.semi.org/china2026/Public/eventmap.aspx?MapItBoothID=636745&MapItBooth=1631","https://expo.semi.org/china2026/Public/imgHandler.ashx?Task=1&ID=../CUSTOM/CustomField24.png"
"Zhejiang Thin Wafer Technology Semiconductor Co.,Ltd.","https://expo.semi.org/china2026/Public/eBooth.aspx?IndexInList=1178&FromPage=Exhibitors.aspx&ParentBoothID=&ListByBooth=true&BoothID=639548","5613","https://expo.semi.org/china2026/Public/eventmap.aspx?MapItBoothID=639548&MapItBooth=5613","https://expo.semi.org/china2026/Public/imgHandler.ashx?Task=1&ID=../CUSTOM/CustomField24.png"
"Zhejiang Xinhui Equipment Technology Co., Ltd.","https://expo.semi.org/china2026/Public/eBooth.aspx?IndexInList=1179&FromPage=Exhibitors.aspx&ParentBoothID=&ListByBooth=true&BoothID=639804","6681","https://expo.semi.org/china2026/Public/eventmap.aspx?MapItBoothID=639804&MapItBooth=6681","https://expo.semi.org/china2026/Public/imgHandler.ashx?Task=1&ID=../CUSTOM/CustomField24.png"
"Zhejiang Yonghe Refrigerant.,Ltd.","https://expo.semi.org/china2026/Public/eBooth.aspx?IndexInList=1180&FromPage=Exhibitors.aspx&ParentBoothID=&ListByBooth=true&BoothID=641424","T2235","https://expo.semi.org/china2026/Public/eventmap.aspx?MapItBoothID=641424&MapItBooth=T2235","https://expo.semi.org/china2026/Public/imgHandler.ashx?Task=1&ID=../CUSTOM/CustomField24.png"
"Zhejiang Yuanxin Advanced Material Co.,Ltd","https://expo.semi.org/china2026/Public/eBooth.aspx?IndexInList=1181&FromPage=Exhibitors.aspx&ParentBoothID=&ListByBooth=true&BoothID=649416","T4107","https://expo.semi.org/china2026/Public/eventmap.aspx?MapItBoothID=649416&MapItBooth=T4107","https://expo.semi.org/china2026/Public/imgHandler.ashx?Task=1&ID=../CUSTOM/CustomField24.png"
"ZHENGZHOU HONG TUO PRECISION TOOLS CO.,LTD","https://expo.semi.org/china2026/Public/eBooth.aspx?IndexInList=1182&FromPage=Exhibitors.aspx&ParentBoothID=&ListByBooth=true&BoothID=640478","7323","https://expo.semi.org/china2026/Public/eventmap.aspx?MapItBoothID=640478&MapItBooth=7323","https://expo.semi.org/china2026/Public/imgHandler.ashx?Task=1&ID=../CUSTOM/CustomField24.png"
"Zhenjiang Runjing High Purity Chemical Technology CO,.LTD.","https://expo.semi.org/china2026/Public/eBooth.aspx?IndexInList=1183&FromPage=Exhibitors.aspx&ParentBoothID=&ListByBooth=true&BoothID=641671","T3147","https://expo.semi.org/china2026/Public/eventmap.aspx?MapItBoothID=641671&MapItBooth=T3147","https://expo.semi.org/china2026/Public/imgHandler.ashx?Task=1&ID=../CUSTOM/CustomField24.png"
"Zhongdao Optoelectronic Equipment Co.,Ltd.","https://expo.semi.org/china2026/Public/eBooth.aspx?IndexInList=1184&FromPage=Exhibitors.aspx&ParentBoothID=&ListByBooth=true&BoothID=640856","7729","https://expo.semi.org/china2026/Public/eventmap.aspx?MapItBoothID=640856&MapItBooth=7729",""
"Zhonghuan Advanced Semiconductor Technology Co.,Ltd.","https://expo.semi.org/china2026/Public/eBooth.aspx?IndexInList=1185&FromPage=Exhibitors.aspx&ParentBoothID=&ListByBooth=true&BoothID=639431","5451","https://expo.semi.org/china2026/Public/eventmap.aspx?MapItBoothID=639431&MapItBooth=5451","https://expo.semi.org/china2026/Public/imgHandler.ashx?Task=1&ID=../CUSTOM/CustomField24.png"
"Zhongshan Think Electronics Technology Co.,Ltd","https://expo.semi.org/china2026/Public/eBooth.aspx?IndexInList=1186&FromPage=Exhibitors.aspx&ParentBoothID=&ListByBooth=true&BoothID=641743","T3238","https://expo.semi.org/china2026/Public/eventmap.aspx?MapItBoothID=641743&MapItBooth=T3238","https://expo.semi.org/china2026/Public/imgHandler.ashx?Task=1&ID=../CUSTOM/CustomField24.png"
"Zhongwang Semicon(Tianjin) Science&Technology Co.,Ltd.","https://expo.semi.org/china2026/Public/eBooth.aspx?IndexInList=1187&FromPage=Exhibitors.aspx&ParentBoothID=&ListByBooth=true&BoothID=668355","4235","https://expo.semi.org/china2026/Public/eventmap.aspx?MapItBoothID=668355&MapItBooth=4235",""
"Zhuhai Henger Microelectronic Equipment Co., Ltd","https://expo.semi.org/china2026/Public/eBooth.aspx?IndexInList=1188&FromPage=Exhibitors.aspx&ParentBoothID=&ListByBooth=true&BoothID=649311","T4336","https://expo.semi.org/china2026/Public/eventmap.aspx?MapItBoothID=649311&MapItBooth=T4336","https://expo.semi.org/china2026/Public/imgHandler.ashx?Task=1&ID=../CUSTOM/CustomField24.png"
"Zhuhai Zhihua Semiconductor Technology Co.,Ltd.","https://expo.semi.org/china2026/Public/eBooth.aspx?IndexInList=1189&FromPage=Exhibitors.aspx&ParentBoothID=&ListByBooth=true&BoothID=649380","T4328","https://expo.semi.org/china2026/Public/eventmap.aspx?MapItBoothID=649380&MapItBooth=T4328","https://expo.semi.org/china2026/Public/imgHandler.ashx?Task=1&ID=../CUSTOM/CustomField24.png"
"Zhuocheng Microelectronics ( Suzhou ) Co.,Ltd","https://expo.semi.org/china2026/Public/eBooth.aspx?IndexInList=1190&FromPage=Exhibitors.aspx&ParentBoothID=&ListByBooth=true&BoothID=663076","2443","https://expo.semi.org/china2026/Public/eventmap.aspx?MapItBoothID=663076&MapItBooth=2443",""
"Zhuolida Advanced Semiconductor (Nantong) Co.,Ltd","https://expo.semi.org/china2026/Public/eBooth.aspx?IndexInList=1191&FromPage=Exhibitors.aspx&ParentBoothID=&ListByBooth=true&BoothID=637074","2238","https://expo.semi.org/china2026/Public/eventmap.aspx?MapItBoothID=637074&MapItBooth=2238","https://expo.semi.org/china2026/Public/imgHandler.ashx?Task=1&ID=../CUSTOM/CustomField24.png"
"ZM Semiconductor Equipment (Shanghai) Co., Ltd.","https://expo.semi.org/china2026/Public/eBooth.aspx?IndexInList=1192&FromPage=Exhibitors.aspx&ParentBoothID=&ListByBooth=true&BoothID=649339","T4138","https://expo.semi.org/china2026/Public/eventmap.aspx?MapItBoothID=649339&MapItBooth=T4138","https://expo.semi.org/china2026/Public/imgHandler.ashx?Task=1&ID=../CUSTOM/CustomField24.png"
"ZunXin (Shanghai) Semiconductor Technology Co., LTD","https://expo.semi.org/china2026/Public/eBooth.aspx?IndexInList=1193&FromPage=Exhibitors.aspx&ParentBoothID=&ListByBooth=true&BoothID=645817","T3116","https://expo.semi.org/china2026/Public/eventmap.aspx?MapItBoothID=645817&MapItBooth=T3116","https://expo.semi.org/china2026/Public/imgHandler.ashx?Task=1&ID=../CUSTOM/CustomField24.png"