"qful-top-le-logo src 2","std-tit4","qtlc-subtit","qful-top-ri-info","std-btn4-box href","qblr-link","qblr-link 2","qblr-link 3","qblr-link 4","qblr-link 5","qblr-link 6","qblr-link 7","qblr-link 8","qblr-link 9","qblr-link 10","qblr-link 11","qblr-link 12","qblr-link 13","qblr-link 14","qblr-link 15","qblr-link 16"
"https://onlinecatalogue.electronicachina.com.cn/Public/Uploads/useimg/20260409/LOGORGB.jpg","Infineon Technologies","Germany","N5.605","https://onlinecatalogue.electronicachina.com.cn/journal/exhibitor/2401","Semiconductors","Industrial Electronics / Industrial Control","Communication System","Consumer Electronics","Computers & Peripherals","Automotive Electronics and EV","Medical Technology","Electricity and New Energy","Internet of Things (loT)","Embodied Intelligence","Artificial Intelligence","Data Center / Cloud Computing","Rail Transit","Lighting engineering","Intelligent building","Household appliances"
"https://onlinecatalogue.electronicachina.com.cn/Public/Uploads/uploadfile/images/20260323/eClogoShanghai776x328EN-527.png","NXP Semiconductors","Netherlands","N4.505","https://onlinecatalogue.electronicachina.com.cn/journal/exhibitor/3406","","","","","","","","","","","","","","","",""
"https://onlinecatalogue.electronicachina.com.cn/Public/Uploads/useimg/20250224/STlogo2020bluenotagline.jpg","STMicroelectronics","Switzerland","N5.601","https://onlinecatalogue.electronicachina.com.cn/journal/exhibitor/2471","Semiconductors","Industrial Electronics / Industrial Control","Communication System","Consumer Electronics","Computers & Peripherals","Automotive Electronics and EV","Medical Technology","Electricity and New Energy","Internet of Things (loT)","Embodied Intelligence","Artificial Intelligence","Data Center / Cloud Computing","Aviation & Space Technology","Mechanical Engineering","Lighting engineering","Intelligent building"
"https://onlinecatalogue.electronicachina.com.cn/Public/Uploads/useimg/20250214/TIlogo.png","Texas Instruments","America","N4.605","https://onlinecatalogue.electronicachina.com.cn/journal/exhibitor/1399","Semiconductors","Embedded systems","Displays","Sensor technology","Test and measurement","Power supplies","PCBs, other circuit carrier","Automotive and testing","Wireless","Information gathering and services","Industrial Electronics / Industrial Control","Communication System","Consumer Electronics","Computers & Peripherals","Automotive Electronics and EV","Medical Technology"
"https://onlinecatalogue.electronicachina.com.cn/Public/Uploads/useimg/20250325/ADILogoAWPTaglineCMYKcnnew.ai.png","Analog Devices","America","N4.305","https://onlinecatalogue.electronicachina.com.cn/journal/exhibitor/2315","Semiconductors","Industrial Electronics / Industrial Control","Communication System","Consumer Electronics","Automotive Electronics and EV","Medical Technology","Electricity and New Energy","Security & protection system","Intelligent building","","","","","","",""
"https://onlinecatalogue.electronicachina.com.cn/Public/Uploads/useimg/20250331/Logo1ACConSubRGB.jpg","Amphenol CONEC","Germany","W3.600","https://onlinecatalogue.electronicachina.com.cn/journal/exhibitor/2202","Sensor technology","Connectors, Switches, Casing technology, Wire Harness, etc","Assemblies and subsystems","Information gathering and services","Industrial Electronics / Industrial Control","Communication System","Automotive Electronics and EV","Medical Technology","Embodied Intelligence","Aviation & Space Technology","Military Electronics","Mechanical Engineering","Rail Transit","Security & protection system","",""
"https://onlinecatalogue.electronicachina.com.cn/Public/Uploads/useimg/20260417/%7DY71AJ6K7TJSYIBAB2E7-158.png","Anhui Truchum Advanced Materials And Technology Co.,Ltd.","China","W2.241","https://onlinecatalogue.electronicachina.com.cn/journal/exhibitor/3373","Connectors, Switches, Casing technology, Wire Harness, etc","Electronic materials","Industrial Electronics / Industrial Control","Communication System","Consumer Electronics","Computers & Peripherals","Automotive Electronics and EV","Medical Technology","Electricity and New Energy","Internet of Things (loT)","Embodied Intelligence","Artificial Intelligence","Data Center / Cloud Computing","Aviation & Space Technology","Military Electronics","Mechanical Engineering"
"https://onlinecatalogue.electronicachina.com.cn/Public/Uploads/uploadfile/images/20260323/eClogoShanghai776x328EN-527.png","APTIV","China","W2.305","https://onlinecatalogue.electronicachina.com.cn/journal/exhibitor/3364","","","","","","","","","","","","","","","",""
"https://onlinecatalogue.electronicachina.com.cn/Public/Uploads/uploadfile/images/20260323/eClogoShanghai776x328EN-527.png","Bellwether Electronic Corp.","Taiwan, China","W2.706","https://onlinecatalogue.electronicachina.com.cn/journal/exhibitor/2224","","","","","","","","","","","","","","","",""
"https://onlinecatalogue.electronicachina.com.cn/Public/Uploads/useimg/20250317/huarunweidianzishangyepinpaijiantiRGB.png","China Resources Microelectronics Limited","China","N5.641","https://onlinecatalogue.electronicachina.com.cn/journal/exhibitor/2462","Semiconductors","Industrial Electronics / Industrial Control","Communication System","Consumer Electronics","Computers & Peripherals","Automotive Electronics and EV","Medical Technology","Electricity and New Energy","Internet of Things (loT)","Aviation & Space Technology","Mechanical Engineering","Rail Transit","Security & protection system","Lighting engineering","Intelligent building","Household appliances"
"https://onlinecatalogue.electronicachina.com.cn/Public/Uploads/useimg/20260417/elmoslogo4crz-682.jpg","Elmos","Germany","N5.600","https://onlinecatalogue.electronicachina.com.cn/journal/exhibitor/3398","Semiconductors","Automotive Electronics and EV","","","","","","","","","","","","","",""
"https://onlinecatalogue.electronicachina.com.cn/Public/Uploads/useimg/20260520/eptconnectorslogo.jpg","ept Electronic Precision Technology (Shanghai) Ltd.","Germany","W3.635","https://onlinecatalogue.electronicachina.com.cn/journal/exhibitor/3312","Semiconductors","Embedded systems","Connectors, Switches, Casing technology, Wire Harness, etc","Automotive and testing","Industrial Electronics / Industrial Control","Communication System","Automotive Electronics and EV","Medical Technology","Aviation & Space Technology","Military Electronics","Mechanical Engineering","Rail Transit","Security & protection system","","",""
"https://onlinecatalogue.electronicachina.com.cn/Public/Uploads/uploadfile/images/20260323/eClogoShanghai776x328EN-527.png","GigaDevice Semiconductor Inc.","China","N5.205","https://onlinecatalogue.electronicachina.com.cn/journal/exhibitor/1330","","","","","","","","","","","","","","","",""
"https://onlinecatalogue.electronicachina.com.cn/Public/Uploads/uploadfile/images/20260323/eClogoShanghai776x328EN-527.png","HDSC","China","N3.509","https://onlinecatalogue.electronicachina.com.cn/journal/exhibitor/3483","","","","","","","","","","","","","","","",""
"https://onlinecatalogue.electronicachina.com.cn/Public/Uploads/uploadfile/images/20260323/eClogoShanghai776x328EN-527.png","Hellermanntyton (Wuxi) Electrical Access","Germany","W1.201","https://onlinecatalogue.electronicachina.com.cn/journal/exhibitor/1452","","","","","","","","","","","","","","","",""
"https://onlinecatalogue.electronicachina.com.cn/Public/Uploads/uploadfile/images/20260323/eClogoShanghai776x328EN-527.png","Heshan Deren Electronic Technology Co., Ltd.","China","W1.521","https://onlinecatalogue.electronicachina.com.cn/journal/exhibitor/1453","","","","","","","","","","","","","","","",""
"https://onlinecatalogue.electronicachina.com.cn/Public/Uploads/uploadfile/images/20260323/eClogoShanghai776x328EN-527.png","HONGKONG TAIYO YUDEN COMPANY LIMITED","Hong Kong, China","N1.600","https://onlinecatalogue.electronicachina.com.cn/journal/exhibitor/906","","","","","","","","","","","","","","","",""
"https://onlinecatalogue.electronicachina.com.cn/Public/Uploads/useimg/20250311/HULANELogomuniheishanghai240210.jpg","Hu Lane Associate Inc.","Taiwan, China","W2.501","https://onlinecatalogue.electronicachina.com.cn/journal/exhibitor/2222","Connectors, Switches, Casing technology, Wire Harness, etc","Automotive and testing","Automotive Electronics and EV","Medical Technology","Electricity and New Energy","","","","","","","","","","",""
"https://onlinecatalogue.electronicachina.com.cn/Public/Uploads/useimg/20250206/1.jpg","JONHON","China","W2.513","https://onlinecatalogue.electronicachina.com.cn/journal/exhibitor/1416","Information gathering and services","Industrial Electronics / Industrial Control","Communication System","Consumer Electronics","Automotive Electronics and EV","Medical Technology","Electricity and New Energy","Aviation & Space Technology","","","","","","","",""
"https://onlinecatalogue.electronicachina.com.cn/Public/Uploads/useimg/20260526/LearPreferredColor-445.jpg","Lear E-Systems","America","W2.301","https://onlinecatalogue.electronicachina.com.cn/journal/exhibitor/3389","Connectors, Switches, Casing technology, Wire Harness, etc","Assemblies and subsystems","Industrial Electronics / Industrial Control","Automotive Electronics and EV","","","","","","","","","","","",""
"https://onlinecatalogue.electronicachina.com.cn/Public/Uploads/useimg/20250214/MolexcmyknoRegMark3001.jpg","Molex","America","W1.301","https://onlinecatalogue.electronicachina.com.cn/journal/exhibitor/1472","Automotive and testing","Industrial Electronics / Industrial Control","Consumer Electronics","Automotive Electronics and EV","Household appliances","Mobile phone","","","","","","","","","",""
"https://onlinecatalogue.electronicachina.com.cn/Public/Uploads/useimg/20250401/1181980354.jpg","Mouser Electronics","America","N2.621","https://onlinecatalogue.electronicachina.com.cn/journal/exhibitor/1001","Semiconductors","Embedded systems","Displays","Sensor technology","Test and measurement","Electronic Design (ED/EDA)","Passive components (capacitors, resistors, inductors, etc.) and Relays","Connectors, Switches, Casing technology, Wire Harness, etc","Power supplies","PCBs, other circuit carrier","Assemblies and subsystems","Automotive and testing","Wireless","Artificial intelligence technology","Information gathering and services","Other, please indicate"
"https://onlinecatalogue.electronicachina.com.cn/Public/Uploads/useimg/20250313/logo240x12001.jpg","Murata","Japan","N1.300","https://onlinecatalogue.electronicachina.com.cn/journal/exhibitor/926","Sensor technology","Passive components (capacitors, resistors, inductors, etc.) and Relays","Power supplies","Automotive and testing","Wireless","Information gathering and services","Industrial Electronics / Industrial Control","Communication System","Consumer Electronics","Computers & Peripherals","Automotive Electronics and EV","Medical Technology","Electricity and New Energy","Internet of Things (loT)","Mobile phone",""
"https://onlinecatalogue.electronicachina.com.cn/Public/Uploads/uploadfile/images/20260323/eClogoShanghai776x328EN-527.png","Nantong Sunion Electronic Co., Ltd.","China","N1.633","https://onlinecatalogue.electronicachina.com.cn/journal/exhibitor/2143","","","","","","","","","","","","","","","",""
"https://onlinecatalogue.electronicachina.com.cn/Public/Uploads/useimg/20250206/hengbanlogoutput.lin.png","NOVOSENSE Microelectronics","China","N4.621","https://onlinecatalogue.electronicachina.com.cn/journal/exhibitor/1362","Semiconductors","Industrial Electronics / Industrial Control","Consumer Electronics","Computers & Peripherals","Automotive Electronics and EV","Electricity and New Energy","Data Center / Cloud Computing","Household appliances","Mobile phone","","","","","","",""
"https://onlinecatalogue.electronicachina.com.cn/Public/Uploads/useimg/20250207/LOGO.jpg","Omron Electronic Components Trading (Shanghai) Ltd.","Japan","N1.513","https://onlinecatalogue.electronicachina.com.cn/journal/exhibitor/948","Passive components (capacitors, resistors, inductors, etc.) and Relays","Industrial Electronics / Industrial Control","Consumer Electronics","Automotive Electronics and EV","Medical Technology","Mechanical Engineering","Household appliances","","","","","","","","",""
"https://onlinecatalogue.electronicachina.com.cn/Public/Uploads/useimg/20250401/logo1.png","PANGO MICRO","China","N5.911","https://onlinecatalogue.electronicachina.com.cn/journal/exhibitor/2470","Semiconductors","Industrial Electronics / Industrial Control","Communication System","Consumer Electronics","Automotive Electronics and EV","Medical Technology","Electricity and New Energy","Artificial Intelligence","Data Center / Cloud Computing","Aviation & Space Technology","Mechanical Engineering","Security & protection system","","","",""
"https://onlinecatalogue.electronicachina.com.cn/Public/Uploads/useimg/20250316/zuhelogo2025.png","Phoenix Contact China","Germany","W3.505","https://onlinecatalogue.electronicachina.com.cn/journal/exhibitor/1585","Connectors, Switches, Casing technology, Wire Harness, etc","Power supplies","PCBs, other circuit carrier","Industrial Electronics / Industrial Control","Communication System","Automotive Electronics and EV","Medical Technology","Electricity and New Energy","Mechanical Engineering","Rail Transit","Lighting engineering","Intelligent building","","","",""
"https://onlinecatalogue.electronicachina.com.cn/Public/Uploads/useimg/20250114/LogoRecom4C300dpi.jpg","RECOM Asia Pte Ltd","Austria","N4.600","https://onlinecatalogue.electronicachina.com.cn/journal/exhibitor/1122","Semiconductors","Power supplies","Industrial Electronics / Industrial Control","Communication System","Automotive Electronics and EV","Medical Technology","Electricity and New Energy","Internet of Things (loT)","Embodied Intelligence","Artificial Intelligence","Aviation & Space Technology","Military Electronics","Mechanical Engineering","Rail Transit","Security & protection system","Lighting engineering"
"https://onlinecatalogue.electronicachina.com.cn/Public/Uploads/useimg/20260507/ROHMLOGO.png","ROHM Semiconductor (Shanghai) Co., Ltd.","Japan","N4.500","https://onlinecatalogue.electronicachina.com.cn/journal/exhibitor/3468","Semiconductors","Embedded systems","Displays","Micronano-systems (MEMS, etc.)","Sensor technology","Passive components (capacitors, resistors, inductors, etc.) and Relays","Power supplies","Automotive and testing","Wireless","Artificial intelligence technology","Other, please indicate","Industrial Electronics / Industrial Control","Communication System","Consumer Electronics","Computers & Peripherals","Automotive Electronics and EV"
"https://onlinecatalogue.electronicachina.com.cn/Public/Uploads/useimg/20260421/logo-265.jpg","Rosenberger","Germany","W2.505","https://onlinecatalogue.electronicachina.com.cn/journal/exhibitor/2944","Semiconductors","Sensor technology","Test and measurement","Connectors, Switches, Casing technology, Wire Harness, etc","PCBs, other circuit carrier","Automotive and testing","Wireless","Industrial Electronics / Industrial Control","Communication System","Automotive Electronics and EV","Medical Technology","Electricity and New Energy","Embodied Intelligence","Data Center / Cloud Computing","Aviation & Space Technology",""
"https://onlinecatalogue.electronicachina.com.cn/Public/Uploads/useimg/20250325/LOGO.jpg","SICHUAN HUAFENG TECHNOLOGY CO.，LTD.","China","W2.540","https://onlinecatalogue.electronicachina.com.cn/journal/exhibitor/2198","Connectors, Switches, Casing technology, Wire Harness, etc","Industrial Electronics / Industrial Control","Communication System","Automotive Electronics and EV","Aviation & Space Technology","Military Electronics","Rail Transit","","","","","","","","",""
"https://onlinecatalogue.electronicachina.com.cn/Public/Uploads/useimg/20260428/logoguifanbujuhengbanyuanse-858.png","Southchip Semiconductor Technology(Shanghai) Co., Ltd.","China","N4.608","https://onlinecatalogue.electronicachina.com.cn/journal/exhibitor/2721","Semiconductors","Embedded systems","Power supplies","Artificial intelligence technology","Industrial Electronics / Industrial Control","Communication System","Consumer Electronics","Automotive Electronics and EV","Electricity and New Energy","Embodied Intelligence","Artificial Intelligence","Data Center / Cloud Computing","Security & protection system","Intelligent building","Household appliances","Mobile phone"
"https://onlinecatalogue.electronicachina.com.cn/Public/Uploads/useimg/20250204/SVIlogo.png","SVI Public Company Limited","Thailand","N3.551","https://onlinecatalogue.electronicachina.com.cn/journal/exhibitor/1717","PCBs, other circuit carrier","Industrial Electronics / Industrial Control","Communication System","Consumer Electronics","Computers & Peripherals","Automotive Electronics and EV","Medical Technology","Electricity and New Energy","Aviation & Space Technology","Security & protection system","Lighting engineering","Intelligent building","Household appliances","","",""
"https://onlinecatalogue.electronicachina.com.cn/Public/Uploads/useimg/20250319/TDKLogobluehighresRGB.jpg","TDK","Japan","N1.205","https://onlinecatalogue.electronicachina.com.cn/journal/exhibitor/871","Sensor technology","Passive components (capacitors, resistors, inductors, etc.) and Relays","Power supplies","Industrial Electronics / Industrial Control","Communication System","Consumer Electronics","Computers & Peripherals","Automotive Electronics and EV","Medical Technology","Electricity and New Energy","Internet of Things (loT)","Mechanical Engineering","Rail Transit","Lighting engineering","Intelligent building","Household appliances"
"https://onlinecatalogue.electronicachina.com.cn/Public/Uploads/useimg/20250320/LARGETAB.jpg","TE Connectivity","Ireland","W1.305","https://onlinecatalogue.electronicachina.com.cn/journal/exhibitor/1507","Connectors, Switches, Casing technology, Wire Harness, etc","Automotive and testing","Automotive Electronics and EV","","","","","","","","","","","","",""
"https://onlinecatalogue.electronicachina.com.cn/Public/Uploads/useimg/20260514/ToshibaLogoRedRGB.png","TOSHIBA","Japan","N5.201","https://onlinecatalogue.electronicachina.com.cn/journal/exhibitor/2942","Semiconductors","Industrial Electronics / Industrial Control","Communication System","Consumer Electronics","Computers & Peripherals","Automotive Electronics and EV","Medical Technology","Electricity and New Energy","Internet of Things (loT)","Embodied Intelligence","Artificial Intelligence","Data Center / Cloud Computing","Rail Transit","Household appliances","Mobile phone",""
"https://onlinecatalogue.electronicachina.com.cn/Public/Uploads/useimg/20250306/TTIIPElogo1c2955.jpg","TTI IP&E","America","N2.617","https://onlinecatalogue.electronicachina.com.cn/journal/exhibitor/1051","Sensor technology","Test and measurement","Passive components (capacitors, resistors, inductors, etc.) and Relays","Connectors, Switches, Casing technology, Wire Harness, etc","Power supplies","Industrial Electronics / Industrial Control","Communication System","Automotive Electronics and EV","Electricity and New Energy","Intelligent building","Household appliances","Mobile phone","","","",""
"https://onlinecatalogue.electronicachina.com.cn/Public/Uploads/uploadfile/images/20260323/eClogoShanghai776x328EN-527.png","VACUUMSCHMELE","Germany","N1.501","https://onlinecatalogue.electronicachina.com.cn/journal/exhibitor/874","Sensor technology","Passive components (capacitors, resistors, inductors, etc.) and Relays","Connectors, Switches, Casing technology, Wire Harness, etc","Automotive and testing","Information gathering and services","Industrial Electronics / Industrial Control","Communication System","Consumer Electronics","Computers & Peripherals","Automotive Electronics and EV","Medical Technology","Electricity and New Energy","Aviation & Space Technology","Military Electronics","Mechanical Engineering","Rail Transit"
"https://onlinecatalogue.electronicachina.com.cn/Public/Uploads/uploadfile/images/20260323/eClogoShanghai776x328EN-527.png","Vicor","America","N5.129","https://onlinecatalogue.electronicachina.com.cn/journal/exhibitor/3348","","","","","","","","","","","","","","","",""
"https://onlinecatalogue.electronicachina.com.cn/Public/Uploads/uploadfile/images/20260323/eClogoShanghai776x328EN-527.png","WCH","China","N4.701","https://onlinecatalogue.electronicachina.com.cn/journal/exhibitor/1403","","","","","","","","","","","","","","","",""
"https://onlinecatalogue.electronicachina.com.cn/Public/Uploads/uploadfile/images/20260323/eClogoShanghai776x328EN-527.png","Wieland Metals","Germany","W2.325","https://onlinecatalogue.electronicachina.com.cn/journal/exhibitor/1617","","","","","","","","","","","","","","","",""
"https://onlinecatalogue.electronicachina.com.cn/Public/Uploads/useimg/20260324/26eCLogo260316wunianfenCN.png","zzzzzz-1","China","W5.1999","https://onlinecatalogue.electronicachina.com.cn/journal/exhibitor/82","Semiconductors","Industrial Electronics / Industrial Control","","","","","","","","","","","","","",""
"https://onlinecatalogue.electronicachina.com.cn/Public/Uploads/useimg/20250402/caisetoumingdilogo.png","2Pai Semi","China","N4.308","https://onlinecatalogue.electronicachina.com.cn/journal/exhibitor/1299","Semiconductors","Industrial Electronics / Industrial Control","Communication System","Automotive Electronics and EV","Electricity and New Energy","Aviation & Space Technology","Household appliances","","","","","","","","",""
"https://onlinecatalogue.electronicachina.com.cn/Public/Uploads/uploadfile/images/20260323/eClogoShanghai776x328EN-527.png","3A COMPONENTS","China","W5.309","https://onlinecatalogue.electronicachina.com.cn/journal/exhibitor/952","","","","","","","","","","","","","","","",""
"https://onlinecatalogue.electronicachina.com.cn/Public/Uploads/useimg/20260506/furuigongsilogo-260.png","3F ElECTRONICS INDUSTRY CORP","China","W4.641","https://onlinecatalogue.electronicachina.com.cn/journal/exhibitor/3241","Connectors, Switches, Casing technology, Wire Harness, etc","Industrial Electronics / Industrial Control","Communication System","Consumer Electronics","Computers & Peripherals","Automotive Electronics and EV","Medical Technology","Electricity and New Energy","Aviation & Space Technology","Military Electronics","Mechanical Engineering","Rail Transit","Lighting engineering","Intelligent building","Household appliances",""
"https://onlinecatalogue.electronicachina.com.cn/Public/Uploads/uploadfile/images/20260323/eClogoShanghai776x328EN-527.png","3L ELECTRONIC CORPORATION","China","N1.830","https://onlinecatalogue.electronicachina.com.cn/journal/exhibitor/1767","","","","","","","","","","","","","","","",""
"https://onlinecatalogue.electronicachina.com.cn/Public/Uploads/useimg/20260421/logoxiao.png","Abacus International Co.Ltd.","Taiwan, China","W1.261","https://onlinecatalogue.electronicachina.com.cn/journal/exhibitor/2118","Micronano-systems (MEMS, etc.)","Connectors, Switches, Casing technology, Wire Harness, etc","Power supplies","PCBs, other circuit carrier","Automotive and testing","Information gathering and services","Industrial Electronics / Industrial Control","Communication System","Consumer Electronics","Automotive Electronics and EV","Medical Technology","Electricity and New Energy","Internet of Things (loT)","Household appliances","Mobile phone",""
"https://onlinecatalogue.electronicachina.com.cn/Public/Uploads/useimg/20250213/LOGO1.png","ABP ELECTRONICS Limited","China","W4.629","https://onlinecatalogue.electronicachina.com.cn/journal/exhibitor/1633","PCBs, other circuit carrier","Electronic Manufacturing Services (EMS)","Industrial Electronics / Industrial Control","Communication System","Automotive Electronics and EV","Medical Technology","Electricity and New Energy","Internet of Things (loT)","Aviation & Space Technology","Mechanical Engineering","Rail Transit","Security & protection system","Lighting engineering","Intelligent building","",""
"https://onlinecatalogue.electronicachina.com.cn/Public/Uploads/uploadfile/images/20260323/eClogoShanghai776x328EN-527.png","Acela Microelectronics （Suzhou） Co.,Ltd.","China","N4.632","https://onlinecatalogue.electronicachina.com.cn/journal/exhibitor/1300","","","","","","","","","","","","","","","",""
"https://onlinecatalogue.electronicachina.com.cn/Public/Uploads/useimg/20250411/acpalogo.png","ACPA （KUNSHAN） ELECTRONICA Co., LTD","Taiwan, China","N2.579","https://onlinecatalogue.electronicachina.com.cn/journal/exhibitor/935","Passive components (capacitors, resistors, inductors, etc.) and Relays","Industrial Electronics / Industrial Control","Communication System","Consumer Electronics","Automotive Electronics and EV","Electricity and New Energy","Rail Transit","Security & protection system","Household appliances","","","","","","",""
"https://onlinecatalogue.electronicachina.com.cn/Public/Uploads/useimg/20250319/logo240x120.png","Action  Dynamic Technology Co. LTD","China","W5.221","https://onlinecatalogue.electronicachina.com.cn/journal/exhibitor/953","Semiconductors","Automotive and testing","Wireless","Industrial Electronics / Industrial Control","Communication System","Consumer Electronics","Computers & Peripherals","Automotive Electronics and EV","Medical Technology","Internet of Things (loT)","Security & protection system","Lighting engineering","Intelligent building","Household appliances","",""
"https://onlinecatalogue.electronicachina.com.cn/Public/Uploads/uploadfile/images/20260323/eClogoShanghai776x328EN-527.png","ADMIRE POWER ELECTRONICS CO.,LTD","China","W5.928","https://onlinecatalogue.electronicachina.com.cn/journal/exhibitor/3558","","","","","","","","","","","","","","","",""
"https://onlinecatalogue.electronicachina.com.cn/Public/Uploads/useimg/20260601/[ADTehcnology]Logo.png","ADTechnology","Korea","N3.506","https://onlinecatalogue.electronicachina.com.cn/journal/exhibitor/3540","Semiconductors","Industrial Electronics / Industrial Control","Consumer Electronics","Automotive Electronics and EV","Internet of Things (loT)","Mobile phone","Others, please indicate","","","","","","","","",""
"https://onlinecatalogue.electronicachina.com.cn/Public/Uploads/uploadfile/images/20260323/eClogoShanghai776x328EN-527.png","Advanced Technology (Bazhou) Special Powder Co., Ltd.","China","N3.591","https://onlinecatalogue.electronicachina.com.cn/journal/exhibitor/3359","","","","","","","","","","","","","","","",""
"https://onlinecatalogue.electronicachina.com.cn/Public/Uploads/useimg/20260527/aimfuturelogo-645.png","AiM Future","Korea","N3.506","https://onlinecatalogue.electronicachina.com.cn/journal/exhibitor/3541","Semiconductors","Embedded systems","Consumer Electronics","Computers & Peripherals","Automotive Electronics and EV","Medical Technology","Military Electronics","Intelligent building","","","","","","","",""
"https://onlinecatalogue.electronicachina.com.cn/Public/Uploads/uploadfile/images/20260323/eClogoShanghai776x328EN-527.png","AIMMET INDUSTRIAL CO., LTD.","Taiwan, China","W3.313","https://onlinecatalogue.electronicachina.com.cn/journal/exhibitor/2223","","","","","","","","","","","","","","","",""
"https://onlinecatalogue.electronicachina.com.cn/Public/Uploads/useimg/20260520/aiyonglogohuaban1-765.png","Aiyong Instruments (Suzhou) Co., Ltd","China","W5.573","https://onlinecatalogue.electronicachina.com.cn/journal/exhibitor/2695","Semiconductors","Test and measurement","Electronic Manufacturing Services (EMS)","Electronic materials","Assemblies and subsystems","Automotive and testing","Artificial intelligence technology","Industrial Electronics / Industrial Control","Automotive Electronics and EV","Medical Technology","Electricity and New Energy","Artificial Intelligence","Household appliances","Mobile phone","",""
"https://onlinecatalogue.electronicachina.com.cn/Public/Uploads/useimg/20250304/anchanglogo.jpg","Aker Technology Co., Ltd","China","N2.540","https://onlinecatalogue.electronicachina.com.cn/journal/exhibitor/954","Passive components (capacitors, resistors, inductors, etc.) and Relays","Industrial Electronics / Industrial Control","Communication System","Consumer Electronics","Automotive Electronics and EV","Medical Technology","Electricity and New Energy","Internet of Things (loT)","Aviation & Space Technology","Security & protection system","","","","","",""
"https://onlinecatalogue.electronicachina.com.cn/Public/Uploads/useimg/20250313/134.jpg","Alinx Electronic Limited","China","N4.616","https://onlinecatalogue.electronicachina.com.cn/journal/exhibitor/1301","Semiconductors","Embedded systems","PCBs, other circuit carrier","Automotive and testing","Industrial Electronics / Industrial Control","Communication System","Automotive Electronics and EV","Medical Technology","Electricity and New Energy","Internet of Things (loT)","Aviation & Space Technology","Military Electronics","Mechanical Engineering","Rail Transit","Security & protection system",""
"https://onlinecatalogue.electronicachina.com.cn/Public/Uploads/uploadfile/images/20260323/eClogoShanghai776x328EN-527.png","ALKAIDSEMI","China","N5.213","https://onlinecatalogue.electronicachina.com.cn/journal/exhibitor/1178","Semiconductors","Industrial Electronics / Industrial Control","Communication System","Consumer Electronics","Automotive Electronics and EV","Lighting engineering","Intelligent building","Household appliances","","","","","","","",""
"https://onlinecatalogue.electronicachina.com.cn/Public/Uploads/uploadfile/images/20260323/eClogoShanghai776x328EN-527.png","Allchips","China","W4.724","https://onlinecatalogue.electronicachina.com.cn/journal/exhibitor/3311","","","","","","","","","","","","","","","",""
"https://onlinecatalogue.electronicachina.com.cn/Public/Uploads/uploadfile/images/20260323/eClogoShanghai776x328EN-527.png","Allegro Microsystmens (Shanghai) Co.,Ltd","America","N5.300","https://onlinecatalogue.electronicachina.com.cn/journal/exhibitor/1302","","","","","","","","","","","","","","","",""
"https://onlinecatalogue.electronicachina.com.cn/Public/Uploads/uploadfile/images/20260323/eClogoShanghai776x328EN-527.png","AMDIE - Moroccan Investment and Export Development Agency","Morocco","N3.613","https://onlinecatalogue.electronicachina.com.cn/journal/exhibitor/3265","Semiconductors","Embedded systems","Displays","Micronano-systems (MEMS, etc.)","Sensor technology","Test and measurement","Electronic Design (ED/EDA)","Passive components (capacitors, resistors, inductors, etc.) and Relays","Connectors, Switches, Casing technology, Wire Harness, etc","Power supplies","PCBs, other circuit carrier","Electronic Manufacturing Services (EMS)","Electronic materials","Assemblies and subsystems","Automotive and testing","Wireless"
"https://onlinecatalogue.electronicachina.com.cn/Public/Uploads/useimg/20250406/AmphenolCorporationLogo.jpg","Amphenol","America","W1.505","https://onlinecatalogue.electronicachina.com.cn/journal/exhibitor/1414","Sensor technology","Power supplies","Automotive and testing","Information gathering and services","Industrial Electronics / Industrial Control","Communication System","Consumer Electronics","Computers & Peripherals","Automotive Electronics and EV","Medical Technology","Electricity and New Energy","Internet of Things (loT)","Embodied Intelligence","Artificial Intelligence","Data Center / Cloud Computing","Aviation & Space Technology"
"https://onlinecatalogue.electronicachina.com.cn/Public/Uploads/uploadfile/images/20260323/eClogoShanghai776x328EN-527.png","AMPLE SOLUTIONS PTE LTD","China","N2.638","https://onlinecatalogue.electronicachina.com.cn/journal/exhibitor/955","","","","","","","","","","","","","","","",""
"https://onlinecatalogue.electronicachina.com.cn/Public/Uploads/uploadfile/images/20260323/eClogoShanghai776x328EN-527.png","Analog Power Electronic Co.,Ltd.","China","W5.257","https://onlinecatalogue.electronicachina.com.cn/journal/exhibitor/3350","","","","","","","","","","","","","","","",""
"https://onlinecatalogue.electronicachina.com.cn/Public/Uploads/useimg/20250206/AnbonLogo.png","ANBON SIMICONDUCTOR (INT'R) LIMITED","China","N4.317","https://onlinecatalogue.electronicachina.com.cn/journal/exhibitor/1179","Semiconductors","Information gathering and services","Industrial Electronics / Industrial Control","Communication System","Consumer Electronics","Automotive Electronics and EV","Electricity and New Energy","Aviation & Space Technology","Rail Transit","Security & protection system","Lighting engineering","Household appliances","","","",""
"https://onlinecatalogue.electronicachina.com.cn/Public/Uploads/uploadfile/images/20260323/eClogoShanghai776x328EN-527.png","Ancentest","China","W5.356","https://onlinecatalogue.electronicachina.com.cn/journal/exhibitor/2833","","","","","","","","","","","","","","","",""
"https://onlinecatalogue.electronicachina.com.cn/Public/Uploads/uploadfile/images/20260323/eClogoShanghai776x328EN-527.png","ANHUI CHENGYUE ELECTRONIC TECHNOLOGY CO., LTD.","China","N3.666","https://onlinecatalogue.electronicachina.com.cn/journal/exhibitor/3493","","","","","","","","","","","","","","","",""
"https://onlinecatalogue.electronicachina.com.cn/Public/Uploads/useimg/20260525/LOGOxianshitu-518.jpg","Anhui Jinchi Advanced Materials Co.,Ltd","China","W1.632","https://onlinecatalogue.electronicachina.com.cn/journal/exhibitor/2938","Semiconductors","Passive components (capacitors, resistors, inductors, etc.) and Relays","Connectors, Switches, Casing technology, Wire Harness, etc","Power supplies","PCBs, other circuit carrier","Electronic materials","Automotive and testing","Artificial intelligence technology","Other, please indicate","Industrial Electronics / Industrial Control","Communication System","Consumer Electronics","Automotive Electronics and EV","Medical Technology","Electricity and New Energy","Artificial Intelligence"
"https://onlinecatalogue.electronicachina.com.cn/Public/Uploads/uploadfile/images/20260323/eClogoShanghai776x328EN-527.png","Anhui Kangjingxiang Electronics Co.,Ltd","China","N3.880","https://onlinecatalogue.electronicachina.com.cn/journal/exhibitor/1954","","","","","","","","","","","","","","","",""
"https://onlinecatalogue.electronicachina.com.cn/Public/Uploads/uploadfile/images/20260323/eClogoShanghai776x328EN-527.png","Anhui Laifu Electronic Technology Co., Ltd","China","W5.348","https://onlinecatalogue.electronicachina.com.cn/journal/exhibitor/2328","Passive components (capacitors, resistors, inductors, etc.) and Relays","Industrial Electronics / Industrial Control","Automotive Electronics and EV","Medical Technology","Electricity and New Energy","Aviation & Space Technology","Military Electronics","Rail Transit","","","","","","","",""
"https://onlinecatalogue.electronicachina.com.cn/Public/Uploads/uploadfile/images/20260323/eClogoShanghai776x328EN-527.png","ANHUI PACIFIC CABLE","China","W2.736","https://onlinecatalogue.electronicachina.com.cn/journal/exhibitor/2948","Connectors, Switches, Casing technology, Wire Harness, etc","Automotive Electronics and EV","Electricity and New Energy","Data Center / Cloud Computing","Military Electronics","Rail Transit","","","","","","","","","",""
"https://onlinecatalogue.electronicachina.com.cn/Public/Uploads/uploadfile/images/20260323/eClogoShanghai776x328EN-527.png","Anhui Tongfeng Electronics Co., Ltd","China","N1.629","https://onlinecatalogue.electronicachina.com.cn/journal/exhibitor/936","","","","","","","","","","","","","","","",""
"https://onlinecatalogue.electronicachina.com.cn/Public/Uploads/useimg/20250414/xiangshengkejilogo.png","ANHUI VICO TECHNOLOGY CO.,LTD.","China","N1.213","https://onlinecatalogue.electronicachina.com.cn/journal/exhibitor/937","Semiconductors","Industrial Electronics / Industrial Control","Communication System","Consumer Electronics","Computers & Peripherals","Automotive Electronics and EV","Medical Technology","Electricity and New Energy","Internet of Things (loT)","Aviation & Space Technology","Military Electronics","Mechanical Engineering","Rail Transit","Security & protection system","Lighting engineering","Intelligent building"
"https://onlinecatalogue.electronicachina.com.cn/Public/Uploads/uploadfile/images/20260323/eClogoShanghai776x328EN-527.png","Anhui Xinke New Materials Co., Ltd.","China","W2.233","https://onlinecatalogue.electronicachina.com.cn/journal/exhibitor/2981","Passive components (capacitors, resistors, inductors, etc.) and Relays","Connectors, Switches, Casing technology, Wire Harness, etc","PCBs, other circuit carrier","Electronic materials","Other, please indicate","Industrial Electronics / Industrial Control","Communication System","Consumer Electronics","Computers & Peripherals","Automotive Electronics and EV","Medical Technology","Electricity and New Energy","Internet of Things (loT)","Embodied Intelligence","Artificial Intelligence","Data Center / Cloud Computing"
"https://onlinecatalogue.electronicachina.com.cn/Public/Uploads/uploadfile/images/20260323/eClogoShanghai776x328EN-527.png","Anmei Semiconductor Co.,Ltd","China","N4.525","https://onlinecatalogue.electronicachina.com.cn/journal/exhibitor/2075","","","","","","","","","","","","","","","",""
"https://onlinecatalogue.electronicachina.com.cn/Public/Uploads/uploadfile/images/20260323/eClogoShanghai776x328EN-527.png","AnovoMet","China","W2.170","https://onlinecatalogue.electronicachina.com.cn/journal/exhibitor/3254","","","","","","","","","","","","","","","",""
"https://onlinecatalogue.electronicachina.com.cn/Public/Uploads/useimg/20250312/anshengdianziLogo.png","ANSON Electronics (SHENZHEN) Co.,Ltd","China","N1.717","https://onlinecatalogue.electronicachina.com.cn/journal/exhibitor/956","Semiconductors","Passive components (capacitors, resistors, inductors, etc.) and Relays","Power supplies","Industrial Electronics / Industrial Control","Communication System","Consumer Electronics","Computers & Peripherals","Automotive Electronics and EV","Medical Technology","Electricity and New Energy","Internet of Things (loT)","Embodied Intelligence","Artificial Intelligence","Data Center / Cloud Computing","Aviation & Space Technology","Military Electronics"
"https://onlinecatalogue.electronicachina.com.cn/Public/Uploads/useimg/20260525/logo03-400.jpg","APAQ Technology Co., Ltd.","China","N1.657","https://onlinecatalogue.electronicachina.com.cn/journal/exhibitor/938","Passive components (capacitors, resistors, inductors, etc.) and Relays","Industrial Electronics / Industrial Control","Communication System","Consumer Electronics","Computers & Peripherals","Automotive Electronics and EV","Internet of Things (loT)","Artificial Intelligence","Household appliances","","","","","","",""
"https://onlinecatalogue.electronicachina.com.cn/Public/Uploads/useimg/20260522/b6683fe33a0f73538d374b26ba81424e.png","Apelion Technology Co., Ltd.","China","W5.666","https://onlinecatalogue.electronicachina.com.cn/journal/exhibitor/3246","Test and measurement","Assemblies and subsystems","Communication System","Artificial Intelligence","Aviation & Space Technology","Military Electronics","","","","","","","","","",""
"https://onlinecatalogue.electronicachina.com.cn/Public/Uploads/useimg/20250219/LogoMagnetec4C.jpg","Aperam Magnetic Components","China","N1.917","https://onlinecatalogue.electronicachina.com.cn/journal/exhibitor/2022","Micronano-systems (MEMS, etc.)","Sensor technology","Passive components (capacitors, resistors, inductors, etc.) and Relays","PCBs, other circuit carrier","Automotive and testing","Industrial Electronics / Industrial Control","Communication System","Automotive Electronics and EV","Electricity and New Energy","Rail Transit","","","","","",""
"https://onlinecatalogue.electronicachina.com.cn/Public/Uploads/useimg/20260323/APMxinlogoyuanxing731K.png","APM","China","N4.228","https://onlinecatalogue.electronicachina.com.cn/journal/exhibitor/779","Semiconductors","Industrial Electronics / Industrial Control","Communication System","Consumer Electronics","Computers & Peripherals","Automotive Electronics and EV","Internet of Things (loT)","Embodied Intelligence","Data Center / Cloud Computing","Security & protection system","Lighting engineering","Household appliances","","","",""
"https://onlinecatalogue.electronicachina.com.cn/Public/Uploads/useimg/20250325/LOGO-440.png","Applied Power Microelectronics Incorporated","China","N5.251","https://onlinecatalogue.electronicachina.com.cn/journal/exhibitor/1303","Semiconductors","Information gathering and services","Industrial Electronics / Industrial Control","Communication System","Consumer Electronics","Computers & Peripherals","Automotive Electronics and EV","Medical Technology","Electricity and New Energy","Internet of Things (loT)","Aviation & Space Technology","Mechanical Engineering","Rail Transit","Security & protection system","Lighting engineering","Intelligent building"
"https://onlinecatalogue.electronicachina.com.cn/Public/Uploads/useimg/20260408/fangzhouweilogo-759.jpg","ARK Microelectronica Co., Ltd.","China","N5.905","https://onlinecatalogue.electronicachina.com.cn/journal/exhibitor/2087","Semiconductors","Embedded systems","Sensor technology","Test and measurement","Connectors, Switches, Casing technology, Wire Harness, etc","Power supplies","Other, please indicate","Industrial Electronics / Industrial Control","Communication System","Consumer Electronics","Computers & Peripherals","Automotive Electronics and EV","Medical Technology","Electricity and New Energy","Internet of Things (loT)","Artificial Intelligence"
"https://onlinecatalogue.electronicachina.com.cn/Public/Uploads/useimg/20250403/240120.png","Artery Technology Co.,Ltd","China","N5.120","https://onlinecatalogue.electronicachina.com.cn/journal/exhibitor/1304","Embedded systems","Industrial Electronics / Industrial Control","Communication System","Consumer Electronics","Computers & Peripherals","Automotive Electronics and EV","Medical Technology","Electricity and New Energy","Internet of Things (loT)","Embodied Intelligence","Artificial Intelligence","Security & protection system","Intelligent building","Household appliances","Others, please indicate",""
"https://onlinecatalogue.electronicachina.com.cn/Public/Uploads/useimg/20260420/xinlogobaidi.jpg","ArtInChip","China","N5.806","https://onlinecatalogue.electronicachina.com.cn/journal/exhibitor/1959","Semiconductors","Industrial Electronics / Industrial Control","Consumer Electronics","Computers & Peripherals","Automotive Electronics and EV","Medical Technology","Electricity and New Energy","Internet of Things (loT)","Embodied Intelligence","Artificial Intelligence","Security & protection system","Intelligent building","Household appliances","","",""
"https://onlinecatalogue.electronicachina.com.cn/Public/Uploads/useimg/20250303/fd927f93e2d38f4693d6db5ff5ef7fa.jpg","Asco Electronic Group Co., Limited","China","N4.628","https://onlinecatalogue.electronicachina.com.cn/journal/exhibitor/1181","Semiconductors","Embedded systems","Passive components (capacitors, resistors, inductors, etc.) and Relays","Industrial Electronics / Industrial Control","Consumer Electronics","Automotive Electronics and EV","Medical Technology","Electricity and New Energy","Military Electronics","Security & protection system","","","","","",""
"https://onlinecatalogue.electronicachina.com.cn/Public/Uploads/useimg/20260414/yazhoulonglogo.png","ASIAON ELECTRIC CO.,LTD","China","N1.749","https://onlinecatalogue.electronicachina.com.cn/journal/exhibitor/1771","Passive components (capacitors, resistors, inductors, etc.) and Relays","PCBs, other circuit carrier","Other, please indicate","Industrial Electronics / Industrial Control","Automotive Electronics and EV","Others, please indicate","","","","","","","","","",""
"https://onlinecatalogue.electronicachina.com.cn/Public/Uploads/uploadfile/images/20260323/eClogoShanghai776x328EN-527.png","ASMIL Technology (Hubei) Co., Ltd.","China","N3.620","https://onlinecatalogue.electronicachina.com.cn/journal/exhibitor/1182","","","","","","","","","","","","","","","",""
"https://onlinecatalogue.electronicachina.com.cn/Public/Uploads/uploadfile/images/20260323/eClogoShanghai776x328EN-527.png","Atop Electronic Technology Co., Ltd.","China","N4.566","https://onlinecatalogue.electronicachina.com.cn/journal/exhibitor/957","","","","","","","","","","","","","","","",""
"https://onlinecatalogue.electronicachina.com.cn/Public/Uploads/useimg/20250320/aodi.jpg","Audiowell Electronics (Guangdong) CO.,LTD.","China","N1.820","https://onlinecatalogue.electronicachina.com.cn/journal/exhibitor/939","Micronano-systems (MEMS, etc.)","Sensor technology","Test and measurement","Passive components (capacitors, resistors, inductors, etc.) and Relays","Automotive and testing","Industrial Electronics / Industrial Control","Consumer Electronics","Automotive Electronics and EV","Medical Technology","Household appliances","","","","","",""
"https://onlinecatalogue.electronicachina.com.cn/Public/Uploads/useimg/20250321/jiefakejilianhelogo.png","AutoChips","China","N5.513","https://onlinecatalogue.electronicachina.com.cn/journal/exhibitor/1305","Semiconductors","Automotive Electronics and EV","","","","","","","","","","","","","",""
"https://onlinecatalogue.electronicachina.com.cn/Public/Uploads/uploadfile/images/20260323/eClogoShanghai776x328EN-527.png","Autosplice Electronics (DongGuan) Ltd","America","W1.116","https://onlinecatalogue.electronicachina.com.cn/journal/exhibitor/1860","Connectors, Switches, Casing technology, Wire Harness, etc","PCBs, other circuit carrier","Industrial Electronics / Industrial Control","Communication System","Consumer Electronics","Computers & Peripherals","Automotive Electronics and EV","","","","","","","","",""
"https://onlinecatalogue.electronicachina.com.cn/Public/Uploads/uploadfile/images/20260323/eClogoShanghai776x328EN-527.png","AVIC SHENYANG XINGHUA AERO-ELECTRIC APPLIANCE CO.,LTD.","China","W2.536","https://onlinecatalogue.electronicachina.com.cn/journal/exhibitor/2100","","","","","","","","","","","","","","","",""
"https://onlinecatalogue.electronicachina.com.cn/Public/Uploads/uploadfile/images/20260323/eClogoShanghai776x328EN-527.png","Axon' Interconnect Ltd.","France","W2.252","https://onlinecatalogue.electronicachina.com.cn/journal/exhibitor/1417","Connectors, Switches, Casing technology, Wire Harness, etc","Assemblies and subsystems","Industrial Electronics / Industrial Control","Communication System","Consumer Electronics","Automotive Electronics and EV","Medical Technology","Aviation & Space Technology","Military Electronics","","","","","","",""
"https://onlinecatalogue.electronicachina.com.cn/Public/Uploads/useimg/20250120/AzureMoto05LogomarkLogotypeSC.png","Azuremoto Technology Inc.","China","N4.117","https://onlinecatalogue.electronicachina.com.cn/journal/exhibitor/1306","Semiconductors","Test and measurement","Electronic Design (ED/EDA)","Automotive and testing","Information gathering and services","Industrial Electronics / Industrial Control","Communication System","Consumer Electronics","Computers & Peripherals","Automotive Electronics and EV","Medical Technology","Electricity and New Energy","Internet of Things (loT)","Mechanical Engineering","Rail Transit","Security & protection system"
"https://onlinecatalogue.electronicachina.com.cn/Public/Uploads/uploadfile/images/20260323/eClogoShanghai776x328EN-527.png","Baoding Hongteng Technology Co., Ltd.","China","W3.817","https://onlinecatalogue.electronicachina.com.cn/journal/exhibitor/2860","","","","","","","","","","","","","","","",""
"https://onlinecatalogue.electronicachina.com.cn/Public/Uploads/useimg/20260518/0d8473007a818a22a859fe52f3d833dd.jpg","BAOZHOU ELECTRONICAL EQUIPMENT CO.,LTD.","China","W4.171","https://onlinecatalogue.electronicachina.com.cn/journal/exhibitor/2111","Connectors, Switches, Casing technology, Wire Harness, etc","Automotive and testing","Industrial Electronics / Industrial Control","Communication System","Consumer Electronics","Computers & Peripherals","Automotive Electronics and EV","Medical Technology","Electricity and New Energy","Aviation & Space Technology","Military Electronics","Mechanical Engineering","Rail Transit","Security & protection system","Intelligent building","Household appliances"
"https://onlinecatalogue.electronicachina.com.cn/Public/Uploads/uploadfile/images/20260323/eClogoShanghai776x328EN-527.png","BAUMANN Springs (Shanghai) Co., Ltd.","Switzerland","W3.157","https://onlinecatalogue.electronicachina.com.cn/journal/exhibitor/2517","","","","","","","","","","","","","","","",""
"https://onlinecatalogue.electronicachina.com.cn/Public/Uploads/uploadfile/images/20260323/eClogoShanghai776x328EN-527.png","BCT Technology (SZ) Co.,Ltd.","China","N2.523","https://onlinecatalogue.electronicachina.com.cn/journal/exhibitor/2983","","","","","","","","","","","","","","","",""
"https://onlinecatalogue.electronicachina.com.cn/Public/Uploads/useimg/20250310/yongxingkejilogo.png","BEIHAI YONGXING ELECTRONICS CO.,LTD","China","N1.643","https://onlinecatalogue.electronicachina.com.cn/journal/exhibitor/2391","Sensor technology","Passive components (capacitors, resistors, inductors, etc.) and Relays","Industrial Electronics / Industrial Control","Communication System","Consumer Electronics","Computers & Peripherals","Automotive Electronics and EV","Medical Technology","Electricity and New Energy","Internet of Things (loT)","Aviation & Space Technology","Mechanical Engineering","Rail Transit","Security & protection system","Lighting engineering","Intelligent building"
"https://onlinecatalogue.electronicachina.com.cn/Public/Uploads/useimg/20250331/guolianwanzhonglogodaidianketubiao.jpg","BEIJING ADVANCED SEMICONDUCTOR INNOVATION CO.LTD （ASI）","China","N3.621","https://onlinecatalogue.electronicachina.com.cn/journal/exhibitor/1183","Semiconductors","Micronano-systems (MEMS, etc.)","Passive components (capacitors, resistors, inductors, etc.) and Relays","Power supplies","Automotive and testing","Wireless","Industrial Electronics / Industrial Control","Communication System","Consumer Electronics","Automotive Electronics and EV","Electricity and New Energy","Embodied Intelligence","Artificial Intelligence","Data Center / Cloud Computing","Aviation & Space Technology","Household appliances"
"https://onlinecatalogue.electronicachina.com.cn/Public/Uploads/useimg/20251209/jiace1.jpg","BEIJING AEROSPACE MEASUREMENT &CONTROL TECHNOLOGY CO.,LTD./Zhejiang Jiace Electronics Equipments Co., Ltd","China","W5.365","https://onlinecatalogue.electronicachina.com.cn/journal/exhibitor/2850","Test and measurement","Industrial Electronics / Industrial Control","Communication System","Consumer Electronics","Automotive Electronics and EV","","","","","","","","","","",""
"https://onlinecatalogue.electronicachina.com.cn/Public/Uploads/useimg/20250320/weibiaoti11.png","Beijing Chuangxin Online Technology Group Co., Ltd.","China","N2.545","https://onlinecatalogue.electronicachina.com.cn/journal/exhibitor/959","Semiconductors","Industrial Electronics / Industrial Control","","","","","","","","","","","","","",""
"https://onlinecatalogue.electronicachina.com.cn/Public/Uploads/useimg/20250401/gongsilogo.png","Beijing Cimo Microelectronics Co., Ltd.","China","N4.649","https://onlinecatalogue.electronicachina.com.cn/journal/exhibitor/2404","Semiconductors","Power supplies","Industrial Electronics / Industrial Control","Consumer Electronics","Automotive Electronics and EV","Medical Technology","Electricity and New Energy","Rail Transit","Security & protection system","","","","","","",""
"https://onlinecatalogue.electronicachina.com.cn/Public/Uploads/useimg/20260521/xiugaitupianchicun.png","Beijing Dahua Radio Instrument Co.,Ltd.","China","W5.321","https://onlinecatalogue.electronicachina.com.cn/journal/exhibitor/1067","Test and measurement","Industrial Electronics / Industrial Control","Automotive Electronics and EV","Electricity and New Energy","Aviation & Space Technology","Military Electronics","","","","","","","","","",""
"https://onlinecatalogue.electronicachina.com.cn/Public/Uploads/useimg/20250210/dwin.jpg","Beijing DWIN Technology Co., Ltd.","China","N1.359","https://onlinecatalogue.electronicachina.com.cn/journal/exhibitor/1760","Displays","Industrial Electronics / Industrial Control","Consumer Electronics","Medical Technology","Electricity and New Energy","Mechanical Engineering","Security & protection system","Household appliances","","","","","","","",""
"https://onlinecatalogue.electronicachina.com.cn/Public/Uploads/uploadfile/images/20260323/eClogoShanghai776x328EN-527.png","Beijing East Star Labs","China","N3.748","https://onlinecatalogue.electronicachina.com.cn/journal/exhibitor/3215","","","","","","","","","","","","","","","",""
"https://onlinecatalogue.electronicachina.com.cn/Public/Uploads/uploadfile/images/20260323/eClogoShanghai776x328EN-527.png","BEIJING GALAXY CAS TECHNOLOGY CO.,LTD","China","N3.725","https://onlinecatalogue.electronicachina.com.cn/journal/exhibitor/2990","","","","","","","","","","","","","","","",""
"https://onlinecatalogue.electronicachina.com.cn/Public/Uploads/uploadfile/images/20260323/eClogoShanghai776x328EN-527.png","Beijing Haawking Technology Co., Ltd.","China","N5.629","https://onlinecatalogue.electronicachina.com.cn/journal/exhibitor/1308","","","","","","","","","","","","","","","",""
"https://onlinecatalogue.electronicachina.com.cn/Public/Uploads/uploadfile/images/20260323/eClogoShanghai776x328EN-527.png","Beijing Huawei Century Technology Co., Ltd.","China","N3.851","https://onlinecatalogue.electronicachina.com.cn/journal/exhibitor/3503","","","","","","","","","","","","","","","",""
"https://onlinecatalogue.electronicachina.com.cn/Public/Uploads/useimg/20260602/logo240x120px-601.png","Beijing Inspire Robots Technology CO.,LTD","China","W4.573","https://onlinecatalogue.electronicachina.com.cn/journal/exhibitor/3604","Other, please indicate","Industrial Electronics / Industrial Control","Medical Technology","Embodied Intelligence","","","","","","","","","","","",""
"https://onlinecatalogue.electronicachina.com.cn/Public/Uploads/useimg/20250214/jingbeitongyuLOGO240x120.png","BEIJING JINGBEI COMPONENTS CO., LTD.","China","W2.333","https://onlinecatalogue.electronicachina.com.cn/journal/exhibitor/1636","Semiconductors","Embedded systems","Displays","Micronano-systems (MEMS, etc.)","Sensor technology","Test and measurement","Electronic Design (ED/EDA)","Passive components (capacitors, resistors, inductors, etc.) and Relays","Connectors, Switches, Casing technology, Wire Harness, etc","Power supplies","PCBs, other circuit carrier","Assemblies and subsystems","Automotive and testing","Wireless","Artificial intelligence technology","Information gathering and services"
"https://onlinecatalogue.electronicachina.com.cn/Public/Uploads/useimg/20250407/jingyuxinggongsiLOGOshiliangtu001.jpg","Beijing Jingyuxing Technology Co., Ltd.","China","N4.917","https://onlinecatalogue.electronicachina.com.cn/journal/exhibitor/2086","Semiconductors","Information gathering and services","Industrial Electronics / Industrial Control","Communication System","Automotive Electronics and EV","Medical Technology","Electricity and New Energy","Internet of Things (loT)","Aviation & Space Technology","Military Electronics","Rail Transit","","","","",""
"https://onlinecatalogue.electronicachina.com.cn/Public/Uploads/useimg/20260416/KYLOGOkeyuGROUP.png","Beijing Keyu Jinpeng Automation Equipment Co., Ltd.","China","W4.","https://onlinecatalogue.electronicachina.com.cn/journal/exhibitor/3391","PCBs, other circuit carrier","Automotive and testing","Wireless","Information gathering and services","Industrial Electronics / Industrial Control","Communication System","Consumer Electronics","Computers & Peripherals","Automotive Electronics and EV","Internet of Things (loT)","Aviation & Space Technology","Security & protection system","Lighting engineering","Intelligent building","Mobile phone",""
"https://onlinecatalogue.electronicachina.com.cn/Public/Uploads/useimg/20260421/kunfang-450.jpg","Beijing Kunbo Fangyuan Electronic Technology Co., Ltd","China","N3.152","https://onlinecatalogue.electronicachina.com.cn/journal/exhibitor/3294","PCBs, other circuit carrier","Electronic Manufacturing Services (EMS)","Assemblies and subsystems","Automotive and testing","Artificial intelligence technology","Industrial Electronics / Industrial Control","Communication System","Consumer Electronics","Computers & Peripherals","Automotive Electronics and EV","Medical Technology","Electricity and New Energy","Internet of Things (loT)","Embodied Intelligence","Artificial Intelligence","Data Center / Cloud Computing"
"https://onlinecatalogue.electronicachina.com.cn/Public/Uploads/useimg/20250324/logo100.jpg","Beijing Nanshi XundaTechnology Co., Ltd.","China","W4.360","https://onlinecatalogue.electronicachina.com.cn/journal/exhibitor/1634","Connectors, Switches, Casing technology, Wire Harness, etc","Other, please indicate","Industrial Electronics / Industrial Control","Communication System","Consumer Electronics","Computers & Peripherals","Automotive Electronics and EV","Medical Technology","Electricity and New Energy","Internet of Things (loT)","Aviation & Space Technology","Military Electronics","Mechanical Engineering","Rail Transit","Security & protection system","Lighting engineering"
"https://onlinecatalogue.electronicachina.com.cn/Public/Uploads/useimg/20250403/weixintupian20250307094911-68.jpg","BEIJING ORIENTAL JICHENG CO., LTD.","America","W5.346","https://onlinecatalogue.electronicachina.com.cn/journal/exhibitor/1068","Test and measurement","Power supplies","Automotive and testing","Industrial Electronics / Industrial Control","Communication System","Consumer Electronics","Computers & Peripherals","Automotive Electronics and EV","Medical Technology","Electricity and New Energy","Internet of Things (loT)","Aviation & Space Technology","Military Electronics","Mechanical Engineering","Rail Transit","Security & protection system"
"https://onlinecatalogue.electronicachina.com.cn/Public/Uploads/useimg/20250124/LOGOzhongwenhengshi.jpg","BEIJING ORIENTAL JICHENG CO., LTD.","China","W5.532","https://onlinecatalogue.electronicachina.com.cn/journal/exhibitor/1825","Semiconductors","Embedded systems","Displays","Sensor technology","Test and measurement","Passive components (capacitors, resistors, inductors, etc.) and Relays","Connectors, Switches, Casing technology, Wire Harness, etc","Power supplies","Automotive and testing","Artificial intelligence technology","Information gathering and services","Industrial Electronics / Industrial Control","Communication System","Consumer Electronics","Computers & Peripherals","Automotive Electronics and EV"
"https://onlinecatalogue.electronicachina.com.cn/Public/Uploads/useimg/20260529/tujianchengPNGRBG.png","Beijing Qixing Huachuang Precision Electronic Technology Co., Ltd.","China","N3.709","https://onlinecatalogue.electronicachina.com.cn/journal/exhibitor/3228","Semiconductors","Sensor technology","Test and measurement","Passive components (capacitors, resistors, inductors, etc.) and Relays","Power supplies","Other, please indicate","Industrial Electronics / Industrial Control","Communication System","Medical Technology","Electricity and New Energy","Artificial Intelligence","Aviation & Space Technology","","","",""
"https://onlinecatalogue.electronicachina.com.cn/Public/Uploads/uploadfile/images/20260323/eClogoShanghai776x328EN-527.png","Beijing TransFar Electronics Group Co., Ltd.","China","N3.319","https://onlinecatalogue.electronicachina.com.cn/journal/exhibitor/1070","","","","","","","","","","","","","","","",""
"https://onlinecatalogue.electronicachina.com.cn/Public/Uploads/useimg/20260513/gongsilogo1.png","Beijing Xinhe Semiconductor Co.,Ltd","China","N5.822","https://onlinecatalogue.electronicachina.com.cn/journal/exhibitor/3464","Semiconductors","Electronic Design (ED/EDA)","Power supplies","Assemblies and subsystems","Automotive and testing","Industrial Electronics / Industrial Control","Consumer Electronics","Automotive Electronics and EV","Electricity and New Energy","Data Center / Cloud Computing","Rail Transit","Household appliances","","","",""
"https://onlinecatalogue.electronicachina.com.cn/Public/Uploads/useimg/20250324/logo300toumingdi.png","Beijing Yaohuadechang Electronic Co.,Ltd.","China","N3.508","https://onlinecatalogue.electronicachina.com.cn/journal/exhibitor/1071","Sensor technology","Test and measurement","Passive components (capacitors, resistors, inductors, etc.) and Relays","Power supplies","Information gathering and services","Industrial Electronics / Industrial Control","Automotive Electronics and EV","Medical Technology","Electricity and New Energy","Internet of Things (loT)","Aviation & Space Technology","Military Electronics","Mechanical Engineering","Rail Transit","Security & protection system","Lighting engineering"
"https://onlinecatalogue.electronicachina.com.cn/Public/Uploads/useimg/20260427/logoyuandachuangxintoumingdi-722.png","Beijing Yuanda Innovation Technology Co., Ltd.","China","N3.635","https://onlinecatalogue.electronicachina.com.cn/journal/exhibitor/960","Semiconductors","Embedded systems","Connectors, Switches, Casing technology, Wire Harness, etc","Automotive and testing","Information gathering and services","Industrial Electronics / Industrial Control","Communication System","Consumer Electronics","Automotive Electronics and EV","Medical Technology","Electricity and New Energy","Internet of Things (loT)","Mechanical Engineering","Rail Transit","Security & protection system","Household appliances"
"https://onlinecatalogue.electronicachina.com.cn/Public/Uploads/uploadfile/images/20260323/eClogoShanghai776x328EN-527.png","Beijing Zhonghan Instrument Co., Ltd.","Taiwan, China","W5.668","https://onlinecatalogue.electronicachina.com.cn/journal/exhibitor/3565","","","","","","","","","","","","","","","",""
"https://onlinecatalogue.electronicachina.com.cn/Public/Uploads/useimg/20250207/NEWLOGO.png","BEISIT ELECTRIC TECH(HANGZHOU) CO.LTD","China","W3.317","https://onlinecatalogue.electronicachina.com.cn/journal/exhibitor/1531","Connectors, Switches, Casing technology, Wire Harness, etc","Industrial Electronics / Industrial Control","Communication System","Computers & Peripherals","Automotive Electronics and EV","Medical Technology","Electricity and New Energy","Internet of Things (loT)","Data Center / Cloud Computing","Aviation & Space Technology","Military Electronics","Mechanical Engineering","Rail Transit","Security & protection system","Lighting engineering",""
"https://onlinecatalogue.electronicachina.com.cn/Public/Uploads/useimg/20250217/Beiyanglogo[zhuanhuan]1.png","Beiyang Group","China","W5.325","https://onlinecatalogue.electronicachina.com.cn/journal/exhibitor/1161","Sensor technology","Passive components (capacitors, resistors, inductors, etc.) and Relays","Power supplies","PCBs, other circuit carrier","Assemblies and subsystems","Wireless","Artificial intelligence technology","Information gathering and services","Other, please indicate","Industrial Electronics / Industrial Control","Communication System","Consumer Electronics","Computers & Peripherals","Automotive Electronics and EV","Medical Technology","Electricity and New Energy"
"https://onlinecatalogue.electronicachina.com.cn/Public/Uploads/uploadfile/images/20260323/eClogoShanghai776x328EN-527.png","Beiyi semiconductor technology (Guangdong) Co., Ltd","China","N5.741","https://onlinecatalogue.electronicachina.com.cn/journal/exhibitor/1185","","","","","","","","","","","","","","","",""
"https://onlinecatalogue.electronicachina.com.cn/Public/Uploads/useimg/20260420/BelmasterbrandwithouttaglineRGB.png","Bel Fuse Inc.","America","W5.625","https://onlinecatalogue.electronicachina.com.cn/journal/exhibitor/3115","Passive components (capacitors, resistors, inductors, etc.) and Relays","Connectors, Switches, Casing technology, Wire Harness, etc","Power supplies","Assemblies and subsystems","Automotive and testing","Wireless","Industrial Electronics / Industrial Control","Communication System","Consumer Electronics","Automotive Electronics and EV","Medical Technology","Internet of Things (loT)","Data Center / Cloud Computing","Aviation & Space Technology","Rail Transit","Intelligent building"
"https://onlinecatalogue.electronicachina.com.cn/Public/Uploads/uploadfile/images/20260323/eClogoShanghai776x328EN-527.png","Bengbu Oulite Electronic Technology Co., Ltd","China","N2.275","https://onlinecatalogue.electronicachina.com.cn/journal/exhibitor/3024","","","","","","","","","","","","","","","",""
"https://onlinecatalogue.electronicachina.com.cn/Public/Uploads/useimg/20250408/KL.jpg","Bengbu Vanke Electronic Science and Technology Co.,LTD","China","N2.145","https://onlinecatalogue.electronicachina.com.cn/journal/exhibitor/961","Passive components (capacitors, resistors, inductors, etc.) and Relays","Industrial Electronics / Industrial Control","Communication System","Consumer Electronics","Computers & Peripherals","Automotive Electronics and EV","Medical Technology","Electricity and New Energy","Internet of Things (loT)","Aviation & Space Technology","Military Electronics","Mechanical Engineering","Rail Transit","Security & protection system","Lighting engineering","Intelligent building"
"https://onlinecatalogue.electronicachina.com.cn/Public/Uploads/useimg/20250304/mingchengLOGO.jpg","BENLONG (TIANJIN) INTERNATIONAL TRADE Co., Ltd.","Japan","N3.135","https://onlinecatalogue.electronicachina.com.cn/journal/exhibitor/2169","Other, please indicate","Industrial Electronics / Industrial Control","Communication System","Consumer Electronics","Computers & Peripherals","Automotive Electronics and EV","Medical Technology","Electricity and New Energy","Internet of Things (loT)","Aviation & Space Technology","Mechanical Engineering","Rail Transit","Security & protection system","Lighting engineering","Intelligent building","Household appliances"
"https://onlinecatalogue.electronicachina.com.cn/Public/Uploads/useimg/20250414/e775223316ef316a45a8b040551f28b.png","BEST METAL","China","W3.809","https://onlinecatalogue.electronicachina.com.cn/journal/exhibitor/1532","Connectors, Switches, Casing technology, Wire Harness, etc","Industrial Electronics / Industrial Control","Communication System","Consumer Electronics","Computers & Peripherals","Automotive Electronics and EV","Medical Technology","Electricity and New Energy","Aviation & Space Technology","Military Electronics","Mechanical Engineering","Lighting engineering","Household appliances","Mobile phone","",""
"https://onlinecatalogue.electronicachina.com.cn/Public/Uploads/useimg/20250306/BESTARLOGO.png","BESTAR Holdings Co., Ltd.（HQ）","China","N2.271","https://onlinecatalogue.electronicachina.com.cn/journal/exhibitor/2254","Sensor technology","Automotive and testing","Information gathering and services","Consumer Electronics","Automotive Electronics and EV","Medical Technology","Electricity and New Energy","Internet of Things (loT)","Security & protection system","Lighting engineering","Intelligent building","Household appliances","Mobile phone","","",""
"https://onlinecatalogue.electronicachina.com.cn/Public/Uploads/useimg/20250205/bindexindeLOGO.jpg","Binder Connector(Nanjing)Co., Ltd.","Germany","W3.301","https://onlinecatalogue.electronicachina.com.cn/journal/exhibitor/1533","Semiconductors","Sensor technology","Power supplies","Artificial intelligence technology","Information gathering and services","Other, please indicate","Industrial Electronics / Industrial Control","Communication System","Consumer Electronics","Computers & Peripherals","Automotive Electronics and EV","Medical Technology","Electricity and New Energy","Internet of Things (loT)","Aviation & Space Technology","Military Electronics"
"https://onlinecatalogue.electronicachina.com.cn/Public/Uploads/uploadfile/images/20260323/eClogoShanghai776x328EN-527.png","Biw Insulation and Sealing Technology （Kunshan） CO.,Ltd","Germany","W2.561","https://onlinecatalogue.electronicachina.com.cn/journal/exhibitor/2121","","","","","","","","","","","","","","","",""
"https://onlinecatalogue.electronicachina.com.cn/Public/Uploads/uploadfile/images/20260323/eClogoShanghai776x328EN-527.png","BMA TECHNOLOGIES LIMITED","China","W3.253","https://onlinecatalogue.electronicachina.com.cn/journal/exhibitor/1876","","","","","","","","","","","","","","","",""
"https://onlinecatalogue.electronicachina.com.cn/Public/Uploads/uploadfile/images/20260323/eClogoShanghai776x328EN-527.png","Boarden","China","N1.237","https://onlinecatalogue.electronicachina.com.cn/journal/exhibitor/942","","","","","","","","","","","","","","","",""
"https://onlinecatalogue.electronicachina.com.cn/Public/Uploads/useimg/20260205/dianziwang4.png","Bom.Ai","China","W5.100","https://onlinecatalogue.electronicachina.com.cn/journal/exhibitor/962","Semiconductors","Passive components (capacitors, resistors, inductors, etc.) and Relays","Other, please indicate","Industrial Electronics / Industrial Control","Communication System","Consumer Electronics","Computers & Peripherals","Automotive Electronics and EV","Medical Technology","Electricity and New Energy","Artificial Intelligence","Military Electronics","Security & protection system","Intelligent building","Others, please indicate",""
"https://onlinecatalogue.electronicachina.com.cn/Public/Uploads/uploadfile/images/20260323/eClogoShanghai776x328EN-527.png","BORN SEMICONDUCTOR","China","N4.133","https://onlinecatalogue.electronicachina.com.cn/journal/exhibitor/1309","Semiconductors","Industrial Electronics / Industrial Control","Communication System","Consumer Electronics","Computers & Peripherals","Automotive Electronics and EV","Electricity and New Energy","Internet of Things (loT)","Data Center / Cloud Computing","","","","","","",""
"https://onlinecatalogue.electronicachina.com.cn/Public/Uploads/useimg/20260319/logo.png","Bornsun","China","W5.728","https://onlinecatalogue.electronicachina.com.cn/journal/exhibitor/2861","Other, please indicate","Consumer Electronics","Computers & Peripherals","Automotive Electronics and EV","Medical Technology","Aviation & Space Technology","Military Electronics","","","","","","","","",""
"https://onlinecatalogue.electronicachina.com.cn/Public/Uploads/useimg/20260527/BOSLogo4ERGB.png","BOS Semiconductors","Korea","N3.506","https://onlinecatalogue.electronicachina.com.cn/journal/exhibitor/3539","Semiconductors","Industrial Electronics / Industrial Control","Automotive Electronics and EV","Internet of Things (loT)","Military Electronics","","","","","","","","","","",""
"https://onlinecatalogue.electronicachina.com.cn/Public/Uploads/useimg/20250204/huaban1.png","Boway Alloy","China","W1.733","https://onlinecatalogue.electronicachina.com.cn/journal/exhibitor/1535","Semiconductors","Displays","Sensor technology","Passive components (capacitors, resistors, inductors, etc.) and Relays","Connectors, Switches, Casing technology, Wire Harness, etc","Power supplies","PCBs, other circuit carrier","Assemblies and subsystems","Automotive and testing","Wireless","Other, please indicate","Industrial Electronics / Industrial Control","Communication System","Consumer Electronics","Computers & Peripherals","Automotive Electronics and EV"
"https://onlinecatalogue.electronicachina.com.cn/Public/Uploads/useimg/20260514/240120logo-903.jpg","Brite-Line","China","W2.849","https://onlinecatalogue.electronicachina.com.cn/journal/exhibitor/2885","Connectors, Switches, Casing technology, Wire Harness, etc","Electronic materials","Automotive Electronics and EV","","","","","","","","","","","","",""
"https://onlinecatalogue.electronicachina.com.cn/Public/Uploads/useimg/20260331/guangxinlogo114Kfenbianlvtoumingbeijing.png","Broadchip Technology Group Co., LTD","China","N4.252","https://onlinecatalogue.electronicachina.com.cn/journal/exhibitor/3361","Semiconductors","Communication System","Consumer Electronics","Computers & Peripherals","Internet of Things (loT)","Security & protection system","Lighting engineering","Household appliances","Mobile phone","","","","","","",""
"https://onlinecatalogue.electronicachina.com.cn/Public/Uploads/uploadfile/images/20260323/eClogoShanghai776x328EN-527.png","BTD TECHNOLOGY","China","W5.819","https://onlinecatalogue.electronicachina.com.cn/journal/exhibitor/3453","","","","","","","","","","","","","","","",""
"https://onlinecatalogue.electronicachina.com.cn/Public/Uploads/uploadfile/images/20260323/eClogoShanghai776x328EN-527.png","C.C.O Chian Chia Electronic","China","N2.761","https://onlinecatalogue.electronicachina.com.cn/journal/exhibitor/2719","","","","","","","","","","","","","","","",""
"https://onlinecatalogue.electronicachina.com.cn/Public/Uploads/useimg/20260504/logoposter.jpg","C.C.OHM ENTERPRISE CO., LTD.","Taiwan, China","N4.838","https://onlinecatalogue.electronicachina.com.cn/journal/exhibitor/3420","Passive components (capacitors, resistors, inductors, etc.) and Relays","Electronic materials","Assemblies and subsystems","Consumer Electronics","Computers & Peripherals","Automotive Electronics and EV","Security & protection system","Lighting engineering","Household appliances","","","","","","",""
"https://onlinecatalogue.electronicachina.com.cn/Public/Uploads/useimg/20250301/caizhikejisanhua.png","Caizhi Electronics Technology (Jiangxi) Co., Ltd","China","N1.561","https://onlinecatalogue.electronicachina.com.cn/journal/exhibitor/944","Semiconductors","Displays","Sensor technology","Electronic Design (ED/EDA)","Passive components (capacitors, resistors, inductors, etc.) and Relays","Connectors, Switches, Casing technology, Wire Harness, etc","Information gathering and services","Other, please indicate","Industrial Electronics / Industrial Control","Communication System","Consumer Electronics","Computers & Peripherals","Automotive Electronics and EV","Medical Technology","Electricity and New Energy","Internet of Things (loT)"
"https://onlinecatalogue.electronicachina.com.cn/Public/Uploads/useimg/20260515/CalcuQuoteVerticalLockupDarkBlue.png","CalcuQuote | Elisa Industriq","America","W5.","https://onlinecatalogue.electronicachina.com.cn/journal/exhibitor/963","PCBs, other circuit carrier","Artificial intelligence technology","Industrial Electronics / Industrial Control","Medical Technology","Military Electronics","Mechanical Engineering","","","","","","","","","",""
"https://onlinecatalogue.electronicachina.com.cn/Public/Uploads/uploadfile/images/20260323/eClogoShanghai776x328EN-527.png","Canal Electronic (Jiaxing) Co.,LTD.","China","W2.905","https://onlinecatalogue.electronicachina.com.cn/journal/exhibitor/2783","Connectors, Switches, Casing technology, Wire Harness, etc","Industrial Electronics / Industrial Control","Communication System","Consumer Electronics","Computers & Peripherals","Automotive Electronics and EV","Medical Technology","Electricity and New Energy","Internet of Things (loT)","Embodied Intelligence","Artificial Intelligence","Data Center / Cloud Computing","Aviation & Space Technology","Military Electronics","Mechanical Engineering","Rail Transit"
"https://onlinecatalogue.electronicachina.com.cn/Public/Uploads/uploadfile/images/20260323/eClogoShanghai776x328EN-527.png","Cangzhou Aochang Electronic Technology Co., Ltd.","China","N3.645","https://onlinecatalogue.electronicachina.com.cn/journal/exhibitor/3338","","","","","","","","","","","","","","","",""
"https://onlinecatalogue.electronicachina.com.cn/Public/Uploads/useimg/20260514/IMG20260514194058edit78613542100502.jpg","Cangzhou Hande Hardware Manufacturing Co., Ltd.","China","W4.130","https://onlinecatalogue.electronicachina.com.cn/journal/exhibitor/2418","Semiconductors","Industrial Electronics / Industrial Control","","","","","","","","","","","","","",""
"https://onlinecatalogue.electronicachina.com.cn/Public/Uploads/uploadfile/images/20260323/eClogoShanghai776x328EN-527.png","Cangzhou Hangxing Hardware Products Co., Ltd.","China","W4.177","https://onlinecatalogue.electronicachina.com.cn/journal/exhibitor/3268","","","","","","","","","","","","","","","",""
"https://onlinecatalogue.electronicachina.com.cn/Public/Uploads/uploadfile/images/20260323/eClogoShanghai776x328EN-527.png","Cangzhou Huake Century Electronics Co., Ltd.","China","W1.901","https://onlinecatalogue.electronicachina.com.cn/journal/exhibitor/2320","","","","","","","","","","","","","","","",""
"https://onlinecatalogue.electronicachina.com.cn/Public/Uploads/uploadfile/images/20260323/eClogoShanghai776x328EN-527.png","Cangzhou Jinhui Hongye Metal products Co.,Ltd","China","W1.905","https://onlinecatalogue.electronicachina.com.cn/journal/exhibitor/2791","","","","","","","","","","","","","","","",""
"https://onlinecatalogue.electronicachina.com.cn/Public/Uploads/useimg/20250327/weixintupian20250320113440.png","Cangzhou Rongshengda Electrical Appliances Co., Ltd.","China","W2.213","https://onlinecatalogue.electronicachina.com.cn/journal/exhibitor/1418","Connectors, Switches, Casing technology, Wire Harness, etc","PCBs, other circuit carrier","Assemblies and subsystems","Automotive Electronics and EV","","","","","","","","","","","",""
"https://onlinecatalogue.electronicachina.com.cn/Public/Uploads/useimg/20260511/ba9ae9a45d5daf3badbc9264e9f809b6-994.jpg","Cangzhou Tefeng Electronic Technology Co., Ltd.","China","W1.915","https://onlinecatalogue.electronicachina.com.cn/journal/exhibitor/2411","Sensor technology","Passive components (capacitors, resistors, inductors, etc.) and Relays","Connectors, Switches, Casing technology, Wire Harness, etc","PCBs, other circuit carrier","Assemblies and subsystems","Industrial Electronics / Industrial Control","Communication System","Consumer Electronics","Automotive Electronics and EV","Medical Technology","Electricity and New Energy","Aviation & Space Technology","Military Electronics","Mechanical Engineering","Security & protection system","Household appliances"
"https://onlinecatalogue.electronicachina.com.cn/Public/Uploads/uploadfile/images/20260323/eClogoShanghai776x328EN-527.png","Cangzhou Yilida Electric Manufacturing Co., Ltd.","China","W4.275","https://onlinecatalogue.electronicachina.com.cn/journal/exhibitor/2761","","","","","","","","","","","","","","","",""
"https://onlinecatalogue.electronicachina.com.cn/Public/Uploads/useimg/20260528/weibiaoti1.jpg","CANGZHOU YONGTAI ELECTRONICS CO.,LTD","China","W3.745","https://onlinecatalogue.electronicachina.com.cn/journal/exhibitor/3516","Passive components (capacitors, resistors, inductors, etc.) and Relays","Connectors, Switches, Casing technology, Wire Harness, etc","Industrial Electronics / Industrial Control","Automotive Electronics and EV","Household appliances","","","","","","","","","","",""
"https://onlinecatalogue.electronicachina.com.cn/Public/Uploads/useimg/20250324/2-624.png","CAPXON ELECTRONIC TECHNOLOGY CO., LTD.","China","N1.641","https://onlinecatalogue.electronicachina.com.cn/journal/exhibitor/945","Passive components (capacitors, resistors, inductors, etc.) and Relays","Industrial Electronics / Industrial Control","Communication System","Consumer Electronics","Computers & Peripherals","Automotive Electronics and EV","Medical Technology","Electricity and New Energy","Internet of Things (loT)","Aviation & Space Technology","Military Electronics","Mechanical Engineering","Rail Transit","Security & protection system","Lighting engineering","Intelligent building"
"https://onlinecatalogue.electronicachina.com.cn/Public/Uploads/uploadfile/images/20260323/eClogoShanghai776x328EN-527.png","Cathay Biotech Inc.","China","W4.377","https://onlinecatalogue.electronicachina.com.cn/journal/exhibitor/3596","","","","","","","","","","","","","","","",""
"https://onlinecatalogue.electronicachina.com.cn/Public/Uploads/useimg/20260310/zhongbaologo-393.png","CB","China","N3.705","https://onlinecatalogue.electronicachina.com.cn/journal/exhibitor/3208","Semiconductors","Embedded systems","Displays","Micronano-systems (MEMS, etc.)","Sensor technology","Electronic materials","Other, please indicate","Industrial Electronics / Industrial Control","Communication System","Military Electronics","Lighting engineering","Household appliances","","","",""
"https://onlinecatalogue.electronicachina.com.cn/Public/Uploads/uploadfile/images/20260323/eClogoShanghai776x328EN-527.png","CCTC","China","N1.523","https://onlinecatalogue.electronicachina.com.cn/journal/exhibitor/1762","","","","","","","","","","","","","","","",""
"https://onlinecatalogue.electronicachina.com.cn/Public/Uploads/useimg/20250222/weixintupian20250218144720.jpg","CDOE","China","N2.625","https://onlinecatalogue.electronicachina.com.cn/journal/exhibitor/1780","Connectors, Switches, Casing technology, Wire Harness, etc","Industrial Electronics / Industrial Control","Automotive Electronics and EV","Medical Technology","Electricity and New Energy","Aviation & Space Technology","Military Electronics","Mechanical Engineering","Rail Transit","Security & protection system","","","","","",""
"https://onlinecatalogue.electronicachina.com.cn/Public/Uploads/uploadfile/images/20260323/eClogoShanghai776x328EN-527.png","Cellwise Microelectronics Co.,Ltd.","China","N4.729","https://onlinecatalogue.electronicachina.com.cn/journal/exhibitor/1311","","","","","","","","","","","","","","","",""
"https://onlinecatalogue.electronicachina.com.cn/Public/Uploads/useimg/20260519/LOGO.jpg","CeramTec Suzhou Ltd.","Germany","N1.121","https://onlinecatalogue.electronicachina.com.cn/journal/exhibitor/2883","Semiconductors","Sensor technology","Test and measurement","Passive components (capacitors, resistors, inductors, etc.) and Relays","Power supplies","PCBs, other circuit carrier","Electronic materials","Automotive and testing","Artificial intelligence technology","Other, please indicate","Industrial Electronics / Industrial Control","Communication System","Consumer Electronics","Automotive Electronics and EV","Medical Technology","Electricity and New Energy"
"https://onlinecatalogue.electronicachina.com.cn/Public/Uploads/useimg/20250312/changmingchangxinLOGO.jpg","CHANGMING INTERNATIONAL TECHNOLOGY CO., LTD","China","W5.900","https://onlinecatalogue.electronicachina.com.cn/journal/exhibitor/2621","Semiconductors","Embedded systems","Micronano-systems (MEMS, etc.)","Sensor technology","Passive components (capacitors, resistors, inductors, etc.) and Relays","Connectors, Switches, Casing technology, Wire Harness, etc","Power supplies","PCBs, other circuit carrier","Assemblies and subsystems","Automotive and testing","Wireless","Industrial Electronics / Industrial Control","Communication System","Automotive Electronics and EV","Medical Technology","Electricity and New Energy"
"https://onlinecatalogue.electronicachina.com.cn/Public/Uploads/useimg/20250410/LOGO2-298.png","Changsha Etest Electronics Co., Ltd","China","W5.631","https://onlinecatalogue.electronicachina.com.cn/journal/exhibitor/1073","Embedded systems","Sensor technology","Test and measurement","Connectors, Switches, Casing technology, Wire Harness, etc","Power supplies","Assemblies and subsystems","Automotive and testing","Industrial Electronics / Industrial Control","Communication System","Consumer Electronics","Computers & Peripherals","Automotive Electronics and EV","Medical Technology","Electricity and New Energy","Internet of Things (loT)","Aviation & Space Technology"
"https://onlinecatalogue.electronicachina.com.cn/Public/Uploads/uploadfile/images/20260323/eClogoShanghai776x328EN-527.png","Changshu Wan He Plastic Electronics Co.,Ltd.","China","W3.247","https://onlinecatalogue.electronicachina.com.cn/journal/exhibitor/3188","","","","","","","","","","","","","","","",""
"https://onlinecatalogue.electronicachina.com.cn/Public/Uploads/useimg/20260518/LOGOxinbaicheng.jpg","Changxing Baicheng Electronics Co., Ltd.","China","N2.129","https://onlinecatalogue.electronicachina.com.cn/journal/exhibitor/946","Passive components (capacitors, resistors, inductors, etc.) and Relays","Power supplies","Automotive and testing","Wireless","Information gathering and services","Other, please indicate","Industrial Electronics / Industrial Control","Communication System","Consumer Electronics","Computers & Peripherals","Automotive Electronics and EV","Medical Technology","Electricity and New Energy","Internet of Things (loT)","Rail Transit","Security & protection system"
"https://onlinecatalogue.electronicachina.com.cn/Public/Uploads/useimg/20250221/changxingjinjiamufuben.jpg","Changxing J.J.M Electrical Co.,Ltd.","Japan","W2.911","https://onlinecatalogue.electronicachina.com.cn/journal/exhibitor/2000","Connectors, Switches, Casing technology, Wire Harness, etc","Information gathering and services","Consumer Electronics","Automotive Electronics and EV","Electricity and New Energy","Household appliances","","","","","","","","","",""
"https://onlinecatalogue.electronicachina.com.cn/Public/Uploads/uploadfile/images/20260323/eClogoShanghai776x328EN-527.png","Changyuan  Fangyuan Rubber & Plastic Co., Ltd","China","W2.345","https://onlinecatalogue.electronicachina.com.cn/journal/exhibitor/3017","","","","","","","","","","","","","","","",""
"https://onlinecatalogue.electronicachina.com.cn/Public/Uploads/useimg/20260527/gongsiLOGO-750.jpg","Changyuan Electronics(Dongguan)Co.,Ltd.","China","W4.153","https://onlinecatalogue.electronicachina.com.cn/journal/exhibitor/3583","Connectors, Switches, Casing technology, Wire Harness, etc","Electronic materials","Industrial Electronics / Industrial Control","Communication System","Consumer Electronics","Computers & Peripherals","Automotive Electronics and EV","Medical Technology","Electricity and New Energy","Internet of Things (loT)","Artificial Intelligence","Aviation & Space Technology","Military Electronics","Mechanical Engineering","Rail Transit","Security & protection system"
"https://onlinecatalogue.electronicachina.com.cn/Public/Uploads/uploadfile/images/20260323/eClogoShanghai776x328EN-527.png","CHANGZHOU AMASS ELECTRONICS CO.,LTD","China","W1.126","https://onlinecatalogue.electronicachina.com.cn/journal/exhibitor/1858","","","","","","","","","","","","","","","",""
"https://onlinecatalogue.electronicachina.com.cn/Public/Uploads/useimg/20250226/onanbai.png","Changzhou Applent Instruments Ltd.","China","W5.522","https://onlinecatalogue.electronicachina.com.cn/journal/exhibitor/1799","Semiconductors","Displays","Micronano-systems (MEMS, etc.)","Sensor technology","Test and measurement","Electronic Design (ED/EDA)","Passive components (capacitors, resistors, inductors, etc.) and Relays","Connectors, Switches, Casing technology, Wire Harness, etc","Power supplies","PCBs, other circuit carrier","Assemblies and subsystems","Automotive and testing","Wireless","Artificial intelligence technology","Information gathering and services","Industrial Electronics / Industrial Control"
"https://onlinecatalogue.electronicachina.com.cn/Public/Uploads/useimg/20260427/Trelinlogogaoqingban.png","Changzhou Chuanglian Power Supply Technology Co., Ltd.","China","W5.801","https://onlinecatalogue.electronicachina.com.cn/journal/exhibitor/2582","Power supplies","Industrial Electronics / Industrial Control","Communication System","Consumer Electronics","Automotive Electronics and EV","Medical Technology","Electricity and New Energy","Military Electronics","Rail Transit","Security & protection system","Lighting engineering","Intelligent building","Household appliances","","",""
"https://onlinecatalogue.electronicachina.com.cn/Public/Uploads/uploadfile/images/20260323/eClogoShanghai776x328EN-527.png","Changzhou Cre-sound Electronics Co., Ltd","China","N2.762","https://onlinecatalogue.electronicachina.com.cn/journal/exhibitor/2434","","","","","","","","","","","","","","","",""
"https://onlinecatalogue.electronicachina.com.cn/Public/Uploads/useimg/20250306/LOGO.jpg","Changzhou CTW Electronics Co., Ltd.","China","W3.352","https://onlinecatalogue.electronicachina.com.cn/journal/exhibitor/1857","Connectors, Switches, Casing technology, Wire Harness, etc","Automotive and testing","Other, please indicate","Industrial Electronics / Industrial Control","Automotive Electronics and EV","Medical Technology","Electricity and New Energy","Aviation & Space Technology","Military Electronics","Mechanical Engineering","Rail Transit","","","","",""
"https://onlinecatalogue.electronicachina.com.cn/Public/Uploads/useimg/20250117/jk.jpg","Changzhou Dingxian Electronics Co., Ltd.","China","N5.927","https://onlinecatalogue.electronicachina.com.cn/journal/exhibitor/1312","Semiconductors","PCBs, other circuit carrier","Information gathering and services","Industrial Electronics / Industrial Control","Communication System","Consumer Electronics","Automotive Electronics and EV","Electricity and New Energy","Aviation & Space Technology","Military Electronics","Household appliances","","","","",""
"https://onlinecatalogue.electronicachina.com.cn/Public/Uploads/uploadfile/images/20260323/eClogoShanghai776x328EN-527.png","Changzhou Duoji EME Technical Co., Ltd.","China","W5.655","https://onlinecatalogue.electronicachina.com.cn/journal/exhibitor/2336","","","","","","","","","","","","","","","",""
"https://onlinecatalogue.electronicachina.com.cn/Public/Uploads/useimg/20250210/LOGO.jpg","Changzhou Fei Yang Electronic Technology Co., LTD","China","W5.708","https://onlinecatalogue.electronicachina.com.cn/journal/exhibitor/2287","Power supplies","Automotive and testing","Information gathering and services","Industrial Electronics / Industrial Control","Communication System","Consumer Electronics","Computers & Peripherals","Automotive Electronics and EV","Medical Technology","Electricity and New Energy","Internet of Things (loT)","Aviation & Space Technology","Security & protection system","Lighting engineering","Intelligent building","Household appliances"
"https://onlinecatalogue.electronicachina.com.cn/Public/Uploads/uploadfile/images/20260323/eClogoShanghai776x328EN-527.png","Changzhou FHD electronics Co., Ltd","China","N2.139","https://onlinecatalogue.electronicachina.com.cn/journal/exhibitor/2159","","","","","","","","","","","","","","","",""
"https://onlinecatalogue.electronicachina.com.cn/Public/Uploads/useimg/20260507/logo-242.png","Changzhou Guangshu Electronic Components Co., Ltd.","China","N2.923","https://onlinecatalogue.electronicachina.com.cn/journal/exhibitor/3219","Semiconductors","Sensor technology","Electronic Design (ED/EDA)","Passive components (capacitors, resistors, inductors, etc.) and Relays","Connectors, Switches, Casing technology, Wire Harness, etc","Electronic Manufacturing Services (EMS)","Electronic materials","Assemblies and subsystems","Industrial Electronics / Industrial Control","Automotive Electronics and EV","Medical Technology","Aviation & Space Technology","Military Electronics","Household appliances","",""
"https://onlinecatalogue.electronicachina.com.cn/Public/Uploads/useimg/20260507/qiangxinLOGO-301.png","Changzhou Haoqiang Cable Co., LTD","China","W3.823","https://onlinecatalogue.electronicachina.com.cn/journal/exhibitor/2958","Connectors, Switches, Casing technology, Wire Harness, etc","Electronic materials","Assemblies and subsystems","Industrial Electronics / Industrial Control","Communication System","Medical Technology","Electricity and New Energy","Internet of Things (loT)","Military Electronics","Mechanical Engineering","Rail Transit","Security & protection system","Lighting engineering","Intelligent building","Household appliances",""
"https://onlinecatalogue.electronicachina.com.cn/Public/Uploads/useimg/20260206/TDAshangbiao.jpg","Changzhou Haoxiang Electronic Co.,Ltd","China","N3.826","https://onlinecatalogue.electronicachina.com.cn/journal/exhibitor/2281","Embedded systems","Artificial intelligence technology","Industrial Electronics / Industrial Control","Consumer Electronics","Automotive Electronics and EV","Medical Technology","Internet of Things (loT)","Artificial Intelligence","Security & protection system","Household appliances","","","","","",""
"https://onlinecatalogue.electronicachina.com.cn/Public/Uploads/useimg/20250318/ziyuanhuaweidianzi.png","Changzhou Huawei Electronics Co., LTD.","China","N1.701","https://onlinecatalogue.electronicachina.com.cn/journal/exhibitor/911","Passive components (capacitors, resistors, inductors, etc.) and Relays","Industrial Electronics / Industrial Control","Communication System","Consumer Electronics","Computers & Peripherals","Automotive Electronics and EV","Medical Technology","Electricity and New Energy","Internet of Things (loT)","Security & protection system","Household appliances","Mobile phone","","","",""
"https://onlinecatalogue.electronicachina.com.cn/Public/Uploads/useimg/20260310/weibiaoti2huaban1.png","Changzhou JiaGuan Electronics Co.,Ltd.","China","N2.312","https://onlinecatalogue.electronicachina.com.cn/journal/exhibitor/1761","Passive components (capacitors, resistors, inductors, etc.) and Relays","Power supplies","Industrial Electronics / Industrial Control","Communication System","Automotive Electronics and EV","Electricity and New Energy","Aviation & Space Technology","Lighting engineering","Household appliances","","","","","","",""
"https://onlinecatalogue.electronicachina.com.cn/Public/Uploads/uploadfile/images/20260323/eClogoShanghai776x328EN-527.png","Changzhou Kaixin Electronic Appliance  Co.,Ltd","China","W4.755","https://onlinecatalogue.electronicachina.com.cn/journal/exhibitor/3278","","","","","","","","","","","","","","","",""
"https://onlinecatalogue.electronicachina.com.cn/Public/Uploads/uploadfile/images/20260323/eClogoShanghai776x328EN-527.png","Changzhou Kingsun New Energy Technology Co., Ltd.","China","W3.119","https://onlinecatalogue.electronicachina.com.cn/journal/exhibitor/3577","","","","","","","","","","","","","","","",""
"https://onlinecatalogue.electronicachina.com.cn/Public/Uploads/useimg/20250402/1723186148079.jpg","CHANGZHOU LANGJIE ELECTRONICS CO.,LTD/CHONGQING CHANGJIE ELECTRONICS CO.,LTD","China","N5.105","https://onlinecatalogue.electronicachina.com.cn/journal/exhibitor/1187","Semiconductors","Communication System","Consumer Electronics","Computers & Peripherals","Medical Technology","Electricity and New Energy","Internet of Things (loT)","Rail Transit","Security & protection system","Lighting engineering","Household appliances","Mobile phone","","","",""
"https://onlinecatalogue.electronicachina.com.cn/Public/Uploads/uploadfile/images/20260323/eClogoShanghai776x328EN-527.png","Changzhou Liande Ceramics Co., Ltd","China","N2.836","https://onlinecatalogue.electronicachina.com.cn/journal/exhibitor/3042","","","","","","","","","","","","","","","",""
"https://onlinecatalogue.electronicachina.com.cn/Public/Uploads/uploadfile/images/20260323/eClogoShanghai776x328EN-527.png","Changzhou Lianzhong Optoelectronic New Materials Co.,Ltd.","China","N3.661","https://onlinecatalogue.electronicachina.com.cn/journal/exhibitor/3274","","","","","","","","","","","","","","","",""
"https://onlinecatalogue.electronicachina.com.cn/Public/Uploads/uploadfile/images/20260323/eClogoShanghai776x328EN-527.png","Changzhou Southern Electronic Element Factory Co., Ltd","China","N2.826","https://onlinecatalogue.electronicachina.com.cn/journal/exhibitor/2034","Passive components (capacitors, resistors, inductors, etc.) and Relays","Industrial Electronics / Industrial Control","Communication System","Consumer Electronics","Automotive Electronics and EV","Medical Technology","Electricity and New Energy","Lighting engineering","Intelligent building","Household appliances","","","","","",""
"https://onlinecatalogue.electronicachina.com.cn/Public/Uploads/useimg/20250307/Logoonly3.png","ChangZhou Star Sea Electronics Co.,Ltd","China","N5.749","https://onlinecatalogue.electronicachina.com.cn/journal/exhibitor/1188","Semiconductors","Passive components (capacitors, resistors, inductors, etc.) and Relays","Information gathering and services","Industrial Electronics / Industrial Control","Communication System","Consumer Electronics","Computers & Peripherals","Automotive Electronics and EV","Medical Technology","Electricity and New Energy","Internet of Things (loT)","Security & protection system","Lighting engineering","Intelligent building","Household appliances","Mobile phone"
"https://onlinecatalogue.electronicachina.com.cn/Public/Uploads/uploadfile/images/20260323/eClogoShanghai776x328EN-527.png","CHANGZHOU TONGHUI ELECTRONIC CO.,LTD.","China","W5.529","https://onlinecatalogue.electronicachina.com.cn/journal/exhibitor/1075","","","","","","","","","","","","","","","",""
"https://onlinecatalogue.electronicachina.com.cn/Public/Uploads/useimg/20260324/ETOLOGOzuixin.png","Changzhou Yi Teng Electric Co.,Ltd.","China","W2.825","https://onlinecatalogue.electronicachina.com.cn/journal/exhibitor/2964","Connectors, Switches, Casing technology, Wire Harness, etc","Communication System","Consumer Electronics","Automotive Electronics and EV","Medical Technology","Electricity and New Energy","Artificial Intelligence","Aviation & Space Technology","Military Electronics","Rail Transit","Household appliances","","","","",""
"https://onlinecatalogue.electronicachina.com.cn/Public/Uploads/useimg/20250222/240xiangsu.png","Changzhou Yuhao Electronic  Co., Ltd.","China","N2.931","https://onlinecatalogue.electronicachina.com.cn/journal/exhibitor/2225","Passive components (capacitors, resistors, inductors, etc.) and Relays","Connectors, Switches, Casing technology, Wire Harness, etc","Power supplies","PCBs, other circuit carrier","Assemblies and subsystems","Artificial intelligence technology","Information gathering and services","Industrial Electronics / Industrial Control","Communication System","Computers & Peripherals","Automotive Electronics and EV","Medical Technology","Electricity and New Energy","Aviation & Space Technology","Security & protection system","Lighting engineering"
"https://onlinecatalogue.electronicachina.com.cn/Public/Uploads/useimg/20250402/zhideLOGO.png","Changzhou zhide electronic co., LTD","China","N5.633","https://onlinecatalogue.electronicachina.com.cn/journal/exhibitor/1189","Semiconductors","Industrial Electronics / Industrial Control","Communication System","Consumer Electronics","Computers & Peripherals","Automotive Electronics and EV","Electricity and New Energy","","","","","","","","",""
"https://onlinecatalogue.electronicachina.com.cn/Public/Uploads/uploadfile/images/20260323/eClogoShanghai776x328EN-527.png","Changzhou Zhixin Precision Electronics Co., Ltd","China","W5.553","https://onlinecatalogue.electronicachina.com.cn/journal/exhibitor/1076","","","","","","","","","","","","","","","",""
"https://onlinecatalogue.electronicachina.com.cn/Public/Uploads/useimg/20260515/heLOGOzhongyingwen.png","CHAOHE MICROELECTRONICS TECHNOLOGY (DONGGUAN) CO.,LTD","China","N5.346","https://onlinecatalogue.electronicachina.com.cn/journal/exhibitor/1955","Semiconductors","Consumer Electronics","Automotive Electronics and EV","","","","","","","","","","","","",""
"https://onlinecatalogue.electronicachina.com.cn/Public/Uploads/useimg/20250318/logo.jpg","Chemitec Automotive Components Co., Ltd.","China","W2.361","https://onlinecatalogue.electronicachina.com.cn/journal/exhibitor/1859","Connectors, Switches, Casing technology, Wire Harness, etc","Information gathering and services","Automotive Electronics and EV","Electricity and New Energy","Aviation & Space Technology","","","","","","","","","","",""
"https://onlinecatalogue.electronicachina.com.cn/Public/Uploads/uploadfile/images/20260323/eClogoShanghai776x328EN-527.png","CHEN TEST","China","W5.227","https://onlinecatalogue.electronicachina.com.cn/journal/exhibitor/1077","","","","","","","","","","","","","","","",""
"https://onlinecatalogue.electronicachina.com.cn/Public/Uploads/uploadfile/images/20260323/eClogoShanghai776x328EN-527.png","Chengdu BALE New Energy Co., Ltd","China","W3.140","https://onlinecatalogue.electronicachina.com.cn/journal/exhibitor/3193","","","","","","","","","","","","","","","",""
"https://onlinecatalogue.electronicachina.com.cn/Public/Uploads/uploadfile/images/20260323/eClogoShanghai776x328EN-527.png","Chengdu FuSemi Technology Co., Ltd.","China","N5.753","https://onlinecatalogue.electronicachina.com.cn/journal/exhibitor/3063","","","","","","","","","","","","","","","",""
"https://onlinecatalogue.electronicachina.com.cn/Public/Uploads/uploadfile/images/20260323/eClogoShanghai776x328EN-527.png","Chengdu KangCheng Electronic INC.","China","W1.209","https://onlinecatalogue.electronicachina.com.cn/journal/exhibitor/1419","","","","","","","","","","","","","","","",""
"https://onlinecatalogue.electronicachina.com.cn/Public/Uploads/useimg/20260205/gongsiLOGOquedingban-591.png","Chengdu Kingbri Frequency Technology Co.,Ltd.","China","N2.127","https://onlinecatalogue.electronicachina.com.cn/journal/exhibitor/2031","Passive components (capacitors, resistors, inductors, etc.) and Relays","Information gathering and services","Industrial Electronics / Industrial Control","Communication System","Consumer Electronics","Automotive Electronics and EV","Internet of Things (loT)","Aviation & Space Technology","Military Electronics","Household appliances","","","","","",""
"https://onlinecatalogue.electronicachina.com.cn/Public/Uploads/useimg/20251209/guanyanlogo.jpg","Chengdu Neorock Technology Co., Ltd.","China","N3.147","https://onlinecatalogue.electronicachina.com.cn/journal/exhibitor/2767","Semiconductors","Industrial Electronics / Industrial Control","Communication System","Consumer Electronics","Medical Technology","Electricity and New Energy","Aviation & Space Technology","Rail Transit","","","","","","","",""
"https://onlinecatalogue.electronicachina.com.cn/Public/Uploads/useimg/20260528/logo-428.png","Chengdu Sechin Advanced Material Science & Technology Co., Ltd.","China","W4.819","https://onlinecatalogue.electronicachina.com.cn/journal/exhibitor/3353","PCBs, other circuit carrier","Electronic materials","Consumer Electronics","Automotive Electronics and EV","Artificial Intelligence","Data Center / Cloud Computing","Aviation & Space Technology","Military Electronics","Security & protection system","Mobile phone","Others, please indicate","","","","",""
"https://onlinecatalogue.electronicachina.com.cn/Public/Uploads/useimg/20260521/631a50731d869fb67049689ee8a41ae5.png","Chengdu Sino Microelectronics Technology Co.,Ltd.","China","N3.530","https://onlinecatalogue.electronicachina.com.cn/journal/exhibitor/2720","Semiconductors","Test and measurement","Industrial Electronics / Industrial Control","Communication System","Medical Technology","Internet of Things (loT)","Aviation & Space Technology","Military Electronics","","","","","","","",""
"https://onlinecatalogue.electronicachina.com.cn/Public/Uploads/uploadfile/images/20260323/eClogoShanghai776x328EN-527.png","Chengdu Xincheng Huachuang Electronics Co., Ltd.","China","N2.262","https://onlinecatalogue.electronicachina.com.cn/journal/exhibitor/1750","","","","","","","","","","","","","","","",""
"https://onlinecatalogue.electronicachina.com.cn/Public/Uploads/useimg/20250403/e30841cda03baf2034cd1ae9dca91a6.jpg","ChengMao Electronics（Tianjin) Co., Ltd.","China","W1.767","https://onlinecatalogue.electronicachina.com.cn/journal/exhibitor/1420","Passive components (capacitors, resistors, inductors, etc.) and Relays","Connectors, Switches, Casing technology, Wire Harness, etc","PCBs, other circuit carrier","Other, please indicate","Automotive Electronics and EV","","","","","","","","","","",""
"https://onlinecatalogue.electronicachina.com.cn/Public/Uploads/useimg/20250325/shangpinLOGO.jpg","CHENGWING INTERNATIONAL LTD","China","N2.755","https://onlinecatalogue.electronicachina.com.cn/journal/exhibitor/2156","Semiconductors","Embedded systems","Power supplies","Automotive and testing","Industrial Electronics / Industrial Control","Communication System","Consumer Electronics","Automotive Electronics and EV","Medical Technology","Mechanical Engineering","Security & protection system","Lighting engineering","Intelligent building","","",""
"https://onlinecatalogue.electronicachina.com.cn/Public/Uploads/useimg/20250325/danLOGO-585.png","Chengyi","China","W4.521","https://onlinecatalogue.electronicachina.com.cn/journal/exhibitor/1638","PCBs, other circuit carrier","Industrial Electronics / Industrial Control","Communication System","Consumer Electronics","Computers & Peripherals","Automotive Electronics and EV","Medical Technology","Electricity and New Energy","Internet of Things (loT)","Mechanical Engineering","Rail Transit","Security & protection system","Lighting engineering","Intelligent building","Household appliances","Mobile phone"
"https://onlinecatalogue.electronicachina.com.cn/Public/Uploads/useimg/20250114/d5d342002e4a47248f270d3a7931702d.jpg","CHIEN HO HSING TECHNOLOGY (SUZHOU) CO., LTD","Taiwan, China","W3.532","https://onlinecatalogue.electronicachina.com.cn/journal/exhibitor/1537","Connectors, Switches, Casing technology, Wire Harness, etc","Automotive Electronics and EV","Electricity and New Energy","","","","","","","","","","","","",""
"https://onlinecatalogue.electronicachina.com.cn/Public/Uploads/uploadfile/images/20260323/eClogoShanghai776x328EN-527.png","CHILY PRECISION INDUSTRIAL CO., LTD.","Taiwan, China","W4.240","https://onlinecatalogue.electronicachina.com.cn/journal/exhibitor/2382","","","","","","","","","","","","","","","",""
"https://onlinecatalogue.electronicachina.com.cn/Public/Uploads/useimg/20250411/LOGOwubaibian.png","CHINA COPPER HUAZHONG COPPER CO.,LTD","China","W2.225","https://onlinecatalogue.electronicachina.com.cn/journal/exhibitor/1538","Semiconductors","Connectors, Switches, Casing technology, Wire Harness, etc","PCBs, other circuit carrier","Industrial Electronics / Industrial Control","Communication System","Consumer Electronics","Computers & Peripherals","Automotive Electronics and EV","Electricity and New Energy","Rail Transit","Household appliances","","","","",""
"https://onlinecatalogue.electronicachina.com.cn/Public/Uploads/useimg/20260512/qiyeLOGOtu-677.jpg","CHINA HUNAN Hengsheng Electronic Ceramics  Co.,Ltd.","China","N2.143","https://onlinecatalogue.electronicachina.com.cn/journal/exhibitor/2038","Sensor technology","Passive components (capacitors, resistors, inductors, etc.) and Relays","Connectors, Switches, Casing technology, Wire Harness, etc","Power supplies","PCBs, other circuit carrier","Electronic materials","Assemblies and subsystems","Automotive and testing","Other, please indicate","Industrial Electronics / Industrial Control","Automotive Electronics and EV","Electricity and New Energy","Data Center / Cloud Computing","Aviation & Space Technology","Military Electronics","Rail Transit"
"https://onlinecatalogue.electronicachina.com.cn/Public/Uploads/useimg/20250311/zhongkexinzuoyou.png","China Key System & Integrated Circuit Co.,ltd.","China","N5.621","https://onlinecatalogue.electronicachina.com.cn/journal/exhibitor/1313","Semiconductors","Embedded systems","Power supplies","Industrial Electronics / Industrial Control","Communication System","Consumer Electronics","Automotive Electronics and EV","Medical Technology","Electricity and New Energy","Internet of Things (loT)","Aviation & Space Technology","Mechanical Engineering","Household appliances","","",""
"https://onlinecatalogue.electronicachina.com.cn/Public/Uploads/useimg/20260519/A5sushiyitebiaoshizuheguifansushiyitelogo01-251.png","CHINAiSTI","China","N3.337","https://onlinecatalogue.electronicachina.com.cn/journal/exhibitor/2468","Automotive and testing","Other, please indicate","Industrial Electronics / Industrial Control","Consumer Electronics","Automotive Electronics and EV","Mobile phone","Others, please indicate","","","","","","","","",""
"https://onlinecatalogue.electronicachina.com.cn/Public/Uploads/useimg/20250407/zhonglvluoyangtongjiagongyouxiangongsiLOGObiaozhiyuzhongwenjianchengshangxiazuhe.jpg","CHINALCO   LUOYANG  COPPER PROCESSING CO., LTD.","China","W1.345","https://onlinecatalogue.electronicachina.com.cn/journal/exhibitor/1421","Semiconductors","Industrial Electronics / Industrial Control","Communication System","Consumer Electronics","Automotive Electronics and EV","Electricity and New Energy","Aviation & Space Technology","Military Electronics","Mechanical Engineering","Rail Transit","Lighting engineering","Household appliances","Mobile phone","","",""
"https://onlinecatalogue.electronicachina.com.cn/Public/Uploads/useimg/20250314/chipcartlogo2240.jpg","Chipcart Asia Limited","Germany","N2.352","https://onlinecatalogue.electronicachina.com.cn/journal/exhibitor/2148","Semiconductors","Embedded systems","Micronano-systems (MEMS, etc.)","Sensor technology","Automotive and testing","Industrial Electronics / Industrial Control","Communication System","Consumer Electronics","Automotive Electronics and EV","Medical Technology","Internet of Things (loT)","Aviation & Space Technology","Mechanical Engineering","","",""
"https://onlinecatalogue.electronicachina.com.cn/Public/Uploads/useimg/20250211/chiponxinwangweidianzi.jpg","ChipON","China","N5.609","https://onlinecatalogue.electronicachina.com.cn/journal/exhibitor/1315","Semiconductors","Industrial Electronics / Industrial Control","Consumer Electronics","Automotive Electronics and EV","Electricity and New Energy","","","","","","","","","","",""
"https://onlinecatalogue.electronicachina.com.cn/Public/Uploads/uploadfile/images/20260323/eClogoShanghai776x328EN-527.png","Chizhou Kecheng New Material Development Co., Ltd","China","N3.247","https://onlinecatalogue.electronicachina.com.cn/journal/exhibitor/2882","","","","","","","","","","","","","","","",""
"https://onlinecatalogue.electronicachina.com.cn/Public/Uploads/useimg/20260602/guojilogo.png","ChongQing ChuanYi Metallic Functional  Materials Co.,Ltd","China","N2.743","https://onlinecatalogue.electronicachina.com.cn/journal/exhibitor/964","Semiconductors","Sensor technology","Test and measurement","Passive components (capacitors, resistors, inductors, etc.) and Relays","Connectors, Switches, Casing technology, Wire Harness, etc","Power supplies","Assemblies and subsystems","Automotive and testing","Information gathering and services","Other, please indicate","Industrial Electronics / Industrial Control","Consumer Electronics","Computers & Peripherals","Automotive Electronics and EV","Medical Technology","Electricity and New Energy"
"https://onlinecatalogue.electronicachina.com.cn/Public/Uploads/useimg/20260604/weixintupian20260604153514772740.png","Chongqing Jianmao Electronic Connector Co., Ltd.","China","W4.836","https://onlinecatalogue.electronicachina.com.cn/journal/exhibitor/3092","Connectors, Switches, Casing technology, Wire Harness, etc","Industrial Electronics / Industrial Control","Consumer Electronics","Automotive Electronics and EV","Electricity and New Energy","Mechanical Engineering","","","","","","","","","",""
"https://onlinecatalogue.electronicachina.com.cn/Public/Uploads/useimg/20250328/INHREL300fenbianlvgaoqingJPGLOGOzhongqingyinheyiqi.png","Chongqing Yinhe Experimental Equipment Co.,Ltd.","China","W5.326","https://onlinecatalogue.electronicachina.com.cn/journal/exhibitor/1078","Test and measurement","Automotive and testing","Industrial Electronics / Industrial Control","Communication System","Consumer Electronics","Computers & Peripherals","Automotive Electronics and EV","Medical Technology","Electricity and New Energy","Internet of Things (loT)","Aviation & Space Technology","Military Electronics","Mechanical Engineering","Rail Transit","Household appliances","Mobile phone"
"https://onlinecatalogue.electronicachina.com.cn/Public/Uploads/useimg/20250114/BrandTagline1500px.png","Chroma Electronics (Shenzhen) Co., Ltd.","China","W5.227","https://onlinecatalogue.electronicachina.com.cn/journal/exhibitor/1826","Test and measurement","Automotive and testing","Industrial Electronics / Industrial Control","Communication System","Consumer Electronics","Automotive Electronics and EV","Electricity and New Energy","Aviation & Space Technology","Military Electronics","Mechanical Engineering","Rail Transit","Lighting engineering","Household appliances","","",""
"https://onlinecatalogue.electronicachina.com.cn/Public/Uploads/uploadfile/images/20260323/eClogoShanghai776x328EN-527.png","Chuzhou KMOVING Electronics Co.,Ltd.","China","W1.923","https://onlinecatalogue.electronicachina.com.cn/journal/exhibitor/2794","","","","","","","","","","","","","","","",""
"https://onlinecatalogue.electronicachina.com.cn/Public/Uploads/uploadfile/images/20260323/eClogoShanghai776x328EN-527.png","Cihui Electronic","China","W3.122","https://onlinecatalogue.electronicachina.com.cn/journal/exhibitor/2957","","","","","","","","","","","","","","","",""
"https://onlinecatalogue.electronicachina.com.cn/Public/Uploads/useimg/20250224/qubeideLOGO.png","CINCON ELECTRONICS CO., LTD.","Taiwan, China","W5.612","https://onlinecatalogue.electronicachina.com.cn/journal/exhibitor/2365","Power supplies","Industrial Electronics / Industrial Control","Communication System","Computers & Peripherals","Automotive Electronics and EV","Medical Technology","Electricity and New Energy","Internet of Things (loT)","Artificial Intelligence","Data Center / Cloud Computing","Aviation & Space Technology","Military Electronics","Mechanical Engineering","Rail Transit","Security & protection system","Household appliances"
"https://onlinecatalogue.electronicachina.com.cn/Public/Uploads/uploadfile/images/20260323/eClogoShanghai776x328EN-527.png","Cixi Boheng Autombile Parts Co., Ltd.","China","W2.549","https://onlinecatalogue.electronicachina.com.cn/journal/exhibitor/1422","","","","","","","","","","","","","","","",""
"https://onlinecatalogue.electronicachina.com.cn/Public/Uploads/useimg/20250108/cixidafalianjieqichang.jpg","Cixi Dafa Precise Linker Co., Ltd","China","W3.716","https://onlinecatalogue.electronicachina.com.cn/journal/exhibitor/1539","Connectors, Switches, Casing technology, Wire Harness, etc","Information gathering and services","Communication System","Automotive Electronics and EV","Medical Technology","Aviation & Space Technology","Military Electronics","Rail Transit","Security & protection system","Lighting engineering","","","","","",""
"https://onlinecatalogue.electronicachina.com.cn/Public/Uploads/useimg/20250324/kefaLOGO.png","CIXI KEFA ELECTRONICS CO.,LTD.","China","W3.512","https://onlinecatalogue.electronicachina.com.cn/journal/exhibitor/2316","Connectors, Switches, Casing technology, Wire Harness, etc","Industrial Electronics / Industrial Control","Communication System","Automotive Electronics and EV","Medical Technology","Electricity and New Energy","Aviation & Space Technology","Military Electronics","Mechanical Engineering","Rail Transit","Security & protection system","Lighting engineering","Intelligent building","","",""
"https://onlinecatalogue.electronicachina.com.cn/Public/Uploads/uploadfile/images/20260323/eClogoShanghai776x328EN-527.png","Cixi Kefeng electronic technology Co., LTD","China","W3.819","https://onlinecatalogue.electronicachina.com.cn/journal/exhibitor/1639","","","","","","","","","","","","","","","",""
"https://onlinecatalogue.electronicachina.com.cn/Public/Uploads/useimg/20260507/1768525187856meigandianzi.png","Cixi Meigan Electronic Connector Factory（General Partnership）","China","W3.848","https://onlinecatalogue.electronicachina.com.cn/journal/exhibitor/2881","Connectors, Switches, Casing technology, Wire Harness, etc","Industrial Electronics / Industrial Control","Communication System","Consumer Electronics","Computers & Peripherals","Automotive Electronics and EV","Artificial Intelligence","Rail Transit","Lighting engineering","Household appliances","","","","","",""
"https://onlinecatalogue.electronicachina.com.cn/Public/Uploads/uploadfile/images/20260323/eClogoShanghai776x328EN-527.png","Cixi Pengtao Electronics Co.,Ltd","China","W3.366","https://onlinecatalogue.electronicachina.com.cn/journal/exhibitor/2359","","","","","","","","","","","","","","","",""
"https://onlinecatalogue.electronicachina.com.cn/Public/Uploads/useimg/20250108/gongsiLOGO.png","CIXI RIFENG COMMUNICATION EQUIPMENT CO.,LTD","China","W3.827","https://onlinecatalogue.electronicachina.com.cn/journal/exhibitor/1541","Connectors, Switches, Casing technology, Wire Harness, etc","Industrial Electronics / Industrial Control","Communication System","Automotive Electronics and EV","Electricity and New Energy","Aviation & Space Technology","Military Electronics","Mechanical Engineering","Rail Transit","Lighting engineering","","","","","",""
"https://onlinecatalogue.electronicachina.com.cn/Public/Uploads/useimg/20250210/ruijingLOGO.jpg","CIXI RUIJING ELECTRONIC TECHNOLOGY CO., LTD.","China","W1.130","https://onlinecatalogue.electronicachina.com.cn/journal/exhibitor/1542","Information gathering and services","Other, please indicate","Industrial Electronics / Industrial Control","Communication System","Electricity and New Energy","Internet of Things (loT)","Rail Transit","Security & protection system","Lighting engineering","Intelligent building","","","","","",""
"https://onlinecatalogue.electronicachina.com.cn/Public/Uploads/uploadfile/images/20260323/eClogoShanghai776x328EN-527.png","CIXI TAIKANG WIRE AND CABLE CO., LTD.","China","W4.383","https://onlinecatalogue.electronicachina.com.cn/journal/exhibitor/3567","","","","","","","","","","","","","","","",""
"https://onlinecatalogue.electronicachina.com.cn/Public/Uploads/useimg/20250213/wanjieLOGO.png","CIXI WANJIE ELECTRONIC CO.,LTD.","China","W3.517","https://onlinecatalogue.electronicachina.com.cn/journal/exhibitor/1543","Connectors, Switches, Casing technology, Wire Harness, etc","Communication System","Automotive Electronics and EV","Electricity and New Energy","Aviation & Space Technology","Military Electronics","Mechanical Engineering","Rail Transit","Security & protection system","Lighting engineering","Others, please indicate","","","","",""
"https://onlinecatalogue.electronicachina.com.cn/Public/Uploads/useimg/20250328/weidemileLOGO-248.jpg","Cixi Weidemile Electronic Technology Co., Ltd.","China","W3.639","https://onlinecatalogue.electronicachina.com.cn/journal/exhibitor/1641","Connectors, Switches, Casing technology, Wire Harness, etc","Industrial Electronics / Industrial Control","Communication System","Medical Technology","Electricity and New Energy","Internet of Things (loT)","Aviation & Space Technology","Military Electronics","Rail Transit","Security & protection system","Lighting engineering","Intelligent building","","","",""
"https://onlinecatalogue.electronicachina.com.cn/Public/Uploads/useimg/20250407/LOGO-440.jpg","Cixi Xiaolin Yurui Electronic Factory","China","W2.852","https://onlinecatalogue.electronicachina.com.cn/journal/exhibitor/1981","Embedded systems","Displays","Sensor technology","Test and measurement","Connectors, Switches, Casing technology, Wire Harness, etc","PCBs, other circuit carrier","Assemblies and subsystems","Information gathering and services","Other, please indicate","Industrial Electronics / Industrial Control","Communication System","Consumer Electronics","Computers & Peripherals","Medical Technology","Electricity and New Energy","Aviation & Space Technology"
"https://onlinecatalogue.electronicachina.com.cn/Public/Uploads/useimg/20260514/QQtupian20190329152550.png","CIXI YIXUN ELECTRONIC FACTORY(EXUUNN)","China","W3.346","https://onlinecatalogue.electronicachina.com.cn/journal/exhibitor/1877","Connectors, Switches, Casing technology, Wire Harness, etc","Industrial Electronics / Industrial Control","Consumer Electronics","Medical Technology","Electricity and New Energy","Artificial Intelligence","Security & protection system","Lighting engineering","Intelligent building","","","","","","",""
"https://onlinecatalogue.electronicachina.com.cn/Public/Uploads/uploadfile/images/20260323/eClogoShanghai776x328EN-527.png","Cixi Yunhong Electronic Technology Co., Ltd.","China","W3.819","https://onlinecatalogue.electronicachina.com.cn/journal/exhibitor/2817","","","","","","","","","","","","","","","",""
"https://onlinecatalogue.electronicachina.com.cn/Public/Uploads/useimg/20260521/weixintupian20251009191456-887.jpg","Cixi Yunjia Electronics Co., Ltd.","China","W3.326","https://onlinecatalogue.electronicachina.com.cn/journal/exhibitor/3495","Embedded systems","Displays","Test and measurement","Passive components (capacitors, resistors, inductors, etc.) and Relays","Connectors, Switches, Casing technology, Wire Harness, etc","Power supplies","Electronic materials","Assemblies and subsystems","Automotive and testing","Artificial intelligence technology","Information gathering and services","Industrial Electronics / Industrial Control","Communication System","Automotive Electronics and EV","Medical Technology","Electricity and New Energy"
"https://onlinecatalogue.electronicachina.com.cn/Public/Uploads/useimg/20260512/tupian1.png","CIXI ZHENGHENG ELECTRONIC CO.,LTD","China","W4.122","https://onlinecatalogue.electronicachina.com.cn/journal/exhibitor/3244","Connectors, Switches, Casing technology, Wire Harness, etc","Industrial Electronics / Industrial Control","Communication System","Consumer Electronics","Computers & Peripherals","Mechanical Engineering","Security & protection system","Lighting engineering","","","","","","","",""
"https://onlinecatalogue.electronicachina.com.cn/Public/Uploads/useimg/20250402/weixintupian20250402191404.jpg","CJTconn","China","W1.709","https://onlinecatalogue.electronicachina.com.cn/journal/exhibitor/767","Connectors, Switches, Casing technology, Wire Harness, etc","Industrial Electronics / Industrial Control","Communication System","Consumer Electronics","Computers & Peripherals","Automotive Electronics and EV","Medical Technology","Electricity and New Energy","Aviation & Space Technology","Rail Transit","Security & protection system","Lighting engineering","Intelligent building","Household appliances","Others, please indicate",""
"https://onlinecatalogue.electronicachina.com.cn/Public/Uploads/useimg/20250403/CKB-66.png","CKB","China","N1.225","https://onlinecatalogue.electronicachina.com.cn/journal/exhibitor/889","Semiconductors","Passive components (capacitors, resistors, inductors, etc.) and Relays","Industrial Electronics / Industrial Control","Communication System","Consumer Electronics","Computers & Peripherals","Automotive Electronics and EV","Medical Technology","Electricity and New Energy","Aviation & Space Technology","Military Electronics","Mechanical Engineering","Rail Transit","Security & protection system","Lighting engineering","Intelligent building"
"https://onlinecatalogue.electronicachina.com.cn/Public/Uploads/useimg/20260529/gongsilogo.png","CLIP Electronic Co., Ltd","China","W1.320","https://onlinecatalogue.electronicachina.com.cn/journal/exhibitor/1423","Connectors, Switches, Casing technology, Wire Harness, etc","Power supplies","Electronic Manufacturing Services (EMS)","Automotive and testing","Industrial Electronics / Industrial Control","Communication System","Consumer Electronics","Automotive Electronics and EV","Medical Technology","Electricity and New Energy","Data Center / Cloud Computing","Rail Transit","Security & protection system","","",""
"https://onlinecatalogue.electronicachina.com.cn/Public/Uploads/useimg/20250224/jianchengzhongwenLOGOyunjianxinxicaisegao.jpg","Cloudnine Information Technologies Co.,Ltd","China","N3.563","https://onlinecatalogue.electronicachina.com.cn/journal/exhibitor/1643","Electronic Design (ED/EDA)","PCBs, other circuit carrier","Information gathering and services","Industrial Electronics / Industrial Control","Automotive Electronics and EV","Medical Technology","Electricity and New Energy","","","","","","","","",""
"https://onlinecatalogue.electronicachina.com.cn/Public/Uploads/uploadfile/images/20260323/eClogoShanghai776x328EN-527.png","CNMNC","China","W4.533","https://onlinecatalogue.electronicachina.com.cn/journal/exhibitor/3169","","","","","","","","","","","","","","","",""
"https://onlinecatalogue.electronicachina.com.cn/Public/Uploads/uploadfile/images/20260323/eClogoShanghai776x328EN-527.png","Computer Components Ltd","Britain","W5.312","https://onlinecatalogue.electronicachina.com.cn/journal/exhibitor/3342","","","","","","","","","","","","","","","",""
"https://onlinecatalogue.electronicachina.com.cn/Public/Uploads/uploadfile/images/20260323/eClogoShanghai776x328EN-527.png","Cong Yi Sou","China","N3.875","https://onlinecatalogue.electronicachina.com.cn/journal/exhibitor/2875","","","","","","","","","","","","","","","",""
"https://onlinecatalogue.electronicachina.com.cn/Public/Uploads/uploadfile/images/20260323/eClogoShanghai776x328EN-527.png","Connfly Electronic Co.,Ltd.","China","W3.201","https://onlinecatalogue.electronicachina.com.cn/journal/exhibitor/2976","","","","","","","","","","","","","","","",""
"https://onlinecatalogue.electronicachina.com.cn/Public/Uploads/useimg/20260512/kangmaitecaise.png","Connmet Technology (Suzhou) Co., Ltd","China","W3.362","https://onlinecatalogue.electronicachina.com.cn/journal/exhibitor/3192","Connectors, Switches, Casing technology, Wire Harness, etc","Electronic materials","Industrial Electronics / Industrial Control","Communication System","Consumer Electronics","Computers & Peripherals","Electricity and New Energy","Data Center / Cloud Computing","Security & protection system","Others, please indicate","","","","","",""
"https://onlinecatalogue.electronicachina.com.cn/Public/Uploads/useimg/20250304/cpslogo.png","ConvenientPower","China","N4.609","https://onlinecatalogue.electronicachina.com.cn/journal/exhibitor/2539","Semiconductors","Power supplies","Automotive and testing","Consumer Electronics","Computers & Peripherals","Automotive Electronics and EV","Mobile phone","","","","","","","","",""
"https://onlinecatalogue.electronicachina.com.cn/Public/Uploads/useimg/20250407/logo.jpg","Cool Semiconductor Co.,Limited（CoolSemi）","China","N5.646","https://onlinecatalogue.electronicachina.com.cn/journal/exhibitor/2663","Semiconductors","Communication System","Consumer Electronics","Automotive Electronics and EV","Electricity and New Energy","Household appliances","","","","","","","","","",""
"https://onlinecatalogue.electronicachina.com.cn/Public/Uploads/useimg/20260205/zhengfanghekecailiaoUNICONE-334.jpg","Coreshell Materials Technology (Shanghai) Co., Ltd.","China","N3.316","https://onlinecatalogue.electronicachina.com.cn/journal/exhibitor/3101","Micronano-systems (MEMS, etc.)","Electronic materials","Industrial Electronics / Industrial Control","Communication System","Consumer Electronics","Computers & Peripherals","Automotive Electronics and EV","Electricity and New Energy","Embodied Intelligence","Artificial Intelligence","Data Center / Cloud Computing","Aviation & Space Technology","Military Electronics","Rail Transit","Security & protection system","Lighting engineering"
"https://onlinecatalogue.electronicachina.com.cn/Public/Uploads/useimg/20250325/CORESTAFF.png","CoreStaff China Limited","Japan","N2.810","https://onlinecatalogue.electronicachina.com.cn/journal/exhibitor/2042","Semiconductors","Sensor technology","Passive components (capacitors, resistors, inductors, etc.) and Relays","Connectors, Switches, Casing technology, Wire Harness, etc","Power supplies","PCBs, other circuit carrier","Other, please indicate","Industrial Electronics / Industrial Control","Consumer Electronics","Computers & Peripherals","Automotive Electronics and EV","Medical Technology","Lighting engineering","Household appliances","Mobile phone","Others, please indicate"
"https://onlinecatalogue.electronicachina.com.cn/Public/Uploads/uploadfile/images/20260323/eClogoShanghai776x328EN-527.png","CREATEK Microelectronics","China","N5.340","https://onlinecatalogue.electronicachina.com.cn/journal/exhibitor/1194","Semiconductors","Sensor technology","Passive components (capacitors, resistors, inductors, etc.) and Relays","Power supplies","Automotive and testing","Information gathering and services","Industrial Electronics / Industrial Control","Communication System","Consumer Electronics","Computers & Peripherals","Automotive Electronics and EV","Medical Technology","Electricity and New Energy","Aviation & Space Technology","Military Electronics","Rail Transit"
"https://onlinecatalogue.electronicachina.com.cn/Public/Uploads/useimg/20250320/aodi-94.jpg","CrossChip MicroSystems Inc.","China","N4.626","https://onlinecatalogue.electronicachina.com.cn/journal/exhibitor/1320","Semiconductors","Displays","Sensor technology","Power supplies","PCBs, other circuit carrier","Automotive and testing","Industrial Electronics / Industrial Control","Communication System","Consumer Electronics","Computers & Peripherals","Automotive Electronics and EV","Medical Technology","Electricity and New Energy","Internet of Things (loT)","Mechanical Engineering","Rail Transit"
"https://onlinecatalogue.electronicachina.com.cn/Public/Uploads/useimg/20260519/shixunlogo.png","CSIN Technology Co., Ltd","China","W5.252","https://onlinecatalogue.electronicachina.com.cn/journal/exhibitor/2393","Test and measurement","Passive components (capacitors, resistors, inductors, etc.) and Relays","Connectors, Switches, Casing technology, Wire Harness, etc","Artificial intelligence technology","Information gathering and services","Industrial Electronics / Industrial Control","Communication System","Consumer Electronics","Automotive Electronics and EV","Medical Technology","Electricity and New Energy","Internet of Things (loT)","Embodied Intelligence","Artificial Intelligence","Data Center / Cloud Computing","Mechanical Engineering"
"https://onlinecatalogue.electronicachina.com.cn/Public/Uploads/useimg/20260528/logochaoyueshijidianzi-974.png","CYSJCONN Electronics Co, Ltd","China","W4.346","https://onlinecatalogue.electronicachina.com.cn/journal/exhibitor/3275","Connectors, Switches, Casing technology, Wire Harness, etc","PCBs, other circuit carrier","Industrial Electronics / Industrial Control","Communication System","Consumer Electronics","Computers & Peripherals","Automotive Electronics and EV","Medical Technology","Electricity and New Energy","Internet of Things (loT)","Embodied Intelligence","Artificial Intelligence","Data Center / Cloud Computing","Aviation & Space Technology","Military Electronics","Mechanical Engineering"
"https://onlinecatalogue.electronicachina.com.cn/Public/Uploads/uploadfile/images/20260323/eClogoShanghai776x328EN-527.png","CZLS","China","W3.626","https://onlinecatalogue.electronicachina.com.cn/journal/exhibitor/3470","","","","","","","","","","","","","","","",""
"https://onlinecatalogue.electronicachina.com.cn/Public/Uploads/useimg/20260601/Logo390.190.png","DAEJOO ELECTRONIC MATERIALS CO.,LTD","Korea","N2.338","https://onlinecatalogue.electronicachina.com.cn/journal/exhibitor/2933","Semiconductors","Electronic materials","Automotive and testing","Industrial Electronics / Industrial Control","Computers & Peripherals","Automotive Electronics and EV","Electricity and New Energy","Data Center / Cloud Computing","Aviation & Space Technology","","","","","","",""
"https://onlinecatalogue.electronicachina.com.cn/Public/Uploads/useimg/20250120/9b4bedc7ea4f9c2697c362f8978d659.png","Dailywell Electronics Co., Ltd.","Taiwan, China","W3.227","https://onlinecatalogue.electronicachina.com.cn/journal/exhibitor/1644","Connectors, Switches, Casing technology, Wire Harness, etc","Industrial Electronics / Industrial Control","Communication System","Consumer Electronics","Computers & Peripherals","Automotive Electronics and EV","Medical Technology","Electricity and New Energy","Aviation & Space Technology","Military Electronics","Mechanical Engineering","Rail Transit","Security & protection system","Lighting engineering","Intelligent building","Household appliances"
"https://onlinecatalogue.electronicachina.com.cn/Public/Uploads/useimg/20260331/TAIEELOGO21.8.24huaban1.png","Dalian Taiee Semiconductor Equipment Co., Ltd.","China","N3.555","https://onlinecatalogue.electronicachina.com.cn/journal/exhibitor/1081","Semiconductors","Information gathering and services","Industrial Electronics / Industrial Control","Consumer Electronics","Automotive Electronics and EV","Others, please indicate","","","","","","","","","",""
"https://onlinecatalogue.electronicachina.com.cn/Public/Uploads/useimg/20251209/tupian1.png","DANYANG JIANGFENG ELECTRIC APPLIANCE CO.,LTD","China","W5.151","https://onlinecatalogue.electronicachina.com.cn/journal/exhibitor/2340","Power supplies","Industrial Electronics / Industrial Control","Communication System","Consumer Electronics","Computers & Peripherals","Automotive Electronics and EV","Medical Technology","Mechanical Engineering","Lighting engineering","Intelligent building","Household appliances","","","","",""
"https://onlinecatalogue.electronicachina.com.cn/Public/Uploads/useimg/20260428/DAECLOGO.jpg","DAVID ELECTRONICS CO., LTD.","Taiwan, China","W4.236","https://onlinecatalogue.electronicachina.com.cn/journal/exhibitor/3423","Semiconductors","Electronic Design (ED/EDA)","Connectors, Switches, Casing technology, Wire Harness, etc","Power supplies","Electronic Manufacturing Services (EMS)","Assemblies and subsystems","Automotive and testing","Industrial Electronics / Industrial Control","Communication System","Consumer Electronics","Computers & Peripherals","Automotive Electronics and EV","Medical Technology","Electricity and New Energy","Internet of Things (loT)","Artificial Intelligence"
"https://onlinecatalogue.electronicachina.com.cn/Public/Uploads/useimg/20260420/xinlogo.png","DEGSON TECHNOLOGY CO., LTD.","China","W1.705","https://onlinecatalogue.electronicachina.com.cn/journal/exhibitor/1545","Passive components (capacitors, resistors, inductors, etc.) and Relays","Connectors, Switches, Casing technology, Wire Harness, etc","Power supplies","PCBs, other circuit carrier","Industrial Electronics / Industrial Control","Automotive Electronics and EV","Electricity and New Energy","Data Center / Cloud Computing","Mechanical Engineering","Rail Transit","Security & protection system","Lighting engineering","Intelligent building","","",""
"https://onlinecatalogue.electronicachina.com.cn/Public/Uploads/useimg/20250112/logo240x120.jpg","DENENTECH ELECTRONIC TECHNOLOGY CO, LTD","China","W4.712","https://onlinecatalogue.electronicachina.com.cn/journal/exhibitor/1429","Connectors, Switches, Casing technology, Wire Harness, etc","Industrial Electronics / Industrial Control","Communication System","Consumer Electronics","Computers & Peripherals","Automotive Electronics and EV","Medical Technology","Aviation & Space Technology","Military Electronics","Security & protection system","Lighting engineering","Household appliances","","","",""
"https://onlinecatalogue.electronicachina.com.cn/Public/Uploads/uploadfile/images/20260323/eClogoShanghai776x328EN-527.png","DEQING CHUANGZHI TECHNOLOGY CO.,LTD.","China","N2.921","https://onlinecatalogue.electronicachina.com.cn/journal/exhibitor/3213","","","","","","","","","","","","","","","",""
"https://onlinecatalogue.electronicachina.com.cn/Public/Uploads/uploadfile/images/20260323/eClogoShanghai776x328EN-527.png","DEQING STAR ELECTRONIC CO.,LTD","China","W4.187","https://onlinecatalogue.electronicachina.com.cn/journal/exhibitor/2729","","","","","","","","","","","","","","","",""
"https://onlinecatalogue.electronicachina.com.cn/Public/Uploads/useimg/20250117/shangbiaokongbai.png","DERKS  ELECTRIC  CO.,LTD","China","W3.568","https://onlinecatalogue.electronicachina.com.cn/journal/exhibitor/2133","Connectors, Switches, Casing technology, Wire Harness, etc","Industrial Electronics / Industrial Control","Communication System","Computers & Peripherals","Automotive Electronics and EV","Medical Technology","Electricity and New Energy","Internet of Things (loT)","Aviation & Space Technology","Military Electronics","Mechanical Engineering","Rail Transit","Security & protection system","Lighting engineering","Intelligent building","Household appliances"
"https://onlinecatalogue.electronicachina.com.cn/Public/Uploads/useimg/20260519/deweijiaLOGO.png","Devica Automotive Electronic Systems (Wuxi) Co., Ltd.","China","W2.829","https://onlinecatalogue.electronicachina.com.cn/journal/exhibitor/3519","Connectors, Switches, Casing technology, Wire Harness, etc","Industrial Electronics / Industrial Control","Communication System","Automotive Electronics and EV","Electricity and New Energy","Internet of Things (loT)","Artificial Intelligence","Aviation & Space Technology","Military Electronics","Mechanical Engineering","Rail Transit","","","","",""
"https://onlinecatalogue.electronicachina.com.cn/Public/Uploads/uploadfile/images/20260323/eClogoShanghai776x328EN-527.png","DexRobot","China","W4.573","https://onlinecatalogue.electronicachina.com.cn/journal/exhibitor/3610","","","","","","","","","","","","","","","",""
"https://onlinecatalogue.electronicachina.com.cn/Public/Uploads/useimg/20260514/tuxiang.png","Diehl Electronic Components (Wuxi) Co.,Ltd","Germany","W1.652","https://onlinecatalogue.electronicachina.com.cn/journal/exhibitor/2925","Connectors, Switches, Casing technology, Wire Harness, etc","Electronic materials","Industrial Electronics / Industrial Control","Automotive Electronics and EV","","","","","","","","","","","",""
"https://onlinecatalogue.electronicachina.com.cn/Public/Uploads/useimg/20250116/ChinaLogo240x120pix.jpg","DigiKey","America","N2.605","https://onlinecatalogue.electronicachina.com.cn/journal/exhibitor/966","Semiconductors","Embedded systems","Micronano-systems (MEMS, etc.)","Sensor technology","Test and measurement","Passive components (capacitors, resistors, inductors, etc.) and Relays","Connectors, Switches, Casing technology, Wire Harness, etc","Power supplies","PCBs, other circuit carrier","Assemblies and subsystems","Automotive and testing","Wireless","Industrial Electronics / Industrial Control","Communication System","Consumer Electronics","Computers & Peripherals"
"https://onlinecatalogue.electronicachina.com.cn/Public/Uploads/useimg/20260324/240120.jpg","DIGILENT Inc. (An NI Company)","China","W5.152","https://onlinecatalogue.electronicachina.com.cn/journal/exhibitor/1082","Embedded systems","Sensor technology","Test and measurement","Automotive and testing","Industrial Electronics / Industrial Control","Communication System","Consumer Electronics","Automotive Electronics and EV","Mechanical Engineering","Rail Transit","","","","","",""
"https://onlinecatalogue.electronicachina.com.cn/Public/Uploads/useimg/20250328/DJ.jpg","DINGJIE AUTOMATION TECHNOLOGY CO., LTD.","China","W1.321","https://onlinecatalogue.electronicachina.com.cn/journal/exhibitor/1863","Connectors, Switches, Casing technology, Wire Harness, etc","Industrial Electronics / Industrial Control","Communication System","Consumer Electronics","Computers & Peripherals","Automotive Electronics and EV","Medical Technology","Electricity and New Energy","Internet of Things (loT)","Mechanical Engineering","Rail Transit","Security & protection system","Lighting engineering","Intelligent building","Household appliances","Mobile phone"
"https://onlinecatalogue.electronicachina.com.cn/Public/Uploads/useimg/20250213/LOGO.png","Dingxin International Trade (Shenzhen) Co., Ltd","China","W5.142","https://onlinecatalogue.electronicachina.com.cn/journal/exhibitor/2257","Semiconductors","Industrial Electronics / Industrial Control","Communication System","Automotive Electronics and EV","Internet of Things (loT)","Aviation & Space Technology","Mechanical Engineering","Rail Transit","","","","","","","",""
"https://onlinecatalogue.electronicachina.com.cn/Public/Uploads/uploadfile/images/20260323/eClogoShanghai776x328EN-527.png","Dinkle Electric Machinery (China) Co., Ltd.","China","W3.501","https://onlinecatalogue.electronicachina.com.cn/journal/exhibitor/2973","","","","","","","","","","","","","","","",""
"https://onlinecatalogue.electronicachina.com.cn/Public/Uploads/useimg/20260410/dioologo.png","Dioo Microcircuits Co., Ltd. Jiangsu","China","N4.521","https://onlinecatalogue.electronicachina.com.cn/journal/exhibitor/1321","Semiconductors","Industrial Electronics / Industrial Control","Communication System","Consumer Electronics","Computers & Peripherals","Automotive Electronics and EV","Medical Technology","Electricity and New Energy","Internet of Things (loT)","Embodied Intelligence","Artificial Intelligence","Data Center / Cloud Computing","Security & protection system","Lighting engineering","Intelligent building","Household appliances"
"https://onlinecatalogue.electronicachina.com.cn/Public/Uploads/useimg/20250228/dioteclogoupdated.jpg","Diotec Semiconductor (Shanghai) Corp.","Germany","N4.601","https://onlinecatalogue.electronicachina.com.cn/journal/exhibitor/1195","Semiconductors","Industrial Electronics / Industrial Control","Communication System","Consumer Electronics","Computers & Peripherals","Automotive Electronics and EV","Medical Technology","Electricity and New Energy","Internet of Things (loT)","Mechanical Engineering","Rail Transit","Security & protection system","Lighting engineering","Intelligent building","Household appliances","Mobile phone"
"https://onlinecatalogue.electronicachina.com.cn/Public/Uploads/useimg/20250220/43de18b2defb28b1db3b1b12c1c7b02.jpg","DOCBOND","China","N3.577","https://onlinecatalogue.electronicachina.com.cn/journal/exhibitor/2342","Semiconductors","Displays","Sensor technology","Electronic Design (ED/EDA)","Passive components (capacitors, resistors, inductors, etc.) and Relays","Connectors, Switches, Casing technology, Wire Harness, etc","Power supplies","PCBs, other circuit carrier","Automotive and testing","Wireless","Information gathering and services","Communication System","Consumer Electronics","Computers & Peripherals","Automotive Electronics and EV","Electricity and New Energy"
"https://onlinecatalogue.electronicachina.com.cn/Public/Uploads/uploadfile/images/20260323/eClogoShanghai776x328EN-527.png","Doitech Semiconductor Advanced Materials Co., Ltd.","China","N3.651","https://onlinecatalogue.electronicachina.com.cn/journal/exhibitor/2829","","","","","","","","","","","","","","","",""
"https://onlinecatalogue.electronicachina.com.cn/Public/Uploads/useimg/20250412/zhonghuiruideLOGO.png","Dong Guan Churod Electronics Co., Ltd.","China","N1.545","https://onlinecatalogue.electronicachina.com.cn/journal/exhibitor/890","Sensor technology","Automotive Electronics and EV","","","","","","","","","","","","","",""
"https://onlinecatalogue.electronicachina.com.cn/Public/Uploads/useimg/20250227/enchuangLOGO.jpg","Dong Guan City Enchuang Precision Metal Technology Co.,Ltd","China","W2.613","https://onlinecatalogue.electronicachina.com.cn/journal/exhibitor/1430","Sensor technology","Connectors, Switches, Casing technology, Wire Harness, etc","Industrial Electronics / Industrial Control","Communication System","Computers & Peripherals","Automotive Electronics and EV","Medical Technology","Electricity and New Energy","Internet of Things (loT)","Aviation & Space Technology","Military Electronics","Mechanical Engineering","Rail Transit","Security & protection system","Lighting engineering","Household appliances"
"https://onlinecatalogue.electronicachina.com.cn/Public/Uploads/useimg/20250207/logo.jpg","DONG GUAN CITY JIANKUN ELECTRONICS TECHNOLOGY CO., LTD.","China","N2.278","https://onlinecatalogue.electronicachina.com.cn/journal/exhibitor/967","Passive components (capacitors, resistors, inductors, etc.) and Relays","Industrial Electronics / Industrial Control","Communication System","Consumer Electronics","Computers & Peripherals","Automotive Electronics and EV","Medical Technology","Electricity and New Energy","Rail Transit","Security & protection system","Lighting engineering","Intelligent building","Household appliances","","",""
"https://onlinecatalogue.electronicachina.com.cn/Public/Uploads/useimg/20260525/b55b704290074e22a0f1cf4c85b98bcb.png","Dong Guan Golden Eagle Coil Co., Ltd.","China","N2.135","https://onlinecatalogue.electronicachina.com.cn/journal/exhibitor/3077","Sensor technology","Passive components (capacitors, resistors, inductors, etc.) and Relays","Power supplies","Automotive and testing","Wireless","Artificial intelligence technology","Industrial Electronics / Industrial Control","Consumer Electronics","Computers & Peripherals","Automotive Electronics and EV","Medical Technology","Internet of Things (loT)","Artificial Intelligence","Security & protection system","Household appliances","Mobile phone"
"https://onlinecatalogue.electronicachina.com.cn/Public/Uploads/useimg/20250414/weixintupian20250414125617.jpg","DONG GUAN HAOGUAN PRECISION HARDWARE & PLASTIC PRODUCTS CO.,LTD","China","W2.533","https://onlinecatalogue.electronicachina.com.cn/journal/exhibitor/1647","Semiconductors","Sensor technology","Electronic Design (ED/EDA)","Passive components (capacitors, resistors, inductors, etc.) and Relays","Connectors, Switches, Casing technology, Wire Harness, etc","Power supplies","PCBs, other circuit carrier","Automotive and testing","Wireless","Information gathering and services","Industrial Electronics / Industrial Control","Communication System","Consumer Electronics","Computers & Peripherals","Automotive Electronics and EV","Medical Technology"
"https://onlinecatalogue.electronicachina.com.cn/Public/Uploads/useimg/20250320/logodaqingchu.jpg","Dong Guan KEYA Electronics Technology CO.,LTD","China","N1.913","https://onlinecatalogue.electronicachina.com.cn/journal/exhibitor/1781","Passive components (capacitors, resistors, inductors, etc.) and Relays","Industrial Electronics / Industrial Control","Consumer Electronics","Automotive Electronics and EV","Electricity and New Energy","Internet of Things (loT)","Military Electronics","Security & protection system","Lighting engineering","Intelligent building","Household appliances","","","","",""
"https://onlinecatalogue.electronicachina.com.cn/Public/Uploads/uploadfile/images/20260323/eClogoShanghai776x328EN-527.png","DONG GUAN KING LION ELECTRONICS CO., LTD","China","W1.166","https://onlinecatalogue.electronicachina.com.cn/journal/exhibitor/3521","","","","","","","","","","","","","","","",""
"https://onlinecatalogue.electronicachina.com.cn/Public/Uploads/useimg/20250224/9bf42f4edc379151c300d496d91daf1.png","DONG GUAN LIUSHI ELECTRONICS CO., LTD","China","W1.146","https://onlinecatalogue.electronicachina.com.cn/journal/exhibitor/2510","Connectors, Switches, Casing technology, Wire Harness, etc","PCBs, other circuit carrier","Other, please indicate","Automotive Electronics and EV","Electricity and New Energy","Others, please indicate","","","","","","","","","",""
"https://onlinecatalogue.electronicachina.com.cn/Public/Uploads/useimg/20250226/LOGO.jpg","DONG GUAN SEE-WAVE INDUSTRIAL LTD","China","W1.911","https://onlinecatalogue.electronicachina.com.cn/journal/exhibitor/1649","Connectors, Switches, Casing technology, Wire Harness, etc","Communication System","Consumer Electronics","Computers & Peripherals","Automotive Electronics and EV","Medical Technology","Security & protection system","Lighting engineering","Intelligent building","Household appliances","Mobile phone","Others, please indicate","","","",""
"https://onlinecatalogue.electronicachina.com.cn/Public/Uploads/useimg/20250411/fb9e1b2ab2457432d3ba9022a62d435.png","DONG GUAN XIANGHONG PRECISION TECHNOLOGY CO.,LTD","China","W2.613","https://onlinecatalogue.electronicachina.com.cn/journal/exhibitor/2630","Other, please indicate","Industrial Electronics / Industrial Control","Communication System","Consumer Electronics","Computers & Peripherals","Automotive Electronics and EV","Medical Technology","Electricity and New Energy","Internet of Things (loT)","Aviation & Space Technology","Military Electronics","Mechanical Engineering","Rail Transit","Security & protection system","Lighting engineering","Intelligent building"
"https://onlinecatalogue.electronicachina.com.cn/Public/Uploads/useimg/20260521/weixintupian2026042914563889210-236.jpg","Dongguan Amazing Electronic Co.,Ltd","China","N2.170","https://onlinecatalogue.electronicachina.com.cn/journal/exhibitor/3393","Sensor technology","Test and measurement","Electronic Design (ED/EDA)","Passive components (capacitors, resistors, inductors, etc.) and Relays","Power supplies","Electronic materials","Industrial Electronics / Industrial Control","Communication System","Automotive Electronics and EV","Medical Technology","Electricity and New Energy","Aviation & Space Technology","Military Electronics","Rail Transit","Household appliances",""
"https://onlinecatalogue.electronicachina.com.cn/Public/Uploads/uploadfile/images/20260323/eClogoShanghai776x328EN-527.png","Dongguan Antes Precision Technology Co., Ltd.","China","W4.118","https://onlinecatalogue.electronicachina.com.cn/journal/exhibitor/3508","","","","","","","","","","","","","","","",""
"https://onlinecatalogue.electronicachina.com.cn/Public/Uploads/useimg/20260226/weixintupian20260226092625609119.jpg","Dongguan Avitec Instrument Co., Ltd.","China","W5.912","https://onlinecatalogue.electronicachina.com.cn/journal/exhibitor/2842","Test and measurement","Consumer Electronics","","","","","","","","","","","","","",""
"https://onlinecatalogue.electronicachina.com.cn/Public/Uploads/useimg/20250325/GBEELEE.png","Dongguan Bailing Electronics Co., Ltd.","China","N3.109","https://onlinecatalogue.electronicachina.com.cn/journal/exhibitor/1932","Semiconductors","Sensor technology","Passive components (capacitors, resistors, inductors, etc.) and Relays","PCBs, other circuit carrier","Information gathering and services","Industrial Electronics / Industrial Control","Communication System","Consumer Electronics","Automotive Electronics and EV","Medical Technology","Electricity and New Energy","Internet of Things (loT)","Mechanical Engineering","Security & protection system","Household appliances",""
"https://onlinecatalogue.electronicachina.com.cn/Public/Uploads/useimg/20250327/weibiaoti2.png","Dongguan Better Electronics Technology Co.,Ltd.","China","N2.539","https://onlinecatalogue.electronicachina.com.cn/journal/exhibitor/969","Semiconductors","Passive components (capacitors, resistors, inductors, etc.) and Relays","Power supplies","PCBs, other circuit carrier","Automotive and testing","Information gathering and services","Industrial Electronics / Industrial Control","Communication System","Consumer Electronics","Computers & Peripherals","Automotive Electronics and EV","Electricity and New Energy","Mechanical Engineering","Rail Transit","Security & protection system","Lighting engineering"
"https://onlinecatalogue.electronicachina.com.cn/Public/Uploads/useimg/20260527/jin.jpg","Dongguan Changtaier Electronics Co., Ltd","China","W4.659","https://onlinecatalogue.electronicachina.com.cn/journal/exhibitor/3280","Sensor technology","Passive components (capacitors, resistors, inductors, etc.) and Relays","Connectors, Switches, Casing technology, Wire Harness, etc","Automotive and testing","Other, please indicate","Consumer Electronics","Automotive Electronics and EV","Medical Technology","Household appliances","","","","","","",""
"https://onlinecatalogue.electronicachina.com.cn/Public/Uploads/uploadfile/images/20260323/eClogoShanghai776x328EN-527.png","Dongguan Chengxi Electronic Co., Ltd.","China","N2.178","https://onlinecatalogue.electronicachina.com.cn/journal/exhibitor/2831","","","","","","","","","","","","","","","",""
"https://onlinecatalogue.electronicachina.com.cn/Public/Uploads/useimg/20260520/chengrunlogo3.jpg","DONGGUAN CHEVRON ELECTRONIC TECHNOLOGY CO., LTD.","China","N2.316","https://onlinecatalogue.electronicachina.com.cn/journal/exhibitor/3480","Passive components (capacitors, resistors, inductors, etc.) and Relays","Consumer Electronics","Computers & Peripherals","Automotive Electronics and EV","Medical Technology","Electricity and New Energy","Security & protection system","Lighting engineering","Household appliances","Others, please indicate","","","","","",""
"https://onlinecatalogue.electronicachina.com.cn/Public/Uploads/useimg/20250408/honglanyouzi.png","DongGuan ChuangHui Electronics Co.Ltd.","China","N2.613","https://onlinecatalogue.electronicachina.com.cn/journal/exhibitor/971","Passive components (capacitors, resistors, inductors, etc.) and Relays","Industrial Electronics / Industrial Control","Communication System","Consumer Electronics","Computers & Peripherals","Automotive Electronics and EV","Medical Technology","Electricity and New Energy","Internet of Things (loT)","Rail Transit","Lighting engineering","Household appliances","","","",""
"https://onlinecatalogue.electronicachina.com.cn/Public/Uploads/useimg/20250303/zhanshangLOGO.png","Dongguan City Jia Di New Materials Co.,Ltd","China","W5.621","https://onlinecatalogue.electronicachina.com.cn/journal/exhibitor/2578","Other, please indicate","Industrial Electronics / Industrial Control","Communication System","Consumer Electronics","Automotive Electronics and EV","Electricity and New Energy","Military Electronics","Rail Transit","Lighting engineering","Household appliances","Mobile phone","Others, please indicate","","","",""
"https://onlinecatalogue.electronicachina.com.cn/Public/Uploads/uploadfile/images/20260323/eClogoShanghai776x328EN-527.png","DONGGUAN CITY JUNHONG TUBE CO.,LTD","China","W4.265","https://onlinecatalogue.electronicachina.com.cn/journal/exhibitor/3385","","","","","","","","","","","","","","","",""
"https://onlinecatalogue.electronicachina.com.cn/Public/Uploads/uploadfile/images/20260323/eClogoShanghai776x328EN-527.png","Dongguan City Lituo Electronics Co.，Ltd","China","W3.575","https://onlinecatalogue.electronicachina.com.cn/journal/exhibitor/3394","","","","","","","","","","","","","","","",""
"https://onlinecatalogue.electronicachina.com.cn/Public/Uploads/useimg/20260518/PNGtoumingyisenlogo.png","Dongguan City Yisen Precision Hardware Spring Co., Ltd","China","W4.128","https://onlinecatalogue.electronicachina.com.cn/journal/exhibitor/3512","Test and measurement","Connectors, Switches, Casing technology, Wire Harness, etc","Electronic Manufacturing Services (EMS)","Automotive and testing","Other, please indicate","Industrial Electronics / Industrial Control","Communication System","Consumer Electronics","Computers & Peripherals","Automotive Electronics and EV","Medical Technology","Electricity and New Energy","Internet of Things (loT)","Embodied Intelligence","Aviation & Space Technology","Military Electronics"
"https://onlinecatalogue.electronicachina.com.cn/Public/Uploads/uploadfile/images/20260323/eClogoShanghai776x328EN-527.png","Dongguan CONA  Electronics Technology Co., Ltd","China","W4.517","https://onlinecatalogue.electronicachina.com.cn/journal/exhibitor/1656","Semiconductors","PCBs, other circuit carrier","Industrial Electronics / Industrial Control","Automotive Electronics and EV","Medical Technology","Electricity and New Energy","Mechanical Engineering","Lighting engineering","","","","","","","",""
"https://onlinecatalogue.electronicachina.com.cn/Public/Uploads/useimg/20250411/LOGO.png","DONGGUAN D-SWITCH ELECTRONICS CO., LTD.","China","W4.263","https://onlinecatalogue.electronicachina.com.cn/journal/exhibitor/2114","Connectors, Switches, Casing technology, Wire Harness, etc","Communication System","Consumer Electronics","Computers & Peripherals","Automotive Electronics and EV","Military Electronics","Mechanical Engineering","Rail Transit","Security & protection system","","","","","","",""
"https://onlinecatalogue.electronicachina.com.cn/Public/Uploads/useimg/20260512/NDF.jpg","Dongguan Dafu Electronics Co., Ltd","China","N2.553","https://onlinecatalogue.electronicachina.com.cn/journal/exhibitor/979","Semiconductors","Passive components (capacitors, resistors, inductors, etc.) and Relays","Power supplies","Electronic materials","Artificial intelligence technology","Industrial Electronics / Industrial Control","Communication System","Consumer Electronics","Computers & Peripherals","Automotive Electronics and EV","Medical Technology","Artificial Intelligence","Security & protection system","Lighting engineering","Household appliances","Mobile phone"
"https://onlinecatalogue.electronicachina.com.cn/Public/Uploads/useimg/20250331/xinlogo-803.jpg","DONGGUAN DIANWEI ELECTRONIC TECHNOLOGY CO.,LTD","China","W1.245","https://onlinecatalogue.electronicachina.com.cn/journal/exhibitor/1432","Embedded systems","Displays","Connectors, Switches, Casing technology, Wire Harness, etc","Industrial Electronics / Industrial Control","Consumer Electronics","Automotive Electronics and EV","Medical Technology","Security & protection system","Intelligent building","Household appliances","","","","","",""
"https://onlinecatalogue.electronicachina.com.cn/Public/Uploads/useimg/20260605/dingtekejiLOGO-691.png","DONGGUAN DINGTE ELECTRONIC TECHNOLOGY CO.,LTD","China","W4.909","https://onlinecatalogue.electronicachina.com.cn/journal/exhibitor/3510","Connectors, Switches, Casing technology, Wire Harness, etc","PCBs, other circuit carrier","Electronic Manufacturing Services (EMS)","Electronic materials","Communication System","Consumer Electronics","Computers & Peripherals","Automotive Electronics and EV","Medical Technology","Electricity and New Energy","Embodied Intelligence","Artificial Intelligence","Data Center / Cloud Computing","Aviation & Space Technology","Lighting engineering","Household appliances"
"https://onlinecatalogue.electronicachina.com.cn/Public/Uploads/uploadfile/images/20260323/eClogoShanghai776x328EN-527.png","DONGGUAN DINGZHAN MACHINERY CO.,LTD","China","W2.533","https://onlinecatalogue.electronicachina.com.cn/journal/exhibitor/1894","","","","","","","","","","","","","","","",""
"https://onlinecatalogue.electronicachina.com.cn/Public/Uploads/useimg/20250211/tupian2.png","Dongguan Dosin Precision Industry Co., LTD.","China","W1.140","https://onlinecatalogue.electronicachina.com.cn/journal/exhibitor/1433","Connectors, Switches, Casing technology, Wire Harness, etc","Industrial Electronics / Industrial Control","Communication System","Consumer Electronics","Automotive Electronics and EV","Medical Technology","Electricity and New Energy","Aviation & Space Technology","Military Electronics","Mechanical Engineering","Rail Transit","Security & protection system","","","",""
"https://onlinecatalogue.electronicachina.com.cn/Public/Uploads/uploadfile/images/20260323/eClogoShanghai776x328EN-527.png","Dongguan Draka Precision Technology Ltd","China","W1.142","https://onlinecatalogue.electronicachina.com.cn/journal/exhibitor/1434","","","","","","","","","","","","","","","",""
"https://onlinecatalogue.electronicachina.com.cn/Public/Uploads/useimg/20250326/logo-841.png","Dongguan Easy-Gather Electronic Co.,Ltd","China","N2.370","https://onlinecatalogue.electronicachina.com.cn/journal/exhibitor/2021","Passive components (capacitors, resistors, inductors, etc.) and Relays","Industrial Electronics / Industrial Control","Consumer Electronics","Computers & Peripherals","Automotive Electronics and EV","Medical Technology","Electricity and New Energy","Security & protection system","Lighting engineering","Household appliances","","","","","",""
"https://onlinecatalogue.electronicachina.com.cn/Public/Uploads/uploadfile/images/20260323/eClogoShanghai776x328EN-527.png","Dongguan Elete Technology Co.,Ltd","China","W3.316","https://onlinecatalogue.electronicachina.com.cn/journal/exhibitor/1548","","","","","","","","","","","","","","","",""
"https://onlinecatalogue.electronicachina.com.cn/Public/Uploads/uploadfile/images/20260323/eClogoShanghai776x328EN-527.png","Dongguan Enkang Electronic Technology Co.,Ltd","China","W1.106","https://onlinecatalogue.electronicachina.com.cn/journal/exhibitor/1415","","","","","","","","","","","","","","","",""
"https://onlinecatalogue.electronicachina.com.cn/Public/Uploads/useimg/20250301/weibiaoti1.png","Dongguan Fangsheng Electronics Co.,Ltd","China","N2.375","https://onlinecatalogue.electronicachina.com.cn/journal/exhibitor/2147","Displays","Industrial Electronics / Industrial Control","Communication System","Consumer Electronics","Automotive Electronics and EV","Medical Technology","Internet of Things (loT)","Military Electronics","Mechanical Engineering","Security & protection system","Intelligent building","Household appliances","","","",""
"https://onlinecatalogue.electronicachina.com.cn/Public/Uploads/uploadfile/images/20260323/eClogoShanghai776x328EN-527.png","Dongguan Fengtaixin Technology Co., Ltd","China","W4.269","https://onlinecatalogue.electronicachina.com.cn/journal/exhibitor/3304","","","","","","","","","","","","","","","",""
"https://onlinecatalogue.electronicachina.com.cn/Public/Uploads/useimg/20260520/hengbantoumingdi.png","Dongguan Fengxie Electronic Co., Ltd.","China","N2.558","https://onlinecatalogue.electronicachina.com.cn/journal/exhibitor/2151","Passive components (capacitors, resistors, inductors, etc.) and Relays","Industrial Electronics / Industrial Control","Communication System","Automotive Electronics and EV","Medical Technology","Electricity and New Energy","Internet of Things (loT)","Embodied Intelligence","Artificial Intelligence","Data Center / Cloud Computing","","","","","",""
"https://onlinecatalogue.electronicachina.com.cn/Public/Uploads/useimg/20260421/fulangtelogo.png","DONGGUAN FRONT INSULATION MATERIALS CO., LTD.","China","W3.156","https://onlinecatalogue.electronicachina.com.cn/journal/exhibitor/3145","Sensor technology","Passive components (capacitors, resistors, inductors, etc.) and Relays","Connectors, Switches, Casing technology, Wire Harness, etc","Electronic materials","Industrial Electronics / Industrial Control","Automotive Electronics and EV","Electricity and New Energy","Aviation & Space Technology","Military Electronics","Mechanical Engineering","Lighting engineering","Household appliances","","","",""
"https://onlinecatalogue.electronicachina.com.cn/Public/Uploads/uploadfile/images/20260323/eClogoShanghai776x328EN-527.png","DongGuan Fu Jin Precision Electronic Co.,Ltd","China","W1.821","https://onlinecatalogue.electronicachina.com.cn/journal/exhibitor/2652","","","","","","","","","","","","","","","",""
"https://onlinecatalogue.electronicachina.com.cn/Public/Uploads/useimg/20250110/QQjietu20240301150036.png","Dongguan Fvwin Electronics Co.,Ltd","China","W2.919","https://onlinecatalogue.electronicachina.com.cn/journal/exhibitor/1651","Connectors, Switches, Casing technology, Wire Harness, etc","Assemblies and subsystems","Information gathering and services","Industrial Electronics / Industrial Control","Communication System","Consumer Electronics","Computers & Peripherals","Automotive Electronics and EV","Medical Technology","Internet of Things (loT)","Aviation & Space Technology","Mechanical Engineering","Rail Transit","Security & protection system","Lighting engineering","Intelligent building"
"https://onlinecatalogue.electronicachina.com.cn/Public/Uploads/useimg/20250214/240120xiangsu.jpg","Dongguan Gaotuo Electronic Technology Co., Ltd","China","W4.811","https://onlinecatalogue.electronicachina.com.cn/journal/exhibitor/2303","PCBs, other circuit carrier","Assemblies and subsystems","Industrial Electronics / Industrial Control","Communication System","Medical Technology","Electricity and New Energy","Internet of Things (loT)","Aviation & Space Technology","Military Electronics","Rail Transit","Security & protection system","","","","",""
"https://onlinecatalogue.electronicachina.com.cn/Public/Uploads/uploadfile/images/20260323/eClogoShanghai776x328EN-527.png","Dongguan Gendian New Materials Co., Ltd","China","W4.266","https://onlinecatalogue.electronicachina.com.cn/journal/exhibitor/1652","","","","","","","","","","","","","","","",""
"https://onlinecatalogue.electronicachina.com.cn/Public/Uploads/useimg/20250327/logo-945.png","DONGGUAN GHENGDONG ELECTRONIC TECHNOLOGY CO.,LTD.","China","N2.241","https://onlinecatalogue.electronicachina.com.cn/journal/exhibitor/972","Passive components (capacitors, resistors, inductors, etc.) and Relays","Lighting engineering","Household appliances","","","","","","","","","","","","",""
"https://onlinecatalogue.electronicachina.com.cn/Public/Uploads/uploadfile/images/20260323/eClogoShanghai776x328EN-527.png","Dongguan Gino Plastic Products Co.,Ltd","China","W1.136","https://onlinecatalogue.electronicachina.com.cn/journal/exhibitor/1550","","","","","","","","","","","","","","","",""
"https://onlinecatalogue.electronicachina.com.cn/Public/Uploads/useimg/20260519/2026.5.19KRkeruiGRACELOGOzhongyingwensongtilogo-20.png","Dongguan Grace Electronic Technology Co., Ltd.","China","N2.662","https://onlinecatalogue.electronicachina.com.cn/journal/exhibitor/2732","Semiconductors","Sensor technology","Passive components (capacitors, resistors, inductors, etc.) and Relays","Automotive and testing","Industrial Electronics / Industrial Control","Communication System","Consumer Electronics","Computers & Peripherals","Automotive Electronics and EV","Artificial Intelligence","Security & protection system","Lighting engineering","Household appliances","Mobile phone","",""
"https://onlinecatalogue.electronicachina.com.cn/Public/Uploads/uploadfile/images/20260323/eClogoShanghai776x328EN-527.png","Dongguan Guanlin Magnetic Technology Co., Ltd.","China","N2.776","https://onlinecatalogue.electronicachina.com.cn/journal/exhibitor/2736","Electronic Design (ED/EDA)","Passive components (capacitors, resistors, inductors, etc.) and Relays","Connectors, Switches, Casing technology, Wire Harness, etc","Other, please indicate","Industrial Electronics / Industrial Control","Communication System","Consumer Electronics","Mobile phone","Others, please indicate","","","","","","",""
"https://onlinecatalogue.electronicachina.com.cn/Public/Uploads/useimg/20260423/tupian1.png","Dongguan Guoai Metal & Electro-Mechanical Co., Ltd.","China","W4.281","https://onlinecatalogue.electronicachina.com.cn/journal/exhibitor/3266","Connectors, Switches, Casing technology, Wire Harness, etc","Industrial Electronics / Industrial Control","Automotive Electronics and EV","Medical Technology","Electricity and New Energy","Aviation & Space Technology","","","","","","","","","",""
"https://onlinecatalogue.electronicachina.com.cn/Public/Uploads/useimg/20250311/logo.jpg","Dongguan Guoman Electronic Technology Co.,Ltd","China","W2.925","https://onlinecatalogue.electronicachina.com.cn/journal/exhibitor/1653","Electronic Design (ED/EDA)","Connectors, Switches, Casing technology, Wire Harness, etc","Information gathering and services","Industrial Electronics / Industrial Control","Communication System","Computers & Peripherals","Automotive Electronics and EV","Internet of Things (loT)","Household appliances","Mobile phone","","","","","",""
"https://onlinecatalogue.electronicachina.com.cn/Public/Uploads/uploadfile/images/20260323/eClogoShanghai776x328EN-527.png","Dongguan Guoxin Precision Technology Co., Ltd","China","W1.821","https://onlinecatalogue.electronicachina.com.cn/journal/exhibitor/2928","Electronic Design (ED/EDA)","Connectors, Switches, Casing technology, Wire Harness, etc","Electronic Manufacturing Services (EMS)","Automotive and testing","Artificial intelligence technology","Industrial Electronics / Industrial Control","Consumer Electronics","Computers & Peripherals","Automotive Electronics and EV","Medical Technology","Electricity and New Energy","Artificial Intelligence","Aviation & Space Technology","Military Electronics","Mechanical Engineering","Household appliances"
"https://onlinecatalogue.electronicachina.com.cn/Public/Uploads/useimg/20260513/muniheiLOGO-751.jpg","DONGGUAN GYA ELECTRONICS CO., LTD.","China","W4.366","https://onlinecatalogue.electronicachina.com.cn/journal/exhibitor/2840","Displays","Sensor technology","Connectors, Switches, Casing technology, Wire Harness, etc","Power supplies","PCBs, other circuit carrier","Electronic materials","Assemblies and subsystems","Automotive and testing","Artificial intelligence technology","Information gathering and services","Other, please indicate","Industrial Electronics / Industrial Control","Communication System","Consumer Electronics","Computers & Peripherals","Automotive Electronics and EV"
"https://onlinecatalogue.electronicachina.com.cn/Public/Uploads/useimg/20260519/002.jpg","Dongguan HanHao Precision Electronics Co., Ltd.","China","W3.829","https://onlinecatalogue.electronicachina.com.cn/journal/exhibitor/3028","Semiconductors","Embedded systems","Displays","Sensor technology","Test and measurement","Electronic Design (ED/EDA)","Passive components (capacitors, resistors, inductors, etc.) and Relays","Connectors, Switches, Casing technology, Wire Harness, etc","Power supplies","PCBs, other circuit carrier","Electronic Manufacturing Services (EMS)","Electronic materials","Assemblies and subsystems","Automotive and testing","Wireless","Artificial intelligence technology"
"https://onlinecatalogue.electronicachina.com.cn/Public/Uploads/useimg/20260510/LOGO2026114.jpg","Dongguan Hawtry Electronic Technology Co., Ltd.","China","N2.909","https://onlinecatalogue.electronicachina.com.cn/journal/exhibitor/2522","Passive components (capacitors, resistors, inductors, etc.) and Relays","Industrial Electronics / Industrial Control","Consumer Electronics","Lighting engineering","Household appliances","","","","","","","","","","",""
"https://onlinecatalogue.electronicachina.com.cn/Public/Uploads/useimg/20260528/hejuLOGOtu1.jpg","Dongguan Heju Precision Electronic Co., Ltd.","China","N3.139","https://onlinecatalogue.electronicachina.com.cn/journal/exhibitor/3051","Semiconductors","Sensor technology","Connectors, Switches, Casing technology, Wire Harness, etc","Electronic Manufacturing Services (EMS)","Automotive and testing","Other, please indicate","Industrial Electronics / Industrial Control","Communication System","Consumer Electronics","Automotive Electronics and EV","Medical Technology","Electricity and New Energy","Artificial Intelligence","Aviation & Space Technology","Military Electronics","Household appliances"
"https://onlinecatalogue.electronicachina.com.cn/Public/Uploads/uploadfile/images/20260323/eClogoShanghai776x328EN-527.png","Dongguan Hexie New Energy Technology Co., Ltd.","China","W4.568","https://onlinecatalogue.electronicachina.com.cn/journal/exhibitor/3449","","","","","","","","","","","","","","","",""
"https://onlinecatalogue.electronicachina.com.cn/Public/Uploads/useimg/20260205/originallogo240x120.png","Dongguan Hongcheng Optoelectronics Co.,LTD","China","N2.765","https://onlinecatalogue.electronicachina.com.cn/journal/exhibitor/2766","Semiconductors","Industrial Electronics / Industrial Control","Communication System","Consumer Electronics","Computers & Peripherals","Automotive Electronics and EV","Medical Technology","Electricity and New Energy","Internet of Things (loT)","Embodied Intelligence","Artificial Intelligence","Data Center / Cloud Computing","Aviation & Space Technology","Military Electronics","Mechanical Engineering","Rail Transit"
"https://onlinecatalogue.electronicachina.com.cn/Public/Uploads/useimg/20250228/dalogo.png","Dongguan Hongda Electronic Technology.,LTD","China","N2.766","https://onlinecatalogue.electronicachina.com.cn/journal/exhibitor/2331","Connectors, Switches, Casing technology, Wire Harness, etc","PCBs, other circuit carrier","Industrial Electronics / Industrial Control","Communication System","Consumer Electronics","Computers & Peripherals","Automotive Electronics and EV","Medical Technology","Electricity and New Energy","Internet of Things (loT)","Aviation & Space Technology","Military Electronics","Mechanical Engineering","Rail Transit","Security & protection system","Lighting engineering"
"https://onlinecatalogue.electronicachina.com.cn/Public/Uploads/uploadfile/images/20260323/eClogoShanghai776x328EN-527.png","Dongguan Hongde Hardware Products Co.,Ltd","China","W4.256","https://onlinecatalogue.electronicachina.com.cn/journal/exhibitor/2513","Other, please indicate","Industrial Electronics / Industrial Control","Communication System","Consumer Electronics","Computers & Peripherals","Automotive Electronics and EV","Medical Technology","Aviation & Space Technology","Household appliances","","","","","","",""
"https://onlinecatalogue.electronicachina.com.cn/Public/Uploads/useimg/20260205/16082527831-70.jpg","DONGGUAN HONGQIN PRECISION ELECTRONICS CO.,LTD","China","W3.649","https://onlinecatalogue.electronicachina.com.cn/journal/exhibitor/3059","Connectors, Switches, Casing technology, Wire Harness, etc","Consumer Electronics","Computers & Peripherals","Automotive Electronics and EV","Medical Technology","Aviation & Space Technology","Military Electronics","Mechanical Engineering","Lighting engineering","Household appliances","","","","","",""
"https://onlinecatalogue.electronicachina.com.cn/Public/Uploads/useimg/20260509/1-728.png","Dongguan Hongye Metal Products Co., Ltd.","China","N3.129","https://onlinecatalogue.electronicachina.com.cn/journal/exhibitor/3439","Sensor technology","Connectors, Switches, Casing technology, Wire Harness, etc","Electronic Manufacturing Services (EMS)","Electronic materials","Industrial Electronics / Industrial Control","Communication System","Consumer Electronics","Computers & Peripherals","Automotive Electronics and EV","Medical Technology","Electricity and New Energy","Internet of Things (loT)","Artificial Intelligence","Military Electronics","Mechanical Engineering","Rail Transit"
"https://onlinecatalogue.electronicachina.com.cn/Public/Uploads/useimg/20260423/2.jpg","Dongguan Hony-International Electronics Co., Ltd.","China","W3.261","https://onlinecatalogue.electronicachina.com.cn/journal/exhibitor/3286","Connectors, Switches, Casing technology, Wire Harness, etc","Consumer Electronics","Computers & Peripherals","Automotive Electronics and EV","Medical Technology","","","","","","","","","","",""
"https://onlinecatalogue.electronicachina.com.cn/Public/Uploads/useimg/20250212/22.jpg","Dongguan Hooya Electronics Co., Ltd","China","W4.613","https://onlinecatalogue.electronicachina.com.cn/journal/exhibitor/559","Connectors, Switches, Casing technology, Wire Harness, etc","Power supplies","Information gathering and services","Industrial Electronics / Industrial Control","Consumer Electronics","Computers & Peripherals","Automotive Electronics and EV","Medical Technology","Electricity and New Energy","Internet of Things (loT)","Security & protection system","Lighting engineering","Household appliances","","",""
"https://onlinecatalogue.electronicachina.com.cn/Public/Uploads/uploadfile/images/20260323/eClogoShanghai776x328EN-527.png","DONGGUAN HUACONN ELECTRONICS CO., LTD.","China","W4.653","https://onlinecatalogue.electronicachina.com.cn/journal/exhibitor/3210","","","","","","","","","","","","","","","",""
"https://onlinecatalogue.electronicachina.com.cn/Public/Uploads/useimg/20250312/gongsiLOGO.png","Dongguan Huajing Electronic Co.Ltd.","China","W3.651","https://onlinecatalogue.electronicachina.com.cn/journal/exhibitor/1648","Connectors, Switches, Casing technology, Wire Harness, etc","Industrial Electronics / Industrial Control","Communication System","Consumer Electronics","Computers & Peripherals","Automotive Electronics and EV","Medical Technology","Electricity and New Energy","Internet of Things (loT)","Embodied Intelligence","Artificial Intelligence","Data Center / Cloud Computing","Aviation & Space Technology","Military Electronics","Mechanical Engineering","Rail Transit"
"https://onlinecatalogue.electronicachina.com.cn/Public/Uploads/useimg/20250221/WPStupian1.png","Dongguan Huangzhonghuang Electronic Co., Ltd","China","W3.911","https://onlinecatalogue.electronicachina.com.cn/journal/exhibitor/2213","Connectors, Switches, Casing technology, Wire Harness, etc","Power supplies","PCBs, other circuit carrier","Automotive and testing","Information gathering and services","Automotive Electronics and EV","Medical Technology","Electricity and New Energy","Aviation & Space Technology","Military Electronics","Mechanical Engineering","Rail Transit","","","",""
"https://onlinecatalogue.electronicachina.com.cn/Public/Uploads/useimg/20250311/7507502.jpg","DONGGUAN JBL TECH CO., LTD","China","W3.238","https://onlinecatalogue.electronicachina.com.cn/journal/exhibitor/1972","Semiconductors","Connectors, Switches, Casing technology, Wire Harness, etc","Information gathering and services","Industrial Electronics / Industrial Control","Communication System","Consumer Electronics","Computers & Peripherals","Automotive Electronics and EV","Medical Technology","Internet of Things (loT)","Aviation & Space Technology","Military Electronics","Security & protection system","Intelligent building","",""
"https://onlinecatalogue.electronicachina.com.cn/Public/Uploads/useimg/20260507/LOGO01.png","Dongguan Jianda Electronic Technology Co., Ltd.","China","W1.361","https://onlinecatalogue.electronicachina.com.cn/journal/exhibitor/2266","Semiconductors","Sensor technology","Electronic Design (ED/EDA)","Connectors, Switches, Casing technology, Wire Harness, etc","Power supplies","Electronic Manufacturing Services (EMS)","Automotive and testing","Industrial Electronics / Industrial Control","Communication System","Consumer Electronics","Computers & Peripherals","Automotive Electronics and EV","Medical Technology","Electricity and New Energy","Internet of Things (loT)","Artificial Intelligence"
"https://onlinecatalogue.electronicachina.com.cn/Public/Uploads/useimg/20260526/LOGO.png","Dongguan Jianghe Magnetic Technology Co., Ltd","China","W4.290","https://onlinecatalogue.electronicachina.com.cn/journal/exhibitor/3575","Other, please indicate","Consumer Electronics","Computers & Peripherals","Automotive Electronics and EV","Medical Technology","Embodied Intelligence","Aviation & Space Technology","Military Electronics","Mechanical Engineering","Security & protection system","Lighting engineering","Intelligent building","Household appliances","Mobile phone","",""
"https://onlinecatalogue.electronicachina.com.cn/Public/Uploads/useimg/20250401/jieronglogo.png","Dongguan Jierong Electronic Technology Co., Ltd.","China","W2.146","https://onlinecatalogue.electronicachina.com.cn/journal/exhibitor/765","Electronic Design (ED/EDA)","Connectors, Switches, Casing technology, Wire Harness, etc","PCBs, other circuit carrier","Information gathering and services","Industrial Electronics / Industrial Control","Communication System","Consumer Electronics","Computers & Peripherals","Automotive Electronics and EV","Medical Technology","Electricity and New Energy","Internet of Things (loT)","Aviation & Space Technology","Military Electronics","Mechanical Engineering","Rail Transit"
"https://onlinecatalogue.electronicachina.com.cn/Public/Uploads/uploadfile/images/20260323/eClogoShanghai776x328EN-527.png","Dongguan Jiexing Electronic Technology Co., Ltd.","China","W3.266","https://onlinecatalogue.electronicachina.com.cn/journal/exhibitor/3382","","","","","","","","","","","","","","","",""
"https://onlinecatalogue.electronicachina.com.cn/Public/Uploads/useimg/20250411/1744355302899.jpg","Dongguan Jingduan Precision Hardware Products Co., Ltd","China","W2.613","https://onlinecatalogue.electronicachina.com.cn/journal/exhibitor/1551","Sensor technology","Connectors, Switches, Casing technology, Wire Harness, etc","Assemblies and subsystems","Automotive and testing","Industrial Electronics / Industrial Control","Communication System","Automotive Electronics and EV","Medical Technology","Electricity and New Energy","Mechanical Engineering","Rail Transit","","","","",""
"https://onlinecatalogue.electronicachina.com.cn/Public/Uploads/uploadfile/images/20260323/eClogoShanghai776x328EN-527.png","Dongguan Jinhaishun Electronics Co., Ltd","China","W5.265","https://onlinecatalogue.electronicachina.com.cn/journal/exhibitor/2685","","","","","","","","","","","","","","","",""
"https://onlinecatalogue.electronicachina.com.cn/Public/Uploads/useimg/20260514/1.png","Dongguan Jinshang Technology Co., Ltd.","China","W4.255","https://onlinecatalogue.electronicachina.com.cn/journal/exhibitor/3511","Connectors, Switches, Casing technology, Wire Harness, etc","Industrial Electronics / Industrial Control","Electricity and New Energy","Artificial Intelligence","Aviation & Space Technology","Military Electronics","Mechanical Engineering","","","","","","","","",""
"https://onlinecatalogue.electronicachina.com.cn/Public/Uploads/uploadfile/images/20260323/eClogoShanghai776x328EN-527.png","Dongguan Jiukuan Precision Hardware Electronics Co., Ltd","China","W3.747","https://onlinecatalogue.electronicachina.com.cn/journal/exhibitor/1655","","","","","","","","","","","","","","","",""
"https://onlinecatalogue.electronicachina.com.cn/Public/Uploads/useimg/20250214/CNJMLOGO.png","Dongguan Joint more precision  electronics Co., ltd","China","W1.813","https://onlinecatalogue.electronicachina.com.cn/journal/exhibitor/2216","Connectors, Switches, Casing technology, Wire Harness, etc","Power supplies","Assemblies and subsystems","Information gathering and services","Industrial Electronics / Industrial Control","Communication System","Consumer Electronics","Computers & Peripherals","Automotive Electronics and EV","Medical Technology","Electricity and New Energy","Internet of Things (loT)","Aviation & Space Technology","Military Electronics","Mechanical Engineering","Rail Transit"
"https://onlinecatalogue.electronicachina.com.cn/Public/Uploads/useimg/20260507/weixintupian20260407094832722.jpg","Dongguan JSK Electronics Technology Co., Ltd.","China","W2.757","https://onlinecatalogue.electronicachina.com.cn/journal/exhibitor/2751","Connectors, Switches, Casing technology, Wire Harness, etc","Industrial Electronics / Industrial Control","Communication System","Consumer Electronics","Automotive Electronics and EV","Electricity and New Energy","Artificial Intelligence","","","","","","","","",""
"https://onlinecatalogue.electronicachina.com.cn/Public/Uploads/useimg/20260409/jumailogo-580.jpg","Dongguan Jumai Hardware Technology Co., Ltd.","China","W3.743","https://onlinecatalogue.electronicachina.com.cn/journal/exhibitor/3380","Semiconductors","Displays","Micronano-systems (MEMS, etc.)","Sensor technology","Test and measurement","Electronic Design (ED/EDA)","Passive components (capacitors, resistors, inductors, etc.) and Relays","Connectors, Switches, Casing technology, Wire Harness, etc","Power supplies","PCBs, other circuit carrier","Electronic Manufacturing Services (EMS)","Electronic materials","Assemblies and subsystems","Automotive and testing","Wireless","Artificial intelligence technology"
"https://onlinecatalogue.electronicachina.com.cn/Public/Uploads/uploadfile/images/20260323/eClogoShanghai776x328EN-527.png","Dongguan Junkang Electronic Technology Co. , Ltd","China","N2.316","https://onlinecatalogue.electronicachina.com.cn/journal/exhibitor/3014","","","","","","","","","","","","","","","",""
"https://onlinecatalogue.electronicachina.com.cn/Public/Uploads/useimg/20250210/11.png","Dongguan Juyan Silicone Tech. Co.,Ltd.","China","W2.341","https://onlinecatalogue.electronicachina.com.cn/journal/exhibitor/2229","Sensor technology","Connectors, Switches, Casing technology, Wire Harness, etc","Automotive and testing","Information gathering and services","Automotive Electronics and EV","Electricity and New Energy","Aviation & Space Technology","Mechanical Engineering","Rail Transit","Household appliances","","","","","",""
"https://onlinecatalogue.electronicachina.com.cn/Public/Uploads/useimg/20250407/1744017842961.jpg","DONGGUAN JVT CONNECTORS CO.,LTD","China","W3.308","https://onlinecatalogue.electronicachina.com.cn/journal/exhibitor/1552","Electronic Design (ED/EDA)","Passive components (capacitors, resistors, inductors, etc.) and Relays","Connectors, Switches, Casing technology, Wire Harness, etc","Power supplies","PCBs, other circuit carrier","Other, please indicate","Industrial Electronics / Industrial Control","Communication System","Consumer Electronics","Computers & Peripherals","Automotive Electronics and EV","Medical Technology","Electricity and New Energy","Internet of Things (loT)","Aviation & Space Technology","Military Electronics"
"https://onlinecatalogue.electronicachina.com.cn/Public/Uploads/uploadfile/images/20260323/eClogoShanghai776x328EN-527.png","Dongguan Kaixia Industral Co.,Ltd.","China","N2.867","https://onlinecatalogue.electronicachina.com.cn/journal/exhibitor/2765","","","","","","","","","","","","","","","",""
"https://onlinecatalogue.electronicachina.com.cn/Public/Uploads/useimg/20260427/ketongLOGO1105-432.png","Dongguan Kehuatong Electronic Technology","China","W4.261","https://onlinecatalogue.electronicachina.com.cn/journal/exhibitor/3144","Connectors, Switches, Casing technology, Wire Harness, etc","Industrial Electronics / Industrial Control","Communication System","Consumer Electronics","Automotive Electronics and EV","Medical Technology","Aviation & Space Technology","Military Electronics","Mobile phone","","","","","","",""
"https://onlinecatalogue.electronicachina.com.cn/Public/Uploads/uploadfile/images/20260323/eClogoShanghai776x328EN-527.png","Dongguan Kemai Silicone Rubber Technology Co., Ltd.","China","W2.160","https://onlinecatalogue.electronicachina.com.cn/journal/exhibitor/2698","","","","","","","","","","","","","","","",""
"https://onlinecatalogue.electronicachina.com.cn/Public/Uploads/useimg/20260226/logodixiangsu.jpg","Dongguan Kerui Electronics Co., Ltd.","China","W3.358","https://onlinecatalogue.electronicachina.com.cn/journal/exhibitor/3237","Connectors, Switches, Casing technology, Wire Harness, etc","Electronic materials","Industrial Electronics / Industrial Control","Communication System","Consumer Electronics","Computers & Peripherals","Automotive Electronics and EV","Medical Technology","Electricity and New Energy","Internet of Things (loT)","Embodied Intelligence","Artificial Intelligence","Aviation & Space Technology","Military Electronics","Mechanical Engineering","Security & protection system"
"https://onlinecatalogue.electronicachina.com.cn/Public/Uploads/useimg/20250217/tukuang3.jpg","Dongguan KeYouDa Electronics Tech. Co.,LTD","China","W4.901","https://onlinecatalogue.electronicachina.com.cn/journal/exhibitor/1657","Connectors, Switches, Casing technology, Wire Harness, etc","Industrial Electronics / Industrial Control","Communication System","Consumer Electronics","Computers & Peripherals","Automotive Electronics and EV","Medical Technology","Electricity and New Energy","Internet of Things (loT)","Aviation & Space Technology","Military Electronics","Mechanical Engineering","Rail Transit","Security & protection system","Lighting engineering","Intelligent building"
"https://onlinecatalogue.electronicachina.com.cn/Public/Uploads/uploadfile/images/20260323/eClogoShanghai776x328EN-527.png","Dongguan LDZY Electronic Co.,Ltd.","China","W1.646","https://onlinecatalogue.electronicachina.com.cn/journal/exhibitor/1436","","","","","","","","","","","","","","","",""
"https://onlinecatalogue.electronicachina.com.cn/Public/Uploads/useimg/20250306/logo.jpg","Dongguan Liangyujia Metal Technology Co.,Ltd.","China","W3.152","https://onlinecatalogue.electronicachina.com.cn/journal/exhibitor/2603","Connectors, Switches, Casing technology, Wire Harness, etc","Other, please indicate","Industrial Electronics / Industrial Control","Communication System","Consumer Electronics","Computers & Peripherals","Automotive Electronics and EV","Medical Technology","Electricity and New Energy","Artificial Intelligence","Data Center / Cloud Computing","Aviation & Space Technology","Military Electronics","Mechanical Engineering","Rail Transit","Security & protection system"
"https://onlinecatalogue.electronicachina.com.cn/Public/Uploads/useimg/20250303/e1b20c0c94c2a6bcc06af1e4c3702d8.png","DONGGUAN LING FEI HARDWARE PLASTIC PRODUCTS CO.,LTD","China","W1.913","https://onlinecatalogue.electronicachina.com.cn/journal/exhibitor/2511","Other, please indicate","Industrial Electronics / Industrial Control","Consumer Electronics","Automotive Electronics and EV","Electricity and New Energy","Aviation & Space Technology","Rail Transit","Household appliances","","","","","","","",""
"https://onlinecatalogue.electronicachina.com.cn/Public/Uploads/uploadfile/images/20260323/eClogoShanghai776x328EN-527.png","Dongguan Linrui Precision Technology Co., Ltd","China","W3.267","https://onlinecatalogue.electronicachina.com.cn/journal/exhibitor/1658","","","","","","","","","","","","","","","",""
"https://onlinecatalogue.electronicachina.com.cn/Public/Uploads/useimg/20250413/1744508875143.png","DONGGUAN LIU QUAN WIRES CO., LTD.","China","W4.746","https://onlinecatalogue.electronicachina.com.cn/journal/exhibitor/2319","Connectors, Switches, Casing technology, Wire Harness, etc","Information gathering and services","Industrial Electronics / Industrial Control","Communication System","Consumer Electronics","Computers & Peripherals","Medical Technology","Electricity and New Energy","Internet of Things (loT)","Aviation & Space Technology","Mechanical Engineering","Security & protection system","Lighting engineering","Intelligent building","Household appliances",""
"https://onlinecatalogue.electronicachina.com.cn/Public/Uploads/useimg/20250409/newlogo1.png","Dongguan LJV Technology Co., LTD.","China","W2.517","https://onlinecatalogue.electronicachina.com.cn/journal/exhibitor/1438","Assemblies and subsystems","Information gathering and services","Consumer Electronics","Automotive Electronics and EV","Household appliances","","","","","","","","","","",""
"https://onlinecatalogue.electronicachina.com.cn/Public/Uploads/uploadfile/images/20260323/eClogoShanghai776x328EN-527.png","Dongguan Luoyi Electronics Technology Co., Ltd.","China","N2.153","https://onlinecatalogue.electronicachina.com.cn/journal/exhibitor/2745","","","","","","","","","","","","","","","",""
"https://onlinecatalogue.electronicachina.com.cn/Public/Uploads/useimg/20250224/240x120.jpg","DONGGUAN LUPHI ELECTRONICS TECHNOLOGY CO.,LTD","China","W4.720","https://onlinecatalogue.electronicachina.com.cn/journal/exhibitor/1659","Displays","Connectors, Switches, Casing technology, Wire Harness, etc","PCBs, other circuit carrier","Assemblies and subsystems","Industrial Electronics / Industrial Control","Communication System","Consumer Electronics","Computers & Peripherals","Automotive Electronics and EV","Medical Technology","Electricity and New Energy","Internet of Things (loT)","Aviation & Space Technology","Military Electronics","Mechanical Engineering","Rail Transit"
"https://onlinecatalogue.electronicachina.com.cn/Public/Uploads/uploadfile/images/20260323/eClogoShanghai776x328EN-527.png","Dongguan Mingxiu Electronic Technology Co.,Ltd.","China","W4.631","https://onlinecatalogue.electronicachina.com.cn/journal/exhibitor/2724","","","","","","","","","","","","","","","",""
"https://onlinecatalogue.electronicachina.com.cn/Public/Uploads/uploadfile/images/20260323/eClogoShanghai776x328EN-527.png","Dongguan Mingyuda Co.,Ltd.","China","W4.752","https://onlinecatalogue.electronicachina.com.cn/journal/exhibitor/3395","","","","","","","","","","","","","","","",""
"https://onlinecatalogue.electronicachina.com.cn/Public/Uploads/uploadfile/images/20260323/eClogoShanghai776x328EN-527.png","DongGuan Mysun Electric co.,LTD","China","W4.262","https://onlinecatalogue.electronicachina.com.cn/journal/exhibitor/3232","","","","","","","","","","","","","","","",""
"https://onlinecatalogue.electronicachina.com.cn/Public/Uploads/useimg/20260604/LOGONOIMIAtouming-888.png","Dongguan Noimia Industrial Co.,Ltd","China","W3.147","https://onlinecatalogue.electronicachina.com.cn/journal/exhibitor/1439","Automotive and testing","Other, please indicate","Industrial Electronics / Industrial Control","Communication System","Automotive Electronics and EV","Medical Technology","Electricity and New Energy","Embodied Intelligence","Artificial Intelligence","Data Center / Cloud Computing","Aviation & Space Technology","Military Electronics","Rail Transit","Lighting engineering","Intelligent building",""
"https://onlinecatalogue.electronicachina.com.cn/Public/Uploads/useimg/20260522/Oasisteklogo24012001.jpg","DONGGUAN OASIS ELECTRONIC TECHNOLOGY CO.,LTD","China","N3.863","https://onlinecatalogue.electronicachina.com.cn/journal/exhibitor/3226","Semiconductors","Displays","Industrial Electronics / Industrial Control","Communication System","Consumer Electronics","Computers & Peripherals","Automotive Electronics and EV","Medical Technology","Electricity and New Energy","Aviation & Space Technology","Military Electronics","Mechanical Engineering","Rail Transit","Security & protection system","Lighting engineering","Intelligent building"
"https://onlinecatalogue.electronicachina.com.cn/Public/Uploads/uploadfile/images/20260323/eClogoShanghai776x328EN-527.png","Dongguan Peide Hardware Electronics Co.,Ltd","China","N3.257","https://onlinecatalogue.electronicachina.com.cn/journal/exhibitor/2459","","","","","","","","","","","","","","","",""
"https://onlinecatalogue.electronicachina.com.cn/Public/Uploads/uploadfile/images/20260323/eClogoShanghai776x328EN-527.png","Dongguan Pingjing Semi Technology Co.,Ltd.","China","N4.721","https://onlinecatalogue.electronicachina.com.cn/journal/exhibitor/1196","","","","","","","","","","","","","","","",""
"https://onlinecatalogue.electronicachina.com.cn/Public/Uploads/uploadfile/images/20260323/eClogoShanghai776x328EN-527.png","Dongguan PingLe Electronics Co.,Ltd","China","W3.921","https://onlinecatalogue.electronicachina.com.cn/journal/exhibitor/2961","","","","","","","","","","","","","","","",""
"https://onlinecatalogue.electronicachina.com.cn/Public/Uploads/uploadfile/images/20260323/eClogoShanghai776x328EN-527.png","Dongguan Pingming Photo electronic Co.,Ltd","China","N3.870","https://onlinecatalogue.electronicachina.com.cn/journal/exhibitor/3227","","","","","","","","","","","","","","","",""
"https://onlinecatalogue.electronicachina.com.cn/Public/Uploads/uploadfile/images/20260323/eClogoShanghai776x328EN-527.png","DongGuan PinSheng Precision Electronics Co.,Ltd","China","W4.","https://onlinecatalogue.electronicachina.com.cn/journal/exhibitor/3307","PCBs, other circuit carrier","Industrial Electronics / Industrial Control","Communication System","Consumer Electronics","Computers & Peripherals","Automotive Electronics and EV","Medical Technology","Electricity and New Energy","Internet of Things (loT)","Embodied Intelligence","Artificial Intelligence","Data Center / Cloud Computing","Aviation & Space Technology","Military Electronics","Mechanical Engineering","Rail Transit"
"https://onlinecatalogue.electronicachina.com.cn/Public/Uploads/useimg/20260428/zhongwenyingLOGO.png","Dongguan PLUGOOD Technology Co., Ltd.","China","W3.658","https://onlinecatalogue.electronicachina.com.cn/journal/exhibitor/3329","Connectors, Switches, Casing technology, Wire Harness, etc","Communication System","Automotive Electronics and EV","Medical Technology","Electricity and New Energy","Artificial Intelligence","Aviation & Space Technology","Rail Transit","Security & protection system","Lighting engineering","","","","","",""
"https://onlinecatalogue.electronicachina.com.cn/Public/Uploads/useimg/20250326/QYLOGO.jpg","DONGGUAN PROSPEROUS ELECTRONIC CO.,LTD","China","N2.903","https://onlinecatalogue.electronicachina.com.cn/journal/exhibitor/2651","Passive components (capacitors, resistors, inductors, etc.) and Relays","Industrial Electronics / Industrial Control","Communication System","Consumer Electronics","Computers & Peripherals","Automotive Electronics and EV","Medical Technology","Electricity and New Energy","Military Electronics","Rail Transit","Lighting engineering","Household appliances","Mobile phone","","",""
"https://onlinecatalogue.electronicachina.com.cn/Public/Uploads/useimg/20250212/gongsiLOGO.png","Dongguan PYG Electronic Material CO.,LTD","China","W4.120","https://onlinecatalogue.electronicachina.com.cn/journal/exhibitor/1661","Sensor technology","Passive components (capacitors, resistors, inductors, etc.) and Relays","Power supplies","Automotive and testing","Industrial Electronics / Industrial Control","Communication System","Consumer Electronics","Computers & Peripherals","Automotive Electronics and EV","Medical Technology","Electricity and New Energy","Aviation & Space Technology","Military Electronics","Mechanical Engineering","Rail Transit","Household appliances"
"https://onlinecatalogue.electronicachina.com.cn/Public/Uploads/useimg/20260516/logo.jpg","Dongguan Qiantai Automation Equipment Co., Ltd.","China","N2.650","https://onlinecatalogue.electronicachina.com.cn/journal/exhibitor/2815","Test and measurement","Passive components (capacitors, resistors, inductors, etc.) and Relays","Electronic Manufacturing Services (EMS)","Industrial Electronics / Industrial Control","Automotive Electronics and EV","Mechanical Engineering","","","","","","","","","",""
"https://onlinecatalogue.electronicachina.com.cn/Public/Uploads/useimg/20260408/LOGO.png","Dongguan Qiho SmartLink Tech Co.,Ltd.","China","W4.580","https://onlinecatalogue.electronicachina.com.cn/journal/exhibitor/3367","Connectors, Switches, Casing technology, Wire Harness, etc","Industrial Electronics / Industrial Control","Communication System","Consumer Electronics","Computers & Peripherals","Automotive Electronics and EV","Medical Technology","Electricity and New Energy","Mechanical Engineering","","","","","","",""
"https://onlinecatalogue.electronicachina.com.cn/Public/Uploads/useimg/20250408/123.png","DONGGUAN QINDA WIRE CO., LTD","China","W3.571","https://onlinecatalogue.electronicachina.com.cn/journal/exhibitor/1662","Sensor technology","Connectors, Switches, Casing technology, Wire Harness, etc","Information gathering and services","Industrial Electronics / Industrial Control","Communication System","Consumer Electronics","Computers & Peripherals","Automotive Electronics and EV","Medical Technology","Electricity and New Energy","Aviation & Space Technology","Military Electronics","Mechanical Engineering","Rail Transit","Security & protection system","Lighting engineering"
"https://onlinecatalogue.electronicachina.com.cn/Public/Uploads/useimg/20250412/10be8e7f302374193935d7003e0cf71.jpg","Dongguan QinHong (QNR) Electronic Technology Co., Ltd.","China","N1.871","https://onlinecatalogue.electronicachina.com.cn/journal/exhibitor/2146","Passive components (capacitors, resistors, inductors, etc.) and Relays","Industrial Electronics / Industrial Control","Electricity and New Energy","Household appliances","","","","","","","","","","","",""
"https://onlinecatalogue.electronicachina.com.cn/Public/Uploads/useimg/20260519/qiyelogo-342.png","Dongguan Rongqiang Electronic Technology Co., Ltd.","China","N2.647","https://onlinecatalogue.electronicachina.com.cn/journal/exhibitor/3117","Passive components (capacitors, resistors, inductors, etc.) and Relays","Industrial Electronics / Industrial Control","Communication System","Consumer Electronics","Computers & Peripherals","Automotive Electronics and EV","Medical Technology","Electricity and New Energy","Artificial Intelligence","Aviation & Space Technology","Security & protection system","Lighting engineering","Household appliances","","",""
"https://onlinecatalogue.electronicachina.com.cn/Public/Uploads/useimg/20260519/weixintupian20251104143840431745.jpg","DONGGUAN RUISHENG WIRE&CABLE CO.,LTD","China","W3.213","https://onlinecatalogue.electronicachina.com.cn/journal/exhibitor/1973","Connectors, Switches, Casing technology, Wire Harness, etc","Industrial Electronics / Industrial Control","Communication System","Consumer Electronics","Computers & Peripherals","Automotive Electronics and EV","Medical Technology","Electricity and New Energy","Embodied Intelligence","Artificial Intelligence","Data Center / Cloud Computing","Aviation & Space Technology","Security & protection system","Household appliances","",""
"https://onlinecatalogue.electronicachina.com.cn/Public/Uploads/useimg/20250218/RUISUIlogo.jpg","Dongguan Ruisui M&E Technology Co.,Ltd.","China","W1.829","https://onlinecatalogue.electronicachina.com.cn/journal/exhibitor/2168","Semiconductors","Connectors, Switches, Casing technology, Wire Harness, etc","Information gathering and services","Industrial Electronics / Industrial Control","Computers & Peripherals","Automotive Electronics and EV","Electricity and New Energy","Aviation & Space Technology","Household appliances","Mobile phone","","","","","",""
"https://onlinecatalogue.electronicachina.com.cn/Public/Uploads/useimg/20260601/weixintupian20241121110834.jpg","Dongguan Ruixin Automation Equipment Co.,Ltd","China","W1.150","https://onlinecatalogue.electronicachina.com.cn/journal/exhibitor/3587","Connectors, Switches, Casing technology, Wire Harness, etc","Automotive and testing","Automotive Electronics and EV","Aviation & Space Technology","Household appliances","","","","","","","","","","",""
"https://onlinecatalogue.electronicachina.com.cn/Public/Uploads/uploadfile/images/20260323/eClogoShanghai776x328EN-527.png","Dongguan Ruixinda Electronic Co.,Ltd","China","N2.761","https://onlinecatalogue.electronicachina.com.cn/journal/exhibitor/3536","","","","","","","","","","","","","","","",""
"https://onlinecatalogue.electronicachina.com.cn/Public/Uploads/uploadfile/images/20260323/eClogoShanghai776x328EN-527.png","Dongguan Runda Cooling Fan Co., Ltd.","China","W5.245","https://onlinecatalogue.electronicachina.com.cn/journal/exhibitor/1084","Other, please indicate","Industrial Electronics / Industrial Control","Communication System","Automotive Electronics and EV","Medical Technology","Mechanical Engineering","Security & protection system","Household appliances","","","","","","","",""
"https://onlinecatalogue.electronicachina.com.cn/Public/Uploads/uploadfile/images/20260323/eClogoShanghai776x328EN-527.png","Dongguan SESO Technology Co, Ltd.","China","W1.529","https://onlinecatalogue.electronicachina.com.cn/journal/exhibitor/2980","","","","","","","","","","","","","","","",""
"https://onlinecatalogue.electronicachina.com.cn/Public/Uploads/useimg/20260601/baidilanziEUH1.png","Dongguan Shang Tong Metal ELectronics Co.,Ltd.","China","W4.553","https://onlinecatalogue.electronicachina.com.cn/journal/exhibitor/2107","Connectors, Switches, Casing technology, Wire Harness, etc","Industrial Electronics / Industrial Control","Computers & Peripherals","Automotive Electronics and EV","Medical Technology","Electricity and New Energy","Internet of Things (loT)","Aviation & Space Technology","Military Electronics","Mechanical Engineering","Rail Transit","Security & protection system","Lighting engineering","Household appliances","Others, please indicate",""
"https://onlinecatalogue.electronicachina.com.cn/Public/Uploads/uploadfile/images/20260323/eClogoShanghai776x328EN-527.png","Dongguan Shenglian Precision Connector Co., Ltd.","China","W4.264","https://onlinecatalogue.electronicachina.com.cn/journal/exhibitor/3467","","","","","","","","","","","","","","","",""
"https://onlinecatalogue.electronicachina.com.cn/Public/Uploads/useimg/20260226/logo1.png","Dongguan Sikede New Materials Co., Ltd.","China","W4.276","https://onlinecatalogue.electronicachina.com.cn/journal/exhibitor/3170","Electronic materials","Other, please indicate","Industrial Electronics / Industrial Control","Communication System","Consumer Electronics","Computers & Peripherals","Automotive Electronics and EV","Electricity and New Energy","Aviation & Space Technology","Military Electronics","Rail Transit","Security & protection system","Household appliances","Mobile phone","Others, please indicate",""
"https://onlinecatalogue.electronicachina.com.cn/Public/Uploads/uploadfile/images/20260323/eClogoShanghai776x328EN-527.png","Dongguan SUM WAI Electronic Co., Ltd.","China","W4.112","https://onlinecatalogue.electronicachina.com.cn/journal/exhibitor/2739","","","","","","","","","","","","","","","",""
"https://onlinecatalogue.electronicachina.com.cn/Public/Uploads/useimg/20250122/sanruilogo240.jpg","Dongguan Sunrise Automation Co., Ltd.","China","W4.340","https://onlinecatalogue.electronicachina.com.cn/journal/exhibitor/2211","Embedded systems","Sensor technology","Communication System","Consumer Electronics","Automotive Electronics and EV","","","","","","","","","","",""
"https://onlinecatalogue.electronicachina.com.cn/Public/Uploads/useimg/20260522/LOGO.png","Dongguan Suoxiang ElectronicsCo. Ltd","China","W1.903","https://onlinecatalogue.electronicachina.com.cn/journal/exhibitor/2676","Semiconductors","Embedded systems","Displays","Micronano-systems (MEMS, etc.)","Sensor technology","Test and measurement","Electronic Design (ED/EDA)","Passive components (capacitors, resistors, inductors, etc.) and Relays","Connectors, Switches, Casing technology, Wire Harness, etc","Power supplies","PCBs, other circuit carrier","Electronic Manufacturing Services (EMS)","Electronic materials","Assemblies and subsystems","Automotive and testing","Wireless"
"https://onlinecatalogue.electronicachina.com.cn/Public/Uploads/uploadfile/images/20260323/eClogoShanghai776x328EN-527.png","Dongguan TaiCheng Electronic Technology CO.,Ltd","China","W4.341","https://onlinecatalogue.electronicachina.com.cn/journal/exhibitor/2203","Displays","Assemblies and subsystems","Industrial Electronics / Industrial Control","Communication System","Consumer Electronics","Computers & Peripherals","Automotive Electronics and EV","Medical Technology","Aviation & Space Technology","Military Electronics","Security & protection system","Intelligent building","","","",""
"https://onlinecatalogue.electronicachina.com.cn/Public/Uploads/uploadfile/images/20260323/eClogoShanghai776x328EN-527.png","Dongguan Tangxia Liyouwei Mould Factory","China","W3.750","https://onlinecatalogue.electronicachina.com.cn/journal/exhibitor/3043","","","","","","","","","","","","","","","",""
"https://onlinecatalogue.electronicachina.com.cn/Public/Uploads/useimg/20260401/yizhonglogofangxingR-243.png","DONGGUAN TEAM SOURCE DISPLAY TECHNOLOGY CO.,LTD","China","N1.145","https://onlinecatalogue.electronicachina.com.cn/journal/exhibitor/872","Embedded systems","Displays","Industrial Electronics / Industrial Control","Communication System","Consumer Electronics","Automotive Electronics and EV","Medical Technology","Electricity and New Energy","Internet of Things (loT)","Artificial Intelligence","Aviation & Space Technology","Military Electronics","Security & protection system","Intelligent building","Household appliances",""
"https://onlinecatalogue.electronicachina.com.cn/Public/Uploads/uploadfile/images/20260323/eClogoShanghai776x328EN-527.png","Dongguan Telian Electronics Co., Ltd.","China","W1.157","https://onlinecatalogue.electronicachina.com.cn/journal/exhibitor/3095","","","","","","","","","","","","","","","",""
"https://onlinecatalogue.electronicachina.com.cn/Public/Uploads/useimg/20250319/temilelogo.png","Dongguan Temile Electronic Technology Co., Ltd.","China","W3.356","https://onlinecatalogue.electronicachina.com.cn/journal/exhibitor/2205","Connectors, Switches, Casing technology, Wire Harness, etc","Industrial Electronics / Industrial Control","Communication System","Computers & Peripherals","Automotive Electronics and EV","Medical Technology","Electricity and New Energy","Internet of Things (loT)","Aviation & Space Technology","Military Electronics","Mechanical Engineering","Rail Transit","Security & protection system","Lighting engineering","Intelligent building",""
"https://onlinecatalogue.electronicachina.com.cn/Public/Uploads/useimg/20260205/TENWELL.png","DONGGUAN TEN WELL INDUSTRIAL CO.,LTD","China","W5.809","https://onlinecatalogue.electronicachina.com.cn/journal/exhibitor/3231","Passive components (capacitors, resistors, inductors, etc.) and Relays","Power supplies","Industrial Electronics / Industrial Control","Communication System","Consumer Electronics","Automotive Electronics and EV","Medical Technology","Artificial Intelligence","Data Center / Cloud Computing","Rail Transit","Lighting engineering","Intelligent building","","","",""
"https://onlinecatalogue.electronicachina.com.cn/Public/Uploads/uploadfile/images/20260323/eClogoShanghai776x328EN-527.png","DONGGUAN THINK VISUAL AUTOMATION EQUIPMENT CO.LTD","China","N2.830","https://onlinecatalogue.electronicachina.com.cn/journal/exhibitor/2312","","","","","","","","","","","","","","","",""
"https://onlinecatalogue.electronicachina.com.cn/Public/Uploads/uploadfile/images/20260323/eClogoShanghai776x328EN-527.png","Dongguan Tianmu Electronic Technology Co., Ltd","China","W2.860","https://onlinecatalogue.electronicachina.com.cn/journal/exhibitor/1663","","","","","","","","","","","","","","","",""
"https://onlinecatalogue.electronicachina.com.cn/Public/Uploads/uploadfile/images/20260323/eClogoShanghai776x328EN-527.png","DONGGUAN TMK METALS  CO.,LTD","China","W2.120","https://onlinecatalogue.electronicachina.com.cn/journal/exhibitor/3518","","","","","","","","","","","","","","","",""
"https://onlinecatalogue.electronicachina.com.cn/Public/Uploads/useimg/20260414/tuobangLOGO1fangdachaogaoqing.png","DONGGUAN TOBON SCREWS CO.,LTD","China","W3.676","https://onlinecatalogue.electronicachina.com.cn/journal/exhibitor/3191","Other, please indicate","Industrial Electronics / Industrial Control","Communication System","Consumer Electronics","Computers & Peripherals","Automotive Electronics and EV","Medical Technology","Electricity and New Energy","Artificial Intelligence","Aviation & Space Technology","Military Electronics","Mechanical Engineering","Rail Transit","Security & protection system","Lighting engineering","Intelligent building"
"https://onlinecatalogue.electronicachina.com.cn/Public/Uploads/uploadfile/images/20260323/eClogoShanghai776x328EN-527.png","Dongguan Tongke Electronic CO., LTD.","China","N4.546","https://onlinecatalogue.electronicachina.com.cn/journal/exhibitor/2962","","","","","","","","","","","","","","","",""
"https://onlinecatalogue.electronicachina.com.cn/Public/Uploads/uploadfile/images/20260323/eClogoShanghai776x328EN-527.png","Dongguan TOPVR electronics co. LTD","China","N2.843","https://onlinecatalogue.electronicachina.com.cn/journal/exhibitor/3249","Sensor technology","Passive components (capacitors, resistors, inductors, etc.) and Relays","Industrial Electronics / Industrial Control","Consumer Electronics","Automotive Electronics and EV","Medical Technology","Electricity and New Energy","Military Electronics","Mechanical Engineering","","","","","","",""
"https://onlinecatalogue.electronicachina.com.cn/Public/Uploads/useimg/20260507/logo1.png","DongGuan Tu's Chengfa Precision Spring Co.,Ltd.","China","W4.570","https://onlinecatalogue.electronicachina.com.cn/journal/exhibitor/3048","Semiconductors","Displays","Sensor technology","Connectors, Switches, Casing technology, Wire Harness, etc","Power supplies","Automotive and testing","Artificial intelligence technology","Industrial Electronics / Industrial Control","Communication System","Consumer Electronics","Computers & Peripherals","Automotive Electronics and EV","Medical Technology","Electricity and New Energy","Artificial Intelligence","Data Center / Cloud Computing"
"https://onlinecatalogue.electronicachina.com.cn/Public/Uploads/uploadfile/images/20260323/eClogoShanghai776x328EN-527.png","Dongguan Vicktee Electronic Co.,Ltd","China","W5.265","https://onlinecatalogue.electronicachina.com.cn/journal/exhibitor/2805","","","","","","","","","","","","","","","",""
"https://onlinecatalogue.electronicachina.com.cn/Public/Uploads/useimg/20250414/68f1c4384197fe55b2014825bbb605b.jpg","Dongguan Wangwei electronic technology Co.,Ltd","China","W4.526","https://onlinecatalogue.electronicachina.com.cn/journal/exhibitor/2357","Semiconductors","Automotive and testing","Information gathering and services","Industrial Electronics / Industrial Control","Automotive Electronics and EV","Medical Technology","Electricity and New Energy","","","","","","","","",""
"https://onlinecatalogue.electronicachina.com.cn/Public/Uploads/uploadfile/images/20260323/eClogoShanghai776x328EN-527.png","Dongguan Weiqi Electronics Co., LTD","China","W4.378","https://onlinecatalogue.electronicachina.com.cn/journal/exhibitor/2836","Displays","Test and measurement","Electronic Design (ED/EDA)","Connectors, Switches, Casing technology, Wire Harness, etc","Power supplies","Electronic materials","Assemblies and subsystems","Artificial intelligence technology","Industrial Electronics / Industrial Control","Communication System","Automotive Electronics and EV","Medical Technology","Electricity and New Energy","Artificial Intelligence","Aviation & Space Technology","Mechanical Engineering"
"https://onlinecatalogue.electronicachina.com.cn/Public/Uploads/useimg/20250108/logo.jpg","DONGGUAN WENCHANG ELECTRONIC CO., LTD","China","W4.348","https://onlinecatalogue.electronicachina.com.cn/journal/exhibitor/1665","Connectors, Switches, Casing technology, Wire Harness, etc","Industrial Electronics / Industrial Control","Communication System","Consumer Electronics","Computers & Peripherals","Automotive Electronics and EV","Medical Technology","Electricity and New Energy","Mechanical Engineering","Security & protection system","Lighting engineering","Household appliances","","","",""
"https://onlinecatalogue.electronicachina.com.cn/Public/Uploads/useimg/20260507/6e99e338e2154790eb377757363443e.png","Dongguan Wenzhang Jimei Electronic Co., Ltd","China","W4.356","https://onlinecatalogue.electronicachina.com.cn/journal/exhibitor/2104","Displays","Sensor technology","Test and measurement","Electronic Design (ED/EDA)","Connectors, Switches, Casing technology, Wire Harness, etc","PCBs, other circuit carrier","Assemblies and subsystems","Automotive and testing","Wireless","Artificial intelligence technology","Information gathering and services","Industrial Electronics / Industrial Control","Communication System","Consumer Electronics","Computers & Peripherals","Automotive Electronics and EV"
"https://onlinecatalogue.electronicachina.com.cn/Public/Uploads/uploadfile/images/20260323/eClogoShanghai776x328EN-527.png","Dongguan Xiaomai Electronics Technology Co., Ltd.","China","W1.156","https://onlinecatalogue.electronicachina.com.cn/journal/exhibitor/1666","","","","","","","","","","","","","","","",""
"https://onlinecatalogue.electronicachina.com.cn/Public/Uploads/useimg/20250408/xiongzhengdianziLOGO.png","Dongguan Xiongzheng Electronics Co.,Ltd.","China","W3.316","https://onlinecatalogue.electronicachina.com.cn/journal/exhibitor/1869","Connectors, Switches, Casing technology, Wire Harness, etc","PCBs, other circuit carrier","Other, please indicate","Industrial Electronics / Industrial Control","Communication System","Consumer Electronics","Computers & Peripherals","Automotive Electronics and EV","Electricity and New Energy","Others, please indicate","","","","","",""
"https://onlinecatalogue.electronicachina.com.cn/Public/Uploads/uploadfile/images/20260323/eClogoShanghai776x328EN-527.png","Dongguan Xunye Automatin Equipment Co.,Ltd.","China","W4.541","https://onlinecatalogue.electronicachina.com.cn/journal/exhibitor/3396","","","","","","","","","","","","","","","",""
"https://onlinecatalogue.electronicachina.com.cn/Public/Uploads/useimg/20260602/LOGO.png","Dongguan Yakang electronic Technology Co.,Ltd","China","W4.526","https://onlinecatalogue.electronicachina.com.cn/journal/exhibitor/2364","Connectors, Switches, Casing technology, Wire Harness, etc","Automotive and testing","Information gathering and services","Other, please indicate","Industrial Electronics / Industrial Control","Consumer Electronics","Computers & Peripherals","Automotive Electronics and EV","Medical Technology","Military Electronics","Others, please indicate","","","","",""
"https://onlinecatalogue.electronicachina.com.cn/Public/Uploads/useimg/20250402/yandalogo.jpg","Dongguan Yanda Electronic TeDongguan Yanda Electronic Technology Co.,Ltd.chnology Co.,Ltd","China","W2.165","https://onlinecatalogue.electronicachina.com.cn/journal/exhibitor/2648","Connectors, Switches, Casing technology, Wire Harness, etc","Information gathering and services","Industrial Electronics / Industrial Control","Consumer Electronics","Computers & Peripherals","Automotive Electronics and EV","Electricity and New Energy","Internet of Things (loT)","Aviation & Space Technology","Mechanical Engineering","Rail Transit","Security & protection system","Lighting engineering","Household appliances","",""
"https://onlinecatalogue.electronicachina.com.cn/Public/Uploads/useimg/20250210/logo.jpg","Dongguan Yangshun Hardware Electronics Co., Ltd","China","W2.923","https://onlinecatalogue.electronicachina.com.cn/journal/exhibitor/2215","Connectors, Switches, Casing technology, Wire Harness, etc","Information gathering and services","Industrial Electronics / Industrial Control","Communication System","Computers & Peripherals","Automotive Electronics and EV","Medical Technology","Electricity and New Energy","Aviation & Space Technology","Mechanical Engineering","Rail Transit","","","","",""
"https://onlinecatalogue.electronicachina.com.cn/Public/Uploads/useimg/20250318/yuanzheLOGO.png","Dongguan YHZ Electronic Technology Co., Ltd","China","W3.740","https://onlinecatalogue.electronicachina.com.cn/journal/exhibitor/2106","Electronic Design (ED/EDA)","Information gathering and services","Industrial Electronics / Industrial Control","Consumer Electronics","Computers & Peripherals","Automotive Electronics and EV","Medical Technology","Military Electronics","Rail Transit","Security & protection system","Lighting engineering","Household appliances","","","",""
"https://onlinecatalogue.electronicachina.com.cn/Public/Uploads/uploadfile/images/20260323/eClogoShanghai776x328EN-527.png","DongGuan Yifeng Precision Electronics Co.,Ltd.","China","W2.857","https://onlinecatalogue.electronicachina.com.cn/journal/exhibitor/3321","","","","","","","","","","","","","","","",""
"https://onlinecatalogue.electronicachina.com.cn/Public/Uploads/useimg/20250409/1744189970591.jpg","Dongguan Yipin Equipment Co. , Ltd","China","W5.241","https://onlinecatalogue.electronicachina.com.cn/journal/exhibitor/2170","Test and measurement","Automotive Electronics and EV","","","","","","","","","","","","","",""
"https://onlinecatalogue.electronicachina.com.cn/Public/Uploads/useimg/20260601/QQ1780284064704.png","Dongguan Yiqian Hardware & Plastic Products Co.,Ltd.","China","W3.822","https://onlinecatalogue.electronicachina.com.cn/journal/exhibitor/3600","Connectors, Switches, Casing technology, Wire Harness, etc","Industrial Electronics / Industrial Control","Computers & Peripherals","Automotive Electronics and EV","Electricity and New Energy","","","","","","","","","","",""
"https://onlinecatalogue.electronicachina.com.cn/Public/Uploads/useimg/20260518/gongsibiaozhi.png","DONGGUAN YIXIAN ELECTRONIC TECHNOLOGY CO., LTD.","China","W4.283","https://onlinecatalogue.electronicachina.com.cn/journal/exhibitor/3509","Connectors, Switches, Casing technology, Wire Harness, etc","Power supplies","Electronic Manufacturing Services (EMS)","Industrial Electronics / Industrial Control","Communication System","Consumer Electronics","Computers & Peripherals","Automotive Electronics and EV","Medical Technology","Electricity and New Energy","Household appliances","","","","",""
"https://onlinecatalogue.electronicachina.com.cn/Public/Uploads/useimg/20250318/POGO.jpg","Dongguan Yongtan new energy Co., Ltd.","China","W4.578","https://onlinecatalogue.electronicachina.com.cn/journal/exhibitor/1554","Sensor technology","Electronic Design (ED/EDA)","Connectors, Switches, Casing technology, Wire Harness, etc","Automotive and testing","Information gathering and services","Industrial Electronics / Industrial Control","Communication System","Consumer Electronics","Computers & Peripherals","Automotive Electronics and EV","Medical Technology","Electricity and New Energy","Internet of Things (loT)","Aviation & Space Technology","Military Electronics","Mechanical Engineering"
"https://onlinecatalogue.electronicachina.com.cn/Public/Uploads/useimg/20250408/YSTZ.jpg","Dongguan YSTZ Electroninc Technology Co.,Ltd.","China","W2.106","https://onlinecatalogue.electronicachina.com.cn/journal/exhibitor/2105","Connectors, Switches, Casing technology, Wire Harness, etc","Power supplies","PCBs, other circuit carrier","Other, please indicate","Industrial Electronics / Industrial Control","Consumer Electronics","Computers & Peripherals","Automotive Electronics and EV","Household appliances","","","","","","",""
"https://onlinecatalogue.electronicachina.com.cn/Public/Uploads/useimg/20260514/GeDinglogo1fuben-217.jpg","Dongguan Yuanfeng Electronics Co., Ltd.","China","N3.101","https://onlinecatalogue.electronicachina.com.cn/journal/exhibitor/3007","Sensor technology","Test and measurement","Passive components (capacitors, resistors, inductors, etc.) and Relays","Automotive and testing","Industrial Electronics / Industrial Control","Consumer Electronics","Computers & Peripherals","Embodied Intelligence","Artificial Intelligence","Data Center / Cloud Computing","Aviation & Space Technology","Security & protection system","Household appliances","","",""
"https://onlinecatalogue.electronicachina.com.cn/Public/Uploads/useimg/20250407/7f9934f2a23b2a0ae25c9946d0c2c3b-713.jpg","Dongguan YuanZe Electric Co.,Ltd","China","N2.546","https://onlinecatalogue.electronicachina.com.cn/journal/exhibitor/973","Connectors, Switches, Casing technology, Wire Harness, etc","Industrial Electronics / Industrial Control","Communication System","Automotive Electronics and EV","Medical Technology","Internet of Things (loT)","Mechanical Engineering","Rail Transit","Security & protection system","Lighting engineering","Intelligent building","Household appliances","Others, please indicate","","",""
"https://onlinecatalogue.electronicachina.com.cn/Public/Uploads/uploadfile/images/20260323/eClogoShanghai776x328EN-527.png","Dongguan Yuhao New Material Co.,Ltd","China","W4.246","https://onlinecatalogue.electronicachina.com.cn/journal/exhibitor/2777","","","","","","","","","","","","","","","",""
"https://onlinecatalogue.electronicachina.com.cn/Public/Uploads/useimg/20260518/gongsiLOGO.png","Dongguan Yuliang Electronics co., Ltd.","China","W1.817","https://onlinecatalogue.electronicachina.com.cn/journal/exhibitor/1441","Semiconductors","Displays","Test and measurement","Connectors, Switches, Casing technology, Wire Harness, etc","Automotive and testing","Information gathering and services","Industrial Electronics / Industrial Control","Communication System","Consumer Electronics","Automotive Electronics and EV","Medical Technology","Aviation & Space Technology","Mechanical Engineering","Security & protection system","Lighting engineering","Household appliances"
"https://onlinecatalogue.electronicachina.com.cn/Public/Uploads/useimg/20250407/weixintupian20250407163446.jpg","Dongguan Zhanxin precision Mould Co.,Ltd","China","W2.533","https://onlinecatalogue.electronicachina.com.cn/journal/exhibitor/1893","Semiconductors","Passive components (capacitors, resistors, inductors, etc.) and Relays","Connectors, Switches, Casing technology, Wire Harness, etc","Power supplies","Assemblies and subsystems","Automotive and testing","Wireless","Information gathering and services","Industrial Electronics / Industrial Control","Communication System","Consumer Electronics","Computers & Peripherals","Automotive Electronics and EV","Medical Technology","Electricity and New Energy","Aviation & Space Technology"
"https://onlinecatalogue.electronicachina.com.cn/Public/Uploads/uploadfile/images/20260323/eClogoShanghai776x328EN-527.png","DongGuan Zhi Ying Hardware Products Co.,Ltd","China","W4.388","https://onlinecatalogue.electronicachina.com.cn/journal/exhibitor/2509","","","","","","","","","","","","","","","",""
"https://onlinecatalogue.electronicachina.com.cn/Public/Uploads/useimg/20260528/weixintupian20260119131930410594.png","Dongguan zhichuanglian Electronic Co., Ltd","China","W2.237","https://onlinecatalogue.electronicachina.com.cn/journal/exhibitor/1442","Connectors, Switches, Casing technology, Wire Harness, etc","Automotive Electronics and EV","","","","","","","","","","","","","",""
"https://onlinecatalogue.electronicachina.com.cn/Public/Uploads/uploadfile/images/20260323/eClogoShanghai776x328EN-527.png","Dongguan Zhongke Connector Co.,Ltd","China","W1.860","https://onlinecatalogue.electronicachina.com.cn/journal/exhibitor/3549","","","","","","","","","","","","","","","",""
"https://onlinecatalogue.electronicachina.com.cn/Public/Uploads/uploadfile/images/20260323/eClogoShanghai776x328EN-527.png","Dongguan Zhongxin Ceramic Industry Co., Ltd.","China","N2.839","https://onlinecatalogue.electronicachina.com.cn/journal/exhibitor/3397","","","","","","","","","","","","","","","",""
"https://onlinecatalogue.electronicachina.com.cn/Public/Uploads/uploadfile/images/20260323/eClogoShanghai776x328EN-527.png","Dongguan Zi Dong Electronic Co., Ltd","China","W5.653","https://onlinecatalogue.electronicachina.com.cn/journal/exhibitor/3039","","","","","","","","","","","","","","","",""
"https://onlinecatalogue.electronicachina.com.cn/Public/Uploads/useimg/20260521/MFCONN.jpg","DONGGUANSHI MINGFA ELECTRONICS CO., LTD.","China","W4.828","https://onlinecatalogue.electronicachina.com.cn/journal/exhibitor/3269","Connectors, Switches, Casing technology, Wire Harness, etc","Industrial Electronics / Industrial Control","Communication System","Consumer Electronics","Computers & Peripherals","Automotive Electronics and EV","Medical Technology","Electricity and New Energy","Internet of Things (loT)","Embodied Intelligence","Artificial Intelligence","Data Center / Cloud Computing","Aviation & Space Technology","Military Electronics","Mechanical Engineering","Rail Transit"
"https://onlinecatalogue.electronicachina.com.cn/Public/Uploads/uploadfile/images/20260323/eClogoShanghai776x328EN-527.png","DONGKOW TECHNOLOGY CO.LMT.","China","W4.757","https://onlinecatalogue.electronicachina.com.cn/journal/exhibitor/3482","","","","","","","","","","","","","","","",""
"https://onlinecatalogue.electronicachina.com.cn/Public/Uploads/uploadfile/images/20260323/eClogoShanghai776x328EN-527.png","Dongnan Electronics Co., Ltd","China","W4.301","https://onlinecatalogue.electronicachina.com.cn/journal/exhibitor/1670","","","","","","","","","","","","","","","",""
"https://onlinecatalogue.electronicachina.com.cn/Public/Uploads/useimg/20260427/2897D03B9C10F85B32DF03141A713C2C.png","DONGUAN HEXIE ELECTRONIC CO.,LTD","China","W3.256","https://onlinecatalogue.electronicachina.com.cn/journal/exhibitor/2818","Connectors, Switches, Casing technology, Wire Harness, etc","Communication System","Consumer Electronics","Computers & Peripherals","Automotive Electronics and EV","Artificial Intelligence","Military Electronics","Security & protection system","Mobile phone","Others, please indicate","","","","","",""
"https://onlinecatalogue.electronicachina.com.cn/Public/Uploads/useimg/20260601/dongxinlogozhongyingwen2.png","Dosilicon Co,Ltd","China","N5.613","https://onlinecatalogue.electronicachina.com.cn/journal/exhibitor/1322","Semiconductors","Industrial Electronics / Industrial Control","Communication System","Consumer Electronics","Computers & Peripherals","Automotive Electronics and EV","Internet of Things (loT)","Artificial Intelligence","Security & protection system","Intelligent building","Household appliances","Mobile phone","","","",""
"https://onlinecatalogue.electronicachina.com.cn/Public/Uploads/uploadfile/images/20260323/eClogoShanghai776x328EN-527.png","Doublecircle Electronics Group Co.,Ltd of Bengbu","China","N1.109","https://onlinecatalogue.electronicachina.com.cn/journal/exhibitor/2140","","","","","","","","","","","","","","","",""
"https://onlinecatalogue.electronicachina.com.cn/Public/Uploads/useimg/20250228/zhuojinbandaotilogo.png","DRAKING SEMI","China","N5.125","https://onlinecatalogue.electronicachina.com.cn/journal/exhibitor/2153","Semiconductors","Industrial Electronics / Industrial Control","Communication System","Consumer Electronics","Computers & Peripherals","Automotive Electronics and EV","Medical Technology","Electricity and New Energy","Internet of Things (loT)","Aviation & Space Technology","Military Electronics","","","","",""
"https://onlinecatalogue.electronicachina.com.cn/Public/Uploads/useimg/20250324/11.png","DYNACAST DONGGUAN LTD","Singapore","W3.312","https://onlinecatalogue.electronicachina.com.cn/journal/exhibitor/1982","Other, please indicate","Communication System","Consumer Electronics","Automotive Electronics and EV","Medical Technology","Data Center / Cloud Computing","Household appliances","Mobile phone","Others, please indicate","","","","","","",""
"https://onlinecatalogue.electronicachina.com.cn/Public/Uploads/useimg/20260205/epeaslogo240120whitebackground.jpg","e-peas SA","Belgium","N4.145","https://onlinecatalogue.electronicachina.com.cn/journal/exhibitor/3099","Semiconductors","Embedded systems","Sensor technology","Power supplies","Industrial Electronics / Industrial Control","Communication System","Computers & Peripherals","Internet of Things (loT)","Security & protection system","","","","","","",""
"https://onlinecatalogue.electronicachina.com.cn/Public/Uploads/uploadfile/images/20260323/eClogoShanghai776x328EN-527.png","Eaglechip - Specializes in the design and development of high-end FPGA chips","China","N4.820","https://onlinecatalogue.electronicachina.com.cn/journal/exhibitor/2183","","","","","","","","","","","","","","","",""
"https://onlinecatalogue.electronicachina.com.cn/Public/Uploads/uploadfile/images/20260323/eClogoShanghai776x328EN-527.png","EAST WITS","China","W5.226","https://onlinecatalogue.electronicachina.com.cn/journal/exhibitor/3640","","","","","","","","","","","","","","","",""
"https://onlinecatalogue.electronicachina.com.cn/Public/Uploads/useimg/20260604/logo512.png","eBots Robotics China Co., Ltd","China","W4.573","https://onlinecatalogue.electronicachina.com.cn/journal/exhibitor/3611","Electronic Manufacturing Services (EMS)","Artificial intelligence technology","Industrial Electronics / Industrial Control","Consumer Electronics","Computers & Peripherals","Automotive Electronics and EV","Data Center / Cloud Computing","","","","","","","","",""
"https://onlinecatalogue.electronicachina.com.cn/Public/Uploads/uploadfile/images/20260323/eClogoShanghai776x328EN-527.png","Ebusbar Technology Group","China","N1.569","https://onlinecatalogue.electronicachina.com.cn/journal/exhibitor/1012","","","","","","","","","","","","","","","",""
"https://onlinecatalogue.electronicachina.com.cn/Public/Uploads/useimg/20250219/zhongwenlogo.png","Ecom Electronic Limited","China","W5.106","https://onlinecatalogue.electronicachina.com.cn/journal/exhibitor/974","Semiconductors","Embedded systems","Sensor technology","Passive components (capacitors, resistors, inductors, etc.) and Relays","Connectors, Switches, Casing technology, Wire Harness, etc","Power supplies","PCBs, other circuit carrier","Automotive and testing","Industrial Electronics / Industrial Control","Communication System","Consumer Electronics","Computers & Peripherals","Automotive Electronics and EV","Medical Technology","Internet of Things (loT)","Aviation & Space Technology"
"https://onlinecatalogue.electronicachina.com.cn/Public/Uploads/useimg/20250108/SMALLMetallicGreenEDACLogo.jpg","EDAC/NorComp/MH Connectors/Northern Technologies","Canada","W3.305","https://onlinecatalogue.electronicachina.com.cn/journal/exhibitor/1556","Connectors, Switches, Casing technology, Wire Harness, etc","Industrial Electronics / Industrial Control","Communication System","Consumer Electronics","Computers & Peripherals","Automotive Electronics and EV","Medical Technology","Electricity and New Energy","Rail Transit","Lighting engineering","","","","","",""
"https://onlinecatalogue.electronicachina.com.cn/Public/Uploads/useimg/20250306/lingbianjielogo.png","Edgeless Semiconductor Co.,Ltd","China","N5.217","https://onlinecatalogue.electronicachina.com.cn/journal/exhibitor/1969","Semiconductors","Electronic Design (ED/EDA)","Industrial Electronics / Industrial Control","Communication System","Consumer Electronics","Medical Technology","Household appliances","Others, please indicate","","","","","","","",""
"https://onlinecatalogue.electronicachina.com.cn/Public/Uploads/useimg/20260522/jingxinlogogengxintu.png","ElecSuper Semiconductor Technology Co., LTD.","China","N4.333","https://onlinecatalogue.electronicachina.com.cn/journal/exhibitor/1853","Semiconductors","Industrial Electronics / Industrial Control","Communication System","Consumer Electronics","Computers & Peripherals","Automotive Electronics and EV","Medical Technology","Electricity and New Energy","Internet of Things (loT)","Aviation & Space Technology","Military Electronics","Mechanical Engineering","Rail Transit","Security & protection system","Lighting engineering","Intelligent building"
"https://onlinecatalogue.electronicachina.com.cn/Public/Uploads/useimg/20250114/.png","Electric Connector Technology Co.,ltd","China","W2.205","https://onlinecatalogue.electronicachina.com.cn/journal/exhibitor/1443","Connectors, Switches, Casing technology, Wire Harness, etc","Automotive and testing","Industrial Electronics / Industrial Control","Communication System","Consumer Electronics","Computers & Peripherals","Automotive Electronics and EV","Medical Technology","Electricity and New Energy","Internet of Things (loT)","Household appliances","Mobile phone","","","",""
"https://onlinecatalogue.electronicachina.com.cn/Public/Uploads/useimg/20260506/240X30-431.png","ELEKTRISOLA Hangzhou Co.,Ltd.","Germany","N1.565","https://onlinecatalogue.electronicachina.com.cn/journal/exhibitor/2686","Connectors, Switches, Casing technology, Wire Harness, etc","Electronic materials","Industrial Electronics / Industrial Control","Communication System","Consumer Electronics","Computers & Peripherals","Automotive Electronics and EV","Medical Technology","Electricity and New Energy","Internet of Things (loT)","Embodied Intelligence","Artificial Intelligence","Data Center / Cloud Computing","Aviation & Space Technology","Military Electronics","Mechanical Engineering"
"https://onlinecatalogue.electronicachina.com.cn/Public/Uploads/uploadfile/images/20260323/eClogoShanghai776x328EN-527.png","Elrad Electrnics（Dongguan）Co., ltd.","China","N3.376","https://onlinecatalogue.electronicachina.com.cn/journal/exhibitor/3460","","","","","","","","","","","","","","","",""
"https://onlinecatalogue.electronicachina.com.cn/Public/Uploads/uploadfile/images/20260323/eClogoShanghai776x328EN-527.png","Emad Engineering Electronic & Information Co., LTD","China","W5.149","https://onlinecatalogue.electronicachina.com.cn/journal/exhibitor/1965","","","","","","","","","","","","","","","",""
"https://onlinecatalogue.electronicachina.com.cn/Public/Uploads/useimg/20250407/LOGO.png","ENDRIVE Jiangsu Electronic Technology Co.,Ltd.","China","W5.813","https://onlinecatalogue.electronicachina.com.cn/journal/exhibitor/1808","Power supplies","Industrial Electronics / Industrial Control","Communication System","Consumer Electronics","Medical Technology","Electricity and New Energy","Internet of Things (loT)","Military Electronics","Mechanical Engineering","Rail Transit","Security & protection system","Lighting engineering","Intelligent building","Household appliances","",""
"https://onlinecatalogue.electronicachina.com.cn/Public/Uploads/useimg/20260320/zhanhui1.png","Enning Security Technology (Shanghai) Co., Ltd.","China","W5.926","https://onlinecatalogue.electronicachina.com.cn/journal/exhibitor/3066","Test and measurement","Power supplies","Electronic Manufacturing Services (EMS)","Automotive and testing","Industrial Electronics / Industrial Control","Communication System","Consumer Electronics","Computers & Peripherals","Automotive Electronics and EV","Medical Technology","Electricity and New Energy","Aviation & Space Technology","Military Electronics","Mechanical Engineering","Rail Transit","Security & protection system"
"https://onlinecatalogue.electronicachina.com.cn/Public/Uploads/uploadfile/images/20260323/eClogoShanghai776x328EN-527.png","Ennovi Advanced Mobility Solutions Hangzhou Co., Ltd.","Singapore","W2.720","https://onlinecatalogue.electronicachina.com.cn/journal/exhibitor/2905","","","","","","","","","","","","","","","",""
"https://onlinecatalogue.electronicachina.com.cn/Public/Uploads/useimg/20260511/e1df5bc219b1514ec7de77467c05045b.jpg","eRUN Intelligent Solutions Group Limited","China","N2.723","https://onlinecatalogue.electronicachina.com.cn/journal/exhibitor/2044","Semiconductors","Displays","PCBs, other circuit carrier","Industrial Electronics / Industrial Control","Communication System","Medical Technology","Aviation & Space Technology","","","","","","","","",""
"https://onlinecatalogue.electronicachina.com.cn/Public/Uploads/useimg/20260512/xwatermark.com20260512111349071.jpg","ESCHA Automation Connectivity (Shanghai) Co., Ltd.","Germany","W3.545","https://onlinecatalogue.electronicachina.com.cn/journal/exhibitor/3132","Connectors, Switches, Casing technology, Wire Harness, etc","Electronic materials","Assemblies and subsystems","Industrial Electronics / Industrial Control","Communication System","Automotive Electronics and EV","Medical Technology","Data Center / Cloud Computing","Military Electronics","Mechanical Engineering","Rail Transit","Intelligent building","Others, please indicate","","",""
"https://onlinecatalogue.electronicachina.com.cn/Public/Uploads/useimg/20260605/logozhuanqu.png","ETA Semiconductor Limited","China","N4.656","https://onlinecatalogue.electronicachina.com.cn/journal/exhibitor/3644","Semiconductors","Industrial Electronics / Industrial Control","Communication System","Consumer Electronics","Computers & Peripherals","Automotive Electronics and EV","Medical Technology","Electricity and New Energy","Internet of Things (loT)","Embodied Intelligence","Artificial Intelligence","Data Center / Cloud Computing","Aviation & Space Technology","Mechanical Engineering","Rail Transit","Security & protection system"
"https://onlinecatalogue.electronicachina.com.cn/Public/Uploads/useimg/20260331/240x120etclogo-588.jpg","ETC ELECTRONICS LIMITED","China","W5.201","https://onlinecatalogue.electronicachina.com.cn/journal/exhibitor/2892","Semiconductors","Embedded systems","Displays","Micronano-systems (MEMS, etc.)","Sensor technology","Test and measurement","Electronic Design (ED/EDA)","Passive components (capacitors, resistors, inductors, etc.) and Relays","Connectors, Switches, Casing technology, Wire Harness, etc","Power supplies","PCBs, other circuit carrier","Industrial Electronics / Industrial Control","Communication System","Consumer Electronics","Automotive Electronics and EV","Medical Technology"
"https://onlinecatalogue.electronicachina.com.cn/Public/Uploads/useimg/20250319/PnglixinweituxingLOGO.png","ETEK","China","N4.617","https://onlinecatalogue.electronicachina.com.cn/journal/exhibitor/1324","Semiconductors","Industrial Electronics / Industrial Control","Consumer Electronics","Computers & Peripherals","Automotive Electronics and EV","Electricity and New Energy","Household appliances","Mobile phone","","","","","","","",""
"https://onlinecatalogue.electronicachina.com.cn/Public/Uploads/useimg/20250225/logo1.jpg","Evercom Electronic Technology Co., Ltd.","China","W4.858","https://onlinecatalogue.electronicachina.com.cn/journal/exhibitor/1937","PCBs, other circuit carrier","Information gathering and services","Communication System","Internet of Things (loT)","Household appliances","","","","","","","","","","",""
"https://onlinecatalogue.electronicachina.com.cn/Public/Uploads/useimg/20250331/logo.jpg","EVERPOWER","China","N4.368","https://onlinecatalogue.electronicachina.com.cn/journal/exhibitor/2076","Semiconductors","Industrial Electronics / Industrial Control","Communication System","Consumer Electronics","Computers & Peripherals","Automotive Electronics and EV","Medical Technology","Electricity and New Energy","Internet of Things (loT)","Aviation & Space Technology","Mechanical Engineering","Rail Transit","Lighting engineering","Intelligent building","Household appliances","Mobile phone"
"https://onlinecatalogue.electronicachina.com.cn/Public/Uploads/useimg/20260520/logo.png","EVERSUN (SHANGHAI) MICROELECTRONICS CO.,LTD","China","N4.323","https://onlinecatalogue.electronicachina.com.cn/journal/exhibitor/2919","Semiconductors","Electronic materials","Other, please indicate","Communication System","Computers & Peripherals","Electricity and New Energy","Household appliances","Mobile phone","","","","","","","",""
"https://onlinecatalogue.electronicachina.com.cn/Public/Uploads/useimg/20250324/410ebf1523408cc46098d890125f96d.jpg","EXCEL CELL ELECTRONIC CO., LTD.","Taiwan, China","N4.840","https://onlinecatalogue.electronicachina.com.cn/journal/exhibitor/2375","Semiconductors","Passive components (capacitors, resistors, inductors, etc.) and Relays","Connectors, Switches, Casing technology, Wire Harness, etc","Information gathering and services","Industrial Electronics / Industrial Control","Communication System","Consumer Electronics","Computers & Peripherals","Automotive Electronics and EV","Medical Technology","Electricity and New Energy","Internet of Things (loT)","Aviation & Space Technology","Military Electronics","Mechanical Engineering","Rail Transit"
"https://onlinecatalogue.electronicachina.com.cn/Public/Uploads/useimg/20250206/weimingmingdesheji.png","EXCESSCHIP TECHNOLOGY LIMITED","Hong Kong, China","N2.101","https://onlinecatalogue.electronicachina.com.cn/journal/exhibitor/975","Semiconductors","Embedded systems","Sensor technology","Test and measurement","Electronic Design (ED/EDA)","Passive components (capacitors, resistors, inductors, etc.) and Relays","Connectors, Switches, Casing technology, Wire Harness, etc","Power supplies","PCBs, other circuit carrier","Automotive and testing","Information gathering and services","Industrial Electronics / Industrial Control","Communication System","Consumer Electronics","Computers & Peripherals","Automotive Electronics and EV"
"https://onlinecatalogue.electronicachina.com.cn/Public/Uploads/useimg/20250402/logoguigeshu.png","EXPSEMI","China","N1.101","https://onlinecatalogue.electronicachina.com.cn/journal/exhibitor/892","Semiconductors","Information gathering and services","Industrial Electronics / Industrial Control","Communication System","Consumer Electronics","Automotive Electronics and EV","Electricity and New Energy","Household appliances","","","","","","","",""
"https://onlinecatalogue.electronicachina.com.cn/Public/Uploads/useimg/20250324/yuyangkejilogo.png","EYANG TECHNOLOGY DEVELOPMENT CO., LTD.","China","N1.526","https://onlinecatalogue.electronicachina.com.cn/journal/exhibitor/893","Passive components (capacitors, resistors, inductors, etc.) and Relays","Industrial Electronics / Industrial Control","Communication System","Consumer Electronics","Computers & Peripherals","Automotive Electronics and EV","Medical Technology","Electricity and New Energy","Internet of Things (loT)","Aviation & Space Technology","Mechanical Engineering","Rail Transit","Security & protection system","Lighting engineering","Household appliances","Mobile phone"
"https://onlinecatalogue.electronicachina.com.cn/Public/Uploads/uploadfile/images/20260323/eClogoShanghai776x328EN-527.png","Fair-Rite Asia Pte Ltd","Singapore","N2.263","https://onlinecatalogue.electronicachina.com.cn/journal/exhibitor/2012","","","","","","","","","","","","","","","",""
"https://onlinecatalogue.electronicachina.com.cn/Public/Uploads/uploadfile/images/20260323/eClogoShanghai776x328EN-527.png","Fair-Rite Electronic Products Co., Ltd","America","N2.917","https://onlinecatalogue.electronicachina.com.cn/journal/exhibitor/3008","","","","","","","","","","","","","","","",""
"https://onlinecatalogue.electronicachina.com.cn/Public/Uploads/uploadfile/images/20260323/eClogoShanghai776x328EN-527.png","FALCON ELECTRONICS INT'L LIMITED","Hong Kong, China","N2.527","https://onlinecatalogue.electronicachina.com.cn/journal/exhibitor/3447","","","","","","","","","","","","","","","",""
"https://onlinecatalogue.electronicachina.com.cn/Public/Uploads/useimg/20260409/26491114.png","Favor Electronics(Dongguan) Co.,Ltd.","China","W3.905","https://onlinecatalogue.electronicachina.com.cn/journal/exhibitor/3375","Passive components (capacitors, resistors, inductors, etc.) and Relays","Industrial Electronics / Industrial Control","Communication System","Consumer Electronics","Automotive Electronics and EV","Medical Technology","Artificial Intelligence","Aviation & Space Technology","Mechanical Engineering","Rail Transit","Security & protection system","Lighting engineering","Household appliances","","",""
"https://onlinecatalogue.electronicachina.com.cn/Public/Uploads/useimg/20250325/123.png","FINE MADE MICROELECTRONICS GROUP CO.,LTD","China","N5.617","https://onlinecatalogue.electronicachina.com.cn/journal/exhibitor/1325","Semiconductors","Industrial Electronics / Industrial Control","Communication System","Consumer Electronics","","","","","","","","","","","",""
"https://onlinecatalogue.electronicachina.com.cn/Public/Uploads/useimg/20250227/zhongwenlogo.jpg","Finecables Enterprise Co.,Ltd","China","W3.541","https://onlinecatalogue.electronicachina.com.cn/journal/exhibitor/1557","Sensor technology","Test and measurement","Assemblies and subsystems","Industrial Electronics / Industrial Control","Communication System","Consumer Electronics","Computers & Peripherals","Automotive Electronics and EV","Medical Technology","Electricity and New Energy","Internet of Things (loT)","Aviation & Space Technology","Military Electronics","Mechanical Engineering","Rail Transit","Security & protection system"
"https://onlinecatalogue.electronicachina.com.cn/Public/Uploads/useimg/20250110/LOGONEW3.jpg","FIRSTOHM","Taiwan, China","N2.300","https://onlinecatalogue.electronicachina.com.cn/journal/exhibitor/976","Passive components (capacitors, resistors, inductors, etc.) and Relays","Industrial Electronics / Industrial Control","Communication System","Automotive Electronics and EV","Medical Technology","Electricity and New Energy","Artificial Intelligence","Aviation & Space Technology","Military Electronics","Mechanical Engineering","Rail Transit","Lighting engineering","Intelligent building","Household appliances","",""
"https://onlinecatalogue.electronicachina.com.cn/Public/Uploads/uploadfile/images/20260323/eClogoShanghai776x328EN-527.png","Fixchips Technology Co Limited","China","N2.618","https://onlinecatalogue.electronicachina.com.cn/journal/exhibitor/977","","","","","","","","","","","","","","","",""
"https://onlinecatalogue.electronicachina.com.cn/Public/Uploads/useimg/20260422/Flykinglogo240120.png","Flyking Technology Co., Ltd","China","N2.549","https://onlinecatalogue.electronicachina.com.cn/journal/exhibitor/978","Semiconductors","Passive components (capacitors, resistors, inductors, etc.) and Relays","Connectors, Switches, Casing technology, Wire Harness, etc","Industrial Electronics / Industrial Control","Communication System","Consumer Electronics","Computers & Peripherals","Automotive Electronics and EV","Medical Technology","Electricity and New Energy","Internet of Things (loT)","Artificial Intelligence","Data Center / Cloud Computing","Aviation & Space Technology","Military Electronics","Mechanical Engineering"
"https://onlinecatalogue.electronicachina.com.cn/Public/Uploads/useimg/20250328/2024-50.png","FON SHUN INDUSTRY CO., LTD.","Taiwan, China","W4.139","https://onlinecatalogue.electronicachina.com.cn/journal/exhibitor/2378","Connectors, Switches, Casing technology, Wire Harness, etc","Industrial Electronics / Industrial Control","Communication System","Consumer Electronics","Computers & Peripherals","Automotive Electronics and EV","Medical Technology","Electricity and New Energy","Internet of Things (loT)","Aviation & Space Technology","Mechanical Engineering","Security & protection system","Household appliances","","",""
"https://onlinecatalogue.electronicachina.com.cn/Public/Uploads/useimg/20250225/240x120.jpg","Forlinx Embedded","China","N4.356","https://onlinecatalogue.electronicachina.com.cn/journal/exhibitor/1847","Semiconductors","Embedded systems","Industrial Electronics / Industrial Control","Medical Technology","Electricity and New Energy","Internet of Things (loT)","Aviation & Space Technology","Mechanical Engineering","Rail Transit","Security & protection system","Intelligent building","","","","",""
"https://onlinecatalogue.electronicachina.com.cn/Public/Uploads/uploadfile/images/20260323/eClogoShanghai776x328EN-527.png","Fortech Industrial (shenzhen) Limited","China","W4.132","https://onlinecatalogue.electronicachina.com.cn/journal/exhibitor/2730","","","","","","","","","","","","","","","",""
"https://onlinecatalogue.electronicachina.com.cn/Public/Uploads/useimg/20250116/1734679413686.jpg","FOSAN","China","N1.721","https://onlinecatalogue.electronicachina.com.cn/journal/exhibitor/898","Semiconductors","Passive components (capacitors, resistors, inductors, etc.) and Relays","Automotive and testing","Industrial Electronics / Industrial Control","Communication System","Consumer Electronics","Computers & Peripherals","Automotive Electronics and EV","Medical Technology","Electricity and New Energy","Internet of Things (loT)","Aviation & Space Technology","Military Electronics","Mechanical Engineering","Rail Transit","Security & protection system"
"https://onlinecatalogue.electronicachina.com.cn/Public/Uploads/uploadfile/images/20260323/eClogoShanghai776x328EN-527.png","Foshan HZK Electronic Science and Technology Co.,Ltd","China","W5.856","https://onlinecatalogue.electronicachina.com.cn/journal/exhibitor/3240","","","","","","","","","","","","","","","",""
"https://onlinecatalogue.electronicachina.com.cn/Public/Uploads/uploadfile/images/20260323/eClogoShanghai776x328EN-527.png","FOSHAN NATIONASTAR OPTOELECTRONICS CO.,LTD.","China","N3.520","https://onlinecatalogue.electronicachina.com.cn/journal/exhibitor/3131","","","","","","","","","","","","","","","",""
"https://onlinecatalogue.electronicachina.com.cn/Public/Uploads/useimg/20250113/gongsixinLOGO.jpg","Foshan SNT Electronics Technology Co., Ltd","China","W4.235","https://onlinecatalogue.electronicachina.com.cn/journal/exhibitor/1671","Connectors, Switches, Casing technology, Wire Harness, etc","PCBs, other circuit carrier","Electronic Manufacturing Services (EMS)","Industrial Electronics / Industrial Control","Communication System","Consumer Electronics","Computers & Peripherals","Automotive Electronics and EV","Medical Technology","Electricity and New Energy","Internet of Things (loT)","Aviation & Space Technology","Military Electronics","Mechanical Engineering","Rail Transit","Security & protection system"
"https://onlinecatalogue.electronicachina.com.cn/Public/Uploads/useimg/20250219/haoyunLOGO.png","Foshan Vistong Electronics Co., Ltd.","China","N1.136","https://onlinecatalogue.electronicachina.com.cn/journal/exhibitor/895","Passive components (capacitors, resistors, inductors, etc.) and Relays","Industrial Electronics / Industrial Control","Communication System","Consumer Electronics","Computers & Peripherals","Automotive Electronics and EV","Medical Technology","Electricity and New Energy","Internet of Things (loT)","Aviation & Space Technology","Military Electronics","Mechanical Engineering","Rail Transit","Security & protection system","Lighting engineering","Intelligent building"
"https://onlinecatalogue.electronicachina.com.cn/Public/Uploads/useimg/20250205/4165cb94253b231c388ee0750b0bb27.png","Foshan Yayan Electronic Co., Ltd.","China","N3.137","https://onlinecatalogue.electronicachina.com.cn/journal/exhibitor/768","Sensor technology","Passive components (capacitors, resistors, inductors, etc.) and Relays","Information gathering and services","Industrial Electronics / Industrial Control","Communication System","Consumer Electronics","Automotive Electronics and EV","Medical Technology","Electricity and New Energy","Internet of Things (loT)","Household appliances","","","","",""
"https://onlinecatalogue.electronicachina.com.cn/Public/Uploads/uploadfile/images/20260323/eClogoShanghai776x328EN-527.png","Founder Microelectronics Inc.","China","N5.709","https://onlinecatalogue.electronicachina.com.cn/journal/exhibitor/1198","","","","","","","","","","","","","","","",""
"https://onlinecatalogue.electronicachina.com.cn/Public/Uploads/useimg/20260519/FSCATLOGO-437.png","FSCAT","China","W3.850","https://onlinecatalogue.electronicachina.com.cn/journal/exhibitor/3505","Other, please indicate","Industrial Electronics / Industrial Control","Communication System","Computers & Peripherals","Automotive Electronics and EV","Medical Technology","Electricity and New Energy","Aviation & Space Technology","Mechanical Engineering","Rail Transit","Lighting engineering","Household appliances","Others, please indicate","","",""
"https://onlinecatalogue.electronicachina.com.cn/Public/Uploads/useimg/20260210/a25acbc07b23b076f0bcd7796682ff77.png","Fudong Kunpeng（Shenzhen）Technology Co., Ltd.","China","N2.133","https://onlinecatalogue.electronicachina.com.cn/journal/exhibitor/2834","Passive components (capacitors, resistors, inductors, etc.) and Relays","PCBs, other circuit carrier","Information gathering and services","Industrial Electronics / Industrial Control","Communication System","Medical Technology","Artificial Intelligence","Military Electronics","","","","","","","",""
"https://onlinecatalogue.electronicachina.com.cn/Public/Uploads/useimg/20250218/FujiLogo2.png","FUJI TERMINAL","Japan","W3.708","https://onlinecatalogue.electronicachina.com.cn/journal/exhibitor/1558","Connectors, Switches, Casing technology, Wire Harness, etc","Industrial Electronics / Industrial Control","Communication System","Consumer Electronics","Automotive Electronics and EV","Medical Technology","Electricity and New Energy","Internet of Things (loT)","Aviation & Space Technology","Military Electronics","Mechanical Engineering","Rail Transit","Security & protection system","Lighting engineering","Intelligent building","Household appliances"
"https://onlinecatalogue.electronicachina.com.cn/Public/Uploads/uploadfile/images/20260323/eClogoShanghai776x328EN-527.png","Fujian Chuangxin Microelectronics Co., Ltd.","China","N3.872","https://onlinecatalogue.electronicachina.com.cn/journal/exhibitor/2737","","","","","","","","","","","","","","","",""
"https://onlinecatalogue.electronicachina.com.cn/Public/Uploads/useimg/20250312/lanseyingwenbanlogo.png","Fujian CNK Electronics Co., Ltd","China","N1.367","https://onlinecatalogue.electronicachina.com.cn/journal/exhibitor/2023","Information gathering and services","Industrial Electronics / Industrial Control","Communication System","Consumer Electronics","Computers & Peripherals","Automotive Electronics and EV","Medical Technology","Electricity and New Energy","Mechanical Engineering","Security & protection system","Household appliances","Mobile phone","","","",""
"https://onlinecatalogue.electronicachina.com.cn/Public/Uploads/useimg/20250405/fujiantiandianguangdianLOGOPNG-578.png","FUJIAN LIGHTNING OPTOELECTRONIC CO.,LTD","China","N5.562","https://onlinecatalogue.electronicachina.com.cn/journal/exhibitor/1199","Semiconductors","Sensor technology","Passive components (capacitors, resistors, inductors, etc.) and Relays","Other, please indicate","Industrial Electronics / Industrial Control","Communication System","Consumer Electronics","Computers & Peripherals","Automotive Electronics and EV","Medical Technology","Electricity and New Energy","Internet of Things (loT)","Security & protection system","Lighting engineering","Intelligent building","Household appliances"
"https://onlinecatalogue.electronicachina.com.cn/Public/Uploads/uploadfile/images/20260323/eClogoShanghai776x328EN-527.png","Fujian Lilliput Optoelectronies Technology Co.,Ltd.","China","W5.730","https://onlinecatalogue.electronicachina.com.cn/journal/exhibitor/2903","","","","","","","","","","","","","","","",""
"https://onlinecatalogue.electronicachina.com.cn/Public/Uploads/useimg/20250402/xingyungufenlogodachicun-39.png","Fujian Nebula Electronics Co.,Ltd.","China","W5.569","https://onlinecatalogue.electronicachina.com.cn/journal/exhibitor/2057","Test and measurement","Automotive and testing","Other, please indicate","Industrial Electronics / Industrial Control","Communication System","Automotive Electronics and EV","","","","","","","","","",""
"https://onlinecatalogue.electronicachina.com.cn/Public/Uploads/uploadfile/images/20260323/eClogoShanghai776x328EN-527.png","FUJIAN NINGDE CAPTAIN INDUSTRIAL CO.,LTD.","China","N3.730","https://onlinecatalogue.electronicachina.com.cn/journal/exhibitor/2950","Semiconductors","Passive components (capacitors, resistors, inductors, etc.) and Relays","Electronic materials","Other, please indicate","Industrial Electronics / Industrial Control","Consumer Electronics","Automotive Electronics and EV","Others, please indicate","","","","","","","",""
"https://onlinecatalogue.electronicachina.com.cn/Public/Uploads/useimg/20260602/huojulogo02.png","FUJIAN TORCH ELECTRON TECHNOLOGY CO.,LTD","China","N1.656","https://onlinecatalogue.electronicachina.com.cn/journal/exhibitor/3217","Passive components (capacitors, resistors, inductors, etc.) and Relays","Communication System","Electricity and New Energy","Aviation & Space Technology","Military Electronics","Rail Transit","","","","","","","","","",""
"https://onlinecatalogue.electronicachina.com.cn/Public/Uploads/useimg/20260427/logo-159.png","FULXY Electronics Technology (Wuxi) Co.,Ltd","China","N3.643","https://onlinecatalogue.electronicachina.com.cn/journal/exhibitor/3415","Semiconductors","Electronic Manufacturing Services (EMS)","Automotive and testing","Industrial Electronics / Industrial Control","Consumer Electronics","Automotive Electronics and EV","Internet of Things (loT)","","","","","","","","",""
"https://onlinecatalogue.electronicachina.com.cn/Public/Uploads/useimg/20250224/LOGObiaozhunlanse1080.png","Funcience Corporation","China","N3.332","https://onlinecatalogue.electronicachina.com.cn/journal/exhibitor/2469","Semiconductors","Industrial Electronics / Industrial Control","Communication System","Embodied Intelligence","","","","","","","","","","","",""
"https://onlinecatalogue.electronicachina.com.cn/Public/Uploads/uploadfile/images/20260323/eClogoShanghai776x328EN-527.png","FuncTech","China","N3.616","https://onlinecatalogue.electronicachina.com.cn/journal/exhibitor/3465","","","","","","","","","","","","","","","",""
"https://onlinecatalogue.electronicachina.com.cn/Public/Uploads/useimg/20260421/logo240x120px-111.png","FUTURETECH COMPONENTS LIMITED","Hong Kong, China","W5.320","https://onlinecatalogue.electronicachina.com.cn/journal/exhibitor/2876","Semiconductors","Passive components (capacitors, resistors, inductors, etc.) and Relays","Connectors, Switches, Casing technology, Wire Harness, etc","Industrial Electronics / Industrial Control","Communication System","Consumer Electronics","Computers & Peripherals","Automotive Electronics and EV","Medical Technology","Electricity and New Energy","Internet of Things (loT)","Embodied Intelligence","Artificial Intelligence","Data Center / Cloud Computing","Aviation & Space Technology","Military Electronics"
"https://onlinecatalogue.electronicachina.com.cn/Public/Uploads/useimg/20250220/FuztecLogoFinetunedreshape.jpg","FUZETEC TECHNOLOGY CO., LTD.","Taiwan, China","N4.836","https://onlinecatalogue.electronicachina.com.cn/journal/exhibitor/2370","Semiconductors","Embedded systems","Passive components (capacitors, resistors, inductors, etc.) and Relays","Automotive and testing","Information gathering and services","Industrial Electronics / Industrial Control","Communication System","Consumer Electronics","Automotive Electronics and EV","Medical Technology","Electricity and New Energy","Internet of Things (loT)","Aviation & Space Technology","Military Electronics","Mechanical Engineering","Rail Transit"
"https://onlinecatalogue.electronicachina.com.cn/Public/Uploads/useimg/20260515/shuanglogo.png","G.A. Group","China","W4.666","https://onlinecatalogue.electronicachina.com.cn/journal/exhibitor/3330","Semiconductors","Passive components (capacitors, resistors, inductors, etc.) and Relays","Connectors, Switches, Casing technology, Wire Harness, etc","Power supplies","PCBs, other circuit carrier","Industrial Electronics / Industrial Control","Communication System","Consumer Electronics","Computers & Peripherals","Automotive Electronics and EV","Medical Technology","Electricity and New Energy","Internet of Things (loT)","Embodied Intelligence","Artificial Intelligence","Data Center / Cloud Computing"
"https://onlinecatalogue.electronicachina.com.cn/Public/Uploads/uploadfile/images/20260323/eClogoShanghai776x328EN-527.png","GAIA & DSH Power","China","W5.755","https://onlinecatalogue.electronicachina.com.cn/journal/exhibitor/2171","Power supplies","Industrial Electronics / Industrial Control","Communication System","Automotive Electronics and EV","Medical Technology","Electricity and New Energy","Military Electronics","Rail Transit","Intelligent building","","","","","","",""
"https://onlinecatalogue.electronicachina.com.cn/Public/Uploads/useimg/20251212/yinhelogo.jpg","Galaxy Micro","China","N5.517","https://onlinecatalogue.electronicachina.com.cn/journal/exhibitor/1200","Semiconductors","Industrial Electronics / Industrial Control","Communication System","Consumer Electronics","Computers & Peripherals","Automotive Electronics and EV","Electricity and New Energy","Intelligent building","Household appliances","","","","","","",""
"https://onlinecatalogue.electronicachina.com.cn/Public/Uploads/useimg/20260403/zhuhaiweilaikejiyouxiangongsi-794.png","GaNext (zhuhai) Technology Co.,Ltd.","China","N5.243","https://onlinecatalogue.electronicachina.com.cn/journal/exhibitor/1326","Semiconductors","Power supplies","Automotive and testing","Industrial Electronics / Industrial Control","Communication System","Consumer Electronics","Computers & Peripherals","Automotive Electronics and EV","Electricity and New Energy","Data Center / Cloud Computing","Lighting engineering","Household appliances","Mobile phone","","",""
"https://onlinecatalogue.electronicachina.com.cn/Public/Uploads/uploadfile/images/20260323/eClogoShanghai776x328EN-527.png","GD Huaban Semiconductor Co., Limited","China","N3.516","https://onlinecatalogue.electronicachina.com.cn/journal/exhibitor/2918","","","","","","","","","","","","","","","",""
"https://onlinecatalogue.electronicachina.com.cn/Public/Uploads/uploadfile/images/20260323/eClogoShanghai776x328EN-527.png","Gebr. Kemper GmbH + Co. KG","Germany","W2.149","https://onlinecatalogue.electronicachina.com.cn/journal/exhibitor/1566","","","","","","","","","","","","","","","",""
"https://onlinecatalogue.electronicachina.com.cn/Public/Uploads/uploadfile/images/20260323/eClogoShanghai776x328EN-527.png","Geehy Semiconductor Co.,Ltd","China","N5.509","https://onlinecatalogue.electronicachina.com.cn/journal/exhibitor/1327","","","","","","","","","","","","","","","",""
"https://onlinecatalogue.electronicachina.com.cn/Public/Uploads/useimg/20250116/gejiangouzhilogo2024.png","Gejian Semiconductor Co., Ltd.","China","N4.612","https://onlinecatalogue.electronicachina.com.cn/journal/exhibitor/1328","Semiconductors","Industrial Electronics / Industrial Control","Consumer Electronics","Automotive Electronics and EV","","","","","","","","","","","",""
"https://onlinecatalogue.electronicachina.com.cn/Public/Uploads/uploadfile/images/20260323/eClogoShanghai776x328EN-527.png","General Enterprise Group","China","W3.209","https://onlinecatalogue.electronicachina.com.cn/journal/exhibitor/1444","Sensor technology","Connectors, Switches, Casing technology, Wire Harness, etc","Assemblies and subsystems","Industrial Electronics / Industrial Control","Communication System","Consumer Electronics","Automotive Electronics and EV","Electricity and New Energy","Household appliances","","","","","","",""
"https://onlinecatalogue.electronicachina.com.cn/Public/Uploads/useimg/20260531/logo2-742.jpg","GERATHERM Technology(H.K) Co.,Ltd","China","W3.820","https://onlinecatalogue.electronicachina.com.cn/journal/exhibitor/3591","Connectors, Switches, Casing technology, Wire Harness, etc","Electronic materials","Automotive and testing","Industrial Electronics / Industrial Control","Communication System","Consumer Electronics","Automotive Electronics and EV","Medical Technology","Electricity and New Energy","Data Center / Cloud Computing","Aviation & Space Technology","Military Electronics","Rail Transit","Security & protection system","Household appliances",""
"https://onlinecatalogue.electronicachina.com.cn/Public/Uploads/useimg/20260303/GG1000x535px.png","GG Cables and Wires (Shenyang) Co., Ltd.","Austria","W2.353","https://onlinecatalogue.electronicachina.com.cn/journal/exhibitor/3134","Connectors, Switches, Casing technology, Wire Harness, etc","Automotive Electronics and EV","","","","","","","","","","","","","",""
"https://onlinecatalogue.electronicachina.com.cn/Public/Uploads/uploadfile/images/20260323/eClogoShanghai776x328EN-527.png","GG Wires Technology(Shanghai)Co., Ltd.","Austria","W2.353","https://onlinecatalogue.electronicachina.com.cn/journal/exhibitor/3071","","","","","","","","","","","","","","","",""
"https://onlinecatalogue.electronicachina.com.cn/Public/Uploads/useimg/20250326/GTlogo-595.png","Giantec Semiconductor","China","N5.116","https://onlinecatalogue.electronicachina.com.cn/journal/exhibitor/1329","Semiconductors","Industrial Electronics / Industrial Control","Communication System","Consumer Electronics","Computers & Peripherals","Automotive Electronics and EV","Medical Technology","Electricity and New Energy","Internet of Things (loT)","Household appliances","Mobile phone","","","","",""
"https://onlinecatalogue.electronicachina.com.cn/Public/Uploads/useimg/20260422/logo-422.png","Glan Electronics Co.,Ltd.","China","N2.768","https://onlinecatalogue.electronicachina.com.cn/journal/exhibitor/3116","Passive components (capacitors, resistors, inductors, etc.) and Relays","Industrial Electronics / Industrial Control","Communication System","Consumer Electronics","Computers & Peripherals","Automotive Electronics and EV","Medical Technology","Electricity and New Energy","Artificial Intelligence","Mechanical Engineering","Security & protection system","Lighting engineering","Household appliances","Mobile phone","",""
"https://onlinecatalogue.electronicachina.com.cn/Public/Uploads/uploadfile/images/20260323/eClogoShanghai776x328EN-527.png","GLARUN MICROWAVE DEVICES","China","N3.660","https://onlinecatalogue.electronicachina.com.cn/journal/exhibitor/3528","","","","","","","","","","","","","","","",""
"https://onlinecatalogue.electronicachina.com.cn/Public/Uploads/useimg/20260515/GMtu21.png","Glassmicro (Chongqing) Semiconductor Tech. Co., Ltd.","China","N3.642","https://onlinecatalogue.electronicachina.com.cn/journal/exhibitor/2683","Semiconductors","Industrial Electronics / Industrial Control","Communication System","Artificial Intelligence","Data Center / Cloud Computing","","","","","","","","","","",""
"https://onlinecatalogue.electronicachina.com.cn/Public/Uploads/useimg/20260605/240x120px.png","Global Power Technology Co.,Ltd.","China","N5.528","https://onlinecatalogue.electronicachina.com.cn/journal/exhibitor/1201","Semiconductors","Automotive Electronics and EV","Electricity and New Energy","","","","","","","","","","","","",""
"https://onlinecatalogue.electronicachina.com.cn/Public/Uploads/useimg/20260424/tuxiang12.png","GLOSIC Semiconductor Co.,Ltd","China","N4.561","https://onlinecatalogue.electronicachina.com.cn/journal/exhibitor/2947","Semiconductors","Electronic materials","Industrial Electronics / Industrial Control","Automotive Electronics and EV","Medical Technology","Electricity and New Energy","Data Center / Cloud Computing","Aviation & Space Technology","Military Electronics","Rail Transit","","","","","",""
"https://onlinecatalogue.electronicachina.com.cn/Public/Uploads/uploadfile/images/20260323/eClogoShanghai776x328EN-527.png","GOANWIN","China","W4.313","https://onlinecatalogue.electronicachina.com.cn/journal/exhibitor/3020","Connectors, Switches, Casing technology, Wire Harness, etc","Assemblies and subsystems","Industrial Electronics / Industrial Control","Communication System","Consumer Electronics","Computers & Peripherals","Automotive Electronics and EV","Medical Technology","Electricity and New Energy","Aviation & Space Technology","Military Electronics","Mechanical Engineering","Rail Transit","Household appliances","Mobile phone",""
"https://onlinecatalogue.electronicachina.com.cn/Public/Uploads/useimg/20260519/gaodekejilogo01.jpg","Godetek （Zhejiang） Co.,Ltd.","China","N3.157","https://onlinecatalogue.electronicachina.com.cn/journal/exhibitor/3488","Passive components (capacitors, resistors, inductors, etc.) and Relays","Electronic Manufacturing Services (EMS)","Industrial Electronics / Industrial Control","Communication System","Automotive Electronics and EV","Medical Technology","Electricity and New Energy","Aviation & Space Technology","Military Electronics","Mechanical Engineering","Rail Transit","Security & protection system","Lighting engineering","Intelligent building","Household appliances",""
"https://onlinecatalogue.electronicachina.com.cn/Public/Uploads/uploadfile/images/20260323/eClogoShanghai776x328EN-527.png","Goldenconn Electronics Technology Co.,LTD.","China","W2.329","https://onlinecatalogue.electronicachina.com.cn/journal/exhibitor/1445","","","","","","","","","","","","","","","",""
"https://onlinecatalogue.electronicachina.com.cn/Public/Uploads/useimg/20260407/logo.jpg","GONGDONG VIIYONG ELECTRONIC TECHNOLOGY CO., LTD.","China","N1.617","https://onlinecatalogue.electronicachina.com.cn/journal/exhibitor/896","Semiconductors","Passive components (capacitors, resistors, inductors, etc.) and Relays","Industrial Electronics / Industrial Control","Communication System","Consumer Electronics","Computers & Peripherals","Automotive Electronics and EV","Medical Technology","Electricity and New Energy","Embodied Intelligence","Artificial Intelligence","Data Center / Cloud Computing","Security & protection system","Mobile phone","",""
"https://onlinecatalogue.electronicachina.com.cn/Public/Uploads/useimg/20250220/gongmologo.png","GONGMO Semiconductor","China","N4.850","https://onlinecatalogue.electronicachina.com.cn/journal/exhibitor/1331","Semiconductors","Industrial Electronics / Industrial Control","Communication System","Automotive Electronics and EV","Medical Technology","Electricity and New Energy","Rail Transit","Security & protection system","","","","","","","",""
"https://onlinecatalogue.electronicachina.com.cn/Public/Uploads/uploadfile/images/20260323/eClogoShanghai776x328EN-527.png","good-choice","China","W5.126","https://onlinecatalogue.electronicachina.com.cn/journal/exhibitor/1088","","","","","","","","","","","","","","","",""
"https://onlinecatalogue.electronicachina.com.cn/Public/Uploads/uploadfile/images/20260323/eClogoShanghai776x328EN-527.png","GRANDE","Taiwan, China","N5.917","https://onlinecatalogue.electronicachina.com.cn/journal/exhibitor/1833","","","","","","","","","","","","","","","",""
"https://onlinecatalogue.electronicachina.com.cn/Public/Uploads/uploadfile/images/20260323/eClogoShanghai776x328EN-527.png","GREAT WALL POWER SUPPLY TECHNOLOGY CO.,LTD","China","W5.720","https://onlinecatalogue.electronicachina.com.cn/journal/exhibitor/3365","","","","","","","","","","","","","","","",""
"https://onlinecatalogue.electronicachina.com.cn/Public/Uploads/useimg/20250211/LOGOlan.png","GreatBing Techologies (ShenZhen) Co.,Ltd.","China","W5.626","https://onlinecatalogue.electronicachina.com.cn/journal/exhibitor/2068","Power supplies","Industrial Electronics / Industrial Control","Communication System","Automotive Electronics and EV","Medical Technology","Electricity and New Energy","Military Electronics","Rail Transit","Lighting engineering","","","","","","",""
"https://onlinecatalogue.electronicachina.com.cn/Public/Uploads/useimg/20250205/2221.png","Greenconn Technology (Shenzhen) Co., Ltd.","China","W2.529","https://onlinecatalogue.electronicachina.com.cn/journal/exhibitor/1446","Connectors, Switches, Casing technology, Wire Harness, etc","Industrial Electronics / Industrial Control","Communication System","Consumer Electronics","Computers & Peripherals","Automotive Electronics and EV","Medical Technology","Electricity and New Energy","Internet of Things (loT)","Mechanical Engineering","Rail Transit","Household appliances","","","",""
"https://onlinecatalogue.electronicachina.com.cn/Public/Uploads/uploadfile/images/20260323/eClogoShanghai776x328EN-527.png","Grinm Metal Composites (Beijing) Co.,Ltd.","China","N3.735","https://onlinecatalogue.electronicachina.com.cn/journal/exhibitor/2920","","","","","","","","","","","","","","","",""
"https://onlinecatalogue.electronicachina.com.cn/Public/Uploads/useimg/20250403/xiniLOGO.png","Guang Dong Seeney Technology Co., Ltd.","China","W5.566","https://onlinecatalogue.electronicachina.com.cn/journal/exhibitor/1900","Semiconductors","Electronic Design (ED/EDA)","Passive components (capacitors, resistors, inductors, etc.) and Relays","Connectors, Switches, Casing technology, Wire Harness, etc","PCBs, other circuit carrier","Electronic Manufacturing Services (EMS)","Electronic materials","Assemblies and subsystems","Automotive and testing","Information gathering and services","Industrial Electronics / Industrial Control","Consumer Electronics","Automotive Electronics and EV","Medical Technology","Electricity and New Energy","Aviation & Space Technology"
"https://onlinecatalogue.electronicachina.com.cn/Public/Uploads/useimg/20260509/xingleiLOGO.jpg","Guang Zhou Star Technology Co., Ltd.","China","N3.768","https://onlinecatalogue.electronicachina.com.cn/journal/exhibitor/2788","Semiconductors","Test and measurement","Industrial Electronics / Industrial Control","Communication System","Consumer Electronics","Automotive Electronics and EV","Electricity and New Energy","Artificial Intelligence","Data Center / Cloud Computing","Aviation & Space Technology","Military Electronics","Mobile phone","","","",""
"https://onlinecatalogue.electronicachina.com.cn/Public/Uploads/uploadfile/images/20260323/eClogoShanghai776x328EN-527.png","Guangde Dongfeng Electronics Co. Ltd","China","W4.625","https://onlinecatalogue.electronicachina.com.cn/journal/exhibitor/2414","","","","","","","","","","","","","","","",""
"https://onlinecatalogue.electronicachina.com.cn/Public/Uploads/uploadfile/images/20260323/eClogoShanghai776x328EN-527.png","Guangdong Ailiante Technology Co., Ltd.","China","N2.365","https://onlinecatalogue.electronicachina.com.cn/journal/exhibitor/2838","","","","","","","","","","","","","","","",""
"https://onlinecatalogue.electronicachina.com.cn/Public/Uploads/useimg/20250307/logo.png","Guangdong Aote Semiconductor Co.,Ltd","China","N2.255","https://onlinecatalogue.electronicachina.com.cn/journal/exhibitor/1203","Semiconductors","Passive components (capacitors, resistors, inductors, etc.) and Relays","Industrial Electronics / Industrial Control","Communication System","Consumer Electronics","Computers & Peripherals","Automotive Electronics and EV","Medical Technology","Electricity and New Energy","Household appliances","","","","","",""
"https://onlinecatalogue.electronicachina.com.cn/Public/Uploads/useimg/20250203/1junyakeji.png","GUANGDONG CHAMPION ASIA ELECTRONICS CO.,LTD","China","N3.527","https://onlinecatalogue.electronicachina.com.cn/journal/exhibitor/1673","Semiconductors","Test and measurement","Power supplies","PCBs, other circuit carrier","Industrial Electronics / Industrial Control","Communication System","Consumer Electronics","Computers & Peripherals","Automotive Electronics and EV","Medical Technology","Electricity and New Energy","Internet of Things (loT)","Aviation & Space Technology","Military Electronics","Mechanical Engineering","Rail Transit"
"https://onlinecatalogue.electronicachina.com.cn/Public/Uploads/uploadfile/images/20260323/eClogoShanghai776x328EN-527.png","GUANGDONG CHAMPION ELECTRONIC TECHNOLOGY CO., LTD.","China","W5.752","https://onlinecatalogue.electronicachina.com.cn/journal/exhibitor/1936","Sensor technology","Passive components (capacitors, resistors, inductors, etc.) and Relays","Power supplies","PCBs, other circuit carrier","Automotive and testing","Information gathering and services","Industrial Electronics / Industrial Control","Communication System","Consumer Electronics","Automotive Electronics and EV","Electricity and New Energy","Aviation & Space Technology","Security & protection system","Lighting engineering","Household appliances",""
"https://onlinecatalogue.electronicachina.com.cn/Public/Uploads/useimg/20260511/ZGYLOGO.png","Guangdong Chau Light Infrared Semiconductor Co., Ltd.","China","N3.836","https://onlinecatalogue.electronicachina.com.cn/journal/exhibitor/3399","Semiconductors","Sensor technology","Connectors, Switches, Casing technology, Wire Harness, etc","Industrial Electronics / Industrial Control","Communication System","Consumer Electronics","Automotive Electronics and EV","Medical Technology","Internet of Things (loT)","Artificial Intelligence","Aviation & Space Technology","Military Electronics","Mechanical Engineering","Rail Transit","Security & protection system","Lighting engineering"
"https://onlinecatalogue.electronicachina.com.cn/Public/Uploads/useimg/20250408/1744026998670-20.png","Guangdong Chuangyue Technology Co., Ltd.","China","W4.385","https://onlinecatalogue.electronicachina.com.cn/journal/exhibitor/1974","Connectors, Switches, Casing technology, Wire Harness, etc","PCBs, other circuit carrier","Automotive and testing","Industrial Electronics / Industrial Control","Communication System","Consumer Electronics","Computers & Peripherals","Automotive Electronics and EV","Internet of Things (loT)","Military Electronics","Lighting engineering","Intelligent building","Household appliances","Mobile phone","",""
"https://onlinecatalogue.electronicachina.com.cn/Public/Uploads/useimg/20260323/DONElogodonglingdianzi1.png","GUANGDONG DONE ELECTRONIC TECHNOLOGY CO., LTD.","China","W5.726","https://onlinecatalogue.electronicachina.com.cn/journal/exhibitor/3096","Power supplies","Industrial Electronics / Industrial Control","Consumer Electronics","Medical Technology","Electricity and New Energy","Artificial Intelligence","Mechanical Engineering","Security & protection system","Lighting engineering","Intelligent building","","","","","",""
"https://onlinecatalogue.electronicachina.com.cn/Public/Uploads/useimg/20250221/yijiebiaozhi.jpg","Guangdong EBG Electronics co.,Ltd","China","N2.369","https://onlinecatalogue.electronicachina.com.cn/journal/exhibitor/980","Passive components (capacitors, resistors, inductors, etc.) and Relays","Industrial Electronics / Industrial Control","Communication System","Automotive Electronics and EV","Medical Technology","Electricity and New Energy","Aviation & Space Technology","Military Electronics","Mechanical Engineering","Rail Transit","Security & protection system","","","","",""
"https://onlinecatalogue.electronicachina.com.cn/Public/Uploads/useimg/20250303/yidunlogo.jpg","Guangdong Ellington Electronic Technology Co.,Ltd","China","N3.311","https://onlinecatalogue.electronicachina.com.cn/journal/exhibitor/1674","PCBs, other circuit carrier","Industrial Electronics / Industrial Control","Communication System","Automotive Electronics and EV","Medical Technology","Electricity and New Energy","","","","","","","","","",""
"https://onlinecatalogue.electronicachina.com.cn/Public/Uploads/useimg/20250305/hengchangquan01.png","Guangdong Faith Long Crystal Technology Co., Ltd","China","N2.630","https://onlinecatalogue.electronicachina.com.cn/journal/exhibitor/981","Semiconductors","Industrial Electronics / Industrial Control","Communication System","Consumer Electronics","Computers & Peripherals","Automotive Electronics and EV","Medical Technology","Electricity and New Energy","Internet of Things (loT)","Aviation & Space Technology","Military Electronics","Mechanical Engineering","Rail Transit","Security & protection system","Lighting engineering","Intelligent building"
"https://onlinecatalogue.electronicachina.com.cn/Public/Uploads/useimg/20260414/fenghuagaokeLOGO0521-978.png","Guangdong Fenghua Advanced Technology Holding Co.,Ltd.","China","N1.605","https://onlinecatalogue.electronicachina.com.cn/journal/exhibitor/897","Passive components (capacitors, resistors, inductors, etc.) and Relays","Industrial Electronics / Industrial Control","Communication System","Consumer Electronics","Computers & Peripherals","Automotive Electronics and EV","Medical Technology","Electricity and New Energy","Internet of Things (loT)","Security & protection system","Lighting engineering","Intelligent building","Household appliances","Mobile phone","Others, please indicate",""
"https://onlinecatalogue.electronicachina.com.cn/Public/Uploads/useimg/20250212/logo.png","Guangdong Fengming Electronica Tech. Co.,Ltd.","China","N2.532","https://onlinecatalogue.electronicachina.com.cn/journal/exhibitor/982","Passive components (capacitors, resistors, inductors, etc.) and Relays","Electricity and New Energy","Household appliances","","","","","","","","","","","","",""
"https://onlinecatalogue.electronicachina.com.cn/Public/Uploads/uploadfile/images/20260323/eClogoShanghai776x328EN-527.png","Guangdong Futian Electric Co., Ltd.","China","N2.146","https://onlinecatalogue.electronicachina.com.cn/journal/exhibitor/2689","","","","","","","","","","","","","","","",""
"https://onlinecatalogue.electronicachina.com.cn/Public/Uploads/useimg/20260331/GTGguangcejituanlogo240x120px.png","Guangdong Global Testing Group Co.,Ltd","China","W4.586","https://onlinecatalogue.electronicachina.com.cn/journal/exhibitor/3298","Test and measurement","Other, please indicate","Communication System","Consumer Electronics","Computers & Peripherals","Internet of Things (loT)","Embodied Intelligence","Artificial Intelligence","Data Center / Cloud Computing","Security & protection system","Household appliances","Mobile phone","","","",""
"https://onlinecatalogue.electronicachina.com.cn/Public/Uploads/useimg/20260512/huanjingtu04.jpg","Guangdong Guoke Electronic Technology Co., Ltd.","China","N2.378","https://onlinecatalogue.electronicachina.com.cn/journal/exhibitor/2819","Passive components (capacitors, resistors, inductors, etc.) and Relays","Power supplies","Artificial intelligence technology","Industrial Electronics / Industrial Control","Communication System","Consumer Electronics","Automotive Electronics and EV","Electricity and New Energy","Artificial Intelligence","Security & protection system","Lighting engineering","Household appliances","","","",""
"https://onlinecatalogue.electronicachina.com.cn/Public/Uploads/useimg/20260511/LOGO.png","GUANGDONG GUOLIAN ELECTRONICS CO.,LTD","China","W4.370","https://onlinecatalogue.electronicachina.com.cn/journal/exhibitor/769","Connectors, Switches, Casing technology, Wire Harness, etc","Information gathering and services","Industrial Electronics / Industrial Control","Communication System","Consumer Electronics","Computers & Peripherals","Automotive Electronics and EV","Medical Technology","Electricity and New Energy","Security & protection system","Lighting engineering","Intelligent building","Household appliances","Mobile phone","",""
"https://onlinecatalogue.electronicachina.com.cn/Public/Uploads/uploadfile/images/20260323/eClogoShanghai776x328EN-527.png","Guangdong Hengjia Sheng Industrial Co.,Ltd","China","N3.725","https://onlinecatalogue.electronicachina.com.cn/journal/exhibitor/983","","","","","","","","","","","","","","","",""
"https://onlinecatalogue.electronicachina.com.cn/Public/Uploads/uploadfile/images/20260323/eClogoShanghai776x328EN-527.png","Guangdong Honghaosheng Electronics Co.,Ltd","China","W5.116","https://onlinecatalogue.electronicachina.com.cn/journal/exhibitor/3547","","","","","","","","","","","","","","","",""
"https://onlinecatalogue.electronicachina.com.cn/Public/Uploads/useimg/20260205/weibiaoti1.png","Guangdong Hongtuo Instrument Technology Co.,Ltd","China","W5.560","https://onlinecatalogue.electronicachina.com.cn/journal/exhibitor/3104","Test and measurement","Automotive and testing","Industrial Electronics / Industrial Control","Communication System","Consumer Electronics","Computers & Peripherals","Automotive Electronics and EV","Medical Technology","Electricity and New Energy","Internet of Things (loT)","Embodied Intelligence","Artificial Intelligence","Data Center / Cloud Computing","Aviation & Space Technology","Military Electronics","Mechanical Engineering"
"https://onlinecatalogue.electronicachina.com.cn/Public/Uploads/useimg/20260409/logo.png","Guangdong Hottech Industrial Co., Ltd.","China","N4.309","https://onlinecatalogue.electronicachina.com.cn/journal/exhibitor/1204","Semiconductors","Passive components (capacitors, resistors, inductors, etc.) and Relays","Electronic materials","Industrial Electronics / Industrial Control","Communication System","Consumer Electronics","Automotive Electronics and EV","Electricity and New Energy","Artificial Intelligence","Household appliances","","","","","",""
"https://onlinecatalogue.electronicachina.com.cn/Public/Uploads/uploadfile/images/20260323/eClogoShanghai776x328EN-527.png","Guangdong Houwei Electronics Co., Ltd.","China","W2.750","https://onlinecatalogue.electronicachina.com.cn/journal/exhibitor/1559","","","","","","","","","","","","","","","",""
"https://onlinecatalogue.electronicachina.com.cn/Public/Uploads/useimg/20250303/huaguanLOGO240120.png","Guangdong Huaguan Semiconductor Co.,Ltd","China","N5.655","https://onlinecatalogue.electronicachina.com.cn/journal/exhibitor/1332","Semiconductors","Embedded systems","Electronic Design (ED/EDA)","Automotive and testing","Information gathering and services","Industrial Electronics / Industrial Control","Communication System","Consumer Electronics","Computers & Peripherals","Automotive Electronics and EV","Medical Technology","Electricity and New Energy","Internet of Things (loT)","Mechanical Engineering","Rail Transit","Security & protection system"
"https://onlinecatalogue.electronicachina.com.cn/Public/Uploads/useimg/20260418/huixindianziLOGOzhanhui-227.png","GUANGDONG HUIXIN ELECTRONICS TECHNOLOGY CO., LTD.","China","N4.101","https://onlinecatalogue.electronicachina.com.cn/journal/exhibitor/1205","Semiconductors","Industrial Electronics / Industrial Control","Communication System","Consumer Electronics","Computers & Peripherals","Automotive Electronics and EV","Medical Technology","Electricity and New Energy","Internet of Things (loT)","Embodied Intelligence","Artificial Intelligence","Data Center / Cloud Computing","Aviation & Space Technology","Military Electronics","Mechanical Engineering","Rail Transit"
"https://onlinecatalogue.electronicachina.com.cn/Public/Uploads/useimg/20250224/jidejingmi240x120.png","GUANGDONG JIDE PRECISION ELECTRONICS CO.,LTD","China","W2.333","https://onlinecatalogue.electronicachina.com.cn/journal/exhibitor/2004","Embedded systems","Displays","Electronic Design (ED/EDA)","Connectors, Switches, Casing technology, Wire Harness, etc","PCBs, other circuit carrier","Assemblies and subsystems","Automotive and testing","Artificial intelligence technology","Information gathering and services","Industrial Electronics / Industrial Control","Communication System","Consumer Electronics","Computers & Peripherals","Automotive Electronics and EV","Medical Technology","Electricity and New Energy"
"https://onlinecatalogue.electronicachina.com.cn/Public/Uploads/useimg/20260521/1779351708989.jpg","Guangdong Jiegou New Materials Co., Ltd","China","W5.859","https://onlinecatalogue.electronicachina.com.cn/journal/exhibitor/2697","Electronic materials","Industrial Electronics / Industrial Control","Communication System","Consumer Electronics","Automotive Electronics and EV","Electricity and New Energy","Aviation & Space Technology","Military Electronics","Lighting engineering","","","","","","",""
"https://onlinecatalogue.electronicachina.com.cn/Public/Uploads/useimg/20260506/LOGO-515.jpg","Guangdong Jinyan Electrical Appliance Technology Co.,Ltd.","China","N1.761","https://onlinecatalogue.electronicachina.com.cn/journal/exhibitor/2907","Other, please indicate","Consumer Electronics","Automotive Electronics and EV","Medical Technology","Electricity and New Energy","Embodied Intelligence","Artificial Intelligence","Aviation & Space Technology","Household appliances","","","","","","",""
"https://onlinecatalogue.electronicachina.com.cn/Public/Uploads/uploadfile/images/20260323/eClogoShanghai776x328EN-527.png","Guangdong Kangrong High-tech New Material Co.,LTD","China","N2.164","https://onlinecatalogue.electronicachina.com.cn/journal/exhibitor/899","","","","","","","","","","","","","","","",""
"https://onlinecatalogue.electronicachina.com.cn/Public/Uploads/useimg/20260510/IMG069020230409105137.JPG","Guangdong Kelang Precision Industry Co., Ltd","China","W2.260","https://onlinecatalogue.electronicachina.com.cn/journal/exhibitor/2776","Connectors, Switches, Casing technology, Wire Harness, etc","Electronic Manufacturing Services (EMS)","Assemblies and subsystems","Automotive and testing","Artificial intelligence technology","Information gathering and services","Industrial Electronics / Industrial Control","Communication System","Consumer Electronics","Computers & Peripherals","Automotive Electronics and EV","Medical Technology","Electricity and New Energy","Internet of Things (loT)","Artificial Intelligence","Rail Transit"
"https://onlinecatalogue.electronicachina.com.cn/Public/Uploads/uploadfile/images/20260323/eClogoShanghai776x328EN-527.png","GuangDong Kexin Electronic Co.,Ltd.","China","N5.553","https://onlinecatalogue.electronicachina.com.cn/journal/exhibitor/1206","","","","","","","","","","","","","","","",""
"https://onlinecatalogue.electronicachina.com.cn/Public/Uploads/useimg/20260209/.1-632.png","Guangdong KKChips Automotive Electronics Tech Co., Ltd.","China","N4.830","https://onlinecatalogue.electronicachina.com.cn/journal/exhibitor/1845","Semiconductors","Automotive Electronics and EV","","","","","","","","","","","","","",""
"https://onlinecatalogue.electronicachina.com.cn/Public/Uploads/uploadfile/images/20260323/eClogoShanghai776x328EN-527.png","GUANGDONG LAISITEST EOUIPMENT CO., LTD.","China","W5.650","https://onlinecatalogue.electronicachina.com.cn/journal/exhibitor/1935","","","","","","","","","","","","","","","",""
"https://onlinecatalogue.electronicachina.com.cn/Public/Uploads/useimg/20260324/LD.jpg","Guangdong Lidian Connection Technology Co.,Ltd","China","W4.251","https://onlinecatalogue.electronicachina.com.cn/journal/exhibitor/3087","Connectors, Switches, Casing technology, Wire Harness, etc","Industrial Electronics / Industrial Control","Automotive Electronics and EV","Medical Technology","Electricity and New Energy","Aviation & Space Technology","Military Electronics","Mechanical Engineering","Rail Transit","","","","","","",""
"https://onlinecatalogue.electronicachina.com.cn/Public/Uploads/useimg/20250113/baidi.jpg","Guangdong Lingxun Microelectronics Co.,LTD","China","N4.753","https://onlinecatalogue.electronicachina.com.cn/journal/exhibitor/1207","Semiconductors","Consumer Electronics","Automotive Electronics and EV","Electricity and New Energy","Internet of Things (loT)","Security & protection system","Lighting engineering","Household appliances","Mobile phone","Others, please indicate","","","","","",""
"https://onlinecatalogue.electronicachina.com.cn/Public/Uploads/uploadfile/images/20260323/eClogoShanghai776x328EN-527.png","GUANGDONG LIYI TECHNOLOGY CO.,LTD","China","W5.908","https://onlinecatalogue.electronicachina.com.cn/journal/exhibitor/2059","","","","","","","","","","","","","","","",""
"https://onlinecatalogue.electronicachina.com.cn/Public/Uploads/uploadfile/images/20260323/eClogoShanghai776x328EN-527.png","Guangdong Menlo Electric Power CO.,LTD","China","N2.160","https://onlinecatalogue.electronicachina.com.cn/journal/exhibitor/984","Passive components (capacitors, resistors, inductors, etc.) and Relays","Industrial Electronics / Industrial Control","Consumer Electronics","Automotive Electronics and EV","Medical Technology","Electricity and New Energy","Aviation & Space Technology","Military Electronics","Mechanical Engineering","Rail Transit","Security & protection system","Intelligent building","Household appliances","","",""
"https://onlinecatalogue.electronicachina.com.cn/Public/Uploads/useimg/20250225/guangdongchangxiaoyingbandaoti.jpg","GuangDong Mosfet Semiconductor Co., Ltd.","China","N5.541","https://onlinecatalogue.electronicachina.com.cn/journal/exhibitor/1208","Semiconductors","Information gathering and services","Industrial Electronics / Industrial Control","Communication System","Consumer Electronics","Computers & Peripherals","Automotive Electronics and EV","Medical Technology","Electricity and New Energy","Artificial Intelligence","Mechanical Engineering","Security & protection system","Lighting engineering","Intelligent building","Household appliances","Mobile phone"
"https://onlinecatalogue.electronicachina.com.cn/Public/Uploads/useimg/20260408/3b8d0132e06e9938f38988318647cea2.png","Guangdong MZF Interconnection Co.,Ltd.","China","W3.349","https://onlinecatalogue.electronicachina.com.cn/journal/exhibitor/2679","Connectors, Switches, Casing technology, Wire Harness, etc","Communication System","Data Center / Cloud Computing","Military Electronics","Rail Transit","Security & protection system","","","","","","","","","",""
"https://onlinecatalogue.electronicachina.com.cn/Public/Uploads/useimg/20260605/wangzhanLOGOcaise.png","Guangdong PLSUN Connection Technology Co., Ltd.","China","W3.838","https://onlinecatalogue.electronicachina.com.cn/journal/exhibitor/3128","Connectors, Switches, Casing technology, Wire Harness, etc","Industrial Electronics / Industrial Control","Consumer Electronics","Medical Technology","Electricity and New Energy","Embodied Intelligence","Security & protection system","Lighting engineering","Household appliances","","","","","","",""
"https://onlinecatalogue.electronicachina.com.cn/Public/Uploads/uploadfile/images/20260323/eClogoShanghai776x328EN-527.png","GUANGDONG QIANFENG ELECTRICAL CO.,LTD","China","W2.728","https://onlinecatalogue.electronicachina.com.cn/journal/exhibitor/2931","","","","","","","","","","","","","","","",""
"https://onlinecatalogue.electronicachina.com.cn/Public/Uploads/useimg/20260331/weibiaoti1.png","Guangdong Qianwei Precision Connector Co., Ltd.","China","W1.541","https://onlinecatalogue.electronicachina.com.cn/journal/exhibitor/1448","Semiconductors","Embedded systems","Displays","Micronano-systems (MEMS, etc.)","Sensor technology","Test and measurement","Electronic Design (ED/EDA)","Passive components (capacitors, resistors, inductors, etc.) and Relays","Connectors, Switches, Casing technology, Wire Harness, etc","Power supplies","PCBs, other circuit carrier","Assemblies and subsystems","Automotive and testing","Wireless","Artificial intelligence technology","Information gathering and services"
"https://onlinecatalogue.electronicachina.com.cn/Public/Uploads/useimg/20250317/LOGOxin.png","Guangdong Qianyi Industrial Co., Ltd","China","W4.610","https://onlinecatalogue.electronicachina.com.cn/journal/exhibitor/1983","Electronic Design (ED/EDA)","Connectors, Switches, Casing technology, Wire Harness, etc","Power supplies","Information gathering and services","Industrial Electronics / Industrial Control","Communication System","Consumer Electronics","Computers & Peripherals","Automotive Electronics and EV","Medical Technology","Electricity and New Energy","Aviation & Space Technology","Military Electronics","Mechanical Engineering","Rail Transit","Security & protection system"
"https://onlinecatalogue.electronicachina.com.cn/Public/Uploads/useimg/20250407/PNGwubeijing.jpg","GUANGDONG RIZHAN HIGH WIRE CO.,LTD","China","W3.735","https://onlinecatalogue.electronicachina.com.cn/journal/exhibitor/1449","Other, please indicate","Industrial Electronics / Industrial Control","Communication System","Consumer Electronics","Automotive Electronics and EV","Medical Technology","Electricity and New Energy","Aviation & Space Technology","Military Electronics","Mechanical Engineering","Rail Transit","Security & protection system","Lighting engineering","Household appliances","",""
"https://onlinecatalogue.electronicachina.com.cn/Public/Uploads/uploadfile/images/20260323/eClogoShanghai776x328EN-527.png","GUANGDONG SHENYIDA ELECTRONIC TECHNOLOGY CO., LTD.","China","W5.650","https://onlinecatalogue.electronicachina.com.cn/journal/exhibitor/3314","","","","","","","","","","","","","","","",""
"https://onlinecatalogue.electronicachina.com.cn/Public/Uploads/useimg/20250220/LOGO01.jpg","GUANGDONG SHIKUES MICRO INDUSTRIAL CO.,LTD","China","N4.340","https://onlinecatalogue.electronicachina.com.cn/journal/exhibitor/1209","Semiconductors","Electronic Design (ED/EDA)","Power supplies","Information gathering and services","Industrial Electronics / Industrial Control","Communication System","Consumer Electronics","Computers & Peripherals","Automotive Electronics and EV","Medical Technology","Electricity and New Energy","Internet of Things (loT)","Aviation & Space Technology","Military Electronics","Mechanical Engineering","Rail Transit"
"https://onlinecatalogue.electronicachina.com.cn/Public/Uploads/useimg/20250314/songtiandiangonglogo2023625.jpg","Guangdong Suntek Wire Co., Ltd.","China","N1.850","https://onlinecatalogue.electronicachina.com.cn/journal/exhibitor/901","Semiconductors","Embedded systems","Displays","Micronano-systems (MEMS, etc.)","Sensor technology","Test and measurement","Electronic Design (ED/EDA)","Passive components (capacitors, resistors, inductors, etc.) and Relays","Connectors, Switches, Casing technology, Wire Harness, etc","Power supplies","PCBs, other circuit carrier","Assemblies and subsystems","Automotive and testing","Wireless","Artificial intelligence technology","Information gathering and services"
"https://onlinecatalogue.electronicachina.com.cn/Public/Uploads/useimg/20250409/tu-938.jpg","GuangDong TOPAZCON Electronic Technology Co.,Ltd","China","N2.205","https://onlinecatalogue.electronicachina.com.cn/journal/exhibitor/986","Passive components (capacitors, resistors, inductors, etc.) and Relays","Industrial Electronics / Industrial Control","Communication System","Consumer Electronics","Computers & Peripherals","Automotive Electronics and EV","Electricity and New Energy","","","","","","","","",""
"https://onlinecatalogue.electronicachina.com.cn/Public/Uploads/useimg/20250218/e35bb38a8f1537921a0f3b33e50dcfb.png","Guangdong U.K Testing & certification co., Ltd.","China","N2.651","https://onlinecatalogue.electronicachina.com.cn/journal/exhibitor/1675","Passive components (capacitors, resistors, inductors, etc.) and Relays","Automotive and testing","Automotive Electronics and EV","Electricity and New Energy","Aviation & Space Technology","Military Electronics","","","","","","","","","",""
"https://onlinecatalogue.electronicachina.com.cn/Public/Uploads/useimg/20250222/13b4390c68496e5fb160af4a18143ea.jpg","Guangdong Wanci Technology Co., Ltd","China","N2.109","https://onlinecatalogue.electronicachina.com.cn/journal/exhibitor/987","Semiconductors","Electronic Design (ED/EDA)","Passive components (capacitors, resistors, inductors, etc.) and Relays","Power supplies","PCBs, other circuit carrier","Automotive and testing","Information gathering and services","Industrial Electronics / Industrial Control","Communication System","Consumer Electronics","Computers & Peripherals","Automotive Electronics and EV","Medical Technology","Electricity and New Energy","Internet of Things (loT)","Aviation & Space Technology"
"https://onlinecatalogue.electronicachina.com.cn/Public/Uploads/uploadfile/images/20260323/eClogoShanghai776x328EN-527.png","Guangdong Weimintong Electronic Technology Co., Ltd.","China","N3.155","https://onlinecatalogue.electronicachina.com.cn/journal/exhibitor/2779","Sensor technology","Communication System","Consumer Electronics","Automotive Electronics and EV","Medical Technology","Electricity and New Energy","Internet of Things (loT)","Artificial Intelligence","Security & protection system","Lighting engineering","Household appliances","","","","",""
"https://onlinecatalogue.electronicachina.com.cn/Public/Uploads/useimg/20260519/logo-433.png","Guangdong World Precision Technology Co., Ltd.","China","W1.753","https://onlinecatalogue.electronicachina.com.cn/journal/exhibitor/3502","Electronic Design (ED/EDA)","Automotive and testing","Artificial intelligence technology","Other, please indicate","Industrial Electronics / Industrial Control","Consumer Electronics","Computers & Peripherals","Automotive Electronics and EV","Medical Technology","Electricity and New Energy","Aviation & Space Technology","Military Electronics","Household appliances","Mobile phone","",""
"https://onlinecatalogue.electronicachina.com.cn/Public/Uploads/useimg/20260324/6e771f44009df8c242eb76b2b57c66af.jpg","Guangdong Xinsimai Semicondutor Co.,Ltd","China","N3.764","https://onlinecatalogue.electronicachina.com.cn/journal/exhibitor/2682","Semiconductors","Test and measurement","Electronic Manufacturing Services (EMS)","Electronic materials","Industrial Electronics / Industrial Control","Consumer Electronics","Automotive Electronics and EV","Electricity and New Energy","","","","","","","",""
"https://onlinecatalogue.electronicachina.com.cn/Public/Uploads/uploadfile/images/20260323/eClogoShanghai776x328EN-527.png","Guangdong Yilian Electronic Technology Co., Ltd.","China","W4.270","https://onlinecatalogue.electronicachina.com.cn/journal/exhibitor/3285","","","","","","","","","","","","","","","",""
"https://onlinecatalogue.electronicachina.com.cn/Public/Uploads/useimg/20260601/c2093deff039ed2691e9e1e0fee39cc1.png","Guangdong Yonghua Technology Co.,Ltd","China","W3.361","https://onlinecatalogue.electronicachina.com.cn/journal/exhibitor/3334","Connectors, Switches, Casing technology, Wire Harness, etc","Electronic materials","Other, please indicate","Industrial Electronics / Industrial Control","Communication System","Consumer Electronics","Computers & Peripherals","Automotive Electronics and EV","Medical Technology","Electricity and New Energy","Internet of Things (loT)","Embodied Intelligence","Artificial Intelligence","Data Center / Cloud Computing","Aviation & Space Technology","Military Electronics"
"https://onlinecatalogue.electronicachina.com.cn/Public/Uploads/useimg/20250208/logotubiaobufenpng.png","Guangdong YOZHO Technology CO.,LTD","China","W5.643","https://onlinecatalogue.electronicachina.com.cn/journal/exhibitor/1803","Other, please indicate","Industrial Electronics / Industrial Control","Communication System","Consumer Electronics","Computers & Peripherals","Automotive Electronics and EV","Medical Technology","Electricity and New Energy","Aviation & Space Technology","Military Electronics","Mechanical Engineering","Rail Transit","Security & protection system","Lighting engineering","Intelligent building","Household appliances"
"https://onlinecatalogue.electronicachina.com.cn/Public/Uploads/useimg/20260525/240.jpg","Guangdong Yuanyao Test Equipment Co.,Ltd.","China","N3.121","https://onlinecatalogue.electronicachina.com.cn/journal/exhibitor/3209","Test and measurement","Industrial Electronics / Industrial Control","Communication System","Consumer Electronics","Computers & Peripherals","Automotive Electronics and EV","Medical Technology","Electricity and New Energy","Internet of Things (loT)","Embodied Intelligence","Artificial Intelligence","Data Center / Cloud Computing","Military Electronics","Mechanical Engineering","Rail Transit","Security & protection system"
"https://onlinecatalogue.electronicachina.com.cn/Public/Uploads/useimg/20260228/logo1.png","Guangdong Zhongzhi Testing Instruments Co. , Ltd","China","W5.353","https://onlinecatalogue.electronicachina.com.cn/journal/exhibitor/1092","Semiconductors","Displays","Sensor technology","Test and measurement","Electronic Design (ED/EDA)","Passive components (capacitors, resistors, inductors, etc.) and Relays","Connectors, Switches, Casing technology, Wire Harness, etc","PCBs, other circuit carrier","Electronic materials","Automotive and testing","Information gathering and services","Industrial Electronics / Industrial Control","Communication System","Consumer Electronics","Automotive Electronics and EV","Electricity and New Energy"
"https://onlinecatalogue.electronicachina.com.cn/Public/Uploads/uploadfile/images/20260323/eClogoShanghai776x328EN-527.png","Guangzhou 3Think Semiconductor Co., Ltd.","China","N5.161","https://onlinecatalogue.electronicachina.com.cn/journal/exhibitor/3179","","","","","","","","","","","","","","","",""
"https://onlinecatalogue.electronicachina.com.cn/Public/Uploads/useimg/20250314/AIPUPOWERLOGOshejifangandinggao1R.png","Guangzhou Aipu Electron Technology Co.,Ltd.","China","W5.513","https://onlinecatalogue.electronicachina.com.cn/journal/exhibitor/1093","Power supplies","Industrial Electronics / Industrial Control","Communication System","Automotive Electronics and EV","Medical Technology","Electricity and New Energy","Internet of Things (loT)","Rail Transit","Security & protection system","Others, please indicate","","","","","",""
"https://onlinecatalogue.electronicachina.com.cn/Public/Uploads/uploadfile/images/20260323/eClogoShanghai776x328EN-527.png","Guangzhou Baizhuang New Materials Co., Ltd","China","W5.736","https://onlinecatalogue.electronicachina.com.cn/journal/exhibitor/2558","","","","","","","","","","","","","","","",""
"https://onlinecatalogue.electronicachina.com.cn/Public/Uploads/uploadfile/images/20260323/eClogoShanghai776x328EN-527.png","Guangzhou Bocang Data Technology Co., Ltd","China","W5.211","https://onlinecatalogue.electronicachina.com.cn/journal/exhibitor/2704","","","","","","","","","","","","","","","",""
"https://onlinecatalogue.electronicachina.com.cn/Public/Uploads/uploadfile/images/20260323/eClogoShanghai776x328EN-527.png","Guangzhou Chuangerli Electronics Co., Ltd.","China","W5.373","https://onlinecatalogue.electronicachina.com.cn/journal/exhibitor/3647","","","","","","","","","","","","","","","",""
"https://onlinecatalogue.electronicachina.com.cn/Public/Uploads/uploadfile/images/20260323/eClogoShanghai776x328EN-527.png","Guangzhou Chuantuo Electronic Technology Co.,Ltd.","China","W3.360","https://onlinecatalogue.electronicachina.com.cn/journal/exhibitor/3515","","","","","","","","","","","","","","","",""
"https://onlinecatalogue.electronicachina.com.cn/Public/Uploads/useimg/20260522/2-796.png","Guangzhou Easy Touch Technology Co., Limited","China","N2.268","https://onlinecatalogue.electronicachina.com.cn/journal/exhibitor/2735","Displays","Connectors, Switches, Casing technology, Wire Harness, etc","PCBs, other circuit carrier","Industrial Electronics / Industrial Control","Communication System","Consumer Electronics","Computers & Peripherals","Medical Technology","Artificial Intelligence","Aviation & Space Technology","Military Electronics","Rail Transit","Intelligent building","","",""
"https://onlinecatalogue.electronicachina.com.cn/Public/Uploads/uploadfile/images/20260323/eClogoShanghai776x328EN-527.png","Guangzhou Evercolors Electronics Technology Co.,Ltd.","China","N3.133","https://onlinecatalogue.electronicachina.com.cn/journal/exhibitor/2800","","","","","","","","","","","","","","","",""
"https://onlinecatalogue.electronicachina.com.cn/Public/Uploads/uploadfile/images/20260323/eClogoShanghai776x328EN-527.png","Guangzhou FeiHong Semiconductor Co.，Ltd.","China","N4.226","https://onlinecatalogue.electronicachina.com.cn/journal/exhibitor/1210","","","","","","","","","","","","","","","",""
"https://onlinecatalogue.electronicachina.com.cn/Public/Uploads/useimg/20250217/shangbiao.jpg","Guangzhou jinyingda Industrial Co., Ltd","China","N2.848","https://onlinecatalogue.electronicachina.com.cn/journal/exhibitor/1918","Sensor technology","Passive components (capacitors, resistors, inductors, etc.) and Relays","Information gathering and services","Other, please indicate","Industrial Electronics / Industrial Control","Communication System","Consumer Electronics","Computers & Peripherals","Automotive Electronics and EV","Medical Technology","Electricity and New Energy","Security & protection system","Lighting engineering","Household appliances","Mobile phone",""
"https://onlinecatalogue.electronicachina.com.cn/Public/Uploads/uploadfile/images/20260323/eClogoShanghai776x328EN-527.png","Guangzhou Jointas Chemical Co., Ltd","China","N3.587","https://onlinecatalogue.electronicachina.com.cn/journal/exhibitor/3434","","","","","","","","","","","","","","","",""
"https://onlinecatalogue.electronicachina.com.cn/Public/Uploads/useimg/20250224/kailidazhengqueLOGO.png","Guangzhou Kailitech Electronics Co. Ltd.","China","N2.668","https://onlinecatalogue.electronicachina.com.cn/journal/exhibitor/2442","Sensor technology","Passive components (capacitors, resistors, inductors, etc.) and Relays","Information gathering and services","Industrial Electronics / Industrial Control","Communication System","Consumer Electronics","Computers & Peripherals","Automotive Electronics and EV","Medical Technology","Artificial Intelligence","Mechanical Engineering","Security & protection system","Household appliances","","",""
"https://onlinecatalogue.electronicachina.com.cn/Public/Uploads/useimg/20260527/gongsiLOGOditu.png","Guangzhou Kehorss Electronics Co., Ltd.","China","W4.725","https://onlinecatalogue.electronicachina.com.cn/journal/exhibitor/3581","Electronic Manufacturing Services (EMS)","Industrial Electronics / Industrial Control","Communication System","Consumer Electronics","Computers & Peripherals","Electricity and New Energy","Internet of Things (loT)","Artificial Intelligence","Aviation & Space Technology","Security & protection system","Intelligent building","Household appliances","","","",""
"https://onlinecatalogue.electronicachina.com.cn/Public/Uploads/uploadfile/images/20260323/eClogoShanghai776x328EN-527.png","Guangzhou KLC Cleantech Co.,Ltd.","China","N3.856","https://onlinecatalogue.electronicachina.com.cn/journal/exhibitor/2811","","","","","","","","","","","","","","","",""
"https://onlinecatalogue.electronicachina.com.cn/Public/Uploads/uploadfile/images/20260323/eClogoShanghai776x328EN-527.png","GUANGZHOU NFC TRANSFORMER CO., LTD","China","W5.861","https://onlinecatalogue.electronicachina.com.cn/journal/exhibitor/2700","Power supplies","Other, please indicate","Industrial Electronics / Industrial Control","Communication System","Consumer Electronics","Computers & Peripherals","Automotive Electronics and EV","Medical Technology","Electricity and New Energy","Artificial Intelligence","Aviation & Space Technology","Military Electronics","Mechanical Engineering","Security & protection system","Lighting engineering",""
"https://onlinecatalogue.electronicachina.com.cn/Public/Uploads/useimg/20260205/LOGO240X120.png","Guangzhou Pintech Co.,Ltd.","China","W5.243","https://onlinecatalogue.electronicachina.com.cn/journal/exhibitor/1065","Test and measurement","Industrial Electronics / Industrial Control","Communication System","Consumer Electronics","Computers & Peripherals","Automotive Electronics and EV","Medical Technology","Electricity and New Energy","Artificial Intelligence","Aviation & Space Technology","Military Electronics","Mechanical Engineering","Rail Transit","Lighting engineering","Intelligent building","Household appliances"
"https://onlinecatalogue.electronicachina.com.cn/Public/Uploads/uploadfile/images/20260323/eClogoShanghai776x328EN-527.png","Guangzhou Suntron Electronics Co., Ltd.","China","N5.235","https://onlinecatalogue.electronicachina.com.cn/journal/exhibitor/1211","Semiconductors","Sensor technology","Passive components (capacitors, resistors, inductors, etc.) and Relays","Industrial Electronics / Industrial Control","Consumer Electronics","Automotive Electronics and EV","Medical Technology","Electricity and New Energy","Internet of Things (loT)","Security & protection system","Household appliances","Others, please indicate","","","",""
"https://onlinecatalogue.electronicachina.com.cn/Public/Uploads/uploadfile/images/20260323/eClogoShanghai776x328EN-527.png","Guangzhou Top Power Electronics Technology Co., Ltd.","China","W5.617","https://onlinecatalogue.electronicachina.com.cn/journal/exhibitor/1804","Power supplies","Industrial Electronics / Industrial Control","Communication System","Automotive Electronics and EV","Medical Technology","Electricity and New Energy","Internet of Things (loT)","Aviation & Space Technology","Military Electronics","Mechanical Engineering","Rail Transit","Security & protection system","Lighting engineering","Intelligent building","Household appliances",""
"https://onlinecatalogue.electronicachina.com.cn/Public/Uploads/uploadfile/images/20260323/eClogoShanghai776x328EN-527.png","Guangzhou Yilong Powin Electronics Co., Ltd.","China","W2.813","https://onlinecatalogue.electronicachina.com.cn/journal/exhibitor/1450","","","","","","","","","","","","","","","",""
"https://onlinecatalogue.electronicachina.com.cn/Public/Uploads/useimg/20250409/gongsilogoziyuan3.png","Guizhou Space Appliance Co., Ltd.","China","W3.601","https://onlinecatalogue.electronicachina.com.cn/journal/exhibitor/1560","Semiconductors","Connectors, Switches, Casing technology, Wire Harness, etc","Power supplies","PCBs, other circuit carrier","Assemblies and subsystems","Automotive and testing","Information gathering and services","Communication System","Consumer Electronics","Automotive Electronics and EV","Medical Technology","Electricity and New Energy","Aviation & Space Technology","Military Electronics","Rail Transit",""
"https://onlinecatalogue.electronicachina.com.cn/Public/Uploads/uploadfile/images/20260323/eClogoShanghai776x328EN-527.png","Guizhou Yunrui Electronic Technology Co.,Ltd.","China","N1.729","https://onlinecatalogue.electronicachina.com.cn/journal/exhibitor/2941","","","","","","","","","","","","","","","",""
"https://onlinecatalogue.electronicachina.com.cn/Public/Uploads/useimg/20250408/guojinanfanglogo.png","GUOJI SOUTH CO.,LTD OF CHINA ELECTRONICS TECHNOLOGY GROUP CORPORATION","China","N5.640","https://onlinecatalogue.electronicachina.com.cn/journal/exhibitor/1333","Semiconductors","Displays","Passive components (capacitors, resistors, inductors, etc.) and Relays","Automotive and testing","Wireless","Information gathering and services","Industrial Electronics / Industrial Control","Communication System","Consumer Electronics","Automotive Electronics and EV","Medical Technology","Electricity and New Energy","Internet of Things (loT)","Rail Transit","Household appliances","Mobile phone"
"https://onlinecatalogue.electronicachina.com.cn/Public/Uploads/uploadfile/images/20260323/eClogoShanghai776x328EN-527.png","GWINSTEK","China","W5.533","https://onlinecatalogue.electronicachina.com.cn/journal/exhibitor/1094","","","","","","","","","","","","","","","",""
"https://onlinecatalogue.electronicachina.com.cn/Public/Uploads/useimg/20260529/guangxinLOGO.png","GXCY-SEMI","China","N5.549","https://onlinecatalogue.electronicachina.com.cn/journal/exhibitor/3370","Semiconductors","Electronic Design (ED/EDA)","Power supplies","Industrial Electronics / Industrial Control","Consumer Electronics","Computers & Peripherals","Automotive Electronics and EV","Electricity and New Energy","Household appliances","","","","","","",""
"https://onlinecatalogue.electronicachina.com.cn/Public/Uploads/useimg/20260425/LOGOyuanse.jpg","GYZ","China","N1.649","https://onlinecatalogue.electronicachina.com.cn/journal/exhibitor/902","Passive components (capacitors, resistors, inductors, etc.) and Relays","Assemblies and subsystems","Automotive and testing","Industrial Electronics / Industrial Control","Communication System","Consumer Electronics","Computers & Peripherals","Automotive Electronics and EV","Medical Technology","Military Electronics","Security & protection system","Lighting engineering","Household appliances","Mobile phone","",""
"https://onlinecatalogue.electronicachina.com.cn/Public/Uploads/uploadfile/images/20260323/eClogoShanghai776x328EN-527.png","H.C.C. International Limited","China","N2.225","https://onlinecatalogue.electronicachina.com.cn/journal/exhibitor/988","","","","","","","","","","","","","","","",""
"https://onlinecatalogue.electronicachina.com.cn/Public/Uploads/useimg/20260512/logo1-487.jpg","HAICHUAN ELECTRONIC CO., LTD.","China","N3.884","https://onlinecatalogue.electronicachina.com.cn/journal/exhibitor/3203","Micronano-systems (MEMS, etc.)","Sensor technology","Other, please indicate","Industrial Electronics / Industrial Control","Communication System","Automotive Electronics and EV","Medical Technology","Electricity and New Energy","Aviation & Space Technology","Lighting engineering","Household appliances","Others, please indicate","","","",""
"https://onlinecatalogue.electronicachina.com.cn/Public/Uploads/uploadfile/images/20260323/eClogoShanghai776x328EN-527.png","Haichuang Electronics (YanCheng) Co.,Ltd.","China","N3.602","https://onlinecatalogue.electronicachina.com.cn/journal/exhibitor/2945","","","","","","","","","","","","","","","",""
"https://onlinecatalogue.electronicachina.com.cn/Public/Uploads/useimg/20250227/gongsiLOGO.jpg","HAIYAN ADS SPECIAL CABLE CO.,LTD","China","W2.649","https://onlinecatalogue.electronicachina.com.cn/journal/exhibitor/1451","Sensor technology","Connectors, Switches, Casing technology, Wire Harness, etc","Automotive and testing","Information gathering and services","Consumer Electronics","Automotive Electronics and EV","Electricity and New Energy","Lighting engineering","","","","","","","",""
"https://onlinecatalogue.electronicachina.com.cn/Public/Uploads/useimg/20250227/HLxiwei1.jpg","Halo Microelectronics Co.,Ltd.","China","N4.913","https://onlinecatalogue.electronicachina.com.cn/journal/exhibitor/1967","Semiconductors","Industrial Electronics / Industrial Control","Consumer Electronics","Computers & Peripherals","Automotive Electronics and EV","Internet of Things (loT)","Household appliances","Mobile phone","","","","","","","",""
"https://onlinecatalogue.electronicachina.com.cn/Public/Uploads/useimg/20250408/666.png","Han Cheng Electronics (Shenzhen) Co.,Ltd","China","W4.358","https://onlinecatalogue.electronicachina.com.cn/journal/exhibitor/1677","Connectors, Switches, Casing technology, Wire Harness, etc","Power supplies","PCBs, other circuit carrier","Automotive and testing","Industrial Electronics / Industrial Control","Communication System","Consumer Electronics","Computers & Peripherals","Automotive Electronics and EV","Medical Technology","Electricity and New Energy","Internet of Things (loT)","Aviation & Space Technology","Military Electronics","Mechanical Engineering","Rail Transit"
"https://onlinecatalogue.electronicachina.com.cn/Public/Uploads/useimg/20250207/HYLOGO.png","Hangyu Power System (Shanghai) Co., Ltd","China","W5.526","https://onlinecatalogue.electronicachina.com.cn/journal/exhibitor/1095","Semiconductors","Sensor technology","Test and measurement","Electronic Design (ED/EDA)","Connectors, Switches, Casing technology, Wire Harness, etc","Power supplies","Automotive and testing","Other, please indicate","Industrial Electronics / Industrial Control","Communication System","Consumer Electronics","Computers & Peripherals","Automotive Electronics and EV","Medical Technology","Electricity and New Energy","Aviation & Space Technology"
"https://onlinecatalogue.electronicachina.com.cn/Public/Uploads/uploadfile/images/20260323/eClogoShanghai776x328EN-527.png","Hangzhou CloudSemi Technology Co.,Ltd","China","N5.153","https://onlinecatalogue.electronicachina.com.cn/journal/exhibitor/2077","","","","","","","","","","","","","","","",""
"https://onlinecatalogue.electronicachina.com.cn/Public/Uploads/useimg/20250306/dongwodianzikejianbianse.png","Hangzhou Dongwo Electronic Technology Co.,Ltd.","China","N5.247","https://onlinecatalogue.electronicachina.com.cn/journal/exhibitor/2400","Semiconductors","Information gathering and services","Industrial Electronics / Industrial Control","Communication System","Consumer Electronics","Computers & Peripherals","Automotive Electronics and EV","Medical Technology","Electricity and New Energy","Internet of Things (loT)","Mechanical Engineering","Rail Transit","Security & protection system","Lighting engineering","Intelligent building","Household appliances"
"https://onlinecatalogue.electronicachina.com.cn/Public/Uploads/useimg/20250414/11.png","Hangzhou Einno Semiconductor Co., Ltd.","China","N4.557","https://onlinecatalogue.electronicachina.com.cn/journal/exhibitor/1334","Semiconductors","Industrial Electronics / Industrial Control","Communication System","Automotive Electronics and EV","Medical Technology","Electricity and New Energy","Artificial Intelligence","Aviation & Space Technology","Mechanical Engineering","Rail Transit","Lighting engineering","","","","",""
"https://onlinecatalogue.electronicachina.com.cn/Public/Uploads/useimg/20250411/gaoyuLOGOshu-944.png","Hangzhou Gaoyu Electronic Technology Co., Ltd","China","N3.639","https://onlinecatalogue.electronicachina.com.cn/journal/exhibitor/1096","Semiconductors","Test and measurement","Automotive and testing","Information gathering and services","Industrial Electronics / Industrial Control","Automotive Electronics and EV","Aviation & Space Technology","Military Electronics","","","","","","","",""
"https://onlinecatalogue.electronicachina.com.cn/Public/Uploads/useimg/20260603/hangzhouguoyiLOGO.png","HangZhou Greatyea Electronic CO., Ltd","China","N5.903","https://onlinecatalogue.electronicachina.com.cn/journal/exhibitor/3158","Semiconductors","Embedded systems","Displays","Micronano-systems (MEMS, etc.)","Sensor technology","Test and measurement","Electronic Design (ED/EDA)","Passive components (capacitors, resistors, inductors, etc.) and Relays","Connectors, Switches, Casing technology, Wire Harness, etc","Power supplies","PCBs, other circuit carrier","Electronic Manufacturing Services (EMS)","Electronic materials","Assemblies and subsystems","Automotive and testing","Wireless"
"https://onlinecatalogue.electronicachina.com.cn/Public/Uploads/useimg/20260506/guishangbiaohong.png","Hangzhou Guinie Advanced Materials Technology Co., Ltd","China","N3.767","https://onlinecatalogue.electronicachina.com.cn/journal/exhibitor/2797","Semiconductors","Sensor technology","Connectors, Switches, Casing technology, Wire Harness, etc","Electronic materials","Industrial Electronics / Industrial Control","Communication System","Consumer Electronics","Medical Technology","","","","","","","",""
"https://onlinecatalogue.electronicachina.com.cn/Public/Uploads/useimg/20250407/hongse.png","Hangzhou Haiqian Semiconductor Co.,Ltd","China","N4.137","https://onlinecatalogue.electronicachina.com.cn/journal/exhibitor/1212","Semiconductors","Test and measurement","Electronic Design (ED/EDA)","Passive components (capacitors, resistors, inductors, etc.) and Relays","Connectors, Switches, Casing technology, Wire Harness, etc","Assemblies and subsystems","Automotive and testing","Information gathering and services","Other, please indicate","Industrial Electronics / Industrial Control","Automotive Electronics and EV","Aviation & Space Technology","Military Electronics","Rail Transit","",""
"https://onlinecatalogue.electronicachina.com.cn/Public/Uploads/uploadfile/images/20260323/eClogoShanghai776x328EN-527.png","HANGZHOU HANGYING ELECTRONICS CO., LTD.","China","W4.612","https://onlinecatalogue.electronicachina.com.cn/journal/exhibitor/3093","","","","","","","","","","","","","","","",""
"https://onlinecatalogue.electronicachina.com.cn/Public/Uploads/uploadfile/images/20260323/eClogoShanghai776x328EN-527.png","Hangzhou Haoju Technology Co.,Ltd","China","N4.157","https://onlinecatalogue.electronicachina.com.cn/journal/exhibitor/3444","","","","","","","","","","","","","","","",""
"https://onlinecatalogue.electronicachina.com.cn/Public/Uploads/uploadfile/images/20260323/eClogoShanghai776x328EN-527.png","HANGZHOU HONGTONG WIRE&CABLE CO.,LTD.","China","W4.280","https://onlinecatalogue.electronicachina.com.cn/journal/exhibitor/3271","","","","","","","","","","","","","","","",""
"https://onlinecatalogue.electronicachina.com.cn/Public/Uploads/useimg/20260518/logofuben.png","Hangzhou Kaima Signage Co., Ltd.","China","W4.905","https://onlinecatalogue.electronicachina.com.cn/journal/exhibitor/2703","Test and measurement","Passive components (capacitors, resistors, inductors, etc.) and Relays","Power supplies","PCBs, other circuit carrier","Electronic Manufacturing Services (EMS)","Electronic materials","Assemblies and subsystems","Automotive and testing","Artificial intelligence technology","Information gathering and services","Other, please indicate","Industrial Electronics / Industrial Control","Communication System","Consumer Electronics","Computers & Peripherals","Automotive Electronics and EV"
"https://onlinecatalogue.electronicachina.com.cn/Public/Uploads/uploadfile/images/20260323/eClogoShanghai776x328EN-527.png","Hangzhou Lanyi Electronics Co., Ltd.","China","W5.837","https://onlinecatalogue.electronicachina.com.cn/journal/exhibitor/2830","","","","","","","","","","","","","","","",""
"https://onlinecatalogue.electronicachina.com.cn/Public/Uploads/useimg/20260508/weixintupian20260508100936113125.jpg","Hangzhou PCBBUY Technology Co.,Ltd","China","W5.556","https://onlinecatalogue.electronicachina.com.cn/journal/exhibitor/2862","PCBs, other circuit carrier","Industrial Electronics / Industrial Control","Communication System","Consumer Electronics","Computers & Peripherals","Automotive Electronics and EV","Electricity and New Energy","Embodied Intelligence","Artificial Intelligence","Mechanical Engineering","Security & protection system","Intelligent building","Household appliances","","",""
"https://onlinecatalogue.electronicachina.com.cn/Public/Uploads/useimg/20250304/logotupianqixianggeide.png","Hangzhou Sanhai Electronic Technology Co.，Ltd","China","N3.571","https://onlinecatalogue.electronicachina.com.cn/journal/exhibitor/1097","Semiconductors","Test and measurement","Power supplies","Automotive and testing","Information gathering and services","Industrial Electronics / Industrial Control","Communication System","Consumer Electronics","Computers & Peripherals","Medical Technology","Electricity and New Energy","Internet of Things (loT)","Aviation & Space Technology","Military Electronics","Mechanical Engineering","Rail Transit"
"https://onlinecatalogue.electronicachina.com.cn/Public/Uploads/useimg/20250124/gongsilogozhongyingwenzuhedinggao01.png","Hangzhou SDIC Microelectronics Inc.","China","N4.105","https://onlinecatalogue.electronicachina.com.cn/journal/exhibitor/1336","Semiconductors","Sensor technology","Power supplies","Industrial Electronics / Industrial Control","Consumer Electronics","Medical Technology","Internet of Things (loT)","Household appliances","","","","","","","",""
"https://onlinecatalogue.electronicachina.com.cn/Public/Uploads/uploadfile/images/20260323/eClogoShanghai776x328EN-527.png","Hangzhou Shunhesheng Electronics Technology Co., Ltd.","China","W4.740","https://onlinecatalogue.electronicachina.com.cn/journal/exhibitor/3248","","","","","","","","","","","","","","","",""
"https://onlinecatalogue.electronicachina.com.cn/Public/Uploads/useimg/20250408/LOGOdinggaoRGB01.jpg","HANGZHOU SILAN MICROELECTRONICS CO.,LTD","China","N5.701","https://onlinecatalogue.electronicachina.com.cn/journal/exhibitor/1213","Semiconductors","Sensor technology","Industrial Electronics / Industrial Control","Communication System","Consumer Electronics","Automotive Electronics and EV","Electricity and New Energy","Security & protection system","Lighting engineering","Household appliances","Mobile phone","","","","",""
"https://onlinecatalogue.electronicachina.com.cn/Public/Uploads/useimg/20250316/yanzhikejiLogo.png","Hangzhou Yanzhi Technology Co., Ltd","China","N4.565","https://onlinecatalogue.electronicachina.com.cn/journal/exhibitor/1848","Embedded systems","Displays","Artificial intelligence technology","Industrial Electronics / Industrial Control","Medical Technology","Electricity and New Energy","Internet of Things (loT)","Embodied Intelligence","Artificial Intelligence","Mechanical Engineering","Rail Transit","Security & protection system","Intelligent building","","",""
"https://onlinecatalogue.electronicachina.com.cn/Public/Uploads/uploadfile/images/20260323/eClogoShanghai776x328EN-527.png","HANGZHOU YOZEA ELECTRONIC CO., LTD","China","W5.661","https://onlinecatalogue.electronicachina.com.cn/journal/exhibitor/3345","Power supplies","PCBs, other circuit carrier","Assemblies and subsystems","Automotive and testing","Industrial Electronics / Industrial Control","Communication System","Consumer Electronics","Computers & Peripherals","Automotive Electronics and EV","Medical Technology","Electricity and New Energy","Internet of Things (loT)","Embodied Intelligence","Artificial Intelligence","Data Center / Cloud Computing","Aviation & Space Technology"
"https://onlinecatalogue.electronicachina.com.cn/Public/Uploads/uploadfile/images/20260323/eClogoShanghai776x328EN-527.png","Hangzhou Yunyue Star Technology Co., Ltd.","China","N4.357","https://onlinecatalogue.electronicachina.com.cn/journal/exhibitor/3180","","","","","","","","","","","","","","","",""
"https://onlinecatalogue.electronicachina.com.cn/Public/Uploads/useimg/20260601/weidianziLogo.jpg","Hanking Electronics","China","N3.305","https://onlinecatalogue.electronicachina.com.cn/journal/exhibitor/3346","Semiconductors","Micronano-systems (MEMS, etc.)","Sensor technology","Automotive and testing","Artificial intelligence technology","Industrial Electronics / Industrial Control","Consumer Electronics","Automotive Electronics and EV","Medical Technology","Internet of Things (loT)","Artificial Intelligence","Rail Transit","Security & protection system","Household appliances","Mobile phone",""
"https://onlinecatalogue.electronicachina.com.cn/Public/Uploads/uploadfile/images/20260323/eClogoShanghai776x328EN-527.png","HanRun Electronics Co., Ltd.","China","N1.856","https://onlinecatalogue.electronicachina.com.cn/journal/exhibitor/904","","","","","","","","","","","","","","","",""
"https://onlinecatalogue.electronicachina.com.cn/Public/Uploads/useimg/20251212/yuantianHarada.jpg","Harada Metal Industry Co., Ltd.","Japan","W2.917","https://onlinecatalogue.electronicachina.com.cn/journal/exhibitor/1561","Connectors, Switches, Casing technology, Wire Harness, etc","Assemblies and subsystems","Industrial Electronics / Industrial Control","Communication System","Consumer Electronics","Computers & Peripherals","Automotive Electronics and EV","Medical Technology","Electricity and New Energy","Military Electronics","Mechanical Engineering","","","","",""
"https://onlinecatalogue.electronicachina.com.cn/Public/Uploads/useimg/20250108/HARTINGLogocentered.jpg","HARTING","Germany","W3.500","https://onlinecatalogue.electronicachina.com.cn/journal/exhibitor/1562","Connectors, Switches, Casing technology, Wire Harness, etc","PCBs, other circuit carrier","Assemblies and subsystems","Information gathering and services","Industrial Electronics / Industrial Control","Communication System","Electricity and New Energy","Internet of Things (loT)","Mechanical Engineering","Rail Transit","","","","","",""
"https://onlinecatalogue.electronicachina.com.cn/Public/Uploads/useimg/20250325/HarwinCompanyLogo2022RGB-772.jpg","Harwin Asia","Singapore","W2.601","https://onlinecatalogue.electronicachina.com.cn/journal/exhibitor/2016","Connectors, Switches, Casing technology, Wire Harness, etc","Industrial Electronics / Industrial Control","Communication System","Consumer Electronics","Computers & Peripherals","Automotive Electronics and EV","Medical Technology","Electricity and New Energy","Internet of Things (loT)","Aviation & Space Technology","Military Electronics","Household appliances","","","",""
"https://onlinecatalogue.electronicachina.com.cn/Public/Uploads/useimg/20250409/logo.png","HASCO(SuZhou)Electronics Co.,Ltd.","America","N2.571","https://onlinecatalogue.electronicachina.com.cn/journal/exhibitor/905","Connectors, Switches, Casing technology, Wire Harness, etc","Information gathering and services","Industrial Electronics / Industrial Control","Communication System","Computers & Peripherals","Automotive Electronics and EV","Medical Technology","Electricity and New Energy","Internet of Things (loT)","Embodied Intelligence","Artificial Intelligence","Data Center / Cloud Computing","Aviation & Space Technology","Military Electronics","Mechanical Engineering","Rail Transit"
"https://onlinecatalogue.electronicachina.com.cn/Public/Uploads/useimg/20260430/weibiaoti1.png","HBAN","China","N1.733","https://onlinecatalogue.electronicachina.com.cn/journal/exhibitor/1763","Connectors, Switches, Casing technology, Wire Harness, etc","Industrial Electronics / Industrial Control","Automotive Electronics and EV","Medical Technology","Electricity and New Energy","Aviation & Space Technology","Military Electronics","Mechanical Engineering","Rail Transit","Security & protection system","Household appliances","Others, please indicate","","","",""
"https://onlinecatalogue.electronicachina.com.cn/Public/Uploads/uploadfile/images/20260323/eClogoShanghai776x328EN-527.png","HCB","China","W5.647","https://onlinecatalogue.electronicachina.com.cn/journal/exhibitor/1949","","","","","","","","","","","","","","","",""
"https://onlinecatalogue.electronicachina.com.cn/Public/Uploads/uploadfile/images/20260323/eClogoShanghai776x328EN-527.png","Hebei Hengxi Metal Products Co.,Ltd","China","W5.663","https://onlinecatalogue.electronicachina.com.cn/journal/exhibitor/3293","Semiconductors","Displays","Connectors, Switches, Casing technology, Wire Harness, etc","Power supplies","Industrial Electronics / Industrial Control","Communication System","Automotive Electronics and EV","Medical Technology","Electricity and New Energy","Aviation & Space Technology","Military Electronics","Rail Transit","","","",""
"https://onlinecatalogue.electronicachina.com.cn/Public/Uploads/uploadfile/images/20260323/eClogoShanghai776x328EN-527.png","Hebi Tianhong Electric Co., Ltd.","China","W.","https://onlinecatalogue.electronicachina.com.cn/journal/exhibitor/3277","","","","","","","","","","","","","","","",""
"https://onlinecatalogue.electronicachina.com.cn/Public/Uploads/uploadfile/images/20260323/eClogoShanghai776x328EN-527.png","HEC","China","N2.701","https://onlinecatalogue.electronicachina.com.cn/journal/exhibitor/3163","","","","","","","","","","","","","","","",""
"https://onlinecatalogue.electronicachina.com.cn/Public/Uploads/useimg/20250326/aichuangweilogo.png","Hefei Aichuang Microelectronics Technology Co., Ltd.","China","N4.313","https://onlinecatalogue.electronicachina.com.cn/journal/exhibitor/1337","Semiconductors","Electronic Design (ED/EDA)","Connectors, Switches, Casing technology, Wire Harness, etc","Power supplies","Automotive and testing","Industrial Electronics / Industrial Control","Communication System","Consumer Electronics","Automotive Electronics and EV","Aviation & Space Technology","Military Electronics","Security & protection system","Household appliances","","",""
"https://onlinecatalogue.electronicachina.com.cn/Public/Uploads/useimg/20260519/ximaikejizilogogaoqingtoumingbeijing1393x964png.png","Hefei SMAT Technology Co.,Ltd","China","N3.758","https://onlinecatalogue.electronicachina.com.cn/journal/exhibitor/2841","Semiconductors","Industrial Electronics / Industrial Control","Consumer Electronics","Automotive Electronics and EV","Military Electronics","","","","","","","","","","",""
"https://onlinecatalogue.electronicachina.com.cn/Public/Uploads/uploadfile/images/20260323/eClogoShanghai776x328EN-527.png","Henan Fangyi Sealing Technology Co., LTD","China","W1.729","https://onlinecatalogue.electronicachina.com.cn/journal/exhibitor/1864","Connectors, Switches, Casing technology, Wire Harness, etc","Assemblies and subsystems","Automotive Electronics and EV","Medical Technology","Electricity and New Energy","","","","","","","","","","",""
"https://onlinecatalogue.electronicachina.com.cn/Public/Uploads/useimg/20260429/jinhualogo.png","Henan Jinhua Electric Co., Ltd.","China","W3.340","https://onlinecatalogue.electronicachina.com.cn/journal/exhibitor/1563","PCBs, other circuit carrier","Assemblies and subsystems","Automotive and testing","Information gathering and services","Automotive Electronics and EV","Electricity and New Energy","Mechanical Engineering","","","","","","","","",""
"https://onlinecatalogue.electronicachina.com.cn/Public/Uploads/uploadfile/images/20260323/eClogoShanghai776x328EN-527.png","HENAN QUANXIANG INDUSTRIAL CO., LTD.","China","W1.852","https://onlinecatalogue.electronicachina.com.cn/journal/exhibitor/3384","","","","","","","","","","","","","","","",""
"https://onlinecatalogue.electronicachina.com.cn/Public/Uploads/uploadfile/images/20260323/eClogoShanghai776x328EN-527.png","Henan Riyao Electrical Co.,Ltd.","China","N3.239","https://onlinecatalogue.electronicachina.com.cn/journal/exhibitor/3343","","","","","","","","","","","","","","","",""
"https://onlinecatalogue.electronicachina.com.cn/Public/Uploads/useimg/20260529/LOGO.png","Henan Shenglian New Materials Co., Ltd.","China","W2.152","https://onlinecatalogue.electronicachina.com.cn/journal/exhibitor/3276","Connectors, Switches, Casing technology, Wire Harness, etc","Automotive and testing","Automotive Electronics and EV","Electricity and New Energy","","","","","","","","","","","",""
"https://onlinecatalogue.electronicachina.com.cn/Public/Uploads/useimg/20260526/logohengcheng.png","Hengcheng Weiye Electronics (Shenzhen) Co., Ltd.","China","W5.120","https://onlinecatalogue.electronicachina.com.cn/journal/exhibitor/3548","Semiconductors","Other, please indicate","Industrial Electronics / Industrial Control","Consumer Electronics","Medical Technology","Internet of Things (loT)","Data Center / Cloud Computing","Aviation & Space Technology","Security & protection system","","","","","","",""
"https://onlinecatalogue.electronicachina.com.cn/Public/Uploads/uploadfile/images/20260323/eClogoShanghai776x328EN-527.png","Hengli Eletek Co.,Ltd","China","N1.153","https://onlinecatalogue.electronicachina.com.cn/journal/exhibitor/2813","","","","","","","","","","","","","","","",""
"https://onlinecatalogue.electronicachina.com.cn/Public/Uploads/uploadfile/images/20260323/eClogoShanghai776x328EN-527.png","Hengtong","China","W2.541","https://onlinecatalogue.electronicachina.com.cn/journal/exhibitor/1856","","","","","","","","","","","","","","","",""
"https://onlinecatalogue.electronicachina.com.cn/Public/Uploads/useimg/20250331/lanzi-856.png","Hercules Microelectronics Co., Ltd.","China","N5.565","https://onlinecatalogue.electronicachina.com.cn/journal/exhibitor/2089","Semiconductors","Electronic Design (ED/EDA)","Industrial Electronics / Industrial Control","Communication System","Consumer Electronics","Automotive Electronics and EV","Artificial Intelligence","Household appliances","Mobile phone","","","","","","",""
"https://onlinecatalogue.electronicachina.com.cn/Public/Uploads/useimg/20250115/tupian2.png","HEXCERA®","China","N5.667","https://onlinecatalogue.electronicachina.com.cn/journal/exhibitor/1214","Semiconductors","Industrial Electronics / Industrial Control","Automotive Electronics and EV","Electricity and New Energy","Household appliances","","","","","","","","","","",""
"https://onlinecatalogue.electronicachina.com.cn/Public/Uploads/uploadfile/images/20260323/eClogoShanghai776x328EN-527.png","HEXIN NEW ENERGY TECHNOLOGY (CIXI CITY) CO.,LTD","China","N2.367","https://onlinecatalogue.electronicachina.com.cn/journal/exhibitor/2820","","","","","","","","","","","","","","","",""
"https://onlinecatalogue.electronicachina.com.cn/Public/Uploads/useimg/20250217/LOGO.png","Hexinhulian","China","N3.617","https://onlinecatalogue.electronicachina.com.cn/journal/exhibitor/2088","Semiconductors","Industrial Electronics / Industrial Control","Communication System","Medical Technology","Electricity and New Energy","","","","","","","","","","",""
"https://onlinecatalogue.electronicachina.com.cn/Public/Uploads/uploadfile/images/20260323/eClogoShanghai776x328EN-527.png","Hikstor","China","N3.200","https://onlinecatalogue.electronicachina.com.cn/journal/exhibitor/3190","","","","","","","","","","","","","","","",""
"https://onlinecatalogue.electronicachina.com.cn/Public/Uploads/useimg/20260209/rizhilogohuaban1.png","HIOKI (Shanghai) MEASUREMENT TECHNOLOGIES CO., LTD.","Japan","W5.565","https://onlinecatalogue.electronicachina.com.cn/journal/exhibitor/3034","Test and measurement","Industrial Electronics / Industrial Control","Communication System","Consumer Electronics","Automotive Electronics and EV","Medical Technology","Electricity and New Energy","Artificial Intelligence","Data Center / Cloud Computing","Aviation & Space Technology","Military Electronics","Mechanical Engineering","Rail Transit","","",""
"https://onlinecatalogue.electronicachina.com.cn/Public/Uploads/uploadfile/images/20260323/eClogoShanghai776x328EN-527.png","HIROSE ELECTRIC (CHINA) CO., LTD.","Japan","W1.501","https://onlinecatalogue.electronicachina.com.cn/journal/exhibitor/1454","Connectors, Switches, Casing technology, Wire Harness, etc","Industrial Electronics / Industrial Control","Communication System","Consumer Electronics","Computers & Peripherals","Automotive Electronics and EV","Medical Technology","Electricity and New Energy","Internet of Things (loT)","Embodied Intelligence","Artificial Intelligence","Aviation & Space Technology","Mechanical Engineering","Rail Transit","Security & protection system","Lighting engineering"
"https://onlinecatalogue.electronicachina.com.cn/Public/Uploads/useimg/20250210/AutomotiveLogohoch.png","Hirschmann Automotive","Austria","W1.313","https://onlinecatalogue.electronicachina.com.cn/journal/exhibitor/1455","Sensor technology","Connectors, Switches, Casing technology, Wire Harness, etc","Assemblies and subsystems","Automotive Electronics and EV","","","","","","","","","","","",""
"https://onlinecatalogue.electronicachina.com.cn/Public/Uploads/useimg/20250306/HitachiChinaLogoStackedRed1RGB.png","Hitachi High-Tech Analysis","Japan","W5.772","https://onlinecatalogue.electronicachina.com.cn/journal/exhibitor/2585","Test and measurement","Industrial Electronics / Industrial Control","Communication System","Consumer Electronics","Computers & Peripherals","Automotive Electronics and EV","Medical Technology","Electricity and New Energy","Internet of Things (loT)","Mechanical Engineering","Rail Transit","Security & protection system","Lighting engineering","Intelligent building","Household appliances","Mobile phone"
"https://onlinecatalogue.electronicachina.com.cn/Public/Uploads/useimg/20260527/240x120xiangsu.png","Hitech Circuits Co., Limited","China","N3.160","https://onlinecatalogue.electronicachina.com.cn/journal/exhibitor/3161","PCBs, other circuit carrier","Electronic Manufacturing Services (EMS)","Industrial Electronics / Industrial Control","Communication System","Consumer Electronics","Computers & Peripherals","Automotive Electronics and EV","Medical Technology","Electricity and New Energy","Internet of Things (loT)","Embodied Intelligence","Artificial Intelligence","Data Center / Cloud Computing","Aviation & Space Technology","Military Electronics","Mechanical Engineering"
"https://onlinecatalogue.electronicachina.com.cn/Public/Uploads/uploadfile/images/20260323/eClogoShanghai776x328EN-527.png","HJC Electronic","China","N3.747","https://onlinecatalogue.electronicachina.com.cn/journal/exhibitor/3594","","","","","","","","","","","","","","","",""
"https://onlinecatalogue.electronicachina.com.cn/Public/Uploads/uploadfile/images/20260323/eClogoShanghai776x328EN-527.png","HK Cross Ocean Technology","China","W4.","https://onlinecatalogue.electronicachina.com.cn/journal/exhibitor/2699","","","","","","","","","","","","","","","",""
"https://onlinecatalogue.electronicachina.com.cn/Public/Uploads/uploadfile/images/20260323/eClogoShanghai776x328EN-527.png","HOIVWAY","China","N5.651","https://onlinecatalogue.electronicachina.com.cn/journal/exhibitor/2184","","","","","","","","","","","","","","","",""
"https://onlinecatalogue.electronicachina.com.cn/Public/Uploads/useimg/20250227/haolikejiLOGOyuan.png","Hollyfuse","China","N2.633","https://onlinecatalogue.electronicachina.com.cn/journal/exhibitor/990","Passive components (capacitors, resistors, inductors, etc.) and Relays","Information gathering and services","Industrial Electronics / Industrial Control","Communication System","Consumer Electronics","Automotive Electronics and EV","Medical Technology","Electricity and New Energy","Military Electronics","Mechanical Engineering","Rail Transit","Security & protection system","Lighting engineering","Intelligent building","Household appliances",""
"https://onlinecatalogue.electronicachina.com.cn/Public/Uploads/uploadfile/images/20260323/eClogoShanghai776x328EN-527.png","Holosense Semiconductor (Hangzhou) Co.,LTD","China","N5.263","https://onlinecatalogue.electronicachina.com.cn/journal/exhibitor/2096","","","","","","","","","","","","","","","",""
"https://onlinecatalogue.electronicachina.com.cn/Public/Uploads/useimg/20260415/Honeywelllogo.png","Honeywell","China","W5.110","https://onlinecatalogue.electronicachina.com.cn/journal/exhibitor/3081","Sensor technology","Test and measurement","Passive components (capacitors, resistors, inductors, etc.) and Relays","Connectors, Switches, Casing technology, Wire Harness, etc","Electronic materials","Other, please indicate","Industrial Electronics / Industrial Control","Communication System","Consumer Electronics","Computers & Peripherals","Automotive Electronics and EV","Medical Technology","Electricity and New Energy","Internet of Things (loT)","Data Center / Cloud Computing","Mechanical Engineering"
"https://onlinecatalogue.electronicachina.com.cn/Public/Uploads/useimg/20250224/logo240x120.png","Hong Kong Inventory Limited","Hong Kong, China","N2.150","https://onlinecatalogue.electronicachina.com.cn/journal/exhibitor/991","Other, please indicate","Others, please indicate","","","","","","","","","","","","","",""
"https://onlinecatalogue.electronicachina.com.cn/Public/Uploads/uploadfile/images/20260323/eClogoShanghai776x328EN-527.png","Hong Kong X’tals Limited","China","N2.113","https://onlinecatalogue.electronicachina.com.cn/journal/exhibitor/2858","","","","","","","","","","","","","","","",""
"https://onlinecatalogue.electronicachina.com.cn/Public/Uploads/useimg/20250322/LOGO.png","HONGHU BLUELIGHT ELECTRONIC CO., LTD.","China","N2.221","https://onlinecatalogue.electronicachina.com.cn/journal/exhibitor/993","Passive components (capacitors, resistors, inductors, etc.) and Relays","Information gathering and services","Industrial Electronics / Industrial Control","Communication System","Consumer Electronics","Computers & Peripherals","Automotive Electronics and EV","Medical Technology","Electricity and New Energy","Internet of Things (loT)","Aviation & Space Technology","Military Electronics","Mechanical Engineering","Rail Transit","Security & protection system","Lighting engineering"
"https://onlinecatalogue.electronicachina.com.cn/Public/Uploads/useimg/20260526/0logo-732.png","HONGKONG YUETAIJIA ELECTRONIC LIMITED","China","W5.550","https://onlinecatalogue.electronicachina.com.cn/journal/exhibitor/2306","Semiconductors","Embedded systems","Displays","Sensor technology","Passive components (capacitors, resistors, inductors, etc.) and Relays","Connectors, Switches, Casing technology, Wire Harness, etc","Power supplies","Automotive and testing","Information gathering and services","Other, please indicate","Communication System","Consumer Electronics","Automotive Electronics and EV","Internet of Things (loT)","Others, please indicate",""
"https://onlinecatalogue.electronicachina.com.cn/Public/Uploads/useimg/20260525/jlinktm.smallxiao.png","Hongli Automotive Cable Co., Ltd.","China","W3.841","https://onlinecatalogue.electronicachina.com.cn/journal/exhibitor/3098","Connectors, Switches, Casing technology, Wire Harness, etc","Automotive Electronics and EV","","","","","","","","","","","","","",""
"https://onlinecatalogue.electronicachina.com.cn/Public/Uploads/useimg/20250331/zhongyingwenduan-314.jpg","Hongshang Heat Shrinkable Materials Co.,Ltd.","China","W2.821","https://onlinecatalogue.electronicachina.com.cn/journal/exhibitor/2101","Connectors, Switches, Casing technology, Wire Harness, etc","Automotive and testing","Other, please indicate","Industrial Electronics / Industrial Control","Communication System","Consumer Electronics","Computers & Peripherals","Automotive Electronics and EV","Medical Technology","Electricity and New Energy","Internet of Things (loT)","Aviation & Space Technology","Military Electronics","Mechanical Engineering","Rail Transit","Security & protection system"
"https://onlinecatalogue.electronicachina.com.cn/Public/Uploads/uploadfile/images/20260323/eClogoShanghai776x328EN-527.png","HOPETECH ELECTRONIC TECHNOLOGIES CO. LTD","China","W5.225","https://onlinecatalogue.electronicachina.com.cn/journal/exhibitor/3597","","","","","","","","","","","","","","","",""
"https://onlinecatalogue.electronicachina.com.cn/Public/Uploads/useimg/20260519/HOSONIC.png","HOSONIC TECHNOLOGY (GROUP) CO .,LTD","China","N2.715","https://onlinecatalogue.electronicachina.com.cn/journal/exhibitor/2028","Passive components (capacitors, resistors, inductors, etc.) and Relays","Industrial Electronics / Industrial Control","Communication System","Consumer Electronics","Computers & Peripherals","Automotive Electronics and EV","Medical Technology","Electricity and New Energy","Internet of Things (loT)","Embodied Intelligence","Artificial Intelligence","Data Center / Cloud Computing","Security & protection system","Lighting engineering","Intelligent building","Household appliances"
"https://onlinecatalogue.electronicachina.com.cn/Public/Uploads/useimg/20260226/LOGO11.jpg","Hotdisplay Technology Co.Ltd","China","N2.168","https://onlinecatalogue.electronicachina.com.cn/journal/exhibitor/2430","Embedded systems","Displays","Test and measurement","PCBs, other circuit carrier","Industrial Electronics / Industrial Control","Consumer Electronics","Automotive Electronics and EV","Medical Technology","Electricity and New Energy","Internet of Things (loT)","Artificial Intelligence","Military Electronics","Mechanical Engineering","Rail Transit","Security & protection system","Lighting engineering"
"https://onlinecatalogue.electronicachina.com.cn/Public/Uploads/useimg/20260520/qiyeweixinjietu1779270977735-552.png","Hotland Electronic (Shenzhen) Co.,Ltd.","China","N3.664","https://onlinecatalogue.electronicachina.com.cn/journal/exhibitor/3496","Passive components (capacitors, resistors, inductors, etc.) and Relays","Industrial Electronics / Industrial Control","Communication System","Consumer Electronics","Computers & Peripherals","Automotive Electronics and EV","Medical Technology","Electricity and New Energy","Embodied Intelligence","Artificial Intelligence","Aviation & Space Technology","Military Electronics","Mechanical Engineering","Security & protection system","Lighting engineering","Intelligent building"
"https://onlinecatalogue.electronicachina.com.cn/Public/Uploads/useimg/20250310/logojpg1.jpg","Hotlong Technology Co., Ltd.","China","N4.868","https://onlinecatalogue.electronicachina.com.cn/journal/exhibitor/2084","Semiconductors","Information gathering and services","Industrial Electronics / Industrial Control","Automotive Electronics and EV","Medical Technology","Electricity and New Energy","Aviation & Space Technology","Mechanical Engineering","Security & protection system","Household appliances","","","","","",""
"https://onlinecatalogue.electronicachina.com.cn/Public/Uploads/useimg/20250331/huitenglogo.png","Hotten Electronic Wire Technology （Jiangsu）Co.,LTD","China","W1.360","https://onlinecatalogue.electronicachina.com.cn/journal/exhibitor/1881","Other, please indicate","Consumer Electronics","Computers & Peripherals","Medical Technology","","","","","","","","","","","",""
"https://onlinecatalogue.electronicachina.com.cn/Public/Uploads/uploadfile/images/20260323/eClogoShanghai776x328EN-527.png","Hozer","China","W4.573","https://onlinecatalogue.electronicachina.com.cn/journal/exhibitor/3608","","","","","","","","","","","","","","","",""
"https://onlinecatalogue.electronicachina.com.cn/Public/Uploads/useimg/20250217/HWLOGO1.jpg","HUA WEI INDUSTRIAL CO., LTD.","Taiwan, China","W4.230","https://onlinecatalogue.electronicachina.com.cn/journal/exhibitor/2380","Other, please indicate","Industrial Electronics / Industrial Control","Communication System","Computers & Peripherals","Medical Technology","Electricity and New Energy","Internet of Things (loT)","Aviation & Space Technology","Military Electronics","Mechanical Engineering","Rail Transit","Security & protection system","Lighting engineering","Intelligent building","Household appliances","Mobile phone"
"https://onlinecatalogue.electronicachina.com.cn/Public/Uploads/useimg/20260410/tongyouhualogoxinban-513.png","Huacui PIM Micro","China","N1.166","https://onlinecatalogue.electronicachina.com.cn/journal/exhibitor/2635","Semiconductors","Embedded systems","Displays","Electronic Design (ED/EDA)","Passive components (capacitors, resistors, inductors, etc.) and Relays","Connectors, Switches, Casing technology, Wire Harness, etc","Power supplies","PCBs, other circuit carrier","Electronic Manufacturing Services (EMS)","Electronic materials","Automotive and testing","Artificial intelligence technology","Information gathering and services","Industrial Electronics / Industrial Control","Communication System","Consumer Electronics"
"https://onlinecatalogue.electronicachina.com.cn/Public/Uploads/useimg/20250109/LOGO.jpg","HUAGUANG ELECTRIC","China","N1.840","https://onlinecatalogue.electronicachina.com.cn/journal/exhibitor/907","Passive components (capacitors, resistors, inductors, etc.) and Relays","Industrial Electronics / Industrial Control","Communication System","Computers & Peripherals","Automotive Electronics and EV","Medical Technology","Electricity and New Energy","Internet of Things (loT)","Aviation & Space Technology","Military Electronics","Mechanical Engineering","Rail Transit","Security & protection system","Lighting engineering","Intelligent building","Household appliances"
"https://onlinecatalogue.electronicachina.com.cn/Public/Uploads/useimg/20260428/shangbiao.jpg","HUAIAN SHUANGZE INDUCTANCE TECHNOLOGY CO., LTD.","China","W4.827","https://onlinecatalogue.electronicachina.com.cn/journal/exhibitor/3431","Passive components (capacitors, resistors, inductors, etc.) and Relays","Industrial Electronics / Industrial Control","Communication System","Consumer Electronics","Computers & Peripherals","Automotive Electronics and EV","Medical Technology","Electricity and New Energy","Artificial Intelligence","Aviation & Space Technology","Mechanical Engineering","Lighting engineering","Household appliances","","",""
"https://onlinecatalogue.electronicachina.com.cn/Public/Uploads/uploadfile/images/20260323/eClogoShanghai776x328EN-527.png","Huangshan Zhenzhou Electronic Technology Co.,Ltd.","China","N2.771","https://onlinecatalogue.electronicachina.com.cn/journal/exhibitor/3160","","","","","","","","","","","","","","","",""
"https://onlinecatalogue.electronicachina.com.cn/Public/Uploads/uploadfile/images/20260323/eClogoShanghai776x328EN-527.png","Huaqiang","China","N2.523","https://onlinecatalogue.electronicachina.com.cn/journal/exhibitor/3481","","","","","","","","","","","","","","","",""
"https://onlinecatalogue.electronicachina.com.cn/Public/Uploads/useimg/20250408/huaqiangdianzishijiegongsilogo-529.jpg","Huaqiang Electronic World","China","N2.523","https://onlinecatalogue.electronicachina.com.cn/journal/exhibitor/1139","Semiconductors","Sensor technology","Passive components (capacitors, resistors, inductors, etc.) and Relays","Connectors, Switches, Casing technology, Wire Harness, etc","Power supplies","PCBs, other circuit carrier","Artificial intelligence technology","Other, please indicate","Communication System","Consumer Electronics","Computers & Peripherals","Automotive Electronics and EV","Medical Technology","Electricity and New Energy","Artificial Intelligence","Aviation & Space Technology"
"https://onlinecatalogue.electronicachina.com.cn/Public/Uploads/uploadfile/images/20260323/eClogoShanghai776x328EN-527.png","Huaqiu","China","N2.526","https://onlinecatalogue.electronicachina.com.cn/journal/exhibitor/1020","","","","","","","","","","","","","","","",""
"https://onlinecatalogue.electronicachina.com.cn/Public/Uploads/uploadfile/images/20260323/eClogoShanghai776x328EN-527.png","HUAYI MICROELECTRONICS CO.,LTD","China","N4.321","https://onlinecatalogue.electronicachina.com.cn/journal/exhibitor/1829","","","","","","","","","","","","","","","",""
"https://onlinecatalogue.electronicachina.com.cn/Public/Uploads/uploadfile/images/20260323/eClogoShanghai776x328EN-527.png","Huayu Electronic Technology (Suzhou) Co., Ltd.","China","N3.236","https://onlinecatalogue.electronicachina.com.cn/journal/exhibitor/1680","","","","","","","","","","","","","","","",""
"https://onlinecatalogue.electronicachina.com.cn/Public/Uploads/uploadfile/images/20260323/eClogoShanghai776x328EN-527.png","Hubei Brave Electronic Technology Co.,Ltd.","China","W2.929","https://onlinecatalogue.electronicachina.com.cn/journal/exhibitor/3062","","","","","","","","","","","","","","","",""
"https://onlinecatalogue.electronicachina.com.cn/Public/Uploads/useimg/20260509/IMG1286.PNG","Hubei Yiwei Electronic Technology Co., Ltd.","China","N3.129","https://onlinecatalogue.electronicachina.com.cn/journal/exhibitor/3438","Sensor technology","Passive components (capacitors, resistors, inductors, etc.) and Relays","Industrial Electronics / Industrial Control","Consumer Electronics","Automotive Electronics and EV","Medical Technology","","","","","","","","","",""
"https://onlinecatalogue.electronicachina.com.cn/Public/Uploads/useimg/20250305/logo2.jpg","Hubei Zhongke Huaye New Material Technology Co., Ltd","China","N1.137","https://onlinecatalogue.electronicachina.com.cn/journal/exhibitor/908","Sensor technology","Passive components (capacitors, resistors, inductors, etc.) and Relays","Connectors, Switches, Casing technology, Wire Harness, etc","Automotive and testing","Information gathering and services","Other, please indicate","Industrial Electronics / Industrial Control","Communication System","Consumer Electronics","Automotive Electronics and EV","Medical Technology","Electricity and New Energy","Internet of Things (loT)","Aviation & Space Technology","Military Electronics","Mechanical Engineering"
"https://onlinecatalogue.electronicachina.com.cn/Public/Uploads/useimg/20250320/xinLOGOcai-807.jpg","HUI ZHOU RADIANT PHOTOELECTRLC TECH LTD","China","N2.176","https://onlinecatalogue.electronicachina.com.cn/journal/exhibitor/1905","Displays","Other, please indicate","Industrial Electronics / Industrial Control","Consumer Electronics","Automotive Electronics and EV","Medical Technology","Electricity and New Energy","Internet of Things (loT)","Military Electronics","Mechanical Engineering","Security & protection system","Household appliances","","","",""
"https://onlinecatalogue.electronicachina.com.cn/Public/Uploads/useimg/20260205/LOGOhuiguan.jpg","Huiguan Zhengyuan Electronic (Shenzhen) Co., Ltd.","China","N3.836","https://onlinecatalogue.electronicachina.com.cn/journal/exhibitor/3073","Semiconductors","Industrial Electronics / Industrial Control","Communication System","Consumer Electronics","Electricity and New Energy","Rail Transit","","","","","","","","","",""
"https://onlinecatalogue.electronicachina.com.cn/Public/Uploads/useimg/20260521/xinLOGO-83.png","HUIZHOU ANL ELECTRONICS CO., LTD.","China","W4.643","https://onlinecatalogue.electronicachina.com.cn/journal/exhibitor/3250","Connectors, Switches, Casing technology, Wire Harness, etc","Industrial Electronics / Industrial Control","Consumer Electronics","Computers & Peripherals","Automotive Electronics and EV","Medical Technology","Electricity and New Energy","Artificial Intelligence","Aviation & Space Technology","Rail Transit","Security & protection system","","","","",""
"https://onlinecatalogue.electronicachina.com.cn/Public/Uploads/useimg/20250213/56e980018a2227c08bb4efa5744805f.png","Huizhou Antenk Electronics Co.,Ltd.","China","W3.328","https://onlinecatalogue.electronicachina.com.cn/journal/exhibitor/1970","Connectors, Switches, Casing technology, Wire Harness, etc","Industrial Electronics / Industrial Control","Communication System","Consumer Electronics","Computers & Peripherals","Automotive Electronics and EV","Medical Technology","Electricity and New Energy","Aviation & Space Technology","Military Electronics","Mechanical Engineering","Rail Transit","Security & protection system","Lighting engineering","Household appliances","Mobile phone"
"https://onlinecatalogue.electronicachina.com.cn/Public/Uploads/uploadfile/images/20260323/eClogoShanghai776x328EN-527.png","Huizhou Aowa Intelligent Technology Co., Ltd","China","W2.845","https://onlinecatalogue.electronicachina.com.cn/journal/exhibitor/2996","Test and measurement","Connectors, Switches, Casing technology, Wire Harness, etc","Power supplies","Electronic Manufacturing Services (EMS)","Electronic materials","Automotive and testing","Wireless","Other, please indicate","Communication System","Consumer Electronics","Automotive Electronics and EV","Electricity and New Energy","Rail Transit","Intelligent building","Others, please indicate",""
"https://onlinecatalogue.electronicachina.com.cn/Public/Uploads/useimg/20260508/logo-482.jpg","Huizhou Boyuan Hardware Products Co., Ltd.","China","W4.852","https://onlinecatalogue.electronicachina.com.cn/journal/exhibitor/2750","Connectors, Switches, Casing technology, Wire Harness, etc","Industrial Electronics / Industrial Control","Communication System","Consumer Electronics","Computers & Peripherals","Automotive Electronics and EV","Medical Technology","Electricity and New Energy","Internet of Things (loT)","Embodied Intelligence","Artificial Intelligence","Data Center / Cloud Computing","Aviation & Space Technology","Military Electronics","Mechanical Engineering","Rail Transit"
"https://onlinecatalogue.electronicachina.com.cn/Public/Uploads/uploadfile/images/20260323/eClogoShanghai776x328EN-527.png","Huizhou Candianmu Technology Co., Ltd","China","W4.754","https://onlinecatalogue.electronicachina.com.cn/journal/exhibitor/3199","Connectors, Switches, Casing technology, Wire Harness, etc","Industrial Electronics / Industrial Control","Communication System","Consumer Electronics","Automotive Electronics and EV","Medical Technology","Electricity and New Energy","Artificial Intelligence","Aviation & Space Technology","Military Electronics","Mechanical Engineering","","","","",""
"https://onlinecatalogue.electronicachina.com.cn/Public/Uploads/useimg/20250213/gongsiLOGO.jpg","Huizhou Chuangde Lightning Protection Electronics Co., Ltd","China","N2.925","https://onlinecatalogue.electronicachina.com.cn/journal/exhibitor/2255","Semiconductors","Passive components (capacitors, resistors, inductors, etc.) and Relays","Power supplies","Information gathering and services","Industrial Electronics / Industrial Control","Consumer Electronics","Medical Technology","Electricity and New Energy","Aviation & Space Technology","Military Electronics","Rail Transit","Lighting engineering","Household appliances","","",""
"https://onlinecatalogue.electronicachina.com.cn/Public/Uploads/useimg/20250313/weixintupian20240605134135.png","HUIZHOU DELI ELECTRONIC CO.,LTD","China","N1.125","https://onlinecatalogue.electronicachina.com.cn/journal/exhibitor/909","Passive components (capacitors, resistors, inductors, etc.) and Relays","Automotive and testing","Information gathering and services","Industrial Electronics / Industrial Control","Communication System","Consumer Electronics","Computers & Peripherals","Automotive Electronics and EV","Medical Technology","Electricity and New Energy","Internet of Things (loT)","Aviation & Space Technology","Military Electronics","Mechanical Engineering","Rail Transit","Security & protection system"
"https://onlinecatalogue.electronicachina.com.cn/Public/Uploads/uploadfile/images/20260323/eClogoShanghai776x328EN-527.png","HuiZhou GANGCHING METAL MANUFACTURED CO., LTD.","China","W1.907","https://onlinecatalogue.electronicachina.com.cn/journal/exhibitor/2793","","","","","","","","","","","","","","","",""
"https://onlinecatalogue.electronicachina.com.cn/Public/Uploads/uploadfile/images/20260323/eClogoShanghai776x328EN-527.png","HUIZHOU JIGUANG NEW MATERIAL TECHNOLOGY CO., LTD.","China","N2.108","https://onlinecatalogue.electronicachina.com.cn/journal/exhibitor/3368","","","","","","","","","","","","","","","",""
"https://onlinecatalogue.electronicachina.com.cn/Public/Uploads/useimg/20250401/4logo.jpg","Huizhou Jingqin Electronic Components Co.,LTD","China","N2.559","https://onlinecatalogue.electronicachina.com.cn/journal/exhibitor/994","Passive components (capacitors, resistors, inductors, etc.) and Relays","Industrial Electronics / Industrial Control","Consumer Electronics","Automotive Electronics and EV","Lighting engineering","","","","","","","","","","",""
"https://onlinecatalogue.electronicachina.com.cn/Public/Uploads/uploadfile/images/20260323/eClogoShanghai776x328EN-527.png","HUIZHOU MOTTO TECHNOLOGY Co., Ltd.","China","W5.336","https://onlinecatalogue.electronicachina.com.cn/journal/exhibitor/2677","","","","","","","","","","","","","","","",""
"https://onlinecatalogue.electronicachina.com.cn/Public/Uploads/uploadfile/images/20260323/eClogoShanghai776x328EN-527.png","Huizhou My-Link Electronic Co.,Ltd","China","W4.647","https://onlinecatalogue.electronicachina.com.cn/journal/exhibitor/2709","","","","","","","","","","","","","","","",""
"https://onlinecatalogue.electronicachina.com.cn/Public/Uploads/uploadfile/images/20260323/eClogoShanghai776x328EN-527.png","Huizhou POCO New Inductor Technology Co., Ltd","China","W5.766","https://onlinecatalogue.electronicachina.com.cn/journal/exhibitor/3238","","","","","","","","","","","","","","","",""
"https://onlinecatalogue.electronicachina.com.cn/Public/Uploads/useimg/20250224/sanhuashangbiao.png","HUIZHOU SANHUA INDUSTRIAL CO.,LTD.","China","W5.756","https://onlinecatalogue.electronicachina.com.cn/journal/exhibitor/2455","Power supplies","Industrial Electronics / Industrial Control","Consumer Electronics","Computers & Peripherals","Automotive Electronics and EV","Electricity and New Energy","Rail Transit","Security & protection system","Intelligent building","Household appliances","Others, please indicate","","","","",""
"https://onlinecatalogue.electronicachina.com.cn/Public/Uploads/uploadfile/images/20260323/eClogoShanghai776x328EN-527.png","HuiZHou Shiyi Flexible Co., Ltd.","China","N3.166","https://onlinecatalogue.electronicachina.com.cn/journal/exhibitor/3404","","","","","","","","","","","","","","","",""
"https://onlinecatalogue.electronicachina.com.cn/Public/Uploads/useimg/20250408/LOGOtu.jpg","Huizhou Unionwell Sensing & Control Electronics Co.,Ltd.","China","W3.821","https://onlinecatalogue.electronicachina.com.cn/journal/exhibitor/2505","Sensor technology","Connectors, Switches, Casing technology, Wire Harness, etc","Automotive and testing","Industrial Electronics / Industrial Control","Consumer Electronics","Automotive Electronics and EV","Mechanical Engineering","Household appliances","","","","","","","",""
"https://onlinecatalogue.electronicachina.com.cn/Public/Uploads/uploadfile/images/20260323/eClogoShanghai776x328EN-527.png","Huizhou WS Electronic Technology Co., Ltd.","China","W4.272","https://onlinecatalogue.electronicachina.com.cn/journal/exhibitor/3197","","","","","","","","","","","","","","","",""
"https://onlinecatalogue.electronicachina.com.cn/Public/Uploads/useimg/20250304/Aishixinbanyuanwenjian.png","HUNAN AIHUA GROUP CO.,LTD","China","N1.725","https://onlinecatalogue.electronicachina.com.cn/journal/exhibitor/910","Passive components (capacitors, resistors, inductors, etc.) and Relays","Industrial Electronics / Industrial Control","Communication System","Consumer Electronics","Computers & Peripherals","Automotive Electronics and EV","Medical Technology","Electricity and New Energy","Internet of Things (loT)","Aviation & Space Technology","Military Electronics","Mechanical Engineering","Rail Transit","Security & protection system","Lighting engineering","Intelligent building"
"https://onlinecatalogue.electronicachina.com.cn/Public/Uploads/useimg/20260422/gongyejifangjingdian.jpg","Hunan Fengchang Macromolecular New Material Co., Ltd.","China","N3.628","https://onlinecatalogue.electronicachina.com.cn/journal/exhibitor/3255","Electronic materials","Other, please indicate","Industrial Electronics / Industrial Control","Automotive Electronics and EV","Medical Technology","Electricity and New Energy","Embodied Intelligence","Artificial Intelligence","Data Center / Cloud Computing","Aviation & Space Technology","Military Electronics","Mechanical Engineering","Rail Transit","Security & protection system","",""
"https://onlinecatalogue.electronicachina.com.cn/Public/Uploads/uploadfile/images/20260323/eClogoShanghai776x328EN-527.png","HUNAN KFUSE ELECTRONICS CO.,LTD.","China","N2.645","https://onlinecatalogue.electronicachina.com.cn/journal/exhibitor/3138","","","","","","","","","","","","","","","",""
"https://onlinecatalogue.electronicachina.com.cn/Public/Uploads/useimg/20250210/LEEDINKlidejiangliao1.jpg","Hunan LEED Electronic Ink Co.,Ltd.","China","N3.909","https://onlinecatalogue.electronicachina.com.cn/journal/exhibitor/2227","Semiconductors","Displays","Sensor technology","Passive components (capacitors, resistors, inductors, etc.) and Relays","Connectors, Switches, Casing technology, Wire Harness, etc","Power supplies","PCBs, other circuit carrier","Automotive and testing","Information gathering and services","Other, please indicate","Industrial Electronics / Industrial Control","Communication System","Consumer Electronics","Computers & Peripherals","Automotive Electronics and EV","Medical Technology"
"https://onlinecatalogue.electronicachina.com.cn/Public/Uploads/useimg/20250408/meichengLOGOheise.png","Hunan Meicheng New Materials Technology Co., Ltd","China","N2.563","https://onlinecatalogue.electronicachina.com.cn/journal/exhibitor/2053","Passive components (capacitors, resistors, inductors, etc.) and Relays","Assemblies and subsystems","Automotive and testing","Industrial Electronics / Industrial Control","Communication System","Automotive Electronics and EV","Electricity and New Energy","Household appliances","","","","","","","",""
"https://onlinecatalogue.electronicachina.com.cn/Public/Uploads/useimg/20250218/changjiangLOGObuhanbiankuang.jpg","Hunan Province Xinhua Country Changjiang Electronics Co., Ltd.","China","N2.149","https://onlinecatalogue.electronicachina.com.cn/journal/exhibitor/1919","Semiconductors","Passive components (capacitors, resistors, inductors, etc.) and Relays","Assemblies and subsystems","Information gathering and services","Industrial Electronics / Industrial Control","Communication System","Consumer Electronics","Automotive Electronics and EV","Electricity and New Energy","Aviation & Space Technology","Military Electronics","Mechanical Engineering","Rail Transit","Lighting engineering","Household appliances","Mobile phone"
"https://onlinecatalogue.electronicachina.com.cn/Public/Uploads/useimg/20250325/xinlogoqubiankuanglansetoumingdi.png","Hunan Sanan Semiconductor Co., Ltd.","China","N5.721","https://onlinecatalogue.electronicachina.com.cn/journal/exhibitor/1338","Semiconductors","Industrial Electronics / Industrial Control","Communication System","Consumer Electronics","Automotive Electronics and EV","Electricity and New Energy","Embodied Intelligence","Artificial Intelligence","Data Center / Cloud Computing","Rail Transit","Lighting engineering","Household appliances","","","",""
"https://onlinecatalogue.electronicachina.com.cn/Public/Uploads/useimg/20250225/1736402898471.jpg","Hunan Sanyi Precision Technology Co., Ltd.","China","N3.243","https://onlinecatalogue.electronicachina.com.cn/journal/exhibitor/2507","Information gathering and services","Industrial Electronics / Industrial Control","Automotive Electronics and EV","Electricity and New Energy","Military Electronics","Mechanical Engineering","Security & protection system","Lighting engineering","Household appliances","Others, please indicate","","","","","",""
"https://onlinecatalogue.electronicachina.com.cn/Public/Uploads/useimg/20260522/2026zuixinlogotubudaixilie.png","Hunan Silicon Internet of Things Technology Co.,Ltd","China","N4.333","https://onlinecatalogue.electronicachina.com.cn/journal/exhibitor/1339","Semiconductors","Power supplies","Automotive and testing","Other, please indicate","Industrial Electronics / Industrial Control","Communication System","Consumer Electronics","Automotive Electronics and EV","Electricity and New Energy","Internet of Things (loT)","Aviation & Space Technology","Military Electronics","Mechanical Engineering","Rail Transit","Security & protection system","Lighting engineering"
"https://onlinecatalogue.electronicachina.com.cn/Public/Uploads/useimg/20260530/xianglogo.jpg","HUNAN XIANGYEE ELECTRONIC TECHNOLOGY CO.,LTD","China","N2.237","https://onlinecatalogue.electronicachina.com.cn/journal/exhibitor/995","Passive components (capacitors, resistors, inductors, etc.) and Relays","Industrial Electronics / Industrial Control","Communication System","Consumer Electronics","Computers & Peripherals","Automotive Electronics and EV","Medical Technology","Electricity and New Energy","Internet of Things (loT)","Artificial Intelligence","Aviation & Space Technology","Mechanical Engineering","Security & protection system","Intelligent building","Household appliances","Mobile phone"
"https://onlinecatalogue.electronicachina.com.cn/Public/Uploads/useimg/20260303/f429c530f315fee6c8dc2f0d52fb5500.png","Huzhou Letong Electronic Technology Co.,Ltd","China","N2.863","https://onlinecatalogue.electronicachina.com.cn/journal/exhibitor/3026","Passive components (capacitors, resistors, inductors, etc.) and Relays","Industrial Electronics / Industrial Control","Communication System","Consumer Electronics","Computers & Peripherals","Automotive Electronics and EV","Medical Technology","Electricity and New Energy","","","","","","","",""
"https://onlinecatalogue.electronicachina.com.cn/Public/Uploads/useimg/20260515/c16b3f92f40f402d8a4d3af1befcfe43-651.png","HW INDUSTRIAL CO.,LTD","China","N3.315","https://onlinecatalogue.electronicachina.com.cn/journal/exhibitor/3530","Semiconductors","Sensor technology","Passive components (capacitors, resistors, inductors, etc.) and Relays","Power supplies","PCBs, other circuit carrier","Electronic materials","Automotive and testing","Artificial intelligence technology","Industrial Electronics / Industrial Control","Consumer Electronics","Automotive Electronics and EV","Internet of Things (loT)","Security & protection system","Lighting engineering","Household appliances",""
"https://onlinecatalogue.electronicachina.com.cn/Public/Uploads/useimg/20260527/1.HYPERACCELlogo.png","HyperAccel","Korea","N3.506","https://onlinecatalogue.electronicachina.com.cn/journal/exhibitor/3543","Semiconductors","Industrial Electronics / Industrial Control","Communication System","Consumer Electronics","Computers & Peripherals","Automotive Electronics and EV","Medical Technology","Electricity and New Energy","Internet of Things (loT)","Embodied Intelligence","Artificial Intelligence","Data Center / Cloud Computing","Aviation & Space Technology","Military Electronics","Mechanical Engineering","Rail Transit"
"https://onlinecatalogue.electronicachina.com.cn/Public/Uploads/useimg/20250326/ipexlogobasiccolorl.jpg","I-PEX","Japan","W2.512","https://onlinecatalogue.electronicachina.com.cn/journal/exhibitor/1458","Assemblies and subsystems","Industrial Electronics / Industrial Control","Communication System","Consumer Electronics","Computers & Peripherals","Automotive Electronics and EV","Medical Technology","Internet of Things (loT)","Security & protection system","","","","","","",""
"https://onlinecatalogue.electronicachina.com.cn/Public/Uploads/uploadfile/images/20260323/eClogoShanghai776x328EN-527.png","IAR","Sweden","N5.133","https://onlinecatalogue.electronicachina.com.cn/journal/exhibitor/2874","","","","","","","","","","","","","","","",""
"https://onlinecatalogue.electronicachina.com.cn/Public/Uploads/useimg/20250325/iCHausLogonosublineRGB.jpg","iC-Haus GmbH","Germany","N4.625","https://onlinecatalogue.electronicachina.com.cn/journal/exhibitor/1340","Semiconductors","Sensor technology","Test and measurement","Information gathering and services","Industrial Electronics / Industrial Control","Consumer Electronics","Automotive Electronics and EV","Medical Technology","Mechanical Engineering","Rail Transit","Security & protection system","","","","",""
"https://onlinecatalogue.electronicachina.com.cn/Public/Uploads/useimg/20260331/yunhanxinchenglogogupiaodaima.png","ICKEY","China","N2.609","https://onlinecatalogue.electronicachina.com.cn/journal/exhibitor/996","Semiconductors","Embedded systems","Displays","Micronano-systems (MEMS, etc.)","Sensor technology","Test and measurement","Electronic Design (ED/EDA)","Passive components (capacitors, resistors, inductors, etc.) and Relays","Connectors, Switches, Casing technology, Wire Harness, etc","Power supplies","PCBs, other circuit carrier","Electronic Manufacturing Services (EMS)","Electronic materials","Assemblies and subsystems","Automotive and testing","Wireless"
"https://onlinecatalogue.electronicachina.com.cn/Public/Uploads/useimg/20260526/ICOPwebLOGO01.png","ICOP Technology","China","N3.919","https://onlinecatalogue.electronicachina.com.cn/journal/exhibitor/3450","Embedded systems","Assemblies and subsystems","Industrial Electronics / Industrial Control","Computers & Peripherals","Mechanical Engineering","Security & protection system","Intelligent building","","","","","","","","",""
"https://onlinecatalogue.electronicachina.com.cn/Public/Uploads/uploadfile/images/20260323/eClogoShanghai776x328EN-527.png","Imaging  Y","China","W3.138","https://onlinecatalogue.electronicachina.com.cn/journal/exhibitor/2723","","","","","","","","","","","","","","","",""
"https://onlinecatalogue.electronicachina.com.cn/Public/Uploads/useimg/20250108/IQELOGO.jpg","INNO CIRCUITS LIMITED","China","W4.509","https://onlinecatalogue.electronicachina.com.cn/journal/exhibitor/1683","Embedded systems","Displays","Micronano-systems (MEMS, etc.)","Sensor technology","Test and measurement","Electronic Design (ED/EDA)","Power supplies","PCBs, other circuit carrier","Assemblies and subsystems","Automotive and testing","Wireless","Artificial intelligence technology","Information gathering and services","Other, please indicate","Industrial Electronics / Industrial Control","Communication System"
"https://onlinecatalogue.electronicachina.com.cn/Public/Uploads/useimg/20260602/48150db8a044e6263050a5b230011818-137.png","Innolink Embodied AI Center","China","W4.573","https://onlinecatalogue.electronicachina.com.cn/journal/exhibitor/3613","Other, please indicate","Industrial Electronics / Industrial Control","Consumer Electronics","Automotive Electronics and EV","Embodied Intelligence","","","","","","","","","","",""
"https://onlinecatalogue.electronicachina.com.cn/Public/Uploads/useimg/20250304/5072124eca8731ac38f705f538509cc.png","Input Technology Co.,Ltd","China","W1.925","https://onlinecatalogue.electronicachina.com.cn/journal/exhibitor/2512","Test and measurement","Connectors, Switches, Casing technology, Wire Harness, etc","PCBs, other circuit carrier","Automotive and testing","Industrial Electronics / Industrial Control","Communication System","Computers & Peripherals","Automotive Electronics and EV","Medical Technology","Aviation & Space Technology","Mechanical Engineering","","","","",""
"https://onlinecatalogue.electronicachina.com.cn/Public/Uploads/useimg/20250328/iSTLogo1.jpg","INTEGRATED SERVICE TECHNOLOGY (KUNSHAN) CO.,LTD","Taiwan, China","N4.113","https://onlinecatalogue.electronicachina.com.cn/journal/exhibitor/1342","Semiconductors","Test and measurement","PCBs, other circuit carrier","Industrial Electronics / Industrial Control","Computers & Peripherals","Automotive Electronics and EV","","","","","","","","","",""
"https://onlinecatalogue.electronicachina.com.cn/Public/Uploads/uploadfile/images/20260323/eClogoShanghai776x328EN-527.png","Intelligent Components Technology Zhuhai Ltd. (China)","Germany","N2.575","https://onlinecatalogue.electronicachina.com.cn/journal/exhibitor/3006","","","","","","","","","","","","","","","",""
"https://onlinecatalogue.electronicachina.com.cn/Public/Uploads/uploadfile/images/20260323/eClogoShanghai776x328EN-527.png","INTERCERT Global Sp. z o.o.","Poland","N3.382","https://onlinecatalogue.electronicachina.com.cn/journal/exhibitor/3459","","","","","","","","","","","","","","","",""
"https://onlinecatalogue.electronicachina.com.cn/Public/Uploads/useimg/20250206/yingdaliInterquipLOGO.png","Interquip Electronics (Shenzhen) Co., Ltd.","China","N1.810","https://onlinecatalogue.electronicachina.com.cn/journal/exhibitor/912","Passive components (capacitors, resistors, inductors, etc.) and Relays","Industrial Electronics / Industrial Control","Communication System","Consumer Electronics","Computers & Peripherals","Automotive Electronics and EV","Medical Technology","Electricity and New Energy","Internet of Things (loT)","Mechanical Engineering","Security & protection system","Intelligent building","Household appliances","Mobile phone","",""
"https://onlinecatalogue.electronicachina.com.cn/Public/Uploads/useimg/20250411/IVCTzhanxindianzi.png","InventChip Technology Co.,Ltd","China","N5.101","https://onlinecatalogue.electronicachina.com.cn/journal/exhibitor/1343","Semiconductors","Industrial Electronics / Industrial Control","Communication System","Automotive Electronics and EV","Medical Technology","Aviation & Space Technology","","","","","","","","","",""
"https://onlinecatalogue.electronicachina.com.cn/Public/Uploads/useimg/20260228/7yue1rishanghaidianzizhanzhanshangLOGOwangluozhanshiPNG.png","Isotemp Dalian Co.,Ltd.","China","N3.145","https://onlinecatalogue.electronicachina.com.cn/journal/exhibitor/2801","Sensor technology","Industrial Electronics / Industrial Control","Automotive Electronics and EV","Medical Technology","Electricity and New Energy","Data Center / Cloud Computing","Aviation & Space Technology","Military Electronics","Mechanical Engineering","Rail Transit","Security & protection system","Intelligent building","Others, please indicate","","",""
"https://onlinecatalogue.electronicachina.com.cn/Public/Uploads/useimg/20250320/weibiaoti2-258.jpg","ITECH ELECTRONIC CO., LTD.","China","W5.520","https://onlinecatalogue.electronicachina.com.cn/journal/exhibitor/1101","Semiconductors","Test and measurement","Connectors, Switches, Casing technology, Wire Harness, etc","Power supplies","Automotive and testing","Industrial Electronics / Industrial Control","Consumer Electronics","Automotive Electronics and EV","Electricity and New Energy","Aviation & Space Technology","Military Electronics","Rail Transit","Household appliances","Others, please indicate","",""
"https://onlinecatalogue.electronicachina.com.cn/Public/Uploads/useimg/20250115/changgongweilogoxianshitu.jpg","IVS","China","N5.137","https://onlinecatalogue.electronicachina.com.cn/journal/exhibitor/1345","Semiconductors","Power supplies","Industrial Electronics / Industrial Control","Communication System","Consumer Electronics","Computers & Peripherals","Automotive Electronics and EV","Medical Technology","Electricity and New Energy","Internet of Things (loT)","Aviation & Space Technology","Military Electronics","Mechanical Engineering","Rail Transit","Security & protection system","Lighting engineering"
"https://onlinecatalogue.electronicachina.com.cn/Public/Uploads/useimg/20250210/weibiaoti1.jpg","JARIZX","China","W5.608","https://onlinecatalogue.electronicachina.com.cn/journal/exhibitor/1102","Power supplies","Industrial Electronics / Industrial Control","Communication System","Aviation & Space Technology","Military Electronics","Rail Transit","","","","","","","","","",""
"https://onlinecatalogue.electronicachina.com.cn/Public/Uploads/useimg/20250123/JASDILOGO.jpg","Jasdi Chemicals Co., Ltd","China","N3.357","https://onlinecatalogue.electronicachina.com.cn/journal/exhibitor/1684","Sensor technology","Test and measurement","Electronic Design (ED/EDA)","Passive components (capacitors, resistors, inductors, etc.) and Relays","Connectors, Switches, Casing technology, Wire Harness, etc","Power supplies","PCBs, other circuit carrier","Electronic materials","Assemblies and subsystems","Automotive and testing","Artificial intelligence technology","Information gathering and services","Other, please indicate","Industrial Electronics / Industrial Control","Communication System","Consumer Electronics"
"https://onlinecatalogue.electronicachina.com.cn/Public/Uploads/useimg/20250306/jasonLOGO.png","JASON ELECTRONICS TECHNOLOGY LIMITED","China","N3.143","https://onlinecatalogue.electronicachina.com.cn/journal/exhibitor/1807","Sensor technology","Test and measurement","Information gathering and services","Industrial Electronics / Industrial Control","Automotive Electronics and EV","Medical Technology","Electricity and New Energy","Aviation & Space Technology","Military Electronics","Mechanical Engineering","Rail Transit","Security & protection system","Lighting engineering","Household appliances","",""
"https://onlinecatalogue.electronicachina.com.cn/Public/Uploads/useimg/20260601/PNG.png","JCS","China","N3.570","https://onlinecatalogue.electronicachina.com.cn/journal/exhibitor/3451","Semiconductors","Micronano-systems (MEMS, etc.)","Sensor technology","Other, please indicate","Industrial Electronics / Industrial Control","Communication System","Consumer Electronics","Automotive Electronics and EV","Aviation & Space Technology","Military Electronics","Lighting engineering","Household appliances","Mobile phone","","",""
"https://onlinecatalogue.electronicachina.com.cn/Public/Uploads/useimg/20260529/1716023506410-133.jpg","JETFGO","China","N3.347","https://onlinecatalogue.electronicachina.com.cn/journal/exhibitor/3105","Sensor technology","PCBs, other circuit carrier","Automotive and testing","Artificial intelligence technology","Other, please indicate","Industrial Electronics / Industrial Control","Communication System","Medical Technology","Electricity and New Energy","Internet of Things (loT)","Artificial Intelligence","Aviation & Space Technology","Military Electronics","Security & protection system","Others, please indicate",""
"https://onlinecatalogue.electronicachina.com.cn/Public/Uploads/uploadfile/images/20260323/eClogoShanghai776x328EN-527.png","JETTY","China","W2.817","https://onlinecatalogue.electronicachina.com.cn/journal/exhibitor/3386","","","","","","","","","","","","","","","",""
"https://onlinecatalogue.electronicachina.com.cn/Public/Uploads/useimg/20250225/jianchapai1.jpg","JIANCHA","China","W4.249","https://onlinecatalogue.electronicachina.com.cn/journal/exhibitor/2302","Connectors, Switches, Casing technology, Wire Harness, etc","Assemblies and subsystems","Industrial Electronics / Industrial Control","Communication System","Automotive Electronics and EV","Medical Technology","Electricity and New Energy","Aviation & Space Technology","Military Electronics","Mechanical Engineering","Rail Transit","Security & protection system","Lighting engineering","","",""
"https://onlinecatalogue.electronicachina.com.cn/Public/Uploads/uploadfile/images/20260323/eClogoShanghai776x328EN-527.png","Jiangmen Sedal Cetec Advanced Technical Ceramics Co.,Ltd.","China","W5.260","https://onlinecatalogue.electronicachina.com.cn/journal/exhibitor/3335","","","","","","","","","","","","","","","",""
"https://onlinecatalogue.electronicachina.com.cn/Public/Uploads/uploadfile/images/20260323/eClogoShanghai776x328EN-527.png","Jiangsu Allpower Microelectronics Co., Ltd.","China","N3.625","https://onlinecatalogue.electronicachina.com.cn/journal/exhibitor/1218","","","","","","","","","","","","","","","",""
"https://onlinecatalogue.electronicachina.com.cn/Public/Uploads/useimg/20260211/LOGO11-725.jpg","Jiangsu BardingTech intelligent manufacturing Co. Ltd","China","N3.150","https://onlinecatalogue.electronicachina.com.cn/journal/exhibitor/3123","Semiconductors","Embedded systems","Sensor technology","Electronic Design (ED/EDA)","Passive components (capacitors, resistors, inductors, etc.) and Relays","PCBs, other circuit carrier","Electronic Manufacturing Services (EMS)","Electronic materials","Assemblies and subsystems","Automotive and testing","Industrial Electronics / Industrial Control","Communication System","Automotive Electronics and EV","Medical Technology","Embodied Intelligence","Aviation & Space Technology"
"https://onlinecatalogue.electronicachina.com.cn/Public/Uploads/useimg/20260605/weixintupian2026050712151411287-343.png","Jiangsu Bowenix Automotive Systems Co., Ltd.","China","W2.656","https://onlinecatalogue.electronicachina.com.cn/journal/exhibitor/3599","Connectors, Switches, Casing technology, Wire Harness, etc","Industrial Electronics / Industrial Control","Automotive Electronics and EV","Medical Technology","Electricity and New Energy","Aviation & Space Technology","Mechanical Engineering","","","","","","","","",""
"https://onlinecatalogue.electronicachina.com.cn/Public/Uploads/useimg/20250324/biaozhibiaozhunxingshushi.png","Jiangsu Changjing Electronics Technology Co., Ltd.","China","N5.521","https://onlinecatalogue.electronicachina.com.cn/journal/exhibitor/1219","Semiconductors","Industrial Electronics / Industrial Control","Consumer Electronics","Automotive Electronics and EV","","","","","","","","","","","",""
"https://onlinecatalogue.electronicachina.com.cn/Public/Uploads/uploadfile/images/20260323/eClogoShanghai776x328EN-527.png","Jiangsu Dongchen Electronics Technology Co.,Ltd","China","N4.329","https://onlinecatalogue.electronicachina.com.cn/journal/exhibitor/1220","Semiconductors","Information gathering and services","Communication System","Consumer Electronics","Military Electronics","","","","","","","","","","",""
"https://onlinecatalogue.electronicachina.com.cn/Public/Uploads/uploadfile/images/20260323/eClogoShanghai776x328EN-527.png","Jiangsu Donghai Semiconductor Co.,Ltd","China","N4.337","https://onlinecatalogue.electronicachina.com.cn/journal/exhibitor/1221","","","","","","","","","","","","","","","",""
"https://onlinecatalogue.electronicachina.com.cn/Public/Uploads/uploadfile/images/20260323/eClogoShanghai776x328EN-527.png","Jiangsu Elesun Cable Co.,Ltd","China","W4.149","https://onlinecatalogue.electronicachina.com.cn/journal/exhibitor/1975","Connectors, Switches, Casing technology, Wire Harness, etc","Automotive and testing","Industrial Electronics / Industrial Control","Communication System","Automotive Electronics and EV","Medical Technology","","","","","","","","","",""
"https://onlinecatalogue.electronicachina.com.cn/Public/Uploads/useimg/20250328/LOGO240-292.png","Jiangsu Elite Instruments CO.,LTD","China","W5.648","https://onlinecatalogue.electronicachina.com.cn/journal/exhibitor/1938","Test and measurement","Artificial intelligence technology","Industrial Electronics / Industrial Control","Communication System","Consumer Electronics","Automotive Electronics and EV","Electricity and New Energy","Aviation & Space Technology","Military Electronics","Mechanical Engineering","Household appliances","","","","",""
"https://onlinecatalogue.electronicachina.com.cn/Public/Uploads/useimg/20260511/yuxingheng-596.jpg","Jiangsu Everstar Electronics Co.,Ltd.","China","N2.812","https://onlinecatalogue.electronicachina.com.cn/journal/exhibitor/913","Displays","Passive components (capacitors, resistors, inductors, etc.) and Relays","Information gathering and services","Industrial Electronics / Industrial Control","Communication System","Consumer Electronics","Automotive Electronics and EV","Medical Technology","Electricity and New Energy","Internet of Things (loT)","Mechanical Engineering","Security & protection system","Lighting engineering","Household appliances","Mobile phone",""
"https://onlinecatalogue.electronicachina.com.cn/Public/Uploads/uploadfile/images/20260323/eClogoShanghai776x328EN-527.png","Jiangsu Fangze New Materials Technology Co., Ltd","China","W5.176","https://onlinecatalogue.electronicachina.com.cn/journal/exhibitor/1756","Passive components (capacitors, resistors, inductors, etc.) and Relays","Power supplies","Wireless","Other, please indicate","Industrial Electronics / Industrial Control","Automotive Electronics and EV","Medical Technology","Rail Transit","Lighting engineering","Others, please indicate","","","","","",""
"https://onlinecatalogue.electronicachina.com.cn/Public/Uploads/useimg/20250218/a922904037d9af0063e0f373f33733c.jpg","Jiangsu Gaoge Microchip Electronics Co.,Ltd","China","N3.528","https://onlinecatalogue.electronicachina.com.cn/journal/exhibitor/1346","Semiconductors","Industrial Electronics / Industrial Control","Communication System","Consumer Electronics","Computers & Peripherals","Automotive Electronics and EV","Medical Technology","Electricity and New Energy","Aviation & Space Technology","Military Electronics","Security & protection system","Lighting engineering","Intelligent building","Household appliances","Mobile phone",""
"https://onlinecatalogue.electronicachina.com.cn/Public/Uploads/useimg/20250210/WechatIMG51.jpg","JIANGSU HAOSI ELECTRICAL TECHBOLOGY CO., LTD.","China","W3.842","https://onlinecatalogue.electronicachina.com.cn/journal/exhibitor/1880","Assemblies and subsystems","Industrial Electronics / Industrial Control","Communication System","Consumer Electronics","Automotive Electronics and EV","Medical Technology","Electricity and New Energy","Aviation & Space Technology","Mechanical Engineering","Lighting engineering","Household appliances","","","","",""
"https://onlinecatalogue.electronicachina.com.cn/Public/Uploads/useimg/20250304/logo3.4.png","Jiangsu HD Frequency Technology Co., Ltd.","China","N2.261","https://onlinecatalogue.electronicachina.com.cn/journal/exhibitor/2158","Semiconductors","Passive components (capacitors, resistors, inductors, etc.) and Relays","Information gathering and services","Industrial Electronics / Industrial Control","Communication System","Consumer Electronics","Computers & Peripherals","Automotive Electronics and EV","Medical Technology","Electricity and New Energy","Internet of Things (loT)","Aviation & Space Technology","Military Electronics","Mechanical Engineering","Rail Transit","Security & protection system"
"https://onlinecatalogue.electronicachina.com.cn/Public/Uploads/useimg/20250213/logo.png","Jiangsu High Device Intelligent Technology Co., LTD","China","W5.742","https://onlinecatalogue.electronicachina.com.cn/journal/exhibitor/2345","Electronic Design (ED/EDA)","Passive components (capacitors, resistors, inductors, etc.) and Relays","Connectors, Switches, Casing technology, Wire Harness, etc","PCBs, other circuit carrier","Information gathering and services","Industrial Electronics / Industrial Control","Communication System","Consumer Electronics","Automotive Electronics and EV","Medical Technology","Electricity and New Energy","Internet of Things (loT)","Aviation & Space Technology","Military Electronics","Mechanical Engineering","Rail Transit"
"https://onlinecatalogue.electronicachina.com.cn/Public/Uploads/uploadfile/images/20260323/eClogoShanghai776x328EN-527.png","Jiangsu High Diode Semiconductor Co.,Ltd.","China","N5.117","https://onlinecatalogue.electronicachina.com.cn/journal/exhibitor/3000","","","","","","","","","","","","","","","",""
"https://onlinecatalogue.electronicachina.com.cn/Public/Uploads/useimg/20260521/tupian1-434.png","Jiangsu Holy Ram Electronics Technology Limited","China","N1.251","https://onlinecatalogue.electronicachina.com.cn/journal/exhibitor/914","Passive components (capacitors, resistors, inductors, etc.) and Relays","Information gathering and services","Industrial Electronics / Industrial Control","Communication System","Consumer Electronics","Computers & Peripherals","Automotive Electronics and EV","Electricity and New Energy","Household appliances","Mobile phone","","","","","",""
"https://onlinecatalogue.electronicachina.com.cn/Public/Uploads/useimg/20260430/huanengshangbiaoR.png","JIANGSU HUAWHA ELECTRONICS CO.,LTD","China","N2.670","https://onlinecatalogue.electronicachina.com.cn/journal/exhibitor/2454","Passive components (capacitors, resistors, inductors, etc.) and Relays","Electronic materials","Consumer Electronics","","","","","","","","","","","","",""
"https://onlinecatalogue.electronicachina.com.cn/Public/Uploads/uploadfile/images/20260323/eClogoShanghai776x328EN-527.png","Jiangsu Jilai Microelectronics Co., Ltd","China","N5.636","https://onlinecatalogue.electronicachina.com.cn/journal/exhibitor/1222","","","","","","","","","","","","","","","",""
"https://onlinecatalogue.electronicachina.com.cn/Public/Uploads/uploadfile/images/20260323/eClogoShanghai776x328EN-527.png","Jiangsu Lanqier New Material Technology Co.,Ltd.","China","W2.931","https://onlinecatalogue.electronicachina.com.cn/journal/exhibitor/3306","","","","","","","","","","","","","","","",""
"https://onlinecatalogue.electronicachina.com.cn/Public/Uploads/useimg/20260521/liantongzhikongRGB-248.png","Jiangsu Liantong intelligent control technology Co.,Ltd.","China","W2.350","https://onlinecatalogue.electronicachina.com.cn/journal/exhibitor/3327","Connectors, Switches, Casing technology, Wire Harness, etc","Industrial Electronics / Industrial Control","Communication System","Automotive Electronics and EV","Electricity and New Energy","Internet of Things (loT)","Artificial Intelligence","Data Center / Cloud Computing","Mechanical Engineering","Rail Transit","Security & protection system","Intelligent building","","","",""
"https://onlinecatalogue.electronicachina.com.cn/Public/Uploads/useimg/20260508/dc655d68c4b1f2fa76da2c8ff4c65df3.jpg","JIANGSU LUTONG ELECTRIC CO., LTD","China","W4.588","https://onlinecatalogue.electronicachina.com.cn/journal/exhibitor/3129","Passive components (capacitors, resistors, inductors, etc.) and Relays","Connectors, Switches, Casing technology, Wire Harness, etc","Industrial Electronics / Industrial Control","Communication System","Automotive Electronics and EV","Electricity and New Energy","","","","","","","","","",""
"https://onlinecatalogue.electronicachina.com.cn/Public/Uploads/useimg/20250408/LOGO.jpg","JIANGSU POPPULA SEMICONDUCTOR CO., LTD","China","N5.545","https://onlinecatalogue.electronicachina.com.cn/journal/exhibitor/1223","Semiconductors","Automotive and testing","Information gathering and services","Industrial Electronics / Industrial Control","Communication System","Consumer Electronics","Computers & Peripherals","Automotive Electronics and EV","Medical Technology","Electricity and New Energy","Internet of Things (loT)","Mechanical Engineering","Rail Transit","Security & protection system","Lighting engineering","Intelligent building"
"https://onlinecatalogue.electronicachina.com.cn/Public/Uploads/useimg/20250406/weixintupian20250406124122-506.png","Jiangsu POWERSi Microelectronics Co.,Ltd","China","N3.658","https://onlinecatalogue.electronicachina.com.cn/journal/exhibitor/1224","Semiconductors","Information gathering and services","Electricity and New Energy","Household appliances","","","","","","","","","","","",""
"https://onlinecatalogue.electronicachina.com.cn/Public/Uploads/uploadfile/images/20260323/eClogoShanghai776x328EN-527.png","JIANGSU RAYSILICON TECHNOLOGIES CO.,LTD","China","N4.826","https://onlinecatalogue.electronicachina.com.cn/journal/exhibitor/1348","","","","","","","","","","","","","","","",""
"https://onlinecatalogue.electronicachina.com.cn/Public/Uploads/useimg/20260517/ruixinlogo03.jpg","Jiangsu RuiXIN Microelectronics CO., LTD","China","N3.646","https://onlinecatalogue.electronicachina.com.cn/journal/exhibitor/3461","Semiconductors","Consumer Electronics","Computers & Peripherals","Medical Technology","Security & protection system","Household appliances","Mobile phone","Others, please indicate","","","","","","","",""
"https://onlinecatalogue.electronicachina.com.cn/Public/Uploads/useimg/20250402/shun.jpg","Jiangsu Shunye Electronics Co., Ltd","China","N4.737","https://onlinecatalogue.electronicachina.com.cn/journal/exhibitor/1225","Semiconductors","Passive components (capacitors, resistors, inductors, etc.) and Relays","Industrial Electronics / Industrial Control","Consumer Electronics","Automotive Electronics and EV","Lighting engineering","","","","","","","","","",""
"https://onlinecatalogue.electronicachina.com.cn/Public/Uploads/useimg/20250221/boyuanLOGOdinggao1.jpg","Jiangsu Symbory Science & Technology Co.,Ltd","China","N2.141","https://onlinecatalogue.electronicachina.com.cn/journal/exhibitor/2279","Passive components (capacitors, resistors, inductors, etc.) and Relays","Information gathering and services","Industrial Electronics / Industrial Control","Automotive Electronics and EV","Electricity and New Energy","Military Electronics","Household appliances","","","","","","","","",""
"https://onlinecatalogue.electronicachina.com.cn/Public/Uploads/uploadfile/images/20260323/eClogoShanghai776x328EN-527.png","JIANGSU TSD ELECTRONICS TECHNOLOGY CO.,LTD","China","W4.353-10","https://onlinecatalogue.electronicachina.com.cn/journal/exhibitor/3629","","","","","","","","","","","","","","","",""
"https://onlinecatalogue.electronicachina.com.cn/Public/Uploads/useimg/20250403/lianyingjiguanglogoquanAI6.png","Jiangsu United Winners Laser Co.,Ltd.","China","W1.237","https://onlinecatalogue.electronicachina.com.cn/journal/exhibitor/2633","Semiconductors","Information gathering and services","Other, please indicate","Aviation & Space Technology","Mechanical Engineering","Others, please indicate","","","","","","","","","",""
"https://onlinecatalogue.electronicachina.com.cn/Public/Uploads/uploadfile/images/20260323/eClogoShanghai776x328EN-527.png","Jiangsu Yufeite Electronic Technology Co. , Ltd.","China","N2.136","https://onlinecatalogue.electronicachina.com.cn/journal/exhibitor/3218","","","","","","","","","","","","","","","",""
"https://onlinecatalogue.electronicachina.com.cn/Public/Uploads/uploadfile/images/20260323/eClogoShanghai776x328EN-527.png","Jiangsu Zhenhua Xinyun Electronics Co., Ltd","China","N1.905","https://onlinecatalogue.electronicachina.com.cn/journal/exhibitor/915","Passive components (capacitors, resistors, inductors, etc.) and Relays","Industrial Electronics / Industrial Control","Communication System","Consumer Electronics","Automotive Electronics and EV","Electricity and New Energy","Military Electronics","Mechanical Engineering","Security & protection system","Household appliances","","","","","",""
"https://onlinecatalogue.electronicachina.com.cn/Public/Uploads/uploadfile/images/20260323/eClogoShanghai776x328EN-527.png","Jiangxi Copper（Guangzhou）Optoelectronics Technology Co.,Ltd","China","W3.629","https://onlinecatalogue.electronicachina.com.cn/journal/exhibitor/3038","","","","","","","","","","","","","","","",""
"https://onlinecatalogue.electronicachina.com.cn/Public/Uploads/useimg/20260508/weixintupian2026050811540093152.png","JIANGXI FOLLON ELECTRONICS TECHNOLOGY CO.,LTD","China","N1.140","https://onlinecatalogue.electronicachina.com.cn/journal/exhibitor/1775","Passive components (capacitors, resistors, inductors, etc.) and Relays","Information gathering and services","Industrial Electronics / Industrial Control","Communication System","Consumer Electronics","Computers & Peripherals","Automotive Electronics and EV","Medical Technology","Electricity and New Energy","Security & protection system","Lighting engineering","Household appliances","","","",""
"https://onlinecatalogue.electronicachina.com.cn/Public/Uploads/useimg/20250219/weibiaoti1.png","Jiangxi Kaian New Materials Group Co.,Ltd","China","W2.636","https://onlinecatalogue.electronicachina.com.cn/journal/exhibitor/1565","Displays","Passive components (capacitors, resistors, inductors, etc.) and Relays","Connectors, Switches, Casing technology, Wire Harness, etc","Power supplies","Industrial Electronics / Industrial Control","Communication System","Consumer Electronics","Computers & Peripherals","Automotive Electronics and EV","Medical Technology","Electricity and New Energy","Aviation & Space Technology","Military Electronics","Household appliances","",""
"https://onlinecatalogue.electronicachina.com.cn/Public/Uploads/useimg/20250217/logo.jpg","Jiangxi Ruijingwei Electronics Co.,Ltd.","China","N4.929","https://onlinecatalogue.electronicachina.com.cn/journal/exhibitor/1226","Semiconductors","Assemblies and subsystems","Information gathering and services","Industrial Electronics / Industrial Control","Consumer Electronics","Household appliances","","","","","","","","","",""
"https://onlinecatalogue.electronicachina.com.cn/Public/Uploads/uploadfile/images/20260323/eClogoShanghai776x328EN-527.png","Jiangxi Salltech Microelectronics Technology Co., Ltd","China","N4.541","https://onlinecatalogue.electronicachina.com.cn/journal/exhibitor/1227","","","","","","","","","","","","","","","",""
"https://onlinecatalogue.electronicachina.com.cn/Public/Uploads/useimg/20260516/CSCElogo.jpg","Jiangxi Shichuang Electronics Co., Ltd.","China","W4.278","https://onlinecatalogue.electronicachina.com.cn/journal/exhibitor/2681","Connectors, Switches, Casing technology, Wire Harness, etc","PCBs, other circuit carrier","Electronic materials","Industrial Electronics / Industrial Control","Communication System","Consumer Electronics","Computers & Peripherals","Automotive Electronics and EV","Medical Technology","Electricity and New Energy","Internet of Things (loT)","Artificial Intelligence","Aviation & Space Technology","Military Electronics","Security & protection system","Intelligent building"
"https://onlinecatalogue.electronicachina.com.cn/Public/Uploads/useimg/20250307/weixintupian20250307091126.jpg","JIANGXI WEIQI ELECTRIC CO.,LTD.","China","N2.279","https://onlinecatalogue.electronicachina.com.cn/journal/exhibitor/2150","Embedded systems","Connectors, Switches, Casing technology, Wire Harness, etc","PCBs, other circuit carrier","Assemblies and subsystems","Automotive and testing","Information gathering and services","Industrial Electronics / Industrial Control","Communication System","Consumer Electronics","Automotive Electronics and EV","Medical Technology","Electricity and New Energy","Internet of Things (loT)","Aviation & Space Technology","Military Electronics","Mechanical Engineering"
"https://onlinecatalogue.electronicachina.com.cn/Public/Uploads/useimg/20250227/LOGO.png","Jiangyin Junlily Electronic Technology Co., Ltd","China","N2.120","https://onlinecatalogue.electronicachina.com.cn/journal/exhibitor/997","Passive components (capacitors, resistors, inductors, etc.) and Relays","Industrial Electronics / Industrial Control","Communication System","Consumer Electronics","Computers & Peripherals","Automotive Electronics and EV","Medical Technology","Electricity and New Energy","Internet of Things (loT)","Aviation & Space Technology","Mechanical Engineering","Rail Transit","Security & protection system","Lighting engineering","Intelligent building","Household appliances"
"https://onlinecatalogue.electronicachina.com.cn/Public/Uploads/uploadfile/images/20260323/eClogoShanghai776x328EN-527.png","Jiangyin Zohe Electronic Technology Co.LTD","China","N5.759","https://onlinecatalogue.electronicachina.com.cn/journal/exhibitor/1831","","","","","","","","","","","","","","","",""
"https://onlinecatalogue.electronicachina.com.cn/Public/Uploads/uploadfile/images/20260323/eClogoShanghai776x328EN-527.png","Jianmao Zhilian Precision Electronics (Wenzhou) Co., Ltd.","China","W4.836","https://onlinecatalogue.electronicachina.com.cn/journal/exhibitor/3514","","","","","","","","","","","","","","","",""
"https://onlinecatalogue.electronicachina.com.cn/Public/Uploads/uploadfile/images/20260323/eClogoShanghai776x328EN-527.png","JIAXING AIRIC POWER TECHNOLOGY CO.,LTD.","China","W3.329","https://onlinecatalogue.electronicachina.com.cn/journal/exhibitor/2479","","","","","","","","","","","","","","","",""
"https://onlinecatalogue.electronicachina.com.cn/Public/Uploads/uploadfile/images/20260323/eClogoShanghai776x328EN-527.png","JIAXING CHANGAI CHASSIS CO., LTD","China","N2.913","https://onlinecatalogue.electronicachina.com.cn/journal/exhibitor/998","","","","","","","","","","","","","","","",""
"https://onlinecatalogue.electronicachina.com.cn/Public/Uploads/useimg/20250220/logo.jpg","Jiaxing Chaoxu Electronics Co.,Ltd","China","N4.165","https://onlinecatalogue.electronicachina.com.cn/journal/exhibitor/2078","Semiconductors","Information gathering and services","Industrial Electronics / Industrial Control","Automotive Electronics and EV","Electricity and New Energy","","","","","","","","","","",""
"https://onlinecatalogue.electronicachina.com.cn/Public/Uploads/useimg/20260519/gongsilogo.png","Jiaxing Ju He Tai Copper Co.Ltd.","China","W2.140","https://onlinecatalogue.electronicachina.com.cn/journal/exhibitor/3462","Connectors, Switches, Casing technology, Wire Harness, etc","Electronic materials","Industrial Electronics / Industrial Control","Communication System","Consumer Electronics","Computers & Peripherals","Automotive Electronics and EV","Medical Technology","Electricity and New Energy","Data Center / Cloud Computing","Aviation & Space Technology","Military Electronics","Household appliances","Mobile phone","",""
"https://onlinecatalogue.electronicachina.com.cn/Public/Uploads/useimg/20260421/tianxinlogoanlv.png","JIAXING TITION WIRE CO.,LTD.","China","W2.336","https://onlinecatalogue.electronicachina.com.cn/journal/exhibitor/1460","Connectors, Switches, Casing technology, Wire Harness, etc","Other, please indicate","Industrial Electronics / Industrial Control","Consumer Electronics","Automotive Electronics and EV","Electricity and New Energy","Mechanical Engineering","Rail Transit","Lighting engineering","Intelligent building","Household appliances","","","","",""
"https://onlinecatalogue.electronicachina.com.cn/Public/Uploads/useimg/20260519/jiayidianzikeji01-929.jpg","JIAYI ELECTRONIC TECHNOLOGY (HUZHOU) CO., LTD.","China","N2.861","https://onlinecatalogue.electronicachina.com.cn/journal/exhibitor/2803","Passive components (capacitors, resistors, inductors, etc.) and Relays","Industrial Electronics / Industrial Control","Medical Technology","Electricity and New Energy","Aviation & Space Technology","Security & protection system","Household appliances","","","","","","","","",""
"https://onlinecatalogue.electronicachina.com.cn/Public/Uploads/useimg/20260325/morenbiaoti20260325111059-468.png","JICE (NANJING) TECHNOLOGY CO., LTD.","China","N3.859","https://onlinecatalogue.electronicachina.com.cn/journal/exhibitor/2828","Semiconductors","Displays","Test and measurement","Assemblies and subsystems","Other, please indicate","Industrial Electronics / Industrial Control","Communication System","Automotive Electronics and EV","Data Center / Cloud Computing","Aviation & Space Technology","","","","","",""
"https://onlinecatalogue.electronicachina.com.cn/Public/Uploads/useimg/20250327/2025logo.png","JIEPEI","China","W4.600","https://onlinecatalogue.electronicachina.com.cn/journal/exhibitor/1892","PCBs, other circuit carrier","Information gathering and services","Industrial Electronics / Industrial Control","Communication System","Consumer Electronics","Computers & Peripherals","Automotive Electronics and EV","Medical Technology","Electricity and New Energy","Internet of Things (loT)","Aviation & Space Technology","Military Electronics","Mechanical Engineering","Rail Transit","Security & protection system","Lighting engineering"
"https://onlinecatalogue.electronicachina.com.cn/Public/Uploads/useimg/20260521/weixintupian20260521145259.png","Jih vei electronics(kunshan)co.,ltd","China","W4.652","https://onlinecatalogue.electronicachina.com.cn/journal/exhibitor/3165","Connectors, Switches, Casing technology, Wire Harness, etc","Industrial Electronics / Industrial Control","Communication System","Consumer Electronics","Computers & Peripherals","Automotive Electronics and EV","Medical Technology","Internet of Things (loT)","Artificial Intelligence","Rail Transit","Lighting engineering","Intelligent building","Household appliances","Mobile phone","",""
"https://onlinecatalogue.electronicachina.com.cn/Public/Uploads/useimg/20250320/002.jpg","Jinan Filtemc Electronic Equipment Co.,Ltd","China","W5.771","https://onlinecatalogue.electronicachina.com.cn/journal/exhibitor/1755","Passive components (capacitors, resistors, inductors, etc.) and Relays","Industrial Electronics / Industrial Control","Communication System","Automotive Electronics and EV","Electricity and New Energy","Aviation & Space Technology","Military Electronics","Rail Transit","Security & protection system","","","","","","",""
"https://onlinecatalogue.electronicachina.com.cn/Public/Uploads/uploadfile/images/20260323/eClogoShanghai776x328EN-527.png","Jinan Xinyuan Semiconductor Co., Ltd.","China","N5.856","https://onlinecatalogue.electronicachina.com.cn/journal/exhibitor/2174","","","","","","","","","","","","","","","",""
"https://onlinecatalogue.electronicachina.com.cn/Public/Uploads/uploadfile/images/20260323/eClogoShanghai776x328EN-527.png","Jinan Youfeng Electronics Co.,Ltd","China","W2.537","https://onlinecatalogue.electronicachina.com.cn/journal/exhibitor/1461","","","","","","","","","","","","","","","",""
"https://onlinecatalogue.electronicachina.com.cn/Public/Uploads/useimg/20250402/jindongliLOGOtoumingbeijing.png","JINDONGLI INTELLIGENT TECHNOLOGY （SZ）CO.,LTD","China","N1.745","https://onlinecatalogue.electronicachina.com.cn/journal/exhibitor/916","Semiconductors","Passive components (capacitors, resistors, inductors, etc.) and Relays","Automotive and testing","Information gathering and services","Consumer Electronics","Computers & Peripherals","Automotive Electronics and EV","Electricity and New Energy","Artificial Intelligence","Data Center / Cloud Computing","Aviation & Space Technology","Military Electronics","","","",""
"https://onlinecatalogue.electronicachina.com.cn/Public/Uploads/uploadfile/images/20260323/eClogoShanghai776x328EN-527.png","JINGHUI ELECTRONICS TECHNOLOGY COMPANY LIMITED","China","W1.266","https://onlinecatalogue.electronicachina.com.cn/journal/exhibitor/1976","","","","","","","","","","","","","","","",""
"https://onlinecatalogue.electronicachina.com.cn/Public/Uploads/useimg/20260509/LOGOhengzuhe.png","Jinkaisheng Electronics Co., Ltd.","China","N3.632","https://onlinecatalogue.electronicachina.com.cn/journal/exhibitor/3400","Semiconductors","Sensor technology","Electronic Design (ED/EDA)","Passive components (capacitors, resistors, inductors, etc.) and Relays","PCBs, other circuit carrier","Electronic Manufacturing Services (EMS)","Electronic materials","Industrial Electronics / Industrial Control","Communication System","Consumer Electronics","Computers & Peripherals","Automotive Electronics and EV","Medical Technology","Electricity and New Energy","Embodied Intelligence","Artificial Intelligence"
"https://onlinecatalogue.electronicachina.com.cn/Public/Uploads/useimg/20260527/gongsilogo1.png","Jinvi Copper Corporation, Tongling Nonferrous Metals Group Co.,Ltd","China","W2.349","https://onlinecatalogue.electronicachina.com.cn/journal/exhibitor/3076","Electronic materials","Other, please indicate","Industrial Electronics / Industrial Control","Communication System","Consumer Electronics","Computers & Peripherals","Automotive Electronics and EV","Medical Technology","Electricity and New Energy","Internet of Things (loT)","Embodied Intelligence","Artificial Intelligence","Data Center / Cloud Computing","Aviation & Space Technology","Military Electronics","Mechanical Engineering"
"https://onlinecatalogue.electronicachina.com.cn/Public/Uploads/useimg/20250320/LOGO.png","JINZHOU KAIMEI POWER Co., Ltd.","China","N2.873","https://onlinecatalogue.electronicachina.com.cn/journal/exhibitor/2441","Passive components (capacitors, resistors, inductors, etc.) and Relays","Industrial Electronics / Industrial Control","Communication System","Consumer Electronics","Computers & Peripherals","Automotive Electronics and EV","Medical Technology","Electricity and New Energy","Internet of Things (loT)","Aviation & Space Technology","Military Electronics","Mechanical Engineering","Rail Transit","Security & protection system","Lighting engineering","Intelligent building"
"https://onlinecatalogue.electronicachina.com.cn/Public/Uploads/uploadfile/images/20260323/eClogoShanghai776x328EN-527.png","Jiujiang Shoi electric co., LTD","China","N2.666","https://onlinecatalogue.electronicachina.com.cn/journal/exhibitor/2716","","","","","","","","","","","","","","","",""
"https://onlinecatalogue.electronicachina.com.cn/Public/Uploads/useimg/20250115/JJMLogoSep28toumingdi.png","JJM","China","N5.525","https://onlinecatalogue.electronicachina.com.cn/journal/exhibitor/1229","Semiconductors","Information gathering and services","Industrial Electronics / Industrial Control","Communication System","Consumer Electronics","Automotive Electronics and EV","Medical Technology","Electricity and New Energy","Artificial Intelligence","Security & protection system","Intelligent building","Household appliances","Mobile phone","","",""
"https://onlinecatalogue.electronicachina.com.cn/Public/Uploads/uploadfile/images/20260323/eClogoShanghai776x328EN-527.png","JML  Micro Electronic （Shanghai）CO.,LTD","China","N3.653","https://onlinecatalogue.electronicachina.com.cn/journal/exhibitor/1104","","","","","","","","","","","","","","","",""
"https://onlinecatalogue.electronicachina.com.cn/Public/Uploads/useimg/20260422/weixintupian2026042111280114059.png","JOINECT ELECTRICAL TECHNOLOGY (CHUZHOU) CO., LTD.","China","W3.333","https://onlinecatalogue.electronicachina.com.cn/journal/exhibitor/3133","Connectors, Switches, Casing technology, Wire Harness, etc","Industrial Electronics / Industrial Control","Automotive Electronics and EV","Electricity and New Energy","Rail Transit","Intelligent building","","","","","","","","","",""
"https://onlinecatalogue.electronicachina.com.cn/Public/Uploads/uploadfile/images/20260323/eClogoShanghai776x328EN-527.png","JRready","China","W2.835","https://onlinecatalogue.electronicachina.com.cn/journal/exhibitor/2110","","","","","","","","","","","","","","","",""
"https://onlinecatalogue.electronicachina.com.cn/Public/Uploads/uploadfile/images/20260323/eClogoShanghai776x328EN-527.png","JSC","China","N5.826","https://onlinecatalogue.electronicachina.com.cn/journal/exhibitor/2425","","","","","","","","","","","","","","","",""
"https://onlinecatalogue.electronicachina.com.cn/Public/Uploads/useimg/20250218/logo240.jpg","JSXCONN","China","W3.320","https://onlinecatalogue.electronicachina.com.cn/journal/exhibitor/1463","Connectors, Switches, Casing technology, Wire Harness, etc","Industrial Electronics / Industrial Control","Communication System","Consumer Electronics","Computers & Peripherals","Automotive Electronics and EV","Medical Technology","Electricity and New Energy","Internet of Things (loT)","Security & protection system","Lighting engineering","Intelligent building","Household appliances","Mobile phone","",""
"https://onlinecatalogue.electronicachina.com.cn/Public/Uploads/useimg/20250225/JTELOGO.jpg","JTE Amperex","China","W1.110","https://onlinecatalogue.electronicachina.com.cn/journal/exhibitor/2478","Sensor technology","Connectors, Switches, Casing technology, Wire Harness, etc","Power supplies","Assemblies and subsystems","Automotive and testing","Industrial Electronics / Industrial Control","Consumer Electronics","Automotive Electronics and EV","Medical Technology","Electricity and New Energy","Embodied Intelligence","Artificial Intelligence","Data Center / Cloud Computing","Aviation & Space Technology","Military Electronics","Mechanical Engineering"
"https://onlinecatalogue.electronicachina.com.cn/Public/Uploads/useimg/20250401/1366999200.jpg","JURCC","China","N1.249","https://onlinecatalogue.electronicachina.com.cn/journal/exhibitor/917","Information gathering and services","Industrial Electronics / Industrial Control","Communication System","Consumer Electronics","Automotive Electronics and EV","Electricity and New Energy","Lighting engineering","Household appliances","","","","","","","",""
"https://onlinecatalogue.electronicachina.com.cn/Public/Uploads/useimg/20260526/JFYlogo.png","Just For You Enterprise Co,. Ltd.","Taiwan, China","W4.135","https://onlinecatalogue.electronicachina.com.cn/journal/exhibitor/3421","Electronic Design (ED/EDA)","Passive components (capacitors, resistors, inductors, etc.) and Relays","Electronic Manufacturing Services (EMS)","Electronic materials","Industrial Electronics / Industrial Control","Communication System","Consumer Electronics","Computers & Peripherals","Automotive Electronics and EV","Medical Technology","Electricity and New Energy","","","","",""
"https://onlinecatalogue.electronicachina.com.cn/Public/Uploads/useimg/20250221/tangshanguoxinjingyuanLOGO20241024.png","JYEG","China","N2.308","https://onlinecatalogue.electronicachina.com.cn/journal/exhibitor/999","Semiconductors","Information gathering and services","Industrial Electronics / Industrial Control","Communication System","Consumer Electronics","Computers & Peripherals","Automotive Electronics and EV","Medical Technology","Electricity and New Energy","Internet of Things (loT)","Aviation & Space Technology","Military Electronics","Mechanical Engineering","Rail Transit","Security & protection system","Household appliances"
"https://onlinecatalogue.electronicachina.com.cn/Public/Uploads/useimg/20260428/weimingmingyuyin.png","KAIJET TECHNOLOGY INTERNATIONAL CORPORATION","Taiwan, China","W4.234","https://onlinecatalogue.electronicachina.com.cn/journal/exhibitor/3422","Connectors, Switches, Casing technology, Wire Harness, etc","Wireless","Consumer Electronics","Computers & Peripherals","","","","","","","","","","","",""
"https://onlinecatalogue.electronicachina.com.cn/Public/Uploads/uploadfile/images/20260323/eClogoShanghai776x328EN-527.png","KAIMEI SEMICONDUCTOR (SUZHOU) CO., LTD","China","N3.500","https://onlinecatalogue.electronicachina.com.cn/journal/exhibitor/2943","","","","","","","","","","","","","","","",""
"https://onlinecatalogue.electronicachina.com.cn/Public/Uploads/useimg/20250413/huishe.png","KANEMATSU CORPORATION / JAPAN PURE CHEMICAL CO., LTD.","Japan","W1.100","https://onlinecatalogue.electronicachina.com.cn/journal/exhibitor/1464","Other, please indicate","Industrial Electronics / Industrial Control","Communication System","Consumer Electronics","Computers & Peripherals","Automotive Electronics and EV","Electricity and New Energy","Household appliances","Mobile phone","","","","","","",""
"https://onlinecatalogue.electronicachina.com.cn/Public/Uploads/useimg/20260205/changyoulogo.jpg","Keep Best","China","N3.242","https://onlinecatalogue.electronicachina.com.cn/journal/exhibitor/1704","PCBs, other circuit carrier","Industrial Electronics / Industrial Control","Communication System","Consumer Electronics","Automotive Electronics and EV","Medical Technology","Electricity and New Energy","Internet of Things (loT)","Embodied Intelligence","Artificial Intelligence","Data Center / Cloud Computing","Aviation & Space Technology","Mechanical Engineering","Rail Transit","Security & protection system","Lighting engineering"
"https://onlinecatalogue.electronicachina.com.cn/Public/Uploads/useimg/20250228/KELLOGO2022SZ.png","KEL (Shanghai) Corporation","Japan","W1.608","https://onlinecatalogue.electronicachina.com.cn/journal/exhibitor/1465","Connectors, Switches, Casing technology, Wire Harness, etc","Industrial Electronics / Industrial Control","Communication System","Consumer Electronics","Automotive Electronics and EV","Medical Technology","Electricity and New Energy","Internet of Things (loT)","Aviation & Space Technology","Military Electronics","Mechanical Engineering","Rail Transit","Security & protection system","Lighting engineering","Intelligent building","Household appliances"
"https://onlinecatalogue.electronicachina.com.cn/Public/Uploads/useimg/20250227/WechatIMG667.jpg","KEMAX","China","W4.736","https://onlinecatalogue.electronicachina.com.cn/journal/exhibitor/1688","Connectors, Switches, Casing technology, Wire Harness, etc","Automotive and testing","Artificial intelligence technology","Industrial Electronics / Industrial Control","Communication System","Computers & Peripherals","Automotive Electronics and EV","Medical Technology","Internet of Things (loT)","Rail Transit","","","","","",""
"https://onlinecatalogue.electronicachina.com.cn/Public/Uploads/useimg/20260507/kemeitailogo.png","Kemeitai (Anhui) New Materials Co., Ltd","China","N3.737","https://onlinecatalogue.electronicachina.com.cn/journal/exhibitor/2463","Electronic materials","Industrial Electronics / Industrial Control","Consumer Electronics","Automotive Electronics and EV","Others, please indicate","","","","","","","","","","",""
"https://onlinecatalogue.electronicachina.com.cn/Public/Uploads/useimg/20250317/KennerLogo2019touming.png","Kenner Material & System Co., Ltd.","China","N4.921","https://onlinecatalogue.electronicachina.com.cn/journal/exhibitor/1231","Semiconductors","Passive components (capacitors, resistors, inductors, etc.) and Relays","Information gathering and services","Other, please indicate","Industrial Electronics / Industrial Control","Consumer Electronics","Computers & Peripherals","Automotive Electronics and EV","Household appliances","Mobile phone","Others, please indicate","","","","",""
"https://onlinecatalogue.electronicachina.com.cn/Public/Uploads/useimg/20260519/logoshangxia.jpg","KEYENCE (CHINA) CO.,LTD.","Japan","W5.906","https://onlinecatalogue.electronicachina.com.cn/journal/exhibitor/3349","Sensor technology","Test and measurement","Industrial Electronics / Industrial Control","Communication System","Consumer Electronics","Computers & Peripherals","Automotive Electronics and EV","Medical Technology","Internet of Things (loT)","Embodied Intelligence","Artificial Intelligence","Data Center / Cloud Computing","Mechanical Engineering","Mobile phone","",""
"https://onlinecatalogue.electronicachina.com.cn/Public/Uploads/useimg/20260604/5e409972434bac1ab4e301e27046335d-527.png","Keysida Electronics Company (HongKong) .,LTD","China","N3.717","https://onlinecatalogue.electronicachina.com.cn/journal/exhibitor/3324","Semiconductors","Connectors, Switches, Casing technology, Wire Harness, etc","Consumer Electronics","Automotive Electronics and EV","","","","","","","","","","","",""
"https://onlinecatalogue.electronicachina.com.cn/Public/Uploads/uploadfile/images/20260323/eClogoShanghai776x328EN-527.png","Kfuse","China","N2.645","https://onlinecatalogue.electronicachina.com.cn/journal/exhibitor/3041","","","","","","","","","","","","","","","",""
"https://onlinecatalogue.electronicachina.com.cn/Public/Uploads/useimg/20250407/weibiaoti1.png","KIA SEMICONDUCTOR","China","N5.225","https://onlinecatalogue.electronicachina.com.cn/journal/exhibitor/1232","Semiconductors","Power supplies","Information gathering and services","Industrial Electronics / Industrial Control","Communication System","Automotive Electronics and EV","Medical Technology","Electricity and New Energy","Internet of Things (loT)","Mechanical Engineering","Security & protection system","Lighting engineering","Household appliances","","",""
"https://onlinecatalogue.electronicachina.com.cn/Public/Uploads/useimg/20250206/gongsi.jpg","KIKUSUI","Japan","W5.568","https://onlinecatalogue.electronicachina.com.cn/journal/exhibitor/1106","Test and measurement","Power supplies","Others, please indicate","","","","","","","","","","","","",""
"https://onlinecatalogue.electronicachina.com.cn/Public/Uploads/useimg/20250221/canda.jpg","KinaTech ELECTRONIC(DongGuan）CO.,LTD","China","W2.317","https://onlinecatalogue.electronicachina.com.cn/journal/exhibitor/1567","Semiconductors","Sensor technology","Connectors, Switches, Casing technology, Wire Harness, etc","Assemblies and subsystems","Automotive and testing","Information gathering and services","Industrial Electronics / Industrial Control","Communication System","Consumer Electronics","Computers & Peripherals","Automotive Electronics and EV","Medical Technology","Electricity and New Energy","Internet of Things (loT)","Aviation & Space Technology","Military Electronics"
"https://onlinecatalogue.electronicachina.com.cn/Public/Uploads/uploadfile/images/20260323/eClogoShanghai776x328EN-527.png","KING-CORD CO., LTD.","China","W4.315","https://onlinecatalogue.electronicachina.com.cn/journal/exhibitor/1689","","","","","","","","","","","","","","","",""
"https://onlinecatalogue.electronicachina.com.cn/Public/Uploads/useimg/20260315/KinKuo-859.jpg","KINKUO ASIA LIMITED.","China","W1.161","https://onlinecatalogue.electronicachina.com.cn/journal/exhibitor/2713","Connectors, Switches, Casing technology, Wire Harness, etc","Industrial Electronics / Industrial Control","Communication System","Computers & Peripherals","Automotive Electronics and EV","Internet of Things (loT)","Data Center / Cloud Computing","","","","","","","","",""
"https://onlinecatalogue.electronicachina.com.cn/Public/Uploads/useimg/20250303/KMDgroup.png","KMD Advanced Materials","China","W2.549","https://onlinecatalogue.electronicachina.com.cn/journal/exhibitor/1568","Connectors, Switches, Casing technology, Wire Harness, etc","Communication System","Consumer Electronics","Computers & Peripherals","Automotive Electronics and EV","Electricity and New Energy","","","","","","","","","",""
"https://onlinecatalogue.electronicachina.com.cn/Public/Uploads/useimg/20250328/KNSCHAlogo.png","KNSCHA ELECTRONICS CO.,LIMITED","China","N1.132","https://onlinecatalogue.electronicachina.com.cn/journal/exhibitor/900","Passive components (capacitors, resistors, inductors, etc.) and Relays","Industrial Electronics / Industrial Control","Communication System","Consumer Electronics","Automotive Electronics and EV","Electricity and New Energy","Security & protection system","","","","","","","","",""
"https://onlinecatalogue.electronicachina.com.cn/Public/Uploads/useimg/20250310/ketianshiLOGO.png","KODENSHI","Korea","N4.501","https://onlinecatalogue.electronicachina.com.cn/journal/exhibitor/1233","Semiconductors","Sensor technology","Automotive and testing","Industrial Electronics / Industrial Control","Communication System","Consumer Electronics","Computers & Peripherals","Automotive Electronics and EV","Medical Technology","Mechanical Engineering","Rail Transit","Security & protection system","Lighting engineering","Intelligent building","Household appliances",""
"https://onlinecatalogue.electronicachina.com.cn/Public/Uploads/useimg/20250403/kehuoLOGO-730.png","Koher (Shanghai) Electronics Co.,Ltd.","China","N1.553","https://onlinecatalogue.electronicachina.com.cn/journal/exhibitor/919","Passive components (capacitors, resistors, inductors, etc.) and Relays","Assemblies and subsystems","Information gathering and services","Industrial Electronics / Industrial Control","Communication System","Consumer Electronics","Automotive Electronics and EV","Medical Technology","Electricity and New Energy","Internet of Things (loT)","Mechanical Engineering","Security & protection system","Lighting engineering","Household appliances","",""
"https://onlinecatalogue.electronicachina.com.cn/Public/Uploads/uploadfile/images/20260323/eClogoShanghai776x328EN-527.png","Korchip Corporation","Korea","N1.826","https://onlinecatalogue.electronicachina.com.cn/journal/exhibitor/3230","","","","","","","","","","","","","","","",""
"https://onlinecatalogue.electronicachina.com.cn/Public/Uploads/useimg/20250407/1-705.png","KOREA SYSTEM IC PAVILION","Korea","N3.506","https://onlinecatalogue.electronicachina.com.cn/journal/exhibitor/1349","Semiconductors","Electronic Design (ED/EDA)","Communication System","Electricity and New Energy","","","","","","","","","","","",""
"https://onlinecatalogue.electronicachina.com.cn/Public/Uploads/useimg/20250314/deguomuniheizhan1.png","KOSHIN ELECTRONICS (CHENZHOU) LIMITED","China","N1.621","https://onlinecatalogue.electronicachina.com.cn/journal/exhibitor/920","Passive components (capacitors, resistors, inductors, etc.) and Relays","Industrial Electronics / Industrial Control","Communication System","Consumer Electronics","Computers & Peripherals","Automotive Electronics and EV","Medical Technology","Electricity and New Energy","Aviation & Space Technology","Military Electronics","Mechanical Engineering","Household appliances","Mobile phone","","",""
"https://onlinecatalogue.electronicachina.com.cn/Public/Uploads/useimg/20260401/KUKLogoText2cCoi1FB784.jpg","Kuk (China) Co., Ltd.","Switzerland","N1.866","https://onlinecatalogue.electronicachina.com.cn/journal/exhibitor/921","Passive components (capacitors, resistors, inductors, etc.) and Relays","Industrial Electronics / Industrial Control","Automotive Electronics and EV","Medical Technology","","","","","","","","","","","",""
"https://onlinecatalogue.electronicachina.com.cn/Public/Uploads/useimg/20260520/weixintupian2026050716460019149.jpg","Kun Shan Durable Precision Technology Co.,Ltd.","China","W2.903","https://onlinecatalogue.electronicachina.com.cn/journal/exhibitor/3287","Semiconductors","Embedded systems","Displays","Micronano-systems (MEMS, etc.)","Sensor technology","Test and measurement","Electronic Design (ED/EDA)","Passive components (capacitors, resistors, inductors, etc.) and Relays","Connectors, Switches, Casing technology, Wire Harness, etc","Power supplies","PCBs, other circuit carrier","Electronic Manufacturing Services (EMS)","Electronic materials","Assemblies and subsystems","Automotive and testing","Wireless"
"https://onlinecatalogue.electronicachina.com.cn/Public/Uploads/useimg/20250319/a37f3376e2bc6e5ac017be16b537500.jpg","KunSemi (Shanghai) Technology Co.,Ltd.","China","N3.612","https://onlinecatalogue.electronicachina.com.cn/journal/exhibitor/2079","Semiconductors","Information gathering and services","Industrial Electronics / Industrial Control","Automotive Electronics and EV","Electricity and New Energy","Military Electronics","Mechanical Engineering","","","","","","","","",""
"https://onlinecatalogue.electronicachina.com.cn/Public/Uploads/useimg/20250210/mmexport1739157010965.jpg","Kunshan Cheng Yang Electronics Co., Ltd.","China","W5.352","https://onlinecatalogue.electronicachina.com.cn/journal/exhibitor/2285","Passive components (capacitors, resistors, inductors, etc.) and Relays","Industrial Electronics / Industrial Control","Communication System","Consumer Electronics","Computers & Peripherals","Automotive Electronics and EV","Medical Technology","Electricity and New Energy","Security & protection system","Lighting engineering","Household appliances","","","","",""
"https://onlinecatalogue.electronicachina.com.cn/Public/Uploads/uploadfile/images/20260323/eClogoShanghai776x328EN-527.png","Kunshan City win Metal Products Co.,Ltd.","China","W3.160","https://onlinecatalogue.electronicachina.com.cn/journal/exhibitor/3299","","","","","","","","","","","","","","","",""
"https://onlinecatalogue.electronicachina.com.cn/Public/Uploads/useimg/20260604/shangbiao.png","Kunshan Coneson Electronic Technology Co., Ltd","China","W4.353-9","https://onlinecatalogue.electronicachina.com.cn/journal/exhibitor/3633","Semiconductors","Sensor technology","Electronic Design (ED/EDA)","Connectors, Switches, Casing technology, Wire Harness, etc","Electronic Manufacturing Services (EMS)","Electronic materials","Assemblies and subsystems","Automotive and testing","Industrial Electronics / Industrial Control","Communication System","Automotive Electronics and EV","Medical Technology","Electricity and New Energy","Internet of Things (loT)","Artificial Intelligence","Data Center / Cloud Computing"
"https://onlinecatalogue.electronicachina.com.cn/Public/Uploads/useimg/20250212/shuiyin5.png","KunShan Connector Electronics Co., Ltd.","China","W1.803","https://onlinecatalogue.electronicachina.com.cn/journal/exhibitor/1466","Passive components (capacitors, resistors, inductors, etc.) and Relays","PCBs, other circuit carrier","Information gathering and services","Industrial Electronics / Industrial Control","Communication System","Consumer Electronics","Automotive Electronics and EV","Medical Technology","Electricity and New Energy","Internet of Things (loT)","Aviation & Space Technology","Military Electronics","Mechanical Engineering","Rail Transit","Security & protection system","Lighting engineering"
"https://onlinecatalogue.electronicachina.com.cn/Public/Uploads/useimg/20250213/caiseLOGOgaoqing.jpg","Kunshan Dloorplf Electronic Technology Co.,Ltd.","China","W1.650","https://onlinecatalogue.electronicachina.com.cn/journal/exhibitor/1468","Semiconductors","Test and measurement","Communication System","Consumer Electronics","Aviation & Space Technology","","","","","","","","","","",""
"https://onlinecatalogue.electronicachina.com.cn/Public/Uploads/uploadfile/images/20260323/eClogoShanghai776x328EN-527.png","KUNSHAN GAOQIANG INDUSTRIAL EQUIPMENT CO.,LTD.","Taiwan, China","N3.741","https://onlinecatalogue.electronicachina.com.cn/journal/exhibitor/3401","","","","","","","","","","","","","","","",""
"https://onlinecatalogue.electronicachina.com.cn/Public/Uploads/useimg/20250401/hengbanLOGO-115.png","KunShan Golden-Wave Electronic Co.,Ltd","China","N1.152","https://onlinecatalogue.electronicachina.com.cn/journal/exhibitor/922","Passive components (capacitors, resistors, inductors, etc.) and Relays","Information gathering and services","Industrial Electronics / Industrial Control","Communication System","Consumer Electronics","Computers & Peripherals","Automotive Electronics and EV","Medical Technology","Electricity and New Energy","Internet of Things (loT)","Aviation & Space Technology","Military Electronics","Mechanical Engineering","Rail Transit","Lighting engineering","Intelligent building"
"https://onlinecatalogue.electronicachina.com.cn/Public/Uploads/useimg/20250313/PINREXLOGO.png","Kunshan Leopold Precision Electron Co.,Ltd","China","W1.749","https://onlinecatalogue.electronicachina.com.cn/journal/exhibitor/1570","Connectors, Switches, Casing technology, Wire Harness, etc","Industrial Electronics / Industrial Control","Communication System","Consumer Electronics","Computers & Peripherals","Automotive Electronics and EV","Medical Technology","Electricity and New Energy","Aviation & Space Technology","Military Electronics","Mechanical Engineering","Rail Transit","Security & protection system","Lighting engineering","Intelligent building","Household appliances"
"https://onlinecatalogue.electronicachina.com.cn/Public/Uploads/useimg/20260515/5db832811c7e229155a36bd63b3729ab.png","Kunshan Liming Semiconductor Material Co., LTD","China","N5.828","https://onlinecatalogue.electronicachina.com.cn/journal/exhibitor/1234","Semiconductors","Other, please indicate","Communication System","Consumer Electronics","Automotive Electronics and EV","Lighting engineering","","","","","","","","","",""
"https://onlinecatalogue.electronicachina.com.cn/Public/Uploads/useimg/20250313/gonglogo.jpg","Kunshan Lugong Precision Instrument Co., Ltd","China","N3.583","https://onlinecatalogue.electronicachina.com.cn/journal/exhibitor/2634","Test and measurement","Industrial Electronics / Industrial Control","Communication System","Consumer Electronics","Computers & Peripherals","Automotive Electronics and EV","Medical Technology","Electricity and New Energy","Aviation & Space Technology","Military Electronics","Mechanical Engineering","Rail Transit","Security & protection system","Lighting engineering","",""
"https://onlinecatalogue.electronicachina.com.cn/Public/Uploads/uploadfile/images/20260323/eClogoShanghai776x328EN-527.png","KUNSHAN MXCONN ELECTRONIC CO., LTD.","China","W3.163","https://onlinecatalogue.electronicachina.com.cn/journal/exhibitor/1977","Semiconductors","Connectors, Switches, Casing technology, Wire Harness, etc","Power supplies","Industrial Electronics / Industrial Control","Communication System","Consumer Electronics","Computers & Peripherals","Automotive Electronics and EV","Medical Technology","Electricity and New Energy","Internet of Things (loT)","Aviation & Space Technology","Military Electronics","Mechanical Engineering","Rail Transit","Security & protection system"
"https://onlinecatalogue.electronicachina.com.cn/Public/Uploads/uploadfile/images/20260323/eClogoShanghai776x328EN-527.png","Kunshan Pavilion","China","W4.353","https://onlinecatalogue.electronicachina.com.cn/journal/exhibitor/3499","","","","","","","","","","","","","","","",""
"https://onlinecatalogue.electronicachina.com.cn/Public/Uploads/useimg/20250407/weixintupian20250407150220.png","KunShan RongSheng Spring  Co.,ltd","China","W3.250","https://onlinecatalogue.electronicachina.com.cn/journal/exhibitor/2199","Connectors, Switches, Casing technology, Wire Harness, etc","Assemblies and subsystems","Automotive and testing","Information gathering and services","Industrial Electronics / Industrial Control","Communication System","Consumer Electronics","Computers & Peripherals","Automotive Electronics and EV","Medical Technology","Electricity and New Energy","Internet of Things (loT)","Aviation & Space Technology","Military Electronics","Mechanical Engineering","Intelligent building"
"https://onlinecatalogue.electronicachina.com.cn/Public/Uploads/useimg/20260604/gongsiLOGO.png","Kunshan TVOR electronic technology co. LTD","China","W4.353-7","https://onlinecatalogue.electronicachina.com.cn/journal/exhibitor/3635","Semiconductors","Electronic Design (ED/EDA)","Passive components (capacitors, resistors, inductors, etc.) and Relays","Connectors, Switches, Casing technology, Wire Harness, etc","Power supplies","Electronic materials","Assemblies and subsystems","Automotive and testing","Artificial intelligence technology","Industrial Electronics / Industrial Control","Communication System","Consumer Electronics","Computers & Peripherals","Automotive Electronics and EV","Medical Technology","Electricity and New Energy"
"https://onlinecatalogue.electronicachina.com.cn/Public/Uploads/useimg/20250210/1739165308714.png","KUNSHAN XIMENKAN ELECTRONIC & ELECTRIC CO., LTD.","China","W3.621","https://onlinecatalogue.electronicachina.com.cn/journal/exhibitor/1571","Connectors, Switches, Casing technology, Wire Harness, etc","Industrial Electronics / Industrial Control","Communication System","Consumer Electronics","Computers & Peripherals","Automotive Electronics and EV","Medical Technology","Electricity and New Energy","Internet of Things (loT)","Aviation & Space Technology","Military Electronics","Mechanical Engineering","Rail Transit","Security & protection system","Lighting engineering","Intelligent building"
"https://onlinecatalogue.electronicachina.com.cn/Public/Uploads/uploadfile/images/20260323/eClogoShanghai776x328EN-527.png","Kynix Technology (Shenzhen) Co.,Ltd","China","W5.521-1","https://onlinecatalogue.electronicachina.com.cn/journal/exhibitor/2390","","","","","","","","","","","","","","","",""
"https://onlinecatalogue.electronicachina.com.cn/Public/Uploads/uploadfile/images/20260323/eClogoShanghai776x328EN-527.png","KYOTOKU Electronics Co., Ltd","Japan","N5.235","https://onlinecatalogue.electronicachina.com.cn/journal/exhibitor/3643","","","","","","","","","","","","","","","",""
"https://onlinecatalogue.electronicachina.com.cn/Public/Uploads/useimg/20260511/zhanhuiLOGOweitu.png","LABOO Intelligent Technology Co., Ltd.","China","W3.572","https://onlinecatalogue.electronicachina.com.cn/journal/exhibitor/3004","Connectors, Switches, Casing technology, Wire Harness, etc","Industrial Electronics / Industrial Control","Communication System","Computers & Peripherals","Automotive Electronics and EV","Medical Technology","Electricity and New Energy","Internet of Things (loT)","Embodied Intelligence","Artificial Intelligence","Aviation & Space Technology","Mechanical Engineering","Rail Transit","Lighting engineering","Intelligent building","Household appliances"
"https://onlinecatalogue.electronicachina.com.cn/Public/Uploads/useimg/20250120/c889b45f8720780a8f8ec655832cfda.png","LABTONE TEST EQUIPMENT CO.,LTD","China","W5.635","https://onlinecatalogue.electronicachina.com.cn/journal/exhibitor/1107","Semiconductors","Embedded systems","Displays","Micronano-systems (MEMS, etc.)","Sensor technology","Test and measurement","Electronic Design (ED/EDA)","Passive components (capacitors, resistors, inductors, etc.) and Relays","Connectors, Switches, Casing technology, Wire Harness, etc","Power supplies","PCBs, other circuit carrier","Assemblies and subsystems","Automotive and testing","Information gathering and services","Industrial Electronics / Industrial Control","Communication System"
"https://onlinecatalogue.electronicachina.com.cn/Public/Uploads/uploadfile/images/20260323/eClogoShanghai776x328EN-527.png","LangAn(Tianjin)New Energy Co.,Ltd","China","W4.657","https://onlinecatalogue.electronicachina.com.cn/journal/exhibitor/3153","","","","","","","","","","","","","","","",""
"https://onlinecatalogue.electronicachina.com.cn/Public/Uploads/uploadfile/images/20260323/eClogoShanghai776x328EN-527.png","Langjie (Wenzhou) Polymer New Materials Co., Ltd.","China","W3.263","https://onlinecatalogue.electronicachina.com.cn/journal/exhibitor/2769","","","","","","","","","","","","","","","",""
"https://onlinecatalogue.electronicachina.com.cn/Public/Uploads/useimg/20250410/410-31.jpg","Leadsilicon Semiconductor Ltd.","China","N4.569","https://onlinecatalogue.electronicachina.com.cn/journal/exhibitor/1235","Semiconductors","Embedded systems","Displays","Passive components (capacitors, resistors, inductors, etc.) and Relays","Information gathering and services","Industrial Electronics / Industrial Control","Communication System","Consumer Electronics","Computers & Peripherals","Automotive Electronics and EV","Electricity and New Energy","Internet of Things (loT)","Intelligent building","","",""
"https://onlinecatalogue.electronicachina.com.cn/Public/Uploads/useimg/20250402/lingmaiwei.jpg","LEAMEMS","China","N3.647","https://onlinecatalogue.electronicachina.com.cn/journal/exhibitor/1952","Semiconductors","Sensor technology","Industrial Electronics / Industrial Control","Security & protection system","Household appliances","","","","","","","","","","",""
"https://onlinecatalogue.electronicachina.com.cn/Public/Uploads/useimg/20250224/LogoLBAColorpositif.png","Lebronze alloys","France","W2.266","https://onlinecatalogue.electronicachina.com.cn/journal/exhibitor/1779","Sensor technology","Test and measurement","Passive components (capacitors, resistors, inductors, etc.) and Relays","Connectors, Switches, Casing technology, Wire Harness, etc","Power supplies","Assemblies and subsystems","Automotive and testing","Information gathering and services","Industrial Electronics / Industrial Control","Communication System","Consumer Electronics","Automotive Electronics and EV","Medical Technology","Electricity and New Energy","Aviation & Space Technology","Rail Transit"
"https://onlinecatalogue.electronicachina.com.cn/Public/Uploads/uploadfile/images/20260323/eClogoShanghai776x328EN-527.png","LECI Electronics Co., LTD","China","W4.381","https://onlinecatalogue.electronicachina.com.cn/journal/exhibitor/3550","Electronic Design (ED/EDA)","Connectors, Switches, Casing technology, Wire Harness, etc","Electronic Manufacturing Services (EMS)","Electronic materials","Consumer Electronics","Computers & Peripherals","Automotive Electronics and EV","Medical Technology","Electricity and New Energy","Lighting engineering","Household appliances","","","","",""
"https://onlinecatalogue.electronicachina.com.cn/Public/Uploads/useimg/20250206/weibiaoti1.jpg","Legendsemi","China","N4.713","https://onlinecatalogue.electronicachina.com.cn/journal/exhibitor/1350","Semiconductors","Industrial Electronics / Industrial Control","Communication System","Medical Technology","Electricity and New Energy","","","","","","","","","","",""
"https://onlinecatalogue.electronicachina.com.cn/Public/Uploads/uploadfile/images/20260323/eClogoShanghai776x328EN-527.png","Leitung Precision Copper Materials (Luoyang) Co., Ltd.","China","W1.927","https://onlinecatalogue.electronicachina.com.cn/journal/exhibitor/3198","","","","","","","","","","","","","","","",""
"https://onlinecatalogue.electronicachina.com.cn/Public/Uploads/useimg/20250204/6f849abdfa717064a6272a7497458ad.jpg","Lengshuijiang Huixing Electronic Ceramics Co.,Ltd","China","N2.818","https://onlinecatalogue.electronicachina.com.cn/journal/exhibitor/2024","Semiconductors","Passive components (capacitors, resistors, inductors, etc.) and Relays","Automotive and testing","Information gathering and services","Industrial Electronics / Industrial Control","Communication System","Consumer Electronics","Automotive Electronics and EV","Medical Technology","Electricity and New Energy","Aviation & Space Technology","Military Electronics","Household appliances","Mobile phone","",""
"https://onlinecatalogue.electronicachina.com.cn/Public/Uploads/uploadfile/images/20260323/eClogoShanghai776x328EN-527.png","LEONILCS","Germany","W2.526","https://onlinecatalogue.electronicachina.com.cn/journal/exhibitor/1470","","","","","","","","","","","","","","","",""
"https://onlinecatalogue.electronicachina.com.cn/Public/Uploads/useimg/20250303/LRCLOGO24080.png","Leshan Radio Co.,Ltd.","China","N4.537","https://onlinecatalogue.electronicachina.com.cn/journal/exhibitor/1832","Semiconductors","Information gathering and services","Industrial Electronics / Industrial Control","Communication System","Consumer Electronics","Computers & Peripherals","Automotive Electronics and EV","Medical Technology","Electricity and New Energy","Internet of Things (loT)","Aviation & Space Technology","Mechanical Engineering","Rail Transit","Security & protection system","Lighting engineering","Intelligent building"
"https://onlinecatalogue.electronicachina.com.cn/Public/Uploads/useimg/20251212/xierlogo.png","Leshan Share Electronics Co., Ltd","China","N5.637","https://onlinecatalogue.electronicachina.com.cn/journal/exhibitor/1236","Semiconductors","Industrial Electronics / Industrial Control","Automotive Electronics and EV","Electricity and New Energy","Household appliances","","","","","","","","","","",""
"https://onlinecatalogue.electronicachina.com.cn/Public/Uploads/uploadfile/images/20260323/eClogoShanghai776x328EN-527.png","LEX IntelliConnect Technology(Shanghai) Co., Ltd.","China","W2.617","https://onlinecatalogue.electronicachina.com.cn/journal/exhibitor/3072","","","","","","","","","","","","","","","",""
"https://onlinecatalogue.electronicachina.com.cn/Public/Uploads/uploadfile/images/20260323/eClogoShanghai776x328EN-527.png","Leybold （Tianjin）International Trade Co.,Ltd","Germany","N3.917","https://onlinecatalogue.electronicachina.com.cn/journal/exhibitor/3355","","","","","","","","","","","","","","","",""
"https://onlinecatalogue.electronicachina.com.cn/Public/Uploads/useimg/20250318/LHElogohesuoyourenzhengbiaozhi01.jpg","LHE Electronics Co.,Ltd.","China","W1.346","https://onlinecatalogue.electronicachina.com.cn/journal/exhibitor/1471","Connectors, Switches, Casing technology, Wire Harness, etc","Industrial Electronics / Industrial Control","Communication System","Consumer Electronics","Computers & Peripherals","Automotive Electronics and EV","Medical Technology","Electricity and New Energy","Mechanical Engineering","Security & protection system","Lighting engineering","Intelligent building","Household appliances","","",""
"https://onlinecatalogue.electronicachina.com.cn/Public/Uploads/uploadfile/images/20260323/eClogoShanghai776x328EN-527.png","Lianxingwang Electronic (shenzhen)co.,Ltd","China","W2.126","https://onlinecatalogue.electronicachina.com.cn/journal/exhibitor/2541","Semiconductors","Embedded systems","Sensor technology","Information gathering and services","Industrial Electronics / Industrial Control","Communication System","Consumer Electronics","Military Electronics","Security & protection system","Intelligent building","Household appliances","","","","",""
"https://onlinecatalogue.electronicachina.com.cn/Public/Uploads/uploadfile/images/20260323/eClogoShanghai776x328EN-527.png","Liao BoTao Technology Co., Ltd.","China","N2.166","https://onlinecatalogue.electronicachina.com.cn/journal/exhibitor/3224","","","","","","","","","","","","","","","",""
"https://onlinecatalogue.electronicachina.com.cn/Public/Uploads/useimg/20250324/d08433c91931e4b2369a34e5b99c056bcompress-128.jpg","Liaoning Zehua Semiconductor Co., Ltd.","China","N5.767","https://onlinecatalogue.electronicachina.com.cn/journal/exhibitor/2403","Semiconductors","Information gathering and services","Industrial Electronics / Industrial Control","Communication System","Consumer Electronics","Computers & Peripherals","Automotive Electronics and EV","Medical Technology","Electricity and New Energy","Internet of Things (loT)","Aviation & Space Technology","Military Electronics","Mechanical Engineering","Rail Transit","Security & protection system","Lighting engineering"
"https://onlinecatalogue.electronicachina.com.cn/Public/Uploads/useimg/20260603/libeidelogo11.png","Libeide New Materials","China","N1.860","https://onlinecatalogue.electronicachina.com.cn/journal/exhibitor/2144","Electronic materials","Industrial Electronics / Industrial Control","Consumer Electronics","Automotive Electronics and EV","Electricity and New Energy","Rail Transit","","","","","","","","","",""
"https://onlinecatalogue.electronicachina.com.cn/Public/Uploads/useimg/20250310/LOGOshiliangtu.png","LINEARIN TECHNOLOGY CORPORATION","China","N4.709","https://onlinecatalogue.electronicachina.com.cn/journal/exhibitor/1351","Semiconductors","Industrial Electronics / Industrial Control","Communication System","Consumer Electronics","Computers & Peripherals","Automotive Electronics and EV","Medical Technology","Electricity and New Energy","Internet of Things (loT)","Military Electronics","Security & protection system","Lighting engineering","Intelligent building","Household appliances","",""
"https://onlinecatalogue.electronicachina.com.cn/Public/Uploads/uploadfile/images/20260323/eClogoShanghai776x328EN-527.png","LINECONN ASIA LIMITED","China","W1.931","https://onlinecatalogue.electronicachina.com.cn/journal/exhibitor/2115","","","","","","","","","","","","","","","",""
"https://onlinecatalogue.electronicachina.com.cn/Public/Uploads/useimg/20260507/logo.jpg","Lingchuang Precision Machinery (Dongguan) Co.,Ltd.","China","N3.531","https://onlinecatalogue.electronicachina.com.cn/journal/exhibitor/3432","Sensor technology","Passive components (capacitors, resistors, inductors, etc.) and Relays","Electronic materials","Automotive and testing","Communication System","Consumer Electronics","Computers & Peripherals","Automotive Electronics and EV","Medical Technology","Electricity and New Energy","Aviation & Space Technology","Military Electronics","Lighting engineering","Household appliances","Mobile phone",""
"https://onlinecatalogue.electronicachina.com.cn/Public/Uploads/useimg/20260508/baidichengse04.png","LingRui Semiconductor (Shanghai) Co., Ltd.","China","N4.353","https://onlinecatalogue.electronicachina.com.cn/journal/exhibitor/2291","Semiconductors","Other, please indicate","Automotive Electronics and EV","Electricity and New Energy","Lighting engineering","Others, please indicate","","","","","","","","","",""
"https://onlinecatalogue.electronicachina.com.cn/Public/Uploads/uploadfile/images/20260323/eClogoShanghai776x328EN-527.png","Link Safe International Co., Ltd.","Taiwan, China","W5.759","https://onlinecatalogue.electronicachina.com.cn/journal/exhibitor/3418","","","","","","","","","","","","","","","",""
"https://onlinecatalogue.electronicachina.com.cn/Public/Uploads/useimg/20260601/lingxinqiaoshouhengban-263.png","Linkerbot Beijing Technology Co.,Ltd.","China","W4.573","https://onlinecatalogue.electronicachina.com.cn/journal/exhibitor/3603","Other, please indicate","Industrial Electronics / Industrial Control","Consumer Electronics","Automotive Electronics and EV","Medical Technology","Embodied Intelligence","","","","","","","","","",""
"https://onlinecatalogue.electronicachina.com.cn/Public/Uploads/uploadfile/images/20260323/eClogoShanghai776x328EN-527.png","LinkSensing Technology Co., Ltd","China","W4.353-6","https://onlinecatalogue.electronicachina.com.cn/journal/exhibitor/3636","","","","","","","","","","","","","","","",""
"https://onlinecatalogue.electronicachina.com.cn/Public/Uploads/uploadfile/images/20260323/eClogoShanghai776x328EN-527.png","Linkz Industries (Suzhou) Limited","China","W4.337","https://onlinecatalogue.electronicachina.com.cn/journal/exhibitor/3135","","","","","","","","","","","","","","","",""
"https://onlinecatalogue.electronicachina.com.cn/Public/Uploads/useimg/20250310/weixintupian20241107132545.png","LINS TECH","China","N3.159","https://onlinecatalogue.electronicachina.com.cn/journal/exhibitor/2601","Sensor technology","Automotive Electronics and EV","Internet of Things (loT)","Aviation & Space Technology","Mechanical Engineering","Rail Transit","","","","","","","","","",""
"https://onlinecatalogue.electronicachina.com.cn/Public/Uploads/useimg/20250402/LintesLogobaidi.jpg","Lintes Technology (SuZhou) Co., Ltd.","China","W3.252","https://onlinecatalogue.electronicachina.com.cn/journal/exhibitor/1986","Connectors, Switches, Casing technology, Wire Harness, etc","Other, please indicate","Communication System","Consumer Electronics","Computers & Peripherals","Others, please indicate","","","","","","","","","",""
"https://onlinecatalogue.electronicachina.com.cn/Public/Uploads/useimg/20250306/linyiluosilogo.png","LINYIRUS","China","W5.161","https://onlinecatalogue.electronicachina.com.cn/journal/exhibitor/2440","Semiconductors","Embedded systems","Displays","Micronano-systems (MEMS, etc.)","Sensor technology","Test and measurement","Electronic Design (ED/EDA)","Passive components (capacitors, resistors, inductors, etc.) and Relays","Connectors, Switches, Casing technology, Wire Harness, etc","Power supplies","PCBs, other circuit carrier","Assemblies and subsystems","Automotive and testing","Wireless","Artificial intelligence technology","Information gathering and services"
"https://onlinecatalogue.electronicachina.com.cn/Public/Uploads/useimg/20260506/1LISCONNLogobaidi.jpg","Lisconn Group","Hong Kong, China","N3.335","https://onlinecatalogue.electronicachina.com.cn/journal/exhibitor/3141","Electronic Manufacturing Services (EMS)","Assemblies and subsystems","Automotive and testing","Information gathering and services","Other, please indicate","Industrial Electronics / Industrial Control","Communication System","Automotive Electronics and EV","Medical Technology","Electricity and New Energy","Internet of Things (loT)","Artificial Intelligence","Data Center / Cloud Computing","Aviation & Space Technology","Mechanical Engineering","Rail Transit"
"https://onlinecatalogue.electronicachina.com.cn/Public/Uploads/useimg/20250319/LIZlogo1shuiyin.jpg","Liz Electronics","China","N2.265","https://onlinecatalogue.electronicachina.com.cn/journal/exhibitor/924","Semiconductors","Passive components (capacitors, resistors, inductors, etc.) and Relays","Industrial Electronics / Industrial Control","Communication System","Consumer Electronics","Medical Technology","Electricity and New Energy","Internet of Things (loT)","Aviation & Space Technology","Rail Transit","Security & protection system","Lighting engineering","Household appliances","Mobile phone","Others, please indicate",""
"https://onlinecatalogue.electronicachina.com.cn/Public/Uploads/useimg/20250226/weixintupian20250226115502.png","LKW (Shanghai) Integrated Circuit Co., Ltd,","China","N5.901","https://onlinecatalogue.electronicachina.com.cn/journal/exhibitor/1844","Semiconductors","Industrial Electronics / Industrial Control","Communication System","Electricity and New Energy","Aviation & Space Technology","Military Electronics","","","","","","","","","",""
"https://onlinecatalogue.electronicachina.com.cn/Public/Uploads/uploadfile/images/20260323/eClogoShanghai776x328EN-527.png","Longto Precision Industry (Zhejiang) Co., Ltd.","China","W2.150","https://onlinecatalogue.electronicachina.com.cn/journal/exhibitor/3044","","","","","","","","","","","","","","","",""
"https://onlinecatalogue.electronicachina.com.cn/Public/Uploads/uploadfile/images/20260323/eClogoShanghai776x328EN-527.png","Lonten Semiconductor Co.,Ltd.","China","N5.356","https://onlinecatalogue.electronicachina.com.cn/journal/exhibitor/1237","","","","","","","","","","","","","","","",""
"https://onlinecatalogue.electronicachina.com.cn/Public/Uploads/useimg/20250324/deyilogotoumingpng-950.png","LOTES Guangzhou CO.,LTD","Taiwan, China","W3.525","https://onlinecatalogue.electronicachina.com.cn/journal/exhibitor/1573","Other, please indicate","Automotive Electronics and EV","Medical Technology","","","","","","","","","","","","",""
"https://onlinecatalogue.electronicachina.com.cn/Public/Uploads/uploadfile/images/20260323/eClogoShanghai776x328EN-527.png","Loudi Antaeus Electronic Ceramic Co., LTD","China","N1.645","https://onlinecatalogue.electronicachina.com.cn/journal/exhibitor/925","","","","","","","","","","","","","","","",""
"https://onlinecatalogue.electronicachina.com.cn/Public/Uploads/useimg/20260422/084a8af6676e4fedad6850084228b2ff.png","LTK Electric Wire (Huizhou) Ltd.","China","W3.353","https://onlinecatalogue.electronicachina.com.cn/journal/exhibitor/3136","Electronic materials","Industrial Electronics / Industrial Control","Communication System","Consumer Electronics","Computers & Peripherals","Automotive Electronics and EV","Medical Technology","Electricity and New Energy","Embodied Intelligence","Artificial Intelligence","Data Center / Cloud Computing","Rail Transit","Household appliances","Mobile phone","",""
"https://onlinecatalogue.electronicachina.com.cn/Public/Uploads/uploadfile/images/20260323/eClogoShanghai776x328EN-527.png","LUCKI","China","N3.","https://onlinecatalogue.electronicachina.com.cn/journal/exhibitor/2027","","","","","","","","","","","","","","","",""
"https://onlinecatalogue.electronicachina.com.cn/Public/Uploads/useimg/20260508/weibiaoti1.png","LUOLOGY Digital Technology Co., Ltd.","China","N3.855","https://onlinecatalogue.electronicachina.com.cn/journal/exhibitor/3125","Test and measurement","Industrial Electronics / Industrial Control","Consumer Electronics","Automotive Electronics and EV","Electricity and New Energy","Aviation & Space Technology","Military Electronics","Mechanical Engineering","Rail Transit","Lighting engineering","Household appliances","","","","",""
"https://onlinecatalogue.electronicachina.com.cn/Public/Uploads/useimg/20250224/491883f2cda71237cc74487305a3836.png","Luoyang Kewei RF Technology Co. Ltd","China","W4.116","https://onlinecatalogue.electronicachina.com.cn/journal/exhibitor/1883","Connectors, Switches, Casing technology, Wire Harness, etc","Industrial Electronics / Industrial Control","Communication System","Automotive Electronics and EV","Medical Technology","Electricity and New Energy","Aviation & Space Technology","Military Electronics","Mechanical Engineering","","","","","","",""
"https://onlinecatalogue.electronicachina.com.cn/Public/Uploads/useimg/20260606/luoyiLOGO.jpg","Luoyi Technology (Suzhou) Co., Ltd","China","W5.645","https://onlinecatalogue.electronicachina.com.cn/journal/exhibitor/3463","Test and measurement","Power supplies","Industrial Electronics / Industrial Control","Automotive Electronics and EV","Electricity and New Energy","Aviation & Space Technology","Military Electronics","Rail Transit","Household appliances","","","","","","",""
"https://onlinecatalogue.electronicachina.com.cn/Public/Uploads/uploadfile/images/20260323/eClogoShanghai776x328EN-527.png","LX Precision (Shanghai) Co., Ltd.","Switzerland","W3.118","https://onlinecatalogue.electronicachina.com.cn/journal/exhibitor/3576","","","","","","","","","","","","","","","",""
"https://onlinecatalogue.electronicachina.com.cn/Public/Uploads/uploadfile/images/20260323/eClogoShanghai776x328EN-527.png","LXLYM","China","W3.726","https://onlinecatalogue.electronicachina.com.cn/journal/exhibitor/3253","","","","","","","","","","","","","","","",""
"https://onlinecatalogue.electronicachina.com.cn/Public/Uploads/useimg/20260521/LOGO.png","LZG INDUSTRIAL CO. LTD","China","W4.915","https://onlinecatalogue.electronicachina.com.cn/journal/exhibitor/3392","Connectors, Switches, Casing technology, Wire Harness, etc","Electronic Manufacturing Services (EMS)","Industrial Electronics / Industrial Control","Communication System","Consumer Electronics","Computers & Peripherals","Automotive Electronics and EV","Medical Technology","Electricity and New Energy","Internet of Things (loT)","Embodied Intelligence","Artificial Intelligence","Data Center / Cloud Computing","Aviation & Space Technology","Military Electronics","Mechanical Engineering"
"https://onlinecatalogue.electronicachina.com.cn/Public/Uploads/useimg/20250219/M3TEKLogo.jpg","M3TEK","China","N5.907","https://onlinecatalogue.electronicachina.com.cn/journal/exhibitor/1353","Semiconductors","Power supplies","Industrial Electronics / Industrial Control","Communication System","Consumer Electronics","Computers & Peripherals","Automotive Electronics and EV","Medical Technology","Electricity and New Energy","Internet of Things (loT)","Mobile phone","Others, please indicate","","","",""
"https://onlinecatalogue.electronicachina.com.cn/Public/Uploads/useimg/20250325/LOGO1fuben2.png","MACMIC SCIENCE & TECHNOLOGY CO., LTD","China","N5.532","https://onlinecatalogue.electronicachina.com.cn/journal/exhibitor/1238","Semiconductors","Industrial Electronics / Industrial Control","Automotive Electronics and EV","Electricity and New Energy","Household appliances","","","","","","","","","","",""
"https://onlinecatalogue.electronicachina.com.cn/Public/Uploads/useimg/20250205/MCSlogoshuban240120px.jpg","Macrocore Semiconductor Ltd.","China","N5.566","https://onlinecatalogue.electronicachina.com.cn/journal/exhibitor/1239","Semiconductors","Industrial Electronics / Industrial Control","Consumer Electronics","Computers & Peripherals","Automotive Electronics and EV","Electricity and New Energy","Aviation & Space Technology","Military Electronics","Rail Transit","Lighting engineering","Household appliances","","","","",""
"https://onlinecatalogue.electronicachina.com.cn/Public/Uploads/uploadfile/images/20260323/eClogoShanghai776x328EN-527.png","MAGNITY","China","W5.158","https://onlinecatalogue.electronicachina.com.cn/journal/exhibitor/2710","Test and measurement","Industrial Electronics / Industrial Control","Mechanical Engineering","Rail Transit","","","","","","","","","","","",""
"https://onlinecatalogue.electronicachina.com.cn/Public/Uploads/uploadfile/images/20260323/eClogoShanghai776x328EN-527.png","MAIKASEN ELECTRC（ZHE JIANG）CO.，LTD.","China","W3.833","https://onlinecatalogue.electronicachina.com.cn/journal/exhibitor/2318","","","","","","","","","","","","","","","",""
"https://onlinecatalogue.electronicachina.com.cn/Public/Uploads/useimg/20260527/MangoBoost.png","MangoBoost","Korea","N3.506","https://onlinecatalogue.electronicachina.com.cn/journal/exhibitor/3537","Semiconductors","Electronic Design (ED/EDA)","Assemblies and subsystems","Computers & Peripherals","Intelligent building","Others, please indicate","","","","","","","","","",""
"https://onlinecatalogue.electronicachina.com.cn/Public/Uploads/useimg/20260401/weixintupian20211231110813-964.png","Mankun Technology","China","N3.327","https://onlinecatalogue.electronicachina.com.cn/journal/exhibitor/1873","PCBs, other circuit carrier","Industrial Electronics / Industrial Control","Communication System","Consumer Electronics","Computers & Peripherals","Automotive Electronics and EV","Internet of Things (loT)","Mechanical Engineering","Security & protection system","Lighting engineering","Intelligent building","Household appliances","","","",""
"https://onlinecatalogue.electronicachina.com.cn/Public/Uploads/useimg/20260526/maoLOGO.png","Maoxin Indsutry (Shanghai) Co., LTD.","China","W5.665","https://onlinecatalogue.electronicachina.com.cn/journal/exhibitor/3582","Test and measurement","Industrial Electronics / Industrial Control","Communication System","Consumer Electronics","Computers & Peripherals","Automotive Electronics and EV","Medical Technology","Electricity and New Energy","Embodied Intelligence","Artificial Intelligence","Aviation & Space Technology","Military Electronics","Mechanical Engineering","Rail Transit","Mobile phone",""
"https://onlinecatalogue.electronicachina.com.cn/Public/Uploads/uploadfile/images/20260323/eClogoShanghai776x328EN-527.png","MateFord Electronics Co.,Ltd","China","N2.362","https://onlinecatalogue.electronicachina.com.cn/journal/exhibitor/2856","","","","","","","","","","","","","","","",""
"https://onlinecatalogue.electronicachina.com.cn/Public/Uploads/uploadfile/images/20260323/eClogoShanghai776x328EN-527.png","Maxecho","China","N1.225","https://onlinecatalogue.electronicachina.com.cn/journal/exhibitor/2631","","","","","","","","","","","","","","","",""
"https://onlinecatalogue.electronicachina.com.cn/Public/Uploads/useimg/20250408/ziyuan3-473.png","Maxic Technology Corporation.","China","N4.550","https://onlinecatalogue.electronicachina.com.cn/journal/exhibitor/1355","Semiconductors","Sensor technology","Automotive and testing","Industrial Electronics / Industrial Control","Consumer Electronics","Automotive Electronics and EV","Internet of Things (loT)","Lighting engineering","Household appliances","Mobile phone","","","","","",""
"https://onlinecatalogue.electronicachina.com.cn/Public/Uploads/useimg/20250116/Melexislogo.JPG","Melexis","Belgium","N5.501","https://onlinecatalogue.electronicachina.com.cn/journal/exhibitor/1357","Semiconductors","Micronano-systems (MEMS, etc.)","Sensor technology","Consumer Electronics","Automotive Electronics and EV","Medical Technology","Electricity and New Energy","Internet of Things (loT)","Embodied Intelligence","Security & protection system","Lighting engineering","Intelligent building","Household appliances","","",""
"https://onlinecatalogue.electronicachina.com.cn/Public/Uploads/useimg/20260520/meixinbandaotiLOGO.png","MEMSIC","China","N3.703","https://onlinecatalogue.electronicachina.com.cn/journal/exhibitor/3497","Semiconductors","Micronano-systems (MEMS, etc.)","Sensor technology","Industrial Electronics / Industrial Control","Consumer Electronics","Computers & Peripherals","Automotive Electronics and EV","Medical Technology","Electricity and New Energy","Internet of Things (loT)","Embodied Intelligence","Aviation & Space Technology","Household appliances","Mobile phone","Others, please indicate",""
"https://onlinecatalogue.electronicachina.com.cn/Public/Uploads/useimg/20260528/MGBnewlogo12026-135.jpg","MGB China","France","W1.909","https://onlinecatalogue.electronicachina.com.cn/journal/exhibitor/3545","Sensor technology","Connectors, Switches, Casing technology, Wire Harness, etc","Assemblies and subsystems","Automotive and testing","Artificial intelligence technology","Industrial Electronics / Industrial Control","Communication System","Automotive Electronics and EV","Medical Technology","Electricity and New Energy","Aviation & Space Technology","Military Electronics","","","",""
"https://onlinecatalogue.electronicachina.com.cn/Public/Uploads/uploadfile/images/20260323/eClogoShanghai776x328EN-527.png","Mianyang AMP Electric Appliance Co., Ltd.","China","W5.762","https://onlinecatalogue.electronicachina.com.cn/journal/exhibitor/1987","","","","","","","","","","","","","","","",""
"https://onlinecatalogue.electronicachina.com.cn/Public/Uploads/useimg/20250124/logo01.png","Mianyang Dunyuan(EEC)Electronic Technology Co., Ltd.","China","N1.863","https://onlinecatalogue.electronicachina.com.cn/journal/exhibitor/1907","Passive components (capacitors, resistors, inductors, etc.) and Relays","Information gathering and services","Industrial Electronics / Industrial Control","Communication System","Consumer Electronics","Automotive Electronics and EV","Medical Technology","Electricity and New Energy","Internet of Things (loT)","Rail Transit","Security & protection system","Household appliances","","","",""
"https://onlinecatalogue.electronicachina.com.cn/Public/Uploads/useimg/20260529/MCClogo2.jpg","Micro Commercial Components","China","N4.533","https://onlinecatalogue.electronicachina.com.cn/journal/exhibitor/2946","Semiconductors","Automotive and testing","Industrial Electronics / Industrial Control","Communication System","Consumer Electronics","Computers & Peripherals","Automotive Electronics and EV","Electricity and New Energy","Internet of Things (loT)","Embodied Intelligence","Artificial Intelligence","Data Center / Cloud Computing","Security & protection system","Lighting engineering","Intelligent building","Household appliances"
"https://onlinecatalogue.electronicachina.com.cn/Public/Uploads/useimg/20250407/logozhongwen.png","Microdiode Semiconductor (Shenzhen) Co., Ltd.","China","N4.529","https://onlinecatalogue.electronicachina.com.cn/journal/exhibitor/1240","Semiconductors","Industrial Electronics / Industrial Control","Communication System","Consumer Electronics","Automotive Electronics and EV","Security & protection system","Lighting engineering","Household appliances","Mobile phone","","","","","","",""
"https://onlinecatalogue.electronicachina.com.cn/Public/Uploads/useimg/20260603/LOGOMICROTEST.jpg","MICROTEST Corporation","Taiwan, China","W5.845","https://onlinecatalogue.electronicachina.com.cn/journal/exhibitor/3419","Semiconductors","Sensor technology","Test and measurement","Electronic Design (ED/EDA)","Passive components (capacitors, resistors, inductors, etc.) and Relays","Connectors, Switches, Casing technology, Wire Harness, etc","Power supplies","PCBs, other circuit carrier","Electronic materials","Assemblies and subsystems","Automotive and testing","Wireless","Artificial intelligence technology","Industrial Electronics / Industrial Control","Consumer Electronics","Computers & Peripherals"
"https://onlinecatalogue.electronicachina.com.cn/Public/Uploads/useimg/20250108/logo.png","Microtherm Electronic Technology (Shanghai) Co., Ltd.","Germany","N3.208","https://onlinecatalogue.electronicachina.com.cn/journal/exhibitor/1109","Sensor technology","Connectors, Switches, Casing technology, Wire Harness, etc","Power supplies","Automotive and testing","Industrial Electronics / Industrial Control","Automotive Electronics and EV","Medical Technology","Data Center / Cloud Computing","","","","","","","",""
"https://onlinecatalogue.electronicachina.com.cn/Public/Uploads/useimg/20250224/zhongweilogo.png","Microwell Technology HK Limited","China","N2.233","https://onlinecatalogue.electronicachina.com.cn/journal/exhibitor/2308","Semiconductors","Passive components (capacitors, resistors, inductors, etc.) and Relays","Connectors, Switches, Casing technology, Wire Harness, etc","Industrial Electronics / Industrial Control","Communication System","Consumer Electronics","Computers & Peripherals","Automotive Electronics and EV","Medical Technology","Electricity and New Energy","Internet of Things (loT)","Aviation & Space Technology","Military Electronics","Mechanical Engineering","Rail Transit","Security & protection system"
"https://onlinecatalogue.electronicachina.com.cn/Public/Uploads/uploadfile/images/20260323/eClogoShanghai776x328EN-527.png","MINCOM","China","W4.537","https://onlinecatalogue.electronicachina.com.cn/journal/exhibitor/778","Passive components (capacitors, resistors, inductors, etc.) and Relays","PCBs, other circuit carrier","Information gathering and services","Industrial Electronics / Industrial Control","Communication System","Consumer Electronics","Automotive Electronics and EV","Medical Technology","Electricity and New Energy","Internet of Things (loT)","Aviation & Space Technology","Military Electronics","Rail Transit","Security & protection system","Lighting engineering","Household appliances"
"https://onlinecatalogue.electronicachina.com.cn/Public/Uploads/useimg/20260527/tupian1.png","Mingzhenghong Electronics (Yiyang) Co., ltd.","China","N3.222","https://onlinecatalogue.electronicachina.com.cn/journal/exhibitor/3504","PCBs, other circuit carrier","Industrial Electronics / Industrial Control","Communication System","Consumer Electronics","Computers & Peripherals","Automotive Electronics and EV","Medical Technology","Electricity and New Energy","Internet of Things (loT)","Embodied Intelligence","Artificial Intelligence","Data Center / Cloud Computing","Mechanical Engineering","Rail Transit","Security & protection system","Lighting engineering"
"https://onlinecatalogue.electronicachina.com.cn/Public/Uploads/useimg/20250227/MINMAXONLYLOGO.jpg","MINMAX TECHNOLOGY","Taiwan, China","W5.509","https://onlinecatalogue.electronicachina.com.cn/journal/exhibitor/1110","Power supplies","Industrial Electronics / Industrial Control","Communication System","Computers & Peripherals","Medical Technology","Electricity and New Energy","Artificial Intelligence","Rail Transit","","","","","","","",""
"https://onlinecatalogue.electronicachina.com.cn/Public/Uploads/useimg/20250225/gongsixinlogo.png","MJ-Innovation Electronics (ShenZhen) Co.,Ltd.","China","W4.179","https://onlinecatalogue.electronicachina.com.cn/journal/exhibitor/1923","Passive components (capacitors, resistors, inductors, etc.) and Relays","Automotive Electronics and EV","Medical Technology","Intelligent building","Household appliances","Others, please indicate","","","","","","","","","",""
"https://onlinecatalogue.electronicachina.com.cn/Public/Uploads/uploadfile/images/20260323/eClogoShanghai776x328EN-527.png","MoFine Tech.","China","W4.573","https://onlinecatalogue.electronicachina.com.cn/journal/exhibitor/3606","","","","","","","","","","","","","","","",""
"https://onlinecatalogue.electronicachina.com.cn/Public/Uploads/uploadfile/images/20260323/eClogoShanghai776x328EN-527.png","Moge um-Flow Technology (Shantou) Co.,Ltd.","China","N3.261","https://onlinecatalogue.electronicachina.com.cn/journal/exhibitor/3458","","","","","","","","","","","","","","","",""
"https://onlinecatalogue.electronicachina.com.cn/Public/Uploads/uploadfile/images/20260323/eClogoShanghai776x328EN-527.png","MOLEAD","China","W2.221","https://onlinecatalogue.electronicachina.com.cn/journal/exhibitor/2974","","","","","","","","","","","","","","","",""
"https://onlinecatalogue.electronicachina.com.cn/Public/Uploads/useimg/20260605/'MlanqiMontageTechnology'logofullcolorRGB.png","Montage Technology Co., Ltd.","China","N4.816","https://onlinecatalogue.electronicachina.com.cn/journal/exhibitor/3292","Semiconductors","Industrial Electronics / Industrial Control","Automotive Electronics and EV","Data Center / Cloud Computing","","","","","","","","","","","",""
"https://onlinecatalogue.electronicachina.com.cn/Public/Uploads/useimg/20250331/qiyeweixinjietu17399432048980.png","MORNSUN GUANGZHOU SCIENCE&TECHNOLOGY CO., LTD","China","W5.505","https://onlinecatalogue.electronicachina.com.cn/journal/exhibitor/1111","Power supplies","Industrial Electronics / Industrial Control","Communication System","Consumer Electronics","Automotive Electronics and EV","Medical Technology","Electricity and New Energy","Internet of Things (loT)","Embodied Intelligence","Data Center / Cloud Computing","Rail Transit","Security & protection system","Intelligent building","Household appliances","",""
"https://onlinecatalogue.electronicachina.com.cn/Public/Uploads/useimg/20250219/meipusennewlogo.jpg","MSEMITEK CO.,LTD","China","N4.540","https://onlinecatalogue.electronicachina.com.cn/journal/exhibitor/1241","Semiconductors","Power supplies","Industrial Electronics / Industrial Control","Consumer Electronics","Automotive Electronics and EV","Electricity and New Energy","Lighting engineering","Household appliances","","","","","","","",""
"https://onlinecatalogue.electronicachina.com.cn/Public/Uploads/useimg/20250314/LOGO1.png","MSKSEMI","China","N4.366","https://onlinecatalogue.electronicachina.com.cn/journal/exhibitor/1359","Semiconductors","Industrial Electronics / Industrial Control","Communication System","Consumer Electronics","Computers & Peripherals","Automotive Electronics and EV","Medical Technology","Electricity and New Energy","Internet of Things (loT)","Aviation & Space Technology","Rail Transit","Security & protection system","Lighting engineering","Intelligent building","Household appliances","Mobile phone"
"https://onlinecatalogue.electronicachina.com.cn/Public/Uploads/useimg/20260410/logo.png","MultiDimension Technology Co., Ltd.","China","N3.501","https://onlinecatalogue.electronicachina.com.cn/journal/exhibitor/1112","Semiconductors","Micronano-systems (MEMS, etc.)","Sensor technology","Test and measurement","Electronic Design (ED/EDA)","Automotive and testing","Wireless","Artificial intelligence technology","Information gathering and services","Industrial Electronics / Industrial Control","Communication System","Consumer Electronics","Computers & Peripherals","Automotive Electronics and EV","Medical Technology","Electricity and New Energy"
"https://onlinecatalogue.electronicachina.com.cn/Public/Uploads/useimg/20250211/weibiaoti1.png","NanChong Yat Fai Electronics Technology Co., Ltd.","China","N1.544","https://onlinecatalogue.electronicachina.com.cn/journal/exhibitor/992","Passive components (capacitors, resistors, inductors, etc.) and Relays","Industrial Electronics / Industrial Control","Communication System","Consumer Electronics","Computers & Peripherals","Automotive Electronics and EV","Medical Technology","Electricity and New Energy","Internet of Things (loT)","Aviation & Space Technology","Military Electronics","Mechanical Engineering","Rail Transit","Security & protection system","Lighting engineering","Intelligent building"
"https://onlinecatalogue.electronicachina.com.cn/Public/Uploads/uploadfile/images/20260323/eClogoShanghai776x328EN-527.png","Nanjing Ether Communication Technology Co.,Ltd","China","N5.840","https://onlinecatalogue.electronicachina.com.cn/journal/exhibitor/3402","","","","","","","","","","","","","","","",""
"https://onlinecatalogue.electronicachina.com.cn/Public/Uploads/useimg/20250210/xinLogo.png","NANJING HIGH WOOD TECHNOLOGY DEVELOPMENT CO .,LTD","China","W2.320","https://onlinecatalogue.electronicachina.com.cn/journal/exhibitor/1473","Semiconductors","Passive components (capacitors, resistors, inductors, etc.) and Relays","Connectors, Switches, Casing technology, Wire Harness, etc","Power supplies","PCBs, other circuit carrier","Information gathering and services","Industrial Electronics / Industrial Control","Communication System","Consumer Electronics","Automotive Electronics and EV","Aviation & Space Technology","Military Electronics","","","",""
"https://onlinecatalogue.electronicachina.com.cn/Public/Uploads/useimg/20260410/yingsibeilogoxin.jpg","Nanjing Inspire Electronics Technology Co.,Ltd","China","W5.932","https://onlinecatalogue.electronicachina.com.cn/journal/exhibitor/3387","Semiconductors","Embedded systems","Sensor technology","Test and measurement","Automotive and testing","Wireless","Artificial intelligence technology","Industrial Electronics / Industrial Control","Communication System","Automotive Electronics and EV","Medical Technology","Electricity and New Energy","Internet of Things (loT)","Artificial Intelligence","Data Center / Cloud Computing","Aviation & Space Technology"
"https://onlinecatalogue.electronicachina.com.cn/Public/Uploads/useimg/20250407/lantai1013fuben2.jpg","Nanjing Lantech Mechanical & Electrical Integration Co.,Ltd","China","W5.557","https://onlinecatalogue.electronicachina.com.cn/journal/exhibitor/1939","Test and measurement","Power supplies","Automotive and testing","Industrial Electronics / Industrial Control","Electricity and New Energy","Military Electronics","Rail Transit","Lighting engineering","Household appliances","","","","","","",""
"https://onlinecatalogue.electronicachina.com.cn/Public/Uploads/uploadfile/images/20260323/eClogoShanghai776x328EN-527.png","Nanjing Micro One Electronics Inc.","China","N5.745","https://onlinecatalogue.electronicachina.com.cn/journal/exhibitor/2898","","","","","","","","","","","","","","","",""
"https://onlinecatalogue.electronicachina.com.cn/Public/Uploads/uploadfile/images/20260323/eClogoShanghai776x328EN-527.png","Nanjing Shagon Electronics Co.,Ltd","China","N1.661","https://onlinecatalogue.electronicachina.com.cn/journal/exhibitor/927","","","","","","","","","","","","","","","",""
"https://onlinecatalogue.electronicachina.com.cn/Public/Uploads/useimg/20250116/shihengLOGO1.png","Nanjing Shiheng Electronics Technology Co.,Ltd.","China","N1.209","https://onlinecatalogue.electronicachina.com.cn/journal/exhibitor/928","Semiconductors","Embedded systems","Sensor technology","Passive components (capacitors, resistors, inductors, etc.) and Relays","Connectors, Switches, Casing technology, Wire Harness, etc","Power supplies","PCBs, other circuit carrier","Automotive and testing","Wireless","Information gathering and services","Industrial Electronics / Industrial Control","Communication System","Consumer Electronics","Computers & Peripherals","Automotive Electronics and EV","Medical Technology"
"https://onlinecatalogue.electronicachina.com.cn/Public/Uploads/uploadfile/images/20260323/eClogoShanghai776x328EN-527.png","Nanjing Signal Micro","China","N4.653","https://onlinecatalogue.electronicachina.com.cn/journal/exhibitor/1390","","","","","","","","","","","","","","","",""
"https://onlinecatalogue.electronicachina.com.cn/Public/Uploads/useimg/20260211/tupian1-123.png","NANJING YUNSHANG TECHNOLOGY CO., LTD.","China","W5.235","https://onlinecatalogue.electronicachina.com.cn/journal/exhibitor/2852","Sensor technology","Passive components (capacitors, resistors, inductors, etc.) and Relays","Connectors, Switches, Casing technology, Wire Harness, etc","Industrial Electronics / Industrial Control","Consumer Electronics","Automotive Electronics and EV","Medical Technology","Electricity and New Energy","Internet of Things (loT)","Mechanical Engineering","Rail Transit","Intelligent building","","","",""
"https://onlinecatalogue.electronicachina.com.cn/Public/Uploads/useimg/20260528/240120.jpg","Nanjing Zhenhentong Electronics Co.,LTD.","China","N3.215","https://onlinecatalogue.electronicachina.com.cn/journal/exhibitor/3531","Sensor technology","Test and measurement","Electronic Design (ED/EDA)","Passive components (capacitors, resistors, inductors, etc.) and Relays","PCBs, other circuit carrier","Electronic materials","Industrial Electronics / Industrial Control","Communication System","Automotive Electronics and EV","Electricity and New Energy","Rail Transit","Lighting engineering","Household appliances","","",""
"https://onlinecatalogue.electronicachina.com.cn/Public/Uploads/useimg/20250327/LOGO1.png","NanJing ZhiLingxin Technology Co.,Ltd","China","N4.725","https://onlinecatalogue.electronicachina.com.cn/journal/exhibitor/1314","Semiconductors","Information gathering and services","Industrial Electronics / Industrial Control","Consumer Electronics","Computers & Peripherals","Security & protection system","Household appliances","Mobile phone","","","","","","","",""
"https://onlinecatalogue.electronicachina.com.cn/Public/Uploads/uploadfile/images/20260323/eClogoShanghai776x328EN-527.png","Nanjing Zhongxu Electronic Technology Co.,Ltd","China","N5.836","https://onlinecatalogue.electronicachina.com.cn/journal/exhibitor/2175","","","","","","","","","","","","","","","",""
"https://onlinecatalogue.electronicachina.com.cn/Public/Uploads/useimg/20260423/fangxinglogo-602.png","Nanotel","China","W3.837","https://onlinecatalogue.electronicachina.com.cn/journal/exhibitor/3300","Connectors, Switches, Casing technology, Wire Harness, etc","Aviation & Space Technology","Military Electronics","","","","","","","","","","","","",""
"https://onlinecatalogue.electronicachina.com.cn/Public/Uploads/uploadfile/images/20260323/eClogoShanghai776x328EN-527.png","Nantong Hwatek Wires and cable Co.,Ltd","China","W3.559","https://onlinecatalogue.electronicachina.com.cn/journal/exhibitor/1692","","","","","","","","","","","","","","","",""
"https://onlinecatalogue.electronicachina.com.cn/Public/Uploads/uploadfile/images/20260323/eClogoShanghai776x328EN-527.png","Nantong Jianghai Capacitor Co., Ltd.","China","N1.613","https://onlinecatalogue.electronicachina.com.cn/journal/exhibitor/929","","","","","","","","","","","","","","","",""
"https://onlinecatalogue.electronicachina.com.cn/Public/Uploads/useimg/20250224/logopngfuben.png","Nantong Ningxin Microelectronics Co.,LTD","China","N5.358","https://onlinecatalogue.electronicachina.com.cn/journal/exhibitor/2180","Semiconductors","Industrial Electronics / Industrial Control","Communication System","Consumer Electronics","Computers & Peripherals","Automotive Electronics and EV","Medical Technology","Electricity and New Energy","Internet of Things (loT)","Mechanical Engineering","Rail Transit","Security & protection system","Lighting engineering","Intelligent building","",""
"https://onlinecatalogue.electronicachina.com.cn/Public/Uploads/useimg/20260514/RJCAPLOGO.jpg","Nantong Rijing Electronics Co., Ltd","China","N2.270","https://onlinecatalogue.electronicachina.com.cn/journal/exhibitor/3119","Passive components (capacitors, resistors, inductors, etc.) and Relays","Industrial Electronics / Industrial Control","Communication System","Consumer Electronics","Computers & Peripherals","Automotive Electronics and EV","Medical Technology","Electricity and New Energy","Data Center / Cloud Computing","Military Electronics","Rail Transit","Security & protection system","Lighting engineering","Household appliances","Mobile phone",""
"https://onlinecatalogue.electronicachina.com.cn/Public/Uploads/useimg/20250401/logo.png","NANTONG SANCON ELETRONIC TECHNOLOGY CORPORATION","China","N1.767","https://onlinecatalogue.electronicachina.com.cn/journal/exhibitor/930","Passive components (capacitors, resistors, inductors, etc.) and Relays","Industrial Electronics / Industrial Control","Communication System","Consumer Electronics","Computers & Peripherals","Automotive Electronics and EV","Medical Technology","Electricity and New Energy","Internet of Things (loT)","Aviation & Space Technology","Military Electronics","Mechanical Engineering","Rail Transit","Security & protection system","Lighting engineering","Intelligent building"
"https://onlinecatalogue.electronicachina.com.cn/Public/Uploads/useimg/20250221/loug.jpg","NANTONG TOP COLOR NEW MATERIAL TECHNOLOGY CO,LTD.","China","W3.245","https://onlinecatalogue.electronicachina.com.cn/journal/exhibitor/2137","Sensor technology","Electronic Design (ED/EDA)","Passive components (capacitors, resistors, inductors, etc.) and Relays","Connectors, Switches, Casing technology, Wire Harness, etc","Automotive and testing","Industrial Electronics / Industrial Control","Communication System","Consumer Electronics","Automotive Electronics and EV","Medical Technology","Electricity and New Energy","Rail Transit","Lighting engineering","Household appliances","",""
"https://onlinecatalogue.electronicachina.com.cn/Public/Uploads/useimg/20260331/guominjishulogohongse-798.png","Nations Technologies Inc","China","N5.606","https://onlinecatalogue.electronicachina.com.cn/journal/exhibitor/1360","Semiconductors","Embedded systems","Wireless","Industrial Electronics / Industrial Control","Consumer Electronics","Automotive Electronics and EV","Medical Technology","Electricity and New Energy","Internet of Things (loT)","Embodied Intelligence","Artificial Intelligence","Security & protection system","Intelligent building","Household appliances","",""
"https://onlinecatalogue.electronicachina.com.cn/Public/Uploads/uploadfile/images/20260323/eClogoShanghai776x328EN-527.png","NAURA MICRO-ELECTRONICS","China","N3.550","https://onlinecatalogue.electronicachina.com.cn/journal/exhibitor/3506","","","","","","","","","","","","","","","",""
"https://onlinecatalogue.electronicachina.com.cn/Public/Uploads/uploadfile/images/20260323/eClogoShanghai776x328EN-527.png","NBTC GROUP LIMITED","China","W5.309","https://onlinecatalogue.electronicachina.com.cn/journal/exhibitor/3025","","","","","","","","","","","","","","","",""
"https://onlinecatalogue.electronicachina.com.cn/Public/Uploads/useimg/20250402/NeuSemiLogo.jpg","Neusemi Group Co.,Ltd.","China","N2.523","https://onlinecatalogue.electronicachina.com.cn/journal/exhibitor/1003","Semiconductors","Displays","Sensor technology","Automotive and testing","Industrial Electronics / Industrial Control","Communication System","Consumer Electronics","Computers & Peripherals","Automotive Electronics and EV","Medical Technology","Electricity and New Energy","Internet of Things (loT)","Rail Transit","Security & protection system","Lighting engineering","Intelligent building"
"https://onlinecatalogue.electronicachina.com.cn/Public/Uploads/uploadfile/images/20260323/eClogoShanghai776x328EN-527.png","New Energy technology","China","N2.376","https://onlinecatalogue.electronicachina.com.cn/journal/exhibitor/2809","","","","","","","","","","","","","","","",""
"https://onlinecatalogue.electronicachina.com.cn/Public/Uploads/useimg/20260603/newtexzuizhongbanben1-144.jpg","NEWTEX WIRE (WEIFANG) CO.,LTD.","Japan","W3.720","https://onlinecatalogue.electronicachina.com.cn/journal/exhibitor/3331","Semiconductors","Sensor technology","Connectors, Switches, Casing technology, Wire Harness, etc","Artificial intelligence technology","Automotive Electronics and EV","Medical Technology","Electricity and New Energy","Embodied Intelligence","Artificial Intelligence","Aviation & Space Technology","Mechanical Engineering","Rail Transit","Household appliances","","",""
"https://onlinecatalogue.electronicachina.com.cn/Public/Uploads/useimg/20250225/touminghengbanLOGO.png","NEXIC","China","N5.816","https://onlinecatalogue.electronicachina.com.cn/journal/exhibitor/1184","Semiconductors","Information gathering and services","Automotive Electronics and EV","Medical Technology","Electricity and New Energy","Military Electronics","Rail Transit","","","","","","","","",""
"https://onlinecatalogue.electronicachina.com.cn/Public/Uploads/useimg/20250408/yinshuayongNGIenzhi.png","NGI Technologies Company Limited","China","W5.545","https://onlinecatalogue.electronicachina.com.cn/journal/exhibitor/1113","Semiconductors","Test and measurement","Connectors, Switches, Casing technology, Wire Harness, etc","Power supplies","PCBs, other circuit carrier","Automotive and testing","Information gathering and services","Industrial Electronics / Industrial Control","Consumer Electronics","Automotive Electronics and EV","Electricity and New Energy","Aviation & Space Technology","Military Electronics","Mechanical Engineering","Rail Transit","Household appliances"
"https://onlinecatalogue.electronicachina.com.cn/Public/Uploads/uploadfile/images/20260323/eClogoShanghai776x328EN-527.png","NICHICON ELECTRONICS TRADING(SHANGHAI)CO.,LTD.","Japan","N1.505","https://onlinecatalogue.electronicachina.com.cn/journal/exhibitor/931","","","","","","","","","","","","","","","",""
"https://onlinecatalogue.electronicachina.com.cn/Public/Uploads/useimg/20250205/logo.png","Nicomatic（Tianjin）Electronic Co.,Ltd","France","W1.540","https://onlinecatalogue.electronicachina.com.cn/journal/exhibitor/1474","Electronic Design (ED/EDA)","Connectors, Switches, Casing technology, Wire Harness, etc","PCBs, other circuit carrier","Industrial Electronics / Industrial Control","Communication System","Consumer Electronics","Automotive Electronics and EV","Electricity and New Energy","Aviation & Space Technology","Military Electronics","Mechanical Engineering","Rail Transit","Security & protection system","Lighting engineering","",""
"https://onlinecatalogue.electronicachina.com.cn/Public/Uploads/uploadfile/images/20260323/eClogoShanghai776x328EN-527.png","NICORE ElECTRICAL MANUFACTORY CO.,LTD","China","N3.117","https://onlinecatalogue.electronicachina.com.cn/journal/exhibitor/2863","","","","","","","","","","","","","","","",""
"https://onlinecatalogue.electronicachina.com.cn/Public/Uploads/uploadfile/images/20260323/eClogoShanghai776x328EN-527.png","NING BO SONGLE RELAY CO., LTD","China","N2.550","https://onlinecatalogue.electronicachina.com.cn/journal/exhibitor/1782","","","","","","","","","","","","","","","",""
"https://onlinecatalogue.electronicachina.com.cn/Public/Uploads/uploadfile/images/20260323/eClogoShanghai776x328EN-527.png","Ningbo AA Electric Appliance Co., Ltd.","China","W4.376","https://onlinecatalogue.electronicachina.com.cn/journal/exhibitor/2499","Connectors, Switches, Casing technology, Wire Harness, etc","Industrial Electronics / Industrial Control","Communication System","Electricity and New Energy","Internet of Things (loT)","","","","","","","","","","",""
"https://onlinecatalogue.electronicachina.com.cn/Public/Uploads/useimg/20250217/lanse.jpg","Ningbo Beilun Feida Yongfeng Electrical Appliance  CO.,LTD","China","W1.831","https://onlinecatalogue.electronicachina.com.cn/journal/exhibitor/1576","Connectors, Switches, Casing technology, Wire Harness, etc","Industrial Electronics / Industrial Control","Communication System","Automotive Electronics and EV","Medical Technology","Electricity and New Energy","Mechanical Engineering","Lighting engineering","","","","","","","",""
"https://onlinecatalogue.electronicachina.com.cn/Public/Uploads/uploadfile/images/20260323/eClogoShanghai776x328EN-527.png","Ningbo Defa Electronic Technology Co., Ltd","China","W4.273","https://onlinecatalogue.electronicachina.com.cn/journal/exhibitor/2762","","","","","","","","","","","","","","","",""
"https://onlinecatalogue.electronicachina.com.cn/Public/Uploads/useimg/20250228/wzpmmc29854bb16c82713728b16ad1e958242c.png","Ningbo Dorabo Electric Co., Ltd","China","W2.660","https://onlinecatalogue.electronicachina.com.cn/journal/exhibitor/2501","Passive components (capacitors, resistors, inductors, etc.) and Relays","Connectors, Switches, Casing technology, Wire Harness, etc","Power supplies","PCBs, other circuit carrier","Assemblies and subsystems","Industrial Electronics / Industrial Control","Communication System","Consumer Electronics","Automotive Electronics and EV","Medical Technology","Electricity and New Energy","Internet of Things (loT)","Aviation & Space Technology","Military Electronics","Mechanical Engineering","Rail Transit"
"https://onlinecatalogue.electronicachina.com.cn/Public/Uploads/useimg/20260528/touxiang351x351.jpg","Ningbo Easson Digital Technology Co., LTD","China","W5.162","https://onlinecatalogue.electronicachina.com.cn/journal/exhibitor/3571","Test and measurement","Artificial intelligence technology","Industrial Electronics / Industrial Control","Communication System","Computers & Peripherals","Medical Technology","Electricity and New Energy","Aviation & Space Technology","Mechanical Engineering","Rail Transit","Security & protection system","Lighting engineering","Household appliances","Mobile phone","",""
"https://onlinecatalogue.electronicachina.com.cn/Public/Uploads/uploadfile/images/20260323/eClogoShanghai776x328EN-527.png","NINGBO FAST SENSOR CO.,LTD.","China","N3.216","https://onlinecatalogue.electronicachina.com.cn/journal/exhibitor/1137","","","","","","","","","","","","","","","",""
"https://onlinecatalogue.electronicachina.com.cn/Public/Uploads/useimg/20250313/111.png","Ningbo Gaoding Electronics Co.,ltd","China","W3.241","https://onlinecatalogue.electronicachina.com.cn/journal/exhibitor/2500","Connectors, Switches, Casing technology, Wire Harness, etc","Other, please indicate","Industrial Electronics / Industrial Control","Communication System","Consumer Electronics","Computers & Peripherals","Automotive Electronics and EV","Medical Technology","Electricity and New Energy","Internet of Things (loT)","Aviation & Space Technology","Military Electronics","Mechanical Engineering","Rail Transit","Security & protection system","Lighting engineering"
"https://onlinecatalogue.electronicachina.com.cn/Public/Uploads/useimg/20250318/GOLogoS.png","NingBo GiantOhm Micro Electronics Technology Co.,Ltd","China","N1.221","https://onlinecatalogue.electronicachina.com.cn/journal/exhibitor/932","Passive components (capacitors, resistors, inductors, etc.) and Relays","Industrial Electronics / Industrial Control","Communication System","Consumer Electronics","Computers & Peripherals","Automotive Electronics and EV","Medical Technology","Electricity and New Energy","Security & protection system","Lighting engineering","Household appliances","Mobile phone","Others, please indicate","","",""
"https://onlinecatalogue.electronicachina.com.cn/Public/Uploads/useimg/20250328/GOLTENshangbiao.jpg","NINGBO GOLTEN ELECTRONICS CO.,LTD","China","W3.609","https://onlinecatalogue.electronicachina.com.cn/journal/exhibitor/1577","Information gathering and services","Industrial Electronics / Industrial Control","Communication System","Automotive Electronics and EV","Medical Technology","Electricity and New Energy","Internet of Things (loT)","Artificial Intelligence","Data Center / Cloud Computing","Aviation & Space Technology","Military Electronics","Mechanical Engineering","Rail Transit","Security & protection system","Lighting engineering","Intelligent building"
"https://onlinecatalogue.electronicachina.com.cn/Public/Uploads/uploadfile/images/20260323/eClogoShanghai776x328EN-527.png","NINGBO GOOSUN ELECTRONIC CO.,LTD.","China","W3.325","https://onlinecatalogue.electronicachina.com.cn/journal/exhibitor/1578","","","","","","","","","","","","","","","",""
"https://onlinecatalogue.electronicachina.com.cn/Public/Uploads/useimg/20260529/Screenshot20260508223114com.tencent.mm.jpg","Ningbo Guangyong Electronics Co.. Ltd.","China","W4.379","https://onlinecatalogue.electronicachina.com.cn/journal/exhibitor/3578","Electronic Manufacturing Services (EMS)","Consumer Electronics","Artificial Intelligence","Security & protection system","","","","","","","","","","","",""
"https://onlinecatalogue.electronicachina.com.cn/Public/Uploads/uploadfile/images/20260323/eClogoShanghai776x328EN-527.png","Ningbo HanCheng Electronic co.,Ltd","China","W4.630","https://onlinecatalogue.electronicachina.com.cn/journal/exhibitor/2722","","","","","","","","","","","","","","","",""
"https://onlinecatalogue.electronicachina.com.cn/Public/Uploads/uploadfile/images/20260323/eClogoShanghai776x328EN-527.png","Ningbo Hongwu Aviation Technology Co., Ltd.","China","W3.337","https://onlinecatalogue.electronicachina.com.cn/journal/exhibitor/1579","","","","","","","","","","","","","","","",""
"https://onlinecatalogue.electronicachina.com.cn/Public/Uploads/useimg/20260526/touminghuaban1fuben.png","Ningbo Hooban Electronic Co., Ltd","China","W3.120","https://onlinecatalogue.electronicachina.com.cn/journal/exhibitor/3584","Connectors, Switches, Casing technology, Wire Harness, etc","Industrial Electronics / Industrial Control","Security & protection system","Lighting engineering","Intelligent building","Household appliances","","","","","","","","","",""
"https://onlinecatalogue.electronicachina.com.cn/Public/Uploads/uploadfile/images/20260323/eClogoShanghai776x328EN-527.png","Ningbo Jiangbei Zhenhua Electronics Co.,Ltd.","China","N2.272","https://onlinecatalogue.electronicachina.com.cn/journal/exhibitor/3102","","","","","","","","","","","","","","","",""
"https://onlinecatalogue.electronicachina.com.cn/Public/Uploads/uploadfile/images/20260323/eClogoShanghai776x328EN-527.png","Ningbo Jieying Electrical Technology Co., Ltd","China","N2.363","https://onlinecatalogue.electronicachina.com.cn/journal/exhibitor/2026","","","","","","","","","","","","","","","",""
"https://onlinecatalogue.electronicachina.com.cn/Public/Uploads/useimg/20250317/LOGOjianchengtupian.png","Ningbo Jintian Copper (Group)  Co., Ltd","China","N1&W1.245&325","https://onlinecatalogue.electronicachina.com.cn/journal/exhibitor/1475","Other, please indicate","Industrial Electronics / Industrial Control","Communication System","Consumer Electronics","Computers & Peripherals","Automotive Electronics and EV","Medical Technology","Electricity and New Energy","Internet of Things (loT)","Embodied Intelligence","Artificial Intelligence","Aviation & Space Technology","Military Electronics","Mechanical Engineering","Rail Transit","Lighting engineering"
"https://onlinecatalogue.electronicachina.com.cn/Public/Uploads/useimg/20260520/jiulongLOGO.jpg","NINGBO JIULONG TELECOMMUNICATION AND ELECTRICAL MACHINERY CO., LTD.","China","W5.712","https://onlinecatalogue.electronicachina.com.cn/journal/exhibitor/1114","Embedded systems","Micronano-systems (MEMS, etc.)","Connectors, Switches, Casing technology, Wire Harness, etc","Artificial intelligence technology","Communication System","Consumer Electronics","Medical Technology","Electricity and New Energy","Mechanical Engineering","","","","","","",""
"https://onlinecatalogue.electronicachina.com.cn/Public/Uploads/uploadfile/images/20260323/eClogoShanghai776x328EN-527.png","Ningbo Kaiya Electronics Co., Ltd","China","W3.136","https://onlinecatalogue.electronicachina.com.cn/journal/exhibitor/2825","","","","","","","","","","","","","","","",""
"https://onlinecatalogue.electronicachina.com.cn/Public/Uploads/useimg/20250408/weixintupian20250408114548.png","NINGBO KEYONG JING SHENG ELECTRICAL APPLIANCE CO.,LTD","China","N2.901","https://onlinecatalogue.electronicachina.com.cn/journal/exhibitor/1759","Passive components (capacitors, resistors, inductors, etc.) and Relays","Connectors, Switches, Casing technology, Wire Harness, etc","Automotive and testing","Industrial Electronics / Industrial Control","Communication System","Consumer Electronics","Automotive Electronics and EV","Medical Technology","Electricity and New Energy","Internet of Things (loT)","Artificial Intelligence","Rail Transit","Security & protection system","Lighting engineering","Intelligent building","Household appliances"
"https://onlinecatalogue.electronicachina.com.cn/Public/Uploads/uploadfile/images/20260323/eClogoShanghai776x328EN-527.png","Ningbo Lanyu Electronic Technology Co.,Ltd.","China","W4.239","https://onlinecatalogue.electronicachina.com.cn/journal/exhibitor/2117","Connectors, Switches, Casing technology, Wire Harness, etc","Industrial Electronics / Industrial Control","Consumer Electronics","Automotive Electronics and EV","Medical Technology","Electricity and New Energy","Aviation & Space Technology","Mechanical Engineering","Lighting engineering","Household appliances","","","","","",""
"https://onlinecatalogue.electronicachina.com.cn/Public/Uploads/useimg/20260511/logo-50.jpg","Ningbo Lingtong Electric wire and cable Co., Ltd","China","W2.927","https://onlinecatalogue.electronicachina.com.cn/journal/exhibitor/1884","Electronic Design (ED/EDA)","Connectors, Switches, Casing technology, Wire Harness, etc","Power supplies","Electronic materials","Assemblies and subsystems","Automotive and testing","Industrial Electronics / Industrial Control","Communication System","Consumer Electronics","Computers & Peripherals","Automotive Electronics and EV","Medical Technology","Electricity and New Energy","Artificial Intelligence","Military Electronics","Mechanical Engineering"
"https://onlinecatalogue.electronicachina.com.cn/Public/Uploads/uploadfile/images/20260323/eClogoShanghai776x328EN-527.png","Ningbo Meidi Electric Co.,Ltd.","China","W3.258","https://onlinecatalogue.electronicachina.com.cn/journal/exhibitor/2956","","","","","","","","","","","","","","","",""
"https://onlinecatalogue.electronicachina.com.cn/Public/Uploads/useimg/20250219/LOGOding.jpg","ningbo mingrui zhongxing electronic technology co., ltd.","China","N3.648","https://onlinecatalogue.electronicachina.com.cn/journal/exhibitor/1811","Sensor technology","Industrial Electronics / Industrial Control","Automotive Electronics and EV","Medical Technology","Electricity and New Energy","Aviation & Space Technology","Mechanical Engineering","Household appliances","","","","","","","",""
"https://onlinecatalogue.electronicachina.com.cn/Public/Uploads/useimg/20250408/tupian1.png","Ningbo Miqi Electronics Co.,Ltd.","China","W3.150","https://onlinecatalogue.electronicachina.com.cn/journal/exhibitor/1988","Sensor technology","Test and measurement","Electronic Design (ED/EDA)","Passive components (capacitors, resistors, inductors, etc.) and Relays","Connectors, Switches, Casing technology, Wire Harness, etc","Power supplies","PCBs, other circuit carrier","Assemblies and subsystems","Automotive and testing","Artificial intelligence technology","Information gathering and services","Other, please indicate","Industrial Electronics / Industrial Control","Communication System","Consumer Electronics","Computers & Peripherals"
"https://onlinecatalogue.electronicachina.com.cn/Public/Uploads/useimg/20260511/NKSOUN.png","Ningbo NikeSheng Electrical Technology Co., Ltd.","China","W3.158","https://onlinecatalogue.electronicachina.com.cn/journal/exhibitor/2859","Connectors, Switches, Casing technology, Wire Harness, etc","Industrial Electronics / Industrial Control","Communication System","Electricity and New Energy","Internet of Things (loT)","Mechanical Engineering","Security & protection system","","","","","","","","",""
"https://onlinecatalogue.electronicachina.com.cn/Public/Uploads/useimg/20250208/sanhegongsiLOGO.jpg","NINGBO SANHE ENCLOSURE CO.,LTD.","China","W4.525","https://onlinecatalogue.electronicachina.com.cn/journal/exhibitor/1581","Displays","Sensor technology","Connectors, Switches, Casing technology, Wire Harness, etc","Industrial Electronics / Industrial Control","Automotive Electronics and EV","Medical Technology","Electricity and New Energy","Aviation & Space Technology","Military Electronics","Rail Transit","Security & protection system","Lighting engineering","Intelligent building","","",""
"https://onlinecatalogue.electronicachina.com.cn/Public/Uploads/uploadfile/images/20260323/eClogoShanghai776x328EN-527.png","Ningbo Sanhui Sensor Co.,Ltd","China","N3.125","https://onlinecatalogue.electronicachina.com.cn/journal/exhibitor/3050","","","","","","","","","","","","","","","",""
"https://onlinecatalogue.electronicachina.com.cn/Public/Uploads/uploadfile/images/20260323/eClogoShanghai776x328EN-527.png","Ningbo Shuangmei Plastic Industry Co., Ltd.","China","W4.830","https://onlinecatalogue.electronicachina.com.cn/journal/exhibitor/3556","","","","","","","","","","","","","","","",""
"https://onlinecatalogue.electronicachina.com.cn/Public/Uploads/useimg/20250319/supudaizhongwenlogo.png","NINGBO SUPU ELECTRONICS CO.,LTD.","China","W3.205","https://onlinecatalogue.electronicachina.com.cn/journal/exhibitor/1582","Connectors, Switches, Casing technology, Wire Harness, etc","Industrial Electronics / Industrial Control","Communication System","Consumer Electronics","Automotive Electronics and EV","Medical Technology","Electricity and New Energy","Aviation & Space Technology","Mechanical Engineering","Rail Transit","Security & protection system","Lighting engineering","Intelligent building","Household appliances","",""
"https://onlinecatalogue.electronicachina.com.cn/Public/Uploads/uploadfile/images/20260323/eClogoShanghai776x328EN-527.png","Ningbo Tianbo Ganglian Electronics Co., Ltd.","China","N2.132","https://onlinecatalogue.electronicachina.com.cn/journal/exhibitor/2908","","","","","","","","","","","","","","","",""
"https://onlinecatalogue.electronicachina.com.cn/Public/Uploads/uploadfile/images/20260323/eClogoShanghai776x328EN-527.png","Ningbo ULO Electronics Co.,Ltd.","China","W3.529","https://onlinecatalogue.electronicachina.com.cn/journal/exhibitor/2972","","","","","","","","","","","","","","","",""
"https://onlinecatalogue.electronicachina.com.cn/Public/Uploads/useimg/20260509/weixintupian2026050913235723632.png","NINGBO XF IMPORT & EXPORT CO., LTD","China","W3.242","https://onlinecatalogue.electronicachina.com.cn/journal/exhibitor/3466","Connectors, Switches, Casing technology, Wire Harness, etc","Assemblies and subsystems","Industrial Electronics / Industrial Control","Automotive Electronics and EV","","","","","","","","","","","",""
"https://onlinecatalogue.electronicachina.com.cn/Public/Uploads/useimg/20250225/QQ20250225104646.png","Ningbo Xucheng Electronics Co.,Ltd","China","W1.120","https://onlinecatalogue.electronicachina.com.cn/journal/exhibitor/1874","Displays","Sensor technology","Test and measurement","Connectors, Switches, Casing technology, Wire Harness, etc","PCBs, other circuit carrier","Industrial Electronics / Industrial Control","Communication System","Consumer Electronics","Computers & Peripherals","Automotive Electronics and EV","Medical Technology","Electricity and New Energy","","","",""
"https://onlinecatalogue.electronicachina.com.cn/Public/Uploads/uploadfile/images/20260323/eClogoShanghai776x328EN-527.png","Ningbo Yutai Electronics Co., Ltd.","China","W4.650","https://onlinecatalogue.electronicachina.com.cn/journal/exhibitor/3162","","","","","","","","","","","","","","","",""
"https://onlinecatalogue.electronicachina.com.cn/Public/Uploads/useimg/20260521/changfengwujincaise-236.jpg","NINGBO ZHANGQI CHANGFENG HARDWARE CO., LTD","China","W3.130","https://onlinecatalogue.electronicachina.com.cn/journal/exhibitor/3047","Connectors, Switches, Casing technology, Wire Harness, etc","PCBs, other circuit carrier","Artificial intelligence technology","Industrial Electronics / Industrial Control","Communication System","Automotive Electronics and EV","Electricity and New Energy","Artificial Intelligence","Data Center / Cloud Computing","Aviation & Space Technology","Military Electronics","Mechanical Engineering","Rail Transit","Security & protection system","Lighting engineering","Intelligent building"
"https://onlinecatalogue.electronicachina.com.cn/Public/Uploads/useimg/20250222/f03418e80e2ba6f5599b0fbec56372b.jpg","Ningbo Zhongbo Photovoltaic Technology Co., Ltd.","China","W3.320","https://onlinecatalogue.electronicachina.com.cn/journal/exhibitor/1584","Information gathering and services","Industrial Electronics / Industrial Control","Communication System","Computers & Peripherals","Medical Technology","Internet of Things (loT)","Security & protection system","Lighting engineering","Intelligent building","Household appliances","","","","","",""
"https://onlinecatalogue.electronicachina.com.cn/Public/Uploads/useimg/20250320/weixinjietu20230606103046.png","NINGBO ZHUOSHENGAO ELECTRONIC CO., LTD","China","W2.253","https://onlinecatalogue.electronicachina.com.cn/journal/exhibitor/1693","Embedded systems","Displays","Connectors, Switches, Casing technology, Wire Harness, etc","Power supplies","PCBs, other circuit carrier","Assemblies and subsystems","Information gathering and services","Industrial Electronics / Industrial Control","Communication System","Computers & Peripherals","Automotive Electronics and EV","Medical Technology","Electricity and New Energy","Internet of Things (loT)","Aviation & Space Technology","Military Electronics"
"https://onlinecatalogue.electronicachina.com.cn/Public/Uploads/useimg/20250113/logo1.png","Ningbo Zlor Electronics Co., Ltd.","China","N2.875","https://onlinecatalogue.electronicachina.com.cn/journal/exhibitor/1921","Passive components (capacitors, resistors, inductors, etc.) and Relays","Security & protection system","Lighting engineering","Household appliances","","","","","","","","","","","",""
"https://onlinecatalogue.electronicachina.com.cn/Public/Uploads/useimg/20250224/yinglogodianzizhan.jpg","NINGHAI YINGJIAO ELECTRICAL CO.,LTD.","China","W5.841","https://onlinecatalogue.electronicachina.com.cn/journal/exhibitor/1754","Power supplies","Industrial Electronics / Industrial Control","Communication System","Consumer Electronics","Medical Technology","Mechanical Engineering","Rail Transit","Security & protection system","Lighting engineering","Intelligent building","Household appliances","","","","",""
"https://onlinecatalogue.electronicachina.com.cn/Public/Uploads/useimg/20250312/logo1.png","Nistronics (Jiangxi) Co.,Ltd.","China","N1.709","https://onlinecatalogue.electronicachina.com.cn/journal/exhibitor/951","Passive components (capacitors, resistors, inductors, etc.) and Relays","Industrial Electronics / Industrial Control","Communication System","Consumer Electronics","Automotive Electronics and EV","Medical Technology","Electricity and New Energy","Rail Transit","Household appliances","","","","","","",""
"https://onlinecatalogue.electronicachina.com.cn/Public/Uploads/uploadfile/images/20260323/eClogoShanghai776x328EN-527.png","Nuoxun (Jiangsu) Cable&Wire Technology Co.,Lld","China","W3.106","https://onlinecatalogue.electronicachina.com.cn/journal/exhibitor/3211","","","","","","","","","","","","","","","",""
"https://onlinecatalogue.electronicachina.com.cn/Public/Uploads/uploadfile/images/20260323/eClogoShanghai776x328EN-527.png","O2Micro (China) Co., Limited","Cayman Is.","N4.846","https://onlinecatalogue.electronicachina.com.cn/journal/exhibitor/3524","","","","","","","","","","","","","","","",""
"https://onlinecatalogue.electronicachina.com.cn/Public/Uploads/useimg/20260507/240x120xiangsu.png","OK Electronica","China","N2.800","https://onlinecatalogue.electronicachina.com.cn/journal/exhibitor/1004","Semiconductors","Artificial intelligence technology","Consumer Electronics","Computers & Peripherals","Internet of Things (loT)","Embodied Intelligence","Artificial Intelligence","Security & protection system","Household appliances","Mobile phone","","","","","",""
"https://onlinecatalogue.electronicachina.com.cn/Public/Uploads/useimg/20260512/weixintupian20260512093102951497.png","Ok Technology（Wenzhou）Co., Ltd","China","W1.825","https://onlinecatalogue.electronicachina.com.cn/journal/exhibitor/3296","Electronic materials","Industrial Electronics / Industrial Control","Consumer Electronics","Computers & Peripherals","Automotive Electronics and EV","Electricity and New Energy","Aviation & Space Technology","Lighting engineering","Household appliances","Mobile phone","","","","","",""
"https://onlinecatalogue.electronicachina.com.cn/Public/Uploads/useimg/20250214/darilogo.JPG","ONCQUE CORPORATION","Taiwan, China","N3.151","https://onlinecatalogue.electronicachina.com.cn/journal/exhibitor/2374","Sensor technology","Connectors, Switches, Casing technology, Wire Harness, etc","Industrial Electronics / Industrial Control","Communication System","Consumer Electronics","Computers & Peripherals","Medical Technology","Internet of Things (loT)","Lighting engineering","Intelligent building","Household appliances","Mobile phone","","","",""
"https://onlinecatalogue.electronicachina.com.cn/Public/Uploads/uploadfile/images/20260323/eClogoShanghai776x328EN-527.png","ONPOW BUSH BUTTON MANUFACTURE CO., LTD","China","W3.733","https://onlinecatalogue.electronicachina.com.cn/journal/exhibitor/1985","","","","","","","","","","","","","","","",""
"https://onlinecatalogue.electronicachina.com.cn/Public/Uploads/useimg/20260522/onsemilogofinalv5tfullcolor.png","onsemi","America","N5.505","https://onlinecatalogue.electronicachina.com.cn/journal/exhibitor/3206","Semiconductors","Industrial Electronics / Industrial Control","Communication System","Consumer Electronics","Computers & Peripherals","Automotive Electronics and EV","Medical Technology","Electricity and New Energy","Embodied Intelligence","Artificial Intelligence","Data Center / Cloud Computing","","","","",""
"https://onlinecatalogue.electronicachina.com.cn/Public/Uploads/useimg/20260408/OptimasInternationalLogo-531.png","Optimas","America","W2.837","https://onlinecatalogue.electronicachina.com.cn/journal/exhibitor/2870","Connectors, Switches, Casing technology, Wire Harness, etc","Electronic Manufacturing Services (EMS)","Electronic materials","Assemblies and subsystems","Industrial Electronics / Industrial Control","Communication System","Consumer Electronics","Computers & Peripherals","Automotive Electronics and EV","Medical Technology","Electricity and New Energy","Internet of Things (loT)","Embodied Intelligence","Artificial Intelligence","Data Center / Cloud Computing","Aviation & Space Technology"
"https://onlinecatalogue.electronicachina.com.cn/Public/Uploads/useimg/20250218/logos.jpg","OPTO PLUS TECHNOLOGIES CORPORATION., Ltd.","Taiwan, China","N2.820","https://onlinecatalogue.electronicachina.com.cn/journal/exhibitor/1766","Displays","Information gathering and services","Industrial Electronics / Industrial Control","Consumer Electronics","Medical Technology","Aviation & Space Technology","Rail Transit","Security & protection system","Lighting engineering","Household appliances","","","","","",""
"https://onlinecatalogue.electronicachina.com.cn/Public/Uploads/uploadfile/images/20260323/eClogoShanghai776x328EN-527.png","Oriental Semiconductor Co.,LTD","China","N4.545","https://onlinecatalogue.electronicachina.com.cn/journal/exhibitor/1841","","","","","","","","","","","","","","","",""
"https://onlinecatalogue.electronicachina.com.cn/Public/Uploads/useimg/20250310/d478a1bf204127767c571f1912c0153.jpg","Oswald (Wuxi) Technology co, Ltd","China","W5.561","https://onlinecatalogue.electronicachina.com.cn/journal/exhibitor/1165","Semiconductors","Test and measurement","Automotive and testing","Industrial Electronics / Industrial Control","Automotive Electronics and EV","Aviation & Space Technology","Military Electronics","","","","","","","","",""
"https://onlinecatalogue.electronicachina.com.cn/Public/Uploads/useimg/20260513/ED7F785CEBA76EB1ADBA16D26BE0E1F4-466.jpg","Ourpcb Tech.Ttd","China","N3.230","https://onlinecatalogue.electronicachina.com.cn/journal/exhibitor/3010","Connectors, Switches, Casing technology, Wire Harness, etc","PCBs, other circuit carrier","Electronic Manufacturing Services (EMS)","Assemblies and subsystems","Industrial Electronics / Industrial Control","Communication System","Consumer Electronics","Computers & Peripherals","Automotive Electronics and EV","Medical Technology","Electricity and New Energy","Internet of Things (loT)","Embodied Intelligence","Artificial Intelligence","Data Center / Cloud Computing","Aviation & Space Technology"
"https://onlinecatalogue.electronicachina.com.cn/Public/Uploads/useimg/20250204/PDUKEslogan800x400.png","P-DUKE Technology Co., Ltd.","Taiwan, China","W5.600","https://onlinecatalogue.electronicachina.com.cn/journal/exhibitor/1115","Power supplies","Industrial Electronics / Industrial Control","Communication System","Automotive Electronics and EV","Medical Technology","Electricity and New Energy","Internet of Things (loT)","Aviation & Space Technology","Military Electronics","Mechanical Engineering","Rail Transit","Security & protection system","Others, please indicate","","",""
"https://onlinecatalogue.electronicachina.com.cn/Public/Uploads/useimg/20260409/weibiaoti1.jpg","Panasonic Industry (China) Co.,Ltd.","Japan","W5.366","https://onlinecatalogue.electronicachina.com.cn/journal/exhibitor/3182","Power supplies","Other, please indicate","Industrial Electronics / Industrial Control","Communication System","Consumer Electronics","Computers & Peripherals","Automotive Electronics and EV","Medical Technology","Electricity and New Energy","Internet of Things (loT)","Embodied Intelligence","Artificial Intelligence","Aviation & Space Technology","Military Electronics","Mechanical Engineering","Rail Transit"
"https://onlinecatalogue.electronicachina.com.cn/Public/Uploads/useimg/20260206/20191118144335rpjeioCeA12-458.png","PANJIT","China","N5.810","https://onlinecatalogue.electronicachina.com.cn/journal/exhibitor/2895","Semiconductors","Industrial Electronics / Industrial Control","Communication System","Consumer Electronics","Computers & Peripherals","Automotive Electronics and EV","Medical Technology","Electricity and New Energy","Internet of Things (loT)","Embodied Intelligence","Artificial Intelligence","Data Center / Cloud Computing","Household appliances","Mobile phone","",""
"https://onlinecatalogue.electronicachina.com.cn/Public/Uploads/useimg/20260407/PIfuben-269.png","Pantene Industrial Co., Ltd.","Hong Kong, China","W5.646","https://onlinecatalogue.electronicachina.com.cn/journal/exhibitor/3110","Electronic Design (ED/EDA)","Connectors, Switches, Casing technology, Wire Harness, etc","Power supplies","PCBs, other circuit carrier","Electronic Manufacturing Services (EMS)","Industrial Electronics / Industrial Control","Consumer Electronics","Mechanical Engineering","Security & protection system","Household appliances","","","","","",""
"https://onlinecatalogue.electronicachina.com.cn/Public/Uploads/useimg/20260526/weixintupian202605261110048411.png","Pasccm Precision Instruments (Shanghai) Co., Ltd.","China","W3.116","https://onlinecatalogue.electronicachina.com.cn/journal/exhibitor/2888","Test and measurement","Industrial Electronics / Industrial Control","Communication System","Consumer Electronics","Automotive Electronics and EV","Medical Technology","Electricity and New Energy","Artificial Intelligence","Aviation & Space Technology","Military Electronics","Security & protection system","Lighting engineering","Household appliances","Mobile phone","",""
"https://onlinecatalogue.electronicachina.com.cn/Public/Uploads/useimg/20250313/logo1.png","PCT Industries Ltd.","China","N1.105","https://onlinecatalogue.electronicachina.com.cn/journal/exhibitor/949","Passive components (capacitors, resistors, inductors, etc.) and Relays","Automotive and testing","Industrial Electronics / Industrial Control","Communication System","Consumer Electronics","Computers & Peripherals","Automotive Electronics and EV","Medical Technology","Electricity and New Energy","Internet of Things (loT)","Embodied Intelligence","Artificial Intelligence","Data Center / Cloud Computing","Aviation & Space Technology","Mechanical Engineering","Rail Transit"
"https://onlinecatalogue.electronicachina.com.cn/Public/Uploads/uploadfile/images/20260323/eClogoShanghai776x328EN-527.png","Peaceful Vision (Lianyungang) Electronic Corporation","China","W3.662","https://onlinecatalogue.electronicachina.com.cn/journal/exhibitor/3561","","","","","","","","","","","","","","","",""
"https://onlinecatalogue.electronicachina.com.cn/Public/Uploads/uploadfile/images/20260323/eClogoShanghai776x328EN-527.png","Perfect Intelligent Power Semiconductor Co.,Ltd","China","N4.641","https://onlinecatalogue.electronicachina.com.cn/journal/exhibitor/1243","","","","","","","","","","","","","","","",""
"https://onlinecatalogue.electronicachina.com.cn/Public/Uploads/useimg/20260209/logo-762.jpg","Permabond Engineering Adhesives Ltd.","Italy","N3.220","https://onlinecatalogue.electronicachina.com.cn/journal/exhibitor/2995","Other, please indicate","Industrial Electronics / Industrial Control","Communication System","Consumer Electronics","Computers & Peripherals","Automotive Electronics and EV","Medical Technology","Electricity and New Energy","Internet of Things (loT)","Embodied Intelligence","Artificial Intelligence","Aviation & Space Technology","Military Electronics","Mechanical Engineering","Rail Transit","Security & protection system"
"https://onlinecatalogue.electronicachina.com.cn/Public/Uploads/useimg/20260209/LOGO-587.jpg","PGtec","China","W5.776","https://onlinecatalogue.electronicachina.com.cn/journal/exhibitor/2846","Semiconductors","Test and measurement","Industrial Electronics / Industrial Control","Communication System","Consumer Electronics","Aviation & Space Technology","Military Electronics","","","","","","","","",""
"https://onlinecatalogue.electronicachina.com.cn/Public/Uploads/useimg/20250318/logo1.jpg","PIC Sensors Asia Ltd.","Germany","N3.513","https://onlinecatalogue.electronicachina.com.cn/journal/exhibitor/1116","Sensor technology","Passive components (capacitors, resistors, inductors, etc.) and Relays","Connectors, Switches, Casing technology, Wire Harness, etc","PCBs, other circuit carrier","Automotive and testing","Information gathering and services","Other, please indicate","Industrial Electronics / Industrial Control","Communication System","Consumer Electronics","Computers & Peripherals","Automotive Electronics and EV","Medical Technology","Electricity and New Energy","Internet of Things (loT)","Mechanical Engineering"
"https://onlinecatalogue.electronicachina.com.cn/Public/Uploads/useimg/20250210/PicoLogoJPG.jpg","Pico Technology Ltd.","China","W5.657","https://onlinecatalogue.electronicachina.com.cn/journal/exhibitor/2309","Sensor technology","Test and measurement","Industrial Electronics / Industrial Control","Communication System","Consumer Electronics","Computers & Peripherals","Automotive Electronics and EV","Medical Technology","Electricity and New Energy","Internet of Things (loT)","Aviation & Space Technology","Military Electronics","Mechanical Engineering","Rail Transit","Security & protection system","Lighting engineering"
"https://onlinecatalogue.electronicachina.com.cn/Public/Uploads/uploadfile/images/20260323/eClogoShanghai776x328EN-527.png","Pingxiang Lianjincheng Technology Co.,Ltd","China","W4.621","https://onlinecatalogue.electronicachina.com.cn/journal/exhibitor/3363","","","","","","","","","","","","","","","",""
"https://onlinecatalogue.electronicachina.com.cn/Public/Uploads/useimg/20260604/PLETLOGO-799.png","Pinlian Electronics Technology (Jiangsu) Co., Ltd.","China","W4.353-5","https://onlinecatalogue.electronicachina.com.cn/journal/exhibitor/3637","Embedded systems","Test and measurement","Electronic Design (ED/EDA)","Connectors, Switches, Casing technology, Wire Harness, etc","Electronic Manufacturing Services (EMS)","Electronic materials","Assemblies and subsystems","Industrial Electronics / Industrial Control","Communication System","Automotive Electronics and EV","Electricity and New Energy","Mechanical Engineering","","","",""
"https://onlinecatalogue.electronicachina.com.cn/Public/Uploads/useimg/20260527/LogoBlackLetterOrangeCircleWhiteBG.jpg","PIXELPLUS","Korea","N3.238","https://onlinecatalogue.electronicachina.com.cn/journal/exhibitor/3313","Semiconductors","Sensor technology","Industrial Electronics / Industrial Control","Automotive Electronics and EV","Artificial Intelligence","Military Electronics","Mechanical Engineering","Security & protection system","Household appliances","","","","","","",""
"https://onlinecatalogue.electronicachina.com.cn/Public/Uploads/useimg/20250210/baidilogo.jpg","Plastron Technology (Shenzhen) Co., LTD.","China","W4.100","https://onlinecatalogue.electronicachina.com.cn/journal/exhibitor/1888","Connectors, Switches, Casing technology, Wire Harness, etc","Automotive and testing","Information gathering and services","Industrial Electronics / Industrial Control","Communication System","Consumer Electronics","Computers & Peripherals","Automotive Electronics and EV","Military Electronics","Security & protection system","","","","","",""
"https://onlinecatalogue.electronicachina.com.cn/Public/Uploads/useimg/20250401/06.png","Polytronics Technology Corp.","Taiwan, China","N1.133","https://onlinecatalogue.electronicachina.com.cn/journal/exhibitor/2018","Passive components (capacitors, resistors, inductors, etc.) and Relays","Industrial Electronics / Industrial Control","Communication System","Consumer Electronics","Computers & Peripherals","Automotive Electronics and EV","Security & protection system","Household appliances","Mobile phone","","","","","","",""
"https://onlinecatalogue.electronicachina.com.cn/Public/Uploads/uploadfile/images/20260323/eClogoShanghai776x328EN-527.png","POONGSAN (SHANGHAI) CO., LTD.","Korea","W1.233","https://onlinecatalogue.electronicachina.com.cn/journal/exhibitor/1586","","","","","","","","","","","","","","","",""
"https://onlinecatalogue.electronicachina.com.cn/Public/Uploads/useimg/20250324/pmslogo.jpg","Power Master Semiconductor Co., Ltd.","Korea","N5.352","https://onlinecatalogue.electronicachina.com.cn/journal/exhibitor/1244","Semiconductors","Power supplies","Information gathering and services","Industrial Electronics / Industrial Control","Automotive Electronics and EV","Electricity and New Energy","Rail Transit","Household appliances","","","","","","","",""
"https://onlinecatalogue.electronicachina.com.cn/Public/Uploads/useimg/20250213/powercenterwudisedatumin.png","Powercenter Technology Ltd","China","W4.368","https://onlinecatalogue.electronicachina.com.cn/journal/exhibitor/1872","Electronic Design (ED/EDA)","Connectors, Switches, Casing technology, Wire Harness, etc","PCBs, other circuit carrier","Automotive and testing","Information gathering and services","Other, please indicate","Industrial Electronics / Industrial Control","Communication System","Consumer Electronics","Computers & Peripherals","Automotive Electronics and EV","Medical Technology","Electricity and New Energy","Internet of Things (loT)","Embodied Intelligence","Data Center / Cloud Computing"
"https://onlinecatalogue.electronicachina.com.cn/Public/Uploads/useimg/20260527/powercubesemilogo.png","PowerCubeSemi","Korea","N3.506","https://onlinecatalogue.electronicachina.com.cn/journal/exhibitor/3542","Semiconductors","Sensor technology","Industrial Electronics / Industrial Control","Consumer Electronics","Automotive Electronics and EV","Medical Technology","Electricity and New Energy","Aviation & Space Technology","Rail Transit","Lighting engineering","Intelligent building","Household appliances","","","",""
"https://onlinecatalogue.electronicachina.com.cn/Public/Uploads/useimg/20250108/1024X7682.png","POWLICON","China","N4.925","https://onlinecatalogue.electronicachina.com.cn/journal/exhibitor/1363","Semiconductors","Industrial Electronics / Industrial Control","Communication System","Consumer Electronics","Computers & Peripherals","Automotive Electronics and EV","Medical Technology","Electricity and New Energy","Internet of Things (loT)","Aviation & Space Technology","Military Electronics","Mechanical Engineering","Security & protection system","Lighting engineering","Intelligent building","Household appliances"
"https://onlinecatalogue.electronicachina.com.cn/Public/Uploads/uploadfile/images/20260323/eClogoShanghai776x328EN-527.png","Pramers","China","N2.907","https://onlinecatalogue.electronicachina.com.cn/journal/exhibitor/3172","","","","","","","","","","","","","","","",""
"https://onlinecatalogue.electronicachina.com.cn/Public/Uploads/uploadfile/images/20260323/eClogoShanghai776x328EN-527.png","PRECI-DIP","Switzerland","W1.509","https://onlinecatalogue.electronicachina.com.cn/journal/exhibitor/1476","","","","","","","","","","","","","","","",""
"https://onlinecatalogue.electronicachina.com.cn/Public/Uploads/useimg/20260224/logofuzhi-464.jpg","Prokit's Industries Co.,Ltd.(Shanghai)","Taiwan, China","N2.567","https://onlinecatalogue.electronicachina.com.cn/journal/exhibitor/3185","Test and measurement","Power supplies","Automotive and testing","Other, please indicate","Industrial Electronics / Industrial Control","Communication System","Consumer Electronics","Computers & Peripherals","Automotive Electronics and EV","Medical Technology","Electricity and New Energy","Artificial Intelligence","Aviation & Space Technology","Military Electronics","Mechanical Engineering","Rail Transit"
"https://onlinecatalogue.electronicachina.com.cn/Public/Uploads/useimg/20260528/PROSEMITECH,danxingCMYK0,100,100,0-913.png","PROSEMI","China","N1.637","https://onlinecatalogue.electronicachina.com.cn/journal/exhibitor/839","Passive components (capacitors, resistors, inductors, etc.) and Relays","Industrial Electronics / Industrial Control","Communication System","Consumer Electronics","Automotive Electronics and EV","Electricity and New Energy","Embodied Intelligence","Aviation & Space Technology","Mechanical Engineering","Security & protection system","Intelligent building","Household appliances","Mobile phone","","",""
"https://onlinecatalogue.electronicachina.com.cn/Public/Uploads/useimg/20250224/PROTAVICINTERNATIONALL1000mmxH1000mm.png","PROTAVIC INTERNATIONAL","France","N3.656","https://onlinecatalogue.electronicachina.com.cn/journal/exhibitor/2450","Other, please indicate","Industrial Electronics / Industrial Control","Communication System","Consumer Electronics","Computers & Peripherals","Automotive Electronics and EV","Medical Technology","Aviation & Space Technology","Military Electronics","Lighting engineering","Household appliances","Mobile phone","","","",""
"https://onlinecatalogue.electronicachina.com.cn/Public/Uploads/uploadfile/images/20260323/eClogoShanghai776x328EN-527.png","PURERAY Instrument Co.,Ltd.","China","W5.656","https://onlinecatalogue.electronicachina.com.cn/journal/exhibitor/3148","","","","","","","","","","","","","","","",""
"https://onlinecatalogue.electronicachina.com.cn/Public/Uploads/uploadfile/images/20260323/eClogoShanghai776x328EN-527.png","Puya Semiconductor","China","N5.632","https://onlinecatalogue.electronicachina.com.cn/journal/exhibitor/1365","","","","","","","","","","","","","","","",""
"https://onlinecatalogue.electronicachina.com.cn/Public/Uploads/useimg/20260331/39b4ea0033ae2863dce90e5fe20fe198.png","Puzhi Electronic Technology (Shanghai) Co.,LTD","China","N3.640","https://onlinecatalogue.electronicachina.com.cn/journal/exhibitor/3366","Semiconductors","Communication System","Medical Technology","Internet of Things (loT)","Artificial Intelligence","Aviation & Space Technology","","","","","","","","","",""
"https://onlinecatalogue.electronicachina.com.cn/Public/Uploads/useimg/20260407/qiannianshangbiao2021.png","Qiannian","China","W4.576","https://onlinecatalogue.electronicachina.com.cn/journal/exhibitor/3283","Connectors, Switches, Casing technology, Wire Harness, etc","Industrial Electronics / Industrial Control","Communication System","Consumer Electronics","Automotive Electronics and EV","Medical Technology","Electricity and New Energy","Internet of Things (loT)","Embodied Intelligence","Mechanical Engineering","Security & protection system","Lighting engineering","Household appliances","","",""
"https://onlinecatalogue.electronicachina.com.cn/Public/Uploads/useimg/20250314/qinghongshubanLOGO.png","QING HONG ELETRONICS ( SU ZHOU ) CO.,LTD.","China","W1.525","https://onlinecatalogue.electronicachina.com.cn/journal/exhibitor/1477","Connectors, Switches, Casing technology, Wire Harness, etc","Assemblies and subsystems","Automotive and testing","Information gathering and services","Communication System","Consumer Electronics","Computers & Peripherals","Automotive Electronics and EV","Electricity and New Energy","Internet of Things (loT)","","","","","",""
"https://onlinecatalogue.electronicachina.com.cn/Public/Uploads/useimg/20260206/logodaibiaoyu-177.png","Qingdao Ainuo Instrument Co., Ltd.","China","W5.332","https://onlinecatalogue.electronicachina.com.cn/journal/exhibitor/3166","Test and measurement","Power supplies","Communication System","Consumer Electronics","Computers & Peripherals","Automotive Electronics and EV","Medical Technology","Electricity and New Energy","Embodied Intelligence","Artificial Intelligence","Data Center / Cloud Computing","Aviation & Space Technology","Military Electronics","Household appliances","Mobile phone",""
"https://onlinecatalogue.electronicachina.com.cn/Public/Uploads/useimg/20250402/e22832bac749ad9f5d40b589e0394ef-893.png","QingDao Benyuan Microelectronic Co .,Ltd.","China","N4.629","https://onlinecatalogue.electronicachina.com.cn/journal/exhibitor/1366","Semiconductors","Industrial Electronics / Industrial Control","Communication System","Computers & Peripherals","Automotive Electronics and EV","Electricity and New Energy","Aviation & Space Technology","Military Electronics","Mechanical Engineering","Rail Transit","Lighting engineering","Intelligent building","Household appliances","Others, please indicate","",""
"https://onlinecatalogue.electronicachina.com.cn/Public/Uploads/useimg/20250109/HANTEKxiao240120.png","Qingdao Hantek Electronic Co., Ltd.","China","W5.229","https://onlinecatalogue.electronicachina.com.cn/journal/exhibitor/1120","Test and measurement","Electronic Design (ED/EDA)","Industrial Electronics / Industrial Control","Communication System","Electricity and New Energy","Aviation & Space Technology","Military Electronics","Household appliances","","","","","","","",""
"https://onlinecatalogue.electronicachina.com.cn/Public/Uploads/uploadfile/images/20260323/eClogoShanghai776x328EN-527.png","Qingdao Jierui Kangda Electronics Co., Ltd.","China","W5.740","https://onlinecatalogue.electronicachina.com.cn/journal/exhibitor/2062","","","","","","","","","","","","","","","",""
"https://onlinecatalogue.electronicachina.com.cn/Public/Uploads/uploadfile/images/20260323/eClogoShanghai776x328EN-527.png","Qingdao JingYi Carbon Products Co., Ltd.","China","N5.662","https://onlinecatalogue.electronicachina.com.cn/journal/exhibitor/3566","","","","","","","","","","","","","","","",""
"https://onlinecatalogue.electronicachina.com.cn/Public/Uploads/useimg/20260514/Logopic-848.png","QINGDAO LINGJIE NEW MATERIAL TECHNOLOGY","China","N3.860","https://onlinecatalogue.electronicachina.com.cn/journal/exhibitor/3284","Semiconductors","Connectors, Switches, Casing technology, Wire Harness, etc","Electronic materials","Other, please indicate","Industrial Electronics / Industrial Control","Communication System","Consumer Electronics","Computers & Peripherals","Automotive Electronics and EV","Medical Technology","Electricity and New Energy","Internet of Things (loT)","Embodied Intelligence","Artificial Intelligence","Data Center / Cloud Computing","Aviation & Space Technology"
"https://onlinecatalogue.electronicachina.com.cn/Public/Uploads/useimg/20250108/LOGO.png","Qingdao QINGZHI Instruments CO., LTD","China","W5.672","https://onlinecatalogue.electronicachina.com.cn/journal/exhibitor/1812","Test and measurement","Automotive and testing","Industrial Electronics / Industrial Control","Consumer Electronics","Computers & Peripherals","Automotive Electronics and EV","Medical Technology","Electricity and New Energy","Aviation & Space Technology","Military Electronics","Rail Transit","Lighting engineering","Household appliances","","",""
"https://onlinecatalogue.electronicachina.com.cn/Public/Uploads/useimg/20260508/qingrongkejilogozhuanqu01-716.png","Qingrong New Material Technology (Jiaxing) Co., Ltd.","China","W4.626","https://onlinecatalogue.electronicachina.com.cn/journal/exhibitor/3225","PCBs, other circuit carrier","Electronic materials","Communication System","Automotive Electronics and EV","Medical Technology","Electricity and New Energy","Data Center / Cloud Computing","Aviation & Space Technology","Military Electronics","","","","","","",""
"https://onlinecatalogue.electronicachina.com.cn/Public/Uploads/useimg/20250410/kuntailogocaise.png","Quanzhou Conntek Microelectronics Co. ltd.","China","N5.660","https://onlinecatalogue.electronicachina.com.cn/journal/exhibitor/1121","Semiconductors","Sensor technology","Industrial Electronics / Industrial Control","Communication System","Consumer Electronics","Computers & Peripherals","Automotive Electronics and EV","Medical Technology","Electricity and New Energy","Mechanical Engineering","Rail Transit","Lighting engineering","Intelligent building","Mobile phone","",""
"https://onlinecatalogue.electronicachina.com.cn/Public/Uploads/uploadfile/images/20260323/eClogoShanghai776x328EN-527.png","QUNXIN","China","N5.529","https://onlinecatalogue.electronicachina.com.cn/journal/exhibitor/1246","","","","","","","","","","","","","","","",""
"https://onlinecatalogue.electronicachina.com.cn/Public/Uploads/useimg/20260521/ScreenShot20251204103006675-329.png","QXME","China","N3.608","https://onlinecatalogue.electronicachina.com.cn/journal/exhibitor/2917","Semiconductors","Industrial Electronics / Industrial Control","Consumer Electronics","Automotive Electronics and EV","Electricity and New Energy","Embodied Intelligence","Household appliances","","","","","","","","",""
"https://onlinecatalogue.electronicachina.com.cn/Public/Uploads/uploadfile/images/20260323/eClogoShanghai776x328EN-527.png","RAMXEED (SHANGHAI) LIMITED","Japan","N4.844","https://onlinecatalogue.electronicachina.com.cn/journal/exhibitor/2405","","","","","","","","","","","","","","","",""
"https://onlinecatalogue.electronicachina.com.cn/Public/Uploads/uploadfile/images/20260323/eClogoShanghai776x328EN-527.png","RAYQUANT Technology Co.,Ltd.","China","N3.846","https://onlinecatalogue.electronicachina.com.cn/journal/exhibitor/3529","","","","","","","","","","","","","","","",""
"https://onlinecatalogue.electronicachina.com.cn/Public/Uploads/useimg/20250226/weimingming20250226115212.png","Raystar Microelectronics Techonology Co.,Ltd","China","N4.905","https://onlinecatalogue.electronicachina.com.cn/journal/exhibitor/1367","Semiconductors","Industrial Electronics / Industrial Control","Communication System","Consumer Electronics","Computers & Peripherals","Automotive Electronics and EV","Medical Technology","Electricity and New Energy","Internet of Things (loT)","Aviation & Space Technology","Military Electronics","Security & protection system","Lighting engineering","Intelligent building","Household appliances","Mobile phone"
"https://onlinecatalogue.electronicachina.com.cn/Public/Uploads/useimg/20250218/LOGObiaozhunshiyongfangxing.png","Reactor  Microelectronics  Co., Ltd.","China","N4.652","https://onlinecatalogue.electronicachina.com.cn/journal/exhibitor/1247","Semiconductors","Connectors, Switches, Casing technology, Wire Harness, etc","Automotive and testing","Industrial Electronics / Industrial Control","Communication System","Consumer Electronics","Computers & Peripherals","Automotive Electronics and EV","Aviation & Space Technology","Military Electronics","Rail Transit","Security & protection system","Lighting engineering","Intelligent building","Household appliances","Mobile phone"
"https://onlinecatalogue.electronicachina.com.cn/Public/Uploads/useimg/20250108/LOGO1.png","Recodeal","China","W2.321","https://onlinecatalogue.electronicachina.com.cn/journal/exhibitor/1478","Connectors, Switches, Casing technology, Wire Harness, etc","Industrial Electronics / Industrial Control","Communication System","Automotive Electronics and EV","Rail Transit","","","","","","","","","","",""
"https://onlinecatalogue.electronicachina.com.cn/Public/Uploads/uploadfile/images/20260323/eClogoShanghai776x328EN-527.png","RESONANCE","China","N3.378","https://onlinecatalogue.electronicachina.com.cn/journal/exhibitor/2845","","","","","","","","","","","","","","","",""
"https://onlinecatalogue.electronicachina.com.cn/Public/Uploads/uploadfile/images/20260323/eClogoShanghai776x328EN-527.png","RICHAIN ELECTRONICS (SHENZHEN) CO.,LTD","China","N3.266","https://onlinecatalogue.electronicachina.com.cn/journal/exhibitor/2728","","","","","","","","","","","","","","","",""
"https://onlinecatalogue.electronicachina.com.cn/Public/Uploads/useimg/20260421/PosterLOGOWeisEingang.png","Richard Stenzhorn Gmbh","Germany","W3.151","https://onlinecatalogue.electronicachina.com.cn/journal/exhibitor/2884","Sensor technology","Passive components (capacitors, resistors, inductors, etc.) and Relays","Connectors, Switches, Casing technology, Wire Harness, etc","PCBs, other circuit carrier","Electronic materials","Automotive and testing","Other, please indicate","Industrial Electronics / Industrial Control","Communication System","Consumer Electronics","Computers & Peripherals","Automotive Electronics and EV","Medical Technology","Electricity and New Energy","Aviation & Space Technology","Military Electronics"
"https://onlinecatalogue.electronicachina.com.cn/Public/Uploads/uploadfile/images/20260323/eClogoShanghai776x328EN-527.png","RiChips Microelectronics Co.,Ltd.","China","N4.620","https://onlinecatalogue.electronicachina.com.cn/journal/exhibitor/1249","Semiconductors","Information gathering and services","Industrial Electronics / Industrial Control","Communication System","Consumer Electronics","Automotive Electronics and EV","Electricity and New Energy","Security & protection system","Intelligent building","Household appliances","Mobile phone","","","","",""
"https://onlinecatalogue.electronicachina.com.cn/Public/Uploads/useimg/20260331/zhongwenjianxieLOGO.png","Rigol Technologies Co., Ltd.","China","W5.525","https://onlinecatalogue.electronicachina.com.cn/journal/exhibitor/1123","Test and measurement","Industrial Electronics / Industrial Control","Communication System","Consumer Electronics","Computers & Peripherals","Automotive Electronics and EV","Medical Technology","Electricity and New Energy","Internet of Things (loT)","Artificial Intelligence","Aviation & Space Technology","Military Electronics","Household appliances","Mobile phone","",""
"https://onlinecatalogue.electronicachina.com.cn/Public/Uploads/uploadfile/images/20260323/eClogoShanghai776x328EN-527.png","RITEC ENCLOSURES INC.","Taiwan, China","W4.131","https://onlinecatalogue.electronicachina.com.cn/journal/exhibitor/2379","","","","","","","","","","","","","","","",""
"https://onlinecatalogue.electronicachina.com.cn/Public/Uploads/useimg/20250319/xinrongjinhuaban1.jpg","RJ Chip Packaging Ltd.","China","N3.907","https://onlinecatalogue.electronicachina.com.cn/journal/exhibitor/2465","Semiconductors","Micronano-systems (MEMS, etc.)","Sensor technology","Passive components (capacitors, resistors, inductors, etc.) and Relays","Connectors, Switches, Casing technology, Wire Harness, etc","PCBs, other circuit carrier","Industrial Electronics / Industrial Control","Consumer Electronics","Automotive Electronics and EV","Medical Technology","Mobile phone","","","","",""
"https://onlinecatalogue.electronicachina.com.cn/Public/Uploads/useimg/20250310/landibaizilogo.png","RMD","China","W2.605","https://onlinecatalogue.electronicachina.com.cn/journal/exhibitor/1479","Sensor technology","Passive components (capacitors, resistors, inductors, etc.) and Relays","Connectors, Switches, Casing technology, Wire Harness, etc","Assemblies and subsystems","Automotive and testing","Industrial Electronics / Industrial Control","Automotive Electronics and EV","Electricity and New Energy","Mechanical Engineering","Rail Transit","Household appliances","","","","",""
"https://onlinecatalogue.electronicachina.com.cn/Public/Uploads/uploadfile/images/20260323/eClogoShanghai776x328EN-527.png","ROBOTERA","China","W4.573","https://onlinecatalogue.electronicachina.com.cn/journal/exhibitor/3602","","","","","","","","","","","","","","","",""
"https://onlinecatalogue.electronicachina.com.cn/Public/Uploads/useimg/20250113/REMASTERLOGOWEBSITECN.jpg","Rochester Electronics Ltd. Shanghai Representative Office","China","N2.627","https://onlinecatalogue.electronicachina.com.cn/journal/exhibitor/1790","Semiconductors","Industrial Electronics / Industrial Control","Communication System","Consumer Electronics","Computers & Peripherals","Automotive Electronics and EV","Medical Technology","Electricity and New Energy","Internet of Things (loT)","Aviation & Space Technology","Mechanical Engineering","Rail Transit","Security & protection system","Lighting engineering","Intelligent building","Household appliances"
"https://onlinecatalogue.electronicachina.com.cn/Public/Uploads/uploadfile/images/20260323/eClogoShanghai776x328EN-527.png","ROFS MICROSYSTEM (TIANJIN) Co., Ltd.","China","N2.131","https://onlinecatalogue.electronicachina.com.cn/journal/exhibitor/3078","","","","","","","","","","","","","","","",""
"https://onlinecatalogue.electronicachina.com.cn/Public/Uploads/useimg/20250327/ROKAlogo.png","ROKA (Suzhou) Connector Co., Ltd.","Germany","W2.209","https://onlinecatalogue.electronicachina.com.cn/journal/exhibitor/1505","Connectors, Switches, Casing technology, Wire Harness, etc","Automotive Electronics and EV","","","","","","","","","","","","","",""
"https://onlinecatalogue.electronicachina.com.cn/Public/Uploads/uploadfile/images/20260323/eClogoShanghai776x328EN-527.png","Romtronic International Co.,Limited","China","W4.737","https://onlinecatalogue.electronicachina.com.cn/journal/exhibitor/2868","","","","","","","","","","","","","","","",""
"https://onlinecatalogue.electronicachina.com.cn/Public/Uploads/useimg/20250206/1738827701490.jpg","Rongtai Semiconductor (Jiangsu) Co., Ltd.","China","N5.113","https://onlinecatalogue.electronicachina.com.cn/journal/exhibitor/2178","Power supplies","Automotive and testing","Information gathering and services","Industrial Electronics / Industrial Control","Communication System","Consumer Electronics","Computers & Peripherals","Automotive Electronics and EV","Medical Technology","Electricity and New Energy","Aviation & Space Technology","Military Electronics","Mechanical Engineering","Security & protection system","Lighting engineering","Household appliances"
"https://onlinecatalogue.electronicachina.com.cn/Public/Uploads/useimg/20250321/logo800-990.png","Rongwei Electric Co.,Ltd","China","W3.549","https://onlinecatalogue.electronicachina.com.cn/journal/exhibitor/1588","Electronic Design (ED/EDA)","Connectors, Switches, Casing technology, Wire Harness, etc","Automotive and testing","Information gathering and services","Other, please indicate","Industrial Electronics / Industrial Control","Communication System","Consumer Electronics","Computers & Peripherals","Automotive Electronics and EV","Medical Technology","Electricity and New Energy","Aviation & Space Technology","Military Electronics","Mechanical Engineering","Rail Transit"
"https://onlinecatalogue.electronicachina.com.cn/Public/Uploads/uploadfile/images/20260323/eClogoShanghai776x328EN-527.png","RRC Power Solutions (Shenzhen) Limited","Germany","W5.253","https://onlinecatalogue.electronicachina.com.cn/journal/exhibitor/3378","","","","","","","","","","","","","","","",""
"https://onlinecatalogue.electronicachina.com.cn/Public/Uploads/useimg/20250206/22.jpg","Rubycon &. ShenZhen Consui","Japan","N1.509","https://onlinecatalogue.electronicachina.com.cn/journal/exhibitor/850","Semiconductors","Sensor technology","Passive components (capacitors, resistors, inductors, etc.) and Relays","Power supplies","PCBs, other circuit carrier","Industrial Electronics / Industrial Control","Communication System","Consumer Electronics","Computers & Peripherals","Automotive Electronics and EV","Medical Technology","Electricity and New Energy","Internet of Things (loT)","Aviation & Space Technology","Mechanical Engineering","Rail Transit"
"https://onlinecatalogue.electronicachina.com.cn/Public/Uploads/useimg/20250331/ruimenglogolansedi.png","RUIMENG TECHNOLOGY","China","N4.810","https://onlinecatalogue.electronicachina.com.cn/journal/exhibitor/1368","Semiconductors","Sensor technology","Test and measurement","Electronic Design (ED/EDA)","Connectors, Switches, Casing technology, Wire Harness, etc","Other, please indicate","Industrial Electronics / Industrial Control","Communication System","Consumer Electronics","Automotive Electronics and EV","Medical Technology","Others, please indicate","","","",""
"https://onlinecatalogue.electronicachina.com.cn/Public/Uploads/useimg/20250306/B1.jpg","Run Zhong (Shenzhen ） Electronics Company Limited","China","N2.117","https://onlinecatalogue.electronicachina.com.cn/journal/exhibitor/1909","Semiconductors","Displays","Industrial Electronics / Industrial Control","Communication System","Consumer Electronics","Computers & Peripherals","Automotive Electronics and EV","Medical Technology","Electricity and New Energy","Internet of Things (loT)","Military Electronics","Mechanical Engineering","Rail Transit","Security & protection system","Lighting engineering","Intelligent building"
"https://onlinecatalogue.electronicachina.com.cn/Public/Uploads/useimg/20250211/jiangsurunshi.png","Runic Technology","China","N4.613","https://onlinecatalogue.electronicachina.com.cn/journal/exhibitor/1369","Semiconductors","Industrial Electronics / Industrial Control","Communication System","Consumer Electronics","Computers & Peripherals","Automotive Electronics and EV","Medical Technology","Electricity and New Energy","Internet of Things (loT)","Aviation & Space Technology","Mechanical Engineering","Rail Transit","Security & protection system","Lighting engineering","Intelligent building","Household appliances"
"https://onlinecatalogue.electronicachina.com.cn/Public/Uploads/useimg/20260401/sahasraLogo.jpg","Sahasra Electronics","India","N3.351","https://onlinecatalogue.electronicachina.com.cn/journal/exhibitor/3177","Semiconductors","Connectors, Switches, Casing technology, Wire Harness, etc","PCBs, other circuit carrier","Electronic Manufacturing Services (EMS)","Industrial Electronics / Industrial Control","Automotive Electronics and EV","Medical Technology","Internet of Things (loT)","Aviation & Space Technology","Military Electronics","Lighting engineering","","","","",""
"https://onlinecatalogue.electronicachina.com.cn/Public/Uploads/useimg/20250408/SHmid272dpi.jpg","SALECOM. ELECTRONICS CO., LTD.","Taiwan, China","W4.238","https://onlinecatalogue.electronicachina.com.cn/journal/exhibitor/2381","Connectors, Switches, Casing technology, Wire Harness, etc","Industrial Electronics / Industrial Control","Communication System","Computers & Peripherals","Automotive Electronics and EV","Medical Technology","Electricity and New Energy","Internet of Things (loT)","Aviation & Space Technology","Mechanical Engineering","Rail Transit","Security & protection system","Lighting engineering","Intelligent building","",""
"https://onlinecatalogue.electronicachina.com.cn/Public/Uploads/useimg/20250326/samteclogodigital3-991.jpg","Samtec China","America","W2.313","https://onlinecatalogue.electronicachina.com.cn/journal/exhibitor/1480","Test and measurement","Connectors, Switches, Casing technology, Wire Harness, etc","Industrial Electronics / Industrial Control","Communication System","Consumer Electronics","Automotive Electronics and EV","Medical Technology","Electricity and New Energy","Internet of Things (loT)","Aviation & Space Technology","Mechanical Engineering","Rail Transit","Security & protection system","Intelligent building","Household appliances",""
"https://onlinecatalogue.electronicachina.com.cn/Public/Uploads/useimg/20250312/SAMWHALOGOpng.png","Samwha","Korea","N1.225","https://onlinecatalogue.electronicachina.com.cn/journal/exhibitor/2550","Passive components (capacitors, resistors, inductors, etc.) and Relays","Industrial Electronics / Industrial Control","Communication System","Consumer Electronics","Computers & Peripherals","Automotive Electronics and EV","Medical Technology","Electricity and New Energy","Internet of Things (loT)","Rail Transit","Security & protection system","Lighting engineering","Intelligent building","Household appliances","",""
"https://onlinecatalogue.electronicachina.com.cn/Public/Uploads/uploadfile/images/20260323/eClogoShanghai776x328EN-527.png","San-Etsu Metals(Shanghai) Co., Ltd.","Japan","W2.653","https://onlinecatalogue.electronicachina.com.cn/journal/exhibitor/1482","Semiconductors","Connectors, Switches, Casing technology, Wire Harness, etc","Industrial Electronics / Industrial Control","Communication System","Automotive Electronics and EV","","","","","","","","","","",""
"https://onlinecatalogue.electronicachina.com.cn/Public/Uploads/useimg/20250327/logo.png","Sanco Intelligent Connector Technology Co.,Ltd.","China","W1.328","https://onlinecatalogue.electronicachina.com.cn/journal/exhibitor/1481","Connectors, Switches, Casing technology, Wire Harness, etc","Industrial Electronics / Industrial Control","Automotive Electronics and EV","Electricity and New Energy","Rail Transit","","","","","","","","","","",""
"https://onlinecatalogue.electronicachina.com.cn/Public/Uploads/uploadfile/images/20260323/eClogoShanghai776x328EN-527.png","Sanet Electronics Ltd.","China","N2.523","https://onlinecatalogue.electronicachina.com.cn/journal/exhibitor/2987","","","","","","","","","","","","","","","",""
"https://onlinecatalogue.electronicachina.com.cn/Public/Uploads/uploadfile/images/20260323/eClogoShanghai776x328EN-527.png","Sanshi Electrice Co.,Ltd.","China","N3.888","https://onlinecatalogue.electronicachina.com.cn/journal/exhibitor/2335","","","","","","","","","","","","","","","",""
"https://onlinecatalogue.electronicachina.com.cn/Public/Uploads/useimg/20250205/LOGOxianshitu.png","Sanyou Corporation Limited","China","N2.201","https://onlinecatalogue.electronicachina.com.cn/journal/exhibitor/840","Sensor technology","Electronic Design (ED/EDA)","Passive components (capacitors, resistors, inductors, etc.) and Relays","Connectors, Switches, Casing technology, Wire Harness, etc","Information gathering and services","Industrial Electronics / Industrial Control","Communication System","Consumer Electronics","Computers & Peripherals","Automotive Electronics and EV","Medical Technology","Electricity and New Energy","Aviation & Space Technology","Military Electronics","Mechanical Engineering","Rail Transit"
"https://onlinecatalogue.electronicachina.com.cn/Public/Uploads/useimg/20260225/SCED.png","SCED","China","W3.217","https://onlinecatalogue.electronicachina.com.cn/journal/exhibitor/2935","Connectors, Switches, Casing technology, Wire Harness, etc","Assemblies and subsystems","Industrial Electronics / Industrial Control","Communication System","Consumer Electronics","Computers & Peripherals","Automotive Electronics and EV","Medical Technology","Electricity and New Energy","Internet of Things (loT)","Embodied Intelligence","Artificial Intelligence","Data Center / Cloud Computing","Aviation & Space Technology","Military Electronics","Mechanical Engineering"
"https://onlinecatalogue.electronicachina.com.cn/Public/Uploads/useimg/20250318/SCHURTERLogoBlue.jpg","SCHURTER Electronics（China) Ltd.","Switzerland","N2.859","https://onlinecatalogue.electronicachina.com.cn/journal/exhibitor/2071","Connectors, Switches, Casing technology, Wire Harness, etc","Assemblies and subsystems","Information gathering and services","Industrial Electronics / Industrial Control","Communication System","Consumer Electronics","Automotive Electronics and EV","Medical Technology","Aviation & Space Technology","Military Electronics","Mechanical Engineering","Security & protection system","","","",""
"https://onlinecatalogue.electronicachina.com.cn/Public/Uploads/uploadfile/images/20260323/eClogoShanghai776x328EN-527.png","Schützinger GmbH","Germany","W5.757","https://onlinecatalogue.electronicachina.com.cn/journal/exhibitor/3176","","","","","","","","","","","","","","","",""
"https://onlinecatalogue.electronicachina.com.cn/Public/Uploads/uploadfile/images/20260323/eClogoShanghai776x328EN-527.png","schwa-medico(Wuxi) electrical Co.,Ltd","China","N2.780","https://onlinecatalogue.electronicachina.com.cn/journal/exhibitor/2050","Passive components (capacitors, resistors, inductors, etc.) and Relays","Connectors, Switches, Casing technology, Wire Harness, etc","Power supplies","Information gathering and services","Industrial Electronics / Industrial Control","Communication System","Consumer Electronics","Automotive Electronics and EV","Electricity and New Energy","Rail Transit","","","","","",""
"https://onlinecatalogue.electronicachina.com.cn/Public/Uploads/useimg/20260511/logotouming.png","SEEKTRONICS","China","N3.369","https://onlinecatalogue.electronicachina.com.cn/journal/exhibitor/3319","Semiconductors","Industrial Electronics / Industrial Control","Communication System","Consumer Electronics","Computers & Peripherals","Automotive Electronics and EV","Medical Technology","Electricity and New Energy","Internet of Things (loT)","Embodied Intelligence","Artificial Intelligence","Data Center / Cloud Computing","Aviation & Space Technology","Mechanical Engineering","Household appliances","Mobile phone"
"https://onlinecatalogue.electronicachina.com.cn/Public/Uploads/useimg/20250321/shenghetanglogoyouwangzhi.png","SEHOT CO., LIMITED","China","N2.637","https://onlinecatalogue.electronicachina.com.cn/journal/exhibitor/1005","Semiconductors","Industrial Electronics / Industrial Control","Communication System","Consumer Electronics","Automotive Electronics and EV","Electricity and New Energy","Internet of Things (loT)","","","","","","","","",""
"https://onlinecatalogue.electronicachina.com.cn/Public/Uploads/useimg/20260526/SEMDLOGO-980.png","SEMD GMBH","China","W3.159","https://onlinecatalogue.electronicachina.com.cn/journal/exhibitor/3569","Automotive and testing","Wireless","Automotive Electronics and EV","","","","","","","","","","","","",""
"https://onlinecatalogue.electronicachina.com.cn/Public/Uploads/uploadfile/images/20260323/eClogoShanghai776x328EN-527.png","Semiconductor defect detection equipment","China","W4.573","https://onlinecatalogue.electronicachina.com.cn/journal/exhibitor/3605","","","","","","","","","","","","","","","",""
"https://onlinecatalogue.electronicachina.com.cn/Public/Uploads/useimg/20250225/2ziyuan63zhongwenhuaban1fuben.png","Semight Instruments Co., Ltd.","China","W5.246","https://onlinecatalogue.electronicachina.com.cn/journal/exhibitor/1124","Test and measurement","Automotive and testing","Electricity and New Energy","","","","","","","","","","","","",""
"https://onlinecatalogue.electronicachina.com.cn/Public/Uploads/uploadfile/images/20260323/eClogoShanghai776x328EN-527.png","Semiment Technology Co., Ltd","China","N4.745","https://onlinecatalogue.electronicachina.com.cn/journal/exhibitor/3118","","","","","","","","","","","","","","","",""
"https://onlinecatalogue.electronicachina.com.cn/Public/Uploads/useimg/20250312/gongsilogo.png","Semtech Semiconductor Technology (Dongguan) Co.,Ltd.","China","N5.537","https://onlinecatalogue.electronicachina.com.cn/journal/exhibitor/1250","Semiconductors","Industrial Electronics / Industrial Control","Communication System","Consumer Electronics","Computers & Peripherals","Automotive Electronics and EV","Medical Technology","Electricity and New Energy","Security & protection system","Lighting engineering","Household appliances","Mobile phone","","","",""
"https://onlinecatalogue.electronicachina.com.cn/Public/Uploads/uploadfile/images/20260323/eClogoShanghai776x328EN-527.png","SENASIC","China","N4.761","https://onlinecatalogue.electronicachina.com.cn/journal/exhibitor/3053","","","","","","","","","","","","","","","",""
"https://onlinecatalogue.electronicachina.com.cn/Public/Uploads/uploadfile/images/20260323/eClogoShanghai776x328EN-527.png","Sensilicon","China","N4.741","https://onlinecatalogue.electronicachina.com.cn/journal/exhibitor/3064","","","","","","","","","","","","","","","",""
"https://onlinecatalogue.electronicachina.com.cn/Public/Uploads/useimg/20250319/SGMICROLOGO0101.png","SGMICRO","China","N4.606","https://onlinecatalogue.electronicachina.com.cn/journal/exhibitor/1371","Semiconductors","Sensor technology","Industrial Electronics / Industrial Control","Communication System","Consumer Electronics","Computers & Peripherals","Automotive Electronics and EV","Medical Technology","Electricity and New Energy","Internet of Things (loT)","Mechanical Engineering","Rail Transit","Security & protection system","Lighting engineering","Intelligent building","Household appliances"
"https://onlinecatalogue.electronicachina.com.cn/Public/Uploads/useimg/20250207/SGSlogotaglinedigital80px.png","SGS","Switzerland","N3.713","https://onlinecatalogue.electronicachina.com.cn/journal/exhibitor/1871","Semiconductors","Micronano-systems (MEMS, etc.)","Test and measurement","Connectors, Switches, Casing technology, Wire Harness, etc","Power supplies","PCBs, other circuit carrier","Automotive and testing","Wireless","Information gathering and services","Industrial Electronics / Industrial Control","Consumer Electronics","Automotive Electronics and EV","Internet of Things (loT)","Mechanical Engineering","Lighting engineering","Intelligent building"
"https://onlinecatalogue.electronicachina.com.cn/Public/Uploads/uploadfile/images/20260323/eClogoShanghai776x328EN-527.png","SGYHENZHENCRYSTALPOWERSOURCE TECHNOLOGYCO.,LTD","China","N2.123","https://onlinecatalogue.electronicachina.com.cn/journal/exhibitor/2692","","","","","","","","","","","","","","","",""
"https://onlinecatalogue.electronicachina.com.cn/Public/Uploads/uploadfile/images/20260323/eClogoShanghai776x328EN-527.png","SHAANXI CLMT ELECTRONIC INC.","China","N3.662","https://onlinecatalogue.electronicachina.com.cn/journal/exhibitor/3526","","","","","","","","","","","","","","","",""
"https://onlinecatalogue.electronicachina.com.cn/Public/Uploads/uploadfile/images/20260323/eClogoShanghai776x328EN-527.png","Shaanxi Dibo Electronic Devices Co., Ltd","China","W3.165","https://onlinecatalogue.electronicachina.com.cn/journal/exhibitor/3152","","","","","","","","","","","","","","","",""
"https://onlinecatalogue.electronicachina.com.cn/Public/Uploads/useimg/20260528/LOGOda1240X120.jpg","SHAANXI MAGASON-TECH ELECTRONICS CO.,LTD","China","N2.772","https://onlinecatalogue.electronicachina.com.cn/journal/exhibitor/2757","Passive components (capacitors, resistors, inductors, etc.) and Relays","Power supplies","PCBs, other circuit carrier","Industrial Electronics / Industrial Control","Communication System","Consumer Electronics","Computers & Peripherals","Automotive Electronics and EV","Medical Technology","Electricity and New Energy","Internet of Things (loT)","Embodied Intelligence","Artificial Intelligence","Aviation & Space Technology","Mechanical Engineering","Rail Transit"
"https://onlinecatalogue.electronicachina.com.cn/Public/Uploads/useimg/20260525/logo.png","Shaanxi Sirui Advanced Materials Co., Ltd.","China","W4.829","https://onlinecatalogue.electronicachina.com.cn/journal/exhibitor/3305","Other, please indicate","Industrial Electronics / Industrial Control","Consumer Electronics","Computers & Peripherals","Automotive Electronics and EV","Medical Technology","Electricity and New Energy","Artificial Intelligence","Data Center / Cloud Computing","Aviation & Space Technology","Mechanical Engineering","Rail Transit","Household appliances","Mobile phone","Others, please indicate",""
"https://onlinecatalogue.electronicachina.com.cn/Public/Uploads/uploadfile/images/20260323/eClogoShanghai776x328EN-527.png","Shaanxi Yike Electronic Technology Co., Ltd.","China","N2.862","https://onlinecatalogue.electronicachina.com.cn/journal/exhibitor/2453","Passive components (capacitors, resistors, inductors, etc.) and Relays","Information gathering and services","Industrial Electronics / Industrial Control","Communication System","Consumer Electronics","Automotive Electronics and EV","Medical Technology","Electricity and New Energy","Aviation & Space Technology","Military Electronics","Mechanical Engineering","","","","",""
"https://onlinecatalogue.electronicachina.com.cn/Public/Uploads/useimg/20250402/1gongsigaoqinggaoqingLOGO.png","Shaanxi Zhongli General Electric Co., Ltd.","China","N4.248","https://onlinecatalogue.electronicachina.com.cn/journal/exhibitor/1251","Semiconductors","Embedded systems","Displays","Micronano-systems (MEMS, etc.)","Sensor technology","Test and measurement","Electronic Design (ED/EDA)","Passive components (capacitors, resistors, inductors, etc.) and Relays","Connectors, Switches, Casing technology, Wire Harness, etc","Power supplies","PCBs, other circuit carrier","Assemblies and subsystems","Automotive and testing","Wireless","Artificial intelligence technology","Information gathering and services"
"https://onlinecatalogue.electronicachina.com.cn/Public/Uploads/useimg/20260528/-696.jpg","SHACHIHATA INDUSTRIAL","Japan","W4.557","https://onlinecatalogue.electronicachina.com.cn/journal/exhibitor/3456","Semiconductors","Displays","Electronic Design (ED/EDA)","Passive components (capacitors, resistors, inductors, etc.) and Relays","Connectors, Switches, Casing technology, Wire Harness, etc","Power supplies","Assemblies and subsystems","Automotive and testing","Industrial Electronics / Industrial Control","Communication System","Computers & Peripherals","Automotive Electronics and EV","Medical Technology","Electricity and New Energy","Mechanical Engineering","Rail Transit"
"https://onlinecatalogue.electronicachina.com.cn/Public/Uploads/useimg/20250210/shandongaididianzixinxikejiyouxiangongsidinggaohuaban1fuben.jpg","Shandong Aid Electronic Information Technology Co.,Ltd.","China","N3.156","https://onlinecatalogue.electronicachina.com.cn/journal/exhibitor/2064","Sensor technology","Passive components (capacitors, resistors, inductors, etc.) and Relays","Power supplies","Information gathering and services","Consumer Electronics","Automotive Electronics and EV","Medical Technology","Internet of Things (loT)","Household appliances","","","","","","",""
"https://onlinecatalogue.electronicachina.com.cn/Public/Uploads/useimg/20250208/JGNEtubiao.png","Shandong Goldencell Electronics Technology Co.,Ltd.","China","W5.613","https://onlinecatalogue.electronicachina.com.cn/journal/exhibitor/1125","Passive components (capacitors, resistors, inductors, etc.) and Relays","Power supplies","Other, please indicate","Consumer Electronics","Medical Technology","Electricity and New Energy","Lighting engineering","","","","","","","","",""
"https://onlinecatalogue.electronicachina.com.cn/Public/Uploads/useimg/20260408/31CE9AB9EC6D4fe9B2F0DA1D71C37178.png","Shandong Jingdao Microelectronics Co.,Ltd.","China","N5.570","https://onlinecatalogue.electronicachina.com.cn/journal/exhibitor/1252","Semiconductors","Industrial Electronics / Industrial Control","Communication System","Consumer Electronics","Computers & Peripherals","Automotive Electronics and EV","Medical Technology","Electricity and New Energy","Internet of Things (loT)","Embodied Intelligence","Artificial Intelligence","Mechanical Engineering","Security & protection system","Lighting engineering","Intelligent building","Household appliances"
"https://onlinecatalogue.electronicachina.com.cn/Public/Uploads/useimg/20250317/longlibiaozhifuben.jpg","Shandong Longli Electronics Co., Ltd.","China","W3.369","https://onlinecatalogue.electronicachina.com.cn/journal/exhibitor/2210","Connectors, Switches, Casing technology, Wire Harness, etc","Assemblies and subsystems","Automotive and testing","Information gathering and services","Other, please indicate","Industrial Electronics / Industrial Control","Communication System","Automotive Electronics and EV","Electricity and New Energy","Internet of Things (loT)","Aviation & Space Technology","Military Electronics","Mechanical Engineering","Rail Transit","Security & protection system",""
"https://onlinecatalogue.electronicachina.com.cn/Public/Uploads/useimg/20250314/mokeLOGO00.png","Shandong Moke Electronics Co.,Ltd","China","W1.721","https://onlinecatalogue.electronicachina.com.cn/journal/exhibitor/1483","Connectors, Switches, Casing technology, Wire Harness, etc","Assemblies and subsystems","Information gathering and services","Consumer Electronics","Automotive Electronics and EV","","","","","","","","","","",""
"https://onlinecatalogue.electronicachina.com.cn/Public/Uploads/uploadfile/images/20260323/eClogoShanghai776x328EN-527.png","SHANDONG SEMICONDUCTOR CHAMBER OF COMMERCE","China","N4.661","https://onlinecatalogue.electronicachina.com.cn/journal/exhibitor/1253","","","","","","","","","","","","","","","",""
"https://onlinecatalogue.electronicachina.com.cn/Public/Uploads/useimg/20250302/weixintupian20250302201921.jpg","Shandong Xinnuo Electronic Science and Technology Co.,Ltd","China","N5.663","https://onlinecatalogue.electronicachina.com.cn/journal/exhibitor/1254","Semiconductors","Electronic Design (ED/EDA)","Connectors, Switches, Casing technology, Wire Harness, etc","Power supplies","PCBs, other circuit carrier","Assemblies and subsystems","Automotive and testing","Wireless","Artificial intelligence technology","Information gathering and services","Other, please indicate","Industrial Electronics / Industrial Control","Communication System","Consumer Electronics","Computers & Peripherals","Automotive Electronics and EV"
"https://onlinecatalogue.electronicachina.com.cn/Public/Uploads/useimg/20250224/yuandeshangxiajiegou240x120.png","SHANDONG YUANDE PRECISION TECHNOLOGY CO .,LTD","China","W2.333","https://onlinecatalogue.electronicachina.com.cn/journal/exhibitor/2003","Electronic Design (ED/EDA)","Passive components (capacitors, resistors, inductors, etc.) and Relays","Connectors, Switches, Casing technology, Wire Harness, etc","PCBs, other circuit carrier","Automotive and testing","Information gathering and services","Industrial Electronics / Industrial Control","Communication System","Consumer Electronics","Computers & Peripherals","Automotive Electronics and EV","Medical Technology","Electricity and New Energy","Internet of Things (loT)","Aviation & Space Technology","Mechanical Engineering"
"https://onlinecatalogue.electronicachina.com.cn/Public/Uploads/uploadfile/images/20260323/eClogoShanghai776x328EN-527.png","Shang Hai Ynvi Technology","China","N2.844","https://onlinecatalogue.electronicachina.com.cn/journal/exhibitor/3446","","","","","","","","","","","","","","","",""
"https://onlinecatalogue.electronicachina.com.cn/Public/Uploads/uploadfile/images/20260323/eClogoShanghai776x328EN-527.png","Shangdong Caiju Electronic Technology Co., Ltd","China","N5.152","https://onlinecatalogue.electronicachina.com.cn/journal/exhibitor/1837","","","","","","","","","","","","","","","",""
"https://onlinecatalogue.electronicachina.com.cn/Public/Uploads/useimg/20250304/zhanguihaibaoshandonghongbao.jpg","Shangdong Hongbao Electronic Co., Ltd.","China","N1&W2.259&850","https://onlinecatalogue.electronicachina.com.cn/journal/exhibitor/841","Passive components (capacitors, resistors, inductors, etc.) and Relays","Industrial Electronics / Industrial Control","Automotive Electronics and EV","Electricity and New Energy","","","","","","","","","","","",""
"https://onlinecatalogue.electronicachina.com.cn/Public/Uploads/uploadfile/images/20260323/eClogoShanghai776x328EN-527.png","SHANGHAI AEIN WIRE&CABLE CO., LTD.","China","W4.513","https://onlinecatalogue.electronicachina.com.cn/journal/exhibitor/3085","","","","","","","","","","","","","","","",""
"https://onlinecatalogue.electronicachina.com.cn/Public/Uploads/uploadfile/images/20260323/eClogoShanghai776x328EN-527.png","Shanghai Analogwin Semiconductor Co.,Ltd","China","N4.149","https://onlinecatalogue.electronicachina.com.cn/journal/exhibitor/2467","","","","","","","","","","","","","","","",""
"https://onlinecatalogue.electronicachina.com.cn/Public/Uploads/useimg/20250305/anlukejiLOGOjianchengban.png","Shanghai Anlogic Infotech Co.,ltd.","China","N5.612","https://onlinecatalogue.electronicachina.com.cn/journal/exhibitor/1373","Semiconductors","Industrial Electronics / Industrial Control","Communication System","Consumer Electronics","Automotive Electronics and EV","Medical Technology","Electricity and New Energy","Rail Transit","Security & protection system","Mobile phone","","","","","",""
"https://onlinecatalogue.electronicachina.com.cn/Public/Uploads/uploadfile/images/20260323/eClogoShanghai776x328EN-527.png","SHANGHAI BAOJIARUI CHEMICAL CO.,LTD","China","N3.765","https://onlinecatalogue.electronicachina.com.cn/journal/exhibitor/2799","Passive components (capacitors, resistors, inductors, etc.) and Relays","Connectors, Switches, Casing technology, Wire Harness, etc","PCBs, other circuit carrier","Electronic materials","Medical Technology","Aviation & Space Technology","Military Electronics","Mobile phone","","","","","","","",""
"https://onlinecatalogue.electronicachina.com.cn/Public/Uploads/useimg/20250310/LOGO240120.jpg","Shanghai Becho Intelligent Technology Co.,Ltd.","China","W5.314","https://onlinecatalogue.electronicachina.com.cn/journal/exhibitor/1007","Semiconductors","Sensor technology","Wireless","Artificial intelligence technology","Industrial Electronics / Industrial Control","Consumer Electronics","Automotive Electronics and EV","Medical Technology","Embodied Intelligence","Artificial Intelligence","","","","","",""
"https://onlinecatalogue.electronicachina.com.cn/Public/Uploads/useimg/20250205/800x800.jpg","Shanghai Beginor Polymer Material Co.,LTD.","China","N3.312","https://onlinecatalogue.electronicachina.com.cn/journal/exhibitor/1484","Electronic materials","Other, please indicate","Industrial Electronics / Industrial Control","Communication System","Consumer Electronics","Automotive Electronics and EV","Medical Technology","Electricity and New Energy","Artificial Intelligence","Aviation & Space Technology","Military Electronics","Rail Transit","Security & protection system","Lighting engineering","Household appliances",""
"https://onlinecatalogue.electronicachina.com.cn/Public/Uploads/useimg/20250217/800x400.jpg","SHANGHAI BEGINOR TECHNOLOGY CO.,LTD.","China","N3.210","https://onlinecatalogue.electronicachina.com.cn/journal/exhibitor/1126","Information gathering and services","Other, please indicate","Industrial Electronics / Industrial Control","Communication System","Consumer Electronics","Computers & Peripherals","Automotive Electronics and EV","Medical Technology","Electricity and New Energy","Artificial Intelligence","Aviation & Space Technology","Military Electronics","Mechanical Engineering","Lighting engineering","Household appliances","Mobile phone"
"https://onlinecatalogue.electronicachina.com.cn/Public/Uploads/useimg/20250408/gongsilogoxin.png","ShangHai BeiXin IC Technology Co.,Ltd.","China","N4.240","https://onlinecatalogue.electronicachina.com.cn/journal/exhibitor/1374","Semiconductors","Displays","Micronano-systems (MEMS, etc.)","Sensor technology","Electronic Design (ED/EDA)","Passive components (capacitors, resistors, inductors, etc.) and Relays","Connectors, Switches, Casing technology, Wire Harness, etc","Artificial intelligence technology","Industrial Electronics / Industrial Control","Communication System","Consumer Electronics","Automotive Electronics and EV","Military Electronics","Mechanical Engineering","Mobile phone",""
"https://onlinecatalogue.electronicachina.com.cn/Public/Uploads/uploadfile/images/20260323/eClogoShanghai776x328EN-527.png","Shanghai BHMRO Industrial Products Co., Ltd.‌","China","N3.729","https://onlinecatalogue.electronicachina.com.cn/journal/exhibitor/3435","","","","","","","","","","","","","","","",""
"https://onlinecatalogue.electronicachina.com.cn/Public/Uploads/useimg/20250318/logo01.png","Shanghai BIX Electronics Co.,Ltd.","China","W1.843","https://onlinecatalogue.electronicachina.com.cn/journal/exhibitor/1590","Connectors, Switches, Casing technology, Wire Harness, etc","Assemblies and subsystems","Industrial Electronics / Industrial Control","Communication System","Automotive Electronics and EV","Medical Technology","Electricity and New Energy","Artificial Intelligence","Data Center / Cloud Computing","Aviation & Space Technology","Military Electronics","","","","",""
"https://onlinecatalogue.electronicachina.com.cn/Public/Uploads/uploadfile/images/20260323/eClogoShanghai776x328EN-527.png","Shanghai Bright Power Semiconductor Co., Ltd.","China","N4.609","https://onlinecatalogue.electronicachina.com.cn/journal/exhibitor/2979","","","","","","","","","","","","","","","",""
"https://onlinecatalogue.electronicachina.com.cn/Public/Uploads/useimg/20260601/MLST.jpg","Shanghai Cabling-King Electronics Co., Ltd.","China","W3.746","https://onlinecatalogue.electronicachina.com.cn/journal/exhibitor/3589","Semiconductors","Passive components (capacitors, resistors, inductors, etc.) and Relays","Connectors, Switches, Casing technology, Wire Harness, etc","Electronic Manufacturing Services (EMS)","Automotive and testing","Artificial intelligence technology","Other, please indicate","Industrial Electronics / Industrial Control","Communication System","Computers & Peripherals","Automotive Electronics and EV","Medical Technology","Internet of Things (loT)","Aviation & Space Technology","Military Electronics","Mechanical Engineering"
"https://onlinecatalogue.electronicachina.com.cn/Public/Uploads/uploadfile/images/20260323/eClogoShanghai776x328EN-527.png","Shanghai Charles Electronics Co., Ltd.","China","W5.313","https://onlinecatalogue.electronicachina.com.cn/journal/exhibitor/2968","","","","","","","","","","","","","","","",""
"https://onlinecatalogue.electronicachina.com.cn/Public/Uploads/uploadfile/images/20260323/eClogoShanghai776x328EN-527.png","Shanghai Chipanalog Microelectronics Co.,Ltd.","China","N4.528","https://onlinecatalogue.electronicachina.com.cn/journal/exhibitor/3233","","","","","","","","","","","","","","","",""
"https://onlinecatalogue.electronicachina.com.cn/Public/Uploads/useimg/20260515/chuangyouLOGO.jpg","Shanghai Chuangyou Industrial Accessories Co., Ltd","China","N3.923","https://onlinecatalogue.electronicachina.com.cn/journal/exhibitor/3525","Semiconductors","Industrial Electronics / Industrial Control","Communication System","Consumer Electronics","Automotive Electronics and EV","Medical Technology","Electricity and New Energy","Internet of Things (loT)","Embodied Intelligence","Artificial Intelligence","Aviation & Space Technology","Military Electronics","Mechanical Engineering","Rail Transit","Security & protection system","Lighting engineering"
"https://onlinecatalogue.electronicachina.com.cn/Public/Uploads/uploadfile/images/20260323/eClogoShanghai776x328EN-527.png","SHANGHAI DAYSUO CHIPLEAD ELECTRONIC TECHNOLOGY CO., LTD","China","N3.925","https://onlinecatalogue.electronicachina.com.cn/journal/exhibitor/3533","","","","","","","","","","","","","","","",""
"https://onlinecatalogue.electronicachina.com.cn/Public/Uploads/useimg/20260528/logowudise1.png","SHANGHAI DAYSUO INDUSTRIAL CO. LTD","China","W1.229","https://onlinecatalogue.electronicachina.com.cn/journal/exhibitor/1485","Semiconductors","Embedded systems","Passive components (capacitors, resistors, inductors, etc.) and Relays","Connectors, Switches, Casing technology, Wire Harness, etc","PCBs, other circuit carrier","Assemblies and subsystems","Automotive and testing","Industrial Electronics / Industrial Control","Automotive Electronics and EV","Electricity and New Energy","","","","","",""
"https://onlinecatalogue.electronicachina.com.cn/Public/Uploads/uploadfile/images/20260323/eClogoShanghai776x328EN-527.png","Shanghai Dehao Electronics Co. Ltd","China","W4.549","https://onlinecatalogue.electronicachina.com.cn/journal/exhibitor/3061","Semiconductors","Embedded systems","Displays","Micronano-systems (MEMS, etc.)","Sensor technology","Test and measurement","Electronic Design (ED/EDA)","Passive components (capacitors, resistors, inductors, etc.) and Relays","Connectors, Switches, Casing technology, Wire Harness, etc","Power supplies","PCBs, other circuit carrier","Electronic Manufacturing Services (EMS)","Electronic materials","Assemblies and subsystems","Automotive and testing","Wireless"
"https://onlinecatalogue.electronicachina.com.cn/Public/Uploads/uploadfile/images/20260323/eClogoShanghai776x328EN-527.png","Shanghai Dexie Electronic Technology Co., Ltd.","China","N3.113","https://onlinecatalogue.electronicachina.com.cn/journal/exhibitor/3157","","","","","","","","","","","","","","","",""
"https://onlinecatalogue.electronicachina.com.cn/Public/Uploads/useimg/20260519/logo1.jpg","ShangHai DiNaiTe New Material CO., LTD","China","W2.166","https://onlinecatalogue.electronicachina.com.cn/journal/exhibitor/3520","Connectors, Switches, Casing technology, Wire Harness, etc","Industrial Electronics / Industrial Control","Communication System","Consumer Electronics","Automotive Electronics and EV","Medical Technology","Electricity and New Energy","","","","","","","","",""
"https://onlinecatalogue.electronicachina.com.cn/Public/Uploads/useimg/20250225/3d9f011365c419c9a1e51c97cd9a55c.jpg","Shanghai Ending Electronic Tech Co.,Ltd","China","W3.903","https://onlinecatalogue.electronicachina.com.cn/journal/exhibitor/1885","Embedded systems","Displays","Micronano-systems (MEMS, etc.)","Sensor technology","Test and measurement","Connectors, Switches, Casing technology, Wire Harness, etc","Power supplies","PCBs, other circuit carrier","Assemblies and subsystems","Automotive and testing","Wireless","Artificial intelligence technology","Information gathering and services","Other, please indicate","Industrial Electronics / Industrial Control","Communication System"
"https://onlinecatalogue.electronicachina.com.cn/Public/Uploads/useimg/20260424/mingfen.png","Shanghai Fairfield Electronic Technology Co.,Ltd.","China","N3.773","https://onlinecatalogue.electronicachina.com.cn/journal/exhibitor/2753","Semiconductors","Electronic materials","Industrial Electronics / Industrial Control","Automotive Electronics and EV","Internet of Things (loT)","Aviation & Space Technology","","","","","","","","","",""
"https://onlinecatalogue.electronicachina.com.cn/Public/Uploads/useimg/20250402/gongsilogo.jpg","Shanghai FAST-PCB Circuit Technology Corporation Limited","China","W4.501","https://onlinecatalogue.electronicachina.com.cn/journal/exhibitor/1696","PCBs, other circuit carrier","Industrial Electronics / Industrial Control","Communication System","Computers & Peripherals","Automotive Electronics and EV","Medical Technology","Electricity and New Energy","Aviation & Space Technology","Mechanical Engineering","Rail Transit","Security & protection system","Lighting engineering","Intelligent building","","",""
"https://onlinecatalogue.electronicachina.com.cn/Public/Uploads/useimg/20260527/LOGO.jpg","Shanghai Fudan Microelectronics Group Co., Ltd.","China","N4.517","https://onlinecatalogue.electronicachina.com.cn/journal/exhibitor/2923","Semiconductors","Electronic Design (ED/EDA)","Automotive and testing","Industrial Electronics / Industrial Control","Automotive Electronics and EV","Electricity and New Energy","Internet of Things (loT)","","","","","","","","",""
"https://onlinecatalogue.electronicachina.com.cn/Public/Uploads/useimg/20260512/336b7c6832e246c8888d7a7af398aa31.png","Shanghai Fulai Optical Technology Co., Ltd","China","W5.180","https://onlinecatalogue.electronicachina.com.cn/journal/exhibitor/3178","Test and measurement","Electronic Manufacturing Services (EMS)","Industrial Electronics / Industrial Control","Communication System","Consumer Electronics","Computers & Peripherals","Automotive Electronics and EV","Medical Technology","Electricity and New Energy","Artificial Intelligence","Aviation & Space Technology","Military Electronics","Mechanical Engineering","Household appliances","Mobile phone",""
"https://onlinecatalogue.electronicachina.com.cn/Public/Uploads/useimg/20260521/gejingbandaoti.jpg","Shanghai GaN Semiconductor Co., Ltd.","China","N5.267","https://onlinecatalogue.electronicachina.com.cn/journal/exhibitor/3500","Semiconductors","Power supplies","Industrial Electronics / Industrial Control","Consumer Electronics","Automotive Electronics and EV","Electricity and New Energy","Embodied Intelligence","Data Center / Cloud Computing","Lighting engineering","Household appliances","Mobile phone","","","","",""
"https://onlinecatalogue.electronicachina.com.cn/Public/Uploads/useimg/20260331/guangqidianqizhongwenlogohuaban1.png","SHANGHAI GKONCY ELECTRIC CO., LTD.","China","W3.509","https://onlinecatalogue.electronicachina.com.cn/journal/exhibitor/1591","Connectors, Switches, Casing technology, Wire Harness, etc","Industrial Electronics / Industrial Control","Communication System","Automotive Electronics and EV","Medical Technology","Electricity and New Energy","Aviation & Space Technology","Military Electronics","Mechanical Engineering","Rail Transit","Security & protection system","Lighting engineering","Intelligent building","","",""
"https://onlinecatalogue.electronicachina.com.cn/Public/Uploads/useimg/20260511/a8685017a62fdf53767ad111d8976e95.png","Shanghai GreenPower Electronics Co.,Ltd.","China","N5.628","https://onlinecatalogue.electronicachina.com.cn/journal/exhibitor/1202","Semiconductors","Electronic Design (ED/EDA)","Communication System","Consumer Electronics","Computers & Peripherals","Automotive Electronics and EV","","","","","","","","","",""
"https://onlinecatalogue.electronicachina.com.cn/Public/Uploads/uploadfile/images/20260323/eClogoShanghai776x328EN-527.png","Shanghai Guangsai Power Supply Co., Ltd.","China","W5.217","https://onlinecatalogue.electronicachina.com.cn/journal/exhibitor/3554","","","","","","","","","","","","","","","",""
"https://onlinecatalogue.electronicachina.com.cn/Public/Uploads/useimg/20250325/guchenlogo02-720.png","Shanghai Guchen M&E Co.,Ltd.","Germany","N4.625","https://onlinecatalogue.electronicachina.com.cn/journal/exhibitor/1855","Semiconductors","Sensor technology","Industrial Electronics / Industrial Control","Automotive Electronics and EV","Electricity and New Energy","Mechanical Engineering","Rail Transit","","","","","","","","",""
"https://onlinecatalogue.electronicachina.com.cn/Public/Uploads/useimg/20260520/hailogo.jpg","ShangHai HaiXin Antistatic Production Co., Ltd.","China","N3.861","https://onlinecatalogue.electronicachina.com.cn/journal/exhibitor/3033","Other, please indicate","Industrial Electronics / Industrial Control","Communication System","Consumer Electronics","Computers & Peripherals","Automotive Electronics and EV","Medical Technology","Electricity and New Energy","Artificial Intelligence","Aviation & Space Technology","Military Electronics","Mechanical Engineering","Security & protection system","Others, please indicate","",""
"https://onlinecatalogue.electronicachina.com.cn/Public/Uploads/uploadfile/images/20260323/eClogoShanghai776x328EN-527.png","Shanghai Hance Environmental Equipment co.,ltd","China","W5.166","https://onlinecatalogue.electronicachina.com.cn/journal/exhibitor/2286","","","","","","","","","","","","","","","",""
"https://onlinecatalogue.electronicachina.com.cn/Public/Uploads/useimg/20260407/ziyuan410x-148.png","Shanghai HaoXun Trade Development Co., Ltd.","China","W1.205","https://onlinecatalogue.electronicachina.com.cn/journal/exhibitor/1592","Connectors, Switches, Casing technology, Wire Harness, etc","PCBs, other circuit carrier","Information gathering and services","Industrial Electronics / Industrial Control","Communication System","Consumer Electronics","Computers & Peripherals","Automotive Electronics and EV","Medical Technology","Electricity and New Energy","Internet of Things (loT)","Aviation & Space Technology","Military Electronics","Mechanical Engineering","Rail Transit","Security & protection system"
"https://onlinecatalogue.electronicachina.com.cn/Public/Uploads/useimg/20250401/fujian1Logo-533.png","Shanghai Hestia Power Inc","China","N5.626","https://onlinecatalogue.electronicachina.com.cn/journal/exhibitor/1827","Semiconductors","Industrial Electronics / Industrial Control","Communication System","Consumer Electronics","Automotive Electronics and EV","Electricity and New Energy","Internet of Things (loT)","Aviation & Space Technology","Military Electronics","Mechanical Engineering","Rail Transit","Security & protection system","Lighting engineering","Intelligent building","Household appliances","Mobile phone"
"https://onlinecatalogue.electronicachina.com.cn/Public/Uploads/useimg/20250213/xinchidianziHINTlogook.png","Shanghai Hint Electronics Co.,Ltd.","China","N3.251","https://onlinecatalogue.electronicachina.com.cn/journal/exhibitor/2230","PCBs, other circuit carrier","Industrial Electronics / Industrial Control","Communication System","Consumer Electronics","Automotive Electronics and EV","Medical Technology","","","","","","","","","",""
"https://onlinecatalogue.electronicachina.com.cn/Public/Uploads/useimg/20250114/biankuangzuoshangjiaoLOGO.jpg","SHANGHAI HOTING SCREEN PRINTING EQUIPMENT CO.,LTD","China","N1.921","https://onlinecatalogue.electronicachina.com.cn/journal/exhibitor/1910","Semiconductors","Micronano-systems (MEMS, etc.)","Sensor technology","Passive components (capacitors, resistors, inductors, etc.) and Relays","PCBs, other circuit carrier","Automotive and testing","Information gathering and services","Other, please indicate","Industrial Electronics / Industrial Control","Communication System","Consumer Electronics","Computers & Peripherals","Automotive Electronics and EV","Medical Technology","Electricity and New Energy","Artificial Intelligence"
"https://onlinecatalogue.electronicachina.com.cn/Public/Uploads/useimg/20260518/junkeLOGOblack07.jpg","Shanghai Huaxiang Computer Communication Engineering Co., Ltd.","China","W5.354","https://onlinecatalogue.electronicachina.com.cn/journal/exhibitor/2837","Semiconductors","Embedded systems","Sensor technology","Test and measurement","Passive components (capacitors, resistors, inductors, etc.) and Relays","Connectors, Switches, Casing technology, Wire Harness, etc","Assemblies and subsystems","Automotive and testing","Artificial intelligence technology","Information gathering and services","Other, please indicate","Industrial Electronics / Industrial Control","Communication System","Medical Technology","Electricity and New Energy","Artificial Intelligence"
"https://onlinecatalogue.electronicachina.com.cn/Public/Uploads/useimg/20260211/xinbida.png","Shanghai Immorta Inc.","China","N4.733","https://onlinecatalogue.electronicachina.com.cn/journal/exhibitor/1406","Semiconductors","Industrial Electronics / Industrial Control","Automotive Electronics and EV","Embodied Intelligence","Artificial Intelligence","","","","","","","","","","",""
"https://onlinecatalogue.electronicachina.com.cn/Public/Uploads/useimg/20260325/jijiabiaozhi.jpg","Shanghai JeeGa Industrial Co., Ltd/HK BEIMU INT'L HOLDINGS CO., LIMITED","China","W5.765","https://onlinecatalogue.electronicachina.com.cn/journal/exhibitor/3223","Semiconductors","Sensor technology","Test and measurement","Electronic materials","Assemblies and subsystems","Automotive and testing","Artificial intelligence technology","Other, please indicate","Industrial Electronics / Industrial Control","Consumer Electronics","Automotive Electronics and EV","Electricity and New Energy","Artificial Intelligence","Aviation & Space Technology","Mechanical Engineering","Rail Transit"
"https://onlinecatalogue.electronicachina.com.cn/Public/Uploads/useimg/20250312/05.png","Shanghai Jingfeng Wire & Cable Co.,Ltd.","China","W3.142","https://onlinecatalogue.electronicachina.com.cn/journal/exhibitor/2126","Semiconductors","Displays","Sensor technology","Passive components (capacitors, resistors, inductors, etc.) and Relays","Connectors, Switches, Casing technology, Wire Harness, etc","Power supplies","Assemblies and subsystems","Automotive and testing","Information gathering and services","Industrial Electronics / Industrial Control","Communication System","Consumer Electronics","Computers & Peripherals","Automotive Electronics and EV","Medical Technology","Electricity and New Energy"
"https://onlinecatalogue.electronicachina.com.cn/Public/Uploads/useimg/20250321/58c6e594788fbded439302de90ed005-801.png","Shanghai Jinyou Jinhong Intelligent Electric Co.,Ltd","China","W3.231","https://onlinecatalogue.electronicachina.com.cn/journal/exhibitor/1462","Other, please indicate","Automotive Electronics and EV","","","","","","","","","","","","","",""
"https://onlinecatalogue.electronicachina.com.cn/Public/Uploads/useimg/20260525/zhuorifangRLOG-38.png","Shanghai Jorle New Material Tech. Co., Ltd.","China","W4.545","https://onlinecatalogue.electronicachina.com.cn/journal/exhibitor/3003","Other, please indicate","Industrial Electronics / Industrial Control","Communication System","Consumer Electronics","Automotive Electronics and EV","Electricity and New Energy","Rail Transit","Lighting engineering","Household appliances","Mobile phone","","","","","",""
"https://onlinecatalogue.electronicachina.com.cn/Public/Uploads/useimg/20260509/kangsuologo.jpg","Shanghai Kangsuo Automotive Electronics Technology Co., Ltd.","China","W2.217","https://onlinecatalogue.electronicachina.com.cn/journal/exhibitor/3164","Connectors, Switches, Casing technology, Wire Harness, etc","Assemblies and subsystems","Automotive Electronics and EV","Aviation & Space Technology","","","","","","","","","","","",""
"https://onlinecatalogue.electronicachina.com.cn/Public/Uploads/uploadfile/images/20260323/eClogoShanghai776x328EN-527.png","Shanghai Kemin Electronic Technology Co., Ltd.","China","N3.832","https://onlinecatalogue.electronicachina.com.cn/journal/exhibitor/3282","","","","","","","","","","","","","","","",""
"https://onlinecatalogue.electronicachina.com.cn/Public/Uploads/useimg/20250411/cor1huaban1.jpg","Shanghai Kexi Technology Co.,Ltd","Germany","N4.870","https://onlinecatalogue.electronicachina.com.cn/journal/exhibitor/2406","Sensor technology","Test and measurement","Industrial Electronics / Industrial Control","Consumer Electronics","Automotive Electronics and EV","Medical Technology","Electricity and New Energy","Aviation & Space Technology","Military Electronics","Mechanical Engineering","Rail Transit","Security & protection system","","","",""
"https://onlinecatalogue.electronicachina.com.cn/Public/Uploads/uploadfile/images/20260323/eClogoShanghai776x328EN-527.png","Shanghai Krah Electronics co.,Ltd.","China","N2.769","https://onlinecatalogue.electronicachina.com.cn/journal/exhibitor/2738","","","","","","","","","","","","","","","",""
"https://onlinecatalogue.electronicachina.com.cn/Public/Uploads/uploadfile/images/20260323/eClogoShanghai776x328EN-527.png","Shanghai Laimu Electronics Co., Ltd.","China","W2.633","https://onlinecatalogue.electronicachina.com.cn/journal/exhibitor/3430","","","","","","","","","","","","","","","",""
"https://onlinecatalogue.electronicachina.com.cn/Public/Uploads/useimg/20250211/240120.jpg","Shanghai Lamshine Co.,LTD","China","N3.149","https://onlinecatalogue.electronicachina.com.cn/journal/exhibitor/1815","Sensor technology","Test and measurement","Industrial Electronics / Industrial Control","Communication System","Automotive Electronics and EV","Medical Technology","Electricity and New Energy","Internet of Things (loT)","Aviation & Space Technology","Mechanical Engineering","Rail Transit","Security & protection system","Lighting engineering","Intelligent building","",""
"https://onlinecatalogue.electronicachina.com.cn/Public/Uploads/useimg/20250115/quhuaLOGO240kuan.jpg","SHANGHAI LEADEMC ELECTRONICS CO.,LTD.","China","N1.241","https://onlinecatalogue.electronicachina.com.cn/journal/exhibitor/842","Semiconductors","Passive components (capacitors, resistors, inductors, etc.) and Relays","Power supplies","PCBs, other circuit carrier","Automotive and testing","Industrial Electronics / Industrial Control","Communication System","Consumer Electronics","Computers & Peripherals","Automotive Electronics and EV","Electricity and New Energy","Aviation & Space Technology","Military Electronics","Mechanical Engineering","Household appliances",""
"https://onlinecatalogue.electronicachina.com.cn/Public/Uploads/useimg/20260423/leimaodianzi02-284.jpg","Shanghai Leiditech Electronic Technology Co., Ltd.","China","N3.638","https://onlinecatalogue.electronicachina.com.cn/journal/exhibitor/3005","Semiconductors","Embedded systems","Displays","Test and measurement","Electronic Design (ED/EDA)","Power supplies","PCBs, other circuit carrier","Electronic Manufacturing Services (EMS)","Electronic materials","Assemblies and subsystems","Automotive and testing","Artificial intelligence technology","Industrial Electronics / Industrial Control","Communication System","Consumer Electronics","Computers & Peripherals"
"https://onlinecatalogue.electronicachina.com.cn/Public/Uploads/useimg/20260521/logo500500.jpg","Shanghai Lioncel Electromagnetic Technology Co., Ltd.","China","W5.308","https://onlinecatalogue.electronicachina.com.cn/journal/exhibitor/1128","Test and measurement","Automotive and testing","Other, please indicate","Automotive Electronics and EV","Medical Technology","Electricity and New Energy","Aviation & Space Technology","Military Electronics","Rail Transit","Lighting engineering","Household appliances","","","","",""
"https://onlinecatalogue.electronicachina.com.cn/Public/Uploads/useimg/20260529/logo1-511.png","Shanghai Lionsgate Semiconductor Co., Ltd.","China","N5.549","https://onlinecatalogue.electronicachina.com.cn/journal/exhibitor/3507","Semiconductors","Test and measurement","Electronic Design (ED/EDA)","Electronic Manufacturing Services (EMS)","Electronic materials","Automotive and testing","Industrial Electronics / Industrial Control","Automotive Electronics and EV","Medical Technology","Electricity and New Energy","Embodied Intelligence","Artificial Intelligence","Aviation & Space Technology","Military Electronics","Mechanical Engineering","Rail Transit"
"https://onlinecatalogue.electronicachina.com.cn/Public/Uploads/useimg/20250123/langlidinggaotouming.png","Shanghai LONGLIT Precision   Co., Ltd","China","W2.249","https://onlinecatalogue.electronicachina.com.cn/journal/exhibitor/2196","Connectors, Switches, Casing technology, Wire Harness, etc","Assemblies and subsystems","Automotive and testing","Industrial Electronics / Industrial Control","Communication System","Automotive Electronics and EV","Medical Technology","Electricity and New Energy","Aviation & Space Technology","Mechanical Engineering","Rail Transit","","","","",""
"https://onlinecatalogue.electronicachina.com.cn/Public/Uploads/useimg/20260520/lansheng1.png","Shanghai Luxon Advanced Materials Technology Co.,LTD.","China","W5.628","https://onlinecatalogue.electronicachina.com.cn/journal/exhibitor/2926","Electronic materials","Other, please indicate","Consumer Electronics","Computers & Peripherals","Automotive Electronics and EV","Medical Technology","Electricity and New Energy","Aviation & Space Technology","Military Electronics","Mechanical Engineering","Rail Transit","Security & protection system","Household appliances","Mobile phone","",""
"https://onlinecatalogue.electronicachina.com.cn/Public/Uploads/useimg/20250319/maiheLOGO.png","Shanghai Maihe Industrial Equipment Co., Ltd","China","N1.836","https://onlinecatalogue.electronicachina.com.cn/journal/exhibitor/843","Passive components (capacitors, resistors, inductors, etc.) and Relays","Consumer Electronics","Automotive Electronics and EV","Military Electronics","","","","","","","","","","","",""
"https://onlinecatalogue.electronicachina.com.cn/Public/Uploads/uploadfile/images/20260323/eClogoShanghai776x328EN-527.png","Shanghai Menghe Precision Metal Co.,Ltd","China","W3.155","https://onlinecatalogue.electronicachina.com.cn/journal/exhibitor/2271","","","","","","","","","","","","","","","",""
"https://onlinecatalogue.electronicachina.com.cn/Public/Uploads/useimg/20250218/migaolaizuhe.png","Shanghai MiRelay Electronics Co., Ltd","China","W5.637","https://onlinecatalogue.electronicachina.com.cn/journal/exhibitor/1129","Test and measurement","Industrial Electronics / Industrial Control","Communication System","Automotive Electronics and EV","Medical Technology","Electricity and New Energy","Security & protection system","","","","","","","","",""
"https://onlinecatalogue.electronicachina.com.cn/Public/Uploads/useimg/20250219/70shenlan.png","Shanghai Neardi Technology Co. Ltd.","China","N4.143","https://onlinecatalogue.electronicachina.com.cn/journal/exhibitor/1962","Embedded systems","Industrial Electronics / Industrial Control","Internet of Things (loT)","Security & protection system","Intelligent building","","","","","","","","","","",""
"https://onlinecatalogue.electronicachina.com.cn/Public/Uploads/useimg/20260508/gongsilogo.png","Shanghai Nexon Meters Co.,Ltd","China","N3.308","https://onlinecatalogue.electronicachina.com.cn/journal/exhibitor/3045","Sensor technology","Industrial Electronics / Industrial Control","Medical Technology","Electricity and New Energy","Data Center / Cloud Computing","Aviation & Space Technology","Military Electronics","Mechanical Engineering","Rail Transit","","","","","","",""
"https://onlinecatalogue.electronicachina.com.cn/Public/Uploads/useimg/20250409/LogoOptrisOriginal.jpg","Shanghai Optris Infrared Technology Co.Ltd","Germany","N3.579","https://onlinecatalogue.electronicachina.com.cn/journal/exhibitor/2009","Sensor technology","Test and measurement","Industrial Electronics / Industrial Control","Communication System","Consumer Electronics","Computers & Peripherals","Automotive Electronics and EV","Medical Technology","Electricity and New Energy","Internet of Things (loT)","Embodied Intelligence","Artificial Intelligence","Data Center / Cloud Computing","Aviation & Space Technology","Mechanical Engineering","Rail Transit"
"https://onlinecatalogue.electronicachina.com.cn/Public/Uploads/useimg/20260518/canruikejihengbanlogotoumingdi.png","Shanghai Orient-Chip Technology Co., LTD","China","N5.705","https://onlinecatalogue.electronicachina.com.cn/journal/exhibitor/1376","Semiconductors","Sensor technology","Industrial Electronics / Industrial Control","Consumer Electronics","Automotive Electronics and EV","Medical Technology","Internet of Things (loT)","Artificial Intelligence","Security & protection system","Household appliances","Mobile phone","","","","",""
"https://onlinecatalogue.electronicachina.com.cn/Public/Uploads/uploadfile/images/20260323/eClogoShanghai776x328EN-527.png","SHANGHAI PAL NEW MATERIALS CO.，LTD","China","W4.722","https://onlinecatalogue.electronicachina.com.cn/journal/exhibitor/3372","","","","","","","","","","","","","","","",""
"https://onlinecatalogue.electronicachina.com.cn/Public/Uploads/useimg/20250408/cgibinmmwebwxbinwebwxgetmsgimgMsgID2942107598885225928skeycrypt29441e82a08a78ae2d81559dc396d0eafdf38b03mmwebappidwxwebfilehelper.jpg","Shanghai Plastics Research Institute Co.,Ltd.","China","N3.911","https://onlinecatalogue.electronicachina.com.cn/journal/exhibitor/2451","Semiconductors","Power supplies","Assemblies and subsystems","Automotive and testing","Information gathering and services","Industrial Electronics / Industrial Control","Communication System","Consumer Electronics","Computers & Peripherals","Automotive Electronics and EV","Medical Technology","Electricity and New Energy","Internet of Things (loT)","Aviation & Space Technology","Military Electronics","Mechanical Engineering"
"https://onlinecatalogue.electronicachina.com.cn/Public/Uploads/useimg/20250331/12867e0df65a4c6f930d61edbf72b71.png","Shanghai Prima Electronics Co., Ltd.","China","W5.328","https://onlinecatalogue.electronicachina.com.cn/journal/exhibitor/1130","Test and measurement","Automotive and testing","Artificial intelligence technology","Industrial Electronics / Industrial Control","Communication System","Consumer Electronics","Computers & Peripherals","Automotive Electronics and EV","Medical Technology","Electricity and New Energy","Internet of Things (loT)","Aviation & Space Technology","Military Electronics","Mechanical Engineering","Rail Transit","Security & protection system"
"https://onlinecatalogue.electronicachina.com.cn/Public/Uploads/useimg/20250306/c66dd7197b405d8acf8c7cddcb61d081.jpg","Shanghai Pullner Filtration Technology Co., Ltd","China","N2.107","https://onlinecatalogue.electronicachina.com.cn/journal/exhibitor/2017","Semiconductors","Displays","Automotive Electronics and EV","Electricity and New Energy","","","","","","","","","","","",""
"https://onlinecatalogue.electronicachina.com.cn/Public/Uploads/useimg/20250306/logotouming.png","Shanghai Qingtum Industrial Co.,Ltd","China","W1.213","https://onlinecatalogue.electronicachina.com.cn/journal/exhibitor/1488","Connectors, Switches, Casing technology, Wire Harness, etc","Automotive Electronics and EV","","","","","","","","","","","","","",""
"https://onlinecatalogue.electronicachina.com.cn/Public/Uploads/useimg/20250401/240120.jpg","Shanghai Qinyuan wire and cable Co., LTD","China","W3.259","https://onlinecatalogue.electronicachina.com.cn/journal/exhibitor/2543","Power supplies","Industrial Electronics / Industrial Control","Communication System","Automotive Electronics and EV","Electricity and New Energy","","","","","","","","","","",""
"https://onlinecatalogue.electronicachina.com.cn/Public/Uploads/useimg/20250212/logo1.jpg","SHANGHAI RADIALL","France","W1.536","https://onlinecatalogue.electronicachina.com.cn/journal/exhibitor/1489","Semiconductors","Test and measurement","Electronic Design (ED/EDA)","Passive components (capacitors, resistors, inductors, etc.) and Relays","Connectors, Switches, Casing technology, Wire Harness, etc","Power supplies","PCBs, other circuit carrier","Assemblies and subsystems","Industrial Electronics / Industrial Control","Communication System","Medical Technology","Electricity and New Energy","Aviation & Space Technology","Military Electronics","Mechanical Engineering","Rail Transit"
"https://onlinecatalogue.electronicachina.com.cn/Public/Uploads/uploadfile/images/20260323/eClogoShanghai776x328EN-527.png","SHANGHAI SHENYUAN HIGH TEMPERATURE CABLE CO., LTD","China","W3.137","https://onlinecatalogue.electronicachina.com.cn/journal/exhibitor/1886","Semiconductors","Sensor technology","Test and measurement","Connectors, Switches, Casing technology, Wire Harness, etc","Assemblies and subsystems","Automotive and testing","Information gathering and services","Industrial Electronics / Industrial Control","Consumer Electronics","Automotive Electronics and EV","Medical Technology","Aviation & Space Technology","Military Electronics","Mechanical Engineering","Rail Transit",""
"https://onlinecatalogue.electronicachina.com.cn/Public/Uploads/useimg/20250220/weixinjietu20250220105931.jpg","Shanghai Siproin Microelectronics Co.,Ltd.","China","N5.919","https://onlinecatalogue.electronicachina.com.cn/journal/exhibitor/2190","Semiconductors","Embedded systems","Displays","Micronano-systems (MEMS, etc.)","Sensor technology","Test and measurement","Electronic Design (ED/EDA)","Passive components (capacitors, resistors, inductors, etc.) and Relays","Connectors, Switches, Casing technology, Wire Harness, etc","Power supplies","PCBs, other circuit carrier","Assemblies and subsystems","Automotive and testing","Wireless","Artificial intelligence technology","Information gathering and services"
"https://onlinecatalogue.electronicachina.com.cn/Public/Uploads/useimg/20260331/LOGO.jpg","Shanghai Songchuan Precision Electron Co., Ltd.","China","N1.625","https://onlinecatalogue.electronicachina.com.cn/journal/exhibitor/2969","Passive components (capacitors, resistors, inductors, etc.) and Relays","Industrial Electronics / Industrial Control","Consumer Electronics","Automotive Electronics and EV","Electricity and New Energy","Household appliances","","","","","","","","","",""
"https://onlinecatalogue.electronicachina.com.cn/Public/Uploads/useimg/20250208/LOGOxianshitu.jpg","Shanghai SOSIN Electronics Co., Ltd","China","W5.920","https://onlinecatalogue.electronicachina.com.cn/journal/exhibitor/1131","Semiconductors","Embedded systems","Displays","Micronano-systems (MEMS, etc.)","Sensor technology","Test and measurement","Electronic Design (ED/EDA)","Passive components (capacitors, resistors, inductors, etc.) and Relays","Connectors, Switches, Casing technology, Wire Harness, etc","Power supplies","PCBs, other circuit carrier","Electronic Manufacturing Services (EMS)","Electronic materials","Assemblies and subsystems","Automotive and testing","Wireless"
"https://onlinecatalogue.electronicachina.com.cn/Public/Uploads/useimg/20260507/tangtanghuiheise.jpg","Shanghai Tanghui Electronics Co.,Ltd.","China","N2.838","https://onlinecatalogue.electronicachina.com.cn/journal/exhibitor/2402","Semiconductors","Micronano-systems (MEMS, etc.)","Passive components (capacitors, resistors, inductors, etc.) and Relays","Power supplies","PCBs, other circuit carrier","Assemblies and subsystems","Wireless","Information gathering and services","Industrial Electronics / Industrial Control","Communication System","Consumer Electronics","Computers & Peripherals","Automotive Electronics and EV","Medical Technology","Electricity and New Energy","Aviation & Space Technology"
"https://onlinecatalogue.electronicachina.com.cn/Public/Uploads/useimg/20250326/taoronglogo.png","Shanghai Taorong Industrial Co., LTD","China","W2.628","https://onlinecatalogue.electronicachina.com.cn/journal/exhibitor/1053","Connectors, Switches, Casing technology, Wire Harness, etc","Automotive and testing","Industrial Electronics / Industrial Control","Communication System","Consumer Electronics","Computers & Peripherals","Automotive Electronics and EV","Medical Technology","Electricity and New Energy","Aviation & Space Technology","Military Electronics","Mechanical Engineering","Rail Transit","Lighting engineering","Intelligent building","Household appliances"
"https://onlinecatalogue.electronicachina.com.cn/Public/Uploads/useimg/20260520/tupian1-685.png","Shanghai TechCap Co.,Ltd","China","N1.907","https://onlinecatalogue.electronicachina.com.cn/journal/exhibitor/3279","Passive components (capacitors, resistors, inductors, etc.) and Relays","Industrial Electronics / Industrial Control","Communication System","Automotive Electronics and EV","Medical Technology","Electricity and New Energy","Internet of Things (loT)","","","","","","","","",""
"https://onlinecatalogue.electronicachina.com.cn/Public/Uploads/useimg/20250210/tongyu.png","Shanghai Tongyu High Temperature Wire Co., Ltd.","China","W3.643","https://onlinecatalogue.electronicachina.com.cn/journal/exhibitor/1697","Semiconductors","Embedded systems","Displays","Micronano-systems (MEMS, etc.)","Sensor technology","Test and measurement","Electronic Design (ED/EDA)","Passive components (capacitors, resistors, inductors, etc.) and Relays","Connectors, Switches, Casing technology, Wire Harness, etc","Power supplies","PCBs, other circuit carrier","Assemblies and subsystems","Automotive and testing","Wireless","Artificial intelligence technology","Information gathering and services"
"https://onlinecatalogue.electronicachina.com.cn/Public/Uploads/useimg/20250331/TPSEMIlogo.png","Shanghai Tpsemi Microelectronics Co., Ltd.","Korea","N4.633","https://onlinecatalogue.electronicachina.com.cn/journal/exhibitor/1377","Semiconductors","Automotive and testing","Automotive Electronics and EV","","","","","","","","","","","","",""
"https://onlinecatalogue.electronicachina.com.cn/Public/Uploads/useimg/20250110/dajilogo.png","SHANGHAI TUCKGIANT BELTING GO LTD","China","N1.129","https://onlinecatalogue.electronicachina.com.cn/journal/exhibitor/845","Other, please indicate","Industrial Electronics / Industrial Control","Consumer Electronics","Automotive Electronics and EV","Medical Technology","Electricity and New Energy","Mechanical Engineering","Rail Transit","Security & protection system","Lighting engineering","Intelligent building","Household appliances","","","",""
"https://onlinecatalogue.electronicachina.com.cn/Public/Uploads/useimg/20260520/tuxiaodianzi.png","Shanghai Tuxiao Electronics Technology Co.,Ltd.","China","N2.371","https://onlinecatalogue.electronicachina.com.cn/journal/exhibitor/3113","Embedded systems","Displays","Other, please indicate","Industrial Electronics / Industrial Control","Communication System","Consumer Electronics","Computers & Peripherals","Automotive Electronics and EV","Medical Technology","Internet of Things (loT)","Embodied Intelligence","Artificial Intelligence","Security & protection system","Intelligent building","",""
"https://onlinecatalogue.electronicachina.com.cn/Public/Uploads/uploadfile/images/20260323/eClogoShanghai776x328EN-527.png","Shanghai Ucloudy Information Technology Co., LTD","China","W4.573","https://onlinecatalogue.electronicachina.com.cn/journal/exhibitor/3609","","","","","","","","","","","","","","","",""
"https://onlinecatalogue.electronicachina.com.cn/Public/Uploads/uploadfile/images/20260323/eClogoShanghai776x328EN-527.png","Shanghai Uniond Technology Ltd","China","W5.657","https://onlinecatalogue.electronicachina.com.cn/journal/exhibitor/1816","","","","","","","","","","","","","","","",""
"https://onlinecatalogue.electronicachina.com.cn/Public/Uploads/useimg/20260605/08860d5bcbac7f547c0304009fd4f067.jpg","Shanghai UniVista lndustrial Software Group Co., Ltd.","China","N3.168","https://onlinecatalogue.electronicachina.com.cn/journal/exhibitor/3408","Electronic Design (ED/EDA)","Industrial Electronics / Industrial Control","Communication System","Consumer Electronics","Automotive Electronics and EV","Medical Technology","Internet of Things (loT)","Artificial Intelligence","Data Center / Cloud Computing","Aviation & Space Technology","Military Electronics","","","","",""
"https://onlinecatalogue.electronicachina.com.cn/Public/Uploads/useimg/20260421/tupian1.png","Shanghai Winsun Power Supply Technology Co., Ltd","China","W5.517","https://onlinecatalogue.electronicachina.com.cn/journal/exhibitor/1132","Semiconductors","Power supplies","Industrial Electronics / Industrial Control","Communication System","Automotive Electronics and EV","Medical Technology","Aviation & Space Technology","Military Electronics","Mechanical Engineering","Rail Transit","Security & protection system","Lighting engineering","Others, please indicate","","",""
"https://onlinecatalogue.electronicachina.com.cn/Public/Uploads/useimg/20260521/17793267111.jpg","Shanghai Winsunny Electronics Tech. Co.Ltd","China","W5.261","https://onlinecatalogue.electronicachina.com.cn/journal/exhibitor/1814","Power supplies","Industrial Electronics / Industrial Control","Communication System","Automotive Electronics and EV","Medical Technology","Electricity and New Energy","Mechanical Engineering","Rail Transit","","","","","","","",""
"https://onlinecatalogue.electronicachina.com.cn/Public/Uploads/useimg/20250407/gongsiLOGO.png","Shanghai Winture Electric Co., Ltd","China","N4.545","https://onlinecatalogue.electronicachina.com.cn/journal/exhibitor/1256","Semiconductors","Connectors, Switches, Casing technology, Wire Harness, etc","Industrial Electronics / Industrial Control","Communication System","Automotive Electronics and EV","Medical Technology","Electricity and New Energy","Internet of Things (loT)","Aviation & Space Technology","Mechanical Engineering","Rail Transit","","","","",""
"https://onlinecatalogue.electronicachina.com.cn/Public/Uploads/uploadfile/images/20260323/eClogoShanghai776x328EN-527.png","Shanghai Woyike Electronic Technology Co., Ltd.","China","W2.110","https://onlinecatalogue.electronicachina.com.cn/journal/exhibitor/3546","Connectors, Switches, Casing technology, Wire Harness, etc","Industrial Electronics / Industrial Control","Communication System","Consumer Electronics","Automotive Electronics and EV","Medical Technology","Electricity and New Energy","Internet of Things (loT)","Embodied Intelligence","Aviation & Space Technology","Military Electronics","Mechanical Engineering","Rail Transit","Security & protection system","Lighting engineering","Intelligent building"
"https://onlinecatalogue.electronicachina.com.cn/Public/Uploads/useimg/20250210/gongsiLOGOzitiAgencyFBsecaiCMYKC15M98Y100K0huoRGBR223G18B18.png","SHANGHAI XINLONG SEMICONDUCTOR TECHNOLOGY CO.,LTD.","China","N4.341","https://onlinecatalogue.electronicachina.com.cn/journal/exhibitor/1379","Semiconductors","Electronic Design (ED/EDA)","PCBs, other circuit carrier","Information gathering and services","Industrial Electronics / Industrial Control","Communication System","Consumer Electronics","Computers & Peripherals","Automotive Electronics and EV","Medical Technology","Electricity and New Energy","Internet of Things (loT)","Aviation & Space Technology","Military Electronics","Mechanical Engineering","Rail Transit"
"https://onlinecatalogue.electronicachina.com.cn/Public/Uploads/uploadfile/images/20260323/eClogoShanghai776x328EN-527.png","SHANGHAI XINQI SEMICONDUCTOR CO., LTD.","China","N5.846","https://onlinecatalogue.electronicachina.com.cn/journal/exhibitor/2673","","","","","","","","","","","","","","","",""
"https://onlinecatalogue.electronicachina.com.cn/Public/Uploads/uploadfile/images/20260323/eClogoShanghai776x328EN-527.png","Shanghai Xinwei Semiconductor Co.,Ltd","China","N5.368","https://onlinecatalogue.electronicachina.com.cn/journal/exhibitor/1257","","","","","","","","","","","","","","","",""
"https://onlinecatalogue.electronicachina.com.cn/Public/Uploads/useimg/20250411/IMG6089.png","Shanghai Xueyang Electronics Co.，Ltd","China","W1.809","https://onlinecatalogue.electronicachina.com.cn/journal/exhibitor/1518","Connectors, Switches, Casing technology, Wire Harness, etc","Automotive and testing","Information gathering and services","Industrial Electronics / Industrial Control","Communication System","Computers & Peripherals","Automotive Electronics and EV","Medical Technology","Electricity and New Energy","Aviation & Space Technology","Military Electronics","Mechanical Engineering","Rail Transit","Security & protection system","Lighting engineering","Household appliances"
"https://onlinecatalogue.electronicachina.com.cn/Public/Uploads/useimg/20250409/ydslogo1.jpg","SHANGHAI YDS TECHNOLOGY CO., LTD","China","W5.609","https://onlinecatalogue.electronicachina.com.cn/journal/exhibitor/1133","Test and measurement","Artificial intelligence technology","Information gathering and services","Industrial Electronics / Industrial Control","Communication System","Automotive Electronics and EV","Medical Technology","Electricity and New Energy","Internet of Things (loT)","Aviation & Space Technology","Rail Transit","Security & protection system","Intelligent building","","",""
"https://onlinecatalogue.electronicachina.com.cn/Public/Uploads/useimg/20250402/yihengLOGO.png","SHANGHAI YIHENG INSTRUMENTS CO., LTD.","China","W5.760","https://onlinecatalogue.electronicachina.com.cn/journal/exhibitor/2392","Test and measurement","Automotive Electronics and EV","Electricity and New Energy","","","","","","","","","","","","",""
"https://onlinecatalogue.electronicachina.com.cn/Public/Uploads/useimg/20250313/logo240120.png","SHANGHAI YINT ELECTRONIC CO.,LTD","China","N1.650","https://onlinecatalogue.electronicachina.com.cn/journal/exhibitor/846","Semiconductors","Passive components (capacitors, resistors, inductors, etc.) and Relays","PCBs, other circuit carrier","Automotive and testing","Artificial intelligence technology","Information gathering and services","Industrial Electronics / Industrial Control","Consumer Electronics","Automotive Electronics and EV","Medical Technology","Electricity and New Energy","Internet of Things (loT)","Artificial Intelligence","Aviation & Space Technology","Military Electronics","Security & protection system"
"https://onlinecatalogue.electronicachina.com.cn/Public/Uploads/useimg/20250228/yiyangleboteerlogoyuanwenjian11.jpg","Shanghai Yiyang Precision Electronic Components Co.,Ltd","China","N3.631","https://onlinecatalogue.electronicachina.com.cn/journal/exhibitor/2080","Semiconductors","Connectors, Switches, Casing technology, Wire Harness, etc","Automotive and testing","Information gathering and services","Automotive Electronics and EV","Medical Technology","Household appliances","","","","","","","","",""
"https://onlinecatalogue.electronicachina.com.cn/Public/Uploads/useimg/20260521/honglanlogoyougupiaodaima2025banlanziban2-412.png","Shanghai Yongguan Adhesive Products Corp .,Ltd.","China","W3.907","https://onlinecatalogue.electronicachina.com.cn/journal/exhibitor/1490","Connectors, Switches, Casing technology, Wire Harness, etc","Automotive Electronics and EV","","","","","","","","","","","","","",""
"https://onlinecatalogue.electronicachina.com.cn/Public/Uploads/useimg/20250108/ymin.jpg","Shanghai Yongming Electronic Co., LTD","China","N1.705","https://onlinecatalogue.electronicachina.com.cn/journal/exhibitor/847","Passive components (capacitors, resistors, inductors, etc.) and Relays","Industrial Electronics / Industrial Control","Communication System","Consumer Electronics","Computers & Peripherals","Automotive Electronics and EV","Medical Technology","Electricity and New Energy","Internet of Things (loT)","Aviation & Space Technology","Military Electronics","Mechanical Engineering","Rail Transit","Security & protection system","Lighting engineering","Intelligent building"
"https://onlinecatalogue.electronicachina.com.cn/Public/Uploads/useimg/20250407/48313345e42162b607582d353793169.png","SHANGHAI YONGXING ELECTRIC SWITCH CO.,LTD.","China","W2.753","https://onlinecatalogue.electronicachina.com.cn/journal/exhibitor/1491","Electronic Design (ED/EDA)","PCBs, other circuit carrier","Automotive and testing","Other, please indicate","Consumer Electronics","Automotive Electronics and EV","Medical Technology","Electricity and New Energy","Rail Transit","Others, please indicate","","","","","",""
"https://onlinecatalogue.electronicachina.com.cn/Public/Uploads/uploadfile/images/20260323/eClogoShanghai776x328EN-527.png","Shanghai Yueyue Electronics Co.,Ltd","China","W1.620","https://onlinecatalogue.electronicachina.com.cn/journal/exhibitor/1492","","","","","","","","","","","","","","","",""
"https://onlinecatalogue.electronicachina.com.cn/Public/Uploads/useimg/20260514/d746f978ea429ab9f9b409ede9ba159f.png","SHANGHAI YUPING ELECTRONIC TECHNOLOGY CO., LTD","China","W5.768","https://onlinecatalogue.electronicachina.com.cn/journal/exhibitor/3058","Power supplies","Industrial Electronics / Industrial Control","Communication System","Consumer Electronics","Automotive Electronics and EV","Medical Technology","Embodied Intelligence","Artificial Intelligence","Military Electronics","Rail Transit","Security & protection system","Lighting engineering","Household appliances","","",""
"https://onlinecatalogue.electronicachina.com.cn/Public/Uploads/uploadfile/images/20260323/eClogoShanghai776x328EN-527.png","Shanghai Zhanyi Zhiyuan Material Technology Co., Ltd.","China","W3.670","https://onlinecatalogue.electronicachina.com.cn/journal/exhibitor/3626","","","","","","","","","","","","","","","",""
"https://onlinecatalogue.electronicachina.com.cn/Public/Uploads/uploadfile/images/20260323/eClogoShanghai776x328EN-527.png","Shanghai Zhiqu Zhonghe Technology Co., Ltd.","China","N3.772","https://onlinecatalogue.electronicachina.com.cn/journal/exhibitor/3142","","","","","","","","","","","","","","","",""
"https://onlinecatalogue.electronicachina.com.cn/Public/Uploads/useimg/20260331/LOGO.png","Shanghai Zhongjie Information Technology Co.. Ltd","China","W4.140","https://onlinecatalogue.electronicachina.com.cn/journal/exhibitor/3272","Connectors, Switches, Casing technology, Wire Harness, etc","Industrial Electronics / Industrial Control","Communication System","Consumer Electronics","Computers & Peripherals","Automotive Electronics and EV","Medical Technology","Electricity and New Energy","","","","","","","",""
"https://onlinecatalogue.electronicachina.com.cn/Public/Uploads/uploadfile/images/20260323/eClogoShanghai776x328EN-527.png","Shanghai Zhongyan Instrument Manufacturing Co., Ltd","China","W5.833","https://onlinecatalogue.electronicachina.com.cn/journal/exhibitor/2844","","","","","","","","","","","","","","","",""
"https://onlinecatalogue.electronicachina.com.cn/Public/Uploads/useimg/20250207/zhouriLOGO.png","Shanghai ZhouRI ELectronics CO.,Ltd","China","W2.752","https://onlinecatalogue.electronicachina.com.cn/journal/exhibitor/2109","Displays","Sensor technology","Test and measurement","Power supplies","Other, please indicate","Industrial Electronics / Industrial Control","Communication System","Consumer Electronics","Computers & Peripherals","Automotive Electronics and EV","Medical Technology","Electricity and New Energy","Internet of Things (loT)","Aviation & Space Technology","Military Electronics","Mechanical Engineering"
"https://onlinecatalogue.electronicachina.com.cn/Public/Uploads/useimg/20250401/shangsilogo.png","SHANGSI ELECTRONICS","China","N5.616","https://onlinecatalogue.electronicachina.com.cn/journal/exhibitor/1258","Semiconductors","Industrial Electronics / Industrial Control","Communication System","Consumer Electronics","Computers & Peripherals","Automotive Electronics and EV","Medical Technology","Electricity and New Energy","Internet of Things (loT)","Aviation & Space Technology","Military Electronics","Mechanical Engineering","Rail Transit","Security & protection system","Lighting engineering","Intelligent building"
"https://onlinecatalogue.electronicachina.com.cn/Public/Uploads/useimg/20250402/a5d084d3d5040270ee82335e2629bdc.png","Shannxi Dongxin Hengke Electronics Co.,LTD","China","N2.249","https://onlinecatalogue.electronicachina.com.cn/journal/exhibitor/1917","Semiconductors","Passive components (capacitors, resistors, inductors, etc.) and Relays","Industrial Electronics / Industrial Control","Communication System","Consumer Electronics","Computers & Peripherals","Automotive Electronics and EV","Medical Technology","Security & protection system","Lighting engineering","Intelligent building","Household appliances","Mobile phone","","",""
"https://onlinecatalogue.electronicachina.com.cn/Public/Uploads/uploadfile/images/20260323/eClogoShanghai776x328EN-527.png","SHAOGUAN MARUNIX ELECTRONIC LIMITED","Japan","W4.362","https://onlinecatalogue.electronicachina.com.cn/journal/exhibitor/2272","","","","","","","","","","","","","","","",""
"https://onlinecatalogue.electronicachina.com.cn/Public/Uploads/useimg/20260430/wukexingshangbiao.png","Shaoxing Five Stars New Material CO., Ltd.","China","W4.640","https://onlinecatalogue.electronicachina.com.cn/journal/exhibitor/3316","Connectors, Switches, Casing technology, Wire Harness, etc","Industrial Electronics / Industrial Control","Communication System","Computers & Peripherals","Automotive Electronics and EV","Medical Technology","Electricity and New Energy","Aviation & Space Technology","Military Electronics","Mechanical Engineering","Rail Transit","Lighting engineering","","","",""
"https://onlinecatalogue.electronicachina.com.cn/Public/Uploads/uploadfile/images/20260323/eClogoShanghai776x328EN-527.png","SHAOXING GUANGCAI DISPLAY TECHNOLOGY CO.,LTD","China","N1.267","https://onlinecatalogue.electronicachina.com.cn/journal/exhibitor/1911","","","","","","","","","","","","","","","",""
"https://onlinecatalogue.electronicachina.com.cn/Public/Uploads/uploadfile/images/20260323/eClogoShanghai776x328EN-527.png","Shen Zhen ChengRui Machine Mold CO., LTD.","China","W1.166","https://onlinecatalogue.electronicachina.com.cn/journal/exhibitor/3522","","","","","","","","","","","","","","","",""
"https://onlinecatalogue.electronicachina.com.cn/Public/Uploads/uploadfile/images/20260323/eClogoShanghai776x328EN-527.png","SHEN ZHEN CHOZIWAY ELECTRONICS CO., LTD.","China","W5.855","https://onlinecatalogue.electronicachina.com.cn/journal/exhibitor/2790","","","","","","","","","","","","","","","",""
"https://onlinecatalogue.electronicachina.com.cn/Public/Uploads/useimg/20250414/33d1201ba08674661b55d2c28003a94-596.jpg","Shen Zhen Macrofar Electronics Technology Limited","China","N2.828","https://onlinecatalogue.electronicachina.com.cn/journal/exhibitor/1009","Passive components (capacitors, resistors, inductors, etc.) and Relays","Information gathering and services","Industrial Electronics / Industrial Control","Communication System","Consumer Electronics","Computers & Peripherals","Automotive Electronics and EV","Medical Technology","Electricity and New Energy","Aviation & Space Technology","Military Electronics","Mechanical Engineering","Rail Transit","Security & protection system","Lighting engineering","Intelligent building"
"https://onlinecatalogue.electronicachina.com.cn/Public/Uploads/useimg/20250224/gongsiLOGO.png","Shen Zhen Whirltech Electronic Co.Ltd","China","W3.100","https://onlinecatalogue.electronicachina.com.cn/journal/exhibitor/1727","Connectors, Switches, Casing technology, Wire Harness, etc","Industrial Electronics / Industrial Control","Communication System","Consumer Electronics","Computers & Peripherals","Automotive Electronics and EV","Medical Technology","Electricity and New Energy","Internet of Things (loT)","Aviation & Space Technology","Military Electronics","Mechanical Engineering","Rail Transit","Security & protection system","Lighting engineering","Intelligent building"
"https://onlinecatalogue.electronicachina.com.cn/Public/Uploads/useimg/20250220/SHENGEheise.jpg","SHENGE Capacitor","China","N2.247","https://onlinecatalogue.electronicachina.com.cn/journal/exhibitor/848","Passive components (capacitors, resistors, inductors, etc.) and Relays","Industrial Electronics / Industrial Control","Automotive Electronics and EV","Medical Technology","Electricity and New Energy","Mechanical Engineering","Rail Transit","Household appliances","","","","","","","",""
"https://onlinecatalogue.electronicachina.com.cn/Public/Uploads/useimg/20260521/shenglanlogolanseban-996.png","Shenglan Technologoy Co,.Ltd.","China","W1.225","https://onlinecatalogue.electronicachina.com.cn/journal/exhibitor/3079","Connectors, Switches, Casing technology, Wire Harness, etc","Industrial Electronics / Industrial Control","Consumer Electronics","Computers & Peripherals","Automotive Electronics and EV","Electricity and New Energy","Embodied Intelligence","Artificial Intelligence","Data Center / Cloud Computing","Rail Transit","","","","","",""
"https://onlinecatalogue.electronicachina.com.cn/Public/Uploads/uploadfile/images/20260323/eClogoShanghai776x328EN-527.png","SHENZHEN ACON ELECTRONICS CO.,LTD","China","N1.753","https://onlinecatalogue.electronicachina.com.cn/journal/exhibitor/2675","","","","","","","","","","","","","","","",""
"https://onlinecatalogue.electronicachina.com.cn/Public/Uploads/useimg/20250408/logoNEW-88.jpg","Shenzhen Advanced Joining Technology Co.,Ltd","China","N3.566","https://onlinecatalogue.electronicachina.com.cn/journal/exhibitor/2474","Semiconductors","Automotive and testing","Information gathering and services","Industrial Electronics / Industrial Control","Automotive Electronics and EV","Electricity and New Energy","Aviation & Space Technology","Military Electronics","Mechanical Engineering","Rail Transit","","","","","",""
"https://onlinecatalogue.electronicachina.com.cn/Public/Uploads/uploadfile/images/20260323/eClogoShanghai776x328EN-527.png","Shenzhen Advantage Power Ltd.","China","N2.523","https://onlinecatalogue.electronicachina.com.cn/journal/exhibitor/2985","","","","","","","","","","","","","","","",""
"https://onlinecatalogue.electronicachina.com.cn/Public/Uploads/useimg/20250401/gongsiLOGOlanse.png","Shenzhen AGMSEMI Electronic Technology Co.,Ltd","China","N5.668","https://onlinecatalogue.electronicachina.com.cn/journal/exhibitor/1957","Semiconductors","Industrial Electronics / Industrial Control","Communication System","Consumer Electronics","Computers & Peripherals","Automotive Electronics and EV","Medical Technology","Electricity and New Energy","Household appliances","","","","","","",""
"https://onlinecatalogue.electronicachina.com.cn/Public/Uploads/uploadfile/images/20260323/eClogoShanghai776x328EN-527.png","Shenzhen Aiborun Technology Co., Ltd.","China","N3.763","https://onlinecatalogue.electronicachina.com.cn/journal/exhibitor/1380","","","","","","","","","","","","","","","",""
"https://onlinecatalogue.electronicachina.com.cn/Public/Uploads/uploadfile/images/20260323/eClogoShanghai776x328EN-527.png","Shenzhen Ambition Precision Technology Co.,Ltd","China","W3.647","https://onlinecatalogue.electronicachina.com.cn/journal/exhibitor/3586","","","","","","","","","","","","","","","",""
"https://onlinecatalogue.electronicachina.com.cn/Public/Uploads/uploadfile/images/20260323/eClogoShanghai776x328EN-527.png","Shenzhen Anhongtai Electronic Technology Co., Ltd","China","N3.749","https://onlinecatalogue.electronicachina.com.cn/journal/exhibitor/3592","","","","","","","","","","","","","","","",""
"https://onlinecatalogue.electronicachina.com.cn/Public/Uploads/uploadfile/images/20260323/eClogoShanghai776x328EN-527.png","Shenzhen ASIM Electronics Co., Ltd","China","N4.636","https://onlinecatalogue.electronicachina.com.cn/journal/exhibitor/1260","","","","","","","","","","","","","","","",""
"https://onlinecatalogue.electronicachina.com.cn/Public/Uploads/uploadfile/images/20260323/eClogoShanghai776x328EN-527.png","Shenzhen Atom Technology Co., Ltd","China","W2.521","https://onlinecatalogue.electronicachina.com.cn/journal/exhibitor/1493","Information gathering and services","Industrial Electronics / Industrial Control","Communication System","Consumer Electronics","Computers & Peripherals","Automotive Electronics and EV","Medical Technology","Electricity and New Energy","Internet of Things (loT)","Security & protection system","Lighting engineering","Household appliances","Mobile phone","","",""
"https://onlinecatalogue.electronicachina.com.cn/Public/Uploads/useimg/20250328/baiqianchengLOGO.jpg","Shenzhen Baiqiancheng Electronic Co.,Ltd","China","N3.269","https://onlinecatalogue.electronicachina.com.cn/journal/exhibitor/2546","Passive components (capacitors, resistors, inductors, etc.) and Relays","Connectors, Switches, Casing technology, Wire Harness, etc","Power supplies","PCBs, other circuit carrier","Assemblies and subsystems","Automotive and testing","Information gathering and services","Industrial Electronics / Industrial Control","Communication System","Automotive Electronics and EV","Medical Technology","Electricity and New Energy","Internet of Things (loT)","","",""
"https://onlinecatalogue.electronicachina.com.cn/Public/Uploads/uploadfile/images/20260323/eClogoShanghai776x328EN-527.png","Shenzhen BaoLiFeng Industrial Co.,Ltd","China","W4.817","https://onlinecatalogue.electronicachina.com.cn/journal/exhibitor/3100","","","","","","","","","","","","","","","",""
"https://onlinecatalogue.electronicachina.com.cn/Public/Uploads/uploadfile/images/20260323/eClogoShanghai776x328EN-527.png","SHENZHEN BBJconn TECHNOLOGO CO., LTD","China","W2.801","https://onlinecatalogue.electronicachina.com.cn/journal/exhibitor/1593","Connectors, Switches, Casing technology, Wire Harness, etc","Assemblies and subsystems","Industrial Electronics / Industrial Control","Communication System","Consumer Electronics","Computers & Peripherals","Automotive Electronics and EV","Medical Technology","Electricity and New Energy","Aviation & Space Technology","Security & protection system","","","","",""
"https://onlinecatalogue.electronicachina.com.cn/Public/Uploads/uploadfile/images/20260323/eClogoShanghai776x328EN-527.png","Shenzhen Beiduoli Holding Co., Ltd","China","N2.235","https://onlinecatalogue.electronicachina.com.cn/journal/exhibitor/3642","","","","","","","","","","","","","","","",""
"https://onlinecatalogue.electronicachina.com.cn/Public/Uploads/useimg/20250227/shangbiaozuheshuxiang.png","Shenzhen Bencent Electronics Co,Ltd","China","N1.737","https://onlinecatalogue.electronicachina.com.cn/journal/exhibitor/849","Semiconductors","Passive components (capacitors, resistors, inductors, etc.) and Relays","Industrial Electronics / Industrial Control","Communication System","Consumer Electronics","Computers & Peripherals","Automotive Electronics and EV","Medical Technology","Electricity and New Energy","Internet of Things (loT)","Aviation & Space Technology","Military Electronics","Mechanical Engineering","Rail Transit","Security & protection system","Lighting engineering"
"https://onlinecatalogue.electronicachina.com.cn/Public/Uploads/useimg/20260327/haoshanghaoxinxilogo.png","Shenzhen Best of Best Holdings  Co.,Ltd.","China","N5.239","https://onlinecatalogue.electronicachina.com.cn/journal/exhibitor/2977","Semiconductors","Passive components (capacitors, resistors, inductors, etc.) and Relays","Information gathering and services","Industrial Electronics / Industrial Control","Communication System","Consumer Electronics","Computers & Peripherals","Automotive Electronics and EV","Medical Technology","Electricity and New Energy","Internet of Things (loT)","Embodied Intelligence","Artificial Intelligence","Data Center / Cloud Computing","Aviation & Space Technology","Military Electronics"
"https://onlinecatalogue.electronicachina.com.cn/Public/Uploads/useimg/20260601/weibiaoti1.jpg","SHENZHEN BOGUANG ELECTRONICS CO.,LTD.","China","W5.262","https://onlinecatalogue.electronicachina.com.cn/journal/exhibitor/2157","Semiconductors","Industrial Electronics / Industrial Control","Consumer Electronics","Automotive Electronics and EV","Medical Technology","Lighting engineering","Household appliances","Others, please indicate","","","","","","","",""
"https://onlinecatalogue.electronicachina.com.cn/Public/Uploads/useimg/20260529/xiaochicun-46.png","SHENZHEN BTC ELECTRONICS CO.,LTD","China","W4.826","https://onlinecatalogue.electronicachina.com.cn/journal/exhibitor/3562","Electronic Design (ED/EDA)","Connectors, Switches, Casing technology, Wire Harness, etc","Consumer Electronics","Computers & Peripherals","Automotive Electronics and EV","Medical Technology","Artificial Intelligence","Lighting engineering","Intelligent building","Household appliances","Mobile phone","","","","",""
"https://onlinecatalogue.electronicachina.com.cn/Public/Uploads/uploadfile/images/20260323/eClogoShanghai776x328EN-527.png","Shenzhen Busbar Automotive Electronics Co.,Ltd.","China","N1.569","https://onlinecatalogue.electronicachina.com.cn/journal/exhibitor/3479","","","","","","","","","","","","","","","",""
"https://onlinecatalogue.electronicachina.com.cn/Public/Uploads/uploadfile/images/20260323/eClogoShanghai776x328EN-527.png","Shenzhen CamryCore Technology Co.,Ltd","China","W5.360","https://onlinecatalogue.electronicachina.com.cn/journal/exhibitor/3351","","","","","","","","","","","","","","","",""
"https://onlinecatalogue.electronicachina.com.cn/Public/Uploads/useimg/20260225/fd8d2bba3a4c81e19c3d7f9621bf584.jpg","Shenzhen Cansheng Technology Co., Ltd.","China","N2.336","https://onlinecatalogue.electronicachina.com.cn/journal/exhibitor/3089","Passive components (capacitors, resistors, inductors, etc.) and Relays","Industrial Electronics / Industrial Control","Communication System","Consumer Electronics","Computers & Peripherals","Automotive Electronics and EV","Medical Technology","Electricity and New Energy","Artificial Intelligence","Data Center / Cloud Computing","Aviation & Space Technology","Military Electronics","Security & protection system","Lighting engineering","Household appliances","Mobile phone"
"https://onlinecatalogue.electronicachina.com.cn/Public/Uploads/useimg/20250320/logo.jpg","SHENZHEN CEAIYA ELECTRONICS CO .,LTD","China","N2.213","https://onlinecatalogue.electronicachina.com.cn/journal/exhibitor/1784","Passive components (capacitors, resistors, inductors, etc.) and Relays","Information gathering and services","Industrial Electronics / Industrial Control","Communication System","Consumer Electronics","Computers & Peripherals","Automotive Electronics and EV","Medical Technology","Electricity and New Energy","Internet of Things (loT)","Military Electronics","Mechanical Engineering","Rail Transit","Security & protection system","Lighting engineering","Household appliances"
"https://onlinecatalogue.electronicachina.com.cn/Public/Uploads/useimg/20260514/keLOGO.png","Shenzhen Cenker Technology Group Co.,Ltd","China","N1.846","https://onlinecatalogue.electronicachina.com.cn/journal/exhibitor/2914","Passive components (capacitors, resistors, inductors, etc.) and Relays","Industrial Electronics / Industrial Control","Communication System","Consumer Electronics","Computers & Peripherals","Automotive Electronics and EV","Medical Technology","Electricity and New Energy","Artificial Intelligence","Data Center / Cloud Computing","Aviation & Space Technology","Military Electronics","Security & protection system","Lighting engineering","Intelligent building","Household appliances"
"https://onlinecatalogue.electronicachina.com.cn/Public/Uploads/uploadfile/images/20260323/eClogoShanghai776x328EN-527.png","Shenzhen ChaoFang Nano Coating Technology Co., Ltd.","China","N3.865","https://onlinecatalogue.electronicachina.com.cn/journal/exhibitor/2781","","","","","","","","","","","","","","","",""
"https://onlinecatalogue.electronicachina.com.cn/Public/Uploads/useimg/20250312/logo.jpg","SHENZHEN CHENGXING ELECTRONIC TECHNOLOGY CO .,LTD","China","N5.255","https://onlinecatalogue.electronicachina.com.cn/journal/exhibitor/1262","Semiconductors","Displays","Industrial Electronics / Industrial Control","Communication System","Consumer Electronics","Computers & Peripherals","Automotive Electronics and EV","Medical Technology","Electricity and New Energy","Internet of Things (loT)","Embodied Intelligence","Rail Transit","Security & protection system","Lighting engineering","Intelligent building","Household appliances"
"https://onlinecatalogue.electronicachina.com.cn/Public/Uploads/useimg/20250222/1144780AF8E04302AC985C747E0957BF.png","Shenzhen Chengyanxiang Technology Co., Ltd.","China","W5.349","https://onlinecatalogue.electronicachina.com.cn/journal/exhibitor/774","Semiconductors","Passive components (capacitors, resistors, inductors, etc.) and Relays","Connectors, Switches, Casing technology, Wire Harness, etc","Other, please indicate","Industrial Electronics / Industrial Control","Communication System","Consumer Electronics","Computers & Peripherals","Automotive Electronics and EV","Medical Technology","Electricity and New Energy","Internet of Things (loT)","Aviation & Space Technology","Mechanical Engineering","Rail Transit","Security & protection system"
"https://onlinecatalogue.electronicachina.com.cn/Public/Uploads/uploadfile/images/20260323/eClogoShanghai776x328EN-527.png","Shenzhen China Micro Semicon Co.,Limited","China","N5.126","https://onlinecatalogue.electronicachina.com.cn/journal/exhibitor/1319","","","","","","","","","","","","","","","",""
"https://onlinecatalogue.electronicachina.com.cn/Public/Uploads/useimg/20260525/gongsilogo-745.png","SHENZHEN CHRENT TECHNOLOGY CORPORATION","China","W5.853","https://onlinecatalogue.electronicachina.com.cn/journal/exhibitor/3429","Semiconductors","Test and measurement","Power supplies","Automotive and testing","Communication System","Consumer Electronics","Automotive Electronics and EV","Data Center / Cloud Computing","Mobile phone","","","","","","",""
"https://onlinecatalogue.electronicachina.com.cn/Public/Uploads/useimg/20260421/xinshilianlogo2.png","Shenzhen CISCONN Electronics Co., Ltd.","China","W4.645","https://onlinecatalogue.electronicachina.com.cn/journal/exhibitor/3189","Connectors, Switches, Casing technology, Wire Harness, etc","Industrial Electronics / Industrial Control","Communication System","Consumer Electronics","Computers & Peripherals","Automotive Electronics and EV","Medical Technology","Electricity and New Energy","Internet of Things (loT)","Embodied Intelligence","Artificial Intelligence","Data Center / Cloud Computing","Aviation & Space Technology","Military Electronics","Mechanical Engineering","Rail Transit"
"https://onlinecatalogue.electronicachina.com.cn/Public/Uploads/useimg/20250221/239bb15003874166b53c36e66cba4e8c.jpg","SHENZHEN CODACA ELECTRONIC CO., LTD.","China","W5.501","https://onlinecatalogue.electronicachina.com.cn/journal/exhibitor/1136","Passive components (capacitors, resistors, inductors, etc.) and Relays","Industrial Electronics / Industrial Control","Communication System","Automotive Electronics and EV","Medical Technology","Electricity and New Energy","Internet of Things (loT)","Aviation & Space Technology","Military Electronics","Security & protection system","Lighting engineering","Others, please indicate","","","",""
"https://onlinecatalogue.electronicachina.com.cn/Public/Uploads/useimg/20250328/huaruidabaidilanzilogo.jpg","Shenzhen Coil-rida Electronics  Co.,Ltd.","China","N2.531","https://onlinecatalogue.electronicachina.com.cn/journal/exhibitor/1013","Passive components (capacitors, resistors, inductors, etc.) and Relays","Industrial Electronics / Industrial Control","Communication System","Consumer Electronics","Computers & Peripherals","Automotive Electronics and EV","Medical Technology","Electricity and New Energy","Internet of Things (loT)","Aviation & Space Technology","Lighting engineering","Household appliances","Mobile phone","","",""
"https://onlinecatalogue.electronicachina.com.cn/Public/Uploads/useimg/20250226/logofuben1.jpg","SHENZHEN CONNECTOR TECHNOLOGY CO.,LTD","China","W1.757","https://onlinecatalogue.electronicachina.com.cn/journal/exhibitor/2477","Displays","Sensor technology","Test and measurement","Connectors, Switches, Casing technology, Wire Harness, etc","Industrial Electronics / Industrial Control","Communication System","Consumer Electronics","Automotive Electronics and EV","Medical Technology","Electricity and New Energy","Aviation & Space Technology","Military Electronics","Mechanical Engineering","Rail Transit","Security & protection system","Intelligent building"
"https://onlinecatalogue.electronicachina.com.cn/Public/Uploads/uploadfile/images/20260323/eClogoShanghai776x328EN-527.png","Shenzhen Coretong Electronic Technology Co., Ltd.","China","N4.909","https://onlinecatalogue.electronicachina.com.cn/journal/exhibitor/2191","","","","","","","","","","","","","","","",""
"https://onlinecatalogue.electronicachina.com.cn/Public/Uploads/useimg/20250219/jingkelogoyuanwenjianwukouhaopng02.png","Shenzhen Crystal Technology Industrial Co.,Ltd","China","N2.622","https://onlinecatalogue.electronicachina.com.cn/journal/exhibitor/1014","Passive components (capacitors, resistors, inductors, etc.) and Relays","Industrial Electronics / Industrial Control","Communication System","Consumer Electronics","Automotive Electronics and EV","Medical Technology","Internet of Things (loT)","","","","","","","","",""
"https://onlinecatalogue.electronicachina.com.cn/Public/Uploads/uploadfile/images/20260323/eClogoShanghai776x328EN-527.png","Shenzhen Dewei Control System Co., Ltd","China","W4.173","https://onlinecatalogue.electronicachina.com.cn/journal/exhibitor/3195","","","","","","","","","","","","","","","",""
"https://onlinecatalogue.electronicachina.com.cn/Public/Uploads/useimg/20250329/duyinte240120.png","Shenzhen Doingter Semiconductor Co., Ltd.","China","N4.256","https://onlinecatalogue.electronicachina.com.cn/journal/exhibitor/1263","Semiconductors","Industrial Electronics / Industrial Control","Communication System","Consumer Electronics","Computers & Peripherals","Automotive Electronics and EV","Security & protection system","Lighting engineering","Intelligent building","Household appliances","Mobile phone","","","","",""
"https://onlinecatalogue.electronicachina.com.cn/Public/Uploads/useimg/20260427/dashengtanglogohongse.png","Shenzhen DST Technology Co.,Ltd.","China","N2.646","https://onlinecatalogue.electronicachina.com.cn/journal/exhibitor/2152","Semiconductors","Embedded systems","Industrial Electronics / Industrial Control","Communication System","Automotive Electronics and EV","Medical Technology","Electricity and New Energy","Security & protection system","Household appliances","","","","","","",""
"https://onlinecatalogue.electronicachina.com.cn/Public/Uploads/useimg/20260602/shenshiyitaikejiyouxiangongsilogo-231.jpg","SHENZHEN EAST TECHNOLOGY LIMITED","China","W5.550","https://onlinecatalogue.electronicachina.com.cn/journal/exhibitor/2030","Semiconductors","Passive components (capacitors, resistors, inductors, etc.) and Relays","Connectors, Switches, Casing technology, Wire Harness, etc","Power supplies","PCBs, other circuit carrier","Assemblies and subsystems","Industrial Electronics / Industrial Control","Communication System","Consumer Electronics","Computers & Peripherals","Automotive Electronics and EV","Medical Technology","Electricity and New Energy","Internet of Things (loT)","Artificial Intelligence","Data Center / Cloud Computing"
"https://onlinecatalogue.electronicachina.com.cn/Public/Uploads/useimg/20250311/weibiaoti1.jpg","Shenzhen Easybuy IC Electronics Co.,Ltd","China","N2.727","https://onlinecatalogue.electronicachina.com.cn/journal/exhibitor/1015","Semiconductors","Passive components (capacitors, resistors, inductors, etc.) and Relays","PCBs, other circuit carrier","Industrial Electronics / Industrial Control","Communication System","Consumer Electronics","Computers & Peripherals","Automotive Electronics and EV","Medical Technology","Electricity and New Energy","Aviation & Space Technology","Military Electronics","Security & protection system","Lighting engineering","Household appliances","Mobile phone"
"https://onlinecatalogue.electronicachina.com.cn/Public/Uploads/uploadfile/images/20260323/eClogoShanghai776x328EN-527.png","Shenzhen EDADOC Technology Co.,Ltd.","China","N2.505","https://onlinecatalogue.electronicachina.com.cn/journal/exhibitor/1016","","","","","","","","","","","","","","","",""
"https://onlinecatalogue.electronicachina.com.cn/Public/Uploads/useimg/20260424/logo.jpg","SHENZHEN EPHEY INDUSTRIAL TECHNOLOGY CO.,LTD","China","W4.142","https://onlinecatalogue.electronicachina.com.cn/journal/exhibitor/3302","Connectors, Switches, Casing technology, Wire Harness, etc","Medical Technology","Mechanical Engineering","","","","","","","","","","","","",""
"https://onlinecatalogue.electronicachina.com.cn/Public/Uploads/useimg/20260428/gongsilogo.jpg","Shenzhen EUBO New Material Technology Co., Ltd.","China","N1.149","https://onlinecatalogue.electronicachina.com.cn/journal/exhibitor/2812","Other, please indicate","Industrial Electronics / Industrial Control","Consumer Electronics","Computers & Peripherals","Automotive Electronics and EV","Electricity and New Energy","Artificial Intelligence","Aviation & Space Technology","Mechanical Engineering","Household appliances","Mobile phone","","","","",""
"https://onlinecatalogue.electronicachina.com.cn/Public/Uploads/uploadfile/images/20260323/eClogoShanghai776x328EN-527.png","Shenzhen Ewayli Technology Co., Ltd.","China","W5.340","https://onlinecatalogue.electronicachina.com.cn/journal/exhibitor/3139","","","","","","","","","","","","","","","",""
"https://onlinecatalogue.electronicachina.com.cn/Public/Uploads/uploadfile/images/20260323/eClogoShanghai776x328EN-527.png","SHENZHEN FORMOSA SEMICONDUCTOR LIMITED","China","N4.317","https://onlinecatalogue.electronicachina.com.cn/journal/exhibitor/1838","","","","","","","","","","","","","","","",""
"https://onlinecatalogue.electronicachina.com.cn/Public/Uploads/useimg/20250401/bc706f0bfbd85655bb740f0bdfe2569.png","SHENZHEN GLGNET ELECTRONICS CO.,LTD","China","W3.613","https://onlinecatalogue.electronicachina.com.cn/journal/exhibitor/775","Passive components (capacitors, resistors, inductors, etc.) and Relays","Connectors, Switches, Casing technology, Wire Harness, etc","Information gathering and services","Industrial Electronics / Industrial Control","Communication System","Consumer Electronics","Computers & Peripherals","","","","","","","","",""
"https://onlinecatalogue.electronicachina.com.cn/Public/Uploads/useimg/20260409/weibiaoti1-777.png","SHENZHEN GOODWORK ELECTRONIC CO.,LTD","China","N5.558","https://onlinecatalogue.electronicachina.com.cn/journal/exhibitor/2970","Semiconductors","Industrial Electronics / Industrial Control","Communication System","Consumer Electronics","Computers & Peripherals","Automotive Electronics and EV","Electricity and New Energy","Aviation & Space Technology","Security & protection system","Lighting engineering","Intelligent building","Household appliances","Mobile phone","","",""
"https://onlinecatalogue.electronicachina.com.cn/Public/Uploads/useimg/20250407/LOGO2.png","ShenZhen Gosonic Supply Chain Management CO.,LTD","China","W5.318","https://onlinecatalogue.electronicachina.com.cn/journal/exhibitor/2045","Other, please indicate","Industrial Electronics / Industrial Control","Communication System","Consumer Electronics","Computers & Peripherals","Automotive Electronics and EV","Medical Technology","Electricity and New Energy","Aviation & Space Technology","Intelligent building","Household appliances","","","","",""
"https://onlinecatalogue.electronicachina.com.cn/Public/Uploads/useimg/20250325/gongsilogo.png","Shenzhen Haotian Electronics Co.,Ltd","China","N1.549","https://onlinecatalogue.electronicachina.com.cn/journal/exhibitor/1783","Passive components (capacitors, resistors, inductors, etc.) and Relays","Industrial Electronics / Industrial Control","Communication System","Consumer Electronics","Computers & Peripherals","Medical Technology","Lighting engineering","Household appliances","","","","","","","",""
"https://onlinecatalogue.electronicachina.com.cn/Public/Uploads/useimg/20250219/muniheilogo240120.png","Shenzhen HDY Technology Co., Ltd.","China","W5.219","https://onlinecatalogue.electronicachina.com.cn/journal/exhibitor/1924","Semiconductors","Industrial Electronics / Industrial Control","Communication System","Consumer Electronics","Automotive Electronics and EV","Medical Technology","Electricity and New Energy","Internet of Things (loT)","Aviation & Space Technology","Mechanical Engineering","Rail Transit","Security & protection system","Lighting engineering","Intelligent building","Household appliances","Mobile phone"
"https://onlinecatalogue.electronicachina.com.cn/Public/Uploads/useimg/20260508/tupian10000-934.jpg","Shenzhen Hecheng Technology Co., Ltd.","China","W4.185","https://onlinecatalogue.electronicachina.com.cn/journal/exhibitor/3194","Connectors, Switches, Casing technology, Wire Harness, etc","Industrial Electronics / Industrial Control","Communication System","Automotive Electronics and EV","Electricity and New Energy","Internet of Things (loT)","Artificial Intelligence","Data Center / Cloud Computing","Aviation & Space Technology","Military Electronics","Rail Transit","","","","",""
"https://onlinecatalogue.electronicachina.com.cn/Public/Uploads/uploadfile/images/20260323/eClogoShanghai776x328EN-527.png","Shenzhen HeHeXin Electronic Technology  Co., Ltd.","China","W5.817","https://onlinecatalogue.electronicachina.com.cn/journal/exhibitor/2495","","","","","","","","","","","","","","","",""
"https://onlinecatalogue.electronicachina.com.cn/Public/Uploads/useimg/20250120/240X120.jpg","Shenzhen Hi-semicon Electronics Co., Ltd.","China","N3.338","https://onlinecatalogue.electronicachina.com.cn/journal/exhibitor/1138","Semiconductors","Electronic Design (ED/EDA)","Connectors, Switches, Casing technology, Wire Harness, etc","Power supplies","PCBs, other circuit carrier","Information gathering and services","Industrial Electronics / Industrial Control","Communication System","Consumer Electronics","Computers & Peripherals","Automotive Electronics and EV","Medical Technology","Electricity and New Energy","Internet of Things (loT)","Aviation & Space Technology","Military Electronics"
"https://onlinecatalogue.electronicachina.com.cn/Public/Uploads/uploadfile/images/20260323/eClogoShanghai776x328EN-527.png","Shenzhen Hongbotong Electronics Co.Ltd","China","W5.306","https://onlinecatalogue.electronicachina.com.cn/journal/exhibitor/1018","","","","","","","","","","","","","","","",""
"https://onlinecatalogue.electronicachina.com.cn/Public/Uploads/useimg/20260601/LOGOxianshitu-873.jpg","SHENZHEN HONGMEI POWER SEMICONDUCTOR CO.,LTD","China","N5.725","https://onlinecatalogue.electronicachina.com.cn/journal/exhibitor/1381","Semiconductors","Industrial Electronics / Industrial Control","Communication System","Consumer Electronics","Computers & Peripherals","Automotive Electronics and EV","Medical Technology","Electricity and New Energy","Internet of Things (loT)","Embodied Intelligence","Artificial Intelligence","Data Center / Cloud Computing","Mechanical Engineering","Rail Transit","Security & protection system","Lighting engineering"
"https://onlinecatalogue.electronicachina.com.cn/Public/Uploads/uploadfile/images/20260323/eClogoShanghai776x328EN-527.png","SHENZHEN HONGWANKE ELECTRONICS CO.,LTD","China","W.","https://onlinecatalogue.electronicachina.com.cn/journal/exhibitor/1898","","","","","","","","","","","","","","","",""
"https://onlinecatalogue.electronicachina.com.cn/Public/Uploads/useimg/20260205/11.jpg","Shenzhen hongyex Electronics Co., Ltd.","China","N2.108","https://onlinecatalogue.electronicachina.com.cn/journal/exhibitor/3167","Passive components (capacitors, resistors, inductors, etc.) and Relays","Industrial Electronics / Industrial Control","Communication System","Consumer Electronics","Computers & Peripherals","Automotive Electronics and EV","Medical Technology","Electricity and New Energy","Internet of Things (loT)","Embodied Intelligence","Artificial Intelligence","Data Center / Cloud Computing","Military Electronics","Mechanical Engineering","Rail Transit","Security & protection system"
"https://onlinecatalogue.electronicachina.com.cn/Public/Uploads/uploadfile/images/20260323/eClogoShanghai776x328EN-527.png","SHENZHEN HONGYU ELECTRICAL CO.,LTD","China","W1.717","https://onlinecatalogue.electronicachina.com.cn/journal/exhibitor/1495","","","","","","","","","","","","","","","",""
"https://onlinecatalogue.electronicachina.com.cn/Public/Uploads/uploadfile/images/20260323/eClogoShanghai776x328EN-527.png","Shenzhen Hongze Circuit Technology Co., Ltd.","China","W4.809","https://onlinecatalogue.electronicachina.com.cn/journal/exhibitor/2784","","","","","","","","","","","","","","","",""
"https://onlinecatalogue.electronicachina.com.cn/Public/Uploads/useimg/20250116/LogoPng.png","Shenzhen Hope Microelectronics Co.,Ltd","China","N5.620","https://onlinecatalogue.electronicachina.com.cn/journal/exhibitor/1382","Semiconductors","Embedded systems","Sensor technology","Wireless","Information gathering and services","Industrial Electronics / Industrial Control","Communication System","Consumer Electronics","Computers & Peripherals","Automotive Electronics and EV","Medical Technology","Electricity and New Energy","Internet of Things (loT)","Aviation & Space Technology","Military Electronics","Mechanical Engineering"
"https://onlinecatalogue.electronicachina.com.cn/Public/Uploads/uploadfile/images/20260323/eClogoShanghai776x328EN-527.png","Shenzhen Huacheng Precision Electronics Co., Ltd.","China","N3.262","https://onlinecatalogue.electronicachina.com.cn/journal/exhibitor/2873","","","","","","","","","","","","","","","",""
"https://onlinecatalogue.electronicachina.com.cn/Public/Uploads/useimg/20260523/LOGOgaoqingtu1-143.jpg","Shenzhen Huahui Connector Co., Ltd.","China","W2.122","https://onlinecatalogue.electronicachina.com.cn/journal/exhibitor/2887","Sensor technology","Test and measurement","Passive components (capacitors, resistors, inductors, etc.) and Relays","Connectors, Switches, Casing technology, Wire Harness, etc","Electronic materials","Assemblies and subsystems","Automotive and testing","Industrial Electronics / Industrial Control","Communication System","Consumer Electronics","Computers & Peripherals","Automotive Electronics and EV","Medical Technology","Electricity and New Energy","Artificial Intelligence","Aviation & Space Technology"
"https://onlinecatalogue.electronicachina.com.cn/Public/Uploads/uploadfile/images/20260323/eClogoShanghai776x328EN-527.png","ShenZhen HuaQiang","China","N2.523","https://onlinecatalogue.electronicachina.com.cn/journal/exhibitor/2989","","","","","","","","","","","","","","","",""
"https://onlinecatalogue.electronicachina.com.cn/Public/Uploads/useimg/20250311/73d37e5b9fd102fef30a76e782ec710.png","Shenzhen Huaqiang Electronic Network Group Co.,Ltd.","China","N2.523","https://onlinecatalogue.electronicachina.com.cn/journal/exhibitor/1019","Semiconductors","Passive components (capacitors, resistors, inductors, etc.) and Relays","Industrial Electronics / Industrial Control","Communication System","Consumer Electronics","Computers & Peripherals","Automotive Electronics and EV","Medical Technology","Electricity and New Energy","Internet of Things (loT)","Aviation & Space Technology","Military Electronics","Mechanical Engineering","Rail Transit","Security & protection system","Lighting engineering"
"https://onlinecatalogue.electronicachina.com.cn/Public/Uploads/useimg/20260515/huaqiangdianziwanglogo.png","Shenzhen Huaqiang Electronic Transactions Network Co.,Ltd","China","N2.523","https://onlinecatalogue.electronicachina.com.cn/journal/exhibitor/2988","Semiconductors","Information gathering and services","Industrial Electronics / Industrial Control","Communication System","Consumer Electronics","Automotive Electronics and EV","Medical Technology","Electricity and New Energy","Internet of Things (loT)","Security & protection system","Lighting engineering","Household appliances","Mobile phone","Others, please indicate","",""
"https://onlinecatalogue.electronicachina.com.cn/Public/Uploads/useimg/20250321/logohxy.jpg","Shenzhen Huaxuan Yang Electronics Co.,Ltd","China","N5.923","https://onlinecatalogue.electronicachina.com.cn/journal/exhibitor/1834","Semiconductors","Information gathering and services","Industrial Electronics / Industrial Control","Communication System","Consumer Electronics","Computers & Peripherals","Automotive Electronics and EV","Medical Technology","Electricity and New Energy","Internet of Things (loT)","Security & protection system","Lighting engineering","Intelligent building","Household appliances","",""
"https://onlinecatalogue.electronicachina.com.cn/Public/Uploads/useimg/20250412/huayifa2IN1-805.png","SHENZHEN HUAYI-FADA TECHNOLOGY CO.,LTD","China","W4.257","https://onlinecatalogue.electronicachina.com.cn/journal/exhibitor/1698","Sensor technology","Connectors, Switches, Casing technology, Wire Harness, etc","Industrial Electronics / Industrial Control","Communication System","Automotive Electronics and EV","Electricity and New Energy","Internet of Things (loT)","Artificial Intelligence","Aviation & Space Technology","Mechanical Engineering","Rail Transit","Lighting engineering","","","",""
"https://onlinecatalogue.electronicachina.com.cn/Public/Uploads/useimg/20260530/weibiaoti11.25x-338.png","Shenzhen Huban Network Technology Co., Ltd.","China","W5.170","https://onlinecatalogue.electronicachina.com.cn/journal/exhibitor/3573","Semiconductors","Passive components (capacitors, resistors, inductors, etc.) and Relays","Other, please indicate","Industrial Electronics / Industrial Control","Communication System","Consumer Electronics","Computers & Peripherals","Automotive Electronics and EV","Medical Technology","Internet of Things (loT)","Embodied Intelligence","Artificial Intelligence","Military Electronics","Intelligent building","Others, please indicate",""
"https://onlinecatalogue.electronicachina.com.cn/Public/Uploads/useimg/20260205/logowenjianlv-209.jpg","ShenZhen Huily Electronics CO.,Ltd","China","W3.381","https://onlinecatalogue.electronicachina.com.cn/journal/exhibitor/3027","Connectors, Switches, Casing technology, Wire Harness, etc","Assemblies and subsystems","Industrial Electronics / Industrial Control","Communication System","Consumer Electronics","Computers & Peripherals","Automotive Electronics and EV","Electricity and New Energy","Internet of Things (loT)","Artificial Intelligence","Data Center / Cloud Computing","Mechanical Engineering","Rail Transit","Security & protection system","Intelligent building",""
"https://onlinecatalogue.electronicachina.com.cn/Public/Uploads/useimg/20250110/240x120.jpg","Shenzhen IChunt Technology Co., Ltd.","China","N2.629","https://onlinecatalogue.electronicachina.com.cn/journal/exhibitor/1021","Passive components (capacitors, resistors, inductors, etc.) and Relays","Connectors, Switches, Casing technology, Wire Harness, etc","Power supplies","PCBs, other circuit carrier","Industrial Electronics / Industrial Control","Communication System","Consumer Electronics","Computers & Peripherals","Automotive Electronics and EV","Medical Technology","Electricity and New Energy","Internet of Things (loT)","Aviation & Space Technology","Mechanical Engineering","Rail Transit","Security & protection system"
"https://onlinecatalogue.electronicachina.com.cn/Public/Uploads/uploadfile/images/20260323/eClogoShanghai776x328EN-527.png","SHENZHEN JDD TECH NEW MATERIAL CO., LTD.","China","W1.549","https://onlinecatalogue.electronicachina.com.cn/journal/exhibitor/1496","Assemblies and subsystems","Industrial Electronics / Industrial Control","Communication System","Consumer Electronics","Computers & Peripherals","Automotive Electronics and EV","Medical Technology","Electricity and New Energy","Aviation & Space Technology","Military Electronics","Mechanical Engineering","Rail Transit","Security & protection system","Household appliances","Mobile phone",""
"https://onlinecatalogue.electronicachina.com.cn/Public/Uploads/useimg/20260206/240120.jpg","Shenzhen Jetsun Internet Of Things Technologoy Co.,Ltd.","China","W5.366","https://onlinecatalogue.electronicachina.com.cn/journal/exhibitor/3207","Power supplies","Industrial Electronics / Industrial Control","Consumer Electronics","Automotive Electronics and EV","Medical Technology","Internet of Things (loT)","Security & protection system","Lighting engineering","","","","","","","",""
"https://onlinecatalogue.electronicachina.com.cn/Public/Uploads/useimg/20260514/weixintupian202605052027528171562.jpg","SHENZHEN JIANFENG ELECTRONIC TECHNOLOGY CO.,LTD","China","W3.831","https://onlinecatalogue.electronicachina.com.cn/journal/exhibitor/2360","Electronic Design (ED/EDA)","Connectors, Switches, Casing technology, Wire Harness, etc","Other, please indicate","Industrial Electronics / Industrial Control","Communication System","Consumer Electronics","Computers & Peripherals","Automotive Electronics and EV","Medical Technology","Electricity and New Energy","Embodied Intelligence","Artificial Intelligence","Lighting engineering","Intelligent building","Household appliances","Mobile phone"
"https://onlinecatalogue.electronicachina.com.cn/Public/Uploads/uploadfile/images/20260323/eClogoShanghai776x328EN-527.png","SHENZHEN JIANFENG PRECISION MANUFACTURING CO., LTD.","China","W4.837","https://onlinecatalogue.electronicachina.com.cn/journal/exhibitor/3273","","","","","","","","","","","","","","","",""
"https://onlinecatalogue.electronicachina.com.cn/Public/Uploads/useimg/20260518/logo-629.png","SHENZHEN JIARIFENG TAI ELECTRONIC TECHNOLOGY CO.,LTD.","China","W5.858","https://onlinecatalogue.electronicachina.com.cn/journal/exhibitor/2960","Electronic materials","Industrial Electronics / Industrial Control","Communication System","Consumer Electronics","Computers & Peripherals","Automotive Electronics and EV","Medical Technology","Electricity and New Energy","Aviation & Space Technology","Military Electronics","Mechanical Engineering","Rail Transit","Security & protection system","Lighting engineering","Household appliances","Mobile phone"
"https://onlinecatalogue.electronicachina.com.cn/Public/Uploads/uploadfile/images/20260323/eClogoShanghai776x328EN-527.png","SHENZHEN JIAXINGNAN ELECTRONICS CO.,LTD","China","N4.549","https://onlinecatalogue.electronicachina.com.cn/journal/exhibitor/1265","","","","","","","","","","","","","","","",""
"https://onlinecatalogue.electronicachina.com.cn/Public/Uploads/useimg/20260416/jiayelogofuben-502.png","Shenzhen Jiaye Precision Technology Co.,Ltd.","China","W2.340","https://onlinecatalogue.electronicachina.com.cn/journal/exhibitor/3147","Connectors, Switches, Casing technology, Wire Harness, etc","Communication System","Automotive Electronics and EV","Medical Technology","Electricity and New Energy","Aviation & Space Technology","Mechanical Engineering","Rail Transit","Security & protection system","Household appliances","","","","","",""
"https://onlinecatalogue.electronicachina.com.cn/Public/Uploads/useimg/20260422/LBN9K[%7BO608YDSJJF4FXU.png","Shenzhen Jingfeng Crystal Technology Co.,Ltd","China","N2.128","https://onlinecatalogue.electronicachina.com.cn/journal/exhibitor/1024","Passive components (capacitors, resistors, inductors, etc.) and Relays","Industrial Electronics / Industrial Control","Communication System","Consumer Electronics","Computers & Peripherals","Automotive Electronics and EV","Medical Technology","Electricity and New Energy","Internet of Things (loT)","Aviation & Space Technology","Military Electronics","Mechanical Engineering","Rail Transit","Security & protection system","Lighting engineering","Intelligent building"
"https://onlinecatalogue.electronicachina.com.cn/Public/Uploads/useimg/20250407/gongsiLOGO-872.jpg","SHENZHEN JINHAITE ELECTRONIC CO.,LTD.","China","N2.858","https://onlinecatalogue.electronicachina.com.cn/journal/exhibitor/1025","Passive components (capacitors, resistors, inductors, etc.) and Relays","Industrial Electronics / Industrial Control","Communication System","Consumer Electronics","Automotive Electronics and EV","Electricity and New Energy","Security & protection system","Lighting engineering","Intelligent building","Household appliances","","","","","",""
"https://onlinecatalogue.electronicachina.com.cn/Public/Uploads/useimg/20250407/logohengbanyizhuanqu.jpg","Shenzhen Jinling Electronics Co.,Ltd","China","W2.308","https://onlinecatalogue.electronicachina.com.cn/journal/exhibitor/1594","Connectors, Switches, Casing technology, Wire Harness, etc","PCBs, other circuit carrier","Industrial Electronics / Industrial Control","Communication System","Consumer Electronics","Computers & Peripherals","Automotive Electronics and EV","Electricity and New Energy","Internet of Things (loT)","Aviation & Space Technology","Military Electronics","Rail Transit","Household appliances","","",""
"https://onlinecatalogue.electronicachina.com.cn/Public/Uploads/uploadfile/images/20260323/eClogoShanghai776x328EN-527.png","SHENZHEN JINRUI ELECTRONIC MATERIAL CO., LTD","China","W5.876","https://onlinecatalogue.electronicachina.com.cn/journal/exhibitor/3433","","","","","","","","","","","","","","","",""
"https://onlinecatalogue.electronicachina.com.cn/Public/Uploads/useimg/20250403/logtouming.png","Shenzhen Jinyu Semiconductor CO.,LTD","China","N3.701","https://onlinecatalogue.electronicachina.com.cn/journal/exhibitor/1259","Semiconductors","Other, please indicate","Industrial Electronics / Industrial Control","Consumer Electronics","Computers & Peripherals","Automotive Electronics and EV","Medical Technology","Electricity and New Energy","Embodied Intelligence","Artificial Intelligence","Data Center / Cloud Computing","Security & protection system","Lighting engineering","Intelligent building","Household appliances","Mobile phone"
"https://onlinecatalogue.electronicachina.com.cn/Public/Uploads/uploadfile/images/20260323/eClogoShanghai776x328EN-527.png","Shenzhen JLC Technology Group Co.,Ltd","China","W4.505","https://onlinecatalogue.electronicachina.com.cn/journal/exhibitor/1700","","","","","","","","","","","","","","","",""
"https://onlinecatalogue.electronicachina.com.cn/Public/Uploads/uploadfile/images/20260323/eClogoShanghai776x328EN-527.png","Shenzhen Jnicon Technology Co., Ltd.","China","W4.646","https://onlinecatalogue.electronicachina.com.cn/journal/exhibitor/3252","","","","","","","","","","","","","","","",""
"https://onlinecatalogue.electronicachina.com.cn/Public/Uploads/useimg/20250320/6d7d77fb9b44937ad9d5dc1e869d190.png","Shenzhen Johan Material Tech. Co., Ltd","China","N3.240","https://onlinecatalogue.electronicachina.com.cn/journal/exhibitor/2070","Electronic Design (ED/EDA)","PCBs, other circuit carrier","Assemblies and subsystems","Information gathering and services","Industrial Electronics / Industrial Control","Communication System","Consumer Electronics","Computers & Peripherals","Automotive Electronics and EV","Household appliances","Mobile phone","","","","",""
"https://onlinecatalogue.electronicachina.com.cn/Public/Uploads/useimg/20260414/logo22zhengda.png","Shenzhen Jotrin Electronics Co., Ltd.","Hong Kong, China","N2.101","https://onlinecatalogue.electronicachina.com.cn/journal/exhibitor/3369","Semiconductors","Embedded systems","Sensor technology","Test and measurement","Electronic Design (ED/EDA)","Passive components (capacitors, resistors, inductors, etc.) and Relays","Connectors, Switches, Casing technology, Wire Harness, etc","Power supplies","PCBs, other circuit carrier","Automotive and testing","Wireless","Artificial intelligence technology","Information gathering and services","Industrial Electronics / Industrial Control","Communication System","Consumer Electronics"
"https://onlinecatalogue.electronicachina.com.cn/Public/Uploads/useimg/20250327/135.jpg","Shenzhen Jrkconn Electronics Co.,LTD","China","W4.840","https://onlinecatalogue.electronicachina.com.cn/journal/exhibitor/1701","Connectors, Switches, Casing technology, Wire Harness, etc","Communication System","Consumer Electronics","Computers & Peripherals","Automotive Electronics and EV","Medical Technology","Electricity and New Energy","Lighting engineering","Household appliances","Mobile phone","","","","","",""
"https://onlinecatalogue.electronicachina.com.cn/Public/Uploads/uploadfile/images/20260323/eClogoShanghai776x328EN-527.png","SHENZHEN JSD PCB TECHNOLOGY CO.,LIMITED","China","W4.617","https://onlinecatalogue.electronicachina.com.cn/journal/exhibitor/1702","","","","","","","","","","","","","","","",""
"https://onlinecatalogue.electronicachina.com.cn/Public/Uploads/useimg/20260312/LOGO-245.jpg","Shenzhen Jsdconn Electronic Technology Co.,Ltd.","China","W4.756","https://onlinecatalogue.electronicachina.com.cn/journal/exhibitor/3032","Connectors, Switches, Casing technology, Wire Harness, etc","Industrial Electronics / Industrial Control","Communication System","Consumer Electronics","Computers & Peripherals","Automotive Electronics and EV","Medical Technology","Electricity and New Energy","Internet of Things (loT)","Embodied Intelligence","Artificial Intelligence","Data Center / Cloud Computing","Mechanical Engineering","Rail Transit","Security & protection system","Lighting engineering"
"https://onlinecatalogue.electronicachina.com.cn/Public/Uploads/uploadfile/images/20260323/eClogoShanghai776x328EN-527.png","Shenzhen Juduobang Precision Circuit Co., Ltd.","China","W4.600","https://onlinecatalogue.electronicachina.com.cn/journal/exhibitor/2139","","","","","","","","","","","","","","","",""
"https://onlinecatalogue.electronicachina.com.cn/Public/Uploads/uploadfile/images/20260323/eClogoShanghai776x328EN-527.png","Shenzhen Juyuansheng New Material Technology Co., Ltd.","China","W4.138","https://onlinecatalogue.electronicachina.com.cn/journal/exhibitor/3513","","","","","","","","","","","","","","","",""
"https://onlinecatalogue.electronicachina.com.cn/Public/Uploads/useimg/20250216/kaixindakeji2.jpg","Shenzhen Kaixinda Technology Co., Ltd.","China","N2.759","https://onlinecatalogue.electronicachina.com.cn/journal/exhibitor/1026","Semiconductors","Other, please indicate","Industrial Electronics / Industrial Control","Automotive Electronics and EV","Electricity and New Energy","","","","","","","","","","",""
"https://onlinecatalogue.electronicachina.com.cn/Public/Uploads/useimg/20260319/LOGO.jpg","Shenzhen Kaizhong Precision Technology Co., Ltd.","China","W1.357","https://onlinecatalogue.electronicachina.com.cn/journal/exhibitor/3068","Connectors, Switches, Casing technology, Wire Harness, etc","Artificial intelligence technology","Consumer Electronics","Automotive Electronics and EV","Medical Technology","Embodied Intelligence","Data Center / Cloud Computing","Aviation & Space Technology","Household appliances","","","","","","",""
"https://onlinecatalogue.electronicachina.com.cn/Public/Uploads/uploadfile/images/20260323/eClogoShanghai776x328EN-527.png","Shenzhen Kehua Xuan Precision Hardware Co., Ltd.","China","W3.126","https://onlinecatalogue.electronicachina.com.cn/journal/exhibitor/3171","","","","","","","","","","","","","","","",""
"https://onlinecatalogue.electronicachina.com.cn/Public/Uploads/uploadfile/images/20260323/eClogoShanghai776x328EN-527.png","Shenzhen Kerui High-tech Materials Co., Ltd","China","W4.801","https://onlinecatalogue.electronicachina.com.cn/journal/exhibitor/3357","","","","","","","","","","","","","","","",""
"https://onlinecatalogue.electronicachina.com.cn/Public/Uploads/uploadfile/images/20260323/eClogoShanghai776x328EN-527.png","Shenzhen Keyou Electronics., Ltd.","China","W5.255","https://onlinecatalogue.electronicachina.com.cn/journal/exhibitor/3580","","","","","","","","","","","","","","","",""
"https://onlinecatalogue.electronicachina.com.cn/Public/Uploads/useimg/20260507/kinghelmlogo-453.png","Shenzhen Kinghelm Electronics Co., Ltd.","China","W5.317","https://onlinecatalogue.electronicachina.com.cn/journal/exhibitor/1792","Connectors, Switches, Casing technology, Wire Harness, etc","Wireless","Industrial Electronics / Industrial Control","Communication System","Consumer Electronics","Computers & Peripherals","Automotive Electronics and EV","Medical Technology","Electricity and New Energy","Internet of Things (loT)","Mechanical Engineering","Rail Transit","Security & protection system","Lighting engineering","Intelligent building","Household appliances"
"https://onlinecatalogue.electronicachina.com.cn/Public/Uploads/useimg/20250327/240120huaban1-896.png","Shenzhen Kiwi Instruments Co., Ltd.","China","N4.316","https://onlinecatalogue.electronicachina.com.cn/journal/exhibitor/1383","Semiconductors","Power supplies","PCBs, other circuit carrier","Information gathering and services","Industrial Electronics / Industrial Control","Communication System","Consumer Electronics","Computers & Peripherals","Medical Technology","Electricity and New Energy","Internet of Things (loT)","Security & protection system","Lighting engineering","Intelligent building","Household appliances","Mobile phone"
"https://onlinecatalogue.electronicachina.com.cn/Public/Uploads/useimg/20260408/KPDTechLogoHorizontal3.png","Shenzhen KPD Electronics Co.,Ltd.","China","N2.259","https://onlinecatalogue.electronicachina.com.cn/journal/exhibitor/1027","Semiconductors","Sensor technology","Passive components (capacitors, resistors, inductors, etc.) and Relays","Connectors, Switches, Casing technology, Wire Harness, etc","Industrial Electronics / Industrial Control","Communication System","Consumer Electronics","Automotive Electronics and EV","Medical Technology","Electricity and New Energy","Internet of Things (loT)","Artificial Intelligence","Rail Transit","Security & protection system","Lighting engineering","Intelligent building"
"https://onlinecatalogue.electronicachina.com.cn/Public/Uploads/useimg/20250401/WechatIMG2105.jpg","Shenzhen Lanbao Anke Electronics Co.,Ltd","China","N2.820","https://onlinecatalogue.electronicachina.com.cn/journal/exhibitor/2383","Other, please indicate","Industrial Electronics / Industrial Control","Communication System","Consumer Electronics","Computers & Peripherals","Automotive Electronics and EV","Medical Technology","Electricity and New Energy","","","","","","","",""
"https://onlinecatalogue.electronicachina.com.cn/Public/Uploads/useimg/20260603/LeacesyLogoHorizonFullColorkaobei.png","Shenzhen Leacesy Technologies Co., Ltd.","China","W5.345","https://onlinecatalogue.electronicachina.com.cn/journal/exhibitor/3075","Test and measurement","Power supplies","Automotive and testing","Consumer Electronics","Automotive Electronics and EV","Electricity and New Energy","Mobile phone","","","","","","","","",""
"https://onlinecatalogue.electronicachina.com.cn/Public/Uploads/useimg/20260527/b4aebe4e6ba847f337cd45a0e37c1ceb.png","Shenzhen Leadsin Technology Co.,Ltd","China","W4.627","https://onlinecatalogue.electronicachina.com.cn/journal/exhibitor/3557","Passive components (capacitors, resistors, inductors, etc.) and Relays","PCBs, other circuit carrier","Electronic Manufacturing Services (EMS)","Electronic materials","Industrial Electronics / Industrial Control","Communication System","Consumer Electronics","Computers & Peripherals","Automotive Electronics and EV","Medical Technology","Electricity and New Energy","Internet of Things (loT)","Embodied Intelligence","Artificial Intelligence","Data Center / Cloud Computing","Aviation & Space Technology"
"https://onlinecatalogue.electronicachina.com.cn/Public/Uploads/useimg/20250228/1740729691602.jpg","Shenzhen Lianchang Electronics Co., Ltd.","China","W4.728","https://onlinecatalogue.electronicachina.com.cn/journal/exhibitor/1705","Connectors, Switches, Casing technology, Wire Harness, etc","Industrial Electronics / Industrial Control","Communication System","Consumer Electronics","Computers & Peripherals","Automotive Electronics and EV","Medical Technology","Electricity and New Energy","Internet of Things (loT)","Embodied Intelligence","Artificial Intelligence","Data Center / Cloud Computing","Aviation & Space Technology","Military Electronics","Mechanical Engineering","Rail Transit"
"https://onlinecatalogue.electronicachina.com.cn/Public/Uploads/useimg/20260504/lianzhihesheng.jpg","Shenzhen Lianzhi Hesheng Technology Co., Ltd.","China","W1.921","https://onlinecatalogue.electronicachina.com.cn/journal/exhibitor/2786","Connectors, Switches, Casing technology, Wire Harness, etc","Industrial Electronics / Industrial Control","Consumer Electronics","Computers & Peripherals","Automotive Electronics and EV","Medical Technology","Household appliances","Mobile phone","","","","","","","",""
"https://onlinecatalogue.electronicachina.com.cn/Public/Uploads/useimg/20250224/2400x12001.jpg","SHENZHEN LICHUANG E-COMMERCE CO.,LTD.","China","N2.711","https://onlinecatalogue.electronicachina.com.cn/journal/exhibitor/1028","Semiconductors","Micronano-systems (MEMS, etc.)","Electronic Design (ED/EDA)","Passive components (capacitors, resistors, inductors, etc.) and Relays","Power supplies","PCBs, other circuit carrier","Assemblies and subsystems","Industrial Electronics / Industrial Control","Communication System","Consumer Electronics","Computers & Peripherals","Automotive Electronics and EV","Electricity and New Energy","Internet of Things (loT)","Rail Transit","Security & protection system"
"https://onlinecatalogue.electronicachina.com.cn/Public/Uploads/useimg/20260529/linglongLOGOREV03.jpg","Shenzhen Linglong Technology Co., Ltd.","China","W5.868","https://onlinecatalogue.electronicachina.com.cn/journal/exhibitor/3121","Test and measurement","Industrial Electronics / Industrial Control","Consumer Electronics","Automotive Electronics and EV","Mobile phone","Others, please indicate","","","","","","","","","",""
"https://onlinecatalogue.electronicachina.com.cn/Public/Uploads/uploadfile/images/20260323/eClogoShanghai776x328EN-527.png","Shenzhen Linkconn Electronics Co., Ltd.","China","W1.517","https://onlinecatalogue.electronicachina.com.cn/journal/exhibitor/1497","Connectors, Switches, Casing technology, Wire Harness, etc","Consumer Electronics","Automotive Electronics and EV","","","","","","","","","","","","",""
"https://onlinecatalogue.electronicachina.com.cn/Public/Uploads/uploadfile/images/20260323/eClogoShanghai776x328EN-527.png","SHENZHEN LINKO ELECTRIC CO.,LTD","China","W1.349","https://onlinecatalogue.electronicachina.com.cn/journal/exhibitor/1596","","","","","","","","","","","","","","","",""
"https://onlinecatalogue.electronicachina.com.cn/Public/Uploads/useimg/20260310/gongsilogo.png","Shenzhen Longjia Semiconductor Co., Ltd.","China","W5.237","https://onlinecatalogue.electronicachina.com.cn/journal/exhibitor/2795","Semiconductors","Passive components (capacitors, resistors, inductors, etc.) and Relays","Industrial Electronics / Industrial Control","Communication System","Consumer Electronics","Computers & Peripherals","Automotive Electronics and EV","Medical Technology","Electricity and New Energy","Internet of Things (loT)","Embodied Intelligence","Artificial Intelligence","Data Center / Cloud Computing","Aviation & Space Technology","Military Electronics","Mechanical Engineering"
"https://onlinecatalogue.electronicachina.com.cn/Public/Uploads/useimg/20250227/luguangLOGOzhongwenbiaoyuban512.png","Shenzhen Luguang Electronic Tech Co., Ltd.","China","N5.162","https://onlinecatalogue.electronicachina.com.cn/journal/exhibitor/2081","Semiconductors","Power supplies","PCBs, other circuit carrier","Automotive and testing","Information gathering and services","Industrial Electronics / Industrial Control","Communication System","Consumer Electronics","Computers & Peripherals","Automotive Electronics and EV","Medical Technology","Electricity and New Energy","Internet of Things (loT)","Aviation & Space Technology","Military Electronics","Mechanical Engineering"
"https://onlinecatalogue.electronicachina.com.cn/Public/Uploads/useimg/20250413/3e1e00410a4d0de37c395dfc4db1a82.jpg","Shenzhen Maider Electronics Co., Ltd.","China","N3.633","https://onlinecatalogue.electronicachina.com.cn/journal/exhibitor/2475","Semiconductors","Industrial Electronics / Industrial Control","Electricity and New Energy","","","","","","","","","","","","",""
"https://onlinecatalogue.electronicachina.com.cn/Public/Uploads/useimg/20250306/LOGO.png","Shenzhen Maspower Semiconductor Co., Ltd","China","N5.832","https://onlinecatalogue.electronicachina.com.cn/journal/exhibitor/1384","Semiconductors","Industrial Electronics / Industrial Control","Communication System","Consumer Electronics","Medical Technology","Electricity and New Energy","Aviation & Space Technology","Military Electronics","","","","","","","",""
"https://onlinecatalogue.electronicachina.com.cn/Public/Uploads/uploadfile/images/20260323/eClogoShanghai776x328EN-527.png","SHENZHEN MEASTEK Technology Development Co.,Ltd","China","W5.856","https://onlinecatalogue.electronicachina.com.cn/journal/exhibitor/3544","","","","","","","","","","","","","","","",""
"https://onlinecatalogue.electronicachina.com.cn/Public/Uploads/uploadfile/images/20260323/eClogoShanghai776x328EN-527.png","Shenzhen Meilong Electronic Co.,Ltd.","China","N1.371","https://onlinecatalogue.electronicachina.com.cn/journal/exhibitor/1029","","","","","","","","","","","","","","","",""
"https://onlinecatalogue.electronicachina.com.cn/Public/Uploads/useimg/20250122/meisixianduanlogo.jpg","Shenzhen MemsFrontier Electronics Co.,Ltd.","China","N3.307","https://onlinecatalogue.electronicachina.com.cn/journal/exhibitor/1944","Micronano-systems (MEMS, etc.)","Sensor technology","Consumer Electronics","Automotive Electronics and EV","Medical Technology","Electricity and New Energy","Security & protection system","Household appliances","","","","","","","",""
"https://onlinecatalogue.electronicachina.com.cn/Public/Uploads/useimg/20250121/zhengfangxingLOGO.jpg","Shenzhen Milliohm Electronics Co.,Ltd.","China","N2.517","https://onlinecatalogue.electronicachina.com.cn/journal/exhibitor/1031","Passive components (capacitors, resistors, inductors, etc.) and Relays","Information gathering and services","Industrial Electronics / Industrial Control","Consumer Electronics","Automotive Electronics and EV","Electricity and New Energy","Aviation & Space Technology","Mechanical Engineering","Household appliances","","","","","","",""
"https://onlinecatalogue.electronicachina.com.cn/Public/Uploads/useimg/20250305/Ashanshanshangbiaohuaban1.png","Shenzhen mingxin precision  electronic technology co.,ltd","China","W4.317","https://onlinecatalogue.electronicachina.com.cn/journal/exhibitor/1706","Connectors, Switches, Casing technology, Wire Harness, etc","Industrial Electronics / Industrial Control","Communication System","Consumer Electronics","Computers & Peripherals","Automotive Electronics and EV","Medical Technology","Electricity and New Energy","Aviation & Space Technology","Military Electronics","Mechanical Engineering","Rail Transit","Security & protection system","Lighting engineering","Intelligent building","Household appliances"
"https://onlinecatalogue.electronicachina.com.cn/Public/Uploads/useimg/20260516/suoxiaologobaidi.png","Shenzhen Minos Technology Co., Ltd","China","N3.629","https://onlinecatalogue.electronicachina.com.cn/journal/exhibitor/3374","Semiconductors","Industrial Electronics / Industrial Control","Communication System","Consumer Electronics","Electricity and New Energy","Security & protection system","Lighting engineering","Household appliances","Others, please indicate","","","","","","",""
"https://onlinecatalogue.electronicachina.com.cn/Public/Uploads/useimg/20260206/d7e121da322ba89a5d2fb1f90d4c4a6.jpg","Shenzhen MISUXIN Electronics Co., Ltd.","China","W5.178","https://onlinecatalogue.electronicachina.com.cn/journal/exhibitor/2807","Semiconductors","Embedded systems","Passive components (capacitors, resistors, inductors, etc.) and Relays","Connectors, Switches, Casing technology, Wire Harness, etc","Power supplies","Electronic materials","Industrial Electronics / Industrial Control","Consumer Electronics","Computers & Peripherals","Automotive Electronics and EV","Medical Technology","Electricity and New Energy","Artificial Intelligence","Military Electronics","Mechanical Engineering","Lighting engineering"
"https://onlinecatalogue.electronicachina.com.cn/Public/Uploads/uploadfile/images/20260323/eClogoShanghai776x328EN-527.png","SHENZHEN MLS MICO ELECTRONICS CO., LTD.","China","N5.769","https://onlinecatalogue.electronicachina.com.cn/journal/exhibitor/2261","","","","","","","","","","","","","","","",""
"https://onlinecatalogue.electronicachina.com.cn/Public/Uploads/useimg/20260403/240x120px.png","SHENZHEN MUP INDUSTRIAL CO., LTD.","China","W2.761","https://onlinecatalogue.electronicachina.com.cn/journal/exhibitor/1498","Connectors, Switches, Casing technology, Wire Harness, etc","Industrial Electronics / Industrial Control","Communication System","Consumer Electronics","Computers & Peripherals","Automotive Electronics and EV","Medical Technology","Electricity and New Energy","Internet of Things (loT)","Aviation & Space Technology","Military Electronics","Mechanical Engineering","Rail Transit","Security & protection system","Lighting engineering","Intelligent building"
"https://onlinecatalogue.electronicachina.com.cn/Public/Uploads/useimg/20250108/toumingyingwenlogo.png","Shenzhen Netsok Technology Co., Ltd.","China","W1.240","https://onlinecatalogue.electronicachina.com.cn/journal/exhibitor/1499","Other, please indicate","Communication System","Automotive Electronics and EV","Aviation & Space Technology","","","","","","","","","","","",""
"https://onlinecatalogue.electronicachina.com.cn/Public/Uploads/useimg/20260508/xinruilogo-593.jpg","ShenZhen Newtop Semiconductor Co.,Ltd","China","N3.663","https://onlinecatalogue.electronicachina.com.cn/journal/exhibitor/3452","Semiconductors","Industrial Electronics / Industrial Control","Consumer Electronics","Automotive Electronics and EV","","","","","","","","","","","",""
"https://onlinecatalogue.electronicachina.com.cn/Public/Uploads/useimg/20260402/zhongjinlingnankejilogo.jpg","Shenzhen Nonfemet Technology Co.,Ltd","China","W1.737","https://onlinecatalogue.electronicachina.com.cn/journal/exhibitor/2939","Passive components (capacitors, resistors, inductors, etc.) and Relays","Power supplies","Electronic materials","Assemblies and subsystems","Automotive and testing","Other, please indicate","Industrial Electronics / Industrial Control","Consumer Electronics","Automotive Electronics and EV","Electricity and New Energy","Artificial Intelligence","","","","",""
"https://onlinecatalogue.electronicachina.com.cn/Public/Uploads/uploadfile/images/20260323/eClogoShanghai776x328EN-527.png","SHENZHEN OKCAP CAPACITOR CO.,LTD","China","N1.217","https://onlinecatalogue.electronicachina.com.cn/journal/exhibitor/851","Passive components (capacitors, resistors, inductors, etc.) and Relays","Industrial Electronics / Industrial Control","Communication System","Consumer Electronics","Computers & Peripherals","Automotive Electronics and EV","Medical Technology","Electricity and New Energy","Internet of Things (loT)","Aviation & Space Technology","Security & protection system","Lighting engineering","Intelligent building","Household appliances","",""
"https://onlinecatalogue.electronicachina.com.cn/Public/Uploads/useimg/20250408/logofuben-266.jpg","SHENZHEN ORIENT COMPONENTS CO., LTD.","China","N4.212","https://onlinecatalogue.electronicachina.com.cn/journal/exhibitor/1266","Semiconductors","Information gathering and services","Industrial Electronics / Industrial Control","Communication System","Consumer Electronics","Computers & Peripherals","Automotive Electronics and EV","Medical Technology","Electricity and New Energy","Internet of Things (loT)","Aviation & Space Technology","Military Electronics","Rail Transit","Security & protection system","Intelligent building","Household appliances"
"https://onlinecatalogue.electronicachina.com.cn/Public/Uploads/useimg/20250214/LOGO20210722.jpg","SHENZHEN ORIENTAL JIAYING INDUSTRIAL CO.,LTD.","China","W5.","https://onlinecatalogue.electronicachina.com.cn/journal/exhibitor/2307","Semiconductors","Passive components (capacitors, resistors, inductors, etc.) and Relays","Power supplies","Automotive and testing","Communication System","Consumer Electronics","Automotive Electronics and EV","","","","","","","","",""
"https://onlinecatalogue.electronicachina.com.cn/Public/Uploads/useimg/20260601/500300-104.jpg","SHENZHEN PCB ELECTRONICS LTD","China","N3.246","https://onlinecatalogue.electronicachina.com.cn/journal/exhibitor/2997","PCBs, other circuit carrier","Electronic Manufacturing Services (EMS)","Industrial Electronics / Industrial Control","Communication System","Medical Technology","Electricity and New Energy","Internet of Things (loT)","Rail Transit","Lighting engineering","Intelligent building","","","","","",""
"https://onlinecatalogue.electronicachina.com.cn/Public/Uploads/useimg/20250331/99.jpg","Shenzhen Pelican Telican Technology Co.,Ltd.","China","W4.108","https://onlinecatalogue.electronicachina.com.cn/journal/exhibitor/2494","Electronic Design (ED/EDA)","Automotive and testing","Consumer Electronics","Automotive Electronics and EV","Medical Technology","Aviation & Space Technology","Household appliances","Mobile phone","","","","","","","",""
"https://onlinecatalogue.electronicachina.com.cn/Public/Uploads/useimg/20260525/a979594b3f6d506be39045b6309abc6b.png","SHENZHEN PENGSOAR TECHNOLOGY CO.LIMITED","China","W4.823","https://onlinecatalogue.electronicachina.com.cn/journal/exhibitor/3336","Passive components (capacitors, resistors, inductors, etc.) and Relays","Industrial Electronics / Industrial Control","Communication System","Consumer Electronics","Automotive Electronics and EV","Medical Technology","","","","","","","","","",""
"https://onlinecatalogue.electronicachina.com.cn/Public/Uploads/uploadfile/images/20260323/eClogoShanghai776x328EN-527.png","Shenzhen Phisemi Technology Inc. Ltd.","China","N2.523","https://onlinecatalogue.electronicachina.com.cn/journal/exhibitor/2984","","","","","","","","","","","","","","","",""
"https://onlinecatalogue.electronicachina.com.cn/Public/Uploads/uploadfile/images/20260323/eClogoShanghai776x328EN-527.png","Shenzhen Qinuo Technology Co.,Ltd.","China","N2.523","https://onlinecatalogue.electronicachina.com.cn/journal/exhibitor/2986","","","","","","","","","","","","","","","",""
"https://onlinecatalogue.electronicachina.com.cn/Public/Uploads/uploadfile/images/20260323/eClogoShanghai776x328EN-527.png","Shenzhen Reecam Tech. Ltd.","China","W5.601","https://onlinecatalogue.electronicachina.com.cn/journal/exhibitor/1143","","","","","","","","","","","","","","","",""
"https://onlinecatalogue.electronicachina.com.cn/Public/Uploads/useimg/20250410/dandushangbiao.png","Shenzhen RHM Semiconductors Co., Ltd.","China","N5.757","https://onlinecatalogue.electronicachina.com.cn/journal/exhibitor/1388","Semiconductors","Consumer Electronics","","","","","","","","","","","","","",""
"https://onlinecatalogue.electronicachina.com.cn/Public/Uploads/uploadfile/images/20260323/eClogoShanghai776x328EN-527.png","Shenzhen Rigoal Connector Co., Ltd.","China","W3.572","https://onlinecatalogue.electronicachina.com.cn/journal/exhibitor/2701","","","","","","","","","","","","","","","",""
"https://onlinecatalogue.electronicachina.com.cn/Public/Uploads/useimg/20260205/weixintupian20260205104738574.jpg","Shenzhen Rising Star Electronics Co., Ltd","China","W4.911","https://onlinecatalogue.electronicachina.com.cn/journal/exhibitor/3247","Connectors, Switches, Casing technology, Wire Harness, etc","Industrial Electronics / Industrial Control","Consumer Electronics","Computers & Peripherals","Automotive Electronics and EV","Electricity and New Energy","Security & protection system","Lighting engineering","Household appliances","","","","","","",""
"https://onlinecatalogue.electronicachina.com.cn/Public/Uploads/uploadfile/images/20260323/eClogoShanghai776x328EN-527.png","Shenzhen Rui Feng Cheng Machinery Co.,ltd","China","W1.847","https://onlinecatalogue.electronicachina.com.cn/journal/exhibitor/3455","","","","","","","","","","","","","","","",""
"https://onlinecatalogue.electronicachina.com.cn/Public/Uploads/useimg/20260402/dfd8ff62923f8328d8e5583e0a06686b.jpg","Shenzhen Ruinuo Electronic Technology Co., Ltd.","China","N2.929","https://onlinecatalogue.electronicachina.com.cn/journal/exhibitor/1925","Passive components (capacitors, resistors, inductors, etc.) and Relays","Connectors, Switches, Casing technology, Wire Harness, etc","Power supplies","Automotive and testing","Information gathering and services","Industrial Electronics / Industrial Control","Communication System","Consumer Electronics","Automotive Electronics and EV","Medical Technology","Electricity and New Energy","Military Electronics","Mechanical Engineering","Security & protection system","Lighting engineering",""
"https://onlinecatalogue.electronicachina.com.cn/Public/Uploads/useimg/20250116/weixintupian20240530160242.jpg","Shenzhen Rustone Electronics Co.,Ltd","China","N5.745","https://onlinecatalogue.electronicachina.com.cn/journal/exhibitor/1854","Semiconductors","Power supplies","Industrial Electronics / Industrial Control","Communication System","Consumer Electronics","Electricity and New Energy","Intelligent building","Household appliances","","","","","","","",""
"https://onlinecatalogue.electronicachina.com.cn/Public/Uploads/useimg/20250321/gongsilogo-749.jpg","SHENZHEN SANYEAR ELECTRONIC CO.,LTD","China","N2.140","https://onlinecatalogue.electronicachina.com.cn/journal/exhibitor/1032","Passive components (capacitors, resistors, inductors, etc.) and Relays","Industrial Electronics / Industrial Control","Communication System","Consumer Electronics","Automotive Electronics and EV","Medical Technology","Electricity and New Energy","Aviation & Space Technology","Military Electronics","Mechanical Engineering","Rail Transit","Security & protection system","Lighting engineering","Intelligent building","Household appliances",""
"https://onlinecatalogue.electronicachina.com.cn/Public/Uploads/uploadfile/images/20260323/eClogoShanghai776x328EN-527.png","Shenzhen SenseloT Technology Co.,Ltd","China","N3.725","https://onlinecatalogue.electronicachina.com.cn/journal/exhibitor/3469","","","","","","","","","","","","","","","",""
"https://onlinecatalogue.electronicachina.com.cn/Public/Uploads/useimg/20250115/1.jpg","Shenzhen Shengtai Capacitors Co., Ltd","China","N1.925","https://onlinecatalogue.electronicachina.com.cn/journal/exhibitor/852","Passive components (capacitors, resistors, inductors, etc.) and Relays","Industrial Electronics / Industrial Control","Communication System","Consumer Electronics","Computers & Peripherals","Automotive Electronics and EV","Medical Technology","Electricity and New Energy","Aviation & Space Technology","Lighting engineering","Household appliances","Mobile phone","","","",""
"https://onlinecatalogue.electronicachina.com.cn/Public/Uploads/useimg/20260205/LOGO.png","Shenzhen Shenwanheng Technology Co., LTD","China","W5.258","https://onlinecatalogue.electronicachina.com.cn/journal/exhibitor/2740","Semiconductors","Passive components (capacitors, resistors, inductors, etc.) and Relays","Connectors, Switches, Casing technology, Wire Harness, etc","Power supplies","PCBs, other circuit carrier","Electronic Manufacturing Services (EMS)","Electronic materials","Assemblies and subsystems","Automotive and testing","Wireless","Industrial Electronics / Industrial Control","Communication System","Consumer Electronics","Computers & Peripherals","Automotive Electronics and EV","Medical Technology"
"https://onlinecatalogue.electronicachina.com.cn/Public/Uploads/uploadfile/images/20260323/eClogoShanghai776x328EN-527.png","Shenzhen Shenyijia Technology Co., Ltd.","China","N2.778","https://onlinecatalogue.electronicachina.com.cn/journal/exhibitor/3082","","","","","","","","","","","","","","","",""
"https://onlinecatalogue.electronicachina.com.cn/Public/Uploads/useimg/20250320/shenglinglogo.jpg","Shenzhen Shinning Electronic Co., Ltd.","China","W1.317","https://onlinecatalogue.electronicachina.com.cn/journal/exhibitor/1597","Connectors, Switches, Casing technology, Wire Harness, etc","Industrial Electronics / Industrial Control","Communication System","Computers & Peripherals","Automotive Electronics and EV","Medical Technology","Electricity and New Energy","Internet of Things (loT)","Rail Transit","Security & protection system","","","","","",""
"https://onlinecatalogue.electronicachina.com.cn/Public/Uploads/uploadfile/images/20260323/eClogoShanghai776x328EN-527.png","Shenzhen Shiqiang Component Network Co., Ltd","Hong Kong, China","N4.345","https://onlinecatalogue.electronicachina.com.cn/journal/exhibitor/1386","","","","","","","","","","","","","","","",""
"https://onlinecatalogue.electronicachina.com.cn/Public/Uploads/uploadfile/images/20260323/eClogoShanghai776x328EN-527.png","SHENZHEN SI SEMICONDUCTORS CO.,LTD","China","N5.569","https://onlinecatalogue.electronicachina.com.cn/journal/exhibitor/1268","","","","","","","","","","","","","","","",""
"https://onlinecatalogue.electronicachina.com.cn/Public/Uploads/useimg/20260205/RGBfangxingbiaoshi.png","Shenzhen Signal Electronics Co., Ltd","China","W3.235","https://onlinecatalogue.electronicachina.com.cn/journal/exhibitor/2480","Connectors, Switches, Casing technology, Wire Harness, etc","Industrial Electronics / Industrial Control","Communication System","Automotive Electronics and EV","Medical Technology","Electricity and New Energy","Internet of Things (loT)","Embodied Intelligence","Artificial Intelligence","Aviation & Space Technology","Military Electronics","Mechanical Engineering","Rail Transit","Security & protection system","Intelligent building",""
"https://onlinecatalogue.electronicachina.com.cn/Public/Uploads/useimg/20250226/de6ee7dd9dc597df4300a06a8ec83dd.jpg","Shenzhen Sinhoo Science Technology Development Co., LTD","China","N2.739","https://onlinecatalogue.electronicachina.com.cn/journal/exhibitor/1598","PCBs, other circuit carrier","Other, please indicate","Industrial Electronics / Industrial Control","Communication System","Consumer Electronics","Computers & Peripherals","Automotive Electronics and EV","Medical Technology","Electricity and New Energy","Aviation & Space Technology","Military Electronics","Intelligent building","","","",""
"https://onlinecatalogue.electronicachina.com.cn/Public/Uploads/uploadfile/images/20260323/eClogoShanghai776x328EN-527.png","Shenzhen Sinrui Technology Co., Ltd.","China","W4.237","https://onlinecatalogue.electronicachina.com.cn/journal/exhibitor/2955","","","","","","","","","","","","","","","",""
"https://onlinecatalogue.electronicachina.com.cn/Public/Uploads/uploadfile/images/20260323/eClogoShanghai776x328EN-527.png","SHENZHEN SKONDA ELECTRONIC CO.,LTD.","China","W5.541","https://onlinecatalogue.electronicachina.com.cn/journal/exhibitor/2445","","","","","","","","","","","","","","","",""
"https://onlinecatalogue.electronicachina.com.cn/Public/Uploads/useimg/20260507/slkor-305.png","Shenzhen SLKOR Micro Semicon Co.,Ltd","China","W5.317","https://onlinecatalogue.electronicachina.com.cn/journal/exhibitor/1033","Semiconductors","Information gathering and services","Industrial Electronics / Industrial Control","Communication System","Consumer Electronics","Computers & Peripherals","Automotive Electronics and EV","Medical Technology","Electricity and New Energy","Internet of Things (loT)","Aviation & Space Technology","Mechanical Engineering","Rail Transit","Security & protection system","Lighting engineering","Intelligent building"
"https://onlinecatalogue.electronicachina.com.cn/Public/Uploads/useimg/20250218/shuokaiLOGO240x120.png","Shenzhen Socay Electronics Corp .,Ltd","China","N4.552","https://onlinecatalogue.electronicachina.com.cn/journal/exhibitor/1270","Semiconductors","Passive components (capacitors, resistors, inductors, etc.) and Relays","Other, please indicate","Industrial Electronics / Industrial Control","Communication System","Consumer Electronics","Computers & Peripherals","Automotive Electronics and EV","Medical Technology","Electricity and New Energy","Internet of Things (loT)","Aviation & Space Technology","Military Electronics","Mechanical Engineering","Rail Transit","Security & protection system"
"https://onlinecatalogue.electronicachina.com.cn/Public/Uploads/uploadfile/images/20260323/eClogoShanghai776x328EN-527.png","SHENZHEN SOREDE ELECTRONICS CO.,LTD","China","N2.566","https://onlinecatalogue.electronicachina.com.cn/journal/exhibitor/1035","Passive components (capacitors, resistors, inductors, etc.) and Relays","Industrial Electronics / Industrial Control","Communication System","Consumer Electronics","Computers & Peripherals","Automotive Electronics and EV","Medical Technology","Electricity and New Energy","Internet of Things (loT)","Aviation & Space Technology","Military Electronics","Mechanical Engineering","Rail Transit","Security & protection system","Lighting engineering","Intelligent building"
"https://onlinecatalogue.electronicachina.com.cn/Public/Uploads/uploadfile/images/20260323/eClogoShanghai776x328EN-527.png","Shenzhen Sprintpcb Co.,Ltd.","China","N3.335","https://onlinecatalogue.electronicachina.com.cn/journal/exhibitor/1708","","","","","","","","","","","","","","","",""
"https://onlinecatalogue.electronicachina.com.cn/Public/Uploads/useimg/20250402/Sunlordexpertinecomponents.png","Shenzhen Sunlord Electronic Co., Ltd.","China","N1.609","https://onlinecatalogue.electronicachina.com.cn/journal/exhibitor/854","Passive components (capacitors, resistors, inductors, etc.) and Relays","Industrial Electronics / Industrial Control","Communication System","Consumer Electronics","Computers & Peripherals","Automotive Electronics and EV","Medical Technology","Electricity and New Energy","Internet of Things (loT)","Aviation & Space Technology","Military Electronics","Mechanical Engineering","Rail Transit","Security & protection system","Lighting engineering","Household appliances"
"https://onlinecatalogue.electronicachina.com.cn/Public/Uploads/useimg/20250408/yongxuxingyeLOGO-40.png","SHENZHEN SUNRISE INDUS TECH CO.,LTD","China","W5.145","https://onlinecatalogue.electronicachina.com.cn/journal/exhibitor/1036","Semiconductors","Displays","Sensor technology","Passive components (capacitors, resistors, inductors, etc.) and Relays","Connectors, Switches, Casing technology, Wire Harness, etc","PCBs, other circuit carrier","Automotive and testing","Industrial Electronics / Industrial Control","Communication System","Consumer Electronics","Computers & Peripherals","Automotive Electronics and EV","Medical Technology","Electricity and New Energy","Internet of Things (loT)","Aviation & Space Technology"
"https://onlinecatalogue.electronicachina.com.cn/Public/Uploads/useimg/20250328/logo1.png","Shenzhen Sunway Communication Co.,Ltd","China","N1.529","https://onlinecatalogue.electronicachina.com.cn/journal/exhibitor/855","Passive components (capacitors, resistors, inductors, etc.) and Relays","Connectors, Switches, Casing technology, Wire Harness, etc","Automotive and testing","Wireless","Communication System","Consumer Electronics","Automotive Electronics and EV","Electricity and New Energy","Internet of Things (loT)","Mobile phone","","","","","",""
"https://onlinecatalogue.electronicachina.com.cn/Public/Uploads/uploadfile/images/20260323/eClogoShanghai776x328EN-527.png","SHENZHEN SURNOVO PRECISION INTELLIGENT MANUFACTURING CO., LTD","China","N4.236","https://onlinecatalogue.electronicachina.com.cn/journal/exhibitor/2966","","","","","","","","","","","","","","","",""
"https://onlinecatalogue.electronicachina.com.cn/Public/Uploads/useimg/20260519/240120.jpg","Shenzhen Swift Automation Technology Co. Ltd","China","W1.839","https://onlinecatalogue.electronicachina.com.cn/journal/exhibitor/2827","Connectors, Switches, Casing technology, Wire Harness, etc","Industrial Electronics / Industrial Control","Communication System","Consumer Electronics","Computers & Peripherals","Automotive Electronics and EV","Medical Technology","Electricity and New Energy","Aviation & Space Technology","Military Electronics","Mechanical Engineering","Rail Transit","Security & protection system","Lighting engineering","Intelligent building","Household appliances"
"https://onlinecatalogue.electronicachina.com.cn/Public/Uploads/useimg/20260509/weibiaoti1.jpg","Shenzhen T-STAR Electronics Co.Ltd.","China","N1.271","https://onlinecatalogue.electronicachina.com.cn/journal/exhibitor/2909","Semiconductors","Passive components (capacitors, resistors, inductors, etc.) and Relays","Industrial Electronics / Industrial Control","Communication System","Consumer Electronics","Computers & Peripherals","Automotive Electronics and EV","Medical Technology","Electricity and New Energy","Internet of Things (loT)","Embodied Intelligence","Artificial Intelligence","Data Center / Cloud Computing","Aviation & Space Technology","Military Electronics","Mechanical Engineering"
"https://onlinecatalogue.electronicachina.com.cn/Public/Uploads/useimg/20260518/240x120xiangsutupian.png","Shenzhen Tengling Semiconductor Co., Ltd.","China","N4.866","https://onlinecatalogue.electronicachina.com.cn/journal/exhibitor/3409","Semiconductors","Industrial Electronics / Industrial Control","Consumer Electronics","Computers & Peripherals","Automotive Electronics and EV","Medical Technology","Electricity and New Energy","Artificial Intelligence","Security & protection system","Lighting engineering","Household appliances","Mobile phone","Others, please indicate","","",""
"https://onlinecatalogue.electronicachina.com.cn/Public/Uploads/uploadfile/images/20260323/eClogoShanghai776x328EN-527.png","Shenzhen Tian xian wei Technology Co.,Ltd.","China","N2.137","https://onlinecatalogue.electronicachina.com.cn/journal/exhibitor/3140","","","","","","","","","","","","","","","",""
"https://onlinecatalogue.electronicachina.com.cn/Public/Uploads/uploadfile/images/20260323/eClogoShanghai776x328EN-527.png","SHENZHEN TIANOISHENG ELECTRONICS CO., LTD","China","N2.731","https://onlinecatalogue.electronicachina.com.cn/journal/exhibitor/2432","","","","","","","","","","","","","","","",""
"https://onlinecatalogue.electronicachina.com.cn/Public/Uploads/useimg/20260331/baidi2.jpg","Shenzhen Tooiii Electro-Optical Co., Ltd","China","N3.141","https://onlinecatalogue.electronicachina.com.cn/journal/exhibitor/3056","Connectors, Switches, Casing technology, Wire Harness, etc","Industrial Electronics / Industrial Control","Consumer Electronics","Medical Technology","Embodied Intelligence","Aviation & Space Technology","Military Electronics","","","","","","","","",""
"https://onlinecatalogue.electronicachina.com.cn/Public/Uploads/uploadfile/images/20260323/eClogoShanghai776x328EN-527.png","Shenzhen Toprie Electronics Co.,Ltd.","China","W5.323","https://onlinecatalogue.electronicachina.com.cn/journal/exhibitor/2910","","","","","","","","","","","","","","","",""
"https://onlinecatalogue.electronicachina.com.cn/Public/Uploads/useimg/20250320/COMPANYLOGOFLAG900x600A4V11250dpichanggaiwei80kuantongbilisuofang.png","Shenzhen Topway Technology Co., Ltd.","China","W5.540","https://onlinecatalogue.electronicachina.com.cn/journal/exhibitor/1144","Semiconductors","Embedded systems","Industrial Electronics / Industrial Control","Communication System","Medical Technology","Electricity and New Energy","Internet of Things (loT)","Mechanical Engineering","Rail Transit","Intelligent building","","","","","",""
"https://onlinecatalogue.electronicachina.com.cn/Public/Uploads/useimg/20260514/baibianLOGO1.jpg","Shenzhen Truesemi Semiconductor Co., Ltd.","China","N5.259","https://onlinecatalogue.electronicachina.com.cn/journal/exhibitor/2899","Semiconductors","Power supplies","Electronic materials","Industrial Electronics / Industrial Control","Communication System","Consumer Electronics","Medical Technology","Electricity and New Energy","Security & protection system","Lighting engineering","","","","","",""
"https://onlinecatalogue.electronicachina.com.cn/Public/Uploads/useimg/20250210/f0ea6bb7c98d67392a3b393c4b5d2d89.png","SHENZHEN UHOT ELECTRONICS CO.,LTD","China","N2.229","https://onlinecatalogue.electronicachina.com.cn/journal/exhibitor/1710","Semiconductors","Connectors, Switches, Casing technology, Wire Harness, etc","Industrial Electronics / Industrial Control","Communication System","Consumer Electronics","Computers & Peripherals","Automotive Electronics and EV","Electricity and New Energy","Internet of Things (loT)","Military Electronics","Security & protection system","Household appliances","Mobile phone","Others, please indicate","",""
"https://onlinecatalogue.electronicachina.com.cn/Public/Uploads/useimg/20250304/changyongzuhe3.png","Shenzhen Unibetter Technology Co.,Ltd.","China","N2.512","https://onlinecatalogue.electronicachina.com.cn/journal/exhibitor/1037","Semiconductors","Passive components (capacitors, resistors, inductors, etc.) and Relays","Industrial Electronics / Industrial Control","Communication System","Automotive Electronics and EV","Medical Technology","Electricity and New Energy","Aviation & Space Technology","","","","","","","",""
"https://onlinecatalogue.electronicachina.com.cn/Public/Uploads/useimg/20250327/yilianlogohuaban1.png","Shenzhen Uniconn Technology Co.,Ltd","China","W2.201","https://onlinecatalogue.electronicachina.com.cn/journal/exhibitor/1711","Semiconductors","Assemblies and subsystems","Automotive and testing","Industrial Electronics / Industrial Control","Consumer Electronics","Automotive Electronics and EV","Medical Technology","Electricity and New Energy","Aviation & Space Technology","Military Electronics","Household appliances","","","","",""
"https://onlinecatalogue.electronicachina.com.cn/Public/Uploads/useimg/20250218/LOGO.jpg","Shenzhen Uniwell Circuits Co.,Ltd","China","N3.230","https://onlinecatalogue.electronicachina.com.cn/journal/exhibitor/1997","PCBs, other circuit carrier","Information gathering and services","Industrial Electronics / Industrial Control","Communication System","Automotive Electronics and EV","Medical Technology","Electricity and New Energy","Military Electronics","Rail Transit","Security & protection system","","","","","",""
"https://onlinecatalogue.electronicachina.com.cn/Public/Uploads/useimg/20250211/1733821384542.jpg","Shenzhen VBsemi Electronics Co., Ltd.","China","N5.150","https://onlinecatalogue.electronicachina.com.cn/journal/exhibitor/1271","Semiconductors","Industrial Electronics / Industrial Control","Communication System","Consumer Electronics","Computers & Peripherals","Automotive Electronics and EV","Medical Technology","Electricity and New Energy","Internet of Things (loT)","Embodied Intelligence","Artificial Intelligence","Data Center / Cloud Computing","Aviation & Space Technology","Mechanical Engineering","Rail Transit","Security & protection system"
"https://onlinecatalogue.electronicachina.com.cn/Public/Uploads/useimg/20250211/weizhaoLOGO240x120.png","Shenzhen Vergiga Semiconductor Co.,Ltd.","China","N5.239","https://onlinecatalogue.electronicachina.com.cn/journal/exhibitor/1272","Semiconductors","Industrial Electronics / Industrial Control","Communication System","Consumer Electronics","Computers & Peripherals","Automotive Electronics and EV","Electricity and New Energy","Embodied Intelligence","Household appliances","Mobile phone","","","","","",""
"https://onlinecatalogue.electronicachina.com.cn/Public/Uploads/useimg/20250402/kunwanglogo.png","SHENZHEN VIGORCONN PRECISION CONNECTOR CO., LTD.","China","W1.153","https://onlinecatalogue.electronicachina.com.cn/journal/exhibitor/1500","Assemblies and subsystems","Information gathering and services","Industrial Electronics / Industrial Control","Communication System","Consumer Electronics","Computers & Peripherals","Internet of Things (loT)","Mechanical Engineering","Lighting engineering","Intelligent building","Household appliances","Mobile phone","","","",""
"https://onlinecatalogue.electronicachina.com.cn/Public/Uploads/uploadfile/images/20260323/eClogoShanghai776x328EN-527.png","SHENZHEN VILITY AUTOMATIC MACHINERY CO.,LTD","China","N3.336","https://onlinecatalogue.electronicachina.com.cn/journal/exhibitor/3060","","","","","","","","","","","","","","","",""
"https://onlinecatalogue.electronicachina.com.cn/Public/Uploads/useimg/20260605/woshangcheng01.png","Shenzhen Wachang Technology  CO.,LTD","China","W5.168","https://onlinecatalogue.electronicachina.com.cn/journal/exhibitor/3574","Semiconductors","Connectors, Switches, Casing technology, Wire Harness, etc","Industrial Electronics / Industrial Control","Communication System","Consumer Electronics","Computers & Peripherals","Automotive Electronics and EV","Medical Technology","Electricity and New Energy","Internet of Things (loT)","Aviation & Space Technology","Military Electronics","Rail Transit","Security & protection system","Household appliances",""
"https://onlinecatalogue.electronicachina.com.cn/Public/Uploads/uploadfile/images/20260323/eClogoShanghai776x328EN-527.png","Shenzhen Wanlianxin Technology Co.,Ltd","China","N2.641","https://onlinecatalogue.electronicachina.com.cn/journal/exhibitor/2880","","","","","","","","","","","","","","","",""
"https://onlinecatalogue.electronicachina.com.cn/Public/Uploads/useimg/20250205/logodaizi111.png","Shenzhen Wave Electronic Technology Co.,Ltd","China","N3.800","https://onlinecatalogue.electronicachina.com.cn/journal/exhibitor/2094","Semiconductors","Information gathering and services","Industrial Electronics / Industrial Control","Communication System","Consumer Electronics","Computers & Peripherals","Automotive Electronics and EV","Medical Technology","Electricity and New Energy","Internet of Things (loT)","Aviation & Space Technology","Mechanical Engineering","Rail Transit","Security & protection system","Lighting engineering","Intelligent building"
"https://onlinecatalogue.electronicachina.com.cn/Public/Uploads/useimg/20250409/mmexport1744164593855.png","SHENZHEN WEHEN AUTOMATIC EQUIPMENT CO.,LTD","China","N2.359","https://onlinecatalogue.electronicachina.com.cn/journal/exhibitor/1145","Semiconductors","Information gathering and services","Communication System","Consumer Electronics","Automotive Electronics and EV","Electricity and New Energy","Aviation & Space Technology","Military Electronics","Lighting engineering","Household appliances","","","","","",""
"https://onlinecatalogue.electronicachina.com.cn/Public/Uploads/useimg/20260521/weixintupian20260518114338308149.png","Shenzhen Weichat Technology Co., Ltd.","China","W3.345","https://onlinecatalogue.electronicachina.com.cn/journal/exhibitor/2267","Connectors, Switches, Casing technology, Wire Harness, etc","Industrial Electronics / Industrial Control","Communication System","Computers & Peripherals","Automotive Electronics and EV","Medical Technology","Electricity and New Energy","Artificial Intelligence","Data Center / Cloud Computing","Aviation & Space Technology","Military Electronics","Mechanical Engineering","Rail Transit","Lighting engineering","Household appliances",""
"https://onlinecatalogue.electronicachina.com.cn/Public/Uploads/useimg/20250401/weixintupian20250401125622.png","SHENZHEN WEIDY INDUSTRIAL DEVELOPMENT CO.,LTD.","China","N1.557","https://onlinecatalogue.electronicachina.com.cn/journal/exhibitor/856","Passive components (capacitors, resistors, inductors, etc.) and Relays","Industrial Electronics / Industrial Control","Communication System","Consumer Electronics","Automotive Electronics and EV","Electricity and New Energy","Internet of Things (loT)","Mechanical Engineering","Rail Transit","Security & protection system","Lighting engineering","Household appliances","","","",""
"https://onlinecatalogue.electronicachina.com.cn/Public/Uploads/uploadfile/images/20260323/eClogoShanghai776x328EN-527.png","Shenzhen Weitaixu Capacitor Co., Ltd","China","N2.121","https://onlinecatalogue.electronicachina.com.cn/journal/exhibitor/857","","","","","","","","","","","","","","","",""
"https://onlinecatalogue.electronicachina.com.cn/Public/Uploads/useimg/20250227/wenzhoukeji.jpg","Shenzhen Wenzhou Technology Co.,Ltd","China","W5.256","https://onlinecatalogue.electronicachina.com.cn/journal/exhibitor/2047","Semiconductors","Industrial Electronics / Industrial Control","Communication System","Consumer Electronics","Automotive Electronics and EV","Medical Technology","Electricity and New Energy","","","","","","","","",""
"https://onlinecatalogue.electronicachina.com.cn/Public/Uploads/uploadfile/images/20260323/eClogoShanghai776x328EN-527.png","Shenzhen Winchen Power Technology Co.,Ltd","China","W5.849","https://onlinecatalogue.electronicachina.com.cn/journal/exhibitor/3588","","","","","","","","","","","","","","","",""
"https://onlinecatalogue.electronicachina.com.cn/Public/Uploads/uploadfile/images/20260323/eClogoShanghai776x328EN-527.png","ShenZhen Wingrand Technology Co.,LTD","China","W5.155","https://onlinecatalogue.electronicachina.com.cn/journal/exhibitor/3216","","","","","","","","","","","","","","","",""
"https://onlinecatalogue.electronicachina.com.cn/Public/Uploads/useimg/20250304/tupian1.png","Shenzhen Wondhope Electric Co.,Ltd","China","N2.850","https://onlinecatalogue.electronicachina.com.cn/journal/exhibitor/1038","Passive components (capacitors, resistors, inductors, etc.) and Relays","Industrial Electronics / Industrial Control","Consumer Electronics","Computers & Peripherals","Automotive Electronics and EV","Medical Technology","Security & protection system","Lighting engineering","Intelligent building","Household appliances","Mobile phone","","","","",""
"https://onlinecatalogue.electronicachina.com.cn/Public/Uploads/useimg/20250308/LOGO44.jpg","SHENZHEN XHTS ELECTRONIC CO., LTD.","China","N2.115","https://onlinecatalogue.electronicachina.com.cn/journal/exhibitor/1039","Passive components (capacitors, resistors, inductors, etc.) and Relays","Power supplies","Automotive and testing","Industrial Electronics / Industrial Control","Communication System","Consumer Electronics","Computers & Peripherals","Automotive Electronics and EV","Medical Technology","Electricity and New Energy","Internet of Things (loT)","Mechanical Engineering","Rail Transit","Security & protection system","Lighting engineering","Household appliances"
"https://onlinecatalogue.electronicachina.com.cn/Public/Uploads/useimg/20250407/gongsilogo.jpg","Shenzhen XiaoCi Technology Co.,Ltd.","China","N3.218","https://onlinecatalogue.electronicachina.com.cn/journal/exhibitor/1945","Semiconductors","Sensor technology","Connectors, Switches, Casing technology, Wire Harness, etc","PCBs, other circuit carrier","Automotive and testing","Information gathering and services","Industrial Electronics / Industrial Control","Communication System","Consumer Electronics","Automotive Electronics and EV","Medical Technology","Electricity and New Energy","Internet of Things (loT)","Aviation & Space Technology","Military Electronics","Mechanical Engineering"
"https://onlinecatalogue.electronicachina.com.cn/Public/Uploads/useimg/20250407/xinbolelogotoumingban.png","Shenzhen Xinbole Electronics Co.,Ltd","China","N4.637","https://onlinecatalogue.electronicachina.com.cn/journal/exhibitor/1387","Semiconductors","Power supplies","Industrial Electronics / Industrial Control","Communication System","Consumer Electronics","Automotive Electronics and EV","Medical Technology","Internet of Things (loT)","Rail Transit","Security & protection system","Intelligent building","Household appliances","","","",""
"https://onlinecatalogue.electronicachina.com.cn/Public/Uploads/uploadfile/images/20260323/eClogoShanghai776x328EN-527.png","Shenzhen Xindianjin Optpelectronic Technology Co.,Ltd.","China","N3.606","https://onlinecatalogue.electronicachina.com.cn/journal/exhibitor/3362","","","","","","","","","","","","","","","",""
"https://onlinecatalogue.electronicachina.com.cn/Public/Uploads/useimg/20260518/LG-147.png","Shenzhen xingdacheng Electronics Co., Ltd.","China","W5.668","https://onlinecatalogue.electronicachina.com.cn/journal/exhibitor/3352","Electronic Design (ED/EDA)","Passive components (capacitors, resistors, inductors, etc.) and Relays","Connectors, Switches, Casing technology, Wire Harness, etc","Electronic Manufacturing Services (EMS)","Electronic materials","Assemblies and subsystems","Communication System","Consumer Electronics","Automotive Electronics and EV","Lighting engineering","Household appliances","Mobile phone","","","",""
"https://onlinecatalogue.electronicachina.com.cn/Public/Uploads/uploadfile/images/20260323/eClogoShanghai776x328EN-527.png","Shenzhen Xingkaitai Hardware Co.,Ltd","China","W3.576","https://onlinecatalogue.electronicachina.com.cn/journal/exhibitor/3390","","","","","","","","","","","","","","","",""
"https://onlinecatalogue.electronicachina.com.cn/Public/Uploads/uploadfile/images/20260323/eClogoShanghai776x328EN-527.png","SHENZHEN XINGWANLIAN ELECTRONICS CO.,LTD.","China","W1.336","https://onlinecatalogue.electronicachina.com.cn/journal/exhibitor/1599","Information gathering and services","Industrial Electronics / Industrial Control","Consumer Electronics","Computers & Peripherals","Automotive Electronics and EV","Medical Technology","Security & protection system","Household appliances","","","","","","","",""
"https://onlinecatalogue.electronicachina.com.cn/Public/Uploads/useimg/20260511/6b90c047d1b7d9d78430baf5a994efa7.jpg","Shenzhen Xinhuo Future Technology Co., Ltd.","China","N3.777","https://onlinecatalogue.electronicachina.com.cn/journal/exhibitor/2741","Semiconductors","Electronic Design (ED/EDA)","Passive components (capacitors, resistors, inductors, etc.) and Relays","Assemblies and subsystems","Industrial Electronics / Industrial Control","Communication System","Consumer Electronics","Computers & Peripherals","Automotive Electronics and EV","Medical Technology","Artificial Intelligence","Data Center / Cloud Computing","Aviation & Space Technology","Military Electronics","",""
"https://onlinecatalogue.electronicachina.com.cn/Public/Uploads/uploadfile/images/20260323/eClogoShanghai776x328EN-527.png","Shenzhen Xintechnology Electronics Co.,Ltd.","China","N3.300","https://onlinecatalogue.electronicachina.com.cn/journal/exhibitor/3009","","","","","","","","","","","","","","","",""
"https://onlinecatalogue.electronicachina.com.cn/Public/Uploads/useimg/20250312/xinyuanLOGO.png","Shenzhen Xinyuan Electronics Co.,Ltd","China","W5.250","https://onlinecatalogue.electronicachina.com.cn/journal/exhibitor/2046","Semiconductors","Sensor technology","Passive components (capacitors, resistors, inductors, etc.) and Relays","Automotive and testing","Information gathering and services","Industrial Electronics / Industrial Control","Communication System","Consumer Electronics","Computers & Peripherals","Automotive Electronics and EV","Medical Technology","Electricity and New Energy","Internet of Things (loT)","Mechanical Engineering","Rail Transit","Intelligent building"
"https://onlinecatalogue.electronicachina.com.cn/Public/Uploads/useimg/20250329/weixintupianxinzhantongLOGO.jpg","Shenzhen Xinzhantong Electronics Co.,Ltd.","China","N5.652","https://onlinecatalogue.electronicachina.com.cn/journal/exhibitor/1274","Semiconductors","Industrial Electronics / Industrial Control","Communication System","Consumer Electronics","Computers & Peripherals","Automotive Electronics and EV","Medical Technology","Electricity and New Energy","Lighting engineering","Household appliances","","","","","",""
"https://onlinecatalogue.electronicachina.com.cn/Public/Uploads/uploadfile/images/20260323/eClogoShanghai776x328EN-527.png","Shenzhen Xinztion Electronics Co., Ltd.","China","W4.356","https://onlinecatalogue.electronicachina.com.cn/journal/exhibitor/2826","","","","","","","","","","","","","","","",""
"https://onlinecatalogue.electronicachina.com.cn/Public/Uploads/useimg/20250402/gongsilogo-958.jpg","Shenzhen Xunjiexing Technology Corp.Ltd","China","N3.226","https://onlinecatalogue.electronicachina.com.cn/journal/exhibitor/558","PCBs, other circuit carrier","Industrial Electronics / Industrial Control","Communication System","Consumer Electronics","Computers & Peripherals","Automotive Electronics and EV","Medical Technology","Electricity and New Energy","Internet of Things (loT)","Aviation & Space Technology","Mechanical Engineering","Rail Transit","Security & protection system","Intelligent building","",""
"https://onlinecatalogue.electronicachina.com.cn/Public/Uploads/useimg/20260508/XUNUO1.png","Shenzhen Xunuo Technology Co., Ltd.","China","W3.249","https://onlinecatalogue.electronicachina.com.cn/journal/exhibitor/3291","Connectors, Switches, Casing technology, Wire Harness, etc","Industrial Electronics / Industrial Control","Communication System","Artificial Intelligence","Data Center / Cloud Computing","","","","","","","","","","",""
"https://onlinecatalogue.electronicachina.com.cn/Public/Uploads/uploadfile/images/20260323/eClogoShanghai776x328EN-527.png","Shenzhen XY Semiconductor Co.,Ltd","China","N4.669","https://onlinecatalogue.electronicachina.com.cn/journal/exhibitor/3563","","","","","","","","","","","","","","","",""
"https://onlinecatalogue.electronicachina.com.cn/Public/Uploads/useimg/20250213/2YXCyangxingkejilan.png","Shenzhen Yangxing Technology Co.,Ltd","China","N2.535","https://onlinecatalogue.electronicachina.com.cn/journal/exhibitor/1040","Semiconductors","Passive components (capacitors, resistors, inductors, etc.) and Relays","Information gathering and services","Industrial Electronics / Industrial Control","Communication System","Consumer Electronics","Computers & Peripherals","Automotive Electronics and EV","Medical Technology","Electricity and New Energy","Internet of Things (loT)","Lighting engineering","Household appliances","Mobile phone","Others, please indicate",""
"https://onlinecatalogue.electronicachina.com.cn/Public/Uploads/useimg/20250326/500x500.png","Shenzhen YCCFAN Technology Co.,Ltd.","China","W5.357","https://onlinecatalogue.electronicachina.com.cn/journal/exhibitor/1926","Semiconductors","Embedded systems","Displays","Sensor technology","Test and measurement","Passive components (capacitors, resistors, inductors, etc.) and Relays","Connectors, Switches, Casing technology, Wire Harness, etc","Power supplies","PCBs, other circuit carrier","Assemblies and subsystems","Automotive and testing","Wireless","Artificial intelligence technology","Information gathering and services","Other, please indicate","Industrial Electronics / Industrial Control"
"https://onlinecatalogue.electronicachina.com.cn/Public/Uploads/useimg/20250321/2343e80345c5dae3802e4aed1601be4.jpg","Shenzhen Yezhan Electronics Co.,Ltd.","China","N2.112","https://onlinecatalogue.electronicachina.com.cn/journal/exhibitor/858","Passive components (capacitors, resistors, inductors, etc.) and Relays","Information gathering and services","Industrial Electronics / Industrial Control","Communication System","Consumer Electronics","Computers & Peripherals","Automotive Electronics and EV","Medical Technology","Electricity and New Energy","Internet of Things (loT)","Aviation & Space Technology","Mechanical Engineering","Rail Transit","Security & protection system","Lighting engineering","Intelligent building"
"https://onlinecatalogue.electronicachina.com.cn/Public/Uploads/useimg/20250226/YLINKWORLDhuaban1.jpg","Shenzhen Yilian Connection Technology Co.,Ltd.","China","W3.566","https://onlinecatalogue.electronicachina.com.cn/journal/exhibitor/2409","Connectors, Switches, Casing technology, Wire Harness, etc","Industrial Electronics / Industrial Control","Communication System","Computers & Peripherals","Automotive Electronics and EV","Medical Technology","Electricity and New Energy","Aviation & Space Technology","Mechanical Engineering","Rail Transit","Security & protection system","Lighting engineering","Intelligent building","Others, please indicate","",""
"https://onlinecatalogue.electronicachina.com.cn/Public/Uploads/uploadfile/images/20260323/eClogoShanghai776x328EN-527.png","SHENZHEN YING TIAN MECHATRONICS EQUIPMENT CO., LTD.","China","W5.750","https://onlinecatalogue.electronicachina.com.cn/journal/exhibitor/2998","","","","","","","","","","","","","","","",""
"https://onlinecatalogue.electronicachina.com.cn/Public/Uploads/useimg/20250304/YFLOGOSS.jpg","SHENZHEN YINGFA ELECTRONICS CO.,LTD","China","W5.910","https://onlinecatalogue.electronicachina.com.cn/journal/exhibitor/2436","Passive components (capacitors, resistors, inductors, etc.) and Relays","Information gathering and services","Industrial Electronics / Industrial Control","Communication System","Consumer Electronics","Computers & Peripherals","Automotive Electronics and EV","Medical Technology","Electricity and New Energy","Internet of Things (loT)","Mechanical Engineering","Rail Transit","Security & protection system","Lighting engineering","Intelligent building","Household appliances"
"https://onlinecatalogue.electronicachina.com.cn/Public/Uploads/useimg/20260401/1a8622636b75af4c9374dbe09681ce1e.png","Shenzhen Yitaixin Electronics Co.,Ltd.","China","N5.852","https://onlinecatalogue.electronicachina.com.cn/journal/exhibitor/2262","Semiconductors","Sensor technology","Electronic Design (ED/EDA)","Assemblies and subsystems","Wireless","Industrial Electronics / Industrial Control","Communication System","Consumer Electronics","Computers & Peripherals","Automotive Electronics and EV","Medical Technology","Electricity and New Energy","Internet of Things (loT)","Embodied Intelligence","Artificial Intelligence","Data Center / Cloud Computing"
"https://onlinecatalogue.electronicachina.com.cn/Public/Uploads/useimg/20260402/gongsiLOGO.jpg","Shenzhen Yixinying Technology Co.,Ltd.","China","W2.136","https://onlinecatalogue.electronicachina.com.cn/journal/exhibitor/1996","Connectors, Switches, Casing technology, Wire Harness, etc","Industrial Electronics / Industrial Control","Communication System","Consumer Electronics","Computers & Peripherals","Automotive Electronics and EV","Medical Technology","Electricity and New Energy","Artificial Intelligence","Security & protection system","Household appliances","","","","",""
"https://onlinecatalogue.electronicachina.com.cn/Public/Uploads/uploadfile/images/20260323/eClogoShanghai776x328EN-527.png","Shenzhen Yizhuo Electronic Co., Ltd.","China","W4.805","https://onlinecatalogue.electronicachina.com.cn/journal/exhibitor/3308","Semiconductors","Embedded systems","Displays","PCBs, other circuit carrier","Electronic Manufacturing Services (EMS)","Electronic materials","Assemblies and subsystems","Automotive and testing","Information gathering and services","Industrial Electronics / Industrial Control","Communication System","Consumer Electronics","Automotive Electronics and EV","Medical Technology","Internet of Things (loT)","Artificial Intelligence"
"https://onlinecatalogue.electronicachina.com.cn/Public/Uploads/useimg/20250220/logo.png","SHENZHEN YJYCOIN ELECTRONICS CO.,LTD","China","N1.117","https://onlinecatalogue.electronicachina.com.cn/journal/exhibitor/859","Embedded systems","Passive components (capacitors, resistors, inductors, etc.) and Relays","Industrial Electronics / Industrial Control","Communication System","Consumer Electronics","Computers & Peripherals","Automotive Electronics and EV","Medical Technology","Electricity and New Energy","Internet of Things (loT)","Military Electronics","Mechanical Engineering","Rail Transit","Security & protection system","Lighting engineering","Intelligent building"
"https://onlinecatalogue.electronicachina.com.cn/Public/Uploads/useimg/20260206/gongsi1.png","Shenzhen YKO Electronics Co., Ltd","China","W3.153","https://onlinecatalogue.electronicachina.com.cn/journal/exhibitor/3111","Passive components (capacitors, resistors, inductors, etc.) and Relays","Connectors, Switches, Casing technology, Wire Harness, etc","Assemblies and subsystems","Industrial Electronics / Industrial Control","Communication System","Consumer Electronics","Computers & Peripherals","Automotive Electronics and EV","Medical Technology","Electricity and New Energy","Internet of Things (loT)","Embodied Intelligence","Artificial Intelligence","Data Center / Cloud Computing","Aviation & Space Technology","Military Electronics"
"https://onlinecatalogue.electronicachina.com.cn/Public/Uploads/uploadfile/images/20260323/eClogoShanghai776x328EN-527.png","Shenzhen Yong Changtai Electronics Co.,Ltd.","China","W5.651","https://onlinecatalogue.electronicachina.com.cn/journal/exhibitor/2718","","","","","","","","","","","","","","","",""
"https://onlinecatalogue.electronicachina.com.cn/Public/Uploads/useimg/20260521/weixintupian2026052119123539823.png","SHENZHEN YONGYUTAI ELECTRONICS CO.,LTD","China","N3.830","https://onlinecatalogue.electronicachina.com.cn/journal/exhibitor/2878","Semiconductors","Industrial Electronics / Industrial Control","Communication System","Consumer Electronics","Computers & Peripherals","Automotive Electronics and EV","Medical Technology","Electricity and New Energy","Internet of Things (loT)","Embodied Intelligence","Artificial Intelligence","Data Center / Cloud Computing","Aviation & Space Technology","Military Electronics","Mechanical Engineering","Rail Transit"
"https://onlinecatalogue.electronicachina.com.cn/Public/Uploads/useimg/20250210/QQtupian20220621113917.png","Shenzhen Youlian Weiye Technology Co., Ltd","China","W5.","https://onlinecatalogue.electronicachina.com.cn/journal/exhibitor/2256","Semiconductors","Industrial Electronics / Industrial Control","Communication System","Consumer Electronics","Computers & Peripherals","Automotive Electronics and EV","Medical Technology","Electricity and New Energy","Internet of Things (loT)","Aviation & Space Technology","Military Electronics","Mechanical Engineering","Rail Transit","Security & protection system","Lighting engineering","Intelligent building"
"https://onlinecatalogue.electronicachina.com.cn/Public/Uploads/useimg/20250410/e6d3bfea5902219b9e9d081fe5ba28b-598.jpg","Shenzhen zeasset electronic technology Co.,Ltd.","China","N1.573","https://onlinecatalogue.electronicachina.com.cn/journal/exhibitor/860","Passive components (capacitors, resistors, inductors, etc.) and Relays","Industrial Electronics / Industrial Control","Communication System","Consumer Electronics","Automotive Electronics and EV","Medical Technology","Electricity and New Energy","Aviation & Space Technology","Rail Transit","Intelligent building","Household appliances","","","","",""
"https://onlinecatalogue.electronicachina.com.cn/Public/Uploads/useimg/20250125/107.jpg","Shenzhen Zhengdasheng Chemical Co., Ltd.","China","N3.323","https://onlinecatalogue.electronicachina.com.cn/journal/exhibitor/1946","Other, please indicate","Industrial Electronics / Industrial Control","Communication System","Consumer Electronics","Automotive Electronics and EV","Electricity and New Energy","Aviation & Space Technology","Mechanical Engineering","Lighting engineering","Household appliances","Mobile phone","","","","",""
"https://onlinecatalogue.electronicachina.com.cn/Public/Uploads/uploadfile/images/20260323/eClogoShanghai776x328EN-527.png","Shenzhen Zhenhua Fu Electronics Co., Ltd.","China","N2.770","https://onlinecatalogue.electronicachina.com.cn/journal/exhibitor/3091","","","","","","","","","","","","","","","",""
"https://onlinecatalogue.electronicachina.com.cn/Public/Uploads/uploadfile/images/20260323/eClogoShanghai776x328EN-527.png","Shenzhen Zhenhua Microelectronics Co.,Ltd","China","N2.672","https://onlinecatalogue.electronicachina.com.cn/journal/exhibitor/2773","","","","","","","","","","","","","","","",""
"https://onlinecatalogue.electronicachina.com.cn/Public/Uploads/useimg/20250221/baidilogoModel2M.jpg","ShenZhen ZhiYong Electronics Co.,Ltd.","China","W5.341","https://onlinecatalogue.electronicachina.com.cn/journal/exhibitor/1146","Sensor technology","Test and measurement","Automotive Electronics and EV","Electricity and New Energy","Lighting engineering","Intelligent building","Household appliances","","","","","","","","",""
"https://onlinecatalogue.electronicachina.com.cn/Public/Uploads/uploadfile/images/20260323/eClogoShanghai776x328EN-527.png","Shenzhen Zhongke Xingda Technology Co;Ltd.","China","W4.258","https://onlinecatalogue.electronicachina.com.cn/journal/exhibitor/2708","","","","","","","","","","","","","","","",""
"https://onlinecatalogue.electronicachina.com.cn/Public/Uploads/useimg/20260508/12512030ZZ3D8-217.png","Shenzhen Zhongxiang Electronic Technology Co., Ltd.","China","W4.582","https://onlinecatalogue.electronicachina.com.cn/journal/exhibitor/3029","Connectors, Switches, Casing technology, Wire Harness, etc","Industrial Electronics / Industrial Control","Automotive Electronics and EV","Medical Technology","Electricity and New Energy","Embodied Intelligence","Data Center / Cloud Computing","Aviation & Space Technology","Military Electronics","","","","","","",""
"https://onlinecatalogue.electronicachina.com.cn/Public/Uploads/uploadfile/images/20260323/eClogoShanghai776x328EN-527.png","Shenzhen Zhongxinchuang Technology Co., Ltd.","China","W5.248","https://onlinecatalogue.electronicachina.com.cn/journal/exhibitor/2731","","","","","","","","","","","","","","","",""
"https://onlinecatalogue.electronicachina.com.cn/Public/Uploads/useimg/20250317/zhongzhengyiqiLOGO.png","Shenzhen Zhongzheng Instrument Co., Ltd","China","W5.862","https://onlinecatalogue.electronicachina.com.cn/journal/exhibitor/2343","Semiconductors","Embedded systems","Micronano-systems (MEMS, etc.)","Sensor technology","Test and measurement","Passive components (capacitors, resistors, inductors, etc.) and Relays","Connectors, Switches, Casing technology, Wire Harness, etc","Assemblies and subsystems","Automotive and testing","Information gathering and services","Industrial Electronics / Industrial Control","Communication System","Consumer Electronics","Computers & Peripherals","Automotive Electronics and EV","Medical Technology"
"https://onlinecatalogue.electronicachina.com.cn/Public/Uploads/useimg/20260408/zijinnian1huaban1-485.jpg","Shenzhen ZiJinNian Technology Co.,Ltd","China","W5.215","https://onlinecatalogue.electronicachina.com.cn/journal/exhibitor/1041","Semiconductors","Passive components (capacitors, resistors, inductors, etc.) and Relays","Industrial Electronics / Industrial Control","Communication System","Consumer Electronics","Computers & Peripherals","Automotive Electronics and EV","Medical Technology","Electricity and New Energy","Internet of Things (loT)","Artificial Intelligence","Aviation & Space Technology","Military Electronics","Security & protection system","Lighting engineering","Household appliances"
"https://onlinecatalogue.electronicachina.com.cn/Public/Uploads/useimg/20250412/zhenmaojialogoyuanse.png","SHENZHEN ZMJ SEMICONDUCTORS CO.,LTD","China","N4.806","https://onlinecatalogue.electronicachina.com.cn/journal/exhibitor/1389","Semiconductors","Industrial Electronics / Industrial Control","Communication System","Consumer Electronics","Computers & Peripherals","Automotive Electronics and EV","Medical Technology","Electricity and New Energy","Internet of Things (loT)","Embodied Intelligence","Artificial Intelligence","Data Center / Cloud Computing","Aviation & Space Technology","Military Electronics","Security & protection system","Household appliances"
"https://onlinecatalogue.electronicachina.com.cn/Public/Uploads/uploadfile/images/20260323/eClogoShanghai776x328EN-527.png","Shenzhen ZMX Technology Co., Ltd.","China","W5.570","https://onlinecatalogue.electronicachina.com.cn/journal/exhibitor/3221","","","","","","","","","","","","","","","",""
"https://onlinecatalogue.electronicachina.com.cn/Public/Uploads/uploadfile/images/20260323/eClogoShanghai776x328EN-527.png","SHENZHENHUAKE SEMICONDUCTOR CO. LTD","China","N5.765","https://onlinecatalogue.electronicachina.com.cn/journal/exhibitor/2916","","","","","","","","","","","","","","","",""
"https://onlinecatalogue.electronicachina.com.cn/Public/Uploads/useimg/20250305/tuopuliankezhongwenzibaidiLogo.jpg","Shenzhen Top-link Technologies Co., Ltd.","China","W2.312","https://onlinecatalogue.electronicachina.com.cn/journal/exhibitor/777","Sensor technology","Electronic Design (ED/EDA)","Assemblies and subsystems","Automotive and testing","Information gathering and services","Industrial Electronics / Industrial Control","Communication System","Consumer Electronics","Computers & Peripherals","Automotive Electronics and EV","Medical Technology","Electricity and New Energy","Internet of Things (loT)","Aviation & Space Technology","Military Electronics","Mechanical Engineering"
"https://onlinecatalogue.electronicachina.com.cn/Public/Uploads/uploadfile/images/20260323/eClogoShanghai776x328EN-527.png","ShinTone","China","W3.633","https://onlinecatalogue.electronicachina.com.cn/journal/exhibitor/2927","","","","","","","","","","","","","","","",""
"https://onlinecatalogue.electronicachina.com.cn/Public/Uploads/uploadfile/images/20260323/eClogoShanghai776x328EN-527.png","Shiyunjia Industrial Corporation Limited","China","W2.352","https://onlinecatalogue.electronicachina.com.cn/journal/exhibitor/1600","Connectors, Switches, Casing technology, Wire Harness, etc","Industrial Electronics / Industrial Control","Communication System","Computers & Peripherals","Automotive Electronics and EV","Medical Technology","Electricity and New Energy","Internet of Things (loT)","Aviation & Space Technology","Mechanical Engineering","Rail Transit","Security & protection system","Lighting engineering","Intelligent building","Household appliances","Mobile phone"
"https://onlinecatalogue.electronicachina.com.cn/Public/Uploads/useimg/20260605/haodalogo-510.png","Shoulder Electronics Co.,Ltd.","China","N1.363","https://onlinecatalogue.electronicachina.com.cn/journal/exhibitor/3143","Passive components (capacitors, resistors, inductors, etc.) and Relays","Consumer Electronics","Automotive Electronics and EV","Internet of Things (loT)","Aviation & Space Technology","Military Electronics","Mobile phone","","","","","","","","",""
"https://onlinecatalogue.electronicachina.com.cn/Public/Uploads/useimg/20250108/logo240120.jpg","Shunde Kesheng Electronic Co., Ltd.","China","N2.663","https://onlinecatalogue.electronicachina.com.cn/journal/exhibitor/1042","Passive components (capacitors, resistors, inductors, etc.) and Relays","Electricity and New Energy","Lighting engineering","Household appliances","","","","","","","","","","","",""
"https://onlinecatalogue.electronicachina.com.cn/Public/Uploads/useimg/20260529/WPStupian.png","SHYINGEL","China","W4.815","https://onlinecatalogue.electronicachina.com.cn/journal/exhibitor/3127","Connectors, Switches, Casing technology, Wire Harness, etc","Industrial Electronics / Industrial Control","Internet of Things (loT)","","","","","","","","","","","","",""
"https://onlinecatalogue.electronicachina.com.cn/Public/Uploads/useimg/20260506/LOGO.png","SiChain Semiconductor (Ningbo) Co., Ltd.","China","N5.653","https://onlinecatalogue.electronicachina.com.cn/journal/exhibitor/1275","Semiconductors","Communication System","Automotive Electronics and EV","Electricity and New Energy","","","","","","","","","","","",""
"https://onlinecatalogue.electronicachina.com.cn/Public/Uploads/uploadfile/images/20260323/eClogoShanghai776x328EN-527.png","Sichuan Fumeida Microelectronics Co.,LTD","China","N3.547","https://onlinecatalogue.electronicachina.com.cn/journal/exhibitor/2924","","","","","","","","","","","","","","","",""
"https://onlinecatalogue.electronicachina.com.cn/Public/Uploads/useimg/20250321/2023.6.png","Sichuan Huiyuan Plastic Optical Fiber Co., LTD","China","W2.356","https://onlinecatalogue.electronicachina.com.cn/journal/exhibitor/1713","Sensor technology","Industrial Electronics / Industrial Control","Communication System","Electricity and New Energy","Aviation & Space Technology","Rail Transit","","","","","","","","","",""
"https://onlinecatalogue.electronicachina.com.cn/Public/Uploads/useimg/20260205/gongsiLOGOchicun120X240-342.jpg","SICHUAN JIEYI ELECTRONICS CO., LTD","China","W3.901","https://onlinecatalogue.electronicachina.com.cn/journal/exhibitor/2785","Connectors, Switches, Casing technology, Wire Harness, etc","Assemblies and subsystems","Automotive and testing","Industrial Electronics / Industrial Control","Computers & Peripherals","Automotive Electronics and EV","Medical Technology","Electricity and New Energy","Aviation & Space Technology","Mechanical Engineering","Security & protection system","Household appliances","","","",""
"https://onlinecatalogue.electronicachina.com.cn/Public/Uploads/useimg/20250224/kepai.png","SICHUAN KEPAI NEW MATERIAL CO.,LTD","China","W2.745","https://onlinecatalogue.electronicachina.com.cn/journal/exhibitor/1601","Semiconductors","Connectors, Switches, Casing technology, Wire Harness, etc","Information gathering and services","Industrial Electronics / Industrial Control","Communication System","Consumer Electronics","Automotive Electronics and EV","Electricity and New Energy","Aviation & Space Technology","Military Electronics","","","","","",""
"https://onlinecatalogue.electronicachina.com.cn/Public/Uploads/useimg/20250408/meixikejiLOGO-805.jpg","SICHUAN MYSI TECHNOLOGY CO.,LTD","China","N4.236","https://onlinecatalogue.electronicachina.com.cn/journal/exhibitor/1843","Semiconductors","Industrial Electronics / Industrial Control","Communication System","Consumer Electronics","Computers & Peripherals","Automotive Electronics and EV","Electricity and New Energy","Internet of Things (loT)","Aviation & Space Technology","Security & protection system","Lighting engineering","Intelligent building","Household appliances","Mobile phone","",""
"https://onlinecatalogue.electronicachina.com.cn/Public/Uploads/useimg/20260604/quxiaonianxianheng-51.png","Sichuan TRX Technology Co.,Ltd.","China","N1.640","https://onlinecatalogue.electronicachina.com.cn/journal/exhibitor/1043","Passive components (capacitors, resistors, inductors, etc.) and Relays","Industrial Electronics / Industrial Control","Consumer Electronics","Automotive Electronics and EV","Medical Technology","Electricity and New Energy","Household appliances","","","","","","","","",""
"https://onlinecatalogue.electronicachina.com.cn/Public/Uploads/useimg/20260331/gongsiLOGOwubaidi.png","Sichuan Xumao Micro Technology Co., Ltd.","China","N4.860","https://onlinecatalogue.electronicachina.com.cn/journal/exhibitor/2702","Semiconductors","Displays","Passive components (capacitors, resistors, inductors, etc.) and Relays","Connectors, Switches, Casing technology, Wire Harness, etc","Power supplies","Electronic materials","Automotive and testing","Artificial intelligence technology","Industrial Electronics / Industrial Control","Communication System","Consumer Electronics","Computers & Peripherals","Security & protection system","Lighting engineering","Intelligent building","Household appliances"
"https://onlinecatalogue.electronicachina.com.cn/Public/Uploads/useimg/20260512/.jpg","Sichuan YinYi Techonology Co., Ltd.","China","W5.150","https://onlinecatalogue.electronicachina.com.cn/journal/exhibitor/3428","Semiconductors","Embedded systems","Electronic Design (ED/EDA)","Electronic Manufacturing Services (EMS)","Assemblies and subsystems","Automotive and testing","Wireless","Artificial intelligence technology","Information gathering and services","Other, please indicate","Industrial Electronics / Industrial Control","Communication System","Consumer Electronics","Computers & Peripherals","Automotive Electronics and EV","Medical Technology"
"https://onlinecatalogue.electronicachina.com.cn/Public/Uploads/useimg/20250303/yongxingmark.jpg","Sichuan Yongxing Electronics Co., Ltd","China","N1.901","https://onlinecatalogue.electronicachina.com.cn/journal/exhibitor/2327","Sensor technology","Passive components (capacitors, resistors, inductors, etc.) and Relays","Industrial Electronics / Industrial Control","Communication System","Consumer Electronics","Automotive Electronics and EV","Medical Technology","Electricity and New Energy","Aviation & Space Technology","Military Electronics","Mechanical Engineering","Rail Transit","Security & protection system","Lighting engineering","Intelligent building","Household appliances"
"https://onlinecatalogue.electronicachina.com.cn/Public/Uploads/useimg/20250206/jietu20250206154437.png","Sichuan Zhongxing Electronic Co., Ltd","China","N2.501","https://onlinecatalogue.electronicachina.com.cn/journal/exhibitor/861","Passive components (capacitors, resistors, inductors, etc.) and Relays","Industrial Electronics / Industrial Control","Communication System","Consumer Electronics","Automotive Electronics and EV","Electricity and New Energy","Mechanical Engineering","Lighting engineering","Household appliances","","","","","","",""
"https://onlinecatalogue.electronicachina.com.cn/Public/Uploads/uploadfile/images/20260323/eClogoShanghai776x328EN-527.png","Siemens Digital Industries Software","China","W4.573","https://onlinecatalogue.electronicachina.com.cn/journal/exhibitor/3607","","","","","","","","","","","","","","","",""
"https://onlinecatalogue.electronicachina.com.cn/Public/Uploads/uploadfile/images/20260323/eClogoShanghai776x328EN-527.png","Siemens Xcelerator","China","W4.573","https://onlinecatalogue.electronicachina.com.cn/journal/exhibitor/3612","","","","","","","","","","","","","","","",""
"https://onlinecatalogue.electronicachina.com.cn/Public/Uploads/useimg/20250319/LOGO.png","SIGLENT Technologies Co., Ltd","China","W5.337","https://onlinecatalogue.electronicachina.com.cn/journal/exhibitor/1147","Test and measurement","Automotive and testing","Communication System","Consumer Electronics","Automotive Electronics and EV","Medical Technology","","","","","","","","","",""
"https://onlinecatalogue.electronicachina.com.cn/Public/Uploads/useimg/20250210/sihuifushiLogo.png","Sihui Fuji Electronics Technology Co., Ltd.","China","W4.609","https://onlinecatalogue.electronicachina.com.cn/journal/exhibitor/1714","PCBs, other circuit carrier","Industrial Electronics / Industrial Control","Communication System","Consumer Electronics","Computers & Peripherals","Automotive Electronics and EV","Medical Technology","Electricity and New Energy","Internet of Things (loT)","Embodied Intelligence","Artificial Intelligence","Data Center / Cloud Computing","Aviation & Space Technology","Military Electronics","Mechanical Engineering","Rail Transit"
"https://onlinecatalogue.electronicachina.com.cn/Public/Uploads/useimg/20260508/sikongLOGO00140cm5cm-221.JPG","Sikong Science Instrument (Shanghai) Co.,Ltd.","China","W5.249","https://onlinecatalogue.electronicachina.com.cn/journal/exhibitor/3344","Semiconductors","Embedded systems","Displays","Micronano-systems (MEMS, etc.)","Sensor technology","Test and measurement","Electronic Design (ED/EDA)","Passive components (capacitors, resistors, inductors, etc.) and Relays","Connectors, Switches, Casing technology, Wire Harness, etc","Power supplies","PCBs, other circuit carrier","Electronic Manufacturing Services (EMS)","Electronic materials","Assemblies and subsystems","Automotive and testing","Artificial intelligence technology"
"https://onlinecatalogue.electronicachina.com.cn/Public/Uploads/useimg/20260509/logo-626.png","Silergy","China","N4.509","https://onlinecatalogue.electronicachina.com.cn/journal/exhibitor/1391","Semiconductors","Industrial Electronics / Industrial Control","Communication System","Consumer Electronics","Computers & Peripherals","Automotive Electronics and EV","Medical Technology","Electricity and New Energy","Internet of Things (loT)","Security & protection system","Lighting engineering","Household appliances","Mobile phone","","",""
"https://onlinecatalogue.electronicachina.com.cn/Public/Uploads/uploadfile/images/20260323/eClogoShanghai776x328EN-527.png","Silicon Content Technology","China","N4.349","https://onlinecatalogue.electronicachina.com.cn/journal/exhibitor/3490","","","","","","","","","","","","","","","",""
"https://onlinecatalogue.electronicachina.com.cn/Public/Uploads/useimg/20260526/weimingming271.jpg","Silicon Innovation Microelectronics Co.,Ltd.","China","N4.743","https://onlinecatalogue.electronicachina.com.cn/journal/exhibitor/3551","Semiconductors","Consumer Electronics","Medical Technology","","","","","","","","","","","","",""
"https://onlinecatalogue.electronicachina.com.cn/Public/Uploads/uploadfile/images/20260323/eClogoShanghai776x328EN-527.png","Silicon-Magic Semiconductor Technology (Hangzhou)  Co.,Ltd.","China","N4.642","https://onlinecatalogue.electronicachina.com.cn/journal/exhibitor/2937","","","","","","","","","","","","","","","",""
"https://onlinecatalogue.electronicachina.com.cn/Public/Uploads/uploadfile/images/20260323/eClogoShanghai776x328EN-527.png","SILINTECH INC.","China","N3.248","https://onlinecatalogue.electronicachina.com.cn/journal/exhibitor/3454","","","","","","","","","","","","","","","",""
"https://onlinecatalogue.electronicachina.com.cn/Public/Uploads/uploadfile/images/20260323/eClogoShanghai776x328EN-527.png","Sillumin Semiconductor Co., Ltd.","China","N4.325","https://onlinecatalogue.electronicachina.com.cn/journal/exhibitor/1392","","","","","","","","","","","","","","","",""
"https://onlinecatalogue.electronicachina.com.cn/Public/Uploads/uploadfile/images/20260323/eClogoShanghai776x328EN-527.png","SINCERITY TECHNOLOGY CO.,LTD.","China","N1.113","https://onlinecatalogue.electronicachina.com.cn/journal/exhibitor/853","","","","","","","","","","","","","","","",""
"https://onlinecatalogue.electronicachina.com.cn/Public/Uploads/uploadfile/images/20260323/eClogoShanghai776x328EN-527.png","Sineyi Electronic Technology Co., Ltd","China","W4.","https://onlinecatalogue.electronicachina.com.cn/journal/exhibitor/2408","","","","","","","","","","","","","","","",""
"https://onlinecatalogue.electronicachina.com.cn/Public/Uploads/uploadfile/images/20260323/eClogoShanghai776x328EN-527.png","Sinno electronics","China","W5.213","https://onlinecatalogue.electronicachina.com.cn/journal/exhibitor/3245","","","","","","","","","","","","","","","",""
"https://onlinecatalogue.electronicachina.com.cn/Public/Uploads/uploadfile/images/20260323/eClogoShanghai776x328EN-527.png","Sino Components Co., Ltd","China","N1.741","https://onlinecatalogue.electronicachina.com.cn/journal/exhibitor/862","Passive components (capacitors, resistors, inductors, etc.) and Relays","Industrial Electronics / Industrial Control","Communication System","Consumer Electronics","Automotive Electronics and EV","Medical Technology","Aviation & Space Technology","Military Electronics","Rail Transit","Mobile phone","","","","","",""
"https://onlinecatalogue.electronicachina.com.cn/Public/Uploads/uploadfile/images/20260323/eClogoShanghai776x328EN-527.png","Sino-Target Precious Metals Material Co., Ltd.","China","N3.760","https://onlinecatalogue.electronicachina.com.cn/journal/exhibitor/3564","","","","","","","","","","","","","","","",""
"https://onlinecatalogue.electronicachina.com.cn/Public/Uploads/useimg/20250407/1744023758198.png","Sinoceram Technology (Zhengzhou) Co.,Ltd.","China","N1.806","https://onlinecatalogue.electronicachina.com.cn/journal/exhibitor/863","Semiconductors","Passive components (capacitors, resistors, inductors, etc.) and Relays","Power supplies","Automotive and testing","Wireless","Information gathering and services","Industrial Electronics / Industrial Control","Automotive Electronics and EV","Medical Technology","Electricity and New Energy","Aviation & Space Technology","Military Electronics","Rail Transit","Lighting engineering","",""
"https://onlinecatalogue.electronicachina.com.cn/Public/Uploads/useimg/20250325/xicikeji.png","Sinomags Technologies Co.,Ltd.","China","N3.301","https://onlinecatalogue.electronicachina.com.cn/journal/exhibitor/1148","Sensor technology","Industrial Electronics / Industrial Control","Communication System","Consumer Electronics","Computers & Peripherals","Automotive Electronics and EV","Medical Technology","Electricity and New Energy","Internet of Things (loT)","Embodied Intelligence","Artificial Intelligence","Data Center / Cloud Computing","Aviation & Space Technology","Military Electronics","Mechanical Engineering","Rail Transit"
"https://onlinecatalogue.electronicachina.com.cn/Public/Uploads/useimg/20260416/WechatIMG1119.jpg","Sirius","China","N5.673","https://onlinecatalogue.electronicachina.com.cn/journal/exhibitor/2658","Semiconductors","Industrial Electronics / Industrial Control","Communication System","Consumer Electronics","Computers & Peripherals","Automotive Electronics and EV","Medical Technology","Electricity and New Energy","Data Center / Cloud Computing","Rail Transit","Security & protection system","","","","",""
"https://onlinecatalogue.electronicachina.com.cn/Public/Uploads/useimg/20260420/weixintupian20260420165506-2.png","SM switch Co.,Ltd.","Korea","W2.760","https://onlinecatalogue.electronicachina.com.cn/journal/exhibitor/2867","Connectors, Switches, Casing technology, Wire Harness, etc","Industrial Electronics / Industrial Control","Communication System","Consumer Electronics","Computers & Peripherals","Automotive Electronics and EV","Medical Technology","Electricity and New Energy","Internet of Things (loT)","Embodied Intelligence","Artificial Intelligence","Data Center / Cloud Computing","Aviation & Space Technology","Military Electronics","Mechanical Engineering","Rail Transit"
"https://onlinecatalogue.electronicachina.com.cn/Public/Uploads/uploadfile/images/20260323/eClogoShanghai776x328EN-527.png","Smartest Technology(Shanghai) Co., Limited.","China","W5.659","https://onlinecatalogue.electronicachina.com.cn/journal/exhibitor/2162","","","","","","","","","","","","","","","",""
"https://onlinecatalogue.electronicachina.com.cn/Public/Uploads/useimg/20250226/siteweilogo.png","SmartSens","China","N4.513","https://onlinecatalogue.electronicachina.com.cn/journal/exhibitor/1393","Semiconductors","Sensor technology","Industrial Electronics / Industrial Control","Consumer Electronics","Computers & Peripherals","Automotive Electronics and EV","Internet of Things (loT)","Security & protection system","Household appliances","Mobile phone","","","","","",""
"https://onlinecatalogue.electronicachina.com.cn/Public/Uploads/useimg/20260513/Logo-733.jpg","SMC","America","N5.671","https://onlinecatalogue.electronicachina.com.cn/journal/exhibitor/3187","Semiconductors","Industrial Electronics / Industrial Control","Communication System","Consumer Electronics","Automotive Electronics and EV","Medical Technology","Electricity and New Energy","Data Center / Cloud Computing","Aviation & Space Technology","Mechanical Engineering","Rail Transit","Lighting engineering","Household appliances","Others, please indicate","",""
"https://onlinecatalogue.electronicachina.com.cn/Public/Uploads/uploadfile/images/20260323/eClogoShanghai776x328EN-527.png","SMILER ELECTRONIC INDUSTRIAL CO., LTD.","China","N1.909","https://onlinecatalogue.electronicachina.com.cn/journal/exhibitor/3552","","","","","","","","","","","","","","","",""
"https://onlinecatalogue.electronicachina.com.cn/Public/Uploads/useimg/20250222/tupian1.png","SML ELECTRONIC CO.，LTD","China","W5.761","https://onlinecatalogue.electronicachina.com.cn/journal/exhibitor/1758","Test and measurement","Passive components (capacitors, resistors, inductors, etc.) and Relays","Power supplies","Assemblies and subsystems","Automotive and testing","Wireless","Information gathering and services","Industrial Electronics / Industrial Control","Communication System","Consumer Electronics","Automotive Electronics and EV","Medical Technology","Electricity and New Energy","Aviation & Space Technology","Military Electronics","Mechanical Engineering"
"https://onlinecatalogue.electronicachina.com.cn/Public/Uploads/useimg/20260422/tupian1-184.png","SOEM Semiconductor Equipment Technology Co., Ltd","China","N2.773","https://onlinecatalogue.electronicachina.com.cn/journal/exhibitor/2889","Semiconductors","Test and measurement","Industrial Electronics / Industrial Control","Consumer Electronics","Military Electronics","Others, please indicate","","","","","","","","","",""
"https://onlinecatalogue.electronicachina.com.cn/Public/Uploads/useimg/20260515/shangbiao.jpg","SOLA IC DESIGN HOUSE","China","N3.810","https://onlinecatalogue.electronicachina.com.cn/journal/exhibitor/3150","Semiconductors","Consumer Electronics","Automotive Electronics and EV","Security & protection system","Lighting engineering","Household appliances","","","","","","","","","",""
"https://onlinecatalogue.electronicachina.com.cn/Public/Uploads/useimg/20250401/LOGObaidizhongyingwen.jpg","Solner YFung New Material Co., Ltd","China","W4.807","https://onlinecatalogue.electronicachina.com.cn/journal/exhibitor/2270","Electronic materials","Other, please indicate","Industrial Electronics / Industrial Control","Communication System","Consumer Electronics","Computers & Peripherals","Automotive Electronics and EV","Medical Technology","Electricity and New Energy","Internet of Things (loT)","Embodied Intelligence","Artificial Intelligence","Aviation & Space Technology","Military Electronics","Mechanical Engineering","Rail Transit"
"https://onlinecatalogue.electronicachina.com.cn/Public/Uploads/uploadfile/images/20260323/eClogoShanghai776x328EN-527.png","Solstice","America","N3.609","https://onlinecatalogue.electronicachina.com.cn/journal/exhibitor/3443","","","","","","","","","","","","","","","",""
"https://onlinecatalogue.electronicachina.com.cn/Public/Uploads/uploadfile/images/20260323/eClogoShanghai776x328EN-527.png","SONGHUI","China","W4.155","https://onlinecatalogue.electronicachina.com.cn/journal/exhibitor/3570","","","","","","","","","","","","","","","",""
"https://onlinecatalogue.electronicachina.com.cn/Public/Uploads/uploadfile/images/20260323/eClogoShanghai776x328EN-527.png","Songtian Electronics Co., LTD","China","N2.330","https://onlinecatalogue.electronicachina.com.cn/journal/exhibitor/2904","","","","","","","","","","","","","","","",""
"https://onlinecatalogue.electronicachina.com.cn/Public/Uploads/useimg/20260522/e7550a1fb29fcf0cde2a857121fb8780.png","Soundwell Electronic Products Guangdong Co., Ltd","China","W3.915","https://onlinecatalogue.electronicachina.com.cn/journal/exhibitor/1715","Sensor technology","Passive components (capacitors, resistors, inductors, etc.) and Relays","Connectors, Switches, Casing technology, Wire Harness, etc","Assemblies and subsystems","Industrial Electronics / Industrial Control","Communication System","Consumer Electronics","Computers & Peripherals","Automotive Electronics and EV","Medical Technology","Internet of Things (loT)","Embodied Intelligence","Artificial Intelligence","Mechanical Engineering","Rail Transit","Security & protection system"
"https://onlinecatalogue.electronicachina.com.cn/Public/Uploads/uploadfile/images/20260323/eClogoShanghai776x328EN-527.png","Spintrol Electronic Technology  (Shanghai) Co., Ltd.","China","N3.601","https://onlinecatalogue.electronicachina.com.cn/journal/exhibitor/3137","","","","","","","","","","","","","","","",""
"https://onlinecatalogue.electronicachina.com.cn/Public/Uploads/useimg/20260413/StandexDETECTLogoRGB-46.png","Standex-Meder Electronics (Shanghai) Co.,Ltd.","America","N3.505","https://onlinecatalogue.electronicachina.com.cn/journal/exhibitor/1150","Sensor technology","Passive components (capacitors, resistors, inductors, etc.) and Relays","Information gathering and services","Industrial Electronics / Industrial Control","Communication System","Consumer Electronics","Automotive Electronics and EV","Medical Technology","Electricity and New Energy","Internet of Things (loT)","Aviation & Space Technology","Mechanical Engineering","Security & protection system","Intelligent building","Household appliances",""
"https://onlinecatalogue.electronicachina.com.cn/Public/Uploads/useimg/20250220/1.png","STARION (H.Z) ELECTRONICS CO.,LTD.","Korea","W4.260","https://onlinecatalogue.electronicachina.com.cn/journal/exhibitor/2128","Connectors, Switches, Casing technology, Wire Harness, etc","Industrial Electronics / Industrial Control","Consumer Electronics","Automotive Electronics and EV","Electricity and New Energy","Mechanical Engineering","Security & protection system","Intelligent building","Household appliances","Others, please indicate","","","","","",""
"https://onlinecatalogue.electronicachina.com.cn/Public/Uploads/useimg/20250327/qianxinshangbiao2-142.png","STARRYSTONETECH","China","N4.568","https://onlinecatalogue.electronicachina.com.cn/journal/exhibitor/2264","Semiconductors","Embedded systems","Industrial Electronics / Industrial Control","Automotive Electronics and EV","Electricity and New Energy","Household appliances","","","","","","","","","",""
"https://onlinecatalogue.electronicachina.com.cn/Public/Uploads/useimg/20260520/L101aSTAUBLILogocolRGBA4online.jpg","Stäubli","Switzerland","W2.525","https://onlinecatalogue.electronicachina.com.cn/journal/exhibitor/3151","Connectors, Switches, Casing technology, Wire Harness, etc","Automotive Electronics and EV","","","","","","","","","","","","","",""
"https://onlinecatalogue.electronicachina.com.cn/Public/Uploads/uploadfile/images/20260323/eClogoShanghai776x328EN-527.png","Stedyne Technology Co., Ltd","China","W3.555","https://onlinecatalogue.electronicachina.com.cn/journal/exhibitor/2912","","","","","","","","","","","","","","","",""
"https://onlinecatalogue.electronicachina.com.cn/Public/Uploads/useimg/20250311/gongsiLOGE.png","STPETE ELECTRONICS","China","W3.728","https://onlinecatalogue.electronicachina.com.cn/journal/exhibitor/1716","Connectors, Switches, Casing technology, Wire Harness, etc","Other, please indicate","Industrial Electronics / Industrial Control","Communication System","Automotive Electronics and EV","Household appliances","Mobile phone","","","","","","","","",""
"https://onlinecatalogue.electronicachina.com.cn/Public/Uploads/useimg/20260205/sichuangdianqiyouxiangongsilogo.jpg","STRONG","China","N2.763","https://onlinecatalogue.electronicachina.com.cn/journal/exhibitor/3222","Passive components (capacitors, resistors, inductors, etc.) and Relays","Industrial Electronics / Industrial Control","Consumer Electronics","Automotive Electronics and EV","Medical Technology","Electricity and New Energy","Data Center / Cloud Computing","Aviation & Space Technology","Military Electronics","Mechanical Engineering","Rail Transit","","","","",""
"https://onlinecatalogue.electronicachina.com.cn/Public/Uploads/useimg/20250117/ziyuan1300.png","Sun&Lynn Circuits Co.,Ltd","China","N3.512","https://onlinecatalogue.electronicachina.com.cn/journal/exhibitor/1151","PCBs, other circuit carrier","Industrial Electronics / Industrial Control","Communication System","Consumer Electronics","Computers & Peripherals","Automotive Electronics and EV","Medical Technology","Electricity and New Energy","Internet of Things (loT)","Aviation & Space Technology","Military Electronics","Rail Transit","Security & protection system","Intelligent building","Household appliances","Mobile phone"
"https://onlinecatalogue.electronicachina.com.cn/Public/Uploads/useimg/20260519/logo001.png","SUNCALL(Guangzhou)Trading Co.,Ltd.","Japan","N2.267","https://onlinecatalogue.electronicachina.com.cn/journal/exhibitor/3097","Sensor technology","Passive components (capacitors, resistors, inductors, etc.) and Relays","Automotive Electronics and EV","Electricity and New Energy","Data Center / Cloud Computing","","","","","","","","","","",""
"https://onlinecatalogue.electronicachina.com.cn/Public/Uploads/useimg/20260402/-435.png","Sungmun Electronics Co.,Ltd.","Korea","W2.749","https://onlinecatalogue.electronicachina.com.cn/journal/exhibitor/3035","Connectors, Switches, Casing technology, Wire Harness, etc","Industrial Electronics / Industrial Control","Communication System","Consumer Electronics","Electricity and New Energy","Mechanical Engineering","Rail Transit","Security & protection system","Intelligent building","","","","","","",""
"https://onlinecatalogue.electronicachina.com.cn/Public/Uploads/useimg/20250312/sunnetlogotoumingpng.png","SUNNET(SHENZHEN)TECHNOLOGY CO.,LTD.","China","W1.545","https://onlinecatalogue.electronicachina.com.cn/journal/exhibitor/1502","Automotive and testing","Automotive Electronics and EV","","","","","","","","","","","","","",""
"https://onlinecatalogue.electronicachina.com.cn/Public/Uploads/uploadfile/images/20260323/eClogoShanghai776x328EN-527.png","Suny Technologies Co., Ltd.","China","N3.771","https://onlinecatalogue.electronicachina.com.cn/journal/exhibitor/2756","","","","","","","","","","","","","","","",""
"https://onlinecatalogue.electronicachina.com.cn/Public/Uploads/useimg/20250220/SFChinalogoblackshort.png","Supplyframe","China","N2.600","https://onlinecatalogue.electronicachina.com.cn/journal/exhibitor/1045","Semiconductors","Other, please indicate","Industrial Electronics / Industrial Control","Communication System","Consumer Electronics","Automotive Electronics and EV","Medical Technology","","","","","","","","",""
"https://onlinecatalogue.electronicachina.com.cn/Public/Uploads/useimg/20250320/weibiaoti2-668.jpg","SUSUMU INTERNATIONAL TRADING(SHANGHAI)CO.,LTD.","Japan","N1.612","https://onlinecatalogue.electronicachina.com.cn/journal/exhibitor/866","Passive components (capacitors, resistors, inductors, etc.) and Relays","Industrial Electronics / Industrial Control","Communication System","Consumer Electronics","Computers & Peripherals","Internet of Things (loT)","Aviation & Space Technology","Military Electronics","Mechanical Engineering","Rail Transit","Security & protection system","Lighting engineering","Intelligent building","Household appliances","Mobile phone","Others, please indicate"
"https://onlinecatalogue.electronicachina.com.cn/Public/Uploads/useimg/20250118/weibiaoti1.jpg","Suzhou 3ctest Electronic Co.,Ltd.","China","W5.333","https://onlinecatalogue.electronicachina.com.cn/journal/exhibitor/1152","Test and measurement","Industrial Electronics / Industrial Control","Communication System","Consumer Electronics","Computers & Peripherals","Automotive Electronics and EV","Medical Technology","Electricity and New Energy","Internet of Things (loT)","Aviation & Space Technology","Military Electronics","Mechanical Engineering","Rail Transit","Security & protection system","Lighting engineering","Intelligent building"
"https://onlinecatalogue.electronicachina.com.cn/Public/Uploads/useimg/20260307/gongsiLOGO.png","SUZHOU AKING ELECTRONIC TECHNOLOGY CO., LTD","China","W5.130","https://onlinecatalogue.electronicachina.com.cn/journal/exhibitor/2851","Artificial intelligence technology","Information gathering and services","Other, please indicate","Industrial Electronics / Industrial Control","Communication System","Consumer Electronics","Computers & Peripherals","Automotive Electronics and EV","Medical Technology","Electricity and New Energy","Internet of Things (loT)","Artificial Intelligence","Data Center / Cloud Computing","Aviation & Space Technology","Military Electronics","Mechanical Engineering"
"https://onlinecatalogue.electronicachina.com.cn/Public/Uploads/useimg/20250224/gongsiLOGO.jpg","Suzhou Ambition Microelectronics Technology Co.,Ltd","China","N4.123","https://onlinecatalogue.electronicachina.com.cn/journal/exhibitor/1851","Semiconductors","Sensor technology","Industrial Electronics / Industrial Control","Consumer Electronics","Computers & Peripherals","Automotive Electronics and EV","Embodied Intelligence","Aviation & Space Technology","Military Electronics","","","","","","",""
"https://onlinecatalogue.electronicachina.com.cn/Public/Uploads/useimg/20260519/suzhouzhenglongLOGO-476.png","Suzhou City Zhenglong Electronics Co., Ltd.","China","W5.837","https://onlinecatalogue.electronicachina.com.cn/journal/exhibitor/3441","Semiconductors","Passive components (capacitors, resistors, inductors, etc.) and Relays","Power supplies","Electronic materials","Consumer Electronics","Automotive Electronics and EV","Mechanical Engineering","Household appliances","Others, please indicate","","","","","","",""
"https://onlinecatalogue.electronicachina.com.cn/Public/Uploads/useimg/20250313/02lingxingconvertshangbiaohong.png","Suzhou Convert SemiConductor Co.,Ltd.","China","N4.645","https://onlinecatalogue.electronicachina.com.cn/journal/exhibitor/1394","Semiconductors","Industrial Electronics / Industrial Control","Communication System","Consumer Electronics","Computers & Peripherals","Automotive Electronics and EV","Medical Technology","Electricity and New Energy","Internet of Things (loT)","Aviation & Space Technology","Mechanical Engineering","Rail Transit","Security & protection system","Lighting engineering","Intelligent building","Household appliances"
"https://onlinecatalogue.electronicachina.com.cn/Public/Uploads/useimg/20250228/huabishiyanshizongtiLOGO.jpg","SUZHOU FALAB TEST TECHNOLOGY CO.,LTD","China","W3.742","https://onlinecatalogue.electronicachina.com.cn/journal/exhibitor/2275","Connectors, Switches, Casing technology, Wire Harness, etc","Automotive and testing","Automotive Electronics and EV","","","","","","","","","","","","",""
"https://onlinecatalogue.electronicachina.com.cn/Public/Uploads/useimg/20250312/LOGO.png","SUZHOU GEM OPTO-ELECTRONICS TERMINAL CO.,LTD.","China","W1.537","https://onlinecatalogue.electronicachina.com.cn/journal/exhibitor/1503","Power supplies","Other, please indicate","Consumer Electronics","Computers & Peripherals","Automotive Electronics and EV","Medical Technology","Electricity and New Energy","Household appliances","Others, please indicate","","","","","","",""
"https://onlinecatalogue.electronicachina.com.cn/Public/Uploads/uploadfile/images/20260323/eClogoShanghai776x328EN-527.png","SUZHOU HAIYOUWEI PRECISION HARDWARE","China","W4.136","https://onlinecatalogue.electronicachina.com.cn/journal/exhibitor/3410","","","","","","","","","","","","","","","",""
"https://onlinecatalogue.electronicachina.com.cn/Public/Uploads/useimg/20250225/HCIlogocube256.JPG","Suzhou Hangjing Elec&Tech Co., Ltd","China","N5.729","https://onlinecatalogue.electronicachina.com.cn/journal/exhibitor/2082","Passive components (capacitors, resistors, inductors, etc.) and Relays","PCBs, other circuit carrier","Information gathering and services","Industrial Electronics / Industrial Control","Communication System","Consumer Electronics","Computers & Peripherals","Automotive Electronics and EV","Medical Technology","Electricity and New Energy","Internet of Things (loT)","Aviation & Space Technology","Military Electronics","Rail Transit","Security & protection system","Intelligent building"
"https://onlinecatalogue.electronicachina.com.cn/Public/Uploads/useimg/20250320/00.1.jpg","Suzhou Hitpoint Overseas Co., Ltd.","China","N1.766","https://onlinecatalogue.electronicachina.com.cn/journal/exhibitor/1769","Sensor technology","Passive components (capacitors, resistors, inductors, etc.) and Relays","Assemblies and subsystems","Automotive and testing","Information gathering and services","Industrial Electronics / Industrial Control","Communication System","Consumer Electronics","Computers & Peripherals","Automotive Electronics and EV","Medical Technology","Electricity and New Energy","Internet of Things (loT)","Aviation & Space Technology","Military Electronics","Mechanical Engineering"
"https://onlinecatalogue.electronicachina.com.cn/Public/Uploads/uploadfile/images/20260323/eClogoShanghai776x328EN-527.png","SUZHOU HIWA ELECTRONIC TECHNOLOGY CO., LTD","China","W1.341","https://onlinecatalogue.electronicachina.com.cn/journal/exhibitor/1603","","","","","","","","","","","","","","","",""
"https://onlinecatalogue.electronicachina.com.cn/Public/Uploads/useimg/20250226/b9c472f46f38d5d55d5c59a2740f784.jpg","Suzhou Huapeng Heat-Shrinkable Materials Co., Ltd.","China","W1.553","https://onlinecatalogue.electronicachina.com.cn/journal/exhibitor/1504","Sensor technology","Connectors, Switches, Casing technology, Wire Harness, etc","Automotive Electronics and EV","Medical Technology","Electricity and New Energy","","","","","","","","","","",""
"https://onlinecatalogue.electronicachina.com.cn/Public/Uploads/uploadfile/images/20260323/eClogoShanghai776x328EN-527.png","Suzhou IE-TECH Co., Ltd.","China","W4.831","https://onlinecatalogue.electronicachina.com.cn/journal/exhibitor/2129","","","","","","","","","","","","","","","",""
"https://onlinecatalogue.electronicachina.com.cn/Public/Uploads/uploadfile/images/20260323/eClogoShanghai776x328EN-527.png","Suzhou IEWC LTD","China","W1.801","https://onlinecatalogue.electronicachina.com.cn/journal/exhibitor/1604","Semiconductors","Displays","Sensor technology","Connectors, Switches, Casing technology, Wire Harness, etc","Power supplies","PCBs, other circuit carrier","Assemblies and subsystems","Automotive and testing","Artificial intelligence technology","Information gathering and services","Other, please indicate","Industrial Electronics / Industrial Control","Communication System","Consumer Electronics","Computers & Peripherals","Automotive Electronics and EV"
"https://onlinecatalogue.electronicachina.com.cn/Public/Uploads/useimg/20260604/logoxuanchuanyuzuhe02-658.png","Suzhou Jert Purification","China","N3.558","https://onlinecatalogue.electronicachina.com.cn/journal/exhibitor/3088","Semiconductors","Passive components (capacitors, resistors, inductors, etc.) and Relays","Electronic Manufacturing Services (EMS)","Electronic materials","Industrial Electronics / Industrial Control","Medical Technology","Aviation & Space Technology","Mechanical Engineering","","","","","","","",""
"https://onlinecatalogue.electronicachina.com.cn/Public/Uploads/useimg/20260605/jialiLogohengxiangqianlan.png","Suzhou Jiali Automation Technology Co., Ltd","China","W4.353-2","https://onlinecatalogue.electronicachina.com.cn/journal/exhibitor/3631","Semiconductors","Sensor technology","Test and measurement","Connectors, Switches, Casing technology, Wire Harness, etc","Power supplies","Industrial Electronics / Industrial Control","Communication System","Consumer Electronics","Computers & Peripherals","Automotive Electronics and EV","Medical Technology","Electricity and New Energy","Internet of Things (loT)","Embodied Intelligence","Artificial Intelligence","Data Center / Cloud Computing"
"https://onlinecatalogue.electronicachina.com.cn/Public/Uploads/useimg/20260528/logo.png","Suzhou Jinyongshun Packing Technique Co., Ltd","China","N3.858","https://onlinecatalogue.electronicachina.com.cn/journal/exhibitor/3553","Semiconductors","Other, please indicate","Industrial Electronics / Industrial Control","Automotive Electronics and EV","Mechanical Engineering","Others, please indicate","","","","","","","","","",""
"https://onlinecatalogue.electronicachina.com.cn/Public/Uploads/useimg/20250210/logo1.png","Suzhou Keli Technology Development Co., Ltd.","China","W2.809","https://onlinecatalogue.electronicachina.com.cn/journal/exhibitor/2098","Other, please indicate","Consumer Electronics","Automotive Electronics and EV","Electricity and New Energy","","","","","","","","","","","",""
"https://onlinecatalogue.electronicachina.com.cn/Public/Uploads/useimg/20250221/3500px1800.jpg","SUZHOU KINGLIGHT OPTOELECTRONICS CO., LTD.","China","N5.659","https://onlinecatalogue.electronicachina.com.cn/journal/exhibitor/1278","Semiconductors","Information gathering and services","Industrial Electronics / Industrial Control","Communication System","Consumer Electronics","Computers & Peripherals","Automotive Electronics and EV","Medical Technology","Electricity and New Energy","Internet of Things (loT)","Mechanical Engineering","Rail Transit","Security & protection system","Lighting engineering","Household appliances","Others, please indicate"
"https://onlinecatalogue.electronicachina.com.cn/Public/Uploads/uploadfile/images/20260323/eClogoShanghai776x328EN-527.png","Suzhou KINKOU E-Tech Co.,Ltd.","China","W2.661","https://onlinecatalogue.electronicachina.com.cn/journal/exhibitor/1867","","","","","","","","","","","","","","","",""
"https://onlinecatalogue.electronicachina.com.cn/Public/Uploads/uploadfile/images/20260323/eClogoShanghai776x328EN-527.png","Suzhou Mains Electric Technology co.,LTD","China","W5.616","https://onlinecatalogue.electronicachina.com.cn/journal/exhibitor/1153","","","","","","","","","","","","","","","",""
"https://onlinecatalogue.electronicachina.com.cn/Public/Uploads/useimg/20250318/PNGgeshilansewudiyuanlaibanben.png","Suzhou MET Technology Co., Ltd","China","N4.646","https://onlinecatalogue.electronicachina.com.cn/journal/exhibitor/2048","Test and measurement","Industrial Electronics / Industrial Control","Communication System","Consumer Electronics","Automotive Electronics and EV","Medical Technology","Aviation & Space Technology","","","","","","","","",""
"https://onlinecatalogue.electronicachina.com.cn/Public/Uploads/useimg/20250211/logo120x240px.png","Suzhou Mingxin Electronic Technology Co, Ltd","China","W2.153","https://onlinecatalogue.electronicachina.com.cn/journal/exhibitor/2197","Other, please indicate","Industrial Electronics / Industrial Control","Communication System","Computers & Peripherals","Automotive Electronics and EV","Aviation & Space Technology","Military Electronics","Mechanical Engineering","Rail Transit","Household appliances","","","","","",""
"https://onlinecatalogue.electronicachina.com.cn/Public/Uploads/useimg/20250123/logo.png","Suzhou NCT Electronic Technology Co., Ltd","China","N1.855","https://onlinecatalogue.electronicachina.com.cn/journal/exhibitor/2019","Passive components (capacitors, resistors, inductors, etc.) and Relays","Power supplies","Information gathering and services","Industrial Electronics / Industrial Control","Communication System","Consumer Electronics","Computers & Peripherals","Automotive Electronics and EV","Medical Technology","Electricity and New Energy","Internet of Things (loT)","Aviation & Space Technology","Military Electronics","Rail Transit","Security & protection system","Lighting engineering"
"https://onlinecatalogue.electronicachina.com.cn/Public/Uploads/uploadfile/images/20260323/eClogoShanghai776x328EN-527.png","Suzhou Neihu Electronic Technology Co., Ltd","China","W4.259","https://onlinecatalogue.electronicachina.com.cn/journal/exhibitor/3149","","","","","","","","","","","","","","","",""
"https://onlinecatalogue.electronicachina.com.cn/Public/Uploads/useimg/20260522/LogowuAI-712.png","Suzhou NOX Communication Technology co., LTD","China","W2.856","https://onlinecatalogue.electronicachina.com.cn/journal/exhibitor/2772","Other, please indicate","Industrial Electronics / Industrial Control","Communication System","Consumer Electronics","Computers & Peripherals","Automotive Electronics and EV","Medical Technology","Electricity and New Energy","Artificial Intelligence","Aviation & Space Technology","Military Electronics","Mechanical Engineering","Rail Transit","Household appliances","",""
"https://onlinecatalogue.electronicachina.com.cn/Public/Uploads/uploadfile/images/20260323/eClogoShanghai776x328EN-527.png","SUZHOU POPLAR NEW MATERIAL TECHNOLOGY CO.,LTD","China","W2.337","https://onlinecatalogue.electronicachina.com.cn/journal/exhibitor/3018","","","","","","","","","","","","","","","",""
"https://onlinecatalogue.electronicachina.com.cn/Public/Uploads/useimg/20260402/yourenzhizao240120-900.png","Suzhou Pusr Smart Manufacturing Technology Limited","China","N3.265","https://onlinecatalogue.electronicachina.com.cn/journal/exhibitor/3202","Embedded systems","Displays","Sensor technology","Test and measurement","Electronic Design (ED/EDA)","Passive components (capacitors, resistors, inductors, etc.) and Relays","Connectors, Switches, Casing technology, Wire Harness, etc","Power supplies","PCBs, other circuit carrier","Electronic Manufacturing Services (EMS)","Consumer Electronics","Computers & Peripherals","Automotive Electronics and EV","Medical Technology","Electricity and New Energy","Internet of Things (loT)"
"https://onlinecatalogue.electronicachina.com.cn/Public/Uploads/useimg/20260427/weixintupian202604211019341086211-218.png","Suzhou Saixun Communication Technology Co.,Ltd.","China","W4.245","https://onlinecatalogue.electronicachina.com.cn/journal/exhibitor/3175","Connectors, Switches, Casing technology, Wire Harness, etc","Electronic Manufacturing Services (EMS)","Industrial Electronics / Industrial Control","Communication System","Consumer Electronics","Internet of Things (loT)","Artificial Intelligence","Security & protection system","Lighting engineering","Household appliances","Mobile phone","","","","",""
"https://onlinecatalogue.electronicachina.com.cn/Public/Uploads/useimg/20250410/1744256124189.jpg","Suzhou Senwan Electronics Technology Co.,Ltd","China","N1.229","https://onlinecatalogue.electronicachina.com.cn/journal/exhibitor/868","Passive components (capacitors, resistors, inductors, etc.) and Relays","Communication System","Consumer Electronics","","","","","","","","","","","","",""
"https://onlinecatalogue.electronicachina.com.cn/Public/Uploads/uploadfile/images/20260323/eClogoShanghai776x328EN-527.png","Suzhou Shengyoutuo Electronic Technology Co., Ltd.","China","W4.386","https://onlinecatalogue.electronicachina.com.cn/journal/exhibitor/2782","","","","","","","","","","","","","","","",""
"https://onlinecatalogue.electronicachina.com.cn/Public/Uploads/useimg/20250331/sinanlogowubeijingse.png","Suzhou Sinan Sensor Technology Co., Ltd","China","N3.153","https://onlinecatalogue.electronicachina.com.cn/journal/exhibitor/1748","Sensor technology","Industrial Electronics / Industrial Control","Consumer Electronics","Medical Technology","Electricity and New Energy","Internet of Things (loT)","Mechanical Engineering","Security & protection system","","","","","","","",""
"https://onlinecatalogue.electronicachina.com.cn/Public/Uploads/useimg/20260422/logozhanshang.png","SUZHOU STAR NEW MATERIAL GROUP CO.,LTD","China","N3.372","https://onlinecatalogue.electronicachina.com.cn/journal/exhibitor/2848","Electronic materials","Other, please indicate","Industrial Electronics / Industrial Control","Computers & Peripherals","Automotive Electronics and EV","Electricity and New Energy","Aviation & Space Technology","Military Electronics","Mechanical Engineering","Rail Transit","","","","","",""
"https://onlinecatalogue.electronicachina.com.cn/Public/Uploads/useimg/20260604/logo.png","Suzhou Tailei Mingfu Intelligent Technology Co.,LTD","China","W4.353","https://onlinecatalogue.electronicachina.com.cn/journal/exhibitor/3638","Connectors, Switches, Casing technology, Wire Harness, etc","Industrial Electronics / Industrial Control","Automotive Electronics and EV","Artificial Intelligence","","","","","","","","","","","",""
"https://onlinecatalogue.electronicachina.com.cn/Public/Uploads/useimg/20260420/wanruidalogoyuansuwenjiandaihanzi.jpg","Suzhou Varied Tech. Co., Ltd.","China","W5.546","https://onlinecatalogue.electronicachina.com.cn/journal/exhibitor/2891","Power supplies","Industrial Electronics / Industrial Control","Automotive Electronics and EV","Medical Technology","Electricity and New Energy","Embodied Intelligence","Artificial Intelligence","Aviation & Space Technology","Military Electronics","Household appliances","","","","","",""
"https://onlinecatalogue.electronicachina.com.cn/Public/Uploads/useimg/20250225/weibiaoti2huaban1.png","SUZHOU VOOHU ELECTRONIC TECHNOLOGY CO., LTD.","China","N2.735","https://onlinecatalogue.electronicachina.com.cn/journal/exhibitor/1749","Passive components (capacitors, resistors, inductors, etc.) and Relays","Connectors, Switches, Casing technology, Wire Harness, etc","Industrial Electronics / Industrial Control","Communication System","Consumer Electronics","Computers & Peripherals","Automotive Electronics and EV","Medical Technology","Electricity and New Energy","Internet of Things (loT)","Military Electronics","Security & protection system","Lighting engineering","Intelligent building","Household appliances",""
"https://onlinecatalogue.electronicachina.com.cn/Public/Uploads/useimg/20250414/logo.png","SUZHOU WALTER ELECTRONIC","China","N1.537","https://onlinecatalogue.electronicachina.com.cn/journal/exhibitor/1046","Sensor technology","Passive components (capacitors, resistors, inductors, etc.) and Relays","Industrial Electronics / Industrial Control","Communication System","Consumer Electronics","Computers & Peripherals","Automotive Electronics and EV","Medical Technology","Electricity and New Energy","Internet of Things (loT)","Embodied Intelligence","Artificial Intelligence","Data Center / Cloud Computing","Aviation & Space Technology","Mechanical Engineering","Rail Transit"
"https://onlinecatalogue.electronicachina.com.cn/Public/Uploads/uploadfile/images/20260323/eClogoShanghai776x328EN-527.png","Suzhou Weihe Electronics Co., Ltd","China","N5.166","https://onlinecatalogue.electronicachina.com.cn/journal/exhibitor/3036","","","","","","","","","","","","","","","",""
"https://onlinecatalogue.electronicachina.com.cn/Public/Uploads/uploadfile/images/20260323/eClogoShanghai776x328EN-527.png","Suzhou Xianghua Precision Metal Materials Technology Co., Ltd.","China","N3.751","https://onlinecatalogue.electronicachina.com.cn/journal/exhibitor/3572","","","","","","","","","","","","","","","",""
"https://onlinecatalogue.electronicachina.com.cn/Public/Uploads/uploadfile/images/20260323/eClogoShanghai776x328EN-527.png","SUzhou Yang-Chi Electronics Co.,Ltd.","China","W5.860","https://onlinecatalogue.electronicachina.com.cn/journal/exhibitor/3491","","","","","","","","","","","","","","","",""
"https://onlinecatalogue.electronicachina.com.cn/Public/Uploads/uploadfile/images/20260323/eClogoShanghai776x328EN-527.png","SUZHOU YIHEDA  Automation Technology Co.,Ltd","China","W4.353-11","https://onlinecatalogue.electronicachina.com.cn/journal/exhibitor/3628","","","","","","","","","","","","","","","",""
"https://onlinecatalogue.electronicachina.com.cn/Public/Uploads/uploadfile/images/20260323/eClogoShanghai776x328EN-527.png","suzhou yixing","China","N4.660","https://onlinecatalogue.electronicachina.com.cn/journal/exhibitor/3094","","","","","","","","","","","","","","","",""
"https://onlinecatalogue.electronicachina.com.cn/Public/Uploads/useimg/20251212/DECA.jpg","SwitchLab (Shanghai) Co., Ltd.","China","W3.605","https://onlinecatalogue.electronicachina.com.cn/journal/exhibitor/1606","Connectors, Switches, Casing technology, Wire Harness, etc","Assemblies and subsystems","Industrial Electronics / Industrial Control","Communication System","Consumer Electronics","Computers & Peripherals","Automotive Electronics and EV","Medical Technology","Electricity and New Energy","Aviation & Space Technology","Military Electronics","Rail Transit","Security & protection system","Lighting engineering","",""
"https://onlinecatalogue.electronicachina.com.cn/Public/Uploads/useimg/20250310/yanshiwengao1.jpg","SWS CHINA LTD.","Japan","W1.513","https://onlinecatalogue.electronicachina.com.cn/journal/exhibitor/1506","Connectors, Switches, Casing technology, Wire Harness, etc","PCBs, other circuit carrier","Automotive and testing","Automotive Electronics and EV","","","","","","","","","","","",""
"https://onlinecatalogue.electronicachina.com.cn/Public/Uploads/uploadfile/images/20260323/eClogoShanghai776x328EN-527.png","SYSUMMIT","China","N4.151","https://onlinecatalogue.electronicachina.com.cn/journal/exhibitor/3627","","","","","","","","","","","","","","","",""
"https://onlinecatalogue.electronicachina.com.cn/Public/Uploads/useimg/20250407/beijidalogo.png","SZ BJD Electronic Technology Co.,Ltd.","China","W3.330","https://onlinecatalogue.electronicachina.com.cn/journal/exhibitor/1607","Connectors, Switches, Casing technology, Wire Harness, etc","Automotive and testing","Industrial Electronics / Industrial Control","Automotive Electronics and EV","Electricity and New Energy","Intelligent building","","","","","","","","","",""
"https://onlinecatalogue.electronicachina.com.cn/Public/Uploads/useimg/20250126/SZCLIMITEDlogo02.png","SZ COMPONENTS LIMITED","Hong Kong, China","N2.217","https://onlinecatalogue.electronicachina.com.cn/journal/exhibitor/1047","Semiconductors","Industrial Electronics / Industrial Control","Communication System","Consumer Electronics","Automotive Electronics and EV","Medical Technology","Electricity and New Energy","Internet of Things (loT)","Aviation & Space Technology","Military Electronics","Mechanical Engineering","Lighting engineering","","","",""
"https://onlinecatalogue.electronicachina.com.cn/Public/Uploads/useimg/20260604/TGloballogoEN240x120.png","T-GLOBAL TECHNOLOGY CO., LTD.","Taiwan, China","N4.832","https://onlinecatalogue.electronicachina.com.cn/journal/exhibitor/2369","Other, please indicate","Industrial Electronics / Industrial Control","Communication System","Consumer Electronics","Computers & Peripherals","Automotive Electronics and EV","Medical Technology","Electricity and New Energy","Artificial Intelligence","Data Center / Cloud Computing","Aviation & Space Technology","Military Electronics","Lighting engineering","Intelligent building","Household appliances","Mobile phone"
"https://onlinecatalogue.electronicachina.com.cn/Public/Uploads/useimg/20260415/tupian1.png","Tai-Saw Technology Co., Ltd.","Taiwan, China","N1.632","https://onlinecatalogue.electronicachina.com.cn/journal/exhibitor/2963","Semiconductors","Passive components (capacitors, resistors, inductors, etc.) and Relays","Industrial Electronics / Industrial Control","Communication System","Consumer Electronics","Automotive Electronics and EV","Medical Technology","Internet of Things (loT)","Embodied Intelligence","Artificial Intelligence","Data Center / Cloud Computing","","","","",""
"https://onlinecatalogue.electronicachina.com.cn/Public/Uploads/uploadfile/images/20260323/eClogoShanghai776x328EN-527.png","TAI-TECH","China","N1.653","https://onlinecatalogue.electronicachina.com.cn/journal/exhibitor/870","","","","","","","","","","","","","","","",""
"https://onlinecatalogue.electronicachina.com.cn/Public/Uploads/uploadfile/images/20260323/eClogoShanghai776x328EN-527.png","Taichy Technology (Suzhou) Co.,Ltd","China","W5.549","https://onlinecatalogue.electronicachina.com.cn/journal/exhibitor/2446","","","","","","","","","","","","","","","",""
"https://onlinecatalogue.electronicachina.com.cn/Public/Uploads/useimg/20250408/62fb32d3cb61591bf71e1a65ec53a2f-907.png","Taiwan Carrier Tape Enterprise Co., Ltd.","Taiwan, China","N2.147","https://onlinecatalogue.electronicachina.com.cn/journal/exhibitor/2181","PCBs, other circuit carrier","Assemblies and subsystems","Automotive and testing","Consumer Electronics","Automotive Electronics and EV","Household appliances","","","","","","","","","",""
"https://onlinecatalogue.electronicachina.com.cn/Public/Uploads/uploadfile/images/20260323/eClogoShanghai776x328EN-527.png","Taiwan Electrical and Electronic Manufacturers' Association","Taiwan, China","W4.137","https://onlinecatalogue.electronicachina.com.cn/journal/exhibitor/2372","Other, please indicate","Others, please indicate","","","","","","","","","","","","","",""
"https://onlinecatalogue.electronicachina.com.cn/Public/Uploads/uploadfile/images/20260323/eClogoShanghai776x328EN-527.png","Taiwan Electronic Connection Association","Taiwan, China","W4.334","https://onlinecatalogue.electronicachina.com.cn/journal/exhibitor/2220","","","","","","","","","","","","","","","",""
"https://onlinecatalogue.electronicachina.com.cn/Public/Uploads/useimg/20250314/shangbiao.png","Taiwan Hsinda Relay","China","N2.513","https://onlinecatalogue.electronicachina.com.cn/journal/exhibitor/1048","Passive components (capacitors, resistors, inductors, etc.) and Relays","Connectors, Switches, Casing technology, Wire Harness, etc","Information gathering and services","Industrial Electronics / Industrial Control","Communication System","Consumer Electronics","Automotive Electronics and EV","Medical Technology","Electricity and New Energy","Household appliances","","","","","",""
"https://onlinecatalogue.electronicachina.com.cn/Public/Uploads/uploadfile/images/20260323/eClogoShanghai776x328EN-527.png","Taiwan Semiconductor","Taiwan, China","N4.300","https://onlinecatalogue.electronicachina.com.cn/journal/exhibitor/1279","","","","","","","","","","","","","","","",""
"https://onlinecatalogue.electronicachina.com.cn/Public/Uploads/useimg/20250219/taixinLOGO.jpg","Taixin Semiconductor","China","N3.802","https://onlinecatalogue.electronicachina.com.cn/journal/exhibitor/1398","Semiconductors","Wireless","Industrial Electronics / Industrial Control","Communication System","Consumer Electronics","Internet of Things (loT)","Artificial Intelligence","Security & protection system","Intelligent building","Household appliances","","","","","",""
"https://onlinecatalogue.electronicachina.com.cn/Public/Uploads/uploadfile/images/20260323/eClogoShanghai776x328EN-527.png","Taixing Longteng Electronics Co.,Ltd.","China","N3.913","https://onlinecatalogue.electronicachina.com.cn/journal/exhibitor/3411","","","","","","","","","","","","","","","",""
"https://onlinecatalogue.electronicachina.com.cn/Public/Uploads/useimg/20260521/weixintupian20260225161207200487.jpg","Taiyosha","Japan","N1.713","https://onlinecatalogue.electronicachina.com.cn/journal/exhibitor/2900","Passive components (capacitors, resistors, inductors, etc.) and Relays","Automotive and testing","Industrial Electronics / Industrial Control","Communication System","Consumer Electronics","Automotive Electronics and EV","Medical Technology","Electricity and New Energy","Artificial Intelligence","Aviation & Space Technology","Mechanical Engineering","Rail Transit","","","",""
"https://onlinecatalogue.electronicachina.com.cn/Public/Uploads/useimg/20260516/W6866KANGPAI.png","TAIZHOU KANGPAI CAPACITORS CO.,LTD.","China","W5.866","https://onlinecatalogue.electronicachina.com.cn/journal/exhibitor/3492","Passive components (capacitors, resistors, inductors, etc.) and Relays","Industrial Electronics / Industrial Control","Communication System","Consumer Electronics","Computers & Peripherals","Automotive Electronics and EV","Medical Technology","Electricity and New Energy","Internet of Things (loT)","Artificial Intelligence","Military Electronics","Rail Transit","Lighting engineering","Household appliances","",""
"https://onlinecatalogue.electronicachina.com.cn/Public/Uploads/uploadfile/images/20260323/eClogoShanghai776x328EN-527.png","Taizhou Rishun Electric Appliance Development Co., Ltd","China","W2.257","https://onlinecatalogue.electronicachina.com.cn/journal/exhibitor/2959","","","","","","","","","","","","","","","",""
"https://onlinecatalogue.electronicachina.com.cn/Public/Uploads/uploadfile/images/20260323/eClogoShanghai776x328EN-527.png","Taizhou Taijin Alloy Materials Co., Ltd","China","W3.913","https://onlinecatalogue.electronicachina.com.cn/journal/exhibitor/3437","","","","","","","","","","","","","","","",""
"https://onlinecatalogue.electronicachina.com.cn/Public/Uploads/uploadfile/images/20260323/eClogoShanghai776x328EN-527.png","Takcheong Electronics Shanwei Co.,Ltd","China","N5.733","https://onlinecatalogue.electronicachina.com.cn/journal/exhibitor/3130","","","","","","","","","","","","","","","",""
"https://onlinecatalogue.electronicachina.com.cn/Public/Uploads/uploadfile/images/20260323/eClogoShanghai776x328EN-527.png","Talent Microwave INC.","China","W1.337","https://onlinecatalogue.electronicachina.com.cn/journal/exhibitor/1818","","","","","","","","","","","","","","","",""
"https://onlinecatalogue.electronicachina.com.cn/Public/Uploads/uploadfile/images/20260323/eClogoShanghai776x328EN-527.png","TAT Electronics Co.,Ltd.","China","N2.869","https://onlinecatalogue.electronicachina.com.cn/journal/exhibitor/2025","","","","","","","","","","","","","","","",""
"https://onlinecatalogue.electronicachina.com.cn/Public/Uploads/useimg/20250317/TekniseriLogo2023.jpg","Tekniseri (Suzhou) Co., Ltd.","Finland","W4.338","https://onlinecatalogue.electronicachina.com.cn/journal/exhibitor/2299","Connectors, Switches, Casing technology, Wire Harness, etc","Industrial Electronics / Industrial Control","Communication System","Automotive Electronics and EV","Medical Technology","Electricity and New Energy","Internet of Things (loT)","Artificial Intelligence","Data Center / Cloud Computing","Aviation & Space Technology","Military Electronics","Mechanical Engineering","Rail Transit","Security & protection system","Lighting engineering","Intelligent building"
"https://onlinecatalogue.electronicachina.com.cn/Public/Uploads/uploadfile/images/20260323/eClogoShanghai776x328EN-527.png","Teralinks Technology (Shenzhen) Co., Ltd.","China","N3.756","https://onlinecatalogue.electronicachina.com.cn/journal/exhibitor/3535","","","","","","","","","","","","","","","",""
"https://onlinecatalogue.electronicachina.com.cn/Public/Uploads/useimg/20260418/TTK3-872.jpg","THINK TECHNOLOGIES CO.,LTD.","Taiwan, China","N5.830","https://onlinecatalogue.electronicachina.com.cn/journal/exhibitor/1281","Semiconductors","Automotive and testing","Industrial Electronics / Industrial Control","Automotive Electronics and EV","","","","","","","","","","","",""
"https://onlinecatalogue.electronicachina.com.cn/Public/Uploads/useimg/20250411/gongsiLOGO-759.jpg","THUNDER PRECISION RESISTOR CO.,LTD","China","N2.877","https://onlinecatalogue.electronicachina.com.cn/journal/exhibitor/2435","Passive components (capacitors, resistors, inductors, etc.) and Relays","Industrial Electronics / Industrial Control","Communication System","Consumer Electronics","Computers & Peripherals","Automotive Electronics and EV","Medical Technology","Electricity and New Energy","Internet of Things (loT)","Aviation & Space Technology","Military Electronics","Mechanical Engineering","Rail Transit","Security & protection system","Lighting engineering","Intelligent building"
"https://onlinecatalogue.electronicachina.com.cn/Public/Uploads/uploadfile/images/20260323/eClogoShanghai776x328EN-527.png","Tianchang Donghong Electronics Co., Ltd.","China","W5.821","https://onlinecatalogue.electronicachina.com.cn/journal/exhibitor/2806","","","","","","","","","","","","","","","",""
"https://onlinecatalogue.electronicachina.com.cn/Public/Uploads/uploadfile/images/20260323/eClogoShanghai776x328EN-527.png","Tianchang Hengxing Metal Products  Co., Ltd.","China","W5.821","https://onlinecatalogue.electronicachina.com.cn/journal/exhibitor/3478","","","","","","","","","","","","","","","",""
"https://onlinecatalogue.electronicachina.com.cn/Public/Uploads/useimg/20250208/huigaologobiaoqingbansibiaoJPG.jpg","Tianjin Huigao Magnetics Co., Ltd.","China","W5.716","https://onlinecatalogue.electronicachina.com.cn/journal/exhibitor/1157","Passive components (capacitors, resistors, inductors, etc.) and Relays","Power supplies","Electronic Manufacturing Services (EMS)","Industrial Electronics / Industrial Control","Automotive Electronics and EV","Medical Technology","Mechanical Engineering","Rail Transit","Security & protection system","Lighting engineering","Intelligent building","","","","",""
"https://onlinecatalogue.electronicachina.com.cn/Public/Uploads/uploadfile/images/20260323/eClogoShanghai776x328EN-527.png","Tianjin Naier Electronics IMP &EXP Co., Ltd.","China","W1.856","https://onlinecatalogue.electronicachina.com.cn/journal/exhibitor/1890","","","","","","","","","","","","","","","",""
"https://onlinecatalogue.electronicachina.com.cn/Public/Uploads/useimg/20250227/logo.JPG","Tianjin New Ventech Electronic Co., Ltd.","China","N2.760","https://onlinecatalogue.electronicachina.com.cn/journal/exhibitor/2387","Passive components (capacitors, resistors, inductors, etc.) and Relays","Power supplies","Industrial Electronics / Industrial Control","Communication System","Consumer Electronics","Automotive Electronics and EV","Medical Technology","Electricity and New Energy","Military Electronics","Rail Transit","Security & protection system","Lighting engineering","Intelligent building","Household appliances","",""
"https://onlinecatalogue.electronicachina.com.cn/Public/Uploads/useimg/20250110/TIELEElogo.jpg","Tianli Electrical Machinery (Ningbo) Co.,Ltd.","China","W3.528","https://onlinecatalogue.electronicachina.com.cn/journal/exhibitor/1608","Connectors, Switches, Casing technology, Wire Harness, etc","Industrial Electronics / Industrial Control","Communication System","Automotive Electronics and EV","Medical Technology","Electricity and New Energy","Rail Transit","Security & protection system","Lighting engineering","Intelligent building","Household appliances","","","","",""
"https://onlinecatalogue.electronicachina.com.cn/Public/Uploads/useimg/20250227/taijingkejilogoxianshitu240120.jpg","TKD Science and Technology Co.,Ltd","China","N2.209","https://onlinecatalogue.electronicachina.com.cn/journal/exhibitor/2160","Passive components (capacitors, resistors, inductors, etc.) and Relays","Industrial Electronics / Industrial Control","Communication System","Consumer Electronics","Computers & Peripherals","Automotive Electronics and EV","Internet of Things (loT)","Security & protection system","Household appliances","Mobile phone","","","","","",""
"https://onlinecatalogue.electronicachina.com.cn/Public/Uploads/useimg/20260414/jingwoLOOG-410.png","TLC Electronic Technology Co.,Ltd.","China","N2.747","https://onlinecatalogue.electronicachina.com.cn/journal/exhibitor/3340","Passive components (capacitors, resistors, inductors, etc.) and Relays","Industrial Electronics / Industrial Control","Communication System","Consumer Electronics","Computers & Peripherals","Automotive Electronics and EV","Medical Technology","Electricity and New Energy","Internet of Things (loT)","Rail Transit","Security & protection system","Lighting engineering","Intelligent building","Household appliances","",""
"https://onlinecatalogue.electronicachina.com.cn/Public/Uploads/useimg/20260514/tongtuoLOGO-666.png","Tong Tuo Precision","China","W1.160","https://onlinecatalogue.electronicachina.com.cn/journal/exhibitor/3155","Connectors, Switches, Casing technology, Wire Harness, etc","Industrial Electronics / Industrial Control","Communication System","Consumer Electronics","Computers & Peripherals","Automotive Electronics and EV","Medical Technology","Data Center / Cloud Computing","Military Electronics","Household appliances","Mobile phone","","","","",""
"https://onlinecatalogue.electronicachina.com.cn/Public/Uploads/useimg/20250331/logo2-579.jpg","Tongtian Electronic Technology (Dongguan) Co Ltd.","China","W2.116","https://onlinecatalogue.electronicachina.com.cn/journal/exhibitor/1609","Displays","Connectors, Switches, Casing technology, Wire Harness, etc","Power supplies","Artificial intelligence technology","Industrial Electronics / Industrial Control","Communication System","Medical Technology","Aviation & Space Technology","Military Electronics","","","","","","",""
"https://onlinecatalogue.electronicachina.com.cn/Public/Uploads/useimg/20250109/jinogo05.png","Top Display Optoelectronics","China","N2.162","https://onlinecatalogue.electronicachina.com.cn/journal/exhibitor/1768","Embedded systems","Consumer Electronics","Medical Technology","Internet of Things (loT)","Mechanical Engineering","Security & protection system","Intelligent building","Household appliances","","","","","","","",""
"https://onlinecatalogue.electronicachina.com.cn/Public/Uploads/uploadfile/images/20260323/eClogoShanghai776x328EN-527.png","TOPSPRE","Britain","W1.165","https://onlinecatalogue.electronicachina.com.cn/journal/exhibitor/2865","","","","","","","","","","","","","","","",""
"https://onlinecatalogue.electronicachina.com.cn/Public/Uploads/uploadfile/images/20260323/eClogoShanghai776x328EN-527.png","Traco Power","Switzerland","W5.605","https://onlinecatalogue.electronicachina.com.cn/journal/exhibitor/1158","","","","","","","","","","","","","","","",""
"https://onlinecatalogue.electronicachina.com.cn/Public/Uploads/useimg/20250401/logodaiwangzhi.png","Transfer Multisort Elektronik Sp. z o.o.","Poland","N2.616","https://onlinecatalogue.electronicachina.com.cn/journal/exhibitor/1050","Semiconductors","Embedded systems","Sensor technology","Test and measurement","Passive components (capacitors, resistors, inductors, etc.) and Relays","Connectors, Switches, Casing technology, Wire Harness, etc","Power supplies","PCBs, other circuit carrier","Assemblies and subsystems","Automotive and testing","Information gathering and services","Industrial Electronics / Industrial Control","Communication System","Automotive Electronics and EV","Medical Technology","Electricity and New Energy"
"https://onlinecatalogue.electronicachina.com.cn/Public/Uploads/useimg/20250317/.jpg","Trantek (Hui Zhou) Electronics Co., Ltd.","China","W2.657","https://onlinecatalogue.electronicachina.com.cn/journal/exhibitor/2506","Connectors, Switches, Casing technology, Wire Harness, etc","Industrial Electronics / Industrial Control","Communication System","Consumer Electronics","Computers & Peripherals","Automotive Electronics and EV","Medical Technology","Electricity and New Energy","Internet of Things (loT)","Aviation & Space Technology","Military Electronics","Mechanical Engineering","Rail Transit","Security & protection system","Household appliances",""
"https://onlinecatalogue.electronicachina.com.cn/Public/Uploads/useimg/20260603/zhongwenquanbanlogoheisepnggeshi.png","TREX TECHNOLOGIES","China","N5.141","https://onlinecatalogue.electronicachina.com.cn/journal/exhibitor/3295","Semiconductors","Industrial Electronics / Industrial Control","Automotive Electronics and EV","Electricity and New Energy","Household appliances","","","","","","","","","","",""
"https://onlinecatalogue.electronicachina.com.cn/Public/Uploads/uploadfile/images/20260323/eClogoShanghai776x328EN-527.png","Trigon Electronics (Kun Shan) Limited","China","N4.125","https://onlinecatalogue.electronicachina.com.cn/journal/exhibitor/3126","","","","","","","","","","","","","","","",""
"https://onlinecatalogue.electronicachina.com.cn/Public/Uploads/useimg/20260418/240X120xiangsu.jpg","TROQ","China","N2.871","https://onlinecatalogue.electronicachina.com.cn/journal/exhibitor/3090","Test and measurement","Electronic Design (ED/EDA)","Passive components (capacitors, resistors, inductors, etc.) and Relays","Electronic materials","Assemblies and subsystems","Automotive and testing","Wireless","Information gathering and services","Other, please indicate","Industrial Electronics / Industrial Control","Communication System","Consumer Electronics","Computers & Peripherals","Automotive Electronics and EV","Medical Technology","Electricity and New Energy"
"https://onlinecatalogue.electronicachina.com.cn/Public/Uploads/uploadfile/images/20260323/eClogoShanghai776x328EN-527.png","Trusee Microsystems Technology Co.,Ltd","China","N3.339","https://onlinecatalogue.electronicachina.com.cn/journal/exhibitor/3341","","","","","","","","","","","","","","","",""
"https://onlinecatalogue.electronicachina.com.cn/Public/Uploads/useimg/20250224/logo.jpg","TUV Rheinland Shanghai Co., Ltd","Germany","N3.539","https://onlinecatalogue.electronicachina.com.cn/journal/exhibitor/1610","Semiconductors","Sensor technology","Passive components (capacitors, resistors, inductors, etc.) and Relays","Connectors, Switches, Casing technology, Wire Harness, etc","Assemblies and subsystems","Automotive and testing","Other, please indicate","Industrial Electronics / Industrial Control","Communication System","Consumer Electronics","Computers & Peripherals","Automotive Electronics and EV","Electricity and New Energy","Data Center / Cloud Computing","Mechanical Engineering","Rail Transit"
"https://onlinecatalogue.electronicachina.com.cn/Public/Uploads/useimg/20260528/120240mmTXLOGOhuaban1.jpg","TX Semiconductor","China","N3.546","https://onlinecatalogue.electronicachina.com.cn/journal/exhibitor/2921","Semiconductors","Industrial Electronics / Industrial Control","Communication System","Consumer Electronics","Medical Technology","Internet of Things (loT)","Security & protection system","Household appliances","Mobile phone","","","","","","",""
"https://onlinecatalogue.electronicachina.com.cn/Public/Uploads/useimg/20260401/LOGO2bi1-421.png","TXGA INDUSTRY ELECTRONICS (S.Z.) CO., LTD.","China","W3.309","https://onlinecatalogue.electronicachina.com.cn/journal/exhibitor/1611","Connectors, Switches, Casing technology, Wire Harness, etc","Industrial Electronics / Industrial Control","Communication System","Consumer Electronics","Computers & Peripherals","Automotive Electronics and EV","Medical Technology","Electricity and New Energy","Internet of Things (loT)","Embodied Intelligence","Artificial Intelligence","Data Center / Cloud Computing","Aviation & Space Technology","Mechanical Engineering","Rail Transit","Security & protection system"
"https://onlinecatalogue.electronicachina.com.cn/Public/Uploads/useimg/20250408/b0032d7ce4b302a471620ea4982f7787l-47.png","Ty-ohm Electronic Works Co., Ltd.","China","N2.509","https://onlinecatalogue.electronicachina.com.cn/journal/exhibitor/2052","Passive components (capacitors, resistors, inductors, etc.) and Relays","Industrial Electronics / Industrial Control","Automotive Electronics and EV","Medical Technology","Electricity and New Energy","","","","","","","","","","",""
"https://onlinecatalogue.electronicachina.com.cn/Public/Uploads/useimg/20250325/cdab32d75e5f540af15f6a4bfb337a1-460.png","UBoT / UBOTIC","Hong Kong, China","N3.862","https://onlinecatalogue.electronicachina.com.cn/journal/exhibitor/2066","Semiconductors","Sensor technology","Communication System","Consumer Electronics","Computers & Peripherals","Automotive Electronics and EV","","","","","","","","","",""
"https://onlinecatalogue.electronicachina.com.cn/Public/Uploads/uploadfile/images/20260323/eClogoShanghai776x328EN-527.png","UESTC National Science Park","China","N3.532","https://onlinecatalogue.electronicachina.com.cn/journal/exhibitor/3517","","","","","","","","","","","","","","","",""
"https://onlinecatalogue.electronicachina.com.cn/Public/Uploads/useimg/20250409/ulsolutionslogohorzgradrgb.png","UL Solutions","America","W3.712","https://onlinecatalogue.electronicachina.com.cn/journal/exhibitor/1612","Other, please indicate","Industrial Electronics / Industrial Control","Automotive Electronics and EV","Electricity and New Energy","","","","","","","","","","","",""
"https://onlinecatalogue.electronicachina.com.cn/Public/Uploads/useimg/20250410/ca14aed35d802223c2580a1ad79409cc.png","Uni-Royal","China","N1.665","https://onlinecatalogue.electronicachina.com.cn/journal/exhibitor/873","Passive components (capacitors, resistors, inductors, etc.) and Relays","Industrial Electronics / Industrial Control","Communication System","Consumer Electronics","Computers & Peripherals","Automotive Electronics and EV","Medical Technology","Electricity and New Energy","Internet of Things (loT)","Mechanical Engineering","Rail Transit","Security & protection system","Lighting engineering","Intelligent building","Household appliances","Mobile phone"
"https://onlinecatalogue.electronicachina.com.cn/Public/Uploads/useimg/20260514/youlideLOGO01.png","UNI-TREND TECHNOLOGY (CHINA) CO., LTD.","China","W5.537","https://onlinecatalogue.electronicachina.com.cn/journal/exhibitor/1159","Embedded systems","Test and measurement","Automotive and testing","Information gathering and services","Industrial Electronics / Industrial Control","Communication System","Consumer Electronics","Automotive Electronics and EV","Electricity and New Energy","Internet of Things (loT)","Aviation & Space Technology","Military Electronics","Mechanical Engineering","","",""
"https://onlinecatalogue.electronicachina.com.cn/Public/Uploads/useimg/20250303/Unictronlogo.png","Unictron","Taiwan, China","N1.225","https://onlinecatalogue.electronicachina.com.cn/journal/exhibitor/2551","Sensor technology","Connectors, Switches, Casing technology, Wire Harness, etc","Wireless","Information gathering and services","Industrial Electronics / Industrial Control","Consumer Electronics","Automotive Electronics and EV","Medical Technology","Internet of Things (loT)","Security & protection system","Intelligent building","Household appliances","Mobile phone","","",""
"https://onlinecatalogue.electronicachina.com.cn/Public/Uploads/useimg/20250325/41d601db46e0a7c139588fe7631851611.jpg","Union Metal Material Co., Ltd.","China","W2.913","https://onlinecatalogue.electronicachina.com.cn/journal/exhibitor/1613","Other, please indicate","Industrial Electronics / Industrial Control","Communication System","Consumer Electronics","Computers & Peripherals","Automotive Electronics and EV","Medical Technology","Electricity and New Energy","Internet of Things (loT)","Aviation & Space Technology","Military Electronics","Mechanical Engineering","Rail Transit","Security & protection system","Lighting engineering","Household appliances"
"https://onlinecatalogue.electronicachina.com.cn/Public/Uploads/useimg/20250225/Union.jpg","Union Semiconductor (Shanghai) Limited","China","N5.800","https://onlinecatalogue.electronicachina.com.cn/journal/exhibitor/2472","Semiconductors","Industrial Electronics / Industrial Control","Communication System","Consumer Electronics","Computers & Peripherals","Automotive Electronics and EV","Medical Technology","Internet of Things (loT)","Security & protection system","Lighting engineering","Intelligent building","Household appliances","Mobile phone","","",""
"https://onlinecatalogue.electronicachina.com.cn/Public/Uploads/uploadfile/images/20260323/eClogoShanghai776x328EN-527.png","UNISEMI POWER INC.","China","N5.857","https://onlinecatalogue.electronicachina.com.cn/journal/exhibitor/3641","","","","","","","","","","","","","","","",""
"https://onlinecatalogue.electronicachina.com.cn/Public/Uploads/useimg/20250225/logoA.png","UNISONIC TECHNOLOGIES CO., LTD. (UTC)","China","N4.717","https://onlinecatalogue.electronicachina.com.cn/journal/exhibitor/1401","Semiconductors","Embedded systems","Industrial Electronics / Industrial Control","Consumer Electronics","Household appliances","","","","","","","","","","",""
"https://onlinecatalogue.electronicachina.com.cn/Public/Uploads/useimg/20250317/USIELogonew.jpg","United Sources Electronic Components Limited","Hong Kong, China","W5.316","https://onlinecatalogue.electronicachina.com.cn/journal/exhibitor/1052","Semiconductors","Passive components (capacitors, resistors, inductors, etc.) and Relays","Connectors, Switches, Casing technology, Wire Harness, etc","Power supplies","PCBs, other circuit carrier","Industrial Electronics / Industrial Control","Consumer Electronics","Computers & Peripherals","Automotive Electronics and EV","Household appliances","Mobile phone","","","","",""
"https://onlinecatalogue.electronicachina.com.cn/Public/Uploads/useimg/20250217/logozhongwen.jpg","Universal (Changzhou) Electronics Co., Ltd.","China","N2.852","https://onlinecatalogue.electronicachina.com.cn/journal/exhibitor/2036","Passive components (capacitors, resistors, inductors, etc.) and Relays","Industrial Electronics / Industrial Control","Consumer Electronics","Automotive Electronics and EV","Medical Technology","Internet of Things (loT)","Security & protection system","Intelligent building","Household appliances","","","","","","",""
"https://onlinecatalogue.electronicachina.com.cn/Public/Uploads/useimg/20260514/zhengshengyuanding71.png","USEMI LIMITED","Hong Kong, China","W5.157","https://onlinecatalogue.electronicachina.com.cn/journal/exhibitor/3489","Semiconductors","Passive components (capacitors, resistors, inductors, etc.) and Relays","Connectors, Switches, Casing technology, Wire Harness, etc","Industrial Electronics / Industrial Control","Communication System","Consumer Electronics","Computers & Peripherals","Automotive Electronics and EV","Medical Technology","Electricity and New Energy","Internet of Things (loT)","Embodied Intelligence","Artificial Intelligence","Data Center / Cloud Computing","Aviation & Space Technology","Military Electronics"
"https://onlinecatalogue.electronicachina.com.cn/Public/Uploads/useimg/20250226/youtaibandaoti[yihuifu]huaban1.png","UTD Semiconductor Co.,Limited","China","N4.553","https://onlinecatalogue.electronicachina.com.cn/journal/exhibitor/1282","Semiconductors","Information gathering and services","Industrial Electronics / Industrial Control","Communication System","Consumer Electronics","Computers & Peripherals","Automotive Electronics and EV","Medical Technology","Electricity and New Energy","Internet of Things (loT)","Mechanical Engineering","Rail Transit","Security & protection system","Lighting engineering","Intelligent building","Household appliances"
"https://onlinecatalogue.electronicachina.com.cn/Public/Uploads/useimg/20250331/LOGO.png","Utility Electrical Co., Ltd.","China","W3.801","https://onlinecatalogue.electronicachina.com.cn/journal/exhibitor/1614","Connectors, Switches, Casing technology, Wire Harness, etc","PCBs, other circuit carrier","Industrial Electronics / Industrial Control","Electricity and New Energy","Internet of Things (loT)","Rail Transit","Intelligent building","","","","","","","","",""
"https://onlinecatalogue.electronicachina.com.cn/Public/Uploads/useimg/20250303/240x120.png","UTMEL  ELECTRONIC LIMITED","China","W5.521","https://onlinecatalogue.electronicachina.com.cn/journal/exhibitor/2385","Semiconductors","Embedded systems","Displays","Micronano-systems (MEMS, etc.)","Sensor technology","Test and measurement","Electronic Design (ED/EDA)","Passive components (capacitors, resistors, inductors, etc.) and Relays","Connectors, Switches, Casing technology, Wire Harness, etc","Power supplies","PCBs, other circuit carrier","Assemblies and subsystems","Automotive and testing","Wireless","Artificial intelligence technology","Information gathering and services"
"https://onlinecatalogue.electronicachina.com.cn/Public/Uploads/useimg/20250305/logo.png","Varicut (Jiangsu) Smart Technology Co.,Ltd","China","W4.175","https://onlinecatalogue.electronicachina.com.cn/journal/exhibitor/2274","Semiconductors","Sensor technology","Test and measurement","Electronic Design (ED/EDA)","Connectors, Switches, Casing technology, Wire Harness, etc","PCBs, other circuit carrier","Assemblies and subsystems","Automotive and testing","Wireless","Artificial intelligence technology","Information gathering and services","Industrial Electronics / Industrial Control","Communication System","Consumer Electronics","Computers & Peripherals","Automotive Electronics and EV"
"https://onlinecatalogue.electronicachina.com.cn/Public/Uploads/useimg/20250311/VariosystemsLogoBlackRGB.png","Variosystems Electronics (Suzhou) Co., Ltd","Switzerland","N3.343","https://onlinecatalogue.electronicachina.com.cn/journal/exhibitor/2217","PCBs, other circuit carrier","Industrial Electronics / Industrial Control","Consumer Electronics","Medical Technology","Electricity and New Energy","Mechanical Engineering","Rail Transit","Lighting engineering","Intelligent building","Household appliances","","","","","",""
"https://onlinecatalogue.electronicachina.com.cn/Public/Uploads/useimg/20260518/logobaidi160MM.png","VAWEY","China","W5.857","https://onlinecatalogue.electronicachina.com.cn/journal/exhibitor/3220","Test and measurement","Industrial Electronics / Industrial Control","Communication System","Consumer Electronics","Automotive Electronics and EV","Internet of Things (loT)","Artificial Intelligence","Data Center / Cloud Computing","Military Electronics","Mobile phone","","","","","",""
"https://onlinecatalogue.electronicachina.com.cn/Public/Uploads/useimg/20250318/VDEBlueCMYK.jpg","VDE","China","N2.719","https://onlinecatalogue.electronicachina.com.cn/journal/exhibitor/1054","Passive components (capacitors, resistors, inductors, etc.) and Relays","Connectors, Switches, Casing technology, Wire Harness, etc","Other, please indicate","Industrial Electronics / Industrial Control","Consumer Electronics","Automotive Electronics and EV","Medical Technology","Electricity and New Energy","Lighting engineering","Household appliances","Others, please indicate","","","","",""
"https://onlinecatalogue.electronicachina.com.cn/Public/Uploads/useimg/20260604/VECOWlogo.png","Vecow Technology(Suzhou) Co., Ltd.","China","W4.353-3","https://onlinecatalogue.electronicachina.com.cn/journal/exhibitor/3632","Embedded systems","Artificial intelligence technology","Industrial Electronics / Industrial Control","Artificial Intelligence","","","","","","","","","","","",""
"https://onlinecatalogue.electronicachina.com.cn/Public/Uploads/uploadfile/images/20260323/eClogoShanghai776x328EN-527.png","VELLE Electrical (Fujian) Co.,ltd","China","W4.253","https://onlinecatalogue.electronicachina.com.cn/journal/exhibitor/3154","","","","","","","","","","","","","","","",""
"https://onlinecatalogue.electronicachina.com.cn/Public/Uploads/uploadfile/images/20260323/eClogoShanghai776x328EN-527.png","Viitor Semiconductor Co., Ltd.","China","N4.525","https://onlinecatalogue.electronicachina.com.cn/journal/exhibitor/2426","","","","","","","","","","","","","","","",""
"https://onlinecatalogue.electronicachina.com.cn/Public/Uploads/useimg/20250414/LOGO-897.jpg","VIKING TECH CORPORATION","Taiwan, China","N1.517","https://onlinecatalogue.electronicachina.com.cn/journal/exhibitor/875","Passive components (capacitors, resistors, inductors, etc.) and Relays","Industrial Electronics / Industrial Control","Communication System","Consumer Electronics","Computers & Peripherals","Automotive Electronics and EV","Medical Technology","Electricity and New Energy","Internet of Things (loT)","Aviation & Space Technology","Military Electronics","Mechanical Engineering","Rail Transit","Security & protection system","Lighting engineering","Intelligent building"
"https://onlinecatalogue.electronicachina.com.cn/Public/Uploads/uploadfile/images/20260323/eClogoShanghai776x328EN-527.png","VINSTON MACHINERY LTD.","China","W2.645","https://onlinecatalogue.electronicachina.com.cn/journal/exhibitor/1509","","","","","","","","","","","","","","","",""
"https://onlinecatalogue.electronicachina.com.cn/Public/Uploads/uploadfile/images/20260323/eClogoShanghai776x328EN-527.png","Vision Engineering Ltd","Britain","W5.249","https://onlinecatalogue.electronicachina.com.cn/journal/exhibitor/3485","","","","","","","","","","","","","","","",""
"https://onlinecatalogue.electronicachina.com.cn/Public/Uploads/useimg/20260527/shangbiao-596.png","VOLCRIX","China","W3.368","https://onlinecatalogue.electronicachina.com.cn/journal/exhibitor/3103","Semiconductors","Embedded systems","Passive components (capacitors, resistors, inductors, etc.) and Relays","Connectors, Switches, Casing technology, Wire Harness, etc","PCBs, other circuit carrier","Assemblies and subsystems","Automotive and testing","Industrial Electronics / Industrial Control","Automotive Electronics and EV","Medical Technology","Electricity and New Energy","Data Center / Cloud Computing","Aviation & Space Technology","Military Electronics","Mechanical Engineering","Rail Transit"
"https://onlinecatalogue.electronicachina.com.cn/Public/Uploads/useimg/20250318/Votechlogoxiti2CM.jpg","VOTECH ( CHINA) COMPANY LIMITED","China","W5.916","https://onlinecatalogue.electronicachina.com.cn/journal/exhibitor/2218","Test and measurement","Automotive and testing","Industrial Electronics / Industrial Control","Communication System","Consumer Electronics","Computers & Peripherals","Automotive Electronics and EV","Electricity and New Energy","Embodied Intelligence","Artificial Intelligence","Aviation & Space Technology","Military Electronics","Household appliances","Mobile phone","",""
"https://onlinecatalogue.electronicachina.com.cn/Public/Uploads/useimg/20260415/logo2026.png","WALDOM ELECTRONICS (SHANGHAI) CO., LTD","America","W1.741","https://onlinecatalogue.electronicachina.com.cn/journal/exhibitor/1056","Electronic Design (ED/EDA)","Connectors, Switches, Casing technology, Wire Harness, etc","Information gathering and services","Industrial Electronics / Industrial Control","Communication System","Consumer Electronics","Medical Technology","","","","","","","","",""
"https://onlinecatalogue.electronicachina.com.cn/Public/Uploads/useimg/20260223/PSAquxinkejiLOGOCN-343.png","Walsin Technology Corporation","Taiwan, China","N2.306","https://onlinecatalogue.electronicachina.com.cn/journal/exhibitor/2929","Passive components (capacitors, resistors, inductors, etc.) and Relays","Industrial Electronics / Industrial Control","Communication System","Consumer Electronics","Computers & Peripherals","Automotive Electronics and EV","Medical Technology","Electricity and New Energy","Internet of Things (loT)","Embodied Intelligence","Artificial Intelligence","Data Center / Cloud Computing","Aviation & Space Technology","Military Electronics","Mechanical Engineering","Rail Transit"
"https://onlinecatalogue.electronicachina.com.cn/Public/Uploads/useimg/20250407/Walson240x120.png","Walson Electronics","China","N2.255","https://onlinecatalogue.electronicachina.com.cn/journal/exhibitor/2386","Passive components (capacitors, resistors, inductors, etc.) and Relays","Industrial Electronics / Industrial Control","Communication System","Consumer Electronics","Computers & Peripherals","Automotive Electronics and EV","Medical Technology","Electricity and New Energy","Aviation & Space Technology","Military Electronics","Security & protection system","Lighting engineering","Intelligent building","Household appliances","",""
"https://onlinecatalogue.electronicachina.com.cn/Public/Uploads/useimg/20250327/huaertonglogoR1-144.png","WALTON ELECTRONICS CO.,LTD","China","N3.820","https://onlinecatalogue.electronicachina.com.cn/journal/exhibitor/2093","Semiconductors","Sensor technology","Electronic Design (ED/EDA)","Passive components (capacitors, resistors, inductors, etc.) and Relays","Connectors, Switches, Casing technology, Wire Harness, etc","Assemblies and subsystems","Communication System","Consumer Electronics","Medical Technology","Internet of Things (loT)","Aviation & Space Technology","","","","",""
"https://onlinecatalogue.electronicachina.com.cn/Public/Uploads/useimg/20250325/72371a71ebe21c68b2d25a7ce0e360d.png","WAN SEMICONDUCTOR (NINGBO) CO., LTD","China","N3.605","https://onlinecatalogue.electronicachina.com.cn/journal/exhibitor/2176","Semiconductors","Industrial Electronics / Industrial Control","Consumer Electronics","Automotive Electronics and EV","Lighting engineering","Household appliances","","","","","","","","","",""
"https://onlinecatalogue.electronicachina.com.cn/Public/Uploads/uploadfile/images/20260323/eClogoShanghai776x328EN-527.png","WANAN YUWEI ELECTRONICS CO.,LTD","China","N3.331","https://onlinecatalogue.electronicachina.com.cn/journal/exhibitor/1721","","","","","","","","","","","","","","","",""
"https://onlinecatalogue.electronicachina.com.cn/Public/Uploads/useimg/20250401/wayonlogo.png","Wayon Electronics Co., Ltd.","China","N4.705","https://onlinecatalogue.electronicachina.com.cn/journal/exhibitor/1283","Semiconductors","Embedded systems","Displays","Sensor technology","Electronic Design (ED/EDA)","Passive components (capacitors, resistors, inductors, etc.) and Relays","Connectors, Switches, Casing technology, Wire Harness, etc","Power supplies","PCBs, other circuit carrier","Assemblies and subsystems","Automotive and testing","Industrial Electronics / Industrial Control","Communication System","Consumer Electronics","Computers & Peripherals","Automotive Electronics and EV"
"https://onlinecatalogue.electronicachina.com.cn/Public/Uploads/useimg/20250224/WCONLOGO.jpg","WCON ELECTRONICS CO.,LTD","China","W1.533","https://onlinecatalogue.electronicachina.com.cn/journal/exhibitor/1510","Other, please indicate","Industrial Electronics / Industrial Control","Communication System","Consumer Electronics","Automotive Electronics and EV","Medical Technology","Rail Transit","Lighting engineering","Intelligent building","Household appliances","","","","","",""
"https://onlinecatalogue.electronicachina.com.cn/Public/Uploads/useimg/20250224/ruinengLOGOhengban.png","WeEn Semiconductors Co., Ltd","China","N5.536","https://onlinecatalogue.electronicachina.com.cn/journal/exhibitor/1284","Semiconductors","Industrial Electronics / Industrial Control","Consumer Electronics","Automotive Electronics and EV","Electricity and New Energy","Data Center / Cloud Computing","Mechanical Engineering","Household appliances","","","","","","","",""
"https://onlinecatalogue.electronicachina.com.cn/Public/Uploads/uploadfile/images/20260323/eClogoShanghai776x328EN-527.png","Weifang Huaguang Heat Sink Co., Ltd.","China","W4.825","https://onlinecatalogue.electronicachina.com.cn/journal/exhibitor/3412","Power supplies","PCBs, other circuit carrier","Assemblies and subsystems","Industrial Electronics / Industrial Control","Consumer Electronics","Electricity and New Energy","Data Center / Cloud Computing","Household appliances","","","","","","","",""
"https://onlinecatalogue.electronicachina.com.cn/Public/Uploads/uploadfile/images/20260323/eClogoShanghai776x328EN-527.png","Weifang Jinhaidi Electronic Co., Ltd.","China","W5.251","https://onlinecatalogue.electronicachina.com.cn/journal/exhibitor/2747","","","","","","","","","","","","","","","",""
"https://onlinecatalogue.electronicachina.com.cn/Public/Uploads/useimg/20250208/43dc1f5cd36930d5e37bae6de6ecc5f.png","WeiFeng Electronic Products (Kunshan) Co.,Ltd.","Taiwan, China","N3.721","https://onlinecatalogue.electronicachina.com.cn/journal/exhibitor/1160","Semiconductors","Sensor technology","Passive components (capacitors, resistors, inductors, etc.) and Relays","Connectors, Switches, Casing technology, Wire Harness, etc","Automotive and testing","Information gathering and services","Industrial Electronics / Industrial Control","Communication System","Computers & Peripherals","Automotive Electronics and EV","Electricity and New Energy","Aviation & Space Technology","Military Electronics","Mechanical Engineering","Mobile phone",""
"https://onlinecatalogue.electronicachina.com.cn/Public/Uploads/useimg/20260422/Tobybinweilianfengranchuangankejishuiyinwenjian0.jpg","Weilian Fengran Sensor Technology","China","N3.636","https://onlinecatalogue.electronicachina.com.cn/journal/exhibitor/2696","Sensor technology","Industrial Electronics / Industrial Control","Automotive Electronics and EV","Medical Technology","Electricity and New Energy","Internet of Things (loT)","Aviation & Space Technology","Military Electronics","Mechanical Engineering","Rail Transit","Security & protection system","Intelligent building","Household appliances","","",""
"https://onlinecatalogue.electronicachina.com.cn/Public/Uploads/useimg/20251212/weimao.jpg","Weimao Electronic","China","W2.100","https://onlinecatalogue.electronicachina.com.cn/journal/exhibitor/1615","Connectors, Switches, Casing technology, Wire Harness, etc","Automotive and testing","Industrial Electronics / Industrial Control","Communication System","Consumer Electronics","Automotive Electronics and EV","Electricity and New Energy","","","","","","","","",""
"https://onlinecatalogue.electronicachina.com.cn/Public/Uploads/useimg/20250207/xinWEIPULOGO.jpg","Weipu Electrical Appliance Co., Ltd","China","W3.513","https://onlinecatalogue.electronicachina.com.cn/journal/exhibitor/1616","Other, please indicate","Industrial Electronics / Industrial Control","Automotive Electronics and EV","Medical Technology","Electricity and New Energy","Internet of Things (loT)","Aviation & Space Technology","Military Electronics","Mechanical Engineering","Rail Transit","Security & protection system","Lighting engineering","Intelligent building","","",""
"https://onlinecatalogue.electronicachina.com.cn/Public/Uploads/uploadfile/images/20260323/eClogoShanghai776x328EN-527.png","Weisun Tech","China","W3.666","https://onlinecatalogue.electronicachina.com.cn/journal/exhibitor/3639","","","","","","","","","","","","","","","",""
"https://onlinecatalogue.electronicachina.com.cn/Public/Uploads/uploadfile/images/20260323/eClogoShanghai776x328EN-527.png","WELINK ELECTRONIC TECHNOLOGY CO.,LTD","China","W1.217","https://onlinecatalogue.electronicachina.com.cn/journal/exhibitor/1511","Connectors, Switches, Casing technology, Wire Harness, etc","Assemblies and subsystems","Industrial Electronics / Industrial Control","Communication System","Consumer Electronics","Computers & Peripherals","Automotive Electronics and EV","Medical Technology","Electricity and New Energy","Internet of Things (loT)","Aviation & Space Technology","Military Electronics","Mechanical Engineering","Rail Transit","Security & protection system","Lighting engineering"
"https://onlinecatalogue.electronicachina.com.cn/Public/Uploads/useimg/20260410/huaban172x.png","Well Ascent Electronic (Ganzhou) Co., Ltd.","China","N2.111","https://onlinecatalogue.electronicachina.com.cn/journal/exhibitor/2855","Connectors, Switches, Casing technology, Wire Harness, etc","Electronic materials","Industrial Electronics / Industrial Control","Consumer Electronics","Automotive Electronics and EV","Embodied Intelligence","Artificial Intelligence","Data Center / Cloud Computing","Aviation & Space Technology","Rail Transit","Household appliances","Mobile phone","","","",""
"https://onlinecatalogue.electronicachina.com.cn/Public/Uploads/useimg/20250407/logo240120.png","WELLFORCES (SHANGHAI) CO.,LTD.","China","W5.706","https://onlinecatalogue.electronicachina.com.cn/journal/exhibitor/1162","Power supplies","Industrial Electronics / Industrial Control","Communication System","Automotive Electronics and EV","Medical Technology","Electricity and New Energy","Mechanical Engineering","Rail Transit","Security & protection system","Lighting engineering","Intelligent building","Household appliances","Others, please indicate","","",""
"https://onlinecatalogue.electronicachina.com.cn/Public/Uploads/useimg/20260521/weijianlogobaibiandair.png","Wellking Electronics (Xi'an) Co., Ltd.","China","N2.126","https://onlinecatalogue.electronicachina.com.cn/journal/exhibitor/1057","Semiconductors","Passive components (capacitors, resistors, inductors, etc.) and Relays","Power supplies","Electronic materials","Industrial Electronics / Industrial Control","Communication System","Consumer Electronics","Automotive Electronics and EV","Medical Technology","Electricity and New Energy","Aviation & Space Technology","Military Electronics","Mechanical Engineering","Rail Transit","",""
"https://onlinecatalogue.electronicachina.com.cn/Public/Uploads/useimg/20250115/chuangyidianzi240120.jpg","Weltronics Component Limited","Japan","N4.749","https://onlinecatalogue.electronicachina.com.cn/journal/exhibitor/1285","Semiconductors","Sensor technology","Passive components (capacitors, resistors, inductors, etc.) and Relays","Connectors, Switches, Casing technology, Wire Harness, etc","Industrial Electronics / Industrial Control","Communication System","Consumer Electronics","Computers & Peripherals","Automotive Electronics and EV","Medical Technology","Electricity and New Energy","Internet of Things (loT)","Aviation & Space Technology","Intelligent building","Household appliances","Mobile phone"
"https://onlinecatalogue.electronicachina.com.cn/Public/Uploads/uploadfile/images/20260323/eClogoShanghai776x328EN-527.png","Wenbuluo Electrical Co., Ltd","China","W4.353-8","https://onlinecatalogue.electronicachina.com.cn/journal/exhibitor/3634","","","","","","","","","","","","","","","",""
"https://onlinecatalogue.electronicachina.com.cn/Public/Uploads/uploadfile/images/20260323/eClogoShanghai776x328EN-527.png","Wenzhou Aohai Electric Co.,Ltd.","China","W1.725","https://onlinecatalogue.electronicachina.com.cn/journal/exhibitor/1512","","","","","","","","","","","","","","","",""
"https://onlinecatalogue.electronicachina.com.cn/Public/Uploads/uploadfile/images/20260323/eClogoShanghai776x328EN-527.png","WENZHOU BOSHUN ELECTRONICS CO.,LTD","China","W2.526","https://onlinecatalogue.electronicachina.com.cn/journal/exhibitor/1513","Connectors, Switches, Casing technology, Wire Harness, etc","Automotive Electronics and EV","","","","","","","","","","","","","",""
"https://onlinecatalogue.electronicachina.com.cn/Public/Uploads/useimg/20260521/tupian1-603.png","WenZhou Changjiang Electrical Appliance Factory","China","W4.277","https://onlinecatalogue.electronicachina.com.cn/journal/exhibitor/3173","Electronic Design (ED/EDA)","Passive components (capacitors, resistors, inductors, etc.) and Relays","Connectors, Switches, Casing technology, Wire Harness, etc","Power supplies","Electronic materials","Artificial intelligence technology","Industrial Electronics / Industrial Control","Communication System","Consumer Electronics","Computers & Peripherals","Automotive Electronics and EV","Medical Technology","Electricity and New Energy","Internet of Things (loT)","Embodied Intelligence","Artificial Intelligence"
"https://onlinecatalogue.electronicachina.com.cn/Public/Uploads/useimg/20250314/qiyeweixin202503141300352x.png","Wenzhou DiYao Electronic Technology Co., Ltd","China","W4.367","https://onlinecatalogue.electronicachina.com.cn/journal/exhibitor/2570","Connectors, Switches, Casing technology, Wire Harness, etc","Information gathering and services","Industrial Electronics / Industrial Control","Consumer Electronics","Computers & Peripherals","Automotive Electronics and EV","Internet of Things (loT)","","","","","","","","",""
"https://onlinecatalogue.electronicachina.com.cn/Public/Uploads/uploadfile/images/20260323/eClogoShanghai776x328EN-527.png","WENZHOU GUMAI CAPACITOR TECHNOLOGY CO., LTD.","China","W5.660","https://onlinecatalogue.electronicachina.com.cn/journal/exhibitor/3371","","","","","","","","","","","","","","","",""
"https://onlinecatalogue.electronicachina.com.cn/Public/Uploads/useimg/20260403/jinzijingdianzibiao01-543.png","Wenzhou Hanjing Electronics","China","W3.161","https://onlinecatalogue.electronicachina.com.cn/journal/exhibitor/1723","Connectors, Switches, Casing technology, Wire Harness, etc","Industrial Electronics / Industrial Control","Communication System","Consumer Electronics","Computers & Peripherals","Automotive Electronics and EV","Medical Technology","Security & protection system","Lighting engineering","Household appliances","Mobile phone","","","","",""
"https://onlinecatalogue.electronicachina.com.cn/Public/Uploads/useimg/20250317/54363af659be599eb475a8b41b9dbf1.jpg","Wenzhou Hongqiang Industrial Co., LTD","China","W1.221","https://onlinecatalogue.electronicachina.com.cn/journal/exhibitor/1514","Connectors, Switches, Casing technology, Wire Harness, etc","Automotive and testing","Automotive Electronics and EV","","","","","","","","","","","","",""
"https://onlinecatalogue.electronicachina.com.cn/Public/Uploads/useimg/20260521/weimingming1.jpg","Wenzhou Hongsu Electronic Technology Co., Ltd","China","W4.371","https://onlinecatalogue.electronicachina.com.cn/journal/exhibitor/2565","Connectors, Switches, Casing technology, Wire Harness, etc","Electronic materials","Assemblies and subsystems","Industrial Electronics / Industrial Control","Communication System","Consumer Electronics","Computers & Peripherals","Automotive Electronics and EV","Military Electronics","Mechanical Engineering","Lighting engineering","Others, please indicate","","","",""
"https://onlinecatalogue.electronicachina.com.cn/Public/Uploads/useimg/20260331/huagulogo.png","WENZHOU HUAGU FASTENER CO.,LTD","China","W1.260","https://onlinecatalogue.electronicachina.com.cn/journal/exhibitor/2759","Connectors, Switches, Casing technology, Wire Harness, etc","Automotive Electronics and EV","Electricity and New Energy","","","","","","","","","","","","",""
"https://onlinecatalogue.electronicachina.com.cn/Public/Uploads/uploadfile/images/20260323/eClogoShanghai776x328EN-527.png","Wenzhou Huazhen Electric Co., Ltd","China","W3.533","https://onlinecatalogue.electronicachina.com.cn/journal/exhibitor/2978","","","","","","","","","","","","","","","",""
"https://onlinecatalogue.electronicachina.com.cn/Public/Uploads/uploadfile/images/20260323/eClogoShanghai776x328EN-527.png","Wenzhou Jason Fan Manufacturer CO.,LTD.","China","N2.655","https://onlinecatalogue.electronicachina.com.cn/journal/exhibitor/3112","","","","","","","","","","","","","","","",""
"https://onlinecatalogue.electronicachina.com.cn/Public/Uploads/uploadfile/images/20260323/eClogoShanghai776x328EN-527.png","WENZHOU KENAITONG ELECTRICAL CO.,LTD.","China","W4.311","https://onlinecatalogue.electronicachina.com.cn/journal/exhibitor/2581","Connectors, Switches, Casing technology, Wire Harness, etc","PCBs, other circuit carrier","Industrial Electronics / Industrial Control","Communication System","Computers & Peripherals","Automotive Electronics and EV","Medical Technology","Rail Transit","Lighting engineering","","","","","","",""
"https://onlinecatalogue.electronicachina.com.cn/Public/Uploads/uploadfile/images/20260323/eClogoShanghai776x328EN-527.png","Wenzhou LeYi Auto Parts Co., Ltd.","China","W4.105-15","https://onlinecatalogue.electronicachina.com.cn/journal/exhibitor/3620","","","","","","","","","","","","","","","",""
"https://onlinecatalogue.electronicachina.com.cn/Public/Uploads/useimg/20260514/2020-737.png","WENZHOU LONGHUA DAILY ELECTRON CO., LTD","China","W4.124","https://onlinecatalogue.electronicachina.com.cn/journal/exhibitor/2780","Connectors, Switches, Casing technology, Wire Harness, etc","Other, please indicate","Communication System","Consumer Electronics","Computers & Peripherals","Automotive Electronics and EV","Electricity and New Energy","Artificial Intelligence","Security & protection system","Household appliances","","","","","",""
"https://onlinecatalogue.electronicachina.com.cn/Public/Uploads/uploadfile/images/20260323/eClogoShanghai776x328EN-527.png","WENZHOU MOGEN ELECTRIC CO.,LTD.","China","W4.134","https://onlinecatalogue.electronicachina.com.cn/journal/exhibitor/3494","","","","","","","","","","","","","","","",""
"https://onlinecatalogue.electronicachina.com.cn/Public/Uploads/useimg/20250328/1abe1a8b79c9a5bfccc565717d557a8.jpg","WENZHOU PINWEI ELECTRICAL TECHNOLOGY CO.,LTD","China","W3.132","https://onlinecatalogue.electronicachina.com.cn/journal/exhibitor/1724","Connectors, Switches, Casing technology, Wire Harness, etc","Power supplies","Assemblies and subsystems","Automotive and testing","Information gathering and services","Industrial Electronics / Industrial Control","Communication System","Consumer Electronics","Computers & Peripherals","Automotive Electronics and EV","Medical Technology","Electricity and New Energy","Aviation & Space Technology","Security & protection system","Lighting engineering","Household appliances"
"https://onlinecatalogue.electronicachina.com.cn/Public/Uploads/useimg/20250314/mmexport1593695817140.jpg","Wenzhou Pinye Electronic Technology Co.,Ltd","China","W4.741","https://onlinecatalogue.electronicachina.com.cn/journal/exhibitor/2415","Displays","Connectors, Switches, Casing technology, Wire Harness, etc","Industrial Electronics / Industrial Control","Communication System","Consumer Electronics","Computers & Peripherals","Medical Technology","Household appliances","","","","","","","",""
"https://onlinecatalogue.electronicachina.com.cn/Public/Uploads/uploadfile/images/20260323/eClogoShanghai776x328EN-527.png","WENZHOU QIANXIANG ELECTRIC TECHNOLOGY CO., LTD.","China","W5.660","https://onlinecatalogue.electronicachina.com.cn/journal/exhibitor/3270","","","","","","","","","","","","","","","",""
"https://onlinecatalogue.electronicachina.com.cn/Public/Uploads/uploadfile/images/20260323/eClogoShanghai776x328EN-527.png","WENZHOU QIANXUN ELECTRICAL TECHNOLOGY CO.,LTD","China","W4.105-6","https://onlinecatalogue.electronicachina.com.cn/journal/exhibitor/3618","","","","","","","","","","","","","","","",""
"https://onlinecatalogue.electronicachina.com.cn/Public/Uploads/uploadfile/images/20260323/eClogoShanghai776x328EN-527.png","Wenzhou Qinghe Electronics Co., Ltd","China","W1.128","https://onlinecatalogue.electronicachina.com.cn/journal/exhibitor/2228","","","","","","","","","","","","","","","",""
"https://onlinecatalogue.electronicachina.com.cn/Public/Uploads/useimg/20250401/logo-226.jpg","Wenzhou Ruichuan Electronics Co.,Ltd.","China","W1.846","https://onlinecatalogue.electronicachina.com.cn/journal/exhibitor/1725","Connectors, Switches, Casing technology, Wire Harness, etc","Industrial Electronics / Industrial Control","Computers & Peripherals","Automotive Electronics and EV","","","","","","","","","","","",""
"https://onlinecatalogue.electronicachina.com.cn/Public/Uploads/uploadfile/images/20260323/eClogoShanghai776x328EN-527.png","Wenzhou Shengpa Electronic Technology Co., Ltd.","China","W4.105-8","https://onlinecatalogue.electronicachina.com.cn/journal/exhibitor/3625","","","","","","","","","","","","","","","",""
"https://onlinecatalogue.electronicachina.com.cn/Public/Uploads/uploadfile/images/20260323/eClogoShanghai776x328EN-527.png","Wenzhou Shenji Electronic Technology Co., Ltd","China","W2.245","https://onlinecatalogue.electronicachina.com.cn/journal/exhibitor/1515","","","","","","","","","","","","","","","",""
"https://onlinecatalogue.electronicachina.com.cn/Public/Uploads/useimg/20260513/SYZD.png","Wenzhou Shiyun Electronic Co., Ltd.","China","W3.265","https://onlinecatalogue.electronicachina.com.cn/journal/exhibitor/2131","Connectors, Switches, Casing technology, Wire Harness, etc","Assemblies and subsystems","Communication System","Consumer Electronics","Computers & Peripherals","Automotive Electronics and EV","Medical Technology","Electricity and New Energy","Internet of Things (loT)","Aviation & Space Technology","Rail Transit","Household appliances","Mobile phone","","",""
"https://onlinecatalogue.electronicachina.com.cn/Public/Uploads/uploadfile/images/20260323/eClogoShanghai776x328EN-527.png","Wenzhou Wanda Electronics Co., Ltd","China","W2.901","https://onlinecatalogue.electronicachina.com.cn/journal/exhibitor/2994","","","","","","","","","","","","","","","",""
"https://onlinecatalogue.electronicachina.com.cn/Public/Uploads/uploadfile/images/20260323/eClogoShanghai776x328EN-527.png","Wenzhou Yangsheng Plastic Parts Co., Ltd","China","W2.560","https://onlinecatalogue.electronicachina.com.cn/journal/exhibitor/2911","","","","","","","","","","","","","","","",""
"https://onlinecatalogue.electronicachina.com.cn/Public/Uploads/uploadfile/images/20260323/eClogoShanghai776x328EN-527.png","WENZHOU YINGFEI ELECTRICAL CO.,LTD","China","W3.537","https://onlinecatalogue.electronicachina.com.cn/journal/exhibitor/2949","","","","","","","","","","","","","","","",""
"https://onlinecatalogue.electronicachina.com.cn/Public/Uploads/uploadfile/images/20260323/eClogoShanghai776x328EN-527.png","WENZHOU ZEDA ELECTRIC CO., LTD.","China","W2.853","https://onlinecatalogue.electronicachina.com.cn/journal/exhibitor/2688","","","","","","","","","","","","","","","",""
"https://onlinecatalogue.electronicachina.com.cn/Public/Uploads/uploadfile/images/20260323/eClogoShanghai776x328EN-527.png","WIER Guangdong Science&Technology Co.,Ltd.","China","W5.301","https://onlinecatalogue.electronicachina.com.cn/journal/exhibitor/1091","","","","","","","","","","","","","","","",""
"https://onlinecatalogue.electronicachina.com.cn/Public/Uploads/useimg/20250217/kejiLOGOhazhong01.png","WIESON AUTOMOTIVE CO., LTD.","Taiwan, China","W4.333","https://onlinecatalogue.electronicachina.com.cn/journal/exhibitor/2371","Automotive and testing","Automotive Electronics and EV","","","","","","","","","","","","","",""
"https://onlinecatalogue.electronicachina.com.cn/Public/Uploads/useimg/20250225/LOGO.png","WIN WIN PRECISION INDUSTRIAL CO., LTD.","Taiwan, China","W4.233","https://onlinecatalogue.electronicachina.com.cn/journal/exhibitor/2221","Semiconductors","Displays","Electronic Design (ED/EDA)","Connectors, Switches, Casing technology, Wire Harness, etc","Assemblies and subsystems","Wireless","Artificial intelligence technology","Information gathering and services","Industrial Electronics / Industrial Control","Communication System","Consumer Electronics","Computers & Peripherals","Medical Technology","Electricity and New Energy","Artificial Intelligence","Aviation & Space Technology"
"https://onlinecatalogue.electronicachina.com.cn/Public/Uploads/useimg/20250219/winbondlogoe[1].png","Winbond","China","N5.209","https://onlinecatalogue.electronicachina.com.cn/journal/exhibitor/1404","Semiconductors","Embedded systems","Automotive and testing","Wireless","Information gathering and services","Industrial Electronics / Industrial Control","Communication System","Consumer Electronics","Computers & Peripherals","Automotive Electronics and EV","Medical Technology","Internet of Things (loT)","Security & protection system","Intelligent building","Household appliances","Mobile phone"
"https://onlinecatalogue.electronicachina.com.cn/Public/Uploads/uploadfile/images/20260323/eClogoShanghai776x328EN-527.png","WINSOK","China","N3.542","https://onlinecatalogue.electronicachina.com.cn/journal/exhibitor/1286","","","","","","","","","","","","","","","",""
"https://onlinecatalogue.electronicachina.com.cn/Public/Uploads/useimg/20250407/LOGOwudise.png","Wintech Nano (Suzhou) Co., Ltd.","China","N3.260","https://onlinecatalogue.electronicachina.com.cn/journal/exhibitor/1405","Semiconductors","Automotive and testing","Information gathering and services","Other, please indicate","Industrial Electronics / Industrial Control","Consumer Electronics","Computers & Peripherals","Automotive Electronics and EV","Electricity and New Energy","Mobile phone","","","","","",""
"https://onlinecatalogue.electronicachina.com.cn/Public/Uploads/uploadfile/images/20260323/eClogoShanghai776x328EN-527.png","WISELITE Optronics Co.,Ltd","Taiwan, China","N5.366","https://onlinecatalogue.electronicachina.com.cn/journal/exhibitor/2901","","","","","","","","","","","","","","","",""
"https://onlinecatalogue.electronicachina.com.cn/Public/Uploads/useimg/20260509/WISKALogotouming-627.png","WISKA Electric Systems (Shanghai) Co., Ltd","Germany","W3.710","https://onlinecatalogue.electronicachina.com.cn/journal/exhibitor/2869","Connectors, Switches, Casing technology, Wire Harness, etc","Industrial Electronics / Industrial Control","Communication System","Consumer Electronics","Automotive Electronics and EV","Electricity and New Energy","Internet of Things (loT)","Embodied Intelligence","Artificial Intelligence","Data Center / Cloud Computing","Aviation & Space Technology","Military Electronics","Mechanical Engineering","Rail Transit","Security & protection system","Lighting engineering"
"https://onlinecatalogue.electronicachina.com.cn/Public/Uploads/uploadfile/images/20260323/eClogoShanghai776x328EN-527.png","Wispower","China","W5.700","https://onlinecatalogue.electronicachina.com.cn/journal/exhibitor/1163","","","","","","","","","","","","","","","",""
"https://onlinecatalogue.electronicachina.com.cn/Public/Uploads/useimg/20260305/747f8a27bfe2b48db60c4d3e6e25c386-61.png","Wolf Metal Parts Ltd","China","W2.613","https://onlinecatalogue.electronicachina.com.cn/journal/exhibitor/2991","Other, please indicate","Consumer Electronics","Computers & Peripherals","Automotive Electronics and EV","Medical Technology","Electricity and New Energy","Artificial Intelligence","Aviation & Space Technology","Military Electronics","Security & protection system","Household appliances","Others, please indicate","","","",""
"https://onlinecatalogue.electronicachina.com.cn/Public/Uploads/uploadfile/images/20260323/eClogoShanghai776x328EN-527.png","WOODMAN AI","China","W5.930","https://onlinecatalogue.electronicachina.com.cn/journal/exhibitor/3445","","","","","","","","","","","","","","","",""
"https://onlinecatalogue.electronicachina.com.cn/Public/Uploads/uploadfile/images/20260323/eClogoShanghai776x328EN-527.png","WUHAN FORTE BATTERY CO.,LTD","China","N3.659","https://onlinecatalogue.electronicachina.com.cn/journal/exhibitor/3383","","","","","","","","","","","","","","","",""
"https://onlinecatalogue.electronicachina.com.cn/Public/Uploads/useimg/20250408/LOGO.png","WuHan Precise Instrument Co.,Ltd.","China","N3.739","https://onlinecatalogue.electronicachina.com.cn/journal/exhibitor/1164","Test and measurement","Automotive Electronics and EV","Electricity and New Energy","Rail Transit","","","","","","","","","","","",""
"https://onlinecatalogue.electronicachina.com.cn/Public/Uploads/uploadfile/images/20260323/eClogoShanghai776x328EN-527.png","Wuhan Sapphire Laser Technology Co.,Ltd.","China","N3.842","https://onlinecatalogue.electronicachina.com.cn/journal/exhibitor/3201","","","","","","","","","","","","","","","",""
"https://onlinecatalogue.electronicachina.com.cn/Public/Uploads/useimg/20250304/weibiaoti1.jpg","Wuhan Xinyuan Semiconductor Co., Ltd.","China","N5.121","https://onlinecatalogue.electronicachina.com.cn/journal/exhibitor/2263","Semiconductors","Embedded systems","Industrial Electronics / Industrial Control","Communication System","Consumer Electronics","Automotive Electronics and EV","Medical Technology","Electricity and New Energy","Internet of Things (loT)","Security & protection system","Lighting engineering","Intelligent building","Household appliances","","",""
"https://onlinecatalogue.electronicachina.com.cn/Public/Uploads/useimg/20260508/logo.png","Wuhu Huayuan Microelectronics Co., Ltd.","China","N3.361","https://onlinecatalogue.electronicachina.com.cn/journal/exhibitor/3124","Semiconductors","Test and measurement","Automotive and testing","Artificial intelligence technology","Industrial Electronics / Industrial Control","Consumer Electronics","Computers & Peripherals","Automotive Electronics and EV","Embodied Intelligence","Military Electronics","Household appliances","","","","",""
"https://onlinecatalogue.electronicachina.com.cn/Public/Uploads/useimg/20250305/1.gongsilogobaidi.png","Wujiang General Silicones Co. LTD.","Taiwan, China","W4.917","https://onlinecatalogue.electronicachina.com.cn/journal/exhibitor/2273","Embedded systems","Displays","Test and measurement","Connectors, Switches, Casing technology, Wire Harness, etc","PCBs, other circuit carrier","Assemblies and subsystems","Automotive and testing","Wireless","Information gathering and services","Industrial Electronics / Industrial Control","Communication System","Consumer Electronics","Computers & Peripherals","Automotive Electronics and EV","Medical Technology","Electricity and New Energy"
"https://onlinecatalogue.electronicachina.com.cn/Public/Uploads/useimg/20250205/logotouming.png","WUJIANG TUOYAN CO., LTD.","China","W2.128","https://onlinecatalogue.electronicachina.com.cn/journal/exhibitor/1861","Automotive and testing","Information gathering and services","Other, please indicate","Industrial Electronics / Industrial Control","Consumer Electronics","Computers & Peripherals","Automotive Electronics and EV","Medical Technology","Electricity and New Energy","Aviation & Space Technology","Military Electronics","Mechanical Engineering","Rail Transit","Household appliances","Others, please indicate",""
"https://onlinecatalogue.electronicachina.com.cn/Public/Uploads/useimg/20260507/LOGO.jpg","Wuxi  Dongying Electronics Co., Ltd.","China","N2.266","https://onlinecatalogue.electronicachina.com.cn/journal/exhibitor/1929","Assemblies and subsystems","Automotive and testing","Other, please indicate","Industrial Electronics / Industrial Control","Automotive Electronics and EV","Medical Technology","Electricity and New Energy","Aviation & Space Technology","Military Electronics","Household appliances","","","","","",""
"https://onlinecatalogue.electronicachina.com.cn/Public/Uploads/useimg/20260408/shangbiao.png","Wuxi  Youli  Inductor  Co.,Ltd.","China","N2.767","https://onlinecatalogue.electronicachina.com.cn/journal/exhibitor/2755","Passive components (capacitors, resistors, inductors, etc.) and Relays","Industrial Electronics / Industrial Control","Communication System","Computers & Peripherals","Automotive Electronics and EV","Electricity and New Energy","Lighting engineering","Household appliances","","","","","","","",""
"https://onlinecatalogue.electronicachina.com.cn/Public/Uploads/useimg/20260302/screenshot20250409163856.png","Wuxi DK Electronic Materials Co.,Ltd.","China","N3.355","https://onlinecatalogue.electronicachina.com.cn/journal/exhibitor/2894","Semiconductors","Sensor technology","Passive components (capacitors, resistors, inductors, etc.) and Relays","Electronic materials","Industrial Electronics / Industrial Control","Consumer Electronics","Computers & Peripherals","Automotive Electronics and EV","Electricity and New Energy","Internet of Things (loT)","Embodied Intelligence","Artificial Intelligence","Data Center / Cloud Computing","Aviation & Space Technology","Security & protection system","Household appliances"
"https://onlinecatalogue.electronicachina.com.cn/Public/Uploads/useimg/20260604/gongsilogo-631.jpg","Wuxi Farun Electronic Technology Co.,Ltd.","China","N3.770","https://onlinecatalogue.electronicachina.com.cn/journal/exhibitor/2743","Semiconductors","Test and measurement","Other, please indicate","Industrial Electronics / Industrial Control","Others, please indicate","","","","","","","","","","",""
"https://onlinecatalogue.electronicachina.com.cn/Public/Uploads/useimg/20250318/logo.jpg","Wuxi Hongguang Micro Electronic Limited by Share Ltd.","China","N5.737","https://onlinecatalogue.electronicachina.com.cn/journal/exhibitor/1287","Sensor technology","Information gathering and services","Consumer Electronics","Automotive Electronics and EV","","","","","","","","","","","",""
"https://onlinecatalogue.electronicachina.com.cn/Public/Uploads/uploadfile/images/20260323/eClogoShanghai776x328EN-527.png","Wuxi Huabao Insulation Material Co., Ltd","China","W4.288","https://onlinecatalogue.electronicachina.com.cn/journal/exhibitor/3320","","","","","","","","","","","","","","","",""
"https://onlinecatalogue.electronicachina.com.cn/Public/Uploads/uploadfile/images/20260323/eClogoShanghai776x328EN-527.png","Wuxi Huirun Microelectronics Co., Ltd.","China","N5.757","https://onlinecatalogue.electronicachina.com.cn/journal/exhibitor/3417","","","","","","","","","","","","","","","",""
"https://onlinecatalogue.electronicachina.com.cn/Public/Uploads/uploadfile/images/20260323/eClogoShanghai776x328EN-527.png","WUXI I-CORE Electronics Co.,Ltd.","China","N5.717","https://onlinecatalogue.electronicachina.com.cn/journal/exhibitor/3022","","","","","","","","","","","","","","","",""
"https://onlinecatalogue.electronicachina.com.cn/Public/Uploads/uploadfile/images/20260323/eClogoShanghai776x328EN-527.png","WUXI NCEPOWER CO.,LTD","China","N5.557","https://onlinecatalogue.electronicachina.com.cn/journal/exhibitor/1288","","","","","","","","","","","","","","","",""
"https://onlinecatalogue.electronicachina.com.cn/Public/Uploads/useimg/20260509/logotoumingdi11-358.png","Wuxi Pajie Science & Technology Co., Ltd.","China","W5.649","https://onlinecatalogue.electronicachina.com.cn/journal/exhibitor/1819","Test and measurement","Industrial Electronics / Industrial Control","Communication System","Consumer Electronics","Computers & Peripherals","Automotive Electronics and EV","Electricity and New Energy","Internet of Things (loT)","Rail Transit","Security & protection system","Household appliances","","","","",""
"https://onlinecatalogue.electronicachina.com.cn/Public/Uploads/useimg/20250324/1.png","WuXi Si-Power Micro-Electronics Co.,ltd","China","N4.350","https://onlinecatalogue.electronicachina.com.cn/journal/exhibitor/1407","Semiconductors","Power supplies","Industrial Electronics / Industrial Control","Consumer Electronics","Automotive Electronics and EV","","","","","","","","","","",""
"https://onlinecatalogue.electronicachina.com.cn/Public/Uploads/useimg/20250211/gongsilogo.png","Wuxi Smart Memories Technologies Co.,Ltd.","China","N4.141","https://onlinecatalogue.electronicachina.com.cn/journal/exhibitor/2095","Semiconductors","Industrial Electronics / Industrial Control","Consumer Electronics","Automotive Electronics and EV","Medical Technology","Electricity and New Energy","Rail Transit","","","","","","","","",""
"https://onlinecatalogue.electronicachina.com.cn/Public/Uploads/uploadfile/images/20260323/eClogoShanghai776x328EN-527.png","WUXI UNIVERSAL NETWORK CORPORATION","Taiwan, China","W2.626","https://onlinecatalogue.electronicachina.com.cn/journal/exhibitor/3069","","","","","","","","","","","","","","","",""
"https://onlinecatalogue.electronicachina.com.cn/Public/Uploads/uploadfile/images/20260323/eClogoShanghai776x328EN-527.png","WUXI WATTECH ELECTRONIC TECHNOLOGY CO., LTD.","China","W5.738","https://onlinecatalogue.electronicachina.com.cn/journal/exhibitor/1167","","","","","","","","","","","","","","","",""
"https://onlinecatalogue.electronicachina.com.cn/Public/Uploads/useimg/20260414/240x1201.png","XI'AN AGITEK TECHNOLOGIES CO.LTD","China","W5.629","https://onlinecatalogue.electronicachina.com.cn/journal/exhibitor/3049","Semiconductors","Embedded systems","Micronano-systems (MEMS, etc.)","Sensor technology","Test and measurement","Electronic Design (ED/EDA)","Passive components (capacitors, resistors, inductors, etc.) and Relays","Connectors, Switches, Casing technology, Wire Harness, etc","Power supplies","PCBs, other circuit carrier","Electronic Manufacturing Services (EMS)","Electronic materials","Automotive and testing","Wireless","Artificial intelligence technology","Information gathering and services"
"https://onlinecatalogue.electronicachina.com.cn/Public/Uploads/uploadfile/images/20260323/eClogoShanghai776x328EN-527.png","Xi'an Hengxiang Control Technology Co., Ltd.","China","N3.762","https://onlinecatalogue.electronicachina.com.cn/journal/exhibitor/3527","Semiconductors","Embedded systems","Aviation & Space Technology","Military Electronics","Rail Transit","","","","","","","","","","",""
"https://onlinecatalogue.electronicachina.com.cn/Public/Uploads/uploadfile/images/20260323/eClogoShanghai776x328EN-527.png","Xi'an Microelectronics Technology Institute","China","N3.333","https://onlinecatalogue.electronicachina.com.cn/journal/exhibitor/3301","","","","","","","","","","","","","","","",""
"https://onlinecatalogue.electronicachina.com.cn/Public/Uploads/useimg/20260527/qiyelogo-154.png","Xi'an Raytoon Microsystem Technologies Co., Ltd","China","N3.750","https://onlinecatalogue.electronicachina.com.cn/journal/exhibitor/3555","Semiconductors","Embedded systems","PCBs, other circuit carrier","Wireless","Information gathering and services","Communication System","Internet of Things (loT)","Aviation & Space Technology","Military Electronics","Others, please indicate","","","","","",""
"https://onlinecatalogue.electronicachina.com.cn/Public/Uploads/useimg/20250325/logo.jpg","Xi'an Weiguang Science & Technology Co., Ltd.","China","N3.806","https://onlinecatalogue.electronicachina.com.cn/journal/exhibitor/2179","Semiconductors","Passive components (capacitors, resistors, inductors, etc.) and Relays","Power supplies","Information gathering and services","Industrial Electronics / Industrial Control","Communication System","Consumer Electronics","Computers & Peripherals","Automotive Electronics and EV","Electricity and New Energy","Aviation & Space Technology","Military Electronics","Lighting engineering","Household appliances","",""
"https://onlinecatalogue.electronicachina.com.cn/Public/Uploads/uploadfile/images/20260323/eClogoShanghai776x328EN-527.png","Xi'an Yunte Electronic Technology Co., Ltd.","China","W5.350","https://onlinecatalogue.electronicachina.com.cn/journal/exhibitor/3487","","","","","","","","","","","","","","","",""
"https://onlinecatalogue.electronicachina.com.cn/Public/Uploads/useimg/20260304/240x120.jpg","Xiamen Changsu Industrial Corporation Limited","China","N1.929","https://onlinecatalogue.electronicachina.com.cn/journal/exhibitor/3040","Passive components (capacitors, resistors, inductors, etc.) and Relays","Electronic materials","Industrial Electronics / Industrial Control","Consumer Electronics","Automotive Electronics and EV","Electricity and New Energy","Embodied Intelligence","Artificial Intelligence","Aviation & Space Technology","Military Electronics","Mechanical Engineering","Rail Transit","Lighting engineering","Household appliances","",""
"https://onlinecatalogue.electronicachina.com.cn/Public/Uploads/uploadfile/images/20260323/eClogoShanghai776x328EN-527.png","XIAMEN DODSIN SILICONE RUBBER CO., LTD.","China","W2.853","https://onlinecatalogue.electronicachina.com.cn/journal/exhibitor/2690","","","","","","","","","","","","","","","",""
"https://onlinecatalogue.electronicachina.com.cn/Public/Uploads/useimg/20250407/falalogo.jpg","XIAMEN FARATRONIC CO.,LTD.","China","N1.541","https://onlinecatalogue.electronicachina.com.cn/journal/exhibitor/878","Passive components (capacitors, resistors, inductors, etc.) and Relays","Industrial Electronics / Industrial Control","Communication System","Consumer Electronics","Computers & Peripherals","Automotive Electronics and EV","Medical Technology","Electricity and New Energy","Internet of Things (loT)","Rail Transit","Lighting engineering","","","","",""
"https://onlinecatalogue.electronicachina.com.cn/Public/Uploads/uploadfile/images/20260323/eClogoShanghai776x328EN-527.png","XIAMEN FILET ELECTRONIC CO.,LTD.","China","W3.751","https://onlinecatalogue.electronicachina.com.cn/journal/exhibitor/2653","","","","","","","","","","","","","","","",""
"https://onlinecatalogue.electronicachina.com.cn/Public/Uploads/uploadfile/images/20260323/eClogoShanghai776x328EN-527.png","Xiamen GHGM Intelligent Technology Co.,Ltd","China","W4.637","https://onlinecatalogue.electronicachina.com.cn/journal/exhibitor/1168","","","","","","","","","","","","","","","",""
"https://onlinecatalogue.electronicachina.com.cn/Public/Uploads/uploadfile/images/20260323/eClogoShanghai776x328EN-527.png","XIAMEN HONGFA INDUSTRIAL ROBOT CO.,LTD","China","N3.538","https://onlinecatalogue.electronicachina.com.cn/journal/exhibitor/1169","","","","","","","","","","","","","","","",""
"https://onlinecatalogue.electronicachina.com.cn/Public/Uploads/uploadfile/images/20260323/eClogoShanghai776x328EN-527.png","XIAMEN JINBEILI ELECTRONICS CO.,LTD","China","W2.161","https://onlinecatalogue.electronicachina.com.cn/journal/exhibitor/2775","Connectors, Switches, Casing technology, Wire Harness, etc","Industrial Electronics / Industrial Control","Communication System","Consumer Electronics","Computers & Peripherals","Automotive Electronics and EV","Medical Technology","Electricity and New Energy","Internet of Things (loT)","Embodied Intelligence","Artificial Intelligence","Aviation & Space Technology","Security & protection system","Lighting engineering","Intelligent building","Household appliances"
"https://onlinecatalogue.electronicachina.com.cn/Public/Uploads/useimg/20260518/maikemashiLOGOzhongying-144.png","Xiamen Micromatch Electronic Information Technology Co., Ltd.","China","W3.567","https://onlinecatalogue.electronicachina.com.cn/journal/exhibitor/3156","Sensor technology","Connectors, Switches, Casing technology, Wire Harness, etc","Artificial intelligence technology","Consumer Electronics","Automotive Electronics and EV","Medical Technology","Electricity and New Energy","Artificial Intelligence","","","","","","","",""
"https://onlinecatalogue.electronicachina.com.cn/Public/Uploads/useimg/20250211/2025shanghaimuniheizhanhuilogo.png","Xiamen Oneyac Technology Co. Ltd.","China","N2.656","https://onlinecatalogue.electronicachina.com.cn/journal/exhibitor/1060","Semiconductors","Sensor technology","Passive components (capacitors, resistors, inductors, etc.) and Relays","Connectors, Switches, Casing technology, Wire Harness, etc","Power supplies","Industrial Electronics / Industrial Control","Communication System","Consumer Electronics","Computers & Peripherals","Automotive Electronics and EV","Medical Technology","Electricity and New Energy","Internet of Things (loT)","Mechanical Engineering","Security & protection system","Lighting engineering"
"https://onlinecatalogue.electronicachina.com.cn/Public/Uploads/useimg/20250401/saierteLogozhongyingban.png","Xiamen SET Electronics Co.,Ltd.","China","N1.233","https://onlinecatalogue.electronicachina.com.cn/journal/exhibitor/879","Electronic Design (ED/EDA)","Passive components (capacitors, resistors, inductors, etc.) and Relays","Connectors, Switches, Casing technology, Wire Harness, etc","Power supplies","Electronic Manufacturing Services (EMS)","Electronic materials","Assemblies and subsystems","Automotive and testing","Information gathering and services","Industrial Electronics / Industrial Control","Communication System","Consumer Electronics","Computers & Peripherals","Automotive Electronics and EV","Medical Technology","Electricity and New Energy"
"https://onlinecatalogue.electronicachina.com.cn/Public/Uploads/useimg/20260521/muniheiziliao.jpg","Xiamen Shockley Energy Technology Co., Ltd.","China","W5.361","https://onlinecatalogue.electronicachina.com.cn/journal/exhibitor/3309","Displays","Test and measurement","Automotive and testing","Industrial Electronics / Industrial Control","Communication System","Consumer Electronics","Automotive Electronics and EV","Aviation & Space Technology","Military Electronics","Household appliances","Mobile phone","","","","",""
"https://onlinecatalogue.electronicachina.com.cn/Public/Uploads/useimg/20250304/logoxiugaihou.jpg","Xiamen Unicreed Electronics Co., Ltd.","China","N2.260","https://onlinecatalogue.electronicachina.com.cn/journal/exhibitor/1170","Passive components (capacitors, resistors, inductors, etc.) and Relays","Industrial Electronics / Industrial Control","Communication System","Medical Technology","Electricity and New Energy","Internet of Things (loT)","Intelligent building","","","","","","","","",""
"https://onlinecatalogue.electronicachina.com.cn/Public/Uploads/useimg/20260205/weibiaoti1huaban1.jpg","Xiamen Wain Electrical Co., Ltd.","China","W3.321","https://onlinecatalogue.electronicachina.com.cn/journal/exhibitor/1619","Connectors, Switches, Casing technology, Wire Harness, etc","Industrial Electronics / Industrial Control","Communication System","Electricity and New Energy","","","","","","","","","","","",""
"https://onlinecatalogue.electronicachina.com.cn/Public/Uploads/uploadfile/images/20260323/eClogoShanghai776x328EN-527.png","Xiamen Youbai Electronic Materials Co., Ltd.","China","N1.141","https://onlinecatalogue.electronicachina.com.cn/journal/exhibitor/2902","Semiconductors","PCBs, other circuit carrier","Electronic Manufacturing Services (EMS)","Electronic materials","Automotive and testing","Communication System","Consumer Electronics","Computers & Peripherals","Automotive Electronics and EV","Electricity and New Energy","Artificial Intelligence","Aviation & Space Technology","Lighting engineering","","",""
"https://onlinecatalogue.electronicachina.com.cn/Public/Uploads/uploadfile/images/20260323/eClogoShanghai776x328EN-527.png","Xiaodian Power (Hangzhou) Co., Ltd.","China","W5.763","https://onlinecatalogue.electronicachina.com.cn/journal/exhibitor/3377","","","","","","","","","","","","","","","",""
"https://onlinecatalogue.electronicachina.com.cn/Public/Uploads/useimg/20260421/chaoweilogo.jpg","Xinchaowei Advanced Copper Alloy","China","W3.625","https://onlinecatalogue.electronicachina.com.cn/journal/exhibitor/1516","Semiconductors","Sensor technology","Passive components (capacitors, resistors, inductors, etc.) and Relays","Connectors, Switches, Casing technology, Wire Harness, etc","Automotive and testing","Artificial intelligence technology","Industrial Electronics / Industrial Control","Consumer Electronics","Automotive Electronics and EV","Electricity and New Energy","Artificial Intelligence","Aviation & Space Technology","Military Electronics","Rail Transit","Security & protection system","Lighting engineering"
"https://onlinecatalogue.electronicachina.com.cn/Public/Uploads/useimg/20260512/pic8.png","XINGHE PRECISION TECHNOLOGY CO.,LTD","China","W1.149","https://onlinecatalogue.electronicachina.com.cn/journal/exhibitor/1517","Connectors, Switches, Casing technology, Wire Harness, etc","Industrial Electronics / Industrial Control","Communication System","Automotive Electronics and EV","Artificial Intelligence","Data Center / Cloud Computing","Aviation & Space Technology","","","","","","","","",""
"https://onlinecatalogue.electronicachina.com.cn/Public/Uploads/uploadfile/images/20260323/eClogoShanghai776x328EN-527.png","XINGHUA CITY HONGYU ELECTRONICS CO., LTD","China","N2.245","https://onlinecatalogue.electronicachina.com.cn/journal/exhibitor/3593","","","","","","","","","","","","","","","",""
"https://onlinecatalogue.electronicachina.com.cn/Public/Uploads/uploadfile/images/20260323/eClogoShanghai776x328EN-527.png","Xingtai Liye Rubber and Plastic technology Co., LTD","China","N3.650","https://onlinecatalogue.electronicachina.com.cn/journal/exhibitor/2872","","","","","","","","","","","","","","","",""
"https://onlinecatalogue.electronicachina.com.cn/Public/Uploads/useimg/20250212/xingbiao.png","Xingxing Electronic Ceramics Co.,Ltd","China","N1.757","https://onlinecatalogue.electronicachina.com.cn/journal/exhibitor/1764","Semiconductors","Sensor technology","Passive components (capacitors, resistors, inductors, etc.) and Relays","Connectors, Switches, Casing technology, Wire Harness, etc","Automotive and testing","Information gathering and services","Other, please indicate","Industrial Electronics / Industrial Control","Communication System","Consumer Electronics","Automotive Electronics and EV","Medical Technology","Electricity and New Energy","Aviation & Space Technology","Military Electronics","Household appliances"
"https://onlinecatalogue.electronicachina.com.cn/Public/Uploads/useimg/20250328/logoxianshitu.jpg","Xingye Alloy Materials Group CO., LTD","China","W2.545","https://onlinecatalogue.electronicachina.com.cn/journal/exhibitor/1620","Semiconductors","Sensor technology","Passive components (capacitors, resistors, inductors, etc.) and Relays","Connectors, Switches, Casing technology, Wire Harness, etc","Power supplies","PCBs, other circuit carrier","Assemblies and subsystems","Automotive and testing","Information gathering and services","Other, please indicate","Industrial Electronics / Industrial Control","Communication System","Consumer Electronics","Computers & Peripherals","Automotive Electronics and EV","Medical Technology"
"https://onlinecatalogue.electronicachina.com.cn/Public/Uploads/uploadfile/images/20260323/eClogoShanghai776x328EN-527.png","Xinhua He'ansheng Electronic Technology Co., Ltd.","China","N2.866","https://onlinecatalogue.electronicachina.com.cn/journal/exhibitor/2733","","","","","","","","","","","","","","","",""
"https://onlinecatalogue.electronicachina.com.cn/Public/Uploads/useimg/20250303/caijianxuanzhuan1.png","Xinhua Xintiandi Fine Ceramics Co.,Ltd.","China","N2.846","https://onlinecatalogue.electronicachina.com.cn/journal/exhibitor/2051","Semiconductors","Sensor technology","Passive components (capacitors, resistors, inductors, etc.) and Relays","Connectors, Switches, Casing technology, Wire Harness, etc","PCBs, other circuit carrier","Automotive and testing","Information gathering and services","Industrial Electronics / Industrial Control","Communication System","Consumer Electronics","Computers & Peripherals","Automotive Electronics and EV","Electricity and New Energy","Aviation & Space Technology","Military Electronics","Mechanical Engineering"
"https://onlinecatalogue.electronicachina.com.cn/Public/Uploads/useimg/20260508/LOGO.jpg","Xinhua Yongxiang Ceramics Co., Ltd.","China","N2.927","https://onlinecatalogue.electronicachina.com.cn/journal/exhibitor/2727","Connectors, Switches, Casing technology, Wire Harness, etc","Electronic materials","Other, please indicate","Industrial Electronics / Industrial Control","Communication System","Automotive Electronics and EV","Medical Technology","Electricity and New Energy","Aviation & Space Technology","Mechanical Engineering","Household appliances","Mobile phone","","","",""
"https://onlinecatalogue.electronicachina.com.cn/Public/Uploads/useimg/20260520/CRXVT1.png","Xinjiang Xingyao Vector Technology Co.,Ltd","China","W5.259","https://onlinecatalogue.electronicachina.com.cn/journal/exhibitor/3376","Test and measurement","Electronic Design (ED/EDA)","Other, please indicate","Industrial Electronics / Industrial Control","Communication System","Consumer Electronics","Automotive Electronics and EV","Medical Technology","Internet of Things (loT)","Aviation & Space Technology","","","","","",""
"https://onlinecatalogue.electronicachina.com.cn/Public/Uploads/uploadfile/images/20260323/eClogoShanghai776x328EN-527.png","XINKER","China","W4.625","https://onlinecatalogue.electronicachina.com.cn/journal/exhibitor/3457","","","","","","","","","","","","","","","",""
"https://onlinecatalogue.electronicachina.com.cn/Public/Uploads/useimg/20250401/xinludaXINLUDAlogoyuanwenjian1.png","XINLUDA INFORMATION TECHNOLOGY (XIAMEN) CO.,LTD","China","N4.336","https://onlinecatalogue.electronicachina.com.cn/journal/exhibitor/1410","Semiconductors","Industrial Electronics / Industrial Control","Communication System","Consumer Electronics","Computers & Peripherals","Automotive Electronics and EV","Electricity and New Energy","Internet of Things (loT)","Aviation & Space Technology","Military Electronics","Mechanical Engineering","Rail Transit","Security & protection system","Lighting engineering","Intelligent building","Household appliances"
"https://onlinecatalogue.electronicachina.com.cn/Public/Uploads/useimg/20250217/gongsilanhuilogo1.png","XI’AN Intelligence Silicon Technology Co.Ltd.","China","N4.901","https://onlinecatalogue.electronicachina.com.cn/journal/exhibitor/1409","Semiconductors","Industrial Electronics / Industrial Control","Communication System","Consumer Electronics","Automotive Electronics and EV","Medical Technology","Electricity and New Energy","Internet of Things (loT)","Security & protection system","Lighting engineering","Intelligent building","Household appliances","Mobile phone","","",""
"https://onlinecatalogue.electronicachina.com.cn/Public/Uploads/uploadfile/images/20260323/eClogoShanghai776x328EN-527.png","XKB Connection","China","W1.333","https://onlinecatalogue.electronicachina.com.cn/journal/exhibitor/2992","","","","","","","","","","","","","","","",""
"https://onlinecatalogue.electronicachina.com.cn/Public/Uploads/useimg/20260519/XENKOdinggao.jpg","XKHG-IC LIMITED","China","W5.305","https://onlinecatalogue.electronicachina.com.cn/journal/exhibitor/1061","Connectors, Switches, Casing technology, Wire Harness, etc","PCBs, other circuit carrier","Other, please indicate","Industrial Electronics / Industrial Control","Communication System","Automotive Electronics and EV","Electricity and New Energy","Artificial Intelligence","Aviation & Space Technology","","","","","","",""
"https://onlinecatalogue.electronicachina.com.cn/Public/Uploads/useimg/20260521/XMCxinxingufenhengxiangzuhebanjiaR-673.png","XMC","China","N5.656","https://onlinecatalogue.electronicachina.com.cn/journal/exhibitor/3448","Semiconductors","Industrial Electronics / Industrial Control","Communication System","Consumer Electronics","Computers & Peripherals","Automotive Electronics and EV","Internet of Things (loT)","Embodied Intelligence","Artificial Intelligence","Data Center / Cloud Computing","","","","","",""
"https://onlinecatalogue.electronicachina.com.cn/Public/Uploads/useimg/20250325/888.jpg","XXLCONN Electronics (Dongguan) Co., Ltd.","China","W3.268","https://onlinecatalogue.electronicachina.com.cn/journal/exhibitor/1729","Passive components (capacitors, resistors, inductors, etc.) and Relays","Connectors, Switches, Casing technology, Wire Harness, etc","Industrial Electronics / Industrial Control","Communication System","Consumer Electronics","Computers & Peripherals","Automotive Electronics and EV","Medical Technology","Electricity and New Energy","Internet of Things (loT)","Security & protection system","Lighting engineering","Intelligent building","Household appliances","",""
"https://onlinecatalogue.electronicachina.com.cn/Public/Uploads/useimg/20260512/zhanshanglogo.png","Yageo Sensor Technology (Shanghai) Co., Ltd.","China","N1.128","https://onlinecatalogue.electronicachina.com.cn/journal/exhibitor/2934","Semiconductors","Sensor technology","Passive components (capacitors, resistors, inductors, etc.) and Relays","Connectors, Switches, Casing technology, Wire Harness, etc","Industrial Electronics / Industrial Control","Communication System","Consumer Electronics","Computers & Peripherals","Automotive Electronics and EV","Medical Technology","Electricity and New Energy","Aviation & Space Technology","Mechanical Engineering","Security & protection system","Lighting engineering","Household appliances"
"https://onlinecatalogue.electronicachina.com.cn/Public/Uploads/useimg/20260517/Yamarlogonew500x500.jpg","Yamar Electronics Ltd.","Israel","N5.850","https://onlinecatalogue.electronicachina.com.cn/journal/exhibitor/3440","Semiconductors","Embedded systems","Sensor technology","Wireless","Industrial Electronics / Industrial Control","Communication System","Automotive Electronics and EV","Medical Technology","Electricity and New Energy","Aviation & Space Technology","Lighting engineering","Intelligent building","","","",""
"https://onlinecatalogue.electronicachina.com.cn/Public/Uploads/uploadfile/images/20260323/eClogoShanghai776x328EN-527.png","Yancheng Xirun semiconductor Co., Ltd","China","N4.536","https://onlinecatalogue.electronicachina.com.cn/journal/exhibitor/1290","Semiconductors","Communication System","Consumer Electronics","","","","","","","","","","","","",""
"https://onlinecatalogue.electronicachina.com.cn/Public/Uploads/useimg/20250207/240X120.png","Yangchun B-LINK Electronic Co., Ltd","China","W1.828","https://onlinecatalogue.electronicachina.com.cn/journal/exhibitor/1862","Displays","Connectors, Switches, Casing technology, Wire Harness, etc","Communication System","Consumer Electronics","Computers & Peripherals","Medical Technology","Security & protection system","","","","","","","","",""
"https://onlinecatalogue.electronicachina.com.cn/Public/Uploads/uploadfile/images/20260323/eClogoShanghai776x328EN-527.png","Yangzhou Baozhu Electric Applianes Co.,Ltd","China","N2.659","https://onlinecatalogue.electronicachina.com.cn/journal/exhibitor/3242","","","","","","","","","","","","","","","",""
"https://onlinecatalogue.electronicachina.com.cn/Public/Uploads/useimg/20260205/l.png","Yangzhou Fongming Cable Factory","China","W3.225","https://onlinecatalogue.electronicachina.com.cn/journal/exhibitor/1730","Connectors, Switches, Casing technology, Wire Harness, etc","Automotive Electronics and EV","Medical Technology","Aviation & Space Technology","Household appliances","","","","","","","","","","",""
"https://onlinecatalogue.electronicachina.com.cn/Public/Uploads/uploadfile/images/20260323/eClogoShanghai776x328EN-527.png","Yangzhou Genesis Microelectronics Co., Ltd.","China","N3.535","https://onlinecatalogue.electronicachina.com.cn/journal/exhibitor/2674","","","","","","","","","","","","","","","",""
"https://onlinecatalogue.electronicachina.com.cn/Public/Uploads/uploadfile/images/20260323/eClogoShanghai776x328EN-527.png","Yangzhou Guoyu Electronics Co.,Lld","China","N5.109","https://onlinecatalogue.electronicachina.com.cn/journal/exhibitor/2177","Semiconductors","Information gathering and services","Consumer Electronics","Automotive Electronics and EV","","","","","","","","","","","",""
"https://onlinecatalogue.electronicachina.com.cn/Public/Uploads/useimg/20250409/YJhewenzizuheweiruanyahei1kaobei.jpg","Yangzhou Yangjie Electronic Technology Co.,Ltd.","China","N5.625","https://onlinecatalogue.electronicachina.com.cn/journal/exhibitor/1291","Semiconductors","Industrial Electronics / Industrial Control","Consumer Electronics","Computers & Peripherals","Automotive Electronics and EV","Electricity and New Energy","Internet of Things (loT)","Mechanical Engineering","Rail Transit","Security & protection system","Household appliances","Mobile phone","","","",""
"https://onlinecatalogue.electronicachina.com.cn/Public/Uploads/useimg/20250304/1706930062086.jpg","Yantai Siran Electronics Co., Ltd.","China","N2.660","https://onlinecatalogue.electronicachina.com.cn/journal/exhibitor/2537","Passive components (capacitors, resistors, inductors, etc.) and Relays","Communication System","Consumer Electronics","Automotive Electronics and EV","Medical Technology","Electricity and New Energy","Security & protection system","Lighting engineering","Intelligent building","Household appliances","","","","","",""
"https://onlinecatalogue.electronicachina.com.cn/Public/Uploads/useimg/20250211/yanchuanglogo.jpg","YCET","China","N1.255","https://onlinecatalogue.electronicachina.com.cn/journal/exhibitor/881","Passive components (capacitors, resistors, inductors, etc.) and Relays","Communication System","Consumer Electronics","Automotive Electronics and EV","Internet of Things (loT)","Aviation & Space Technology","Military Electronics","Household appliances","","","","","","","",""
"https://onlinecatalogue.electronicachina.com.cn/Public/Uploads/uploadfile/images/20260323/eClogoShanghai776x328EN-527.png","Yeebo Display Ltd.","China","N1.355","https://onlinecatalogue.electronicachina.com.cn/journal/exhibitor/882","","","","","","","","","","","","","","","",""
"https://onlinecatalogue.electronicachina.com.cn/Public/Uploads/useimg/20250408/240120.png","Yihaojia Automation Technology (Suzhou) Co., Ltd","China","W2.157","https://onlinecatalogue.electronicachina.com.cn/journal/exhibitor/1978","Semiconductors","Connectors, Switches, Casing technology, Wire Harness, etc","Automotive and testing","Information gathering and services","Industrial Electronics / Industrial Control","Computers & Peripherals","Automotive Electronics and EV","Medical Technology","Aviation & Space Technology","","","","","","",""
"https://onlinecatalogue.electronicachina.com.cn/Public/Uploads/useimg/20250402/CZT.png","Yihua Group","China","W1.321","https://onlinecatalogue.electronicachina.com.cn/journal/exhibitor/1428","Embedded systems","Test and measurement","PCBs, other circuit carrier","Automotive and testing","Other, please indicate","Communication System","Consumer Electronics","Computers & Peripherals","Automotive Electronics and EV","Medical Technology","Electricity and New Energy","Security & protection system","Household appliances","Others, please indicate","",""
"https://onlinecatalogue.electronicachina.com.cn/Public/Uploads/useimg/20250218/yijiaLOGOyuanxing.jpg","YIJIA INDUSTRIAL ELECTRICAL CO., LTD","China","W3.580","https://onlinecatalogue.electronicachina.com.cn/journal/exhibitor/1731","Connectors, Switches, Casing technology, Wire Harness, etc","Industrial Electronics / Industrial Control","Communication System","Consumer Electronics","Automotive Electronics and EV","Medical Technology","Electricity and New Energy","Aviation & Space Technology","Military Electronics","Mechanical Engineering","Rail Transit","Security & protection system","Intelligent building","Household appliances","",""
"https://onlinecatalogue.electronicachina.com.cn/Public/Uploads/useimg/20260604/mentou4700X1000-759.jpg","YIK SHING TAT SOLDER MANUFACTURING(KUNSHAN)CO.LTD","China","W4.353-1","https://onlinecatalogue.electronicachina.com.cn/journal/exhibitor/3630","Semiconductors","Sensor technology","Electronic Design (ED/EDA)","Passive components (capacitors, resistors, inductors, etc.) and Relays","Connectors, Switches, Casing technology, Wire Harness, etc","PCBs, other circuit carrier","Electronic materials","Assemblies and subsystems","Automotive and testing","Industrial Electronics / Industrial Control","Consumer Electronics","Automotive Electronics and EV","Electricity and New Energy","Embodied Intelligence","Artificial Intelligence","Mechanical Engineering"
"https://onlinecatalogue.electronicachina.com.cn/Public/Uploads/useimg/20250224/shangbiao.jpg","YiYang PengCheng Technology Development CO,.LTD","China","N1.577","https://onlinecatalogue.electronicachina.com.cn/journal/exhibitor/883","Passive components (capacitors, resistors, inductors, etc.) and Relays","Industrial Electronics / Industrial Control","Consumer Electronics","Computers & Peripherals","Automotive Electronics and EV","Medical Technology","Electricity and New Energy","Internet of Things (loT)","Aviation & Space Technology","Security & protection system","Lighting engineering","Intelligent building","Household appliances","Mobile phone","",""
"https://onlinecatalogue.electronicachina.com.cn/Public/Uploads/useimg/20250402/c37a2502bd4d75cf5516e4d3b82f9d4.jpg","YIZAO Circult Technology Company Limited","China","W4.605","https://onlinecatalogue.electronicachina.com.cn/journal/exhibitor/1732","PCBs, other circuit carrier","Information gathering and services","Industrial Electronics / Industrial Control","Communication System","Consumer Electronics","Automotive Electronics and EV","Medical Technology","Electricity and New Energy","Internet of Things (loT)","Aviation & Space Technology","Military Electronics","Mechanical Engineering","Rail Transit","Security & protection system","Lighting engineering","Intelligent building"
"https://onlinecatalogue.electronicachina.com.cn/Public/Uploads/useimg/20260603/xiaowenjian-472.png","Yizumi Precision Molding Technology Co., Ltd.","China","W4.345","https://onlinecatalogue.electronicachina.com.cn/journal/exhibitor/3288","Sensor technology","Connectors, Switches, Casing technology, Wire Harness, etc","Industrial Electronics / Industrial Control","Communication System","Consumer Electronics","Computers & Peripherals","Automotive Electronics and EV","Medical Technology","Electricity and New Energy","Aviation & Space Technology","Military Electronics","Mechanical Engineering","Household appliances","","",""
"https://onlinecatalogue.electronicachina.com.cn/Public/Uploads/useimg/20250306/gongzhonghaologo.png","Yohey","China","N2.326","https://onlinecatalogue.electronicachina.com.cn/journal/exhibitor/1785","Passive components (capacitors, resistors, inductors, etc.) and Relays","PCBs, other circuit carrier","Industrial Electronics / Industrial Control","Consumer Electronics","Computers & Peripherals","Automotive Electronics and EV","Electricity and New Energy","Security & protection system","Lighting engineering","Household appliances","","","","","",""
"https://onlinecatalogue.electronicachina.com.cn/Public/Uploads/useimg/20260512/535px.jpg","YQM ELECTRONICS INTL LIMITED","China","W5.136","https://onlinecatalogue.electronicachina.com.cn/journal/exhibitor/1928","Semiconductors","Passive components (capacitors, resistors, inductors, etc.) and Relays","Industrial Electronics / Industrial Control","Communication System","Consumer Electronics","Automotive Electronics and EV","Medical Technology","Electricity and New Energy","Internet of Things (loT)","Artificial Intelligence","Data Center / Cloud Computing","Security & protection system","Intelligent building","Household appliances","Mobile phone",""
"https://onlinecatalogue.electronicachina.com.cn/Public/Uploads/useimg/20250116/yixinyuanLOGO.png","YSONIX  CO., LIMITED","China","W5.209","https://onlinecatalogue.electronicachina.com.cn/journal/exhibitor/1062","Semiconductors","Consumer Electronics","Automotive Electronics and EV","Medical Technology","Electricity and New Energy","Aviation & Space Technology","Military Electronics","Rail Transit","","","","","","","",""
"https://onlinecatalogue.electronicachina.com.cn/Public/Uploads/uploadfile/images/20260323/eClogoShanghai776x328EN-527.png","Yuefei","China","W2.357","https://onlinecatalogue.electronicachina.com.cn/journal/exhibitor/2481","Connectors, Switches, Casing technology, Wire Harness, etc","Assemblies and subsystems","Industrial Electronics / Industrial Control","Consumer Electronics","Computers & Peripherals","Mechanical Engineering","","","","","","","","","",""
"https://onlinecatalogue.electronicachina.com.cn/Public/Uploads/uploadfile/images/20260323/eClogoShanghai776x328EN-527.png","YUEN FUNG ELECTRONIC INDUSTRIAL LIMITED","Hong Kong, China","W2.756","https://onlinecatalogue.electronicachina.com.cn/journal/exhibitor/2774","","","","","","","","","","","","","","","",""
"https://onlinecatalogue.electronicachina.com.cn/Public/Uploads/uploadfile/images/20260323/eClogoShanghai776x328EN-527.png","YueQing Changdecheng Electronics CO.,LTD","China","W4.305","https://onlinecatalogue.electronicachina.com.cn/journal/exhibitor/3615","","","","","","","","","","","","","","","",""
"https://onlinecatalogue.electronicachina.com.cn/Public/Uploads/uploadfile/images/20260323/eClogoShanghai776x328EN-527.png","Yueqing Chengli Electronic Technology Co., Ltd","China","W.","https://onlinecatalogue.electronicachina.com.cn/journal/exhibitor/3107","","","","","","","","","","","","","","","",""
"https://onlinecatalogue.electronicachina.com.cn/Public/Uploads/useimg/20250210/20.jpg","Yueqing ChuangFa Electronics Co., Ltd.","China","W1.833","https://onlinecatalogue.electronicachina.com.cn/journal/exhibitor/2113","Connectors, Switches, Casing technology, Wire Harness, etc","Consumer Electronics","Computers & Peripherals","Automotive Electronics and EV","Lighting engineering","Household appliances","","","","","","","","","",""
"https://onlinecatalogue.electronicachina.com.cn/Public/Uploads/uploadfile/images/20260323/eClogoShanghai776x328EN-527.png","YUEQING CHUANGXIANG ELECTRO NIC CO., LTD.","China","W4.850","https://onlinecatalogue.electronicachina.com.cn/journal/exhibitor/770","","","","","","","","","","","","","","","",""
"https://onlinecatalogue.electronicachina.com.cn/Public/Uploads/useimg/20260428/weixintupian2026042811190560235.png","YUEQING CHUNHONG ELECTRONICS CO.,LTD","China","W4.373","https://onlinecatalogue.electronicachina.com.cn/journal/exhibitor/3037","Embedded systems","Displays","Sensor technology","Electronic Design (ED/EDA)","Connectors, Switches, Casing technology, Wire Harness, etc","Electronic Manufacturing Services (EMS)","Electronic materials","Industrial Electronics / Industrial Control","Communication System","Consumer Electronics","Computers & Peripherals","Automotive Electronics and EV","Medical Technology","Mechanical Engineering","Security & protection system","Lighting engineering"
"https://onlinecatalogue.electronicachina.com.cn/Public/Uploads/uploadfile/images/20260323/eClogoShanghai776x328EN-527.png","Yueqing Electronic Industries Association","China","W4.105","https://onlinecatalogue.electronicachina.com.cn/journal/exhibitor/2993","","","","","","","","","","","","","","","",""
"https://onlinecatalogue.electronicachina.com.cn/Public/Uploads/uploadfile/images/20260323/eClogoShanghai776x328EN-527.png","YUEQING FEIHONG ELECTRONIC CO.，LTD","China","W4.105-11","https://onlinecatalogue.electronicachina.com.cn/journal/exhibitor/3616","","","","","","","","","","","","","","","",""
"https://onlinecatalogue.electronicachina.com.cn/Public/Uploads/useimg/20260603/shangbiao.png","Yueqing Gode Precision Technology Co., Ltd","China","W4.335","https://onlinecatalogue.electronicachina.com.cn/journal/exhibitor/3436","Connectors, Switches, Casing technology, Wire Harness, etc","Industrial Electronics / Industrial Control","Automotive Electronics and EV","Household appliances","","","","","","","","","","","",""
"https://onlinecatalogue.electronicachina.com.cn/Public/Uploads/uploadfile/images/20260323/eClogoShanghai776x328EN-527.png","YUEQING GUOSAI TECHNOLOGY DEVELOPMENT CO., LTD.","China","W1.917","https://onlinecatalogue.electronicachina.com.cn/journal/exhibitor/2866","","","","","","","","","","","","","","","",""
"https://onlinecatalogue.electronicachina.com.cn/Public/Uploads/uploadfile/images/20260323/eClogoShanghai776x328EN-527.png","Yueqing Honggang Technology Electronics Co., Ltd","China","W4.267","https://onlinecatalogue.electronicachina.com.cn/journal/exhibitor/2298","Connectors, Switches, Casing technology, Wire Harness, etc","Communication System","Consumer Electronics","Computers & Peripherals","Automotive Electronics and EV","Medical Technology","Internet of Things (loT)","Household appliances","Mobile phone","","","","","","",""
"https://onlinecatalogue.electronicachina.com.cn/Public/Uploads/uploadfile/images/20260323/eClogoShanghai776x328EN-527.png","Yueqing Hongye Electron Element Co., Ltd.","China","W4.105-20","https://onlinecatalogue.electronicachina.com.cn/journal/exhibitor/3624","","","","","","","","","","","","","","","",""
"https://onlinecatalogue.electronicachina.com.cn/Public/Uploads/useimg/20250414/Logo.jpg","Yueqing hongyi Electronics C0.,Ltd","China","W2.130","https://onlinecatalogue.electronicachina.com.cn/journal/exhibitor/1736","Information gathering and services","Industrial Electronics / Industrial Control","Communication System","Consumer Electronics","Computers & Peripherals","Automotive Electronics and EV","Medical Technology","Electricity and New Energy","Security & protection system","Lighting engineering","Household appliances","","","","",""
"https://onlinecatalogue.electronicachina.com.cn/Public/Uploads/useimg/20260507/weixintupian20260507093333200322.png","YUEQING HUSA ELECTRIC CO., LTD.","China","W2.907","https://onlinecatalogue.electronicachina.com.cn/journal/exhibitor/2789","Connectors, Switches, Casing technology, Wire Harness, etc","Assemblies and subsystems","Industrial Electronics / Industrial Control","","","","","","","","","","","","",""
"https://onlinecatalogue.electronicachina.com.cn/Public/Uploads/uploadfile/images/20260323/eClogoShanghai776x328EN-527.png","YUEQING JIADE ELECTRONICS CO., LTD.","China","W4.201","https://onlinecatalogue.electronicachina.com.cn/journal/exhibitor/3614","","","","","","","","","","","","","","","",""
"https://onlinecatalogue.electronicachina.com.cn/Public/Uploads/useimg/20250218/shangbiao.png","Yueqing Jiaxin Techonology Co., Ltd.","China","W4.749","https://onlinecatalogue.electronicachina.com.cn/journal/exhibitor/1735","Power supplies","Other, please indicate","Household appliances","","","","","","","","","","","","",""
"https://onlinecatalogue.electronicachina.com.cn/Public/Uploads/uploadfile/images/20260323/eClogoShanghai776x328EN-527.png","YUEQING JINGHAN ELECTRONIC CO., LTD","China","W4.105-17","https://onlinecatalogue.electronicachina.com.cn/journal/exhibitor/1739","","","","","","","","","","","","","","","",""
"https://onlinecatalogue.electronicachina.com.cn/Public/Uploads/uploadfile/images/20260323/eClogoShanghai776x328EN-527.png","Yueqing Kangyuan Automobile Electronic Factory","China","W2.557","https://onlinecatalogue.electronicachina.com.cn/journal/exhibitor/3015","","","","","","","","","","","","","","","",""
"https://onlinecatalogue.electronicachina.com.cn/Public/Uploads/useimg/20250331/01.png","Yueqing Kejian Electronics Co., Ltd","China","W3.135","https://onlinecatalogue.electronicachina.com.cn/journal/exhibitor/2504","Connectors, Switches, Casing technology, Wire Harness, etc","Industrial Electronics / Industrial Control","Communication System","Consumer Electronics","Computers & Peripherals","Automotive Electronics and EV","Medical Technology","Electricity and New Energy","Aviation & Space Technology","Military Electronics","Mechanical Engineering","Security & protection system","Lighting engineering","Intelligent building","Household appliances","Mobile phone"
"https://onlinecatalogue.electronicachina.com.cn/Public/Uploads/useimg/20260515/yuanwenjian03-78.png","Yueqing Keli Electronics Co., Ltd.","China","W3.128","https://onlinecatalogue.electronicachina.com.cn/journal/exhibitor/2770","Connectors, Switches, Casing technology, Wire Harness, etc","Communication System","Consumer Electronics","Computers & Peripherals","Medical Technology","Internet of Things (loT)","Embodied Intelligence","Artificial Intelligence","Security & protection system","Lighting engineering","Intelligent building","Household appliances","","","",""
"https://onlinecatalogue.electronicachina.com.cn/Public/Uploads/useimg/20250410/wangzhanlogo.png","Yueqing LANZ Electronics Co., Ltd","China","W2.256","https://onlinecatalogue.electronicachina.com.cn/journal/exhibitor/1520","Connectors, Switches, Casing technology, Wire Harness, etc","Industrial Electronics / Industrial Control","Communication System","Consumer Electronics","Computers & Peripherals","Automotive Electronics and EV","Medical Technology","Electricity and New Energy","Internet of Things (loT)","Aviation & Space Technology","Military Electronics","Mechanical Engineering","Rail Transit","Security & protection system","Lighting engineering","Intelligent building"
"https://onlinecatalogue.electronicachina.com.cn/Public/Uploads/uploadfile/images/20260323/eClogoShanghai776x328EN-527.png","Yueqing LEYE Electronic Technology Co.,Ltd","China","W4.903","https://onlinecatalogue.electronicachina.com.cn/journal/exhibitor/2678","","","","","","","","","","","","","","","",""
"https://onlinecatalogue.electronicachina.com.cn/Public/Uploads/uploadfile/images/20260323/eClogoShanghai776x328EN-527.png","YUEQING MEIGUANG ELECTRONICS CO.,LTD.","China","W4.105-25","https://onlinecatalogue.electronicachina.com.cn/journal/exhibitor/3623","","","","","","","","","","","","","","","",""
"https://onlinecatalogue.electronicachina.com.cn/Public/Uploads/uploadfile/images/20260323/eClogoShanghai776x328EN-527.png","YUEQING REDSTAR ELECTRONICS CO.,LTD","China","W1.805","https://onlinecatalogue.electronicachina.com.cn/journal/exhibitor/1740","Connectors, Switches, Casing technology, Wire Harness, etc","Automotive and testing","Information gathering and services","Industrial Electronics / Industrial Control","Communication System","Consumer Electronics","Computers & Peripherals","Automotive Electronics and EV","Medical Technology","Electricity and New Energy","Internet of Things (loT)","Aviation & Space Technology","Military Electronics","Mechanical Engineering","Rail Transit","Security & protection system"
"https://onlinecatalogue.electronicachina.com.cn/Public/Uploads/uploadfile/images/20260323/eClogoShanghai776x328EN-527.png","YUEQING RIYUE MACHINE ELECTRICITY CO., LTD.","China","W3.739","https://onlinecatalogue.electronicachina.com.cn/journal/exhibitor/2839","","","","","","","","","","","","","","","",""
"https://onlinecatalogue.electronicachina.com.cn/Public/Uploads/uploadfile/images/20260323/eClogoShanghai776x328EN-527.png","Yueqing Ruifu Aluminum Industry Co., Ltd.","China","N3.901","https://onlinecatalogue.electronicachina.com.cn/journal/exhibitor/3356","","","","","","","","","","","","","","","",""
"https://onlinecatalogue.electronicachina.com.cn/Public/Uploads/useimg/20250227/leqingxinghuoLOGO1.png","Yueqing Spark Automobile Electronics Co.,Ltd.","China","W1.850","https://onlinecatalogue.electronicachina.com.cn/journal/exhibitor/1521","Connectors, Switches, Casing technology, Wire Harness, etc","Automotive Electronics and EV","","","","","","","","","","","","","",""
"https://onlinecatalogue.electronicachina.com.cn/Public/Uploads/uploadfile/images/20260323/eClogoShanghai776x328EN-527.png","YUEQING TIANYOU ELECTRON CO., LTD.","China","W5.872","https://onlinecatalogue.electronicachina.com.cn/journal/exhibitor/3251","Passive components (capacitors, resistors, inductors, etc.) and Relays","Electronic materials","Industrial Electronics / Industrial Control","Communication System","Consumer Electronics","Computers & Peripherals","Automotive Electronics and EV","Medical Technology","Electricity and New Energy","Internet of Things (loT)","Embodied Intelligence","Artificial Intelligence","Data Center / Cloud Computing","Aviation & Space Technology","Military Electronics","Mechanical Engineering"
"https://onlinecatalogue.electronicachina.com.cn/Public/Uploads/uploadfile/images/20260323/eClogoShanghai776x328EN-527.png","YUEQING TONGDA WIRE ELECTRIC FACTORY","China","W3.617","https://onlinecatalogue.electronicachina.com.cn/journal/exhibitor/1623","Connectors, Switches, Casing technology, Wire Harness, etc","Assemblies and subsystems","Industrial Electronics / Industrial Control","Communication System","Consumer Electronics","Computers & Peripherals","Automotive Electronics and EV","Medical Technology","Electricity and New Energy","Internet of Things (loT)","Aviation & Space Technology","Military Electronics","Mechanical Engineering","Rail Transit","Security & protection system","Lighting engineering"
"https://onlinecatalogue.electronicachina.com.cn/Public/Uploads/useimg/20250217/9d84d0941f8d68c6b3d32b9debd6ee1.png","Yueqing Wenhong media studio","China","W4.860","https://onlinecatalogue.electronicachina.com.cn/journal/exhibitor/1741","Connectors, Switches, Casing technology, Wire Harness, etc","Automotive and testing","Artificial intelligence technology","Information gathering and services","Industrial Electronics / Industrial Control","Communication System","Consumer Electronics","Computers & Peripherals","Automotive Electronics and EV","Medical Technology","Lighting engineering","Household appliances","","","",""
"https://onlinecatalogue.electronicachina.com.cn/Public/Uploads/uploadfile/images/20260323/eClogoShanghai776x328EN-527.png","Yueqing Wuyu Electronics Co., Ltd.","China","W4.105-19","https://onlinecatalogue.electronicachina.com.cn/journal/exhibitor/2502","Connectors, Switches, Casing technology, Wire Harness, etc","Automotive Electronics and EV","Electricity and New Energy","Lighting engineering","","","","","","","","","","","",""
"https://onlinecatalogue.electronicachina.com.cn/Public/Uploads/useimg/20250228/daiRshangbiao.jpg","Yueqing XingCi Electronic Technology Co,. Ltd","China","W4.369","https://onlinecatalogue.electronicachina.com.cn/journal/exhibitor/2569","Connectors, Switches, Casing technology, Wire Harness, etc","Other, please indicate","Industrial Electronics / Industrial Control","","","","","","","","","","","","",""
"https://onlinecatalogue.electronicachina.com.cn/Public/Uploads/useimg/20250413/weixintupian20250413195206.jpg","Yueqing xingte Electric Technology Co., Ltd","China","W3.533","https://onlinecatalogue.electronicachina.com.cn/journal/exhibitor/1624","Semiconductors","Electronic Design (ED/EDA)","Connectors, Switches, Casing technology, Wire Harness, etc","Information gathering and services","Industrial Electronics / Industrial Control","Communication System","Consumer Electronics","Automotive Electronics and EV","Electricity and New Energy","Military Electronics","","","","","",""
"https://onlinecatalogue.electronicachina.com.cn/Public/Uploads/uploadfile/images/20260323/eClogoShanghai776x328EN-527.png","Yueqing Xucheng Electronics Co., Ltd.","China","W4.105-26","https://onlinecatalogue.electronicachina.com.cn/journal/exhibitor/3622","","","","","","","","","","","","","","","",""
"https://onlinecatalogue.electronicachina.com.cn/Public/Uploads/uploadfile/images/20260323/eClogoShanghai776x328EN-527.png","Yueqing Yijie Electric Appliance Co., Ltd.","China","N1.867","https://onlinecatalogue.electronicachina.com.cn/journal/exhibitor/3585","","","","","","","","","","","","","","","",""
"https://onlinecatalogue.electronicachina.com.cn/Public/Uploads/uploadfile/images/20260323/eClogoShanghai776x328EN-527.png","Yueqing Yulin Electronic Co., Ltd","China","W4.710","https://onlinecatalogue.electronicachina.com.cn/journal/exhibitor/3498","","","","","","","","","","","","","","","",""
"https://onlinecatalogue.electronicachina.com.cn/Public/Uploads/uploadfile/images/20260323/eClogoShanghai776x328EN-527.png","Yueyang Country Zhongzheng Electronic Co., Ltd.","China","N1.549","https://onlinecatalogue.electronicachina.com.cn/journal/exhibitor/1786","","","","","","","","","","","","","","","",""
"https://onlinecatalogue.electronicachina.com.cn/Public/Uploads/uploadfile/images/20260323/eClogoShanghai776x328EN-527.png","YUGUANG GROUP","China","N2.116","https://onlinecatalogue.electronicachina.com.cn/journal/exhibitor/1927","Semiconductors","Sensor technology","Passive components (capacitors, resistors, inductors, etc.) and Relays","Industrial Electronics / Industrial Control","Communication System","Consumer Electronics","Computers & Peripherals","Automotive Electronics and EV","Medical Technology","Electricity and New Energy","Internet of Things (loT)","Mechanical Engineering","Intelligent building","Household appliances","Mobile phone",""
"https://onlinecatalogue.electronicachina.com.cn/Public/Uploads/useimg/20250411/weibiaoti1.png","Yuhua Capacitor","China","N1.800","https://onlinecatalogue.electronicachina.com.cn/journal/exhibitor/884","Information gathering and services","Industrial Electronics / Industrial Control","Automotive Electronics and EV","Mechanical Engineering","Rail Transit","Household appliances","","","","","","","","","",""
"https://onlinecatalogue.electronicachina.com.cn/Public/Uploads/useimg/20260602/YURALOGO.png","YURA","Korea","W1.257","https://onlinecatalogue.electronicachina.com.cn/journal/exhibitor/3315","Automotive and testing","Wireless","Artificial intelligence technology","Automotive Electronics and EV","","","","","","","","","","","",""
"https://onlinecatalogue.electronicachina.com.cn/Public/Uploads/useimg/20260513/YuXinHeLOGO240jpg.jpg","Yuxinhe","China","N3.755","https://onlinecatalogue.electronicachina.com.cn/journal/exhibitor/3358","Semiconductors","Passive components (capacitors, resistors, inductors, etc.) and Relays","Connectors, Switches, Casing technology, Wire Harness, etc","Electronic materials","Industrial Electronics / Industrial Control","Communication System","Consumer Electronics","Computers & Peripherals","Automotive Electronics and EV","Medical Technology","Lighting engineering","","","","",""
"https://onlinecatalogue.electronicachina.com.cn/Public/Uploads/uploadfile/images/20260323/eClogoShanghai776x328EN-527.png","Yuyao Fengyi Plastic industry Co., LTD","China","W4.383","https://onlinecatalogue.electronicachina.com.cn/journal/exhibitor/3568","","","","","","","","","","","","","","","",""
"https://onlinecatalogue.electronicachina.com.cn/Public/Uploads/uploadfile/images/20260323/eClogoShanghai776x328EN-527.png","YUYAOSHI SHICHUANG ELECTRONICS CO.,LTD","China","N2.856","https://onlinecatalogue.electronicachina.com.cn/journal/exhibitor/2325","","","","","","","","","","","","","","","",""
"https://onlinecatalogue.electronicachina.com.cn/Public/Uploads/useimg/20250225/240X140xiangsuxin.jpg","ZEEMAN FUSES MFG.（XIAMEN) CORP.","China","W1.600","https://onlinecatalogue.electronicachina.com.cn/journal/exhibitor/1522","Connectors, Switches, Casing technology, Wire Harness, etc","Automotive and testing","Automotive Electronics and EV","Electricity and New Energy","Mechanical Engineering","Rail Transit","","","","","","","","","",""
"https://onlinecatalogue.electronicachina.com.cn/Public/Uploads/useimg/20260428/logo-722.jpg","Zenith Instruments Co.,Ltd.","China","W5.640","https://onlinecatalogue.electronicachina.com.cn/journal/exhibitor/2890","Test and measurement","Power supplies","Assemblies and subsystems","Industrial Electronics / Industrial Control","Communication System","Consumer Electronics","Computers & Peripherals","Automotive Electronics and EV","Medical Technology","Electricity and New Energy","Internet of Things (loT)","Data Center / Cloud Computing","Aviation & Space Technology","Household appliances","Mobile phone",""
"https://onlinecatalogue.electronicachina.com.cn/Public/Uploads/useimg/20260509/LOGO.jpg","Zennze","China","N3.882","https://onlinecatalogue.electronicachina.com.cn/journal/exhibitor/3183","Semiconductors","Sensor technology","Test and measurement","Passive components (capacitors, resistors, inductors, etc.) and Relays","Electronic Manufacturing Services (EMS)","Artificial intelligence technology","Information gathering and services","Medical Technology","Artificial Intelligence","Data Center / Cloud Computing","Lighting engineering","Household appliances","","","",""
"https://onlinecatalogue.electronicachina.com.cn/Public/Uploads/uploadfile/images/20260323/eClogoShanghai776x328EN-527.png","ZEROPLUS TECHNOLOGY CO.,LTD.","Taiwan, China","W5.156","https://onlinecatalogue.electronicachina.com.cn/journal/exhibitor/3442","","","","","","","","","","","","","","","",""
"https://onlinecatalogue.electronicachina.com.cn/Public/Uploads/useimg/20250113/fc95d4c4e93363621040ae68ff252ae.jpg","zhangjiagang easysmt technology co., Ltd","China","N3.255","https://onlinecatalogue.electronicachina.com.cn/journal/exhibitor/1891","Semiconductors","Embedded systems","Displays","Micronano-systems (MEMS, etc.)","Sensor technology","Test and measurement","Electronic Design (ED/EDA)","Passive components (capacitors, resistors, inductors, etc.) and Relays","Connectors, Switches, Casing technology, Wire Harness, etc","Power supplies","PCBs, other circuit carrier","Assemblies and subsystems","Automotive and testing","Wireless","Artificial intelligence technology","Information gathering and services"
"https://onlinecatalogue.electronicachina.com.cn/Public/Uploads/useimg/20260519/honghuabiaozhinew5cm.jpg","Zhaoqing Honghua Electronic Technology Co.,Ltd","China","N2.860","https://onlinecatalogue.electronicachina.com.cn/journal/exhibitor/2804","Electronic Manufacturing Services (EMS)","Industrial Electronics / Industrial Control","","","","","","","","","","","","","",""
"https://onlinecatalogue.electronicachina.com.cn/Public/Uploads/uploadfile/images/20260323/eClogoShanghai776x328EN-527.png","ZHE JIANG BOOM PRECISION ELECTRONICSCO., LTD","China","W4.105-4","https://onlinecatalogue.electronicachina.com.cn/journal/exhibitor/3146","","","","","","","","","","","","","","","",""
"https://onlinecatalogue.electronicachina.com.cn/Public/Uploads/useimg/20250324/846EB0DDCE1D9819DE042AC4A0960D71.jpg","ZHE JIANG LEMA ELECTRIC CO.,LTD.","China","W3.237","https://onlinecatalogue.electronicachina.com.cn/journal/exhibitor/1625","Embedded systems","Displays","Test and measurement","Electronic Design (ED/EDA)","Connectors, Switches, Casing technology, Wire Harness, etc","Power supplies","PCBs, other circuit carrier","Automotive and testing","Industrial Electronics / Industrial Control","Consumer Electronics","Computers & Peripherals","Automotive Electronics and EV","Medical Technology","Electricity and New Energy","Mechanical Engineering","Lighting engineering"
"https://onlinecatalogue.electronicachina.com.cn/Public/Uploads/uploadfile/images/20260323/eClogoShanghai776x328EN-527.png","ZHE JIANG SENTUO ELECTRIC CO., LTD.","China","W4.753","https://onlinecatalogue.electronicachina.com.cn/journal/exhibitor/2768","","","","","","","","","","","","","","","",""
"https://onlinecatalogue.electronicachina.com.cn/Public/Uploads/useimg/20250320/weibiaoti2-472.jpg","ZHEJIANG  KAISHITONG  TERMINALS CO. LTD.","China","W4.833","https://onlinecatalogue.electronicachina.com.cn/journal/exhibitor/2487","Other, please indicate","Electricity and New Energy","Mechanical Engineering","Household appliances","","","","","","","","","","","",""
"https://onlinecatalogue.electronicachina.com.cn/Public/Uploads/uploadfile/images/20260323/eClogoShanghai776x328EN-527.png","ZHEJIANG 3Q WIRE & CABLE CO., LTD.","China","W1.835","https://onlinecatalogue.electronicachina.com.cn/journal/exhibitor/2557","Connectors, Switches, Casing technology, Wire Harness, etc","Other, please indicate","Industrial Electronics / Industrial Control","Communication System","Consumer Electronics","Automotive Electronics and EV","Medical Technology","Electricity and New Energy","Mechanical Engineering","Rail Transit","Security & protection system","Lighting engineering","Intelligent building","Household appliances","",""
"https://onlinecatalogue.electronicachina.com.cn/Public/Uploads/useimg/20250314/204bae470f358d63d6cd01feab59b88.png","Zhejiang Chuangjia Electronics Co., Ltd.","China","W3.143","https://onlinecatalogue.electronicachina.com.cn/journal/exhibitor/2548","Other, please indicate","Industrial Electronics / Industrial Control","Communication System","Consumer Electronics","Automotive Electronics and EV","Medical Technology","Lighting engineering","Household appliances","Mobile phone","","","","","","",""
"https://onlinecatalogue.electronicachina.com.cn/Public/Uploads/useimg/20260514/b627df19df164d501a1de928023d573b.png","Zhejiang Chunxing Electronic Technology Co., Ltd.","China","W4.163","https://onlinecatalogue.electronicachina.com.cn/journal/exhibitor/2746","Connectors, Switches, Casing technology, Wire Harness, etc","Electronic materials","Industrial Electronics / Industrial Control","Consumer Electronics","Automotive Electronics and EV","Lighting engineering","Household appliances","","","","","","","","",""
"https://onlinecatalogue.electronicachina.com.cn/Public/Uploads/useimg/20260602/suosuosuofang.png","ZHEJIANG DAWEI ELECTRONIC CO.,LTD.","China","W4.271","https://onlinecatalogue.electronicachina.com.cn/journal/exhibitor/3595","Connectors, Switches, Casing technology, Wire Harness, etc","Industrial Electronics / Industrial Control","Communication System","Consumer Electronics","Automotive Electronics and EV","Medical Technology","Electricity and New Energy","Internet of Things (loT)","Embodied Intelligence","Artificial Intelligence","Data Center / Cloud Computing","Mechanical Engineering","Rail Transit","Security & protection system","Lighting engineering","Intelligent building"
"https://onlinecatalogue.electronicachina.com.cn/Public/Uploads/useimg/20260331/xinshangbiaoxiugaihou-583.png","Zhejiang Deli Connectors Co.,Ltd.","China","W4.716","https://onlinecatalogue.electronicachina.com.cn/journal/exhibitor/2913","Connectors, Switches, Casing technology, Wire Harness, etc","Assemblies and subsystems","Automotive and testing","Industrial Electronics / Industrial Control","Communication System","Consumer Electronics","Computers & Peripherals","Automotive Electronics and EV","Electricity and New Energy","Internet of Things (loT)","Embodied Intelligence","Artificial Intelligence","Data Center / Cloud Computing","Aviation & Space Technology","Military Electronics","Mechanical Engineering"
"https://onlinecatalogue.electronicachina.com.cn/Public/Uploads/useimg/20250408/logo.png","Zhejiang DERXIN Connector Co., Ltd.","China","W3.917","https://onlinecatalogue.electronicachina.com.cn/journal/exhibitor/2201","Connectors, Switches, Casing technology, Wire Harness, etc","Industrial Electronics / Industrial Control","Automotive Electronics and EV","Electricity and New Energy","Aviation & Space Technology","Military Electronics","Mechanical Engineering","Rail Transit","Security & protection system","Lighting engineering","","","","","",""
"https://onlinecatalogue.electronicachina.com.cn/Public/Uploads/useimg/20250320/logo.png","Zhejiang EastTester Measurement&Control Technology Co.,Ltd","China","W5.667","https://onlinecatalogue.electronicachina.com.cn/journal/exhibitor/2338","Test and measurement","Industrial Electronics / Industrial Control","Automotive Electronics and EV","Medical Technology","Electricity and New Energy","Aviation & Space Technology","Military Electronics","Mechanical Engineering","Rail Transit","Mobile phone","","","","","",""
"https://onlinecatalogue.electronicachina.com.cn/Public/Uploads/useimg/20260526/enshengzhanhui3-131.png","Zhejiang Ensheng Electronics Co., Ltd.","China","W4.738","https://onlinecatalogue.electronicachina.com.cn/journal/exhibitor/2361","Connectors, Switches, Casing technology, Wire Harness, etc","Industrial Electronics / Industrial Control","Communication System","Consumer Electronics","Computers & Peripherals","Medical Technology","Embodied Intelligence","Artificial Intelligence","Mechanical Engineering","Security & protection system","Lighting engineering","Intelligent building","Household appliances","Mobile phone","",""
"https://onlinecatalogue.electronicachina.com.cn/Public/Uploads/useimg/20250222/logohuifude.png","Zhejiang Fanhar Electronics Co.,Ltd","China","N2.156","https://onlinecatalogue.electronicachina.com.cn/journal/exhibitor/1773","Connectors, Switches, Casing technology, Wire Harness, etc","Information gathering and services","Industrial Electronics / Industrial Control","Communication System","Automotive Electronics and EV","Electricity and New Energy","Lighting engineering","Intelligent building","Household appliances","","","","","","",""
"https://onlinecatalogue.electronicachina.com.cn/Public/Uploads/uploadfile/images/20260323/eClogoShanghai776x328EN-527.png","ZHEJIANG FEIDE ELECTRIC TECHNOLOGY CO.,LTD","China","W4.380","https://onlinecatalogue.electronicachina.com.cn/journal/exhibitor/3560","","","","","","","","","","","","","","","",""
"https://onlinecatalogue.electronicachina.com.cn/Public/Uploads/useimg/20250224/fangtonganniufuben.png","Zhejiang Funeton Electronics Co., Ltd","China","W2.859","https://onlinecatalogue.electronicachina.com.cn/journal/exhibitor/2001","Connectors, Switches, Casing technology, Wire Harness, etc","Power supplies","Information gathering and services","Other, please indicate","Industrial Electronics / Industrial Control","Medical Technology","Electricity and New Energy","Mechanical Engineering","Security & protection system","Lighting engineering","Household appliances","","","","",""
"https://onlinecatalogue.electronicachina.com.cn/Public/Uploads/useimg/20260423/guerte.png","ZHEJIANG GUCHI ELECTRONICS CO.,LTD.","China","N5.146","https://onlinecatalogue.electronicachina.com.cn/journal/exhibitor/1294","Semiconductors","Industrial Electronics / Industrial Control","Electricity and New Energy","Others, please indicate","","","","","","","","","","","",""
"https://onlinecatalogue.electronicachina.com.cn/Public/Uploads/uploadfile/images/20260323/eClogoShanghai776x328EN-527.png","Zhejiang Guoming Rubber Technology Co., Ltd","China","W2.652","https://onlinecatalogue.electronicachina.com.cn/journal/exhibitor/2864","","","","","","","","","","","","","","","",""
"https://onlinecatalogue.electronicachina.com.cn/Public/Uploads/useimg/20260421/24785981089acd5c4d626d15c422b77.jpg","Zhejiang Guoru Electric Co., Ltd.","China","W4.745","https://onlinecatalogue.electronicachina.com.cn/journal/exhibitor/2705","Connectors, Switches, Casing technology, Wire Harness, etc","Automotive and testing","Industrial Electronics / Industrial Control","Automotive Electronics and EV","","","","","","","","","","","",""
"https://onlinecatalogue.electronicachina.com.cn/Public/Uploads/useimg/20250320/gongsibiaoshiyingwen.JPG","Zhejiang Haizhanni Electronic Circuit Co. , Ltd","China","N3.523","https://onlinecatalogue.electronicachina.com.cn/journal/exhibitor/1745","PCBs, other circuit carrier","Industrial Electronics / Industrial Control","Communication System","Consumer Electronics","Computers & Peripherals","Automotive Electronics and EV","Medical Technology","Electricity and New Energy","Internet of Things (loT)","Aviation & Space Technology","Military Electronics","Mechanical Engineering","Rail Transit","Security & protection system","Lighting engineering","Intelligent building"
"https://onlinecatalogue.electronicachina.com.cn/Public/Uploads/useimg/20250211/ATiS.jpg","Zhejiang Hangke Instrument Co.,Ltd","China","N3.556","https://onlinecatalogue.electronicachina.com.cn/journal/exhibitor/1173","Test and measurement","Power supplies","Industrial Electronics / Industrial Control","Automotive Electronics and EV","Electricity and New Energy","","","","","","","","","","",""
"https://onlinecatalogue.electronicachina.com.cn/Public/Uploads/useimg/20260516/12b02888b3a144a215bac541bc240718.jpg","Zhejiang Hangyu Future Technology Co., Ltd.","China","W5.205","https://onlinecatalogue.electronicachina.com.cn/journal/exhibitor/2073","Passive components (capacitors, resistors, inductors, etc.) and Relays","Industrial Electronics / Industrial Control","Communication System","Consumer Electronics","Computers & Peripherals","Automotive Electronics and EV","Medical Technology","Electricity and New Energy","Aviation & Space Technology","Military Electronics","Rail Transit","Lighting engineering","Household appliances","Others, please indicate","",""
"https://onlinecatalogue.electronicachina.com.cn/Public/Uploads/uploadfile/images/20260323/eClogoShanghai776x328EN-527.png","Zhejiang Haoke Electrical Co., Ltd","China","W3.110","https://onlinecatalogue.electronicachina.com.cn/journal/exhibitor/1626","Connectors, Switches, Casing technology, Wire Harness, etc","Assemblies and subsystems","Automotive Electronics and EV","Medical Technology","Electricity and New Energy","","","","","","","","","","",""
"https://onlinecatalogue.electronicachina.com.cn/Public/Uploads/uploadfile/images/20260323/eClogoShanghai776x328EN-527.png","Zhejiang HKE Relay Co.,Ltd","China","N1.150","https://onlinecatalogue.electronicachina.com.cn/journal/exhibitor/885","","","","","","","","","","","","","","","",""
"https://onlinecatalogue.electronicachina.com.cn/Public/Uploads/useimg/20260511/logo-661.jpg","Zhejiang Hongjin Electrical Co.,Ltd.","China","W3.626","https://onlinecatalogue.electronicachina.com.cn/journal/exhibitor/3333","Connectors, Switches, Casing technology, Wire Harness, etc","Industrial Electronics / Industrial Control","Communication System","Automotive Electronics and EV","Mechanical Engineering","Lighting engineering","","","","","","","","","",""
"https://onlinecatalogue.electronicachina.com.cn/Public/Uploads/uploadfile/images/20260323/eClogoShanghai776x328EN-527.png","Zhejiang Hongte Alloy Co., Ltd.","China","W4.748","https://onlinecatalogue.electronicachina.com.cn/journal/exhibitor/2684","","","","","","","","","","","","","","","",""
"https://onlinecatalogue.electronicachina.com.cn/Public/Uploads/uploadfile/images/20260323/eClogoShanghai776x328EN-527.png","Zhejiang HongXiang Connector Co.,Ltd.","China","W3.110","https://onlinecatalogue.electronicachina.com.cn/journal/exhibitor/2232","Connectors, Switches, Casing technology, Wire Harness, etc","Assemblies and subsystems","Industrial Electronics / Industrial Control","Electricity and New Energy","Mechanical Engineering","","","","","","","","","","",""
"https://onlinecatalogue.electronicachina.com.cn/Public/Uploads/useimg/20250402/hongxinglogo.jpg","ZheJiang Hongxing Electrical CO., LTD","China","W1.353","https://onlinecatalogue.electronicachina.com.cn/journal/exhibitor/1627","Connectors, Switches, Casing technology, Wire Harness, etc","Assemblies and subsystems","Industrial Electronics / Industrial Control","Communication System","Consumer Electronics","Household appliances","","","","","","","","","",""
"https://onlinecatalogue.electronicachina.com.cn/Public/Uploads/useimg/20250220/weixintupian20240719082439.png","Zhejiang Huanfang Automobile Electric Appliances Co.,Ltd","China","W2.909","https://onlinecatalogue.electronicachina.com.cn/journal/exhibitor/2419","Connectors, Switches, Casing technology, Wire Harness, etc","Automotive Electronics and EV","Electricity and New Energy","Aviation & Space Technology","Military Electronics","Mechanical Engineering","","","","","","","","","",""
"https://onlinecatalogue.electronicachina.com.cn/Public/Uploads/uploadfile/images/20260323/eClogoShanghai776x328EN-527.png","Zhejiang Huateng Electronic Co., Ltd.","China","W4.105-21","https://onlinecatalogue.electronicachina.com.cn/journal/exhibitor/3621","","","","","","","","","","","","","","","",""
"https://onlinecatalogue.electronicachina.com.cn/Public/Uploads/useimg/20250313/huilong.png","ZHEJIANG HUILONG CRYSTALS TECHNOLOGY CO .,LTD","China","N2.642","https://onlinecatalogue.electronicachina.com.cn/journal/exhibitor/1063","Information gathering and services","Other, please indicate","Industrial Electronics / Industrial Control","Communication System","Consumer Electronics","Computers & Peripherals","Automotive Electronics and EV","Medical Technology","Electricity and New Energy","Internet of Things (loT)","Aviation & Space Technology","Military Electronics","Mechanical Engineering","Rail Transit","Security & protection system","Lighting engineering"
"https://onlinecatalogue.electronicachina.com.cn/Public/Uploads/useimg/20250402/yitongLOGOfubenfuben.jpg","ZHEJIANG ITONG NEW MATEIAL TECHNOLOGY CO.，LTD","China","N4.161","https://onlinecatalogue.electronicachina.com.cn/journal/exhibitor/1960","Other, please indicate","Industrial Electronics / Industrial Control","Communication System","Consumer Electronics","Computers & Peripherals","Automotive Electronics and EV","Medical Technology","Electricity and New Energy","Internet of Things (loT)","Mechanical Engineering","Rail Transit","Household appliances","Mobile phone","","",""
"https://onlinecatalogue.electronicachina.com.cn/Public/Uploads/useimg/20250408/IWISSWORKFORCOM.jpg","ZHEJIANG IWISS ELECTRIC CO .,LTD.","China","W3.722","https://onlinecatalogue.electronicachina.com.cn/journal/exhibitor/2006","Other, please indicate","Industrial Electronics / Industrial Control","Automotive Electronics and EV","Electricity and New Energy","Aviation & Space Technology","Military Electronics","Rail Transit","","","","","","","","",""
"https://onlinecatalogue.electronicachina.com.cn/Public/Uploads/uploadfile/images/20260323/eClogoShanghai776x328EN-527.png","Zhejiang Jiakang Electronics Co., Ltd.","China","N3.131","https://onlinecatalogue.electronicachina.com.cn/journal/exhibitor/1753","","","","","","","","","","","","","","","",""
"https://onlinecatalogue.electronicachina.com.cn/Public/Uploads/uploadfile/images/20260323/eClogoShanghai776x328EN-527.png","zhejiang jialong electron co., ltd","China","W2.360","https://onlinecatalogue.electronicachina.com.cn/journal/exhibitor/1979","Connectors, Switches, Casing technology, Wire Harness, etc","PCBs, other circuit carrier","Assemblies and subsystems","Automotive and testing","Information gathering and services","Industrial Electronics / Industrial Control","Consumer Electronics","Automotive Electronics and EV","Medical Technology","Electricity and New Energy","Aviation & Space Technology","Security & protection system","Lighting engineering","Household appliances","",""
"https://onlinecatalogue.electronicachina.com.cn/Public/Uploads/uploadfile/images/20260323/eClogoShanghai776x328EN-527.png","ZHEJIANG JIANFU ELECTRONICS CO.,LTD","China","W1.929","https://onlinecatalogue.electronicachina.com.cn/journal/exhibitor/2136","","","","","","","","","","","","","","","",""
"https://onlinecatalogue.electronicachina.com.cn/Public/Uploads/useimg/20250409/weixinjietu20250409092922.png","ZHEJIANG JIAXING CARLI ELECTRONICS CO., LTD","Taiwan, China","N1.533","https://onlinecatalogue.electronicachina.com.cn/journal/exhibitor/886","Passive components (capacitors, resistors, inductors, etc.) and Relays","Industrial Electronics / Industrial Control","Communication System","Consumer Electronics","Computers & Peripherals","Automotive Electronics and EV","Medical Technology","Electricity and New Energy","Aviation & Space Technology","Military Electronics","Mechanical Engineering","Security & protection system","Lighting engineering","Intelligent building","Household appliances","Mobile phone"
"https://onlinecatalogue.electronicachina.com.cn/Public/Uploads/uploadfile/images/20260323/eClogoShanghai776x328EN-527.png","Zhejiang Jiezhu wire and cable Co., Ltd.","China","W3.341","https://onlinecatalogue.electronicachina.com.cn/journal/exhibitor/1628","","","","","","","","","","","","","","","",""
"https://onlinecatalogue.electronicachina.com.cn/Public/Uploads/useimg/20250403/gongsiLOGO-420.jpg","Zhejiang Jingdong Rubber & Plastic Technology Co., Ltd","China","W2.629","https://onlinecatalogue.electronicachina.com.cn/journal/exhibitor/1524","Automotive and testing","Other, please indicate","Automotive Electronics and EV","Electricity and New Energy","","","","","","","","","","","",""
"https://onlinecatalogue.electronicachina.com.cn/Public/Uploads/uploadfile/images/20260323/eClogoShanghai776x328EN-527.png","ZHEJIANG JINGSHI ELECTRONIC TECHNOLOGY CO.,LTD.","China","W4.105-13","https://onlinecatalogue.electronicachina.com.cn/journal/exhibitor/3619","","","","","","","","","","","","","","","",""
"https://onlinecatalogue.electronicachina.com.cn/Public/Uploads/uploadfile/images/20260323/eClogoShanghai776x328EN-527.png","Zhejiang Jinjia Electronics Co., Ltd.","China","W1.846","https://onlinecatalogue.electronicachina.com.cn/journal/exhibitor/3471","","","","","","","","","","","","","","","",""
"https://onlinecatalogue.electronicachina.com.cn/Public/Uploads/useimg/20250329/gongsibiaozhi.jpg","ZHEJIANG JINXING ELECTRIC SWITCH FACTORY","China","W3.805","https://onlinecatalogue.electronicachina.com.cn/journal/exhibitor/2542","Other, please indicate","Industrial Electronics / Industrial Control","Communication System","Consumer Electronics","Computers & Peripherals","Automotive Electronics and EV","Medical Technology","Electricity and New Energy","Aviation & Space Technology","Military Electronics","Mechanical Engineering","Rail Transit","Lighting engineering","Household appliances","",""
"https://onlinecatalogue.electronicachina.com.cn/Public/Uploads/useimg/20250226/weibiaoti1.png","ZHEJIANG JUNHAO ELECTRONICS CO.,LTD","China","W4.500","https://onlinecatalogue.electronicachina.com.cn/journal/exhibitor/2416","PCBs, other circuit carrier","Industrial Electronics / Industrial Control","Communication System","Consumer Electronics","Computers & Peripherals","Automotive Electronics and EV","Medical Technology","Electricity and New Energy","Internet of Things (loT)","Aviation & Space Technology","Military Electronics","Mechanical Engineering","Rail Transit","Security & protection system","Lighting engineering","Intelligent building"
"https://onlinecatalogue.electronicachina.com.cn/Public/Uploads/uploadfile/images/20260323/eClogoShanghai776x328EN-527.png","Zhejiang Kenade Electron Co., Ltd","China","N2.816","https://onlinecatalogue.electronicachina.com.cn/journal/exhibitor/1064","","","","","","","","","","","","","","","",""
"https://onlinecatalogue.electronicachina.com.cn/Public/Uploads/useimg/20260429/logo.jpg","ZHEJIANG KINGBEN ELECTRIC CO., LTD.","China","W3.262","https://onlinecatalogue.electronicachina.com.cn/journal/exhibitor/2824","Connectors, Switches, Casing technology, Wire Harness, etc","Industrial Electronics / Industrial Control","Communication System","Electricity and New Energy","Data Center / Cloud Computing","Rail Transit","","","","","","","","","",""
"https://onlinecatalogue.electronicachina.com.cn/Public/Uploads/uploadfile/images/20260323/eClogoShanghai776x328EN-527.png","ZHEJIANG KISE TERMINAL CO., LTD","China","W1.745","https://onlinecatalogue.electronicachina.com.cn/journal/exhibitor/1629","","","","","","","","","","","","","","","",""
"https://onlinecatalogue.electronicachina.com.cn/Public/Uploads/useimg/20260514/logo-211.png","Zhejiang KKA Electrics Co., Ltd.","China","N2.842","https://onlinecatalogue.electronicachina.com.cn/journal/exhibitor/3205","Passive components (capacitors, resistors, inductors, etc.) and Relays","Connectors, Switches, Casing technology, Wire Harness, etc","Automotive and testing","Industrial Electronics / Industrial Control","Communication System","Consumer Electronics","Automotive Electronics and EV","Medical Technology","Electricity and New Energy","Artificial Intelligence","Aviation & Space Technology","Military Electronics","Mechanical Engineering","Rail Transit","Household appliances",""
"https://onlinecatalogue.electronicachina.com.cn/Public/Uploads/useimg/20250310/shangbiao.png","Zhejiang Kuaili Electronic Co., Ltd","China","W4.633","https://onlinecatalogue.electronicachina.com.cn/journal/exhibitor/1744","Displays","Connectors, Switches, Casing technology, Wire Harness, etc","Automotive and testing","Information gathering and services","Computers & Peripherals","Automotive Electronics and EV","Lighting engineering","Household appliances","","","","","","","",""
"https://onlinecatalogue.electronicachina.com.cn/Public/Uploads/uploadfile/images/20260323/eClogoShanghai776x328EN-527.png","Zhejiang Langrun Electric Co., Ltd.","China","W2.261","https://onlinecatalogue.electronicachina.com.cn/journal/exhibitor/1525","","","","","","","","","","","","","","","",""
"https://onlinecatalogue.electronicachina.com.cn/Public/Uploads/uploadfile/images/20260323/eClogoShanghai776x328EN-527.png","ZHEJIANG LEADING TECHNOLOGY CO., LTD.","China","N5.561","https://onlinecatalogue.electronicachina.com.cn/journal/exhibitor/1842","","","","","","","","","","","","","","","",""
"https://onlinecatalogue.electronicachina.com.cn/Public/Uploads/uploadfile/images/20260323/eClogoShanghai776x328EN-527.png","Zhejiang Lianyang Plastic Co.,Ltd","China","W4.157","https://onlinecatalogue.electronicachina.com.cn/journal/exhibitor/3559","","","","","","","","","","","","","","","",""
"https://onlinecatalogue.electronicachina.com.cn/Public/Uploads/uploadfile/images/20260323/eClogoShanghai776x328EN-527.png","zhejiang Liown Semiconductor co.,ltd","China","N5.221","https://onlinecatalogue.electronicachina.com.cn/journal/exhibitor/1295","","","","","","","","","","","","","","","",""
"https://onlinecatalogue.electronicachina.com.cn/Public/Uploads/uploadfile/images/20260323/eClogoShanghai776x328EN-527.png","Zhejiang Longpai Electric Co., Ltd.","China","N1.749","https://onlinecatalogue.electronicachina.com.cn/journal/exhibitor/2967","","","","","","","","","","","","","","","",""
"https://onlinecatalogue.electronicachina.com.cn/Public/Uploads/useimg/20250319/weitu.png","Zhejiang Magtron Intelligent Technology Co.,Ltd","China","N3.105","https://onlinecatalogue.electronicachina.com.cn/journal/exhibitor/1174","Sensor technology","Information gathering and services","Automotive Electronics and EV","Electricity and New Energy","Rail Transit","","","","","","","","","","",""
"https://onlinecatalogue.electronicachina.com.cn/Public/Uploads/useimg/20250114/meishuologo220X60.jpg","Zhejiang Meishuo Electric Technology Co.,Ltd.","China","N1.816","https://onlinecatalogue.electronicachina.com.cn/journal/exhibitor/887","Connectors, Switches, Casing technology, Wire Harness, etc","Industrial Electronics / Industrial Control","Communication System","Automotive Electronics and EV","Electricity and New Energy","Intelligent building","Household appliances","Others, please indicate","","","","","","","",""
"https://onlinecatalogue.electronicachina.com.cn/Public/Uploads/uploadfile/images/20260323/eClogoShanghai776x328EN-527.png","ZHEJIANG METAL MASTER TECHNOLOGY CO ., LTD.","China","W2.637","https://onlinecatalogue.electronicachina.com.cn/journal/exhibitor/2930","","","","","","","","","","","","","","","",""
"https://onlinecatalogue.electronicachina.com.cn/Public/Uploads/useimg/20260512/daiRlogo20260131.png","Zhejiang MinghuiChenghe Microelectronics Co., LTD","China","N2.119","https://onlinecatalogue.electronicachina.com.cn/journal/exhibitor/3388","Passive components (capacitors, resistors, inductors, etc.) and Relays","Information gathering and services","Industrial Electronics / Industrial Control","Communication System","Consumer Electronics","Computers & Peripherals","Automotive Electronics and EV","Medical Technology","Electricity and New Energy","Internet of Things (loT)","Embodied Intelligence","Artificial Intelligence","Data Center / Cloud Computing","Aviation & Space Technology","Military Electronics","Mechanical Engineering"
"https://onlinecatalogue.electronicachina.com.cn/Public/Uploads/useimg/20250412/zuiheshidelogo.png","Zhejiang Muze Elec Tech Co., Ltd","China","N3.573","https://onlinecatalogue.electronicachina.com.cn/journal/exhibitor/2352","Semiconductors","Embedded systems","Displays","Micronano-systems (MEMS, etc.)","Sensor technology","Assemblies and subsystems","Wireless","Industrial Electronics / Industrial Control","Communication System","Consumer Electronics","Computers & Peripherals","Medical Technology","Electricity and New Energy","Internet of Things (loT)","Aviation & Space Technology","Military Electronics"
"https://onlinecatalogue.electronicachina.com.cn/Public/Uploads/uploadfile/images/20260323/eClogoShanghai776x328EN-527.png","ZHEJIANG OUMUMAN ELECTRIC TECHNOLOGY CO.,LTD","China","W3.825","https://onlinecatalogue.electronicachina.com.cn/journal/exhibitor/3239","","","","","","","","","","","","","","","",""
"https://onlinecatalogue.electronicachina.com.cn/Public/Uploads/useimg/20260512/1211.png","ZHEJIANG PINYI ELECTRONIC CO.,LTD.","China","W4.126","https://onlinecatalogue.electronicachina.com.cn/journal/exhibitor/3425","Connectors, Switches, Casing technology, Wire Harness, etc","Automotive and testing","Artificial intelligence technology","Industrial Electronics / Industrial Control","Communication System","Consumer Electronics","Computers & Peripherals","Automotive Electronics and EV","Medical Technology","Electricity and New Energy","Internet of Things (loT)","Embodied Intelligence","Artificial Intelligence","Military Electronics","Mechanical Engineering","Security & protection system"
"https://onlinecatalogue.electronicachina.com.cn/Public/Uploads/uploadfile/images/20260323/eClogoShanghai776x328EN-527.png","Zhejiang Qianqian Electric Co.,Ltd","China","W4.375","https://onlinecatalogue.electronicachina.com.cn/journal/exhibitor/3310","","","","","","","","","","","","","","","",""
"https://onlinecatalogue.electronicachina.com.cn/Public/Uploads/useimg/20260514/logo.png","ZHEJIANG QISHENG ELECTRONICS CO., LTD.","China","N2.151","https://onlinecatalogue.electronicachina.com.cn/journal/exhibitor/3426","Passive components (capacitors, resistors, inductors, etc.) and Relays","Industrial Electronics / Industrial Control","Communication System","Consumer Electronics","Automotive Electronics and EV","Medical Technology","Electricity and New Energy","Internet of Things (loT)","Artificial Intelligence","Aviation & Space Technology","Mechanical Engineering","Security & protection system","Lighting engineering","","",""
"https://onlinecatalogue.electronicachina.com.cn/Public/Uploads/useimg/20250206/QiyangLogo2019v101.jpg","Zhejiang Qiyang Intelligent Technology Co.,Ltd","China","N4.121","https://onlinecatalogue.electronicachina.com.cn/journal/exhibitor/1968","Embedded systems","Industrial Electronics / Industrial Control","Consumer Electronics","Automotive Electronics and EV","Medical Technology","Electricity and New Energy","Internet of Things (loT)","Rail Transit","Security & protection system","Intelligent building","","","","","",""
"https://onlinecatalogue.electronicachina.com.cn/Public/Uploads/useimg/20250407/logoqiangli-632.jpg","Zhejiang QLG Holdings Co.,Ltd.","China","N3.759","https://onlinecatalogue.electronicachina.com.cn/journal/exhibitor/1836","Semiconductors","Sensor technology","Electronic Design (ED/EDA)","Passive components (capacitors, resistors, inductors, etc.) and Relays","Connectors, Switches, Casing technology, Wire Harness, etc","Power supplies","PCBs, other circuit carrier","Assemblies and subsystems","Automotive and testing","Artificial intelligence technology","Information gathering and services","Industrial Electronics / Industrial Control","Communication System","Consumer Electronics","Computers & Peripherals","Automotive Electronics and EV"
"https://onlinecatalogue.electronicachina.com.cn/Public/Uploads/useimg/20260416/runzhenglogo-412.png","Zhejiang Ranger Innovative Material Technology Co. LTD","China","W4.856","https://onlinecatalogue.electronicachina.com.cn/journal/exhibitor/3159","Connectors, Switches, Casing technology, Wire Harness, etc","Electronic materials","Automotive and testing","Industrial Electronics / Industrial Control","Automotive Electronics and EV","Electricity and New Energy","Aviation & Space Technology","Military Electronics","Mechanical Engineering","Rail Transit","Lighting engineering","Household appliances","","","",""
"https://onlinecatalogue.electronicachina.com.cn/Public/Uploads/useimg/20260420/sayoon211.jpg","ZHEJIANG SAYOON ELECTRIC CO., LTD.","China","W3.733","https://onlinecatalogue.electronicachina.com.cn/journal/exhibitor/3416","Passive components (capacitors, resistors, inductors, etc.) and Relays","Connectors, Switches, Casing technology, Wire Harness, etc","Industrial Electronics / Industrial Control","Communication System","Automotive Electronics and EV","Electricity and New Energy","Aviation & Space Technology","Military Electronics","Mechanical Engineering","Lighting engineering","","","","","",""
"https://onlinecatalogue.electronicachina.com.cn/Public/Uploads/useimg/20260331/21.jpg","ZHEJIANG SHENGHUI TECHNOLOGY CO., LTD","China","W2.640","https://onlinecatalogue.electronicachina.com.cn/journal/exhibitor/1631","Displays","Sensor technology","Connectors, Switches, Casing technology, Wire Harness, etc","Automotive and testing","Information gathering and services","Consumer Electronics","Computers & Peripherals","Automotive Electronics and EV","Electricity and New Energy","Security & protection system","Household appliances","","","","",""
"https://onlinecatalogue.electronicachina.com.cn/Public/Uploads/useimg/20250317/shenhaidianzichengse.jpg","Zhejiang Shenhai Electronics Co., Ltd","China","W2.825","https://onlinecatalogue.electronicachina.com.cn/journal/exhibitor/2112","Connectors, Switches, Casing technology, Wire Harness, etc","PCBs, other circuit carrier","Industrial Electronics / Industrial Control","Consumer Electronics","Computers & Peripherals","Automotive Electronics and EV","Medical Technology","Electricity and New Energy","Internet of Things (loT)","Mechanical Engineering","Security & protection system","Lighting engineering","Intelligent building","Household appliances","",""
"https://onlinecatalogue.electronicachina.com.cn/Public/Uploads/uploadfile/images/20260323/eClogoShanghai776x328EN-527.png","ZHEJIANG SHITU ELECTRICAL CO.,LTD","China","W1.241","https://onlinecatalogue.electronicachina.com.cn/journal/exhibitor/1746","","","","","","","","","","","","","","","",""
"https://onlinecatalogue.electronicachina.com.cn/Public/Uploads/uploadfile/images/20260323/eClogoShanghai776x328EN-527.png","Zhejiang Siying Electronics Co., Ltd.","China","W4.748","https://onlinecatalogue.electronicachina.com.cn/journal/exhibitor/2711","","","","","","","","","","","","","","","",""
"https://onlinecatalogue.electronicachina.com.cn/Public/Uploads/useimg/20250326/wudiseLGO.png","Zhejiang songfa composite materials co., Ltd","China","W2.625","https://onlinecatalogue.electronicachina.com.cn/journal/exhibitor/1526","Connectors, Switches, Casing technology, Wire Harness, etc","Power supplies","Consumer Electronics","Automotive Electronics and EV","Military Electronics","Rail Transit","Household appliances","","","","","","","","",""
"https://onlinecatalogue.electronicachina.com.cn/Public/Uploads/uploadfile/images/20260323/eClogoShanghai776x328EN-527.png","ZHEJIANG TONGBEN ELECTRICAL TECHNOLOGY CO., LTD","China","W3.373","https://onlinecatalogue.electronicachina.com.cn/journal/exhibitor/3080","","","","","","","","","","","","","","","",""
"https://onlinecatalogue.electronicachina.com.cn/Public/Uploads/useimg/20250108/gongsishangbiaoLOGO.jpg","ZHEJIANG TONGSHENG ELECTRONIC CO.,LTD","China","W1.256","https://onlinecatalogue.electronicachina.com.cn/journal/exhibitor/1527","Assemblies and subsystems","Automotive and testing","Consumer Electronics","Automotive Electronics and EV","","","","","","","","","","","",""
"https://onlinecatalogue.electronicachina.com.cn/Public/Uploads/useimg/20250228/tailogo.png","Zhejiang Toowei Electronics Co., Ltd.","China","W2.553","https://onlinecatalogue.electronicachina.com.cn/journal/exhibitor/2301","Connectors, Switches, Casing technology, Wire Harness, etc","Assemblies and subsystems","Automotive and testing","Wireless","Information gathering and services","Other, please indicate","Industrial Electronics / Industrial Control","Communication System","Consumer Electronics","Computers & Peripherals","Automotive Electronics and EV","Electricity and New Energy","Aviation & Space Technology","Military Electronics","Mechanical Engineering","Rail Transit"
"https://onlinecatalogue.electronicachina.com.cn/Public/Uploads/useimg/20260513/WEHOlogo.png","ZHEJIANG WEIHAO ELECTRONIC CO., LTD","China","W5.851","https://onlinecatalogue.electronicachina.com.cn/journal/exhibitor/3267","Power supplies","PCBs, other circuit carrier","Other, please indicate","Industrial Electronics / Industrial Control","Communication System","Automotive Electronics and EV","Electricity and New Energy","Internet of Things (loT)","Embodied Intelligence","Artificial Intelligence","Data Center / Cloud Computing","Mechanical Engineering","Rail Transit","Security & protection system","Lighting engineering","Intelligent building"
"https://onlinecatalogue.electronicachina.com.cn/Public/Uploads/uploadfile/images/20260323/eClogoShanghai776x328EN-527.png","Zhejiang Wenda Electronics Co., Ltd.","China","W3.357","https://onlinecatalogue.electronicachina.com.cn/journal/exhibitor/1528","Connectors, Switches, Casing technology, Wire Harness, etc","Assemblies and subsystems","Industrial Electronics / Industrial Control","Communication System","Consumer Electronics","Computers & Peripherals","Automotive Electronics and EV","Medical Technology","Electricity and New Energy","Internet of Things (loT)","Aviation & Space Technology","Military Electronics","Mechanical Engineering","Rail Transit","Security & protection system","Lighting engineering"
"https://onlinecatalogue.electronicachina.com.cn/Public/Uploads/uploadfile/images/20260323/eClogoShanghai776x328EN-527.png","Zhejiang Winjoy New Material Co., Ltd","China","W1.249","https://onlinecatalogue.electronicachina.com.cn/journal/exhibitor/3184","","","","","","","","","","","","","","","",""
"https://onlinecatalogue.electronicachina.com.cn/Public/Uploads/useimg/20250328/1743140454431.png","Zhejiang Xinna Material Science and Technology Co., Ltd.","China","N1.859","https://onlinecatalogue.electronicachina.com.cn/journal/exhibitor/888","Semiconductors","Passive components (capacitors, resistors, inductors, etc.) and Relays","Information gathering and services","Other, please indicate","Automotive Electronics and EV","Aviation & Space Technology","Military Electronics","Mobile phone","Others, please indicate","","","","","","",""
"https://onlinecatalogue.electronicachina.com.cn/Public/Uploads/useimg/20250304/weixintupian20240313110135.jpg","Zhejiang Yatong Advanced Materials Co.,Ltd.","China","N2.840","https://onlinecatalogue.electronicachina.com.cn/journal/exhibitor/2473","Information gathering and services","Industrial Electronics / Industrial Control","Communication System","Consumer Electronics","Automotive Electronics and EV","Medical Technology","Electricity and New Energy","Aviation & Space Technology","Military Electronics","Mechanical Engineering","Rail Transit","Security & protection system","Lighting engineering","Household appliances","Mobile phone",""
"https://onlinecatalogue.electronicachina.com.cn/Public/Uploads/uploadfile/images/20260323/eClogoShanghai776x328EN-527.png","Zhejiang YIBAO Technology Co., Ltd","China","W3.139","https://onlinecatalogue.electronicachina.com.cn/journal/exhibitor/1971","","","","","","","","","","","","","","","",""
"https://onlinecatalogue.electronicachina.com.cn/Public/Uploads/uploadfile/images/20260323/eClogoShanghai776x328EN-527.png","Zhejiang Yuanjin Electronic Technology Co., LTD","China","N2.562","https://onlinecatalogue.electronicachina.com.cn/journal/exhibitor/2055","","","","","","","","","","","","","","","",""
"https://onlinecatalogue.electronicachina.com.cn/Public/Uploads/uploadfile/images/20260323/eClogoShanghai776x328EN-527.png","ZHEJIANG YUCHUANG LELECTRONICS CO., LTD.","China","W2.833","https://onlinecatalogue.electronicachina.com.cn/journal/exhibitor/2680","","","","","","","","","","","","","","","",""
"https://onlinecatalogue.electronicachina.com.cn/Public/Uploads/uploadfile/images/20260323/eClogoShanghai776x328EN-527.png","Zhejiang Yutong Terminal Co., Ltd","China","W4.167","https://onlinecatalogue.electronicachina.com.cn/journal/exhibitor/3332","","","","","","","","","","","","","","","",""
"https://onlinecatalogue.electronicachina.com.cn/Public/Uploads/useimg/20250318/LOGO.jpg","Zhejiang Zhanyue Electronic Technology Co.,Ltd.","China","W4.161","https://onlinecatalogue.electronicachina.com.cn/journal/exhibitor/2559","Connectors, Switches, Casing technology, Wire Harness, etc","Industrial Electronics / Industrial Control","Communication System","Consumer Electronics","Computers & Peripherals","Automotive Electronics and EV","Medical Technology","Electricity and New Energy","Internet of Things (loT)","Security & protection system","Lighting engineering","Intelligent building","Household appliances","Mobile phone","Others, please indicate",""
"https://onlinecatalogue.electronicachina.com.cn/Public/Uploads/useimg/20250327/240x120px.png","Zhejiang Zhaolong Cable Co.,Ltd.","China","W3.521","https://onlinecatalogue.electronicachina.com.cn/journal/exhibitor/1632","Connectors, Switches, Casing technology, Wire Harness, etc","Assemblies and subsystems","Industrial Electronics / Industrial Control","Communication System","Computers & Peripherals","Automotive Electronics and EV","Medical Technology","Internet of Things (loT)","Mechanical Engineering","Rail Transit","Security & protection system","Intelligent building","","","",""
"https://onlinecatalogue.electronicachina.com.cn/Public/Uploads/uploadfile/images/20260323/eClogoShanghai776x328EN-527.png","Zhejiang Zhengbang Power Electronics Co.,Ltd","China","N5.360","https://onlinecatalogue.electronicachina.com.cn/journal/exhibitor/2915","","","","","","","","","","","","","","","",""
"https://onlinecatalogue.electronicachina.com.cn/Public/Uploads/uploadfile/images/20260323/eClogoShanghai776x328EN-527.png","Zhejiang ZhenTe Technology Co, Ltd","China","W4.241","https://onlinecatalogue.electronicachina.com.cn/journal/exhibitor/3325","","","","","","","","","","","","","","","",""
"https://onlinecatalogue.electronicachina.com.cn/Public/Uploads/useimg/20250306/weixintupian20240903142704.jpg","Zhejiang Zhongtong Automobile Electric Appliance Co., LTD","China","W3.533","https://onlinecatalogue.electronicachina.com.cn/journal/exhibitor/2482","Connectors, Switches, Casing technology, Wire Harness, etc","Automotive Electronics and EV","","","","","","","","","","","","","",""
"https://onlinecatalogue.electronicachina.com.cn/Public/Uploads/uploadfile/images/20260323/eClogoShanghai776x328EN-527.png","ZHEJIANG ZHONGXUN ELECTRONICS CO.,LTD","China","W3.257","https://onlinecatalogue.electronicachina.com.cn/journal/exhibitor/3303","Connectors, Switches, Casing technology, Wire Harness, etc","PCBs, other circuit carrier","Industrial Electronics / Industrial Control","Consumer Electronics","Computers & Peripherals","Automotive Electronics and EV","Medical Technology","Electricity and New Energy","Lighting engineering","Household appliances","","","","","",""
"https://onlinecatalogue.electronicachina.com.cn/Public/Uploads/useimg/20250217/zhongzhilogo.jpg","Zhejiang Zhongzhi Automobile Electric Appliances Co.,Ltd.","China","W1.713","https://onlinecatalogue.electronicachina.com.cn/journal/exhibitor/1529","Connectors, Switches, Casing technology, Wire Harness, etc","Automotive and testing","Automotive Electronics and EV","","","","","","","","","","","","",""
"https://onlinecatalogue.electronicachina.com.cn/Public/Uploads/uploadfile/images/20260323/eClogoShanghai776x328EN-527.png","Zhejiang Zhuojin Photoelectric Technology Co. , Ltd.","China","W4.105-12","https://onlinecatalogue.electronicachina.com.cn/journal/exhibitor/3617","","","","","","","","","","","","","","","",""
"https://onlinecatalogue.electronicachina.com.cn/Public/Uploads/useimg/20250220/weibiaoti1.jpg","Zhejiang Zhuolangqi Electric Co., Ltd","China","W3.365","https://onlinecatalogue.electronicachina.com.cn/journal/exhibitor/2002","Connectors, Switches, Casing technology, Wire Harness, etc","Industrial Electronics / Industrial Control","Communication System","Consumer Electronics","Computers & Peripherals","Automotive Electronics and EV","Medical Technology","Electricity and New Energy","Internet of Things (loT)","Aviation & Space Technology","Military Electronics","Mechanical Engineering","Rail Transit","Security & protection system","Lighting engineering","Intelligent building"
"https://onlinecatalogue.electronicachina.com.cn/Public/Uploads/useimg/20260507/zhuoaologo4.jpg","ZheJiang Zuoao Technology Co.,Ltd.","China","W5.233","https://onlinecatalogue.electronicachina.com.cn/journal/exhibitor/3030","Power supplies","Industrial Electronics / Industrial Control","Communication System","Medical Technology","Electricity and New Energy","Security & protection system","Lighting engineering","","","","","","","","",""
"https://onlinecatalogue.electronicachina.com.cn/Public/Uploads/useimg/20250325/AMR.jpg","Zhengzhou Airmoving Technology Co.,Ltd.","China","W5.767","https://onlinecatalogue.electronicachina.com.cn/journal/exhibitor/2492","Electronic Design (ED/EDA)","Passive components (capacitors, resistors, inductors, etc.) and Relays","Connectors, Switches, Casing technology, Wire Harness, etc","Power supplies","PCBs, other circuit carrier","Electronic Manufacturing Services (EMS)","Electronic materials","Assemblies and subsystems","Wireless","Artificial intelligence technology","Other, please indicate","Industrial Electronics / Industrial Control","Communication System","Consumer Electronics","Computers & Peripherals","Automotive Electronics and EV"
"https://onlinecatalogue.electronicachina.com.cn/Public/Uploads/useimg/20260507/PixPin20260507103818.png","Zhengzhou Zetai Technology Co.,Ltd","China","W2.841","https://onlinecatalogue.electronicachina.com.cn/journal/exhibitor/3379","Embedded systems","Connectors, Switches, Casing technology, Wire Harness, etc","Assemblies and subsystems","Automotive and testing","Information gathering and services","Industrial Electronics / Industrial Control","Communication System","Consumer Electronics","Automotive Electronics and EV","Medical Technology","Electricity and New Energy","Artificial Intelligence","Data Center / Cloud Computing","Aviation & Space Technology","Military Electronics","Mechanical Engineering"
"https://onlinecatalogue.electronicachina.com.cn/Public/Uploads/useimg/20260205/baierdedianzi-675.jpg","Zhenjiang Baierde Electronic Co Ltd(C)","China","W4.846","https://onlinecatalogue.electronicachina.com.cn/journal/exhibitor/2707","Connectors, Switches, Casing technology, Wire Harness, etc","Industrial Electronics / Industrial Control","Communication System","Consumer Electronics","Automotive Electronics and EV","Medical Technology","Electricity and New Energy","Internet of Things (loT)","Embodied Intelligence","Aviation & Space Technology","","","","","",""
"https://onlinecatalogue.electronicachina.com.cn/Public/Uploads/useimg/20250404/zhixin.png","Zhixin semiconductor co.,ltd","China","N5.713","https://onlinecatalogue.electronicachina.com.cn/journal/exhibitor/1411","Semiconductors","Automotive and testing","Information gathering and services","Industrial Electronics / Industrial Control","Automotive Electronics and EV","Electricity and New Energy","","","","","","","","","",""
"https://onlinecatalogue.electronicachina.com.cn/Public/Uploads/useimg/20260603/LOGO.jpg","Zhongke MicroNew Materials (Shenzhen) Co.,Ltd.","China","N3.559","https://onlinecatalogue.electronicachina.com.cn/journal/exhibitor/3381","Semiconductors","PCBs, other circuit carrier","Medical Technology","Aviation & Space Technology","","","","","","","","","","","",""
"https://onlinecatalogue.electronicachina.com.cn/Public/Uploads/useimg/20250407/tupian.png","ZHONGLE ELECTRONICS CO., LTD.","China","W3.533","https://onlinecatalogue.electronicachina.com.cn/journal/exhibitor/1870","Connectors, Switches, Casing technology, Wire Harness, etc","Assemblies and subsystems","Industrial Electronics / Industrial Control","Communication System","Consumer Electronics","Computers & Peripherals","Automotive Electronics and EV","Medical Technology","Electricity and New Energy","Mechanical Engineering","Security & protection system","Lighting engineering","Intelligent building","Household appliances","Others, please indicate",""
"https://onlinecatalogue.electronicachina.com.cn/Public/Uploads/useimg/20260525/JLAjielian.png","Zhongshan Jielian Adhesive Products Co.,Ltd","China","W3.377","https://onlinecatalogue.electronicachina.com.cn/journal/exhibitor/3328","Connectors, Switches, Casing technology, Wire Harness, etc","Industrial Electronics / Industrial Control","Consumer Electronics","Computers & Peripherals","","","","","","","","","","","",""
"https://onlinecatalogue.electronicachina.com.cn/Public/Uploads/uploadfile/images/20260323/eClogoShanghai776x328EN-527.png","Zhongshan Minci Science & Technology Co.,Ltd.","China","N2.865","https://onlinecatalogue.electronicachina.com.cn/journal/exhibitor/2717","","","","","","","","","","","","","","","",""
"https://onlinecatalogue.electronicachina.com.cn/Public/Uploads/useimg/20250327/weixintupian20250327181954.png","Zhongshan SK Electronics Co., Ltd","China","N1.263","https://onlinecatalogue.electronicachina.com.cn/journal/exhibitor/934","Electronic Design (ED/EDA)","Passive components (capacitors, resistors, inductors, etc.) and Relays","Information gathering and services","Industrial Electronics / Industrial Control","Communication System","Consumer Electronics","Computers & Peripherals","Automotive Electronics and EV","Electricity and New Energy","Lighting engineering","","","","","",""
"https://onlinecatalogue.electronicachina.com.cn/Public/Uploads/useimg/20260602/weixintupian2026060216500824523.png","Zhongshan Xin Wei Fine Wire Electronics Ltd","China","N3.873","https://onlinecatalogue.electronicachina.com.cn/journal/exhibitor/3601","Semiconductors","Test and measurement","Electronic materials","Industrial Electronics / Industrial Control","","","","","","","","","","","",""
"https://onlinecatalogue.electronicachina.com.cn/Public/Uploads/uploadfile/images/20260323/eClogoShanghai776x328EN-527.png","ZHONGSHAN XINHANG HARDWARE PLASTIC CO.,LTD","China","W3.909","https://onlinecatalogue.electronicachina.com.cn/journal/exhibitor/3579","","","","","","","","","","","","","","","",""
"https://onlinecatalogue.electronicachina.com.cn/Public/Uploads/uploadfile/images/20260323/eClogoShanghai776x328EN-527.png","ZHONGSHAN ZHANHUI ELECTRONIC EQUIPMENT CO., LTD.","China","N2.751","https://onlinecatalogue.electronicachina.com.cn/journal/exhibitor/3424","Passive components (capacitors, resistors, inductors, etc.) and Relays","Connectors, Switches, Casing technology, Wire Harness, etc","PCBs, other circuit carrier","Electronic Manufacturing Services (EMS)","Electronic materials","Automotive and testing","Artificial intelligence technology","Information gathering and services","Other, please indicate","Industrial Electronics / Industrial Control","Communication System","Consumer Electronics","Computers & Peripherals","Automotive Electronics and EV","Medical Technology","Electricity and New Energy"
"https://onlinecatalogue.electronicachina.com.cn/Public/Uploads/uploadfile/images/20260323/eClogoShanghai776x328EN-527.png","Zhuhai Boya Technology Co., Ltd.","China","N5.842","https://onlinecatalogue.electronicachina.com.cn/journal/exhibitor/3523","","","","","","","","","","","","","","","",""
"https://onlinecatalogue.electronicachina.com.cn/Public/Uploads/useimg/20260317/rongshengLOGO.jpg","Zhuhai Rosen Super Micro-Wire Co.,Ltd.","China","N1.565","https://onlinecatalogue.electronicachina.com.cn/journal/exhibitor/2893","Passive components (capacitors, resistors, inductors, etc.) and Relays","Power supplies","Electronic materials","Industrial Electronics / Industrial Control","Communication System","Consumer Electronics","Computers & Peripherals","Automotive Electronics and EV","Medical Technology","Electricity and New Energy","Aviation & Space Technology","Military Electronics","Mechanical Engineering","Security & protection system","Lighting engineering","Household appliances"
"https://onlinecatalogue.electronicachina.com.cn/Public/Uploads/useimg/20250327/SECLLOGO.jpg","ZHUHAI SHARE ELECTRONICS CO.,LTD.","China","N2.905","https://onlinecatalogue.electronicachina.com.cn/journal/exhibitor/2330","Passive components (capacitors, resistors, inductors, etc.) and Relays","Information gathering and services","Industrial Electronics / Industrial Control","Communication System","Consumer Electronics","Computers & Peripherals","Automotive Electronics and EV","Medical Technology","Electricity and New Energy","Aviation & Space Technology","Security & protection system","Lighting engineering","Intelligent building","Household appliances","",""
"https://onlinecatalogue.electronicachina.com.cn/Public/Uploads/useimg/20250218/zhuoyilvseLOGO.png","ZHUOYI TECHNOLOGY (GUANGDONG) CO.,LTD","China","W3.563","https://onlinecatalogue.electronicachina.com.cn/journal/exhibitor/1530","Connectors, Switches, Casing technology, Wire Harness, etc","Automotive Electronics and EV","","","","","","","","","","","","","",""
"https://onlinecatalogue.electronicachina.com.cn/Public/Uploads/uploadfile/images/20260323/eClogoShanghai776x328EN-527.png","ZING EAR ENTERPRISE CO., LTD.","Taiwan, China","W4.141","https://onlinecatalogue.electronicachina.com.cn/journal/exhibitor/2377","","","","","","","","","","","","","","","",""
"https://onlinecatalogue.electronicachina.com.cn/Public/Uploads/useimg/20250312/264100logo01.png","ZJW Microelectronics Limited","China","N4.800","https://onlinecatalogue.electronicachina.com.cn/journal/exhibitor/1412","Semiconductors","Industrial Electronics / Industrial Control","Communication System","Automotive Electronics and EV","Medical Technology","Electricity and New Energy","Aviation & Space Technology","","","","","","","","",""
"https://onlinecatalogue.electronicachina.com.cn/Public/Uploads/useimg/20250407/ZOEYGOzhongyiguangkeji-148.png","ZOEYGO Guangzhou  Electronic Technology Co.,Ltd.","China","W5.746","https://onlinecatalogue.electronicachina.com.cn/journal/exhibitor/1175","Power supplies","Industrial Electronics / Industrial Control","Communication System","Medical Technology","Electricity and New Energy","Rail Transit","Security & protection system","Intelligent building","Household appliances","","","","","","",""
"https://onlinecatalogue.electronicachina.com.cn/Public/Uploads/useimg/20260430/zongyiLOGO-879.jpg","ZOMYEE ELECTRONICS CO., LTD","China","W4.159","https://onlinecatalogue.electronicachina.com.cn/journal/exhibitor/2714","Connectors, Switches, Casing technology, Wire Harness, etc","Industrial Electronics / Industrial Control","Communication System","Consumer Electronics","Computers & Peripherals","Automotive Electronics and EV","Medical Technology","Electricity and New Energy","Internet of Things (loT)","Embodied Intelligence","Artificial Intelligence","Data Center / Cloud Computing","Aviation & Space Technology","Military Electronics","Mechanical Engineering","Rail Transit"
"https://onlinecatalogue.electronicachina.com.cn/Public/Uploads/uploadfile/images/20260323/eClogoShanghai776x328EN-527.png","Zongjia Electronic Technology (Shanghai) Co.,Ltd.","China","N5.826","https://onlinecatalogue.electronicachina.com.cn/journal/exhibitor/1297","","","","","","","","","","","","","","","",""
"https://onlinecatalogue.electronicachina.com.cn/Public/Uploads/useimg/20250120/logo.png","ZONKAS ELECTRONIC CO., LTD","China","N2.868","https://onlinecatalogue.electronicachina.com.cn/journal/exhibitor/2037","Passive components (capacitors, resistors, inductors, etc.) and Relays","Automotive Electronics and EV","Medical Technology","Electricity and New Energy","Lighting engineering","Household appliances","","","","","","","","","",""
"https://onlinecatalogue.electronicachina.com.cn/Public/Uploads/useimg/20250212/HVDC.png","Zpower Technology(Shenzhen) Co., Ltd.","China","W5.301","https://onlinecatalogue.electronicachina.com.cn/journal/exhibitor/2007","Power supplies","Communication System","Electricity and New Energy","Military Electronics","Rail Transit","Security & protection system","","","","","","","","","",""
"https://onlinecatalogue.electronicachina.com.cn/Public/Uploads/useimg/20260604/weixintupian20260604091234151-957.jpg","ZX-Tech","China","W2.726","https://onlinecatalogue.electronicachina.com.cn/journal/exhibitor/2932","Semiconductors","Sensor technology","Passive components (capacitors, resistors, inductors, etc.) and Relays","Connectors, Switches, Casing technology, Wire Harness, etc","Power supplies","Electronic materials","Assemblies and subsystems","Automotive and testing","Wireless","Artificial intelligence technology","Industrial Electronics / Industrial Control","Communication System","Consumer Electronics","Computers & Peripherals","Automotive Electronics and EV","Medical Technology"
"https://onlinecatalogue.electronicachina.com.cn/Public/Uploads/uploadfile/images/20260323/eClogoShanghai776x328EN-527.png","ZY Connector","China","W3.260","https://onlinecatalogue.electronicachina.com.cn/journal/exhibitor/3196","","","","","","","","","","","","","","","",""
"https://onlinecatalogue.electronicachina.com.cn/Public/Uploads/useimg/20260507/ZYCON.png","ZYCON","China","W2.621","https://onlinecatalogue.electronicachina.com.cn/journal/exhibitor/3021","Connectors, Switches, Casing technology, Wire Harness, etc","Assemblies and subsystems","Industrial Electronics / Industrial Control","Communication System","Consumer Electronics","Computers & Peripherals","Automotive Electronics and EV","Electricity and New Energy","","","","","","","",""
"https://onlinecatalogue.electronicachina.com.cn/Public/Uploads/useimg/20260304/ZynalogLOGO2.010085394dinggao03-580.png","Zynalog Semiconductor Co., Ltd.","China","N4.232","https://onlinecatalogue.electronicachina.com.cn/journal/exhibitor/1298","Semiconductors","Industrial Electronics / Industrial Control","Communication System","Medical Technology","Electricity and New Energy","Mechanical Engineering","Others, please indicate","","","","","","","","",""
"https://onlinecatalogue.electronicachina.com.cn/Public/Uploads/uploadfile/images/20260323/eClogoShanghai776x328EN-527.png","ZYT(Shenzhen） Technology Co.,Ltd.","China","W1.636","https://onlinecatalogue.electronicachina.com.cn/journal/exhibitor/2982","","","","","","","","","","","","","","","",""
"https://onlinecatalogue.electronicachina.com.cn/Public/Uploads/uploadfile/images/20260323/eClogoShanghai776x328EN-527.png","z维库电子市场网","China","N3.655","https://onlinecatalogue.electronicachina.com.cn/journal/exhibitor/3646","","","","","","","","","","","","","","","",""
"https://onlinecatalogue.electronicachina.com.cn/Public/Uploads/uploadfile/images/20260323/eClogoShanghai776x328EN-527.png","宁波亦唐智能科技有限公司","China","N3.562","https://onlinecatalogue.electronicachina.com.cn/journal/exhibitor/3427","","","","","","","","","","","","","","","",""
"https://onlinecatalogue.electronicachina.com.cn/Public/Uploads/uploadfile/images/20260323/eClogoShanghai776x328EN-527.png","深圳原子半导体科技有限公司","China","N4.757","https://onlinecatalogue.electronicachina.com.cn/journal/exhibitor/3598","Semiconductors","Sensor technology","Industrial Electronics / Industrial Control","Consumer Electronics","Computers & Peripherals","Aviation & Space Technology","Military Electronics","Mechanical Engineering","Household appliances","Mobile phone","","","","","",""