"tablescraper-selected-row","tablescraper-selected-row 2","shenzhen","tablescraper-selected-row 3","shopUrl href","shopUrl src"
"ACE Investment and Impact Advisors PLC","9L78","Ethiopia","Finished Dosage","https://www.pharmasources.com/company-home/ace-investment-and-impact-advisors-plc-userId-157550.html","https://exhibitors.cphi-china.cn/assets/imgs/sp_mob.png"
"APACE Inc.","9J20","Republic of Korea","Pharma Ingredients","https://www.pharmasources.com/company-home/apace-inc-userId-157499.html","https://exhibitors.cphi-china.cn/assets/imgs/sp_mob.png"
"China Chinopharma Ltd.","9E56","China Mainland","Pharma Ingredients","https://www.pharmasources.com/company-home/china-chinopharma-ltd-userId-140872.html","https://exhibitors.cphi-china.cn/assets/imgs/sp_mob.png"
"DoKaSch Temperature Solutions Gmbh","9L55","China Mainland","Finished Dosage","https://www.pharmasources.com/company-home/dokasch-temperature-solutions-gmbh-userId-147049.html","https://exhibitors.cphi-china.cn/assets/imgs/sp_mob.png"
"HAX INDUSTRY PTE.LTD.","9T08","China Mainland","Packaging & Drug Delivery","https://www.pharmasources.com/company-home/hax-industry-pteltd-userId-157291.html","https://exhibitors.cphi-china.cn/assets/imgs/sp_mob.png"
"LogisticRX Global LLC","9I30","United States","AI Tech & Contract Service","https://www.pharmasources.com/company-home/logisticrx-global-llc-userId-157250.html","https://exhibitors.cphi-china.cn/assets/imgs/sp_mob.png"
"Nuvalez Consulting Limited","9G30","Ireland","AI Tech & Contract Service","https://www.pharmasources.com/company-home/nuvalez-consulting-limited-userId-157510.html","https://exhibitors.cphi-china.cn/assets/imgs/sp_mob.png"
"Shilpa Pharma Lifesciences Limited","9L18","India","Pharma Ingredients","https://www.pharmasources.com/company-home/shilpa-pharma-lifesciences-limited-userId-147474.html","https://exhibitors.cphi-china.cn/assets/imgs/sp_mob.png"
"TAKASAGO","8F63","Japan","Laboratory Instruments & Equipment","https://www.pharmasources.com/company-home/takasago-userId-157354.html","https://exhibitors.cphi-china.cn/assets/imgs/sp_mob.png"
"UPS HEALTHCARE","9K17","Singapore","Pharma Ingredients","https://www.pharmasources.com/company-home/ups-healthcare-userId-147007.html","https://exhibitors.cphi-china.cn/assets/imgs/sp_mob.png"
"S-Catalysis Technology Co., Ltd.","9T92","China Mainland","Pharma Ingredients","https://www.pharmasources.com/company-home/s-catalysis-technology-co-ltd-userId-157369.html","https://exhibitors.cphi-china.cn/assets/imgs/sp_mob.png"
"Amicogen (China) Biopharm Co., Ltd","9J88","China Mainland","Pharma Ingredients","https://www.pharmasources.com/company-home/amicogen-china-biopharm-co-ltd-userId-141309.html","https://exhibitors.cphi-china.cn/assets/imgs/sp_mob.png"
"AstaTech (Chengdu) Biopharmaceutical Corp.","9G36","China Mainland","AI Tech & Contract Service","https://www.pharmasources.com/company-home/astatech-chengdu-biopharmaceutical-corp-userId-139811.html","https://exhibitors.cphi-china.cn/assets/imgs/sp_mob.png"
"Anhui Chengshi Pharmaceutical Co.,Ltd","9K81","China Mainland","Finished Dosage","https://www.pharmasources.com/company-home/anhui-chengshi-pharmaceutical-coltd-userId-146323.html","https://exhibitors.cphi-china.cn/assets/imgs/sp_mob.png"
"ANHUI REDSTAR PHARMACEUTICAL CORP., LTD.","7C18","China Mainland","Natural Supply","https://www.pharmasources.com/company-home/anhui-redstar-pharmaceutical-corp-ltd-userId-139956.html","https://exhibitors.cphi-china.cn/assets/imgs/sp_mob.png"
"ANHUI JINQUAN BIOLOGICAL TECHNOLOGY CO.,LTD.","9F69","China Mainland","Pharma Ingredients","https://www.pharmasources.com/company-home/anhui-jinquan-biological-technology-colt-userId-139668.html","https://exhibitors.cphi-china.cn/assets/imgs/sp_mob.png"
"Anhui Omire Biotechnology Co., Ltd","9K26","China Mainland","Pharma Ingredients","https://www.pharmasources.com/company-home/anhui-omire-biotechnology-co-ltd-userId-145998.html","https://exhibitors.cphi-china.cn/assets/imgs/sp_mob.png"
"Anhui Sunhere Pharmaceutical Excipients Co.,Ltd.","9I78","China Mainland","Pharma Excipients","https://www.pharmasources.com/company-home/anhui-sunhere-pharmaceutical-excipients--userId-140024.html","https://exhibitors.cphi-china.cn/assets/imgs/sp_mob.png"
"Anhui Hengjingtang Pharmaceutical Co., Ltd.","9M81","China Mainland","Finished Dosage","https://www.pharmasources.com/company-home/anhui-hengjingtang-pharmaceutical-co-ltd-userId-157449.html","https://exhibitors.cphi-china.cn/assets/imgs/sp_mob.png"
"A.H.A International Co., Ltd.","9D50","China Mainland","Pharma Ingredients","https://www.pharmasources.com/company-home/aha-international-co-ltd-userId-139977.html","https://exhibitors.cphi-china.cn/assets/imgs/sp_mob.png"
"Anhui Tianrun Medical New Materials Co., Ltd","8E52","China Mainland","Clean Technology","https://www.pharmasources.com/company-home/anhui-tianrun-medical-new-materials-co-l-userId-156233.html","https://exhibitors.cphi-china.cn/assets/imgs/sp_mob.png"
"ANHUI MEDIPHARM CO., LTD","9L69","China Mainland","Finished Dosage","https://www.pharmasources.com/company-home/anhui-medipharm-co-ltd-userId-146780.html","https://exhibitors.cphi-china.cn/assets/imgs/sp_mob.png"
"ANHUI XINGZHOU PHARMA CO.,LTD.","7F16","China Mainland","Natural Supply","https://www.pharmasources.com/company-home/anhui-xingzhou-pharma-coltd-userId-144198.html","https://exhibitors.cphi-china.cn/assets/imgs/sp_mob.png"
"Anhui Best Life Regenerative Medicine Technology Co., Ltd.","7A50","China Mainland","Beauty & Cosmetics Supply Chain","https://www.pharmasources.com/company-home/anhui-best-life-regenerative-medicine-te-userId-157462.html","https://exhibitors.cphi-china.cn/assets/imgs/sp_mob.png"
"Angel Yeast Co.,Ltd.","9G59","China Mainland","Pharma Ingredients","https://www.pharmasources.com/company-home/angel-yeast-coltd-userId-139900.html","https://exhibitors.cphi-china.cn/assets/imgs/sp_mob.png"
"ANQIU LU’AN PHARMACEUTICAL CO.,LTD.","9K78","China Mainland","Finished Dosage","https://www.pharmasources.com/company-home/anqiu-luan-pharmaceutical-coltd-userId-139859.html","https://exhibitors.cphi-china.cn/assets/imgs/sp_mob.png"
"YASUDA CHEMICAL (JIANGSU) CO., LTD.","9J59","China Mainland","Pharma Excipients","https://www.pharmasources.com/company-home/yasuda-chemical-jiangsu-co-ltd-userId-144059.html","https://exhibitors.cphi-china.cn/assets/imgs/sp_mob.png"
"Online Instrument","8G35","China Mainland","Laboratory Instruments & Equipment","https://www.pharmasources.com/company-home/online-instrument-userId-156787.html","https://exhibitors.cphi-china.cn/assets/imgs/sp_mob.png"
"Aurisco Pharmaceutical Co., Ltd.","9E39","China Mainland","Pharma Ingredients","https://www.pharmasources.com/company-home/aurisco-pharmaceutical-co-ltd-userId-139774.html","https://exhibitors.cphi-china.cn/assets/imgs/sp_mob.png"
"BHS-Sonthofen (Tianjin) Machinery Co., Ltd. Shanghai Branch","9P03","Germany","Pharma Machinery & Packaging Machinery","https://www.pharmasources.com/company-home/bhs-sonthofen-tianjin-machinery-co-ltd-s-userId-157592.html","https://exhibitors.cphi-china.cn/assets/imgs/sp_mob.png"
"Bengbu Huadong Bio-tech Co., Ltd","7F30","China Mainland","Natural Supply","https://www.pharmasources.com/company-home/bengbu-huadong-bio-tech-co-ltd-userId-143051.html","https://exhibitors.cphi-china.cn/assets/imgs/sp_mob.png"
"Baoji Xuhuang Bio-tech Co.,Ltd","7F19","China Mainland","Natural Supply","https://www.pharmasources.com/company-home/baoji-xuhuang-bio-tech-coltd-userId-157447.html","https://exhibitors.cphi-china.cn/assets/imgs/sp_mob.png"
"DRAGON STAR HOLDINGS (HONG KONG) LTD.","9B16","Hong Kong, S.A.R., China","Packaging & Drug Delivery","https://www.pharmasources.com/company-home/dragon-star-holdings-hong-kong-ltd-userId-157405.html","https://exhibitors.cphi-china.cn/assets/imgs/sp_mob.png"
"Baoding Chuangrui Precision Pump Co., Ltd.","8G88","China Mainland","Pharma Machinery & Packaging Machinery","https://www.pharmasources.com/company-home/baoding-chuangrui-precision-pump-co-ltd-userId-142203.html","https://exhibitors.cphi-china.cn/assets/imgs/sp_mob.png"
"BEIJING AOBOXING BIO-TECH CO.,LTD.","9K37","China Mainland","Biotech","https://www.pharmasources.com/company-home/beijing-aoboxing-bio-tech-coltd-userId-145847.html","https://exhibitors.cphi-china.cn/assets/imgs/sp_mob.png"
"Beijing Perfectlight Technology Co., Ltd.","8J02","China Mainland","Pharma Machinery & Packaging Machinery","https://www.pharmasources.com/company-home/beijing-perfectlight-technology-co-ltd-userId-145502.html","https://exhibitors.cphi-china.cn/assets/imgs/sp_mob.png"
"BEIJING CHEMFAST INTERNATIONAL TRANSPORTATION CO.,LTD","9K30","China Mainland","Biotech","https://www.pharmasources.com/company-home/beijing-chemfast-international-transport-userId-141953.html","https://exhibitors.cphi-china.cn/assets/imgs/sp_mob.png"
"Beijing Greenchem Technology Co.,Ltd","9G11","China Mainland","Pharma Ingredients","https://www.pharmasources.com/company-home/beijing-greenchem-technology-coltd-userId-140590.html","https://exhibitors.cphi-china.cn/assets/imgs/sp_mob.png"
"Beijing Hanlin Hangyu Technology Development Inc.","8A67","China Mainland","Pharma Machinery & Packaging Machinery","https://www.pharmasources.com/company-home/beijing-hanlin-hangyu-technology-develop-userId-140311.html","https://exhibitors.cphi-china.cn/assets/imgs/sp_mob.png"
"Beijing Huikang Boyuan Chemical Tech Co.,Ltd","9C90","China Mainland","Pharma Ingredients","https://www.pharmasources.com/company-home/beijing-huikang-boyuan-chemical-tech-col-userId-139987.html","https://exhibitors.cphi-china.cn/assets/imgs/sp_mob.png"
"JenKem Technology Co., Ltd.","9K27","China Mainland","Biotech","https://www.pharmasources.com/company-home/jenkem-technology-co-ltd-userId-141610.html","https://exhibitors.cphi-china.cn/assets/imgs/sp_mob.png"
"Beijing Komer Process Control Technology Co.,LTD","8F36","China Mainland","Laboratory Instruments & Equipment","https://www.pharmasources.com/company-home/beijing-komer-process-control-technology-userId-147487.html","https://exhibitors.cphi-china.cn/assets/imgs/sp_mob.png"
"Beijing Cowaymed Consulting Inc.","9I88","China Mainland","Pharma Ingredients","https://www.pharmasources.com/company-home/beijing-cowaymed-consulting-inc-userId-145114.html","https://exhibitors.cphi-china.cn/assets/imgs/sp_mob.png"
"KENO PHARMA LIMITED","9D37","China Mainland","Packaging & Drug Delivery","https://www.pharmasources.com/company-home/keno-pharma-limited-userId-146544.html","https://exhibitors.cphi-china.cn/assets/imgs/sp_mob.png"
"Beijing Cobazaar Information Technology Co., Ltd.","8F53","China Mainland","Laboratory Instruments & Equipment","https://www.pharmasources.com/company-home/beijing-cobazaar-information-technology--userId-157440.html","https://exhibitors.cphi-china.cn/assets/imgs/sp_mob.png"
"Beijing Lunarsun Pharmaceutical Co., Ltd.","9I98","China Mainland","Pharma Ingredients","https://www.pharmasources.com/company-home/beijing-lunarsun-pharmaceutical-co-ltd-userId-146287.html","https://exhibitors.cphi-china.cn/assets/imgs/sp_mob.png"
"Beijing Eagle Sky Pharmatech Co., Ltd.","9I38","China Mainland","AI Tech & Contract Service","https://www.pharmasources.com/company-home/beijing-eagle-sky-pharmatech-co-ltd-userId-141413.html","https://exhibitors.cphi-china.cn/assets/imgs/sp_mob.png"
"Beijing Maris Medical Technology Co., Ltd.","7A20","China Mainland","Beauty & Cosmetics Supply Chain","https://www.pharmasources.com/company-home/beijing-maris-medical-technology-co-ltd-userId-157585.html","https://exhibitors.cphi-china.cn/assets/imgs/sp_mob.png"
"BEIJING MESOCHEM TECHNOLOGY CO.,LTD","9M22","China Mainland","Pharma Ingredients","https://www.pharmasources.com/company-home/beijing-mesochem-technology-coltd-userId-148441.html","https://exhibitors.cphi-china.cn/assets/imgs/sp_mob.png"
"Beijing Double-Crane Pharmaceutical Equipment Co.,Ltd.","8B75","China Mainland","Pharma Machinery & Packaging Machinery","https://www.pharmasources.com/company-home/beijing-double-crane-pharmaceutical-equi-userId-140239.html","https://exhibitors.cphi-china.cn/assets/imgs/sp_mob.png"
"Beijing Songyuan Huaxing Technology Develop Co., Ltd.","8F51","China Mainland","Laboratory Instruments & Equipment","https://www.pharmasources.com/company-home/beijing-songyuan-huaxing-technology-deve-userId-144116.html","https://exhibitors.cphi-china.cn/assets/imgs/sp_mob.png"
"Beijing Wisdom Chemicals Co., Ltd.","9H27","China Mainland","Pharma Ingredients","https://www.pharmasources.com/company-home/beijing-wisdom-chemicals-co-ltd-userId-143109.html","https://exhibitors.cphi-china.cn/assets/imgs/sp_mob.png"
"INFOARK INTERNATIONAL CO.,LIMITED","9D16","China Mainland","Pharma Ingredients","https://www.pharmasources.com/company-home/infoark-international-colimited-userId-140208.html","https://exhibitors.cphi-china.cn/assets/imgs/sp_mob.png"
"Beijing Sinolever Pharma Institute CO., LTD.","9M55","China Mainland","Finished Dosage","https://www.pharmasources.com/company-home/beijing-sinolever-pharma-institute-co-lt-userId-145403.html","https://exhibitors.cphi-china.cn/assets/imgs/sp_mob.png"
"Florient Chemical Group","9H55","China Mainland","Pharma Ingredients","https://www.pharmasources.com/company-home/florient-chemical-group-userId-157108.html","https://exhibitors.cphi-china.cn/assets/imgs/sp_mob.png"
"CANGXIAN KANGFU MEDICINAL PLASTIC MATERIAL PACKING COMPANY","9B45","China Mainland","Packaging & Drug Delivery","https://www.pharmasources.com/company-home/cangxian-kangfu-medicinal-plastic-materi-userId-140283.html","https://exhibitors.cphi-china.cn/assets/imgs/sp_mob.png"
"Cangzhou Julong Pharmaceutical Packing Material Co.,LTD","9A17","China Mainland","Packaging & Drug Delivery","https://www.pharmasources.com/company-home/cangzhou-julong-pharmaceutical-packing-m-userId-144181.html","https://exhibitors.cphi-china.cn/assets/imgs/sp_mob.png"
"Cangzhou Laiyuan Glass Products Co., Ltd.","7A56","China Mainland","Beauty & Cosmetics Supply Chain","https://www.pharmasources.com/company-home/cangzhou-laiyuan-glass-products-co-ltd-userId-157589.html","https://exhibitors.cphi-china.cn/assets/imgs/sp_mob.png"
"Cangzhou Four Stars Glass Co.,Ltd","7B28","China Mainland","Beauty & Cosmetics Supply Chain","https://www.pharmasources.com/company-home/cangzhou-four-stars-glass-coltd-userId-140292.html","https://exhibitors.cphi-china.cn/assets/imgs/sp_mob.png"
"Cangzhou Weikang Food & Pharmaceutical Package Co., Ltd.","9D45","China Mainland","Packaging & Drug Delivery","https://www.pharmasources.com/company-home/cangzhou-weikang-food-pharmaceutical-pac-userId-141530.html","https://exhibitors.cphi-china.cn/assets/imgs/sp_mob.png"
"Cangzhou Yikang Foods & Pharmaceutical Packaging Co.,Ltd.","9B36","China Mainland","Packaging & Drug Delivery","https://www.pharmasources.com/company-home/cangzhou-yikang-foods-pharmaceutical-pac-userId-142200.html","https://exhibitors.cphi-china.cn/assets/imgs/sp_mob.png"
"Changchun Dacheng Industrial Group International Trade CO.,LTD.","9E62","China Mainland","Pharma Ingredients","https://www.pharmasources.com/company-home/changchun-dacheng-industrial-group-inter-userId-156847.html","https://exhibitors.cphi-china.cn/assets/imgs/sp_mob.png"
"Changchun GeneScience Pharmaceutical Co., Ltd.","9L27","China Mainland","Biotech","https://www.pharmasources.com/company-home/changchun-genescience-pharmaceutical-co--userId-139849.html","https://exhibitors.cphi-china.cn/assets/imgs/sp_mob.png"
"Yangtze River Delta Physics Research Center Co. Ltd","8G39","China Mainland","Laboratory Instruments & Equipment","https://www.pharmasources.com/company-home/yangtze-river-delta-physics-research-cen-userId-157402.html","https://exhibitors.cphi-china.cn/assets/imgs/sp_mob.png"
"Changsha Duxact Biotech Co., Ltd.","9H32","China Mainland","AI Tech & Contract Service","https://www.pharmasources.com/company-home/changsha-duxact-biotech-co-ltd-userId-145706.html","https://exhibitors.cphi-china.cn/assets/imgs/sp_mob.png"
"Changsha Comext Biotech Co.,Ltd","7C52","China Mainland","Natural Supply","https://www.pharmasources.com/company-home/changsha-comext-biotech-coltd-userId-156291.html","https://exhibitors.cphi-china.cn/assets/imgs/sp_mob.png"
"Changsha Staherb Natural Ingredients Co., Ltd.","7C35","China Mainland","Beauty & Cosmetics Supply Chain","https://www.pharmasources.com/company-home/changsha-staherb-natural-ingredients-co--userId-146730.html","https://exhibitors.cphi-china.cn/assets/imgs/sp_mob.png"
"Changzhou Pure Pharmaceutical Packaging Materials Co., Ltd.","9A33","China Mainland","Packaging & Drug Delivery","https://www.pharmasources.com/company-home/changzhou-pure-pharmaceutical-packaging--userId-157431.html","https://exhibitors.cphi-china.cn/assets/imgs/sp_mob.png"
"Genchem & Genpharm (Changzhou) Co.,Ltd.","9D82","China Mainland","Pharma Ingredients","https://www.pharmasources.com/company-home/genchem-genpharm-changzhou-coltd-userId-146480.html","https://exhibitors.cphi-china.cn/assets/imgs/sp_mob.png"
"Changzhou KansenBio Technology Co., Ltd","7D57","China Mainland","Natural Supply","https://www.pharmasources.com/company-home/changzhou-kansenbio-technology-co-ltd-userId-156081.html","https://exhibitors.cphi-china.cn/assets/imgs/sp_mob.png"
"Changzhou Yabang-Qh Pharmachem Co., Ltd.","9D88","China Mainland","Pharma Ingredients","https://www.pharmasources.com/company-home/changzhou-yabang-qh-pharmachem-co-ltd-userId-140333.html","https://exhibitors.cphi-china.cn/assets/imgs/sp_mob.png"
"Changzhou Qianhong Bio-pharma Co., Ltd.","9N71","China Mainland","Pharma Ingredients","https://www.pharmasources.com/company-home/changzhou-qianhong-bio-pharma-co-ltd-userId-146248.html","https://exhibitors.cphi-china.cn/assets/imgs/sp_mob.png"
"Changzhou Ruiming Pharmaceutical Co. LTD","9J95","China Mainland","Pharma Ingredients","https://www.pharmasources.com/company-home/changzhou-ruiming-pharmaceutical-co-ltd-userId-147024.html","https://exhibitors.cphi-china.cn/assets/imgs/sp_mob.png"
"CHANGZHOU BAYTREE KAIJIE PACKAGING MATERIAL CO.,LTD.","9P06","China Mainland","Packaging & Drug Delivery","https://www.pharmasources.com/company-home/changzhou-baytree-kaijie-packaging-mater-userId-157484.html","https://exhibitors.cphi-china.cn/assets/imgs/sp_mob.png"
"Changzhou Hywell Machinery Co., Ltd.","9M69","China Mainland","Pharma Machinery & Packaging Machinery","https://www.pharmasources.com/company-home/changzhou-hywell-machinery-co-ltd-userId-147552.html","https://exhibitors.cphi-china.cn/assets/imgs/sp_mob.png"
"Changzhou United Chemical Co Ltd.,","9E95","China Mainland","Pharma Ingredients","https://www.pharmasources.com/company-home/changzhou-united-chemical-co-ltd-userId-140003.html","https://exhibitors.cphi-china.cn/assets/imgs/sp_mob.png"
"Changzhou Lvying Medical Appliance Co., Ltd.","9A36","China Mainland","Packaging & Drug Delivery","https://www.pharmasources.com/company-home/changzhou-lvying-medical-appliance-co-lt-userId-146599.html","https://exhibitors.cphi-china.cn/assets/imgs/sp_mob.png"
"Changzhou Shensheng Freeze-Drying Technology Co., Ltd","7G08","China Mainland","Beauty & Cosmetics Supply Chain","https://www.pharmasources.com/company-home/changzhou-shensheng-freeze-drying-techno-userId-147165.html","https://exhibitors.cphi-china.cn/assets/imgs/sp_mob.png"
"Changzhou Zehua Drying Equipment Co.,Ltd.","8A25","China Mainland","Pharma Machinery & Packaging Machinery","https://www.pharmasources.com/company-home/changzhou-zehua-drying-equipment-coltd-userId-143156.html","https://exhibitors.cphi-china.cn/assets/imgs/sp_mob.png"
"Changzhou Tuoshuang Drying Equipment Co., LTD.","8B90","China Mainland","Pharma Machinery & Packaging Machinery","https://www.pharmasources.com/company-home/changzhou-tuoshuang-drying-equipment-co--userId-157453.html","https://exhibitors.cphi-china.cn/assets/imgs/sp_mob.png"
"Changzhou Shinmadrying Machinery Co., Ltd.","8P29","China Mainland","Pharma Machinery & Packaging Machinery","https://www.pharmasources.com/company-home/changzhou-shinmadrying-machinery-co-ltd-userId-142311.html","https://exhibitors.cphi-china.cn/assets/imgs/sp_mob.png"
"Changzhou Yibu Drying Equipment Co.,Ltd.","8J01","China Mainland","Pharma Machinery & Packaging Machinery","https://www.pharmasources.com/company-home/changzhou-yibu-drying-equipment-coltd-userId-140266.html","https://exhibitors.cphi-china.cn/assets/imgs/sp_mob.png"
"CHANGZHOU YONGXU CHEMICAL CO., LTD.","9C98","China Mainland","Pharma Ingredients","https://www.pharmasources.com/company-home/changzhou-yongxu-chemical-co-ltd-userId-144929.html","https://exhibitors.cphi-china.cn/assets/imgs/sp_mob.png"
"CHENGDU AMBOSYNTH CO.,LTD.","9L38","China Mainland","Biotech","https://www.pharmasources.com/company-home/chengdu-ambosynth-coltd-userId-157263.html","https://exhibitors.cphi-china.cn/assets/imgs/sp_mob.png"
"Chengdu Baishixing Science and Technology Industry Co., Ltd","9A82","China Mainland","Pharma Ingredients","https://www.pharmasources.com/company-home/chengdu-baishixing-science-and-technolog-userId-140879.html","https://exhibitors.cphi-china.cn/assets/imgs/sp_mob.png"
"CHENGDU CRNONO TEXTILE CO., LTD","8B56","China Mainland","Clean Technology","https://www.pharmasources.com/company-home/chengdu-crnono-textile-co-ltd-userId-146993.html","https://exhibitors.cphi-china.cn/assets/imgs/sp_mob.png"
"Chengdu KeyFeen Technology Co., Ltd.","7C50","China Mainland","Natural Supply","https://www.pharmasources.com/company-home/chengdu-keyfeen-technology-co-ltd-userId-156690.html","https://exhibitors.cphi-china.cn/assets/imgs/sp_mob.png"
"Chengdu Maidisen Biotechnology Co.,Ltd","9E16","China Mainland","Pharma Ingredients","https://www.pharmasources.com/company-home/chengdu-maidisen-biotechnology-coltd-userId-156824.html","https://exhibitors.cphi-china.cn/assets/imgs/sp_mob.png"
"Chengdu Shengnuo Biopharm Co., Ltd","9L30","China Mainland","Biotech","https://www.pharmasources.com/company-home/chengdu-shengnuo-biopharm-co-ltd-userId-139819.html","https://exhibitors.cphi-china.cn/assets/imgs/sp_mob.png"
"Chengdu Yacht Bio-technology Co., Ltd","9D81","China Mainland","Pharma Ingredients","https://www.pharmasources.com/company-home/chengdu-yacht-bio-technology-co-ltd-userId-140501.html","https://exhibitors.cphi-china.cn/assets/imgs/sp_mob.png"
"Challenge IM (Beijing) Technology Co., LTD","8F25","China Mainland","Laboratory Instruments & Equipment","https://www.pharmasources.com/company-home/challenge-im-beijing-technology-co-ltd-userId-156978.html","https://exhibitors.cphi-china.cn/assets/imgs/sp_mob.png"
"CHENGDE YOUNKER PACKAGING TECHNOLOGY CO.,LTD","9B26","China Mainland","Packaging & Drug Delivery","https://www.pharmasources.com/company-home/chengde-younker-packaging-technology-col-userId-141775.html","https://exhibitors.cphi-china.cn/assets/imgs/sp_mob.png"
"Chengda pharmaceuticals CO., LTD","9H95","China Mainland","Pharma Ingredients","https://www.pharmasources.com/company-home/chengda-pharmaceuticals-co-ltd-userId-139773.html","https://exhibitors.cphi-china.cn/assets/imgs/sp_mob.png"
"TRUKING TECHNOLOGY LIMITED","8B10","China Mainland","Pharma Machinery & Packaging Machinery","https://www.pharmasources.com/company-home/truking-technology-limited-userId-147484.html","https://exhibitors.cphi-china.cn/assets/imgs/sp_mob.png"
"High Grand Ocean Biotech Co., Ltd.","7E51","China Mainland","Natural Supply","https://www.pharmasources.com/company-home/high-grand-ocean-biotech-co-ltd-userId-141788.html","https://exhibitors.cphi-china.cn/assets/imgs/sp_mob.png"
"Autran Biotech Co., Ltd.","9E80","China Mainland","Pharma Ingredients","https://www.pharmasources.com/company-home/autran-biotech-co-ltd-userId-146484.html","https://exhibitors.cphi-china.cn/assets/imgs/sp_mob.png"
"Dalian Metern Measurement and Control System Co., Ltd","8G53","China Mainland","Laboratory Instruments & Equipment","https://www.pharmasources.com/company-home/dalian-metern-measurement-and-control-sy-userId-157486.html","https://exhibitors.cphi-china.cn/assets/imgs/sp_mob.png"
"Qi-Chem Co., Ltd.","9G33","China Mainland","AI Tech & Contract Service","https://www.pharmasources.com/company-home/qi-chem-co-ltd-userId-140570.html","https://exhibitors.cphi-china.cn/assets/imgs/sp_mob.png"
"BBChem Co., Ltd.","9H38","China Mainland","AI Tech & Contract Service","https://www.pharmasources.com/company-home/bbchem-co-ltd-userId-140374.html","https://exhibitors.cphi-china.cn/assets/imgs/sp_mob.png"
"DALIAN DILIGENCE TRADE CO,.LTD.","9L01","China Mainland","Pharma Excipients","https://www.pharmasources.com/company-home/dalian-diligence-trade-coltd-userId-145771.html","https://exhibitors.cphi-china.cn/assets/imgs/sp_mob.png"
"INNOBIO Corporation Limited","7D01","China Mainland","Natural Supply","https://www.pharmasources.com/company-home/innobio-corporation-limited-userId-140401.html","https://exhibitors.cphi-china.cn/assets/imgs/sp_mob.png"
"DLAB SCIENTIFIC CO.,LTD","8G70","China Mainland","Laboratory Instruments & Equipment","https://www.pharmasources.com/company-home/dlab-scientific-coltd-userId-145086.html","https://exhibitors.cphi-china.cn/assets/imgs/sp_mob.png"
"Daxinganling Liver-health Pharmaceutical Co., Ltd.","7H07","China Mainland","Natural Supply","https://www.pharmasources.com/company-home/daxinganling-liver-health-pharmaceutical-userId-143769.html","https://exhibitors.cphi-china.cn/assets/imgs/sp_mob.png"
"DIJIA PHARMACEUTICAL GROUP CO., LTD","9F56","China Mainland","Pharma Ingredients","https://www.pharmasources.com/company-home/dijia-pharmaceutical-group-co-ltd-userId-140109.html","https://exhibitors.cphi-china.cn/assets/imgs/sp_mob.png"
"Di Xiang (Dali) Biotechnology Co., Ltd","7D65","China Mainland","Natural Supply","https://www.pharmasources.com/company-home/di-xiang-dali-biotechnology-co-ltd-userId-147184.html","https://exhibitors.cphi-china.cn/assets/imgs/sp_mob.png"
"Dingli Biodegradable Material Co.,Ltd","7D17","China Mainland","Natural Supply","https://www.pharmasources.com/company-home/dingli-biodegradable-material-coltd-userId-145956.html","https://exhibitors.cphi-china.cn/assets/imgs/sp_mob.png"
"DONGNAN ELEVATOR CO.,LTD.","8D56","China Mainland","Clean Technology","https://www.pharmasources.com/company-home/dongnan-elevator-coltd-userId-157464.html","https://exhibitors.cphi-china.cn/assets/imgs/sp_mob.png"
"DongGuan Pan American Electronics Co., Ltd","8B66","China Mainland","Clean Technology","https://www.pharmasources.com/company-home/dongguan-pan-american-electronics-co-ltd-userId-157409.html","https://exhibitors.cphi-china.cn/assets/imgs/sp_mob.png"
"BirdoTech","9C88","China Mainland","Pharma Ingredients","https://www.pharmasources.com/company-home/birdotech-userId-144206.html","https://exhibitors.cphi-china.cn/assets/imgs/sp_mob.png"
"Emeishan Hongsen Biopharmaceutical Co., Ltd.","7B60","China Mainland","Beauty & Cosmetics Supply Chain","https://www.pharmasources.com/company-home/emeishan-hongsen-biopharmaceutical-co-lt-userId-146454.html","https://exhibitors.cphi-china.cn/assets/imgs/sp_mob.png"
"ETUOKE DERONG ALGAE CO., LTD","7F15","China Mainland","Natural Supply","https://www.pharmasources.com/company-home/etuoke-derong-algae-co-ltd-userId-156810.html","https://exhibitors.cphi-china.cn/assets/imgs/sp_mob.png"
"ERDOS GREENJOY BIOTECH CO.,LTD.","7E55","China Mainland","Natural Supply","https://www.pharmasources.com/company-home/erdos-greenjoy-biotech-coltd-userId-156186.html","https://exhibitors.cphi-china.cn/assets/imgs/sp_mob.png"
"Vitalorga (Beijing) Medical Devices Co., Ltd.","7B15-B2","China Mainland","Beauty & Cosmetics Supply Chain","https://www.pharmasources.com/company-home/vitalorga-beijing-medical-devices-co-ltd-userId-157537.html","https://exhibitors.cphi-china.cn/assets/imgs/sp_mob.png"
"FITAKH Medical Aesthetic Regenerative Microsphere Platform","7A15","China Mainland","Beauty & Cosmetics Supply Chain","https://www.pharmasources.com/company-home/fitakh-medical-aesthetic-regenerative-mi-userId-157392.html","https://exhibitors.cphi-china.cn/assets/imgs/sp_mob.png"
"FOSHAN SANSHUI DELTA CHEMICAL CO.,LTD","9B66","China Mainland","Pharma Ingredients","https://www.pharmasources.com/company-home/foshan-sanshui-delta-chemical-coltd-userId-146031.html","https://exhibitors.cphi-china.cn/assets/imgs/sp_mob.png"
"Foshan Simple Trading Co.,Ltd.","7B51","China Mainland","Beauty & Cosmetics Supply Chain","https://www.pharmasources.com/company-home/foshan-simple-trading-coltd-userId-157475.html","https://exhibitors.cphi-china.cn/assets/imgs/sp_mob.png"
"Foshan Yuyang Medical Instrument Co., Ltd.","9P02","China Mainland","Packaging & Drug Delivery","https://www.pharmasources.com/company-home/foshan-yuyang-medical-instrument-co-ltd-userId-157490.html","https://exhibitors.cphi-china.cn/assets/imgs/sp_mob.png"
"Fufeng Ciyuan Biotech Co., Ltd.","7D68","China Mainland","Natural Supply","https://www.pharmasources.com/company-home/fufeng-ciyuan-biotech-co-ltd-userId-145751.html","https://exhibitors.cphi-china.cn/assets/imgs/sp_mob.png"
"FUJIAN COLAND MARINE BIOENGINEERING CO.LTD.","7D15","China Mainland","Natural Supply","https://www.pharmasources.com/company-home/fujian-coland-marine-bioengineering-colt-userId-141510.html","https://exhibitors.cphi-china.cn/assets/imgs/sp_mob.png"
"Fujian Longwei Pharmaceutical Glass Co.,Ltd.","9C16","China Mainland","Packaging & Drug Delivery","https://www.pharmasources.com/company-home/fujian-longwei-pharmaceutical-glass-colt-userId-146294.html","https://exhibitors.cphi-china.cn/assets/imgs/sp_mob.png"
"Fujian South Pharmaceutical Co., Ltd.","9E76","China Mainland","Pharma Ingredients","https://www.pharmasources.com/company-home/fujian-south-pharmaceutical-co-ltd-userId-147495.html","https://exhibitors.cphi-china.cn/assets/imgs/sp_mob.png"
"Fujian Herbal Treasure Bioengineering Co., Ltd.","7E31","China Mainland","Natural Supply","https://www.pharmasources.com/company-home/fujian-herbal-treasure-bioengineering-co-userId-147473.html","https://exhibitors.cphi-china.cn/assets/imgs/sp_mob.png"
"FUJIAN FUKANG PHARMACEUTICAL CO., LTD.","9G90","China Mainland","Pharma Ingredients","https://www.pharmasources.com/company-home/fujian-fukang-pharmaceutical-co-ltd-userId-139726.html","https://exhibitors.cphi-china.cn/assets/imgs/sp_mob.png"
"Fujian Lumira Biotech Co., Ltd.","9G75","China Mainland","Pharma Ingredients","https://www.pharmasources.com/company-home/fujian-lumira-biotech-co-ltd-userId-157287.html","https://exhibitors.cphi-china.cn/assets/imgs/sp_mob.png"
"Shenghuang Biotech Co., Ltd.","9A66","China Mainland","Pharma Ingredients","https://www.pharmasources.com/company-home/shenghuang-biotech-co-ltd-userId-157569.html","https://exhibitors.cphi-china.cn/assets/imgs/sp_mob.png"
"Fujian Xinwang Pharmaceutical Packaging Co. Ltd","9P05","China Mainland","Packaging & Drug Delivery","https://www.pharmasources.com/company-home/fujian-xinwang-pharmaceutical-packaging--userId-156869.html","https://exhibitors.cphi-china.cn/assets/imgs/sp_mob.png"
"FuXin Custchem Fine chemical Co., Ltd.","9E69","China Mainland","Pharma Ingredients","https://www.pharmasources.com/company-home/fuxin-custchem-fine-chemical-co-ltd-userId-139707.html","https://exhibitors.cphi-china.cn/assets/imgs/sp_mob.png"
"FUXIN JINTELAI FLUORINE CHEMICAL CO., LTD","9A70","China Mainland","Pharma Ingredients","https://www.pharmasources.com/company-home/fuxin-jintelai-fluorine-chemical-co-ltd-userId-148332.html","https://exhibitors.cphi-china.cn/assets/imgs/sp_mob.png"
"Fuxin Xin Kaida Fluorine Chemistry Co., Ltd.","9E50","China Mainland","Pharma Ingredients","https://www.pharmasources.com/company-home/fuxin-xin-kaida-fluorine-chemistry-co-lt-userId-142044.html","https://exhibitors.cphi-china.cn/assets/imgs/sp_mob.png"
"Fuyang Sineva Pharmaceutical Co., Ltd.","9D20","China Mainland","Pharma Ingredients","https://www.pharmasources.com/company-home/fuyang-sineva-pharmaceutical-co-ltd-userId-146559.html","https://exhibitors.cphi-china.cn/assets/imgs/sp_mob.png"
"GenCloud Pharmaceutical Technology Co., Ltd.","8J22","China Mainland","Pharma Machinery & Packaging Machinery","https://www.pharmasources.com/company-home/gencloud-pharmaceutical-technology-co-lt-userId-147534.html","https://exhibitors.cphi-china.cn/assets/imgs/sp_mob.png"
"Global Logistics International (Shanghai) Co., Ltd","9J50","China Mainland","Biotech","https://www.pharmasources.com/company-home/global-logistics-international-shanghai--userId-156927.html","https://exhibitors.cphi-china.cn/assets/imgs/sp_mob.png"
"Guangdong Bioneim Biotechnology Co.,LTD.","9D65","China Mainland","Pharma Ingredients","https://www.pharmasources.com/company-home/guangdong-bioneim-biotechnology-coltd-userId-146413.html","https://exhibitors.cphi-china.cn/assets/imgs/sp_mob.png"
"Guangdong Huiji Pharmaceutical Equipment Co., Ltd.","9C33","China Mainland","Pharma Machinery & Packaging Machinery","https://www.pharmasources.com/company-home/guangdong-huiji-pharmaceutical-equipment-userId-142798.html","https://exhibitors.cphi-china.cn/assets/imgs/sp_mob.png"
"Guangdong Rich Packing Machinery Co., Ltd.","8C36","China Mainland","Smart Manufacturing","https://www.pharmasources.com/company-home/guangdong-rich-packing-machinery-co-ltd-userId-146299.html","https://exhibitors.cphi-china.cn/assets/imgs/sp_mob.png"
"Guangdong Pharmaceutical Association","8C10","China Mainland","Pharma Machinery & Packaging Machinery","",""
"Guangdong Yichao Biological Co., Ltd.","7E01","China Mainland","Natural Supply","https://www.pharmasources.com/company-home/guangdong-yichao-biological-co-ltd-userId-156074.html","https://exhibitors.cphi-china.cn/assets/imgs/sp_mob.png"
"Star Lake Bioscience Co., Inc. Zhaoqing Guangdong","9F89","China Mainland","Pharma Ingredients","https://www.pharmasources.com/company-home/star-lake-bioscience-co-inc-zhaoqing-gua-userId-139881.html","https://exhibitors.cphi-china.cn/assets/imgs/sp_mob.png"
"GUANGXI AIBEILI BIOTECHNOLOGY CO., LTD.","7C11-C2","China Mainland","Beauty & Cosmetics Supply Chain","https://www.pharmasources.com/company-home/guangxi-aibeili-biotechnology-co-ltd-userId-157531.html","https://exhibitors.cphi-china.cn/assets/imgs/sp_mob.png"
"Guangxi Dingye Pharmaceutical Co. LTD","9E66","China Mainland","Pharma Ingredients","https://www.pharmasources.com/company-home/guangxi-dingye-pharmaceutical-co-ltd-userId-145540.html","https://exhibitors.cphi-china.cn/assets/imgs/sp_mob.png"
"Guangxi Nanning Taoyuan Veterinary Drugs Factory","9L70","China Mainland","Finished Dosage","https://www.pharmasources.com/company-home/guangxi-nanning-taoyuan-veterinary-drugs-userId-141491.html","https://exhibitors.cphi-china.cn/assets/imgs/sp_mob.png"
"Guangxi Innosyn Pharmaceutical Co.,Ltd.","7A29","China Mainland","Beauty & Cosmetics Supply Chain","https://www.pharmasources.com/company-home/guangxi-innosyn-pharmaceutical-coltd-userId-146564.html","https://exhibitors.cphi-china.cn/assets/imgs/sp_mob.png"
"Guangxi Yunbo Health Technology Co., Ltd","9I81","China Mainland","Pharma Excipients","https://www.pharmasources.com/company-home/guangxi-yunbo-health-technology-co-ltd-userId-146441.html","https://exhibitors.cphi-china.cn/assets/imgs/sp_mob.png"
"Guangzhou Enviolet Environmental Protection Plants and Technology LTD","8C76","China Mainland","Clean Technology","https://www.pharmasources.com/company-home/guangzhou-enviolet-environmental-protect-userId-157415.html","https://exhibitors.cphi-china.cn/assets/imgs/sp_mob.png"
"Frontop","8C22b","China Mainland","Smart Manufacturing","https://www.pharmasources.com/company-home/frontop-userId-157581.html","https://exhibitors.cphi-china.cn/assets/imgs/sp_mob.png"
"Guangzhou Honsea Sunshine Biotech Co., Ltd.","7B29","China Mainland","Beauty & Cosmetics Supply Chain","https://www.pharmasources.com/company-home/guangzhou-honsea-sunshine-biotech-co-ltd-userId-140685.html","https://exhibitors.cphi-china.cn/assets/imgs/sp_mob.png"
"Guangzhou HuayanPharmaceutical MachineryCo.,Ltd.","8B30","China Mainland","Smart Manufacturing","https://www.pharmasources.com/company-home/guangzhou-huayanpharmaceutical-machinery-userId-157482.html","https://exhibitors.cphi-china.cn/assets/imgs/sp_mob.png"
"Guangzhou KLC Cleantech Co., Ltd.","8C73","China Mainland","Clean Technology","https://www.pharmasources.com/company-home/guangzhou-klc-cleantech-co-ltd-userId-157493.html","https://exhibitors.cphi-china.cn/assets/imgs/sp_mob.png"
"Guangzhou Cesin Cold Chain Technology Co.,Ltd.","9J26","China Mainland","Biotech","https://www.pharmasources.com/company-home/guangzhou-cesin-cold-chain-technology-co-userId-157596.html","https://exhibitors.cphi-china.cn/assets/imgs/sp_mob.png"
"Guangzhou SanTuo ldentification Technology Co., Ltd.","8F86","China Mainland","Pharma Machinery & Packaging Machinery","https://www.pharmasources.com/company-home/guangzhou-santuo-ldentification-technolo-userId-146587.html","https://exhibitors.cphi-china.cn/assets/imgs/sp_mob.png"
"Guangzhou Shell-Conning Mechanical Equipment Co.,ltd","7A23","China Mainland","Beauty & Cosmetics Supply Chain","https://www.pharmasources.com/company-home/guangzhou-shell-conning-mechanical-equip-userId-147595.html","https://exhibitors.cphi-china.cn/assets/imgs/sp_mob.png"
"GUIZHOU MIAOYA BIOTECH CO.,LTD","7N10","China Mainland","Natural Supply","https://www.pharmasources.com/company-home/guizhou-miaoya-biotech-coltd-userId-141005.html","https://exhibitors.cphi-china.cn/assets/imgs/sp_mob.png"
"Guizhou Utide Biotechnology Co., Ltd.","7B35","China Mainland","Beauty & Cosmetics Supply Chain","https://www.pharmasources.com/company-home/guizhou-utide-biotechnology-co-ltd-userId-156060.html","https://exhibitors.cphi-china.cn/assets/imgs/sp_mob.png"
"Guobang Pharma Ltd.","9D01","China Mainland","Pharma Ingredients","https://www.pharmasources.com/company-home/guobang-pharma-ltd-userId-146309.html","https://exhibitors.cphi-china.cn/assets/imgs/sp_mob.png"
"Guoshen Bencao Chinese Medicine Health Industry (Guangzhou) Co., Ltd.","7D62","China Mainland","Natural Supply","https://www.pharmasources.com/company-home/guoshen-bencao-chinese-medicine-health-i-userId-157398.html","https://exhibitors.cphi-china.cn/assets/imgs/sp_mob.png"
"Haicheng Liqi Carbon Co..LTD","9T68","China Mainland","Pharma Ingredients","https://www.pharmasources.com/company-home/haicheng-liqi-carbon-coltd-userId-140777.html","https://exhibitors.cphi-china.cn/assets/imgs/sp_mob.png"
"GENCHAIN BIOTECH CO., LTD.","9J68","China Mainland","Finished Dosage","https://www.pharmasources.com/company-home/genchain-biotech-co-ltd-userId-148112.html","https://exhibitors.cphi-china.cn/assets/imgs/sp_mob.png"
"Zhejiang Haining Fengming Chlorophyll Co., Ltd.","7E53","China Mainland","Natural Supply","https://www.pharmasources.com/company-home/zhejiang-haining-fengming-chlorophyll-co-userId-139971.html","https://exhibitors.cphi-china.cn/assets/imgs/sp_mob.png"
"HAINING KANGRUN INTERNATIONAL TRADE CO.,LTD.","9N83","China Mainland","Pharma Ingredients","https://www.pharmasources.com/company-home/haining-kangrun-international-trade-colt-userId-145756.html","https://exhibitors.cphi-china.cn/assets/imgs/sp_mob.png"
"Hyperpurex Instrument technology (Shanghai) Co., Ltd","8G36","China Mainland","Laboratory Instruments & Equipment","https://www.pharmasources.com/company-home/hyperpurex-instrument-technology-shangha-userId-145338.html","https://exhibitors.cphi-china.cn/assets/imgs/sp_mob.png"
"HANZHONG TRG BIOTECH CO.,LTD.","7E16","China Mainland","Natural Supply","https://www.pharmasources.com/company-home/hanzhong-trg-biotech-coltd-userId-139945.html","https://exhibitors.cphi-china.cn/assets/imgs/sp_mob.png"
"Hangzhou ICH Biofarm Co., Ltd","9F87","China Mainland","Pharma Ingredients","https://www.pharmasources.com/company-home/hangzhou-ich-biofarm-co-ltd-userId-140530.html","https://exhibitors.cphi-china.cn/assets/imgs/sp_mob.png"
"HANGZHOU SOURCE HERB BIO-TECH CO.,LTD","7C60","China Mainland","Natural Supply","https://www.pharmasources.com/company-home/hangzhou-source-herb-bio-tech-coltd-userId-146919.html","https://exhibitors.cphi-china.cn/assets/imgs/sp_mob.png"
"Hangzhou Eastsun Biological Technology Co.,Ltd","7G20","China Mainland","Natural Supply","https://www.pharmasources.com/company-home/hangzhou-eastsun-biological-technology-c-userId-157512.html","https://exhibitors.cphi-china.cn/assets/imgs/sp_mob.png"
"Hangzhou GlobalEquipX Information Technology Co., Ltd.","8G11","China Mainland","Laboratory Instruments & Equipment","https://www.pharmasources.com/company-home/hangzhou-globalequipx-information-techno-userId-140478.html","https://exhibitors.cphi-china.cn/assets/imgs/sp_mob.png"
"Hangzhou Darlly Filtration Equipment Co.,Ltd","8B79","China Mainland","Pharma Machinery & Packaging Machinery","https://www.pharmasources.com/company-home/hangzhou-darlly-filtration-equipment-col-userId-142515.html","https://exhibitors.cphi-china.cn/assets/imgs/sp_mob.png"
"Hangzhou David Instrument Co., Ltd","8F21","China Mainland","Laboratory Instruments & Equipment","https://www.pharmasources.com/company-home/hangzhou-david-instrument-co-ltd-userId-145130.html","https://exhibitors.cphi-china.cn/assets/imgs/sp_mob.png"
"Hangzhou Dawn Ray Pharmaceutical Co.,Ltd.","9T98","China Mainland","Pharma Ingredients","https://www.pharmasources.com/company-home/hangzhou-dawn-ray-pharmaceutical-coltd-userId-143446.html","https://exhibitors.cphi-china.cn/assets/imgs/sp_mob.png"
"Hangzhou Guorui Biotechnology Co.,Ltd.","9J01","China Mainland","Pharma Ingredients","https://www.pharmasources.com/company-home/hangzhou-guorui-biotechnology-coltd-userId-145286.html","https://exhibitors.cphi-china.cn/assets/imgs/sp_mob.png"
"Hangzhou Hyper Chemicals Limited","9M12","China Mainland","Pharma Ingredients","https://www.pharmasources.com/company-home/hangzhou-hyper-chemicals-limited-userId-141928.html","https://exhibitors.cphi-china.cn/assets/imgs/sp_mob.png"
"Hangzhou Hotide Biotech Co.,Ltd","9M27","China Mainland","Biotech","https://www.pharmasources.com/company-home/hangzhou-hotide-biotech-coltd-userId-143961.html","https://exhibitors.cphi-china.cn/assets/imgs/sp_mob.png"
"Hangzhou LightSyn Technology Co.,LTD","7C31-C2","China Mainland","Beauty & Cosmetics Supply Chain","https://www.pharmasources.com/company-home/hangzhou-lightsyn-technology-coltd-userId-157156.html","https://exhibitors.cphi-china.cn/assets/imgs/sp_mob.png"
"HANGZHOU HUADI GROUP CO., LTD.","7E28","China Mainland","Natural Supply","https://www.pharmasources.com/company-home/hangzhou-huadi-group-co-ltd-userId-156165.html","https://exhibitors.cphi-china.cn/assets/imgs/sp_mob.png"
"Hangzhou Huisheng Biotech Pharmaceutical Co., Ltd.","9D98","China Mainland","Pharma Ingredients","https://www.pharmasources.com/company-home/hangzhou-huisheng-biotech-pharmaceutical-userId-142489.html","https://exhibitors.cphi-china.cn/assets/imgs/sp_mob.png"
"Hangzhou KingBo Pharmatech Co., Ltd.","9I90","China Mainland","Pharma Ingredients","https://www.pharmasources.com/company-home/hangzhou-kingbo-pharmatech-co-ltd-userId-145354.html","https://exhibitors.cphi-china.cn/assets/imgs/sp_mob.png"
"Hangzhou Genegrow Biotechnology Co.,Ltd.","7F01","China Mainland","Natural Supply","https://www.pharmasources.com/company-home/hangzhou-genegrow-biotechnology-coltd-userId-147182.html","https://exhibitors.cphi-china.cn/assets/imgs/sp_mob.png"
"Hangzhou Jingjin Technology Co., Ltd.","8G71","China Mainland","Laboratory Instruments & Equipment","https://www.pharmasources.com/company-home/hangzhou-jingjin-technology-co-ltd-userId-144155.html","https://exhibitors.cphi-china.cn/assets/imgs/sp_mob.png"
"Hangzhou Royall Import & Export Co.,Ltd","9J65","China Mainland","Pharma Ingredients","https://www.pharmasources.com/company-home/hangzhou-royall-import-export-coltd-userId-145324.html","https://exhibitors.cphi-china.cn/assets/imgs/sp_mob.png"
"Hangzhou Maytime Bio-Tech Co.,Ltd.","9A76","China Mainland","Pharma Ingredients","https://www.pharmasources.com/company-home/hangzhou-maytime-bio-tech-coltd-userId-141339.html","https://exhibitors.cphi-china.cn/assets/imgs/sp_mob.png"
"LUNA CHEMICALS CO.,LIMITED","9L22","China Mainland","Pharma Ingredients","https://www.pharmasources.com/company-home/luna-chemicals-colimited-userId-139850.html","https://exhibitors.cphi-china.cn/assets/imgs/sp_mob.png"
"Hangzhou Muhua Bio-Tech Co., Ltd","7E52","China Mainland","Natural Supply","https://www.pharmasources.com/company-home/hangzhou-muhua-bio-tech-co-ltd-userId-146925.html","https://exhibitors.cphi-china.cn/assets/imgs/sp_mob.png"
"Hangzhou Proserre Chemical Co.,Ltd.","9A63","China Mainland","Pharma Ingredients","https://www.pharmasources.com/company-home/hangzhou-proserre-chemical-coltd-userId-141412.html","https://exhibitors.cphi-china.cn/assets/imgs/sp_mob.png"
"HANGZHOU RONGDA PHARM AND CHEM CO.,LTD，","9B81","China Mainland","Pharma Ingredients","https://www.pharmasources.com/company-home/hangzhou-rongda-pharm-and-chem-coltd-userId-141218.html","https://exhibitors.cphi-china.cn/assets/imgs/sp_mob.png"
"Kingland Pharmaceutical Company Ltd.","9N25","China Mainland","Pharma Ingredients","https://www.pharmasources.com/company-home/kingland-pharmaceutical-company-ltd-userId-156091.html","https://exhibitors.cphi-china.cn/assets/imgs/sp_mob.png"
"Hangzhou TSurgeX Pharmaceutical Technology Co., Ltd","9J12","China Mainland","Pharma Ingredients","https://www.pharmasources.com/company-home/hangzhou-tsurgex-pharmaceutical-technolo-userId-156585.html","https://exhibitors.cphi-china.cn/assets/imgs/sp_mob.png"
"Hangzhou Viablife Biotech Co., Ltd.","7B58","China Mainland","Beauty & Cosmetics Supply Chain","https://www.pharmasources.com/company-home/hangzhou-viablife-biotech-co-ltd-userId-147506.html","https://exhibitors.cphi-china.cn/assets/imgs/sp_mob.png"
"VEGA PHARMA LIMITED (HANGZHOU VEGA CO., LTD)","9F30","China Mainland","Pharma Ingredients","https://www.pharmasources.com/company-home/vega-pharma-limited-hangzhou-vega-co-ltd-userId-146449.html","https://exhibitors.cphi-china.cn/assets/imgs/sp_mob.png"
"HANGZHOU UTANPHARMA BIOLOGY CO.,LTD","9T38","China Mainland","Pharma Ingredients","https://www.pharmasources.com/company-home/hangzhou-utanpharma-biology-coltd-userId-147858.html","https://exhibitors.cphi-china.cn/assets/imgs/sp_mob.png"
"HANG ZHOU BEAUTY CLINIC CREATIVE Co.,Ltd","7C11-C1","China Mainland","Beauty & Cosmetics Supply Chain","https://www.pharmasources.com/company-home/hang-zhou-beauty-clinic-creative-coltd-userId-157541.html","https://exhibitors.cphi-china.cn/assets/imgs/sp_mob.png"
"Hangzhou Invertin Biopharma Co., Ltd","7F17","China Mainland","Natural Supply","https://www.pharmasources.com/company-home/hangzhou-invertin-biopharma-co-ltd-userId-147464.html","https://exhibitors.cphi-china.cn/assets/imgs/sp_mob.png"
"Hangzhou Johncan Mushroom Bio-technology Co.,LTD","7D35","China Mainland","Natural Supply","https://www.pharmasources.com/company-home/hangzhou-johncan-mushroom-bio-technology-userId-140707.html","https://exhibitors.cphi-china.cn/assets/imgs/sp_mob.png"
"Haohong (Qihe) Pharmaceutical Technology Co., Ltd.","9H89","China Mainland","Pharma Ingredients","https://www.pharmasources.com/company-home/haohong-qihe-pharmaceutical-technology-c-userId-147122.html","https://exhibitors.cphi-china.cn/assets/imgs/sp_mob.png"
"Haotai Health Jisheng (Jilin) Biotechnology Co., Ltd","7C39","China Mainland","Beauty & Cosmetics Supply Chain","https://www.pharmasources.com/company-home/haotai-health-jisheng-jilin-biotechnolog-userId-148311.html","https://exhibitors.cphi-china.cn/assets/imgs/sp_mob.png"
"ChemExpress","9I33","China Mainland","AI Tech & Contract Service","https://www.pharmasources.com/company-home/chemexpress-userId-146619.html","https://exhibitors.cphi-china.cn/assets/imgs/sp_mob.png"
"Hefei Fushan Yuansheng Biotechnology Co., LTD","7D60","China Mainland","Natural Supply","https://www.pharmasources.com/company-home/hefei-fushan-yuansheng-biotechnology-co--userId-157470.html","https://exhibitors.cphi-china.cn/assets/imgs/sp_mob.png"
"Hefei Lifeon Pharmaceutical Co., Ltd.","9H96","China Mainland","Pharma Ingredients","https://www.pharmasources.com/company-home/hefei-lifeon-pharmaceutical-co-ltd-userId-146758.html","https://exhibitors.cphi-china.cn/assets/imgs/sp_mob.png"
"HEBEI CHANGHAO BIOTECHNOLOGY CO., LTD","9M11","China Mainland","Pharma Ingredients","https://www.pharmasources.com/company-home/hebei-changhao-biotechnology-co-ltd-userId-140720.html","https://exhibitors.cphi-china.cn/assets/imgs/sp_mob.png"
"Hebei Granray Bioproducts CO.,LTD.","9H79","China Mainland","Pharma Ingredients","https://www.pharmasources.com/company-home/hebei-granray-bioproducts-coltd-userId-141879.html","https://exhibitors.cphi-china.cn/assets/imgs/sp_mob.png"
"HEBEI SUNCO BIOTECH CO., LTD.","9C65","China Mainland","Pharma Ingredients","https://www.pharmasources.com/company-home/hebei-sunco-biotech-co-ltd-userId-144953.html","https://exhibitors.cphi-china.cn/assets/imgs/sp_mob.png"
"Hebei Huaheng Biological Technology Co., Ltd.","9A75","China Mainland","Pharma Ingredients","https://www.pharmasources.com/company-home/hebei-huaheng-biological-technology-co-l-userId-140667.html","https://exhibitors.cphi-china.cn/assets/imgs/sp_mob.png"
"HEBEI HUAYANG BIOLOGICAL TECHNOLOGY CO., LTD","9G88","China Mainland","Pharma Ingredients","https://www.pharmasources.com/company-home/hebei-huayang-biological-technology-co-l-userId-139983.html","https://exhibitors.cphi-china.cn/assets/imgs/sp_mob.png"
"Hebei LiWellso Biotech Co Limited","7F18","China Mainland","Natural Supply","https://www.pharmasources.com/company-home/hebei-liwellso-biotech-co-limited-userId-146243.html","https://exhibitors.cphi-china.cn/assets/imgs/sp_mob.png"
"Hebei Meishen Technology Co., Ltd","9J17","China Mainland","Pharma Ingredients","https://www.pharmasources.com/company-home/hebei-meishen-technology-co-ltd-userId-146237.html","https://exhibitors.cphi-china.cn/assets/imgs/sp_mob.png"
"Hebei Summedchenm Co.,Ltd","9D96","China Mainland","Pharma Ingredients","https://www.pharmasources.com/company-home/hebei-summedchenm-coltd-userId-142677.html","https://exhibitors.cphi-china.cn/assets/imgs/sp_mob.png"
"Hebei First Rubber Medical Technology Co., Ltd.","7B20","China Mainland","Beauty & Cosmetics Supply Chain","https://www.pharmasources.com/company-home/hebei-first-rubber-medical-technology-co-userId-141915.html","https://exhibitors.cphi-china.cn/assets/imgs/sp_mob.png"
"Hebei Xinranyu Pharmaceutical Co., Ltd","9A55","China Mainland","Pharma Ingredients","https://www.pharmasources.com/company-home/hebei-xinranyu-pharmaceutical-co-ltd-userId-156692.html","https://exhibitors.cphi-china.cn/assets/imgs/sp_mob.png"
"Hebei ZhouZyme Biotechnology Co.,LTD","7F65","China Mainland","Natural Supply","https://www.pharmasources.com/company-home/hebei-zhouzyme-biotechnology-coltd-userId-146747.html","https://exhibitors.cphi-china.cn/assets/imgs/sp_mob.png"
"Henan Dongtai Pharm Co., Ltd.","9H88","China Mainland","Pharma Ingredients","https://www.pharmasources.com/company-home/henan-dongtai-pharm-co-ltd-userId-146516.html","https://exhibitors.cphi-china.cn/assets/imgs/sp_mob.png"
"Healthy (Henan) Biotech Co., Ltd","9I62","China Mainland","Pharma Excipients","https://www.pharmasources.com/company-home/healthy-henan-biotech-co-ltd-userId-145388.html","https://exhibitors.cphi-china.cn/assets/imgs/sp_mob.png"
"HENAN LIWEI BIOLOGICAL PHARMACEUTICAL CO., LTD","9I76","China Mainland","Pharma Excipients","https://www.pharmasources.com/company-home/henan-liwei-biological-pharmaceutical-co-userId-146643.html","https://exhibitors.cphi-china.cn/assets/imgs/sp_mob.png"
"Henan Pengfei New Materials Co., Ltd.","9H70","China Mainland","Pharma Excipients","https://www.pharmasources.com/company-home/henan-pengfei-new-materials-co-ltd-userId-146666.html","https://exhibitors.cphi-china.cn/assets/imgs/sp_mob.png"
"Henan Purui Pharmaceutical Co., Ltd.","9J98","China Mainland","Pharma Ingredients","https://www.pharmasources.com/company-home/henan-purui-pharmaceutical-co-ltd-userId-140507.html","https://exhibitors.cphi-china.cn/assets/imgs/sp_mob.png"
"Henan Realmus Healthy Food Co., Ltd.","7E65","China Mainland","Natural Supply","https://www.pharmasources.com/company-home/henan-realmus-healthy-food-co-ltd-userId-143357.html","https://exhibitors.cphi-china.cn/assets/imgs/sp_mob.png"
"Henan Weichuang Bio-tech Co., Ltd","7E27","China Mainland","Natural Supply","https://www.pharmasources.com/company-home/henan-weichuang-bio-tech-co-ltd-userId-156845.html","https://exhibitors.cphi-china.cn/assets/imgs/sp_mob.png"
"HS Nutra Co., Ltd.","7H11","China Mainland","Natural Supply","https://www.pharmasources.com/company-home/hs-nutra-co-ltd-userId-140400.html","https://exhibitors.cphi-china.cn/assets/imgs/sp_mob.png"
"HUBEI BAOSHENGDE PHARMACEUTICAL CO.,LTD","9E89","China Mainland","Pharma Ingredients","https://www.pharmasources.com/company-home/hubei-baoshengde-pharmaceutical-coltd-userId-145656.html","https://exhibitors.cphi-china.cn/assets/imgs/sp_mob.png"
"HUBEI TRUEVITA PHARMACEUTICAL CO., LTD","9J89","China Mainland","Pharma Ingredients","https://www.pharmasources.com/company-home/hubei-truevita-pharmaceutical-co-ltd-userId-145233.html","https://exhibitors.cphi-china.cn/assets/imgs/sp_mob.png"
"HUBEI GUANGJI PHARMACEUTICAL CO., LTD","9C67","China Mainland","Pharma Ingredients","https://www.pharmasources.com/company-home/hubei-guangji-pharmaceutical-co-ltd-userId-139768.html","https://exhibitors.cphi-china.cn/assets/imgs/sp_mob.png"
"Hubei HONCH Pharmaceutical Co., Ltd.","9G98","China Mainland","Pharma Ingredients","https://www.pharmasources.com/company-home/hubei-honch-pharmaceutical-co-ltd-userId-140937.html","https://exhibitors.cphi-china.cn/assets/imgs/sp_mob.png"
"HUBEI LONGXIANG PHARMACEUTICAL TECH.CO.,LTD.","9E65","China Mainland","Pharma Ingredients","https://www.pharmasources.com/company-home/hubei-longxiang-pharmaceutical-techcoltd-userId-147161.html","https://exhibitors.cphi-china.cn/assets/imgs/sp_mob.png"
"HuBei Masteam BIO-TECH CO., LTD.","9G69","China Mainland","Pharma Ingredients","https://www.pharmasources.com/company-home/hubei-masteam-bio-tech-co-ltd-userId-140354.html","https://exhibitors.cphi-china.cn/assets/imgs/sp_mob.png"
"HUBEI XINJING TECHNOLOGY CO.,LTD","9F80","China Mainland","Pharma Ingredients","https://www.pharmasources.com/company-home/hubei-xinjing-technology-coltd-userId-139746.html","https://exhibitors.cphi-china.cn/assets/imgs/sp_mob.png"
"Hubei Enoray Biopharmaceutical Co., Ltd.","7E60","China Mainland","Natural Supply","https://www.pharmasources.com/company-home/hubei-enoray-biopharmaceutical-co-ltd-userId-140697.html","https://exhibitors.cphi-china.cn/assets/imgs/sp_mob.png"
"HUBEI YITAIPHARMACEUTICAL CO,.LTD","9F15","China Mainland","Pharma Ingredients","https://www.pharmasources.com/company-home/hubei-yitaipharmaceutical-coltd-userId-140212.html","https://exhibitors.cphi-china.cn/assets/imgs/sp_mob.png"
"Hubei YongBang Technical Engineering PTY.,LTD","8Q07","China Mainland","Pharma Machinery & Packaging Machinery","https://www.pharmasources.com/company-home/hubei-yongbang-technical-engineering-pty-userId-157457.html","https://exhibitors.cphi-china.cn/assets/imgs/sp_mob.png"
"Hunan Beibeisheng Biotechnology Co., Ltd","7E17","China Mainland","Natural Supply","https://www.pharmasources.com/company-home/hunan-beibeisheng-biotechnology-co-ltd-userId-146638.html","https://exhibitors.cphi-china.cn/assets/imgs/sp_mob.png"
"Hunan New Mstar Biotechnology Co.,Ltd","7E68","China Mainland","Natural Supply","https://www.pharmasources.com/company-home/hunan-new-mstar-biotechnology-coltd-userId-145321.html","https://exhibitors.cphi-china.cn/assets/imgs/sp_mob.png"
"Hunan HUART Technology Co.,Ltd","8A15","China Mainland","Pharma Machinery & Packaging Machinery","https://www.pharmasources.com/company-home/hunan-huart-technology-coltd-userId-144734.html","https://exhibitors.cphi-china.cn/assets/imgs/sp_mob.png"
"Hunan Warrant Chiral Pharmaceutical Co., LTD","9G82","China Mainland","Pharma Ingredients","https://www.pharmasources.com/company-home/hunan-warrant-chiral-pharmaceutical-co-l-userId-156419.html","https://exhibitors.cphi-china.cn/assets/imgs/sp_mob.png"
"Hunan HuaTeng Pharmaceutical Co., Ltd.","9G50","China Mainland","AI Tech & Contract Service","https://www.pharmasources.com/company-home/hunan-huateng-pharmaceutical-co-ltd-userId-141570.html","https://exhibitors.cphi-china.cn/assets/imgs/sp_mob.png"
"HUNAN JIAYI BIOTECHNOLOGY CO., LTD","7F51","China Mainland","Natural Supply","https://www.pharmasources.com/company-home/hunan-jiayi-biotechnology-co-ltd-userId-156915.html","https://exhibitors.cphi-china.cn/assets/imgs/sp_mob.png"
"Hunan Naturext Biotech Co., Ltd","7F53","China Mainland","Natural Supply","https://www.pharmasources.com/company-home/hunan-naturext-biotech-co-ltd-userId-157417.html","https://exhibitors.cphi-china.cn/assets/imgs/sp_mob.png"
"HN LANGYUE BIOTECH CO LTD","7C26","China Mainland","Natural Supply","https://www.pharmasources.com/company-home/hn-langyue-biotech-co-ltd-userId-146264.html","https://exhibitors.cphi-china.cn/assets/imgs/sp_mob.png"
"HUNAN LOOP PHARMACEUTICAL CO.,LTD.","9C75","China Mainland","Pharma Ingredients","https://www.pharmasources.com/company-home/hunan-loop-pharmaceutical-coltd-userId-156159.html","https://exhibitors.cphi-china.cn/assets/imgs/sp_mob.png"
"Maya pharma engineering Co.,Ltd","8A01","China Mainland","Pharma Machinery & Packaging Machinery","https://www.pharmasources.com/company-home/maya-pharma-engineering-coltd-userId-143594.html","https://exhibitors.cphi-china.cn/assets/imgs/sp_mob.png"
"Hunan Nanmo Biotechnology Co.,Ltd","7D26","China Mainland","Natural Supply","https://www.pharmasources.com/company-home/hunan-nanmo-biotechnology-coltd-userId-156505.html","https://exhibitors.cphi-china.cn/assets/imgs/sp_mob.png"
"Hunan Nuoz Biological Technology Co.,Ltd.","7E35","China Mainland","Natural Supply","https://www.pharmasources.com/company-home/hunan-nuoz-biological-technology-coltd-userId-140944.html","https://exhibitors.cphi-china.cn/assets/imgs/sp_mob.png"
"Hunan OUYA Pharmaceutical Co., Ltd","9H62","China Mainland","Pharma Excipients","https://www.pharmasources.com/company-home/hunan-ouya-pharmaceutical-co-ltd-userId-146556.html","https://exhibitors.cphi-china.cn/assets/imgs/sp_mob.png"
"Hunan Yuxin Pharmaceutical Co., Ltd.","9F81","China Mainland","Pharma Ingredients","https://www.pharmasources.com/company-home/hunan-yuxin-pharmaceutical-co-ltd-userId-139846.html","https://exhibitors.cphi-china.cn/assets/imgs/sp_mob.png"
"Z-ZONE (HUNAN ZHENGZHONG PHARMACEUTICAL CO.,LTD）","8A12","China Mainland","Pharma Machinery & Packaging Machinery","https://www.pharmasources.com/company-home/z-zone-hunan-zhengzhong-pharmaceutical-c-userId-143622.html","https://exhibitors.cphi-china.cn/assets/imgs/sp_mob.png"
"Hunan Ziing Huikang Biopharmaceutical Group Co., Ltd","7C11-B1","China Mainland","Beauty & Cosmetics Supply Chain","https://www.pharmasources.com/company-home/hunan-ziing-huikang-biopharmaceutical-gr-userId-157529.html","https://exhibitors.cphi-china.cn/assets/imgs/sp_mob.png"
"Huzhou Haipu Chemical Industry Co.,Ltd","7A35","China Mainland","Beauty & Cosmetics Supply Chain","https://www.pharmasources.com/company-home/huzhou-haipu-chemical-industry-coltd-userId-157120.html","https://exhibitors.cphi-china.cn/assets/imgs/sp_mob.png"
"North China Pharmaceutical Co.,Ltd.","9H12","China Mainland","Pharma Ingredients","https://www.pharmasources.com/company-home/north-china-pharmaceutical-coltd-userId-139724.html","https://exhibitors.cphi-china.cn/assets/imgs/sp_mob.png"
"Hualan Biological Engineering Inc.","9K36","China Mainland","Biotech","https://www.pharmasources.com/company-home/hualan-biological-engineering-inc-userId-147083.html","https://exhibitors.cphi-china.cn/assets/imgs/sp_mob.png"
"Huapu Shijiazhuang Pharmaceutical Co., Ltd.","9K33","China Mainland","Biotech","https://www.pharmasources.com/company-home/huapu-shijiazhuang-pharmaceutical-co-ltd-userId-156287.html","https://exhibitors.cphi-china.cn/assets/imgs/sp_mob.png"
"Bloomage Biotechnology Corp., Ltd.","7C01","China Mainland","Beauty & Cosmetics Supply Chain","https://www.pharmasources.com/company-home/bloomage-biotechnology-corp-ltd-userId-146402.html","https://exhibitors.cphi-china.cn/assets/imgs/sp_mob.png"
"SCCU","7B25","China Mainland","Beauty & Cosmetics Supply Chain","https://www.pharmasources.com/company-home/sccu-userId-157394.html","https://exhibitors.cphi-china.cn/assets/imgs/sp_mob.png"
"HUAZHONG PHARMACEUTICAL CO., LTD","9J82","China Mainland","Finished Dosage","https://www.pharmasources.com/company-home/huazhong-pharmaceutical-co-ltd-userId-140650.html","https://exhibitors.cphi-china.cn/assets/imgs/sp_mob.png"
"www.chem17.com","7N08","China Mainland","Laboratory Instruments & Equipment","",""
"Honeywell Technologies Building Automation","8C12b","China Mainland","Smart Manufacturing","https://www.cphi.cn/s-honeywellchina","https://exhibitors.cphi-china.cn/assets/imgs/sp_mob.png"
"GENEDART Biotechnology Co., Ltd.","7F31","China Mainland","Natural Supply","https://www.pharmasources.com/company-home/genedart-biotechnology-co-ltd-userId-148232.html","https://exhibitors.cphi-china.cn/assets/imgs/sp_mob.png"
"Ji’an Zhongxiang Natural Plants Co.,Ltd.","7C56","China Mainland","Natural Supply","https://www.pharmasources.com/company-home/jian-zhongxiang-natural-plants-coltd-userId-146684.html","https://exhibitors.cphi-china.cn/assets/imgs/sp_mob.png"
"GL Biochem (Shanghai) Co., Ltd.","7A28","China Mainland","Beauty & Cosmetics Supply Chain","https://www.pharmasources.com/company-home/gl-biochem-shanghai-co-ltd-userId-139824.html","https://exhibitors.cphi-china.cn/assets/imgs/sp_mob.png"
"Jilin Baili Packaging Co., Ltd.","9C09","China Mainland","Packaging & Drug Delivery","https://www.pharmasources.com/company-home/jilin-baili-packaging-co-ltd-userId-157293.html","https://exhibitors.cphi-china.cn/assets/imgs/sp_mob.png"
"TOP BIOTECH CO.,LTD","8B26","China Mainland","Pharma Machinery & Packaging Machinery","https://www.pharmasources.com/company-home/top-biotech-coltd-userId-146372.html","https://exhibitors.cphi-china.cn/assets/imgs/sp_mob.png"
"EOS MED CHEM CO.,LTD","9I36","China Mainland","AI Tech & Contract Service","https://www.pharmasources.com/company-home/eos-med-chem-coltd-userId-142363.html","https://exhibitors.cphi-china.cn/assets/imgs/sp_mob.png"
"Jinan Yinghua Yongye Biotechnology Co., Ltd.","7N16","China Mainland","Natural Supply","https://www.pharmasources.com/company-home/jinan-yinghua-yongye-biotechnology-co-lt-userId-140598.html","https://exhibitors.cphi-china.cn/assets/imgs/sp_mob.png"
"Pubtester Instruments Co., Ltd.","8G75","China Mainland","Laboratory Instruments & Equipment","https://www.pharmasources.com/company-home/pubtester-instruments-co-ltd-userId-156396.html","https://exhibitors.cphi-china.cn/assets/imgs/sp_mob.png"
"JIAXING FOCONVITA BIOTECHNOLOGY CO.,LTD.","9M07","China Mainland","Pharma Ingredients","https://www.pharmasources.com/company-home/jiaxing-foconvita-biotechnology-coltd-userId-144551.html","https://exhibitors.cphi-china.cn/assets/imgs/sp_mob.png"
"Health-decode Pharmacy (Guangdong) Co.,Ltd.","7E18","China Mainland","Natural Supply","https://www.pharmasources.com/company-home/health-decode-pharmacy-guangdong-coltd-userId-156960.html","https://exhibitors.cphi-china.cn/assets/imgs/sp_mob.png"
"Jiangsu Baozong & Baoda Pharmachem Co., Ltd.","9H39","China Mainland","AI Tech & Contract Service","https://www.pharmasources.com/company-home/jiangsu-baozong-baoda-pharmachem-co-ltd-userId-139800.html","https://exhibitors.cphi-china.cn/assets/imgs/sp_mob.png"
"Jiangsu Poly Pharmaceutical Co.,Ltd.","9I80","China Mainland","Pharma Excipients","https://www.pharmasources.com/company-home/jiangsu-poly-pharmaceutical-coltd-userId-156798.html","https://exhibitors.cphi-china.cn/assets/imgs/sp_mob.png"
"Jiangsu Botao Intelligent Thermal Engineering Co., Ltd.","8E88","China Mainland","Pharma Machinery & Packaging Machinery","https://www.pharmasources.com/company-home/jiangsu-botao-intelligent-thermal-engine-userId-147488.html","https://exhibitors.cphi-china.cn/assets/imgs/sp_mob.png"
"Rugao City Jiangsu info a round fluorine plastic anti-corrosion Co.Ltd","8Q05","China Mainland","Pharma Machinery & Packaging Machinery","https://www.pharmasources.com/company-home/rugao-city-jiangsu-info-a-round-fluorine-userId-143005.html","https://exhibitors.cphi-china.cn/assets/imgs/sp_mob.png"
"Jiangsu AlcoEn Sciences Co., Ltd.","8G17","China Mainland","Laboratory Instruments & Equipment","https://www.pharmasources.com/company-home/jiangsu-alcoen-sciences-co-ltd-userId-156664.html","https://exhibitors.cphi-china.cn/assets/imgs/sp_mob.png"
"Jiangsu Delfu Medical Devices Co., Ltd","9D15","China Mainland","Packaging & Drug Delivery","https://www.pharmasources.com/company-home/jiangsu-delfu-medical-devices-co-ltd-userId-143960.html","https://exhibitors.cphi-china.cn/assets/imgs/sp_mob.png"
"Jiangsu Dongbang Machinery.Co.Ltd","8G80","China Mainland","Pharma Machinery & Packaging Machinery","https://www.pharmasources.com/company-home/jiangsu-dongbang-machinerycoltd-userId-141685.html","https://exhibitors.cphi-china.cn/assets/imgs/sp_mob.png"
"Jiangsu Pharmasys Intelligent Equipment Co., Ltd.","8A21","China Mainland","Pharma Machinery & Packaging Machinery","https://www.pharmasources.com/company-home/jiangsu-pharmasys-intelligent-equipment--userId-145617.html","https://exhibitors.cphi-china.cn/assets/imgs/sp_mob.png"
"Jiangsu Gongtang Chemical Equipments Co., Ltd.","8B06","China Mainland","Pharma Machinery & Packaging Machinery","https://www.pharmasources.com/company-home/jiangsu-gongtang-chemical-equipments-co--userId-146576.html","https://exhibitors.cphi-china.cn/assets/imgs/sp_mob.png"
"Jiangsu Guotai Guomian Trading Co.,Ltd.","9N51","China Mainland","Pharma Ingredients","https://www.pharmasources.com/company-home/jiangsu-guotai-guomian-trading-coltd-userId-139778.html","https://exhibitors.cphi-china.cn/assets/imgs/sp_mob.png"
"JIANGSU GTIG HUATAI CO., LTD.","9F20","China Mainland","Pharma Ingredients","https://www.pharmasources.com/company-home/jiangsu-gtig-huatai-co-ltd-userId-146310.html","https://exhibitors.cphi-china.cn/assets/imgs/sp_mob.png"
"JIANGSU HANYOO PHARMATECH CO.,LTD.","8C26","China Mainland","Smart Manufacturing","https://www.pharmasources.com/company-home/jiangsu-hanyoo-pharmatech-coltd-userId-142729.html","https://exhibitors.cphi-china.cn/assets/imgs/sp_mob.png"
"Jiangsu Hanlin Pharmaceutical Packaging Technology Co., Ltd","9B37","China Mainland","Packaging & Drug Delivery","https://www.pharmasources.com/company-home/jiangsu-hanlin-pharmaceutical-packaging--userId-146977.html","https://exhibitors.cphi-china.cn/assets/imgs/sp_mob.png"
"Jiangsu Hansoh Pharmaceutical Group Co., Ltd.","9J76","China Mainland","Finished Dosage","https://www.pharmasources.com/company-home/jiangsu-hansoh-pharmaceutical-group-co-l-userId-147046.html","https://exhibitors.cphi-china.cn/assets/imgs/sp_mob.png"
"Horwath Biotechnological","7A19","China Mainland","Beauty & Cosmetics Supply Chain","https://www.pharmasources.com/company-home/horwath-biotechnological-userId-146282.html","https://exhibitors.cphi-china.cn/assets/imgs/sp_mob.png"
"Jiangsu Hengrui Pharmaceuticals Co., Ltd","9L62","China Mainland","Finished Dosage","https://www.pharmasources.com/company-home/jiangsu-hengrui-pharmaceuticals-co-ltd-userId-139765.html","https://exhibitors.cphi-china.cn/assets/imgs/sp_mob.png"
"Jiangsu Hengxing New Material Technology Co.,Ltd.","9G96","China Mainland","Pharma Ingredients","https://www.pharmasources.com/company-home/jiangsu-hengxing-new-material-technology-userId-156543.html","https://exhibitors.cphi-china.cn/assets/imgs/sp_mob.png"
"Jiangsu Huazhao Purification Technology Co., Ltd.","8B77","China Mainland","Clean Technology","https://www.pharmasources.com/company-home/jiangsu-huazhao-purification-technology--userId-143086.html","https://exhibitors.cphi-china.cn/assets/imgs/sp_mob.png"
"Wisdom Pharmaceutical Co.,Ltd.","9K55","China Mainland","Finished Dosage","https://www.pharmasources.com/company-home/wisdom-pharmaceutical-coltd-userId-140874.html","https://exhibitors.cphi-china.cn/assets/imgs/sp_mob.png"
"Acerblend Ingredients Co.,Ltd.","9C76","China Mainland","Pharma Ingredients","https://www.pharmasources.com/company-home/acerblend-ingredients-coltd-userId-140676.html","https://exhibitors.cphi-china.cn/assets/imgs/sp_mob.png"
"Jiangsu Jingye Pharmaceutical Co., Ltd.","9N75","China Mainland","Pharma Ingredients","https://www.pharmasources.com/company-home/jiangsu-jingye-pharmaceutical-co-ltd-userId-139671.html","https://exhibitors.cphi-china.cn/assets/imgs/sp_mob.png"
"JIANGSU COBEN PHARMACEUTICAL CO., LTD.","9L67","China Mainland","Finished Dosage","https://www.pharmasources.com/company-home/jiangsu-coben-pharmaceutical-co-ltd-userId-147405.html","https://exhibitors.cphi-china.cn/assets/imgs/sp_mob.png"
"JIANGSU KOLOD FOOD INGREDIENTS CO.,LTD.","9D95","China Mainland","Pharma Ingredients","https://www.pharmasources.com/company-home/jiangsu-kolod-food-ingredients-coltd-userId-143361.html","https://exhibitors.cphi-china.cn/assets/imgs/sp_mob.png"
"Oukai Medical Device Technology Co., Ltd., Jiangsu, China","9B06","China Mainland","Packaging & Drug Delivery","https://www.pharmasources.com/company-home/oukai-medical-device-technology-co-ltd-j-userId-145795.html","https://exhibitors.cphi-china.cn/assets/imgs/sp_mob.png"
"Jiangsu Pengduo Machinery Technology Co., Ltd.","8G01","China Mainland","Pharma Machinery & Packaging Machinery","https://www.pharmasources.com/company-home/jiangsu-pengduo-machinery-technology-co--userId-140605.html","https://exhibitors.cphi-china.cn/assets/imgs/sp_mob.png"
"Jiangsu Qingquan Chemical Co., Ltd.","9I95","China Mainland","Pharma Ingredients","https://www.pharmasources.com/company-home/jiangsu-qingquan-chemical-co-ltd-userId-140391.html","https://exhibitors.cphi-china.cn/assets/imgs/sp_mob.png"
"JIANGSU SAIDELI PHARMACEUTICAL MACHINERY CO.,LTD.","8Q02","China Mainland","Pharma Machinery & Packaging Machinery","https://www.pharmasources.com/company-home/jiangsu-saideli-pharmaceutical-machinery-userId-140257.html","https://exhibitors.cphi-china.cn/assets/imgs/sp_mob.png"
"Cidic Co.,Ltd.","9E79","China Mainland","Pharma Ingredients","https://www.pharmasources.com/company-home/cidic-coltd-userId-141353.html","https://exhibitors.cphi-china.cn/assets/imgs/sp_mob.png"
"CHINA JIANGSU INTERNATIONAL CHEMICAL CO., LTD","9M36","China Mainland","Pharma Ingredients","https://www.pharmasources.com/company-home/china-jiangsu-international-chemical-co--userId-144158.html","https://exhibitors.cphi-china.cn/assets/imgs/sp_mob.png"
"CJI Overseas Import and Export Ltd.","9N17","China Mainland","Pharma Ingredients","https://www.pharmasources.com/company-home/cji-overseas-import-and-export-ltd-userId-143418.html","https://exhibitors.cphi-china.cn/assets/imgs/sp_mob.png"
"JIANGSU TIANSHENG PHARMACEUTICAL CO.,LTD.","7A30","China Mainland","Beauty & Cosmetics Supply Chain","https://www.pharmasources.com/company-home/jiangsu-tiansheng-pharmaceutical-coltd-userId-140402.html","https://exhibitors.cphi-china.cn/assets/imgs/sp_mob.png"
"Jiangsu Tasly Diyi Pharmaceutical Co.,Ltd.","9F59","China Mainland","Pharma Ingredients","https://www.pharmasources.com/company-home/jiangsu-tasly-diyi-pharmaceutical-coltd-userId-141288.html","https://exhibitors.cphi-china.cn/assets/imgs/sp_mob.png"
"Jiangsu Tohope Pharmaceutical Co.,Ltd.","9E75","China Mainland","Pharma Ingredients","https://www.pharmasources.com/company-home/jiangsu-tohope-pharmaceutical-coltd-userId-139853.html","https://exhibitors.cphi-china.cn/assets/imgs/sp_mob.png"
"Jiangsu Tuofeng Environmental Protection Technology Co., Ltd","8G43","China Mainland","Laboratory Instruments & Equipment","https://www.pharmasources.com/company-home/jiangsu-tuofeng-environmental-protection-userId-157413.html","https://exhibitors.cphi-china.cn/assets/imgs/sp_mob.png"
"SINCHAO METALS TECH CO., LTD","9B46","China Mainland","Pharma Machinery & Packaging Machinery","https://www.pharmasources.com/company-home/sinchao-metals-tech-co-ltd-userId-157521.html","https://exhibitors.cphi-china.cn/assets/imgs/sp_mob.png"
"JIANGSU YANXIN ENVIRONMENTAL SCIENCE & TECHNOLOGY CO.,LTD.","8B76","China Mainland","Clean Technology","https://www.pharmasources.com/company-home/jiangsu-yanxin-environmental-science-tec-userId-143209.html","https://exhibitors.cphi-china.cn/assets/imgs/sp_mob.png"
"Jiangsu Yutian Pharmaceutical Co.,Ltd","9G70","China Mainland","Pharma Ingredients","https://www.pharmasources.com/company-home/jiangsu-yutian-pharmaceutical-coltd-userId-140538.html","https://exhibitors.cphi-china.cn/assets/imgs/sp_mob.png"
"Jiangsu Yutong Drying Engineering Co.,Ltd","9M76","China Mainland","Pharma Machinery & Packaging Machinery","https://www.pharmasources.com/company-home/jiangsu-yutong-drying-engineering-coltd-userId-140280.html","https://exhibitors.cphi-china.cn/assets/imgs/sp_mob.png"
"Jiangsu Zhongbang Pharmaceutical Co., Ltd.","9C82","China Mainland","Pharma Ingredients","https://www.pharmasources.com/company-home/jiangsu-zhongbang-pharmaceutical-co-ltd-userId-140610.html","https://exhibitors.cphi-china.cn/assets/imgs/sp_mob.png"
"Jiangxi Angshi New Material Technology Co., Ltd","9B01","China Mainland","Packaging & Drug Delivery","https://www.pharmasources.com/company-home/jiangxi-angshi-new-material-technology-c-userId-143710.html","https://exhibitors.cphi-china.cn/assets/imgs/sp_mob.png"
"Jiangxi Baicao Pharmaceutical Co.,Ltd","7E23","China Mainland","Natural Supply","https://www.pharmasources.com/company-home/jiangxi-baicao-pharmaceutical-coltd-userId-147422.html","https://exhibitors.cphi-china.cn/assets/imgs/sp_mob.png"
"Jiangxi Chuangxian Fine Calcium Co.,LtD","9I70","China Mainland","Pharma Excipients","https://www.pharmasources.com/company-home/jiangxi-chuangxian-fine-calcium-coltd-userId-146744.html","https://exhibitors.cphi-china.cn/assets/imgs/sp_mob.png"
"JIANGXI DADI PHARMACEUTICAL CO., LTD","9T72","China Mainland","Pharma Ingredients","https://www.pharmasources.com/company-home/jiangxi-dadi-pharmaceutical-co-ltd-userId-140422.html","https://exhibitors.cphi-china.cn/assets/imgs/sp_mob.png"
"Jiangxi Time Pharmaceutical Co.,Ltd.","9H17","China Mainland","Pharma Ingredients","https://www.pharmasources.com/company-home/jiangxi-time-pharmaceutical-coltd-userId-140648.html","https://exhibitors.cphi-china.cn/assets/imgs/sp_mob.png"
"Jiangxi Jinfeng Pharmaceutical Co., Ltd.","9B75","China Mainland","Pharma Ingredients","https://www.pharmasources.com/company-home/jiangxi-jinfeng-pharmaceutical-co-ltd-userId-146332.html","https://exhibitors.cphi-china.cn/assets/imgs/sp_mob.png"
"JIANGXI LINKE BORNEOL SCIENCE ＆ TECHNOLOGY CO., LTD.","7E66","China Mainland","Natural Supply","https://www.pharmasources.com/company-home/jiangxi-linke-borneol-science-technology-userId-142531.html","https://exhibitors.cphi-china.cn/assets/imgs/sp_mob.png"
"Jiangxi Greensky Food Co., Ltd.","7G18","China Mainland","Natural Supply","https://www.pharmasources.com/company-home/jiangxi-greensky-food-co-ltd-userId-157513.html","https://exhibitors.cphi-china.cn/assets/imgs/sp_mob.png"
"Jiangxi Sunway Chemical Co., Ltd.","9F50","China Mainland","Pharma Ingredients","https://www.pharmasources.com/company-home/jiangxi-sunway-chemical-co-ltd-userId-141783.html","https://exhibitors.cphi-china.cn/assets/imgs/sp_mob.png"
"Jiangxi Synergy Pharmaceutical Co.,Ltd.","9D55","China Mainland","Pharma Ingredients","https://www.pharmasources.com/company-home/jiangxi-synergy-pharmaceutical-coltd-userId-139770.html","https://exhibitors.cphi-china.cn/assets/imgs/sp_mob.png"
"Jiangxi Yatai Pharmaceutical Packaging Co., Ltd.","9C50","China Mainland","Packaging & Drug Delivery","https://www.pharmasources.com/company-home/jiangxi-yatai-pharmaceutical-packaging-c-userId-145779.html","https://exhibitors.cphi-china.cn/assets/imgs/sp_mob.png"
"Jiangxi Yanxin Environmental Science & Technology Co., Ltd","8D69","China Mainland","Clean Technology","https://www.pharmasources.com/company-home/jiangxi-yanxin-environmental-science-tec-userId-157407.html","https://exhibitors.cphi-china.cn/assets/imgs/sp_mob.png"
"Jiangyin Snynxn Granulating Drying Equipment Co., Ltd","8Q21","China Mainland","Pharma Machinery & Packaging Machinery","https://www.pharmasources.com/company-home/jiangyin-snynxn-granulating-drying-equip-userId-140279.html","https://exhibitors.cphi-china.cn/assets/imgs/sp_mob.png"
"Jiangyin Baoli Machinery Manufacturing CO.,Ltd.","8Q01","China Mainland","Pharma Machinery & Packaging Machinery","https://www.pharmasources.com/company-home/jiangyin-baoli-machinery-manufacturing-c-userId-140268.html","https://exhibitors.cphi-china.cn/assets/imgs/sp_mob.png"
"Jiangyin Yatai Purification Equipment Co., Ltd.","8C56","China Mainland","Clean Technology","https://www.pharmasources.com/company-home/jiangyin-yatai-purification-equipment-co-userId-142208.html","https://exhibitors.cphi-china.cn/assets/imgs/sp_mob.png"
"JIANGYIN SUNSHINE IMPORT & EXPORT CO.,LTD","9B50","China Mainland","Packaging & Drug Delivery","https://www.pharmasources.com/company-home/jiangyin-sunshine-import-export-coltd-userId-146615.html","https://exhibitors.cphi-china.cn/assets/imgs/sp_mob.png"
"Jiaozuo Zhongwei Special Products Pharmaceutical Co., Ltd.","9J69","China Mainland","Pharma Excipients","https://www.pharmasources.com/company-home/jiaozuo-zhongwei-special-products-pharma-userId-139806.html","https://exhibitors.cphi-china.cn/assets/imgs/sp_mob.png"
"JINHUAZKZZ MACHINERYCO.LTD","9M80","China Mainland","Pharma Machinery & Packaging Machinery","https://www.pharmasources.com/company-home/jinhuazkzz-machinerycoltd-userId-144513.html","https://exhibitors.cphi-china.cn/assets/imgs/sp_mob.png"
"Tianjin Tianyao Pharmaceuticals Co., Ltd","9D59","China Mainland","Pharma Ingredients","https://www.pharmasources.com/company-home/tianjin-tianyao-pharmaceuticals-co-ltd-userId-145705.html","https://exhibitors.cphi-china.cn/assets/imgs/sp_mob.png"
"Jinzhou Huaxin Packing Machinery Co. , Ltd.","8A57","China Mainland","Pharma Machinery & Packaging Machinery","https://www.pharmasources.com/company-home/jinzhou-huaxin-packing-machinery-co-ltd-userId-146534.html","https://exhibitors.cphi-china.cn/assets/imgs/sp_mob.png"
"Excel Pharmaceutical Co., Ltd.","9H20","China Mainland","Pharma Ingredients","https://www.pharmasources.com/company-home/excel-pharmaceutical-co-ltd-userId-139871.html","https://exhibitors.cphi-china.cn/assets/imgs/sp_mob.png"
"Jiujiang Zhongxing Medicine & Chemical Co., Ltd.","9I87","China Mainland","Pharma Ingredients","https://www.pharmasources.com/company-home/jiujiang-zhongxing-medicine-chemical-co--userId-140057.html","https://exhibitors.cphi-china.cn/assets/imgs/sp_mob.png"
"Joymed Technology (Shanghai)Co., Ltd.","9C36","China Mainland","Packaging & Drug Delivery","https://www.pharmasources.com/company-home/joymed-technology-shanghaico-ltd-userId-146597.html","https://exhibitors.cphi-china.cn/assets/imgs/sp_mob.png"
"Kaiping Genuine Biochemical Pharmaceutical Co., Ltd.","9A56","China Mainland","Pharma Ingredients","https://www.pharmasources.com/company-home/kaiping-genuine-biochemical-pharmaceutic-userId-139689.html","https://exhibitors.cphi-china.cn/assets/imgs/sp_mob.png"
"Körber Pharma (Shanghai) Co., Ltd.","8C12c","China Mainland","Smart Manufacturing","https://www.pharmasources.com/company-home/krber-pharma-shanghai-co-ltd-userId-147593.html","https://exhibitors.cphi-china.cn/assets/imgs/sp_mob.png"
"Kexing Biopharm Co., Ltd.","7D16","China Mainland","Natural Supply","https://www.pharmasources.com/company-home/kexing-biopharm-co-ltd-userId-156575.html","https://exhibitors.cphi-china.cn/assets/imgs/sp_mob.png"
"Kunshan Duplexx Engineering Technology Co., Ltd.","8G50","China Mainland","Laboratory Instruments & Equipment","https://www.pharmasources.com/company-home/kunshan-duplexx-engineering-technology-c-userId-145774.html","https://exhibitors.cphi-china.cn/assets/imgs/sp_mob.png"
"Kunshan Wisepac Desiccant Co.,Ltd.","9B12","China Mainland","Packaging & Drug Delivery","https://www.pharmasources.com/company-home/kunshan-wisepac-desiccant-coltd-userId-146725.html","https://exhibitors.cphi-china.cn/assets/imgs/sp_mob.png"
"KUNSHAN MAX CLEANROOM SYSTEM CO.,LTD","8E66","China Mainland","Clean Technology","https://www.pharmasources.com/company-home/kunshan-max-cleanroom-system-coltd-userId-140861.html","https://exhibitors.cphi-china.cn/assets/imgs/sp_mob.png"
"LabVantage Solutions (Shanghai) Information Technology Co, Ltd.","8C12a","China Mainland","Smart Manufacturing","https://www.pharmasources.com/company-home/labvantage-solutions-shanghai-informatio-userId-157590.html","https://exhibitors.cphi-china.cn/assets/imgs/sp_mob.png"
"Lianyungang Guike Pharmaceutical Co., Ltd.","9A67","China Mainland","Pharma Ingredients","https://www.pharmasources.com/company-home/lianyungang-guike-pharmaceutical-co-ltd-userId-141395.html","https://exhibitors.cphi-china.cn/assets/imgs/sp_mob.png"
"Lianyungang Shenghe Biotechnology Co., Ltd","9H98","China Mainland","Pharma Ingredients","https://www.pharmasources.com/company-home/lianyungang-shenghe-biotechnology-co-ltd-userId-146735.html","https://exhibitors.cphi-china.cn/assets/imgs/sp_mob.png"
"Pharma United Co.,Ltd","8D50","China Mainland","Clean Technology","https://www.pharmasources.com/company-home/pharma-united-coltd-userId-140308.html","https://exhibitors.cphi-china.cn/assets/imgs/sp_mob.png"
"Liaoning Huarui United Pharmaceutical Co., Ltd.","9K69","China Mainland","Finished Dosage","https://www.pharmasources.com/company-home/liaoning-huarui-united-pharmaceutical-co-userId-143902.html","https://exhibitors.cphi-china.cn/assets/imgs/sp_mob.png"
"Liaoning KoncepNutra Co., Ltd.","9B76","China Mainland","Pharma Ingredients","https://www.pharmasources.com/company-home/liaoning-koncepnutra-co-ltd-userId-139743.html","https://exhibitors.cphi-china.cn/assets/imgs/sp_mob.png"
"GUANGZHOU BRANCH OF LIAONING LOKIN CONSTRUCTION CO.,LTD.","8D67","China Mainland","Clean Technology","https://www.pharmasources.com/company-home/guangzhou-branch-of-liaoning-lokin-const-userId-157403.html","https://exhibitors.cphi-china.cn/assets/imgs/sp_mob.png"
"LIAONING PHARMACEUTICAL FOREIGN TRADE CORPORATION","9K70","China Mainland","Finished Dosage","https://www.pharmasources.com/company-home/liaoning-pharmaceutical-foreign-trade-co-userId-140023.html","https://exhibitors.cphi-china.cn/assets/imgs/sp_mob.png"
"Liaoning Tianyi Machinery Co.,Ltd.","8B67","China Mainland","Pharma Machinery & Packaging Machinery","https://www.pharmasources.com/company-home/liaoning-tianyi-machinery-coltd-userId-140243.html","https://exhibitors.cphi-china.cn/assets/imgs/sp_mob.png"
"Liaoning Xinhuirui Pharmaceutical Equipment Technology Co., Ltd.","8B50","China Mainland","Pharma Machinery & Packaging Machinery","https://www.pharmasources.com/company-home/liaoning-xinhuirui-pharmaceutical-equipm-userId-146471.html","https://exhibitors.cphi-china.cn/assets/imgs/sp_mob.png"
"Liaoning Soaring Eagle Machinery Co.,Ltd.","8E80","China Mainland","Pharma Machinery & Packaging Machinery","https://www.pharmasources.com/company-home/liaoning-soaring-eagle-machinery-coltd-userId-146023.html","https://exhibitors.cphi-china.cn/assets/imgs/sp_mob.png"
"Linyi Haixin Chemical Equipment Co.,Ltd","8A71","China Mainland","Pharma Machinery & Packaging Machinery","https://www.pharmasources.com/company-home/linyi-haixin-chemical-equipment-coltd-userId-142795.html","https://exhibitors.cphi-china.cn/assets/imgs/sp_mob.png"
"LTW（Jiangsu）LLC","9N09","China Mainland","Pharma Ingredients","https://www.pharmasources.com/company-home/ltwjiangsullc-userId-146330.html","https://exhibitors.cphi-china.cn/assets/imgs/sp_mob.png"
"Lushang Freda Pharmaceutical Co.,Ltd.","7A07","China Mainland","Beauty & Cosmetics Supply Chain","https://www.pharmasources.com/company-home/lushang-freda-pharmaceutical-coltd-userId-157458.html","https://exhibitors.cphi-china.cn/assets/imgs/sp_mob.png"
"Luye Pharma Group","9G79","China Mainland","Pharma Ingredients","https://www.pharmasources.com/company-home/luye-pharma-group-userId-140366.html","https://exhibitors.cphi-china.cn/assets/imgs/sp_mob.png"
"Luoyang Dirante Pharmaceutical Packaging Material Co.,Ltd.","9C37","China Mainland","Packaging & Drug Delivery","https://www.pharmasources.com/company-home/luoyang-dirante-pharmaceutical-packaging-userId-143298.html","https://exhibitors.cphi-china.cn/assets/imgs/sp_mob.png"
"Luohe Chief Pharmaceutical Co., Ltd","9M10","China Mainland","Pharma Ingredients","https://www.pharmasources.com/company-home/luohe-chief-pharmaceutical-co-ltd-userId-145475.html","https://exhibitors.cphi-china.cn/assets/imgs/sp_mob.png"
"Mikron Industrial Equipment (Shanghai) Co., Ltd.","9A06","China Mainland","Packaging & Drug Delivery","https://www.pharmasources.com/company-home/mikron-industrial-equipment-shanghai-co--userId-145869.html","https://exhibitors.cphi-china.cn/assets/imgs/sp_mob.png"
"MIANYANG VANETTA CHEMICAL INDUSTRIAL CO., LTD","9F97","China Mainland","Pharma Ingredients","https://www.pharmasources.com/company-home/mianyang-vanetta-chemical-industrial-co--userId-141189.html","https://exhibitors.cphi-china.cn/assets/imgs/sp_mob.png"
"Senspeak Advanced Materials (Guangdong) Co., Ltd.","9M08","China Mainland","Pharma Ingredients","https://www.pharmasources.com/company-home/senspeak-advanced-materials-guangdong-co-userId-147088.html","https://exhibitors.cphi-china.cn/assets/imgs/sp_mob.png"
"Inner Mongolia Huaxin Pharmaceutical Co. Ltd.","9E96","China Mainland","Pharma Ingredients","https://www.pharmasources.com/company-home/inner-mongolia-huaxin-pharmaceutical-co--userId-145451.html","https://exhibitors.cphi-china.cn/assets/imgs/sp_mob.png"
"NeiMengGu TongLiao KaiLu ShengWu YiYaoKaiFaQu","9L63","China Mainland","Finished Dosage","https://www.pharmasources.com/company-home/neimenggu-tongliao-kailu-shengwu-yiyaoka-userId-157318.html","https://exhibitors.cphi-china.cn/assets/imgs/sp_mob.png"
"INNER MONGOLIA YUANHONG FINE CHEMICAL CO., LTD.","9I89","China Mainland","Pharma Ingredients","https://www.pharmasources.com/company-home/inner-mongolia-yuanhong-fine-chemical-co-userId-146562.html","https://exhibitors.cphi-china.cn/assets/imgs/sp_mob.png"
"Nevil（Changsha）lntelligent Equipment Co., Ltd.","8C75","China Mainland","Pharma Machinery & Packaging Machinery","https://www.pharmasources.com/company-home/nevilchangshalntelligent-equipment-co-lt-userId-146017.html","https://exhibitors.cphi-china.cn/assets/imgs/sp_mob.png"
"SOUTH CHINA PHARMACEUTICAL CO.,LTD.","9T62","China Mainland","Pharma Ingredients","https://www.pharmasources.com/company-home/south-china-pharmaceutical-coltd-userId-141871.html","https://exhibitors.cphi-china.cn/assets/imgs/sp_mob.png"
"BTP Pharmaceutical Co.,Limited","9H51","China Mainland","Pharma Ingredients","https://www.pharmasources.com/company-home/btp-pharmaceutical-colimited-userId-140206.html","https://exhibitors.cphi-china.cn/assets/imgs/sp_mob.png"
"Nanjing Dorra Pharmaceutical Technology Co.,Ltd.","9H75","China Mainland","Pharma Ingredients","https://www.pharmasources.com/company-home/nanjing-dorra-pharmaceutical-technology--userId-141794.html","https://exhibitors.cphi-china.cn/assets/imgs/sp_mob.png"
"Nanjing Foreign Economic & Trade Development Co., Ltd.","9A51","China Mainland","Pharma Ingredients","https://www.pharmasources.com/company-home/nanjing-foreign-economic-trade-developme-userId-139750.html","https://exhibitors.cphi-china.cn/assets/imgs/sp_mob.png"
"ALPHAR CHEM CO., LTD.","9M21","China Mainland","Pharma Ingredients","https://www.pharmasources.com/company-home/alphar-chem-co-ltd-userId-142635.html","https://exhibitors.cphi-china.cn/assets/imgs/sp_mob.png"
"Nanjing Providence Co., Ltd","9H83","China Mainland","Pharma Ingredients","https://www.pharmasources.com/company-home/nanjing-providence-co-ltd-userId-145813.html","https://exhibitors.cphi-china.cn/assets/imgs/sp_mob.png"
"Nanjing Hanxin Pharmaceutical Technology Co.,Ltd","7A27","China Mainland","Beauty & Cosmetics Supply Chain","https://www.pharmasources.com/company-home/nanjing-hanxin-pharmaceutical-technology-userId-146404.html","https://exhibitors.cphi-china.cn/assets/imgs/sp_mob.png"
"Nanjing Jiunuo Technology Co., Ltd.","8D70","China Mainland","Clean Technology","https://www.pharmasources.com/company-home/nanjing-jiunuo-technology-co-ltd-userId-157219.html","https://exhibitors.cphi-china.cn/assets/imgs/sp_mob.png"
"Leon(Nanjing)Biotechnology Co,ltd","7B50","China Mainland","Beauty & Cosmetics Supply Chain","https://www.pharmasources.com/company-home/leonnanjingbiotechnology-coltd-userId-148373.html","https://exhibitors.cphi-china.cn/assets/imgs/sp_mob.png"
"InnovaSyn Biotech Inc.","7H15","China Mainland","Natural Supply","https://www.pharmasources.com/company-home/innovasyn-biotech-inc-userId-147158.html","https://exhibitors.cphi-china.cn/assets/imgs/sp_mob.png"
"Rensin Chemicals Limited","9G37","China Mainland","AI Tech & Contract Service","https://www.pharmasources.com/company-home/rensin-chemicals-limited-userId-142278.html","https://exhibitors.cphi-china.cn/assets/imgs/sp_mob.png"
"Nanjing Rundong Intelligent Equipment Co., Ltd.","9M70","China Mainland","Pharma Machinery & Packaging Machinery","https://www.pharmasources.com/company-home/nanjing-rundong-intelligent-equipment-co-userId-157488.html","https://exhibitors.cphi-china.cn/assets/imgs/sp_mob.png"
"Nanjing Cellnuo Biopharmaceutical Co., Ltd.","9K56","China Mainland","Finished Dosage","https://www.pharmasources.com/company-home/nanjing-cellnuo-biopharmaceutical-co-ltd-userId-144590.html","https://exhibitors.cphi-china.cn/assets/imgs/sp_mob.png"
"Nanjing Lifenergy R&D Co.,Ltd.","9L81","China Mainland","Finished Dosage","https://www.pharmasources.com/company-home/nanjing-lifenergy-rd-coltd-userId-139803.html","https://exhibitors.cphi-china.cn/assets/imgs/sp_mob.png"
"TIANHUA TECH CO., LTD. CHINA","9A29","China Mainland","Packaging & Drug Delivery","https://www.pharmasources.com/company-home/tianhua-tech-co-ltd-china-userId-142297.html","https://exhibitors.cphi-china.cn/assets/imgs/sp_mob.png"
"Nanjing Tsource Refrigeration Equipment Co.,Ltd.","8C69","China Mainland","Clean Technology","https://www.pharmasources.com/company-home/nanjing-tsource-refrigeration-equipment--userId-156654.html","https://exhibitors.cphi-china.cn/assets/imgs/sp_mob.png"
"Nanjing Union Health Industry Group Co., Ltd.","7F05","China Mainland","Natural Supply","https://www.pharmasources.com/company-home/nanjing-union-health-industry-group-co-l-userId-157352.html","https://exhibitors.cphi-china.cn/assets/imgs/sp_mob.png"
"Nantong Acetic Acid Chemical Co., Ltd.","9D36","China Mainland","Pharma Ingredients","https://www.pharmasources.com/company-home/nantong-acetic-acid-chemical-co-ltd-userId-146384.html","https://exhibitors.cphi-china.cn/assets/imgs/sp_mob.png"
"HIGHFINE PHARMATECH CO.,LTD","8P59","China Mainland","Pharma Machinery & Packaging Machinery","https://www.pharmasources.com/company-home/highfine-pharmatech-coltd-userId-140245.html","https://exhibitors.cphi-china.cn/assets/imgs/sp_mob.png"
"Nantong Haigine Pharma Technology Co.,Ltd.","8G56","China Mainland","Laboratory Instruments & Equipment","https://www.pharmasources.com/company-home/nantong-haigine-pharma-technology-coltd-userId-144649.html","https://exhibitors.cphi-china.cn/assets/imgs/sp_mob.png"
"Nantong Noatic Bio-Pharm Technology Co., Ltd.","9C66","China Mainland","Pharma Ingredients","https://www.pharmasources.com/company-home/nantong-noatic-bio-pharm-technology-co-l-userId-143638.html","https://exhibitors.cphi-china.cn/assets/imgs/sp_mob.png"
"Nantong Purui Technical Instrument Co. Ltd","8F06","China Mainland","Laboratory Instruments & Equipment","https://www.pharmasources.com/company-home/nantong-purui-technical-instrument-co-lt-userId-141750.html","https://exhibitors.cphi-china.cn/assets/imgs/sp_mob.png"
"Nantong Yongyu Pharmaceutical Machinery Co., Ltd.","8A78","China Mainland","Pharma Machinery & Packaging Machinery","https://www.pharmasources.com/company-home/nantong-yongyu-pharmaceutical-machinery--userId-141317.html","https://exhibitors.cphi-china.cn/assets/imgs/sp_mob.png"
"Ningbo Cuiying Chemical Technology CO.,LTD.","9H69","China Mainland","Pharma Ingredients","https://www.pharmasources.com/company-home/ningbo-cuiying-chemical-technology-coltd-userId-144554.html","https://exhibitors.cphi-china.cn/assets/imgs/sp_mob.png"
"Ningbo Second Hormone Factory Co., Ltd.","9T78","China Mainland","Pharma Ingredients","https://www.pharmasources.com/company-home/ningbo-second-hormone-factory-co-ltd-userId-157433.html","https://exhibitors.cphi-china.cn/assets/imgs/sp_mob.png"
"NINGBO HEXIN PHARMACEUTICAL EQUIPMENTS CO., LTD.","8E86","China Mainland","Pharma Machinery & Packaging Machinery","https://www.pharmasources.com/company-home/ningbo-hexin-pharmaceutical-equipments-c-userId-141164.html","https://exhibitors.cphi-china.cn/assets/imgs/sp_mob.png"
"NINGBO PIA AUTOMATION HOLDING CORP.","9P01","China Mainland","Packaging & Drug Delivery","https://www.pharmasources.com/company-home/ningbo-pia-automation-holding-corp-userId-147521.html","https://exhibitors.cphi-china.cn/assets/imgs/sp_mob.png"
"Ningbo Menovo Pharmaceutical Co., Ltd","9B62","China Mainland","Pharma Ingredients","https://www.pharmasources.com/company-home/ningbo-menovo-pharmaceutical-co-ltd-userId-140389.html","https://exhibitors.cphi-china.cn/assets/imgs/sp_mob.png"
"NINGBO EXCARE PHARM INC.","7F11","China Mainland","Natural Supply","https://www.pharmasources.com/company-home/ningbo-excare-pharm-inc-userId-146316.html","https://exhibitors.cphi-china.cn/assets/imgs/sp_mob.png"
"Ningbo Zhengli Pharmaceutical Packaging Co.,Ltd","7B27","China Mainland","Beauty & Cosmetics Supply Chain","https://www.pharmasources.com/company-home/ningbo-zhengli-pharmaceutical-packaging--userId-148066.html","https://exhibitors.cphi-china.cn/assets/imgs/sp_mob.png"
"NINGBO HERB PHARMA CORP.","7E11","China Mainland","Natural Supply","https://www.pharmasources.com/company-home/ningbo-herb-pharma-corp-userId-146329.html","https://exhibitors.cphi-china.cn/assets/imgs/sp_mob.png"
"Ningxia Labschem Co. LTD","9D30","China Mainland","Pharma Ingredients","https://www.pharmasources.com/company-home/ningxia-labschem-co-ltd-userId-143503.html","https://exhibitors.cphi-china.cn/assets/imgs/sp_mob.png"
"NINGXIA TAIYICIN BIOTECH CO.,LTD.","9H01","China Mainland","Pharma Ingredients","https://www.pharmasources.com/company-home/ningxia-taiyicin-biotech-coltd-userId-146829.html","https://exhibitors.cphi-china.cn/assets/imgs/sp_mob.png"
"NOA Inspection & Certification Group Ltd.","7C31-C3","China Mainland","Beauty & Cosmetics Supply Chain","https://www.pharmasources.com/company-home/noa-inspection-certification-group-ltd-userId-157515.html","https://exhibitors.cphi-china.cn/assets/imgs/sp_mob.png"
"PANJIN SHENGBO SILYMARIN EXTRACTING CO.,LTD.","7F23","China Mainland","Natural Supply","https://www.pharmasources.com/company-home/panjin-shengbo-silymarin-extracting-colt-userId-140220.html","https://exhibitors.cphi-china.cn/assets/imgs/sp_mob.png"
"PRENT (SHANGHAI) CO.,LTD","9C30","China Mainland","Packaging & Drug Delivery","https://www.pharmasources.com/company-home/prent-shanghai-coltd-userId-156359.html","https://exhibitors.cphi-china.cn/assets/imgs/sp_mob.png"
"Puyang Shenghuade Chemical Co., Ltd.","9M06","China Mainland","Pharma Ingredients","https://www.pharmasources.com/company-home/puyang-shenghuade-chemical-co-ltd-userId-141263.html","https://exhibitors.cphi-china.cn/assets/imgs/sp_mob.png"
"Puliyan (Nanjing) Medical Technology Co., Ltd.","7B15-B3","China Mainland","Beauty & Cosmetics Supply Chain","https://www.pharmasources.com/company-home/puliyan-nanjing-medical-technology-co-lt-userId-157559.html","https://exhibitors.cphi-china.cn/assets/imgs/sp_mob.png"
"QILU PHARMACEUTICAL GROUP","9E12","China Mainland","Pharma Ingredients","https://www.pharmasources.com/company-home/qilu-pharmaceutical-group-userId-139719.html","https://exhibitors.cphi-china.cn/assets/imgs/sp_mob.png"
"Qinhuangdao Huien Biotechnology Co., Ltd.","7C66","China Mainland","Natural Supply","https://www.pharmasources.com/company-home/qinhuangdao-huien-biotechnology-co-ltd-userId-156423.html","https://exhibitors.cphi-china.cn/assets/imgs/sp_mob.png"
"AH BIOPHARM CO., LTD.","9B70","China Mainland","Pharma Ingredients","https://www.pharmasources.com/company-home/ah-biopharm-co-ltd-userId-144294.html","https://exhibitors.cphi-china.cn/assets/imgs/sp_mob.png"
"Qingdao Baijing Metal Detection Technology Co.,Ltd.","8B81","China Mainland","Pharma Machinery & Packaging Machinery","https://www.pharmasources.com/company-home/qingdao-baijing-metal-detection-technolo-userId-141443.html","https://exhibitors.cphi-china.cn/assets/imgs/sp_mob.png"
"Qingdao BNP BioScience","7C21","China Mainland","Beauty & Cosmetics Supply Chain","https://www.pharmasources.com/company-home/qingdao-bnp-bioscience-userId-146324.html","https://exhibitors.cphi-china.cn/assets/imgs/sp_mob.png"
"Qingdao Biotemed Biomaterials Co., Ltd.","7B23","China Mainland","Beauty & Cosmetics Supply Chain","https://www.pharmasources.com/company-home/qingdao-biotemed-biomaterials-co-ltd-userId-156361.html","https://exhibitors.cphi-china.cn/assets/imgs/sp_mob.png"
"QINGDAO GUOHAI BIOPHARMACEUTICAL CO., LTD.","9K65","China Mainland","Finished Dosage","https://www.pharmasources.com/company-home/qingdao-guohai-biopharmaceutical-co-ltd-userId-140737.html","https://exhibitors.cphi-china.cn/assets/imgs/sp_mob.png"
"Qingdao Haoen Pharmaceutical Consumable Co., Ltd.","9A32","China Mainland","Packaging & Drug Delivery","https://www.pharmasources.com/company-home/qingdao-haoen-pharmaceutical-consumable--userId-145724.html","https://exhibitors.cphi-china.cn/assets/imgs/sp_mob.png"
"QINGDAO KINGWISH INTERNATIONAL TRADING CO LTD","9A80","China Mainland","Pharma Ingredients","https://www.pharmasources.com/company-home/qingdao-kingwish-international-trading-c-userId-140634.html","https://exhibitors.cphi-china.cn/assets/imgs/sp_mob.png"
"QINGDAO XUEJIE CHEMICALS CO.,LTD","9F76","China Mainland","Pharma Ingredients","https://www.pharmasources.com/company-home/qingdao-xuejie-chemicals-coltd-userId-140536.html","https://exhibitors.cphi-china.cn/assets/imgs/sp_mob.png"
"Qingdao ZolanBio Co.,Ltd","7F12","China Mainland","Natural Supply","https://www.pharmasources.com/company-home/qingdao-zolanbio-coltd-userId-146572.html","https://exhibitors.cphi-china.cn/assets/imgs/sp_mob.png"
"Qingzhou Guangyu Biotechnology Co., Ltd.","7A32","China Mainland","Beauty & Cosmetics Supply Chain","https://www.pharmasources.com/company-home/qingzhou-guangyu-biotechnology-co-ltd-userId-156684.html","https://exhibitors.cphi-china.cn/assets/imgs/sp_mob.png"
"K-STONE Cleanroom system Engineering (Suzhou) Co., Ltd.","8C53","China Mainland","Clean Technology","https://www.pharmasources.com/company-home/k-stone-cleanroom-system-engineering-suz-userId-146220.html","https://exhibitors.cphi-china.cn/assets/imgs/sp_mob.png"
"Crown Life (Xiamen) Technology Co., Ltd.","9F58","China Mainland","Pharma Ingredients","https://www.pharmasources.com/company-home/crown-life-xiamen-technology-co-ltd-userId-157600.html","https://exhibitors.cphi-china.cn/assets/imgs/sp_mob.png"
"QUFU BESTY PHARMA CO., LTD.","9I66","China Mainland","Pharma Excipients","https://www.pharmasources.com/company-home/qufu-besty-pharma-co-ltd-userId-156299.html","https://exhibitors.cphi-china.cn/assets/imgs/sp_mob.png"
"Qufu Tianli Medical Supplements Co., Ltd.","7E69","China Mainland","Natural Supply","https://www.pharmasources.com/company-home/qufu-tianli-medical-supplements-co-ltd-userId-156368.html","https://exhibitors.cphi-china.cn/assets/imgs/sp_mob.png"
"Joan Lab Equipment（zhejiang）Co.,Ltd","8G16","China Mainland","Laboratory Instruments & Equipment","https://www.pharmasources.com/company-home/joan-lab-equipmentzhejiangcoltd-userId-156131.html","https://exhibitors.cphi-china.cn/assets/imgs/sp_mob.png"
"Humanwell Healthcare (Group) Co.,Ltd.","9H56","China Mainland","Pharma Excipients","https://www.pharmasources.com/company-home/humanwell-healthcare-group-coltd-userId-143994.html","https://exhibitors.cphi-china.cn/assets/imgs/sp_mob.png"
"Rizhao GoldenBile Bio-Engineering Co,Ltd","7F26","China Mainland","Natural Supply","https://www.pharmasources.com/company-home/rizhao-goldenbile-bio-engineering-coltd-userId-157238.html","https://exhibitors.cphi-china.cn/assets/imgs/sp_mob.png"
"RUIAN JIANGHUA MACHINERY CO.,LTD","8A76","China Mainland","Pharma Machinery & Packaging Machinery","https://www.pharmasources.com/company-home/ruian-jianghua-machinery-coltd-userId-146289.html","https://exhibitors.cphi-china.cn/assets/imgs/sp_mob.png"
"Ruian Shengtai Machinery Co., Ltd","8F39","China Mainland","Pharma Machinery & Packaging Machinery","https://www.pharmasources.com/company-home/ruian-shengtai-machinery-co-ltd-userId-146273.html","https://exhibitors.cphi-china.cn/assets/imgs/sp_mob.png"
"Ruian Yongli Pharmaceutical Machinery CO., LTD","8G05","China Mainland","Pharma Machinery & Packaging Machinery","https://www.pharmasources.com/company-home/ruian-yongli-pharmaceutical-machinery-co-userId-143738.html","https://exhibitors.cphi-china.cn/assets/imgs/sp_mob.png"
"Rivocean Hubei Pharmaceutical Co., Ltd.","9H37","China Mainland","AI Tech & Contract Service","https://www.pharmasources.com/company-home/rivocean-hubei-pharmaceutical-co-ltd-userId-156688.html","https://exhibitors.cphi-china.cn/assets/imgs/sp_mob.png"
"RJM (Shandong) Biotechnology Co., Ltd.","7B19","China Mainland","Beauty & Cosmetics Supply Chain","https://www.pharmasources.com/company-home/rjm-shandong-biotechnology-co-ltd-userId-157505.html","https://exhibitors.cphi-china.cn/assets/imgs/sp_mob.png"
"Laboratories Hyamed SA","7B15-B6","China Mainland","Beauty & Cosmetics Supply Chain","https://www.pharmasources.com/company-home/laboratories-hyamed-sa-userId-157561.html","https://exhibitors.cphi-china.cn/assets/imgs/sp_mob.png"
"RUIYIXIANG HANGZHOU IMP.& EXP.CO.,LTD","9F75","China Mainland","Pharma Ingredients","https://www.pharmasources.com/company-home/ruiyixiang-hangzhou-imp-expcoltd-userId-144390.html","https://exhibitors.cphi-china.cn/assets/imgs/sp_mob.png"
"ReaLi Tide Biological Technology (Weihai) Co., Ltd.","9K50","China Mainland","Biotech","https://www.pharmasources.com/company-home/reali-tide-biological-technology-weihai--userId-147453.html","https://exhibitors.cphi-china.cn/assets/imgs/sp_mob.png"
"Sanshi (Tianjin) Chemical Technology Co., Ltd.","9I75","China Mainland","Pharma Excipients","https://www.pharmasources.com/company-home/sanshi-tianjin-chemical-technology-co-lt-userId-157460.html","https://exhibitors.cphi-china.cn/assets/imgs/sp_mob.png"
"AMHWA BIOPHARM CO., LTD.","9L33","China Mainland","Biotech","https://www.pharmasources.com/company-home/amhwa-biopharm-co-ltd-userId-146397.html","https://exhibitors.cphi-china.cn/assets/imgs/sp_mob.png"
"SHAN DONG ANTONG MEDICAL INSTRUMENTS CO.,LTD.","7A26","China Mainland","Beauty & Cosmetics Supply Chain","https://www.pharmasources.com/company-home/shan-dong-antong-medical-instruments-col-userId-156896.html","https://exhibitors.cphi-china.cn/assets/imgs/sp_mob.png"
"Shandong Nutranexa Biopharmaceutical Co.,Ltd","7F57","China Mainland","Natural Supply","https://www.pharmasources.com/company-home/shandong-nutranexa-biopharmaceutical-col-userId-143770.html","https://exhibitors.cphi-china.cn/assets/imgs/sp_mob.png"
"Shandong Binzhou Zhiyuan Biotechnology Co., Ltd","9H76","China Mainland","Pharma Excipients","https://www.pharmasources.com/company-home/shandong-binzhou-zhiyuan-biotechnology-c-userId-148059.html","https://exhibitors.cphi-china.cn/assets/imgs/sp_mob.png"
"SHANDONG BOYUAN PHARMACEUTICAL CO.,LTD.","9D76","China Mainland","Pharma Ingredients","https://www.pharmasources.com/company-home/shandong-boyuan-pharmaceutical-coltd-userId-142139.html","https://exhibitors.cphi-china.cn/assets/imgs/sp_mob.png"
"Shandong Boyuan Advanced Materials Co.,Ltd.","9E87","China Mainland","Pharma Ingredients","https://www.pharmasources.com/company-home/shandong-boyuan-advanced-materials-coltd-userId-141604.html","https://exhibitors.cphi-china.cn/assets/imgs/sp_mob.png"
"CHENGHUI PHARMACEUTICAL GROUP LTD","9D90","China Mainland","Pharma Ingredients","https://www.pharmasources.com/company-home/chenghui-pharmaceutical-group-ltd-userId-140058.html","https://exhibitors.cphi-china.cn/assets/imgs/sp_mob.png"
"Shandong Chuancheng Pharmaceutical Co.,Ltd.","9D62","China Mainland","Pharma Ingredients","https://www.pharmasources.com/company-home/shandong-chuancheng-pharmaceutical-coltd-userId-143180.html","https://exhibitors.cphi-china.cn/assets/imgs/sp_mob.png"
"Shandong Dinghao Biotechnology Co., Ltd.","9E70","China Mainland","Pharma Ingredients","https://www.pharmasources.com/company-home/shandong-dinghao-biotechnology-co-ltd-userId-146652.html","https://exhibitors.cphi-china.cn/assets/imgs/sp_mob.png"
"Shandong Donglai Precision Instrument Co., Ltd","8E50","China Mainland","Laboratory Instruments & Equipment","https://www.pharmasources.com/company-home/shandong-donglai-precision-instrument-co-userId-145918.html","https://exhibitors.cphi-china.cn/assets/imgs/sp_mob.png"
"D-NUTRIMEC","7B15-A5","China Mainland","Beauty & Cosmetics Supply Chain","https://www.pharmasources.com/company-home/d-nutrimec-userId-157543.html","https://exhibitors.cphi-china.cn/assets/imgs/sp_mob.png"
"SHANDONG GEYAN BIO TECHNOLOGIES CO.,LTD","8F60","China Mainland","Laboratory Instruments & Equipment","https://www.pharmasources.com/company-home/shandong-geyan-bio-technologies-coltd-userId-147001.html","https://exhibitors.cphi-china.cn/assets/imgs/sp_mob.png"
"Shandong Guanghao Biological Products Co., Ltd","7C62","China Mainland","Natural Supply","https://www.pharmasources.com/company-home/shandong-guanghao-biological-products-co-userId-141268.html","https://exhibitors.cphi-china.cn/assets/imgs/sp_mob.png"
"SHANDONG HENGXIN BIOTECH CO.,LTD.","7B26","China Mainland","Beauty & Cosmetics Supply Chain","https://www.pharmasources.com/company-home/shandong-hengxin-biotech-coltd-userId-142566.html","https://exhibitors.cphi-china.cn/assets/imgs/sp_mob.png"
"Shandong Huazhilin Pharmaceutical Technology Co., Ltd.","9C15","China Mainland","Packaging & Drug Delivery","https://www.pharmasources.com/company-home/shandong-huazhilin-pharmaceutical-techno-userId-146439.html","https://exhibitors.cphi-china.cn/assets/imgs/sp_mob.png"
"Shandong Jiequn Pharmaceutical Co., Ltd.","7F58","China Mainland","Natural Supply","https://www.pharmasources.com/company-home/shandong-jiequn-pharmaceutical-co-ltd-userId-146492.html","https://exhibitors.cphi-china.cn/assets/imgs/sp_mob.png"
"Shandong Jinde New Materials Co., Ltd.","8E70","China Mainland","Laboratory Instruments & Equipment","https://www.pharmasources.com/company-home/shandong-jinde-new-materials-co-ltd-userId-147477.html","https://exhibitors.cphi-china.cn/assets/imgs/sp_mob.png"
"Shandong Jinnuo New Materials Technology Co., Ltd","9D87","China Mainland","Pharma Ingredients","https://www.pharmasources.com/company-home/shandong-jinnuo-new-materials-technology-userId-146660.html","https://exhibitors.cphi-china.cn/assets/imgs/sp_mob.png"
"Shandong Jingheng Yuxin Medical Equipment Co., Ltd.","8G90","China Mainland","Pharma Machinery & Packaging Machinery","https://www.pharmasources.com/company-home/shandong-jingheng-yuxin-medical-equipmen-userId-147112.html","https://exhibitors.cphi-china.cn/assets/imgs/sp_mob.png"
"Shandong Eagle Pharma Machinery Co.,Ltd.","8F07","China Mainland","Pharma Machinery & Packaging Machinery","https://www.pharmasources.com/company-home/shandong-eagle-pharma-machinery-coltd-userId-141022.html","https://exhibitors.cphi-china.cn/assets/imgs/sp_mob.png"
"Shandong Juntai Pharmaceutical Co., LTD.","9H50","China Mainland","AI Tech & Contract Service","https://www.pharmasources.com/company-home/shandong-juntai-pharmaceutical-co-ltd-userId-147543.html","https://exhibitors.cphi-china.cn/assets/imgs/sp_mob.png"
"Shandong Lanmo Biotech Co.,Ltd","7D50","China Mainland","Natural Supply","https://www.pharmasources.com/company-home/shandong-lanmo-biotech-coltd-userId-146532.html","https://exhibitors.cphi-china.cn/assets/imgs/sp_mob.png"
"SHANDONG LUKANG PHARMACEUTICAL CO., LTD.","9K66","China Mainland","Finished Dosage","https://www.pharmasources.com/company-home/shandong-lukang-pharmaceutical-co-ltd-userId-146445.html","https://exhibitors.cphi-china.cn/assets/imgs/sp_mob.png"
"Shandong Maglory Biotechnology Co., Ltd","9L12","China Mainland","Pharma Ingredients","https://www.pharmasources.com/company-home/shandong-maglory-biotechnology-co-ltd-userId-157477.html","https://exhibitors.cphi-china.cn/assets/imgs/sp_mob.png"
"Shandong Runde Biotechnology Co., Ltd","7D27","China Mainland","Natural Supply","https://www.pharmasources.com/company-home/shandong-runde-biotechnology-co-ltd-userId-145412.html","https://exhibitors.cphi-china.cn/assets/imgs/sp_mob.png"
"SHANDONG SENJIE CLEANTECH CO., LTD.","8B69","China Mainland","Clean Technology","https://www.pharmasources.com/company-home/shandong-senjie-cleantech-co-ltd-userId-156998.html","https://exhibitors.cphi-china.cn/assets/imgs/sp_mob.png"
"SHANDONG SHEELIAN PHARMACEUTICAL CO., LTD","9E33","China Mainland","Pharma Ingredients","https://www.pharmasources.com/company-home/shandong-sheelian-pharmaceutical-co-ltd-userId-142333.html","https://exhibitors.cphi-china.cn/assets/imgs/sp_mob.png"
"Shandong Sihuan Pharmaceutical Co.,Ltd.","9A37","China Mainland","Pharma Ingredients","https://www.pharmasources.com/company-home/shandong-sihuan-pharmaceutical-coltd-userId-140557.html","https://exhibitors.cphi-china.cn/assets/imgs/sp_mob.png"
"Shandong Tianyin Biotechnology Co., Ltd.","7D38","China Mainland","Natural Supply","https://www.pharmasources.com/company-home/shandong-tianyin-biotechnology-co-ltd-userId-140711.html","https://exhibitors.cphi-china.cn/assets/imgs/sp_mob.png"
"Shandong Shinva Medical Instrument Co., Ltd.","8D22","China Mainland","Smart Manufacturing","https://www.pharmasources.com/company-home/shandong-shinva-medical-instrument-co-lt-userId-146788.html","https://exhibitors.cphi-china.cn/assets/imgs/sp_mob.png"
"SHANDONG SMA PHARMATECH Co., Ltd","8D22","China Mainland","Smart Manufacturing","https://www.pharmasources.com/company-home/shandong-sma-pharmatech-co-ltd-userId-147520.html","https://exhibitors.cphi-china.cn/assets/imgs/sp_mob.png"
"Shandong Shining Pharm Co.,Ltd.","9M28","China Mainland","Pharma Ingredients","https://www.pharmasources.com/company-home/shandong-shining-pharm-coltd-userId-148372.html","https://exhibitors.cphi-china.cn/assets/imgs/sp_mob.png"
"SHANDONG YAKANG PHARMACEUTICAL CO., LTD.","9K79","China Mainland","Finished Dosage","https://www.pharmasources.com/company-home/shandong-yakang-pharmaceutical-co-ltd-userId-148330.html","https://exhibitors.cphi-china.cn/assets/imgs/sp_mob.png"
"Shandong Yanhe Chemical Co., Ltd","9J96","China Mainland","Pharma Ingredients","https://www.pharmasources.com/company-home/shandong-yanhe-chemical-co-ltd-userId-146633.html","https://exhibitors.cphi-china.cn/assets/imgs/sp_mob.png"
"Shandong Yino Biologic Materials Co.,Ltd.","9F79","China Mainland","Pharma Ingredients","https://www.pharmasources.com/company-home/shandong-yino-biologic-materials-coltd-userId-143194.html","https://exhibitors.cphi-china.cn/assets/imgs/sp_mob.png"
"Shandong Ujoin Medical Technology Co., Ltd.","9P12","China Mainland","Packaging & Drug Delivery","https://www.pharmasources.com/company-home/shandong-ujoin-medical-technology-co-ltd-userId-143720.html","https://exhibitors.cphi-china.cn/assets/imgs/sp_mob.png"
"Shandong UKFLOW machinery co., ltd","8F55","China Mainland","Laboratory Instruments & Equipment","https://www.pharmasources.com/company-home/shandong-ukflow-machinery-co-ltd-userId-147911.html","https://exhibitors.cphi-china.cn/assets/imgs/sp_mob.png"
"Shandong Zhonghuan Zhongjie Biotechnology Co., Ltd","9I82","China Mainland","Pharma Excipients","https://www.pharmasources.com/company-home/shandong-zhonghuan-zhongjie-biotechnolog-userId-156737.html","https://exhibitors.cphi-china.cn/assets/imgs/sp_mob.png"
"SHANDONG TOPSCIENCE BIOTECH CO., LTD.","9J36","China Mainland","Biotech","https://www.pharmasources.com/company-home/shandong-topscience-biotech-co-ltd-userId-140204.html","https://exhibitors.cphi-china.cn/assets/imgs/sp_mob.png"
"Shandong Zhongshan Photoelectric Material Co.,Ltd","9M17","China Mainland","Pharma Ingredients","https://www.pharmasources.com/company-home/shandong-zhongshan-photoelectric-materia-userId-148032.html","https://exhibitors.cphi-china.cn/assets/imgs/sp_mob.png"
"JINBO BIO-PHARMACEUTICAL CORPORATION LlMITED","7B15-B1","China Mainland","Beauty & Cosmetics Supply Chain","https://www.pharmasources.com/company-home/jinbo-bio-pharmaceutical-corporation-llm-userId-157574.html","https://exhibitors.cphi-china.cn/assets/imgs/sp_mob.png"
"Shanxi Shuangyan Pharmaceutical Co .,Ltd.","9T88","China Mainland","Pharma Ingredients","https://www.pharmasources.com/company-home/shanxi-shuangyan-pharmaceutical-co-ltd-userId-146394.html","https://exhibitors.cphi-china.cn/assets/imgs/sp_mob.png"
"SHANXI YONGJIN GROUP CO LTD","9L25","China Mainland","Pharma Ingredients","https://www.pharmasources.com/company-home/shanxi-yongjin-group-co-ltd-userId-141109.html","https://exhibitors.cphi-china.cn/assets/imgs/sp_mob.png"
"Shaanxi Baoxin Pharmaceutical Co.,Ltd.","9K87","China Mainland","Pharma Ingredients","https://www.pharmasources.com/company-home/shaanxi-baoxin-pharmaceutical-coltd-userId-144424.html","https://exhibitors.cphi-china.cn/assets/imgs/sp_mob.png"
"Shaanxi Bodi Plastic Co., Ltd.","9A25","China Mainland","Packaging & Drug Delivery","https://www.pharmasources.com/company-home/shaanxi-bodi-plastic-co-ltd-userId-145274.html","https://exhibitors.cphi-china.cn/assets/imgs/sp_mob.png"
"SHAANXI BOLIN BIOTECHNOLOGY CO.,LTD.","7B39","China Mainland","Natural Supply","https://www.pharmasources.com/company-home/shaanxi-bolin-biotechnology-coltd-userId-157587.html","https://exhibitors.cphi-china.cn/assets/imgs/sp_mob.png"
"FocusHerb Corp","7D31","China Mainland","Natural Supply","https://www.pharmasources.com/company-home/focusherb-corp-userId-142181.html","https://exhibitors.cphi-china.cn/assets/imgs/sp_mob.png"
"Shaanxi Hanxuan Phytochem Co.,Ltd.","7C31-B1","China Mainland","Beauty & Cosmetics Supply Chain","https://www.pharmasources.com/company-home/shaanxi-hanxuan-phytochem-coltd-userId-157577.html","https://exhibitors.cphi-china.cn/assets/imgs/sp_mob.png"
"JHD GLOBAL","7F35","China Mainland","Natural Supply","https://www.pharmasources.com/company-home/jhd-global-userId-144952.html","https://exhibitors.cphi-china.cn/assets/imgs/sp_mob.png"
"Shaanxi Hongda Phytochemistry Co., Ltd.","7B37","China Mainland","Natural Supply","https://www.pharmasources.com/company-home/shaanxi-hongda-phytochemistry-co-ltd-userId-139944.html","https://exhibitors.cphi-china.cn/assets/imgs/sp_mob.png"
"Shaanxi Huasen Shengbang Technology Co., Ltd","7D59","China Mainland","Natural Supply","https://www.pharmasources.com/company-home/shaanxi-huasen-shengbang-technology-co-l-userId-156816.html","https://exhibitors.cphi-china.cn/assets/imgs/sp_mob.png"
"SHAANXI KEPLER BIOTECH CO.,LTD","7F33","China Mainland","Natural Supply","https://www.pharmasources.com/company-home/shaanxi-kepler-biotech-coltd-userId-147526.html","https://exhibitors.cphi-china.cn/assets/imgs/sp_mob.png"
"Shaanxi LonierHerb Bio-Technology Co., Ltd.","7F22","China Mainland","Natural Supply","https://www.pharmasources.com/company-home/shaanxi-lonierherb-bio-technology-co-ltd-userId-156145.html","https://exhibitors.cphi-china.cn/assets/imgs/sp_mob.png"
"Shaanxi Green Bio-Engineering Co., Ltd","7F52","China Mainland","Natural Supply","https://www.pharmasources.com/company-home/shaanxi-green-bio-engineering-co-ltd-userId-147462.html","https://exhibitors.cphi-china.cn/assets/imgs/sp_mob.png"
"Shaanxi Runze Xinqi Biotechnology Co., Ltd. Profile","7D55","China Mainland","Natural Supply","https://www.pharmasources.com/company-home/shaanxi-runze-xinqi-biotechnology-co-ltd-userId-156087.html","https://exhibitors.cphi-china.cn/assets/imgs/sp_mob.png"
"Shaanxi Sheng'ao Animal Pharmaceutical Co., Ltd.","9J56","China Mainland","Finished Dosage","https://www.pharmasources.com/company-home/shaanxi-shengao-animal-pharmaceutical-co-userId-157418.html","https://exhibitors.cphi-china.cn/assets/imgs/sp_mob.png"
"Xi'an Tianxingjian Natural Bio-products Co., Ltd","7C37","China Mainland","Natural Supply","https://www.pharmasources.com/company-home/xian-tianxingjian-natural-bio-products-c-userId-147804.html","https://exhibitors.cphi-china.cn/assets/imgs/sp_mob.png"
"Shaanxi Day Natural Inc","7C28","China Mainland","Natural Supply","https://www.pharmasources.com/company-home/shaanxi-day-natural-inc-userId-156143.html","https://exhibitors.cphi-china.cn/assets/imgs/sp_mob.png"
"Thankcome Biological Science and Technology Suzhou Co., LTD.","7F62","China Mainland","Natural Supply","https://www.pharmasources.com/company-home/thankcome-biological-science-and-technol-userId-157525.html","https://exhibitors.cphi-china.cn/assets/imgs/sp_mob.png"
"Shangqiu Shama Biotechnology Co., Ltd","7N22","China Mainland","Natural Supply","https://www.pharmasources.com/company-home/shangqiu-shama-biotechnology-co-ltd-userId-157503.html","https://exhibitors.cphi-china.cn/assets/imgs/sp_mob.png"
"Shangshuai Business School","7H05","China Mainland","Beauty & Cosmetics Supply Chain","",""
"Shanghai Al-Amin Consultant Co., Ltd","7C51","China Mainland","Beauty & Cosmetics Supply Chain","https://www.pharmasources.com/company-home/shanghai-al-amin-consultant-co-ltd-userId-145702.html","https://exhibitors.cphi-china.cn/assets/imgs/sp_mob.png"
"Shanghai IVEN Pharmatech Engineering Co., Ltd.","8A17","China Mainland","Pharma Machinery & Packaging Machinery","https://www.pharmasources.com/company-home/shanghai-iven-pharmatech-engineering-co--userId-143058.html","https://exhibitors.cphi-china.cn/assets/imgs/sp_mob.png"
"Shanghai Adaman International Co., Ltd.","7A31","China Mainland","Beauty & Cosmetics Supply Chain","https://www.pharmasources.com/company-home/shanghai-adaman-international-co-ltd-userId-145895.html","https://exhibitors.cphi-china.cn/assets/imgs/sp_mob.png"
"SHANGHAI AIDU BIOTECHNOLOGY CO.LTD","7E57","China Mainland","Natural Supply","https://www.pharmasources.com/company-home/shanghai-aidu-biotechnology-coltd-userId-140224.html","https://exhibitors.cphi-china.cn/assets/imgs/sp_mob.png"
"SHANGHAI BAINUO PUMPS&VALVES CO.LTD.","8Q11","China Mainland","Pharma Machinery & Packaging Machinery","https://www.pharmasources.com/company-home/shanghai-bainuo-pumpsvalves-coltd-userId-141909.html","https://exhibitors.cphi-china.cn/assets/imgs/sp_mob.png"
"Biocompounds Pharmaceutical Inc.","9E59","China Mainland","Pharma Ingredients","https://www.pharmasources.com/company-home/biocompounds-pharmaceutical-inc-userId-141334.html","https://exhibitors.cphi-china.cn/assets/imgs/sp_mob.png"
"Shanghai Bioman Pharma Limited","9H59","China Mainland","Pharma Ingredients","https://www.pharmasources.com/company-home/shanghai-bioman-pharma-limited-userId-144227.html","https://exhibitors.cphi-china.cn/assets/imgs/sp_mob.png"
"Shanghai BociMed Pharmaceutical Research Co.,LTD","9K59","China Mainland","Finished Dosage","https://www.pharmasources.com/company-home/shanghai-bocimed-pharmaceutical-research-userId-142549.html","https://exhibitors.cphi-china.cn/assets/imgs/sp_mob.png"
"Shanghai Sunrise Chemical Co., Ltd.","9I35","China Mainland","AI Tech & Contract Service","https://www.pharmasources.com/company-home/shanghai-sunrise-chemical-co-ltd-userId-141527.html","https://exhibitors.cphi-china.cn/assets/imgs/sp_mob.png"
"Shanghai Acebright Pharmaceuticals Group Co., Ltd.","9C01","China Mainland","Pharma Ingredients","https://www.pharmasources.com/company-home/shanghai-acebright-pharmaceuticals-group-userId-146305.html","https://exhibitors.cphi-china.cn/assets/imgs/sp_mob.png"
"Shanghai Dongyue Biochem Co., Ltd.","9E15","China Mainland","Pharma Ingredients","https://www.pharmasources.com/company-home/shanghai-dongyue-biochem-co-ltd-userId-139791.html","https://exhibitors.cphi-china.cn/assets/imgs/sp_mob.png"
"Shanghai Forxine Pharmaceutical.Co.,Ltd.","9D70","China Mainland","Pharma Ingredients","https://www.pharmasources.com/company-home/shanghai-forxine-pharmaceuticalcoltd-userId-141930.html","https://exhibitors.cphi-china.cn/assets/imgs/sp_mob.png"
"Shanghai Hanhong Scientific Co.,Ltd.","9H72","China Mainland","Pharma Ingredients","https://www.pharmasources.com/company-home/shanghai-hanhong-scientific-coltd-userId-141735.html","https://exhibitors.cphi-china.cn/assets/imgs/sp_mob.png"
"Shanghai Haohai Biological Technology Co., Ltd.","7B15-B5","China Mainland","Beauty & Cosmetics Supply Chain","https://www.pharmasources.com/company-home/shanghai-haohai-biological-technology-co-userId-144615.html","https://exhibitors.cphi-china.cn/assets/imgs/sp_mob.png"
"Shanghai Hope-chem Co.,Ltd.","9I96","China Mainland","Pharma Ingredients","https://www.pharmasources.com/company-home/shanghai-hope-chem-coltd-userId-143845.html","https://exhibitors.cphi-china.cn/assets/imgs/sp_mob.png"
"Shanghai Hugang Vacuum Pumps Produce Co.,Ltd.","8A11","China Mainland","Pharma Machinery & Packaging Machinery","https://www.pharmasources.com/company-home/shanghai-hugang-vacuum-pumps-produce-col-userId-146270.html","https://exhibitors.cphi-china.cn/assets/imgs/sp_mob.png"
"Shanghai Huxi Industry Co., Ltd.,","8G31","China Mainland","Laboratory Instruments & Equipment","https://www.pharmasources.com/company-home/shanghai-huxi-industry-co-ltd-userId-146272.html","https://exhibitors.cphi-china.cn/assets/imgs/sp_mob.png"
"SHANGHAI HUAMAO PHARMACEUTICAL CO., LTD.","7B52","China Mainland","Beauty & Cosmetics Supply Chain","https://www.pharmasources.com/company-home/shanghai-huamao-pharmaceutical-co-ltd-userId-141141.html","https://exhibitors.cphi-china.cn/assets/imgs/sp_mob.png"
"SHANGHAI HUAQI INDUSTRY CO.,LTD","9P18","China Mainland","Packaging & Drug Delivery","https://www.pharmasources.com/company-home/shanghai-huaqi-industry-coltd-userId-142312.html","https://exhibitors.cphi-china.cn/assets/imgs/sp_mob.png"
"Shanghai Huayin Machinery Co.,Ltd.","8P50","China Mainland","Pharma Machinery & Packaging Machinery","https://www.pharmasources.com/company-home/shanghai-huayin-machinery-coltd-userId-143645.html","https://exhibitors.cphi-china.cn/assets/imgs/sp_mob.png"
"Shanghai Trifecta Pharma Co.,Ltd","9J70","China Mainland","Finished Dosage","https://www.pharmasources.com/company-home/shanghai-trifecta-pharma-coltd-userId-141454.html","https://exhibitors.cphi-china.cn/assets/imgs/sp_mob.png"
"Shanghai Candy Machine Co., Ltd.","8F90","China Mainland","Pharma Machinery & Packaging Machinery","https://www.pharmasources.com/company-home/shanghai-candy-machine-co-ltd-userId-157535.html","https://exhibitors.cphi-china.cn/assets/imgs/sp_mob.png"
"SHANGHAI KODILIN TECHNOLOGY CO., LTD.","7D69","China Mainland","Natural Supply","https://www.pharmasources.com/company-home/shanghai-kodilin-technology-co-ltd-userId-156956.html","https://exhibitors.cphi-china.cn/assets/imgs/sp_mob.png"
"Shanghai Kesi Packaging Machinery Co.,Ltd.","9M56","China Mainland","Pharma Machinery & Packaging Machinery","https://www.pharmasources.com/company-home/shanghai-kesi-packaging-machinery-coltd-userId-141574.html","https://exhibitors.cphi-china.cn/assets/imgs/sp_mob.png"
"SHANGHAI RAAS BLOOD PRODUCTS CO.,LTD.","9J38","China Mainland","Biotech","https://www.pharmasources.com/company-home/shanghai-raas-blood-products-coltd-userId-157100.html","https://exhibitors.cphi-china.cn/assets/imgs/sp_mob.png"
"Shanghai Record Pharmaceuticals Co., Ltd.","9I21","China Mainland","Pharma Ingredients","https://www.pharmasources.com/company-home/shanghai-record-pharmaceuticals-co-ltd-userId-148116.html","https://exhibitors.cphi-china.cn/assets/imgs/sp_mob.png"
"Shanghai Lianlu Industrial Co.,Ltd.","9F82","China Mainland","Pharma Ingredients","https://www.pharmasources.com/company-home/shanghai-lianlu-industrial-coltd-userId-140954.html","https://exhibitors.cphi-china.cn/assets/imgs/sp_mob.png"
"Shanghai Neelikon Food Dyes & Chemicals Ltd.","9H82","China Mainland","Pharma Excipients","https://www.pharmasources.com/company-home/shanghai-neelikon-food-dyes-chemicals-lt-userId-144311.html","https://exhibitors.cphi-china.cn/assets/imgs/sp_mob.png"
"Shanghai Pallet Plastic Industry Co. , Ltd","9P09","China Mainland","Packaging & Drug Delivery","https://www.pharmasources.com/company-home/shanghai-pallet-plastic-industry-co-ltd-userId-147583.html","https://exhibitors.cphi-china.cn/assets/imgs/sp_mob.png"
"SHANGHAI PLUMINO AMINO ACID CO., LTD.","9M39","China Mainland","Biotech","https://www.pharmasources.com/company-home/shanghai-plumino-amino-acid-co-ltd-userId-156141.html","https://exhibitors.cphi-china.cn/assets/imgs/sp_mob.png"
"Shanghai nucbiotech Co., Ltd.","7F20","China Mainland","Natural Supply","https://www.pharmasources.com/company-home/shanghai-nucbiotech-co-ltd-userId-156859.html","https://exhibitors.cphi-china.cn/assets/imgs/sp_mob.png"
"Shanghai Tablet Press Mechanical Componen","8D06","China Mainland","Smart Manufacturing","https://www.pharmasources.com/company-home/shanghai-tablet-press-mechanical-compone-userId-141178.html","https://exhibitors.cphi-china.cn/assets/imgs/sp_mob.png"
"Shanghai Weiyuan Fine Fluorine S. & D. Co., LTD.","9E88","China Mainland","Pharma Ingredients","https://www.pharmasources.com/company-home/shanghai-weiyuan-fine-fluorine-s-d-co-lt-userId-147017.html","https://exhibitors.cphi-china.cn/assets/imgs/sp_mob.png"
"Shanghai WEIPU Testing Technology Group Co., LTD.","7C31-C1","China Mainland","Beauty & Cosmetics Supply Chain","https://www.pharmasources.com/company-home/shanghai-weipu-testing-technology-group--userId-142434.html","https://exhibitors.cphi-china.cn/assets/imgs/sp_mob.png"
"Shanghai Vigovita Biotech Co., Ltd.","9E90","China Mainland","Pharma Ingredients","https://www.pharmasources.com/company-home/shanghai-vigovita-biotech-co-ltd-userId-145406.html","https://exhibitors.cphi-china.cn/assets/imgs/sp_mob.png"
"SHANGHAI SINA LIGHT INDUSTRY MECHANICAL DEVICE CO.,LTD","8A39","China Mainland","Pharma Machinery & Packaging Machinery","https://www.pharmasources.com/company-home/shanghai-sina-light-industry-mechanical--userId-144646.html","https://exhibitors.cphi-china.cn/assets/imgs/sp_mob.png"
"Shanghai InnoPac Medical Technology Co.,Ltd","9A12","China Mainland","Packaging & Drug Delivery","https://www.pharmasources.com/company-home/shanghai-innopac-medical-technology-colt-userId-146352.html","https://exhibitors.cphi-china.cn/assets/imgs/sp_mob.png"
"Shanghai Yabaiyan Medical Technology Co., Ltd","7B15-A6","China Mainland","Beauty & Cosmetics Supply Chain","https://www.pharmasources.com/company-home/shanghai-yabaiyan-medical-technology-co--userId-157533.html","https://exhibitors.cphi-china.cn/assets/imgs/sp_mob.png"
"SHANGHAI YIHENG INSTRUMENTS CO., LTD.","8F50","China Mainland","Laboratory Instruments & Equipment","https://www.pharmasources.com/company-home/shanghai-yiheng-instruments-co-ltd-userId-147926.html","https://exhibitors.cphi-china.cn/assets/imgs/sp_mob.png"
"Shanghai En Xutai Biotechnology Co.,Ltd.","9L36","China Mainland","Biotech","https://www.pharmasources.com/company-home/shanghai-en-xutai-biotechnology-coltd-userId-156380.html","https://exhibitors.cphi-china.cn/assets/imgs/sp_mob.png"
"eSonics Group","9A15","China Mainland","Packaging & Drug Delivery","https://www.pharmasources.com/company-home/esonics-group-userId-144130.html","https://exhibitors.cphi-china.cn/assets/imgs/sp_mob.png"
"Shanghai E & Long Chemical Co., Ltd.","9D80","China Mainland","Pharma Ingredients","https://www.pharmasources.com/company-home/shanghai-e-long-chemical-co-ltd-userId-145297.html","https://exhibitors.cphi-china.cn/assets/imgs/sp_mob.png"
"YinChin Automation Group","8P26","China Mainland","Pharma Machinery & Packaging Machinery","https://www.pharmasources.com/company-home/yinchin-automation-group-userId-157455.html","https://exhibitors.cphi-china.cn/assets/imgs/sp_mob.png"
"Shanghai Yingqi Desiccant Co., Ltd.","9D25","China Mainland","Packaging & Drug Delivery","https://www.pharmasources.com/company-home/shanghai-yingqi-desiccant-co-ltd-userId-146953.html","https://exhibitors.cphi-china.cn/assets/imgs/sp_mob.png"
"Shanghai Unique Machinery Technology Co.,Ltd.","8C06","China Mainland","Smart Manufacturing","https://www.pharmasources.com/company-home/shanghai-unique-machinery-technology-col-userId-140655.html","https://exhibitors.cphi-china.cn/assets/imgs/sp_mob.png"
"Shanghai Yoke Instrument Co., Ltd.","8G72","China Mainland","Laboratory Instruments & Equipment","https://www.pharmasources.com/company-home/shanghai-yoke-instrument-co-ltd-userId-146611.html","https://exhibitors.cphi-china.cn/assets/imgs/sp_mob.png"
"Shanghai Yunzi Medicine Technology Co. Ltd.","9I20","China Mainland","AI Tech & Contract Service","https://www.pharmasources.com/company-home/shanghai-yunzi-medicine-technology-co-lt-userId-156192.html","https://exhibitors.cphi-china.cn/assets/imgs/sp_mob.png"
"HQ Pharma","9K76","China Mainland","Finished Dosage","https://www.pharmasources.com/company-home/hq-pharma-userId-147055.html","https://exhibitors.cphi-china.cn/assets/imgs/sp_mob.png"
"SUPMAKE TECHNOLOGY CO.,LTD.","9P16","China Mainland","Packaging & Drug Delivery","https://www.pharmasources.com/company-home/supmake-technology-coltd-userId-156652.html","https://exhibitors.cphi-china.cn/assets/imgs/sp_mob.png"
"SHAOXING HANTAI PHARMACEUTICAL CO., LTD.","9I79","China Mainland","Pharma Excipients","https://www.pharmasources.com/company-home/shaoxing-hantai-pharmaceutical-co-ltd-userId-156755.html","https://exhibitors.cphi-china.cn/assets/imgs/sp_mob.png"
"MINSHENG GROUP SHAOXING PHARMACEUTICAL CO.,LTD","9H33","China Mainland","AI Tech & Contract Service","https://www.pharmasources.com/company-home/minsheng-group-shaoxing-pharmaceutical-c-userId-139899.html","https://exhibitors.cphi-china.cn/assets/imgs/sp_mob.png"
"Shaoxing Zejun Pharmaceuticals Co.,Ltd","9G60","China Mainland","Pharma Ingredients","https://www.pharmasources.com/company-home/shaoxing-zejun-pharmaceuticals-coltd-userId-146838.html","https://exhibitors.cphi-china.cn/assets/imgs/sp_mob.png"
"SHENZHEN AGILEEN TECHNOLOGIES CO.,LTD","8A79","China Mainland","Pharma Machinery & Packaging Machinery","https://www.pharmasources.com/company-home/shenzhen-agileen-technologies-coltd-userId-157480.html","https://exhibitors.cphi-china.cn/assets/imgs/sp_mob.png"
"BIOCOMMA LIMITED","9M32","China Mainland","Biotech","https://www.pharmasources.com/company-home/biocomma-limited-userId-157570.html","https://exhibitors.cphi-china.cn/assets/imgs/sp_mob.png"
"HYBIO PHARMACEUTICAL CO., LTD.","9M33","China Mainland","Biotech","https://www.pharmasources.com/company-home/hybio-pharmaceutical-co-ltd-userId-146317.html","https://exhibitors.cphi-china.cn/assets/imgs/sp_mob.png"
"Shenzhen Kangtai Biological Products Co.,Ltd.","9L37","China Mainland","Biotech","https://www.pharmasources.com/company-home/shenzhen-kangtai-biological-products-col-userId-146496.html","https://exhibitors.cphi-china.cn/assets/imgs/sp_mob.png"
"Shenzhen LiYing Biotechnology Co., ltd","7C31-B2","China Mainland","Beauty & Cosmetics Supply Chain","https://www.pharmasources.com/company-home/shenzhen-liying-biotechnology-co-ltd-userId-157545.html","https://exhibitors.cphi-china.cn/assets/imgs/sp_mob.png"
"Global Starway Synergy Co.,Ltd.","9L39","China Mainland","Biotech","https://www.pharmasources.com/company-home/global-starway-synergy-coltd-userId-145426.html","https://exhibitors.cphi-china.cn/assets/imgs/sp_mob.png"
"Readline Biotech","9K39","China Mainland","Biotech","https://www.pharmasources.com/company-home/readline-biotech-userId-146314.html","https://exhibitors.cphi-china.cn/assets/imgs/sp_mob.png"
"Shenzhen Senbai Pharmaceutical Biotechnology Co., Ltd.","7B21","China Mainland","Beauty & Cosmetics Supply Chain","https://www.pharmasources.com/company-home/shenzhen-senbai-pharmaceutical-biotechno-userId-157508.html","https://exhibitors.cphi-china.cn/assets/imgs/sp_mob.png"
"Shenzhen Bestfoil Material Technology Co.,Ltd.","9D05","China Mainland","Packaging & Drug Delivery","https://www.pharmasources.com/company-home/shenzhen-bestfoil-material-technology-co-userId-141978.html","https://exhibitors.cphi-china.cn/assets/imgs/sp_mob.png"
"SHENZHEN ASSOCIATION OF TESTERS AIND ANALYSTS","7N06","China Mainland","Laboratory Instruments & Equipment","",""
"Shenzhen Winick Technology Co., Ltd.","9M79","China Mainland","Pharma Machinery & Packaging Machinery","https://www.pharmasources.com/company-home/shenzhen-winick-technology-co-ltd-userId-157495.html","https://exhibitors.cphi-china.cn/assets/imgs/sp_mob.png"
"Shenzhen Jingzhuo Fluid Technology Co., Ltd.","8A80","China Mainland","Pharma Machinery & Packaging Machinery","https://www.pharmasources.com/company-home/shenzhen-jingzhuo-fluid-technology-co-lt-userId-148009.html","https://exhibitors.cphi-china.cn/assets/imgs/sp_mob.png"
"Shenzhen Likang Project Equipment Trading Co, Ltd","9M77","China Mainland","Pharma Machinery & Packaging Machinery","https://www.pharmasources.com/company-home/shenzhen-likang-project-equipment-tradin-userId-141081.html","https://exhibitors.cphi-china.cn/assets/imgs/sp_mob.png"
"Shenzhen Sungening Bio-medical Co.,Ltd","9L07","China Mainland","Pharma Ingredients","https://www.pharmasources.com/company-home/shenzhen-sungening-bio-medical-coltd-userId-141689.html","https://exhibitors.cphi-china.cn/assets/imgs/sp_mob.png"
"Sunji & Co., Ltd.","9D75","China Mainland","Pharma Ingredients","https://www.pharmasources.com/company-home/sunji-co-ltd-userId-140031.html","https://exhibitors.cphi-china.cn/assets/imgs/sp_mob.png"
"SINOBRIGHT Pharma Import & Export Co.,Ltd.","9G12","China Mainland","Pharma Ingredients","https://www.pharmasources.com/company-home/sinobright-pharma-import-export-coltd-userId-139823.html","https://exhibitors.cphi-china.cn/assets/imgs/sp_mob.png"
"Shenzhen Yunjing Lighting Technology Co.,Ltd.","8C65","China Mainland","Clean Technology","https://www.pharmasources.com/company-home/shenzhen-yunjing-lighting-technology-col-userId-146286.html","https://exhibitors.cphi-china.cn/assets/imgs/sp_mob.png"
"Shenzhen Sijia Pharmaceutical Co., Ltd.","9F27","China Mainland","Pharma Ingredients","https://www.pharmasources.com/company-home/shenzhen-sijia-pharmaceutical-co-ltd-userId-145334.html","https://exhibitors.cphi-china.cn/assets/imgs/sp_mob.png"
"Shenzhen Oriental Pharmaceutical Co., Ltd.","9C69","China Mainland","Pharma Ingredients","https://www.pharmasources.com/company-home/shenzhen-oriental-pharmaceutical-co-ltd-userId-139994.html","https://exhibitors.cphi-china.cn/assets/imgs/sp_mob.png"
"STIK Instrument Equipment (Shanghai)Co.,Ltd","8G26","China Mainland","Laboratory Instruments & Equipment","https://www.pharmasources.com/company-home/stik-instrument-equipment-shanghaicoltd-userId-146723.html","https://exhibitors.cphi-china.cn/assets/imgs/sp_mob.png"
"Jianhe Biotech Co., Ltd.","7E30","China Mainland","Natural Supply","https://www.pharmasources.com/company-home/jianhe-biotech-co-ltd-userId-140130.html","https://exhibitors.cphi-china.cn/assets/imgs/sp_mob.png"
"Shijiazhuang Jinda gelatin Co., LTD","9H78","China Mainland","Pharma Excipients","https://www.pharmasources.com/company-home/shijiazhuang-jinda-gelatin-co-ltd-userId-146483.html","https://exhibitors.cphi-china.cn/assets/imgs/sp_mob.png"
"Shijiazhuang CREADY Pharmaceutical R&D Inc","9H36","China Mainland","AI Tech & Contract Service","https://www.pharmasources.com/company-home/shijiazhuang-cready-pharmaceutical-rd-in-userId-146746.html","https://exhibitors.cphi-china.cn/assets/imgs/sp_mob.png"
"Keyuan Machinery Equipment Co ., Ltd","8A53","China Mainland","Pharma Machinery & Packaging Machinery","https://www.pharmasources.com/company-home/keyuan-machinery-equipment-co-ltd-userId-146998.html","https://exhibitors.cphi-china.cn/assets/imgs/sp_mob.png"
"Shijiazhuang Xinfuda Medical Packaging Co.,Ltd","9C41","China Mainland","Packaging & Drug Delivery","https://www.pharmasources.com/company-home/shijiazhuang-xinfuda-medical-packaging-c-userId-147683.html","https://exhibitors.cphi-china.cn/assets/imgs/sp_mob.png"
"STAR-K CERTIFICATION ADVISERS (SHANGHAI) CO., LTD","7D18","China Mainland","Natural Supply","https://www.pharmasources.com/company-home/star-k-certification-advisers-shanghai-c-userId-156376.html","https://exhibitors.cphi-china.cn/assets/imgs/sp_mob.png"
"World Courier (Shanghai) Co., Ltd","9G27","China Mainland","Pharma Ingredients","https://www.pharmasources.com/company-home/world-courier-shanghai-co-ltd-userId-142863.html","https://exhibitors.cphi-china.cn/assets/imgs/sp_mob.png"
"SIEHE SMART EQUIPMENT (SHANGHAI) CO.,LTD.","8E06","China Mainland","Pharma Machinery & Packaging Machinery","https://www.pharmasources.com/company-home/siehe-smart-equipment-shanghai-coltd-userId-156099.html","https://exhibitors.cphi-china.cn/assets/imgs/sp_mob.png"
"Sichuan Bojia Pharmaceutical Co., Ltd","9M37","China Mainland","Biotech","https://www.pharmasources.com/company-home/sichuan-bojia-pharmaceutical-co-ltd-userId-141865.html","https://exhibitors.cphi-china.cn/assets/imgs/sp_mob.png"
"SICHUAN DINGKE PHARMACEUTICAL CO., LTD.","7A05","China Mainland","Beauty & Cosmetics Supply Chain","https://www.pharmasources.com/company-home/sichuan-dingke-pharmaceutical-co-ltd-userId-156522.html","https://exhibitors.cphi-china.cn/assets/imgs/sp_mob.png"
"Tofflon Pharmaceutical Packaging","9A13","China Mainland","Packaging & Drug Delivery","https://www.pharmasources.com/company-home/tofflon-pharmaceutical-packaging-userId-156153.html","https://exhibitors.cphi-china.cn/assets/imgs/sp_mob.png"
"FAMACY GROUP CO., LTD.","7B17","China Mainland","Beauty & Cosmetics Supply Chain","https://www.pharmasources.com/company-home/famacy-group-co-ltd-userId-141751.html","https://exhibitors.cphi-china.cn/assets/imgs/sp_mob.png"
"Sichuan Kang Lian Biosci.Co.,Ltd.","7E26","China Mainland","Natural Supply","https://www.pharmasources.com/company-home/sichuan-kang-lian-bioscicoltd-userId-146044.html","https://exhibitors.cphi-china.cn/assets/imgs/sp_mob.png"
"SICHUAN QINGMU PHARMACEUTICAL CO.,LTD.","9J66","China Mainland","Finished Dosage","https://www.pharmasources.com/company-home/sichuan-qingmu-pharmaceutical-coltd-userId-140982.html","https://exhibitors.cphi-china.cn/assets/imgs/sp_mob.png"
"Sichuan Renan Pharmaceutical Co., Ltd.","9B55","China Mainland","Pharma Ingredients","https://www.pharmasources.com/company-home/sichuan-renan-pharmaceutical-co-ltd-userId-156293.html","https://exhibitors.cphi-china.cn/assets/imgs/sp_mob.png"
"Sichuan Xieli Pharmaceutical Co., Ltd.","9G20","China Mainland","Pharma Ingredients","https://www.pharmasources.com/company-home/sichuan-xieli-pharmaceutical-co-ltd-userId-146852.html","https://exhibitors.cphi-china.cn/assets/imgs/sp_mob.png"
"Sichuan Neo-Green Pharmaceutical Technology Development Co., Ltd.","7C20","China Mainland","Natural Supply","https://www.pharmasources.com/company-home/sichuan-neo-green-pharmaceutical-technol-userId-157523.html","https://exhibitors.cphi-china.cn/assets/imgs/sp_mob.png"
"Sichuan Xingtai Pule Medical Technology Co., Ltd.","7B15-A2","China Mainland","Beauty & Cosmetics Supply Chain","https://www.pharmasources.com/company-home/sichuan-xingtai-pule-medical-technology--userId-157555.html","https://exhibitors.cphi-china.cn/assets/imgs/sp_mob.png"
"JUSTEN BIOTECHNOLOGY CO., LTD.","7D56","China Mainland","Natural Supply","https://www.pharmasources.com/company-home/justen-biotechnology-co-ltd-userId-156696.html","https://exhibitors.cphi-china.cn/assets/imgs/sp_mob.png"
"SIHUAN PHARMACEUTICAL HOLDINGS GROUP LTD.","7B01","China Mainland","Beauty & Cosmetics Supply Chain","https://www.pharmasources.com/company-home/sihuan-pharmaceutical-holdings-group-ltd-userId-157539.html","https://exhibitors.cphi-china.cn/assets/imgs/sp_mob.png"
"SIPING FINE CHEMICALS CO., LTD.","9E82","China Mainland","Pharma Ingredients","https://www.pharmasources.com/company-home/siping-fine-chemicals-co-ltd-userId-143522.html","https://exhibitors.cphi-china.cn/assets/imgs/sp_mob.png"
"Suzhou Bolicen Medical Packaging Co.,Ltd","9A01","China Mainland","Packaging & Drug Delivery","https://www.pharmasources.com/company-home/suzhou-bolicen-medical-packaging-coltd-userId-157527.html","https://exhibitors.cphi-china.cn/assets/imgs/sp_mob.png"
"Suzhou Fushilai Pharmaceutical Co., Ltd","9D69","China Mainland","Pharma Ingredients","https://www.pharmasources.com/company-home/suzhou-fushilai-pharmaceutical-co-ltd-userId-140045.html","https://exhibitors.cphi-china.cn/assets/imgs/sp_mob.png"
"Suzhou Hengrui Medical Co.,Ltd","9A03","China Mainland","Packaging & Drug Delivery","https://www.pharmasources.com/company-home/suzhou-hengrui-medical-coltd-userId-146475.html","https://exhibitors.cphi-china.cn/assets/imgs/sp_mob.png"
"Suzhou Biosynthetica Co., Ltd.","9T36","China Mainland","Pharma Ingredients","https://www.pharmasources.com/company-home/suzhou-biosynthetica-co-ltd-userId-147959.html","https://exhibitors.cphi-china.cn/assets/imgs/sp_mob.png"
"Suzhou Jert Purification Technology Co., Ltd.","8E62","China Mainland","Clean Technology","https://www.pharmasources.com/company-home/suzhou-jert-purification-technology-co-l-userId-146340.html","https://exhibitors.cphi-china.cn/assets/imgs/sp_mob.png"
"SUZHOU CLEANROOM TECHNOLOGY CO., LTD.","8C66","China Mainland","Clean Technology","https://www.pharmasources.com/company-home/suzhou-cleanroom-technology-co-ltd-userId-157421.html","https://exhibitors.cphi-china.cn/assets/imgs/sp_mob.png"
"Suzhou Linsen Purification Group Co., Ltd","8D65","China Mainland","Clean Technology","https://www.pharmasources.com/company-home/suzhou-linsen-purification-group-co-ltd-userId-141980.html","https://exhibitors.cphi-china.cn/assets/imgs/sp_mob.png"
"SUZHOU NMT BIOTECH CO.,LTD","7D23","China Mainland","Natural Supply","https://www.pharmasources.com/company-home/suzhou-nmt-biotech-coltd-userId-141725.html","https://exhibitors.cphi-china.cn/assets/imgs/sp_mob.png"
"Suzhou Nanomicro Technology Co., Ltd.","8F17","China Mainland","Laboratory Instruments & Equipment","https://www.pharmasources.com/company-home/suzhou-nanomicro-technology-co-ltd-userId-140551.html","https://exhibitors.cphi-china.cn/assets/imgs/sp_mob.png"
"Suzhou Sepax Technologies Co., Ltd.","8G25","China Mainland","Laboratory Instruments & Equipment","https://www.pharmasources.com/company-home/suzhou-sepax-technologies-co-ltd-userId-141024.html","https://exhibitors.cphi-china.cn/assets/imgs/sp_mob.png"
"FARCLEAN TECHNOLOGY GLOBAL CO.，LTD","8B60","China Mainland","Clean Technology","https://www.pharmasources.com/company-home/farclean-technology-global-coltd-userId-142370.html","https://exhibitors.cphi-china.cn/assets/imgs/sp_mob.png"
"Suzhou Soulom Purification Technology Co.,Ltd.","8C70","China Mainland","Clean Technology","https://www.pharmasources.com/company-home/suzhou-soulom-purification-technology-co-userId-144260.html","https://exhibitors.cphi-china.cn/assets/imgs/sp_mob.png"
"Suzhou General Printing House Co., Ltd.","9P08","China Mainland","Packaging & Drug Delivery","https://www.pharmasources.com/company-home/suzhou-general-printing-house-co-ltd-userId-146190.html","https://exhibitors.cphi-china.cn/assets/imgs/sp_mob.png"
"TAIZHOU FEIFENG PLASTIC INDUSTRY CO., LTD","9B33","China Mainland","Packaging & Drug Delivery","https://www.pharmasources.com/company-home/taizhou-feifeng-plastic-industry-co-ltd-userId-157468.html","https://exhibitors.cphi-china.cn/assets/imgs/sp_mob.png"
"Taizhou Lingfeng Biotechnology Co.,Ltd.","9E30b","China Mainland","Pharma Ingredients","https://www.pharmasources.com/company-home/taizhou-lingfeng-biotechnology-coltd-userId-146949.html","https://exhibitors.cphi-china.cn/assets/imgs/sp_mob.png"
"TAIZHOU XINGMING PHARMACEUTICAL CO., LTD","9N67","China Mainland","Pharma Ingredients","https://www.pharmasources.com/company-home/taizhou-xingming-pharmaceutical-co-ltd-userId-140062.html","https://exhibitors.cphi-china.cn/assets/imgs/sp_mob.png"
"Taizhou Yongfeng Chemical Industry Co., Ltd.","9B69","China Mainland","Pharma Ingredients","https://www.pharmasources.com/company-home/taizhou-yongfeng-chemical-industry-co-lt-userId-139882.html","https://exhibitors.cphi-china.cn/assets/imgs/sp_mob.png"
"Tyran(Guangzhou)Biotechnology Co., Ltd.","7C11-B2","China Mainland","Beauty & Cosmetics Supply Chain","https://www.pharmasources.com/company-home/tyranguangzhoubiotechnology-co-ltd-userId-157563.html","https://exhibitors.cphi-china.cn/assets/imgs/sp_mob.png"
"TAIAN HAVAY CHEMICALS CO.,LTD","9G80","China Mainland","Pharma Ingredients","https://www.pharmasources.com/company-home/taian-havay-chemicals-coltd-userId-146321.html","https://exhibitors.cphi-china.cn/assets/imgs/sp_mob.png"
"Taian Youlyy Industrial Co., Ltd","9T02","China Mainland","Packaging & Drug Delivery","https://www.pharmasources.com/company-home/taian-youlyy-industrial-co-ltd-userId-142060.html","https://exhibitors.cphi-china.cn/assets/imgs/sp_mob.png"
"Space Peptides","9F55","China Mainland","Pharma Ingredients","https://www.pharmasources.com/company-home/space-peptides-userId-145573.html","https://exhibitors.cphi-china.cn/assets/imgs/sp_mob.png"
"TLC Pharmaceutical Standards Ltd.","9C80","China Mainland","Pharma Ingredients","https://www.pharmasources.com/company-home/tlc-pharmaceutical-standards-ltd-userId-142760.html","https://exhibitors.cphi-china.cn/assets/imgs/sp_mob.png"
"Tiande Chemical Holdings Limited","9K89","China Mainland","Pharma Ingredients","https://www.pharmasources.com/company-home/tiande-chemical-holdings-limited-userId-140859.html","https://exhibitors.cphi-china.cn/assets/imgs/sp_mob.png"
"Tianjia New Material Technology(Hubei) Co.,Ltd","8C67","China Mainland","Clean Technology","https://www.pharmasources.com/company-home/tianjia-new-material-technologyhubei-col-userId-146153.html","https://exhibitors.cphi-china.cn/assets/imgs/sp_mob.png"
"Tianjin Bohai Chemical reagent Co., Ltd.","9I56","China Mainland","Pharma Excipients","https://www.pharmasources.com/company-home/tianjin-bohai-chemical-reagent-co-ltd-userId-146938.html","https://exhibitors.cphi-china.cn/assets/imgs/sp_mob.png"
"Tianjin Chengsheng Scientific Instruments Co., Ltd.","8F10","China Mainland","Laboratory Instruments & Equipment","https://www.pharmasources.com/company-home/tianjin-chengsheng-scientific-instrument-userId-146578.html","https://exhibitors.cphi-china.cn/assets/imgs/sp_mob.png"
"Tianjin Minxiang Pharmaceutical Co., Ltd.","9L06","China Mainland","Pharma Ingredients","https://www.pharmasources.com/company-home/tianjin-minxiang-pharmaceutical-co-ltd-userId-147553.html","https://exhibitors.cphi-china.cn/assets/imgs/sp_mob.png"
"Tianjin Yongda Chemical Reagent Co., Ltd.","9J71","China Mainland","Pharma Excipients","https://www.pharmasources.com/company-home/tianjin-yongda-chemical-reagent-co-ltd-userId-147061.html","https://exhibitors.cphi-china.cn/assets/imgs/sp_mob.png"
"TIANJIN JINJIN PHARMACEUTICAL CO.,LTD","9J97","China Mainland","Pharma Ingredients","https://www.pharmasources.com/company-home/tianjin-jinjin-pharmaceutical-coltd-userId-140086.html","https://exhibitors.cphi-china.cn/assets/imgs/sp_mob.png"
"Tianjin Institute of Pharmaceutical Research","9E81","China Mainland","Pharma Ingredients","https://www.pharmasources.com/company-home/tianjin-institute-of-pharmaceutical-rese-userId-145266.html","https://exhibitors.cphi-china.cn/assets/imgs/sp_mob.png"
"TIANJIN ZHONGYU SHUNJIA TECH CO., LTD.","7B33","China Mainland","Beauty & Cosmetics Supply Chain","https://www.pharmasources.com/company-home/tianjin-zhongyu-shunjia-tech-co-ltd-userId-156656.html","https://exhibitors.cphi-china.cn/assets/imgs/sp_mob.png"
"Tianzhou Medical (Suzhou) Co.,Ltd","9B15","China Mainland","Packaging & Drug Delivery","https://www.pharmasources.com/company-home/tianzhou-medical-suzhou-coltd-userId-145759.html","https://exhibitors.cphi-china.cn/assets/imgs/sp_mob.png"
"TOPSTAR INTERNATIONAL TRADING CO.,LTD","9C81","China Mainland","Pharma Ingredients","https://www.pharmasources.com/company-home/topstar-international-trading-coltd-userId-143124.html","https://exhibitors.cphi-china.cn/assets/imgs/sp_mob.png"
"Venturepharma Group","9K97","China Mainland","Pharma Ingredients","https://www.pharmasources.com/company-home/venturepharma-group-userId-145892.html","https://exhibitors.cphi-china.cn/assets/imgs/sp_mob.png"
"Weihai Hoping Industry Co., Ltd.","9J33","China Mainland","Biotech","https://www.pharmasources.com/company-home/weihai-hoping-industry-co-ltd-userId-144955.html","https://exhibitors.cphi-china.cn/assets/imgs/sp_mob.png"
"Weikong Filter Technology (Jiangsu) Co., Ltd","8A31","China Mainland","Pharma Machinery & Packaging Machinery","https://www.pharmasources.com/company-home/weikong-filter-technology-jiangsu-co-ltd-userId-142953.html","https://exhibitors.cphi-china.cn/assets/imgs/sp_mob.png"
"Viwit Pharmaceutical Co., Ltd.","9I37","China Mainland","AI Tech & Contract Service","https://www.pharmasources.com/company-home/viwit-pharmaceutical-co-ltd-userId-139797.html","https://exhibitors.cphi-china.cn/assets/imgs/sp_mob.png"
"WePure Biotech (Guangzhou) Co., Ltd.","8F26","China Mainland","Laboratory Instruments & Equipment","https://www.pharmasources.com/company-home/wepure-biotech-guangzhou-co-ltd-userId-145344.html","https://exhibitors.cphi-china.cn/assets/imgs/sp_mob.png"
"VICOMETER","8E16","China Mainland","Laboratory Instruments & Equipment","https://www.pharmasources.com/company-home/vicometer-userId-146590.html","https://exhibitors.cphi-china.cn/assets/imgs/sp_mob.png"
"Weifang Konzer Safety Protective Equipment Co.,Ltd.","8E60","China Mainland","Clean Technology","https://www.pharmasources.com/company-home/weifang-konzer-safety-protective-equipme-userId-146263.html","https://exhibitors.cphi-china.cn/assets/imgs/sp_mob.png"
"VIAR TEMP CONTROL","8G57","China Mainland","Laboratory Instruments & Equipment","https://www.pharmasources.com/company-home/viar-temp-control-userId-143008.html","https://exhibitors.cphi-china.cn/assets/imgs/sp_mob.png"
"Summit Ingredients Co.,Ltd","7E56","China Mainland","Natural Supply","https://www.pharmasources.com/company-home/summit-ingredients-coltd-userId-145431.html","https://exhibitors.cphi-china.cn/assets/imgs/sp_mob.png"
"WENZHOU GAOGER MACHINERY TECHNOLOGY CO.,LTD","8B68","China Mainland","Pharma Machinery & Packaging Machinery","https://www.pharmasources.com/company-home/wenzhou-gaoger-machinery-technology-colt-userId-140595.html","https://exhibitors.cphi-china.cn/assets/imgs/sp_mob.png"
"OneTwo Chromatography Technology (Zhejiang) Co., Ltd","8F65","China Mainland","Laboratory Instruments & Equipment","https://www.pharmasources.com/company-home/onetwo-chromatography-technology-zhejian-userId-146959.html","https://exhibitors.cphi-china.cn/assets/imgs/sp_mob.png"
"Walsn Enterprises Ltd.","8F70","China Mainland","Laboratory Instruments & Equipment","https://www.pharmasources.com/company-home/walsn-enterprises-ltd-userId-156212.html","https://exhibitors.cphi-china.cn/assets/imgs/sp_mob.png"
"Accobio (Wuxi) Biotech Inc","7E62","China Mainland","Natural Supply","https://www.pharmasources.com/company-home/accobio-wuxi-biotech-inc-userId-143847.html","https://exhibitors.cphi-china.cn/assets/imgs/sp_mob.png"
"Wuxi NEST Biotechnology Co.,LTD","9B30","China Mainland","Packaging & Drug Delivery","https://www.pharmasources.com/company-home/wuxi-nest-biotechnology-coltd-userId-141963.html","https://exhibitors.cphi-china.cn/assets/imgs/sp_mob.png"
"Wuxi Longhu Chemical Equipment Co., Ltd.","8G79","China Mainland","Pharma Machinery & Packaging Machinery","https://www.pharmasources.com/company-home/wuxi-longhu-chemical-equipment-co-ltd-userId-145684.html","https://exhibitors.cphi-china.cn/assets/imgs/sp_mob.png"
"Wuxi Zhanghua Pharm & Chem Equipment Co., Ltd.","8E48","China Mainland","Pharma Machinery & Packaging Machinery","https://www.pharmasources.com/company-home/wuxi-zhanghua-pharm-chem-equipment-co-lt-userId-140235.html","https://exhibitors.cphi-china.cn/assets/imgs/sp_mob.png"
"Wuzhou Biotechnology (Nantong) Co., Ltd","7F66","China Mainland","Natural Supply","https://www.pharmasources.com/company-home/wuzhou-biotechnology-nantong-co-ltd-userId-144021.html","https://exhibitors.cphi-china.cn/assets/imgs/sp_mob.png"
"Wuhan Lipharma Chemicals Co., Ltd.","9I97","China Mainland","Pharma Ingredients","https://www.pharmasources.com/company-home/wuhan-lipharma-chemicals-co-ltd-userId-139747.html","https://exhibitors.cphi-china.cn/assets/imgs/sp_mob.png"
"Wuhan RZDH Environmental Technology Co., Ltd.","9J39","China Mainland","Pharma Machinery & Packaging Machinery","https://www.pharmasources.com/company-home/wuhan-rzdh-environmental-technology-co-l-userId-157598.html","https://exhibitors.cphi-china.cn/assets/imgs/sp_mob.png"
"WUHAN BIET CO.,LTD","9G56","China Mainland","Pharma Ingredients","https://www.pharmasources.com/company-home/wuhan-biet-coltd-userId-142802.html","https://exhibitors.cphi-china.cn/assets/imgs/sp_mob.png"
"Xi'an DELI Biochemical Industry Co., Ltd.","9J81","China Mainland","Pharma Excipients","https://www.pharmasources.com/company-home/xian-deli-biochemical-industry-co-ltd-userId-145131.html","https://exhibitors.cphi-china.cn/assets/imgs/sp_mob.png"
"Xi'an Feida bio-tech Co., Ltd.","7C33","China Mainland","Beauty & Cosmetics Supply Chain","https://www.pharmasources.com/company-home/xian-feida-bio-tech-co-ltd-userId-157565.html","https://exhibitors.cphi-china.cn/assets/imgs/sp_mob.png"
"Vita-Solar Biotechnology Co.,Ltd","7H13","China Mainland","Natural Supply","https://www.pharmasources.com/company-home/vita-solar-biotechnology-coltd-userId-143764.html","https://exhibitors.cphi-china.cn/assets/imgs/sp_mob.png"
"Xi'an HerbCare Biology Co.,Ltd.","7F59","China Mainland","Natural Supply","https://www.pharmasources.com/company-home/xian-herbcare-biology-coltd-userId-157371.html","https://exhibitors.cphi-china.cn/assets/imgs/sp_mob.png"
"Xi'an Newset Chemical Equipment Technology CO.LTD","8E36","China Mainland","Pharma Machinery & Packaging Machinery","https://www.pharmasources.com/company-home/xian-newset-chemical-equipment-technolog-userId-145069.html","https://exhibitors.cphi-china.cn/assets/imgs/sp_mob.png"
"XI'AN HIHEALTH BIOTECHNOLOGY CO., LTD","7D53","China Mainland","Natural Supply","https://www.pharmasources.com/company-home/xian-hihealth-biotechnology-co-ltd-userId-156501.html","https://exhibitors.cphi-china.cn/assets/imgs/sp_mob.png"
"Xi'an Tianben Bio-Engineering Co., Ltd.","7D20","China Mainland","Natural Supply","https://www.pharmasources.com/company-home/xian-tianben-bio-engineering-co-ltd-userId-142623.html","https://exhibitors.cphi-china.cn/assets/imgs/sp_mob.png"
"Nutraonly(Xi’an) Organic Nutritions Inc.","7D51","China Mainland","Natural Supply","https://www.pharmasources.com/company-home/nutraonlyxian-organic-nutritions-inc-userId-147479.html","https://exhibitors.cphi-china.cn/assets/imgs/sp_mob.png"
"WELLGREEN TECHNOLOGY CO.,LTD","7F55","China Mainland","Natural Supply","https://www.pharmasources.com/company-home/wellgreen-technology-coltd-userId-141893.html","https://exhibitors.cphi-china.cn/assets/imgs/sp_mob.png"
"Xi'an XiaoCao Botanical Development Co.,Ltd","7E59","China Mainland","Natural Supply","https://www.pharmasources.com/company-home/xian-xiaocao-botanical-development-coltd-userId-141331.html","https://exhibitors.cphi-china.cn/assets/imgs/sp_mob.png"
"RISUN BIO-TECH INC","7F36","China Mainland","Natural Supply","https://www.pharmasources.com/company-home/risun-bio-tech-inc-userId-145760.html","https://exhibitors.cphi-china.cn/assets/imgs/sp_mob.png"
"Xizang Weixinkang Pharmaceutical Co.,Ltd.","9K62","China Mainland","Finished Dosage","https://www.pharmasources.com/company-home/xizang-weixinkang-pharmaceutical-coltd-userId-147117.html","https://exhibitors.cphi-china.cn/assets/imgs/sp_mob.png"
"FENHE CHEMICAL CO., LIMITED","9E97","China Mainland","Pharma Ingredients","https://www.pharmasources.com/company-home/fenhe-chemical-co-limited-userId-142622.html","https://exhibitors.cphi-china.cn/assets/imgs/sp_mob.png"
"Xiamen Origin Biotech Co., Ltd.","9F32","China Mainland","Pharma Ingredients","https://www.pharmasources.com/company-home/xiamen-origin-biotech-co-ltd-userId-147132.html","https://exhibitors.cphi-china.cn/assets/imgs/sp_mob.png"
"Xiamen Shixin Pharmaceutical Co., LTD","7E15","China Mainland","Natural Supply","https://www.pharmasources.com/company-home/xiamen-shixin-pharmaceutical-co-ltd-userId-146381.html","https://exhibitors.cphi-china.cn/assets/imgs/sp_mob.png"
"XIAMEN PEPSYN CO., Ltd.","7C31-B3","China Mainland","Beauty & Cosmetics Supply Chain","https://www.pharmasources.com/company-home/xiamen-pepsyn-co-ltd-userId-147106.html","https://exhibitors.cphi-china.cn/assets/imgs/sp_mob.png"
"Xiamen Seapulse Biotech Co.,Ltd","7E20","China Mainland","Natural Supply","https://www.pharmasources.com/company-home/xiamen-seapulse-biotech-coltd-userId-147070.html","https://exhibitors.cphi-china.cn/assets/imgs/sp_mob.png"
"PIONEERS INTERNATIONAL TRADING LTD.","7A60","China Mainland","Beauty & Cosmetics Supply Chain","https://www.pharmasources.com/company-home/pioneers-international-trading-ltd-userId-140729.html","https://exhibitors.cphi-china.cn/assets/imgs/sp_mob.png"
"Tradeport Hong Kong Limited","9L60","Hong Kong, S.A.R., China","Finished Dosage","https://www.pharmasources.com/company-home/tradeport-hong-kong-limited-userId-157420.html","https://exhibitors.cphi-china.cn/assets/imgs/sp_mob.png"
"Hexin Capsule Co.,Ltd","9I69","China Mainland","Pharma Excipients","https://www.pharmasources.com/company-home/hexin-capsule-coltd-userId-140915.html","https://exhibitors.cphi-china.cn/assets/imgs/sp_mob.png"
"NEW TUOYANG BIO-ENGINEERING","9F33","China Mainland","Pharma Ingredients","https://www.pharmasources.com/company-home/new-tuoyang-bio-engineering-userId-140053.html","https://exhibitors.cphi-china.cn/assets/imgs/sp_mob.png"
"Genwell Biotechnology Co.,Ltd.","7C15","China Mainland","Natural Supply","https://www.pharmasources.com/company-home/genwell-biotechnology-coltd-userId-139787.html","https://exhibitors.cphi-china.cn/assets/imgs/sp_mob.png"
"Xinxiang Gaofu Sieving Machinery Co.,Ltd.","8D75","China Mainland","Pharma Machinery & Packaging Machinery","https://www.pharmasources.com/company-home/xinxiang-gaofu-sieving-machinery-coltd-userId-147099.html","https://exhibitors.cphi-china.cn/assets/imgs/sp_mob.png"
"Asia Talent Chemical Limited.","9L77","China Mainland","Finished Dosage","https://www.pharmasources.com/company-home/asia-talent-chemical-limited-userId-140484.html","https://exhibitors.cphi-china.cn/assets/imgs/sp_mob.png"
"YanTai Sikon Biotech CO., Ltd.","9H87","China Mainland","Pharma Ingredients","https://www.pharmasources.com/company-home/yantai-sikon-biotech-co-ltd-userId-142846.html","https://exhibitors.cphi-china.cn/assets/imgs/sp_mob.png"
"YANTAI XIANHUA TECHNOLOGY GROUP CO.,LTD","9G55","China Mainland","Pharma Ingredients","https://www.pharmasources.com/company-home/yantai-xianhua-technology-group-coltd-userId-140164.html","https://exhibitors.cphi-china.cn/assets/imgs/sp_mob.png"
"Yangzhou Chemical Co., Ltd.","9G76","China Mainland","Pharma Ingredients","https://www.pharmasources.com/company-home/yangzhou-chemical-co-ltd-userId-139753.html","https://exhibitors.cphi-china.cn/assets/imgs/sp_mob.png"
"Yangzhou Jerel Pharmaceutical New Material Co.,Ltd","9A16","China Mainland","Packaging & Drug Delivery","https://www.pharmasources.com/company-home/yangzhou-jerel-pharmaceutical-new-materi-userId-140318.html","https://exhibitors.cphi-china.cn/assets/imgs/sp_mob.png"
"Yaokemeixing Qingyuan Biotechnology Co","9L80","China Mainland","Pharma Ingredients","https://www.pharmasources.com/company-home/yaokemeixing-qingyuan-biotechnology-co-userId-157594.html","https://exhibitors.cphi-china.cn/assets/imgs/sp_mob.png"
"Xellar","8C22a","China Mainland","Smart Manufacturing","https://www.pharmasources.com/company-home/xellar-userId-157579.html","https://exhibitors.cphi-china.cn/assets/imgs/sp_mob.png"
"Ypsomed Medical Devices Co., Ltd","9A30","China Mainland","Packaging & Drug Delivery","https://www.pharmasources.com/company-home/ypsomed-medical-devices-co-ltd-userId-146694.html","https://exhibitors.cphi-china.cn/assets/imgs/sp_mob.png"
"Yixue Technology (Guangzhou) Co., Ltd","7N20","China Mainland","Laboratory Instruments & Equipment","",""
"YIZHENG EAST CHEMICAL CO., LTD.","9H90","China Mainland","Pharma Ingredients","https://www.pharmasources.com/company-home/yizheng-east-chemical-co-ltd-userId-146635.html","https://exhibitors.cphi-china.cn/assets/imgs/sp_mob.png"
"IMD (Fujian) Pharmaceutical Co., Ltd","9F70","China Mainland","Pharma Ingredients","https://www.pharmasources.com/company-home/imd-fujian-pharmaceutical-co-ltd-userId-146675.html","https://exhibitors.cphi-china.cn/assets/imgs/sp_mob.png"
"Yingkou Liaohe Pharmaceutical Chemical Equipment Co.,Ltd.","8P21","China Mainland","Pharma Machinery & Packaging Machinery","https://www.pharmasources.com/company-home/yingkou-liaohe-pharmaceutical-chemical-e-userId-146364.html","https://exhibitors.cphi-china.cn/assets/imgs/sp_mob.png"
"nutrient-top.cn/nutrient-top.com","9K95","China Mainland","Pharma Ingredients","",""
"Unite New Materials Co., Ltd.","9J78","China Mainland","Finished Dosage","https://www.pharmasources.com/company-home/unite-new-materials-co-ltd-userId-144748.html","https://exhibitors.cphi-china.cn/assets/imgs/sp_mob.png"
"YUYAO TIRRIT CO., LTD","9B27","China Mainland","Packaging & Drug Delivery","https://www.pharmasources.com/company-home/yuyao-tirrit-co-ltd-userId-157299.html","https://exhibitors.cphi-china.cn/assets/imgs/sp_mob.png"
"Yumen Qianhua Pharmaceutical Co., Ltd.","9B67","China Mainland","Pharma Ingredients","https://www.pharmasources.com/company-home/yumen-qianhua-pharmaceutical-co-ltd-userId-145745.html","https://exhibitors.cphi-china.cn/assets/imgs/sp_mob.png"
"YUXING BIOTECHNOLOGY（GROUP）CO.，LTD.","9B65","China Mainland","Pharma Ingredients","https://www.pharmasources.com/company-home/yuxing-biotechnologygroupcoltd-userId-144963.html","https://exhibitors.cphi-china.cn/assets/imgs/sp_mob.png"
"Yueyang WAMO New Material Technology Co.,LTD","9N63","China Mainland","Pharma Ingredients","https://www.pharmasources.com/company-home/yueyang-wamo-new-material-technology-col-userId-156163.html","https://exhibitors.cphi-china.cn/assets/imgs/sp_mob.png"
"Yunnan Chengyuanxiang Biotechnology Co., Ltd","7D66","China Mainland","Natural Supply","https://www.pharmasources.com/company-home/yunnan-chengyuanxiang-biotechnology-co-l-userId-145970.html","https://exhibitors.cphi-china.cn/assets/imgs/sp_mob.png"
"Yunnan Jiuzhen Biotechnology Co., Ltd.","7D52","China Mainland","Natural Supply","https://www.pharmasources.com/company-home/yunnan-jiuzhen-biotechnology-co-ltd-userId-156802.html","https://exhibitors.cphi-china.cn/assets/imgs/sp_mob.png"
"ZHANGJIAGANG OUSIRUI MEDICAL TECHNOLOGY CO.,LTD.","8A56","China Mainland","Pharma Machinery & Packaging Machinery","https://www.pharmasources.com/company-home/zhangjiagang-ousirui-medical-technology--userId-141011.html","https://exhibitors.cphi-china.cn/assets/imgs/sp_mob.png"
"Zhangjiagang Cino Pharmaceutical Machinery Co.,Ltd.","8B61","China Mainland","Pharma Machinery & Packaging Machinery","https://www.pharmasources.com/company-home/zhangjiagang-cino-pharmaceutical-machine-userId-144209.html","https://exhibitors.cphi-china.cn/assets/imgs/sp_mob.png"
"Zhejiang Better Pharmaceuticals Co., Ltd.","9L82","China Mainland","Finished Dosage","https://www.pharmasources.com/company-home/zhejiang-better-pharmaceuticals-co-ltd-userId-140004.html","https://exhibitors.cphi-china.cn/assets/imgs/sp_mob.png"
"Zhejiang Brilliance Technology Co., Ltd.","8G60","China Mainland","Laboratory Instruments & Equipment","https://www.pharmasources.com/company-home/zhejiang-brilliance-technology-co-ltd-userId-145778.html","https://exhibitors.cphi-china.cn/assets/imgs/sp_mob.png"
"Zhejiang Changming Pharmaceutical Co., Ltd.","9B82","China Mainland","Pharma Ingredients","https://www.pharmasources.com/company-home/zhejiang-changming-pharmaceutical-co-ltd-userId-139861.html","https://exhibitors.cphi-china.cn/assets/imgs/sp_mob.png"
"Zhejiang Charioteer Pharmaceutical Co.,Ltd.","9C96","China Mainland","Pharma Ingredients","https://www.pharmasources.com/company-home/zhejiang-charioteer-pharmaceutical-coltd-userId-139796.html","https://exhibitors.cphi-china.cn/assets/imgs/sp_mob.png"
"Zhejiang Chengxin Pharm& Chem Equipment Co,Ltd.","8G86","China Mainland","Pharma Machinery & Packaging Machinery","https://www.pharmasources.com/company-home/zhejiang-chengxin-pharm-chem-equipment-c-userId-146583.html","https://exhibitors.cphi-china.cn/assets/imgs/sp_mob.png"
"Zhejiang Chiva Hot stamping Technology Co., Ltd.","9C12","China Mainland","Packaging & Drug Delivery","https://www.pharmasources.com/company-home/zhejiang-chiva-hot-stamping-technology-c-userId-156405.html","https://exhibitors.cphi-china.cn/assets/imgs/sp_mob.png"
"ZHEJIANG FENGRUN BIOTECH CO., LTD","7C68","China Mainland","Natural Supply","https://www.pharmasources.com/company-home/zhejiang-fengrun-biotech-co-ltd-userId-139865.html","https://exhibitors.cphi-china.cn/assets/imgs/sp_mob.png"
"Zhejiang Fuchang Machinery Co.,Ltd.","8F88","China Mainland","Pharma Machinery & Packaging Machinery","https://www.pharmasources.com/company-home/zhejiang-fuchang-machinery-coltd-userId-140241.html","https://exhibitors.cphi-china.cn/assets/imgs/sp_mob.png"
"Zhejiang Hamag Technology co.,ltd","8F16","China Mainland","Laboratory Instruments & Equipment","https://www.pharmasources.com/company-home/zhejiang-hamag-technology-coltd-userId-142553.html","https://exhibitors.cphi-china.cn/assets/imgs/sp_mob.png"
"Zhejiang Hichi Pharmaceutical Co., Ltd.","9N29","China Mainland","Pharma Ingredients","https://www.pharmasources.com/company-home/zhejiang-hichi-pharmaceutical-co-ltd-userId-139889.html","https://exhibitors.cphi-china.cn/assets/imgs/sp_mob.png"
"Zhejiang Haichen Machinery Co.,Ltd.","9M86","China Mainland","Pharma Machinery & Packaging Machinery","https://www.pharmasources.com/company-home/zhejiang-haichen-machinery-coltd-userId-145340.html","https://exhibitors.cphi-china.cn/assets/imgs/sp_mob.png"
"Zhejiang Chemsyn Pharm Co., Ltd.","9C60","China Mainland","Pharma Ingredients","https://www.pharmasources.com/company-home/zhejiang-chemsyn-pharm-co-ltd-userId-139717.html","https://exhibitors.cphi-china.cn/assets/imgs/sp_mob.png"
"Zhejiang Hisoar Pharmaceutical Co., Ltd.","9I12","China Mainland","Pharma Ingredients","https://www.pharmasources.com/company-home/zhejiang-hisoar-pharmaceutical-co-ltd-userId-146312.html","https://exhibitors.cphi-china.cn/assets/imgs/sp_mob.png"
"ZHEJIANG HISUN PHARMACEUTICAL CO.,LTD.","9F01","China Mainland","Pharma Ingredients","https://www.pharmasources.com/company-home/zhejiang-hisun-pharmaceutical-coltd-userId-139740.html","https://exhibitors.cphi-china.cn/assets/imgs/sp_mob.png"
"Zhejiang Haizhou Pharmaceutical Co. Ltd","9J90","China Mainland","Pharma Ingredients","https://www.pharmasources.com/company-home/zhejiang-haizhou-pharmaceutical-co-ltd-userId-146481.html","https://exhibitors.cphi-china.cn/assets/imgs/sp_mob.png"
"ZHEJIANG PEACE NEW MATERIALS CO.,LTD.","9J87","China Mainland","Pharma Ingredients","https://www.pharmasources.com/company-home/zhejiang-peace-new-materials-coltd-userId-139794.html","https://exhibitors.cphi-china.cn/assets/imgs/sp_mob.png"
"ZHEJIANG HENGKANG PHARMACEUTICAL CO.,LTD.","9L76","China Mainland","Finished Dosage","https://www.pharmasources.com/company-home/zhejiang-hengkang-pharmaceutical-coltd-userId-139731.html","https://exhibitors.cphi-china.cn/assets/imgs/sp_mob.png"
"Zhejiang Hongkang Capsule Co., Ltd.","9J51","China Mainland","Pharma Excipients","https://www.pharmasources.com/company-home/zhejiang-hongkang-capsule-co-ltd-userId-144262.html","https://exhibitors.cphi-china.cn/assets/imgs/sp_mob.png"
"Zhejiang Hongliu Technology Co., Ltd.","8F56","China Mainland","Laboratory Instruments & Equipment","https://www.pharmasources.com/company-home/zhejiang-hongliu-technology-co-ltd-userId-156199.html","https://exhibitors.cphi-china.cn/assets/imgs/sp_mob.png"
"ZHEJIANG HONGYUAN PHARMACEUTICAL CO., LTD.","9L65","China Mainland","Finished Dosage","https://www.pharmasources.com/company-home/zhejiang-hongyuan-pharmaceutical-co-ltd-userId-142395.html","https://exhibitors.cphi-china.cn/assets/imgs/sp_mob.png"
"Zhejiang Huahai Pharmaceutical Co., Ltd.","9G01","China Mainland","Pharma Ingredients","https://www.pharmasources.com/company-home/zhejiang-huahai-pharmaceutical-co-ltd-userId-139725.html","https://exhibitors.cphi-china.cn/assets/imgs/sp_mob.png"
"Zhejiang Huakang Pharmaceutical Co., Ltd.","7E38","China Mainland","Natural Supply","https://www.pharmasources.com/company-home/zhejiang-huakang-pharmaceutical-co-ltd-userId-141959.html","https://exhibitors.cphi-china.cn/assets/imgs/sp_mob.png"
"Huisong Pharmaceuticals","7C38","China Mainland","Natural Supply","https://www.pharmasources.com/company-home/huisong-pharmaceuticals-userId-146923.html","https://exhibitors.cphi-china.cn/assets/imgs/sp_mob.png"
"Canaan","8P51","China Mainland","Pharma Machinery & Packaging Machinery","https://www.pharmasources.com/company-home/canaan-userId-140320.html","https://exhibitors.cphi-china.cn/assets/imgs/sp_mob.png"
"Zhejiang Jiangnan Pharmaceutical Machinery Co.,Ltd.","8D26","China Mainland","Smart Manufacturing","https://www.pharmasources.com/company-home/zhejiang-jiangnan-pharmaceutical-machine-userId-140238.html","https://exhibitors.cphi-china.cn/assets/imgs/sp_mob.png"
"Zhejiang Golden-Shell Pharmaceutical Co., Ltd.","9I59","China Mainland","Pharma Excipients","https://www.pharmasources.com/company-home/zhejiang-golden-shell-pharmaceutical-co--userId-139828.html","https://exhibitors.cphi-china.cn/assets/imgs/sp_mob.png"
"Zhejiang Kinglyuan Pharmaceutical Co., Ltd.","9C79","China Mainland","Pharma Ingredients","https://www.pharmasources.com/company-home/zhejiang-kinglyuan-pharmaceutical-co-ltd-userId-140486.html","https://exhibitors.cphi-china.cn/assets/imgs/sp_mob.png"
"ZHEJIANG JINLIAN CHEMTECH CO.,LTD","9E30a","China Mainland","Pharma Ingredients","https://www.pharmasources.com/company-home/zhejiang-jinlian-chemtech-coltd-userId-143774.html","https://exhibitors.cphi-china.cn/assets/imgs/sp_mob.png"
"Zhejiang Jingxin Pharmaceutical Co., Ltd.","9C56","China Mainland","Pharma Ingredients","https://www.pharmasources.com/company-home/zhejiang-jingxin-pharmaceutical-co-ltd-userId-139785.html","https://exhibitors.cphi-china.cn/assets/imgs/sp_mob.png"
"Zhejiang Jingjia Medical Technology Co.,Ltd.","7B15-A3","China Mainland","Beauty & Cosmetics Supply Chain","https://www.pharmasources.com/company-home/zhejiang-jingjia-medical-technology-colt-userId-157557.html","https://exhibitors.cphi-china.cn/assets/imgs/sp_mob.png"
"Zhejiang Jiuzhou Pharmaceutical Co., Ltd.","9E01","China Mainland","Pharma Ingredients","https://www.pharmasources.com/company-home/zhejiang-jiuzhou-pharmaceutical-co-ltd-userId-139749.html","https://exhibitors.cphi-china.cn/assets/imgs/sp_mob.png"
"ZHEJIANG KANGLE PHARMACEUTICAL CO.,LTD.","9C55","China Mainland","Pharma Ingredients","https://www.pharmasources.com/company-home/zhejiang-kangle-pharmaceutical-coltd-userId-139736.html","https://exhibitors.cphi-china.cn/assets/imgs/sp_mob.png"
"Zhejiang Chemtrue Bio-Pharm Co., Ltd.","9K22","China Mainland","Pharma Ingredients","https://www.pharmasources.com/company-home/zhejiang-chemtrue-bio-pharm-co-ltd-userId-142352.html","https://exhibitors.cphi-china.cn/assets/imgs/sp_mob.png"
"Zhejiang Kexing Automatic Control Equipment Co., Ltd.","8P66","China Mainland","Pharma Machinery & Packaging Machinery","https://www.pharmasources.com/company-home/zhejiang-kexing-automatic-control-equipm-userId-157411.html","https://exhibitors.cphi-china.cn/assets/imgs/sp_mob.png"
"Zhejiang Langhua Pharmaceutical Co., Ltd.","9E55","China Mainland","Pharma Ingredients","https://www.pharmasources.com/company-home/zhejiang-langhua-pharmaceutical-co-ltd-userId-148045.html","https://exhibitors.cphi-china.cn/assets/imgs/sp_mob.png"
"Zhejiang Lepu Pharmaceutical Co.,Ltd.","9D66","China Mainland","Pharma Ingredients","https://www.pharmasources.com/company-home/zhejiang-lepu-pharmaceutical-coltd-userId-139733.html","https://exhibitors.cphi-china.cn/assets/imgs/sp_mob.png"
"Zhejiang Realsun Chemical Co., Ltd.","9D79","China Mainland","Pharma Ingredients","https://www.pharmasources.com/company-home/zhejiang-realsun-chemical-co-ltd-userId-148234.html","https://exhibitors.cphi-china.cn/assets/imgs/sp_mob.png"
"Zhejiang Linrun Pharmaceutical Packaging Co., Ltd","9A22","China Mainland","Packaging & Drug Delivery","https://www.pharmasources.com/company-home/zhejiang-linrun-pharmaceutical-packaging-userId-157303.html","https://exhibitors.cphi-china.cn/assets/imgs/sp_mob.png"
"Zhejiang Peptites Biotech Co., Ltd.","9K38","China Mainland","Biotech","https://www.pharmasources.com/company-home/zhejiang-peptites-biotech-co-ltd-userId-146950.html","https://exhibitors.cphi-china.cn/assets/imgs/sp_mob.png"
"Aligned Technology Co., Ltd.","8A75","China Mainland","Pharma Machinery & Packaging Machinery","https://www.pharmasources.com/company-home/aligned-technology-co-ltd-userId-140306.html","https://exhibitors.cphi-china.cn/assets/imgs/sp_mob.png"
"ZHEJIANG RONGYAO BIOTECH CO.,LTD.","9J27","China Mainland","Biotech","https://www.pharmasources.com/company-home/zhejiang-rongyao-biotech-coltd-userId-147499.html","https://exhibitors.cphi-china.cn/assets/imgs/sp_mob.png"
"Zhejiang Sanhe Bio-tech Co.,Ltd","7D28","China Mainland","Natural Supply","https://www.pharmasources.com/company-home/zhejiang-sanhe-bio-tech-coltd-userId-140408.html","https://exhibitors.cphi-china.cn/assets/imgs/sp_mob.png"
"Zhejiang Senyo Biotech Co., Ltd.","7F27","China Mainland","Natural Supply","https://www.pharmasources.com/company-home/zhejiang-senyo-biotech-co-ltd-userId-140936.html","https://exhibitors.cphi-china.cn/assets/imgs/sp_mob.png"
"Zhejiang Shenzhou Pharmaceutical Co., Ltd.","9A62","China Mainland","Pharma Ingredients","https://www.pharmasources.com/company-home/zhejiang-shenzhou-pharmaceutical-co-ltd-userId-146505.html","https://exhibitors.cphi-china.cn/assets/imgs/sp_mob.png"
"Zhejiang Medicines & Health Products Imp. & Exp. Co., Ltd.","9I01","China Mainland","Pharma Ingredients","https://www.pharmasources.com/company-home/zhejiang-medicines-health-products-imp-e-userId-139727.html","https://exhibitors.cphi-china.cn/assets/imgs/sp_mob.png"
"Zhejiang Shengda Bio-Pharm Co., Ltd.","9B80","China Mainland","Pharma Ingredients","https://www.pharmasources.com/company-home/zhejiang-shengda-bio-pharm-co-ltd-userId-139862.html","https://exhibitors.cphi-china.cn/assets/imgs/sp_mob.png"
"Zhejiang Shengshi Bio-technology Co.,Ltd","7F69","China Mainland","Natural Supply","https://www.pharmasources.com/company-home/zhejiang-shengshi-bio-technology-coltd-userId-141037.html","https://exhibitors.cphi-china.cn/assets/imgs/sp_mob.png"
"ZHEJIANG SHUANGHENG HEALTH INDUSTRY CO.,LTD.","7E12","China Mainland","Natural Supply","https://www.pharmasources.com/company-home/zhejiang-shuangheng-health-industry-colt-userId-146021.html","https://exhibitors.cphi-china.cn/assets/imgs/sp_mob.png"
"Zhejiang Tianfu Technology Co.，Ltd","9M57","China Mainland","Pharma Machinery & Packaging Machinery","https://www.pharmasources.com/company-home/zhejiang-tianfu-technology-coltd-userId-140237.html","https://exhibitors.cphi-china.cn/assets/imgs/sp_mob.png"
"ZHEJIANG TIANHONG MACHINERY CO.,LTD.","8A65","China Mainland","Pharma Machinery & Packaging Machinery","https://www.pharmasources.com/company-home/zhejiang-tianhong-machinery-coltd-userId-140251.html","https://exhibitors.cphi-china.cn/assets/imgs/sp_mob.png"
"Zhejiang Tiantai Pharmaceutical Co.,Ltd.","9D89","China Mainland","Pharma Ingredients","https://www.pharmasources.com/company-home/zhejiang-tiantai-pharmaceutical-coltd-userId-139737.html","https://exhibitors.cphi-china.cn/assets/imgs/sp_mob.png"
"ZHEJIANG TIANYI FOOD ADDITIVES CO., LTD","9F60","China Mainland","Pharma Ingredients","https://www.pharmasources.com/company-home/zhejiang-tianyi-food-additives-co-ltd-userId-144537.html","https://exhibitors.cphi-china.cn/assets/imgs/sp_mob.png"
"ZHEJIANG TONGHENGXIE PHARMACEUTICAL PACKAGING CO. LTD.","9A50","China Mainland","Packaging & Drug Delivery","https://www.pharmasources.com/company-home/zhejiang-tonghengxie-pharmaceutical-pack-userId-156206.html","https://exhibitors.cphi-china.cn/assets/imgs/sp_mob.png"
"Zhejiang Weishi Biotechnology Co., Ltd.","9B79","China Mainland","Pharma Ingredients","https://www.pharmasources.com/company-home/zhejiang-weishi-biotechnology-co-ltd-userId-143942.html","https://exhibitors.cphi-china.cn/assets/imgs/sp_mob.png"
"ZHEJIANG XIANFENG TECHNOLOGY GROUP CO.,LTD.","9I50","China Mainland","AI Tech & Contract Service","https://www.pharmasources.com/company-home/zhejiang-xianfeng-technology-group-coltd-userId-146227.html","https://exhibitors.cphi-china.cn/assets/imgs/sp_mob.png"
"Zhejiang Xiaolun Intelligent Manufacturing Co., Ltd.","9M66","China Mainland","Pharma Machinery & Packaging Machinery","https://www.pharmasources.com/company-home/zhejiang-xiaolun-intelligent-manufacturi-userId-140232.html","https://exhibitors.cphi-china.cn/assets/imgs/sp_mob.png"
"ZHEJIANG XINCHUANGXING TECHNOLOGY CO.,LTD.","8J26","China Mainland","Pharma Machinery & Packaging Machinery","https://www.pharmasources.com/company-home/zhejiang-xinchuangxing-technology-coltd-userId-142209.html","https://exhibitors.cphi-china.cn/assets/imgs/sp_mob.png"
"ZHEJIANG NHU COMPANY LTD.","9D12","China Mainland","Pharma Ingredients","https://www.pharmasources.com/company-home/zhejiang-nhu-company-ltd-userId-139720.html","https://exhibitors.cphi-china.cn/assets/imgs/sp_mob.png"
"Zhejiang Sanhe Pharmachem Co., Ltd.,","9D97","China Mainland","Pharma Ingredients","https://www.pharmasources.com/company-home/zhejiang-sanhe-pharmachem-co-ltd-userId-139851.html","https://exhibitors.cphi-china.cn/assets/imgs/sp_mob.png"
"Zhejiang Wild Wind Pharmaceutical Co.,Ltd.","9T30","China Mainland","Pharma Ingredients","https://www.pharmasources.com/company-home/zhejiang-wild-wind-pharmaceutical-coltd-userId-141684.html","https://exhibitors.cphi-china.cn/assets/imgs/sp_mob.png"
"Zhejiang Eazy Pharmchem Co., Ltd.","9D56","China Mainland","Pharma Ingredients","https://www.pharmasources.com/company-home/zhejiang-eazy-pharmchem-co-ltd-userId-141686.html","https://exhibitors.cphi-china.cn/assets/imgs/sp_mob.png"
"Zhejiang Youchuang Material Technology Co., Ltd","9L02","China Mainland","Pharma Ingredients","https://www.pharmasources.com/company-home/zhejiang-youchuang-material-technology-c-userId-143590.html","https://exhibitors.cphi-china.cn/assets/imgs/sp_mob.png"
"Zhejiang Yuanbang Fluid Technology Co., Ltd.","8B80","China Mainland","Pharma Machinery & Packaging Machinery","https://www.pharmasources.com/company-home/zhejiang-yuanbang-fluid-technology-co-lt-userId-145788.html","https://exhibitors.cphi-china.cn/assets/imgs/sp_mob.png"
"Zhejiang Zhenyuan Pharmaceutical Co., Ltd.","9F95","China Mainland","Pharma Ingredients","https://www.pharmasources.com/company-home/zhejiang-zhenyuan-pharmaceutical-co-ltd-userId-146920.html","https://exhibitors.cphi-china.cn/assets/imgs/sp_mob.png"
"Zhejiang Zhong Shark Industrial Technology Co., Ltd","8B65","China Mainland","Pharma Machinery & Packaging Machinery","https://www.pharmasources.com/company-home/zhejiang-zhong-shark-industrial-technolo-userId-146278.html","https://exhibitors.cphi-china.cn/assets/imgs/sp_mob.png"
"Zhejiang Zhongxin Fluoride Materials Co., Ltd.","9F36","China Mainland","Pharma Ingredients","https://www.pharmasources.com/company-home/zhejiang-zhongxin-fluoride-materials-co--userId-142183.html","https://exhibitors.cphi-china.cn/assets/imgs/sp_mob.png"
"Summitek Packaging Technology(Guangdong) Co.,Ltd.","7C25","China Mainland","Beauty & Cosmetics Supply Chain","https://www.pharmasources.com/company-home/summitek-packaging-technologyguangdong-c-userId-147517.html","https://exhibitors.cphi-china.cn/assets/imgs/sp_mob.png"
"Probioway Co., Ltd","7E50","China Mainland","Natural Supply","https://www.pharmasources.com/company-home/probioway-co-ltd-userId-156362.html","https://exhibitors.cphi-china.cn/assets/imgs/sp_mob.png"
"Zhengzhou Minzhong Pharmaceutical Co., Ltd.","9B56","China Mainland","Pharma Ingredients","https://www.pharmasources.com/company-home/zhengzhou-minzhong-pharmaceutical-co-ltd-userId-140169.html","https://exhibitors.cphi-china.cn/assets/imgs/sp_mob.png"
"Zhengzhou Shunyi Technology Co., Ltd","8A70","China Mainland","Pharma Machinery & Packaging Machinery","https://www.pharmasources.com/company-home/zhengzhou-shunyi-technology-co-ltd-userId-156170.html","https://exhibitors.cphi-china.cn/assets/imgs/sp_mob.png"
"Zhengzhou Freshliance Electronics Corp., Ltd.","8G66","China Mainland","Laboratory Instruments & Equipment","https://www.pharmasources.com/company-home/zhengzhou-freshliance-electronics-corp-l-userId-146810.html","https://exhibitors.cphi-china.cn/assets/imgs/sp_mob.png"
"Zhihe Biotechnology (Changzhou) Co., LTD","7G16","China Mainland","Natural Supply","https://www.pharmasources.com/company-home/zhihe-biotechnology-changzhou-co-ltd-userId-156567.html","https://exhibitors.cphi-china.cn/assets/imgs/sp_mob.png"
"Zein Biotechnology Co., Ltd.","9E36","China Mainland","Pharma Ingredients","https://www.pharmasources.com/company-home/zein-biotechnology-co-ltd-userId-142105.html","https://exhibitors.cphi-china.cn/assets/imgs/sp_mob.png"
"PERIC Special Gases Co.,Ltd","9F65","China Mainland","Pharma Ingredients","https://www.pharmasources.com/company-home/peric-special-gases-coltd-userId-144382.html","https://exhibitors.cphi-china.cn/assets/imgs/sp_mob.png"
"China Sinopharm International Corporation","9E98","China Mainland","Pharma Ingredients","https://www.pharmasources.com/company-home/china-sinopharm-international-corporatio-userId-145709.html","https://exhibitors.cphi-china.cn/assets/imgs/sp_mob.png"
"Institute of Medical Biology Chinese Academy of Medical Sciences","9L50","China Mainland","Biotech","https://www.pharmasources.com/company-home/institute-of-medical-biology-chinese-aca-userId-145806.html","https://exhibitors.cphi-china.cn/assets/imgs/sp_mob.png"
"中和天臣制药设备（上海）有限公司","8F69","China Mainland","Pharma Machinery & Packaging Machinery","https://www.pharmasources.com/company-home/-userId-148310.html","https://exhibitors.cphi-china.cn/assets/imgs/sp_mob.png"
"SINOCHEM PHARMACEUTICAL CO.,LTD.","9C70","China Mainland","Pharma Ingredients","https://www.pharmasources.com/company-home/sinochem-pharmaceutical-coltd-userId-139801.html","https://exhibitors.cphi-china.cn/assets/imgs/sp_mob.png"
"CIMC Cold Tech(Beijing)Supply Chain Management Co., Ltd.","9J30","China Mainland","Biotech","https://www.pharmasources.com/company-home/cimc-cold-techbeijingsupply-chain-manage-userId-143466.html","https://exhibitors.cphi-china.cn/assets/imgs/sp_mob.png"
"CIMC Green Energy Technology (Guangdong) Co.,Ltd","9L21","China Mainland","Pharma Ingredients","https://www.pharmasources.com/company-home/cimc-green-energy-technology-guangdong-c-userId-157501.html","https://exhibitors.cphi-china.cn/assets/imgs/sp_mob.png"
"Valiant Co., Ltd","9E20","China Mainland","Pharma Ingredients","https://www.pharmasources.com/company-home/valiant-co-ltd-userId-142177.html","https://exhibitors.cphi-china.cn/assets/imgs/sp_mob.png"
"CIGEAIR(SHENZHEN)TECHNOLOGY GROUP CO.,LTD.","8C50","China Mainland","Clean Technology","https://www.pharmasources.com/company-home/cigeairshenzhentechnology-group-coltd-userId-146297.html","https://exhibitors.cphi-china.cn/assets/imgs/sp_mob.png"
"Sinolead Pharmaceutical (Hangzhou) Co.,Ltd.","9L56","China Mainland","Finished Dosage","https://www.pharmasources.com/company-home/sinolead-pharmaceutical-hangzhou-coltd-userId-145770.html","https://exhibitors.cphi-china.cn/assets/imgs/sp_mob.png"
"Chongpu Deneng Technology Group Co.,Ltd","8C60","China Mainland","Clean Technology","https://www.pharmasources.com/company-home/chongpu-deneng-technology-group-coltd-userId-156622.html","https://exhibitors.cphi-china.cn/assets/imgs/sp_mob.png"
"Zhongshan Wanhan Pharmaceuticals Co., Ltd.","9E27","China Mainland","Pharma Ingredients","https://www.pharmasources.com/company-home/zhongshan-wanhan-pharmaceuticals-co-ltd-userId-147910.html","https://exhibitors.cphi-china.cn/assets/imgs/sp_mob.png"
"Akso","8C12d","China Mainland","Smart Manufacturing","https://www.pharmasources.com/company-home/akso-userId-157583.html","https://exhibitors.cphi-china.cn/assets/imgs/sp_mob.png"
"Porton Pharma Solutions Ltd","9I39","China Mainland","AI Tech & Contract Service","https://www.pharmasources.com/company-home/porton-pharma-solutions-ltd-userId-139816.html","https://exhibitors.cphi-china.cn/assets/imgs/sp_mob.png"
"Chongqing Firster Biopharm Co.,Ltd.","9M18","China Mainland","Pharma Ingredients","https://www.pharmasources.com/company-home/chongqing-firster-biopharm-coltd-userId-145936.html","https://exhibitors.cphi-china.cn/assets/imgs/sp_mob.png"
"CONIER CHEM AND PHARMA LIMITED","9F16","China Mainland","Pharma Ingredients","https://www.pharmasources.com/company-home/conier-chem-and-pharma-limited-userId-145607.html","https://exhibitors.cphi-china.cn/assets/imgs/sp_mob.png"
"Chongqing Kangcheng Yongsheng Instruments Co., Ltd.","8F58","China Mainland","Laboratory Instruments & Equipment","https://www.pharmasources.com/company-home/chongqing-kangcheng-yongsheng-instrument-userId-147440.html","https://exhibitors.cphi-china.cn/assets/imgs/sp_mob.png"
"Chongqing Qiantai Pharma Co. Ltd.","9F12","China Mainland","Pharma Ingredients","https://www.pharmasources.com/company-home/chongqing-qiantai-pharma-co-ltd-userId-157396.html","https://exhibitors.cphi-china.cn/assets/imgs/sp_mob.png"
"Chongqing Southwest No.2 Pharmaceutical Factory Co.,Ltd.","9K75","China Mainland","Finished Dosage","https://www.pharmasources.com/company-home/chongqing-southwest-no2-pharmaceutical-f-userId-141759.html","https://exhibitors.cphi-china.cn/assets/imgs/sp_mob.png"
"ZHOUSHAN SINOMEGA BIOTECH ENGINEERING CO.,LTD.","7F50","China Mainland","Natural Supply","https://www.pharmasources.com/company-home/zhoushan-sinomega-biotech-engineering-co-userId-140651.html","https://exhibitors.cphi-china.cn/assets/imgs/sp_mob.png"
"APURY","8F72","China Mainland","Laboratory Instruments & Equipment","https://www.pharmasources.com/company-home/apury-userId-148398.html","https://exhibitors.cphi-china.cn/assets/imgs/sp_mob.png"
"Zhuhai Kerui Biotechnology Co., Ltd","9M01","China Mainland","Pharma Ingredients","https://www.pharmasources.com/company-home/zhuhai-kerui-biotechnology-co-ltd-userId-156822.html","https://exhibitors.cphi-china.cn/assets/imgs/sp_mob.png"
"Zhuhai Rundu Pharmaceutical Co.,Ltd.","9F39a","China Mainland","Pharma Ingredients","https://www.pharmasources.com/company-home/zhuhai-rundu-pharmaceutical-coltd-userId-146311.html","https://exhibitors.cphi-china.cn/assets/imgs/sp_mob.png"
"Zhuhai Jinwan District Investment Promotion Bureau","9M50","China Mainland","Biotech","https://www.pharmasources.com/company-home/zhuhai-jinwan-district-investment-promot-userId-157567.html","https://exhibitors.cphi-china.cn/assets/imgs/sp_mob.png"
"VITALPHARMS COMPANY LTD.","9F39b","China Mainland","Pharma Ingredients","https://www.pharmasources.com/company-home/vitalpharms-company-ltd-userId-143639.html","https://exhibitors.cphi-china.cn/assets/imgs/sp_mob.png"
"Zhuhai Yourun Pharmaceutical Technology Co., Ltd","9H97","China Mainland","Pharma Ingredients","https://www.pharmasources.com/company-home/zhuhai-yourun-pharmaceutical-technology--userId-143169.html","https://exhibitors.cphi-china.cn/assets/imgs/sp_mob.png"
"Linkoptik Instruments Co.,Ltd.","8G21","China Mainland","Laboratory Instruments & Equipment","https://www.pharmasources.com/company-home/linkoptik-instruments-coltd-userId-146257.html","https://exhibitors.cphi-china.cn/assets/imgs/sp_mob.png"
"ZHUCHENG HUAYUAN BIOENGINEERING CO., LTD","7F56","China Mainland","Natural Supply","https://www.pharmasources.com/company-home/zhucheng-huayuan-bioengineering-co-ltd-userId-144305.html","https://exhibitors.cphi-china.cn/assets/imgs/sp_mob.png"
"BRIMED","9T58","China Mainland","Pharma Ingredients","https://www.pharmasources.com/company-home/brimed-userId-140352.html","https://exhibitors.cphi-china.cn/assets/imgs/sp_mob.png"
"Zibo Kangli Plastic Co., Ltd.","9P26","China Mainland","Packaging & Drug Delivery","https://www.pharmasources.com/company-home/zibo-kangli-plastic-co-ltd-userId-157466.html","https://exhibitors.cphi-china.cn/assets/imgs/sp_mob.png"
"Zibo Qianhui Biological Technology Co.,LTD","9H80","China Mainland","Pharma Excipients","https://www.pharmasources.com/company-home/zibo-qianhui-biological-technology-coltd-userId-140089.html","https://exhibitors.cphi-china.cn/assets/imgs/sp_mob.png"
"Zibo Taiji Industrial Enamel Co., Ltd.","8E90","China Mainland","Pharma Machinery & Packaging Machinery","https://www.pharmasources.com/company-home/zibo-taiji-industrial-enamel-co-ltd-userId-144933.html","https://exhibitors.cphi-china.cn/assets/imgs/sp_mob.png"
"Zibo Yuanhao Packaging Products Co., Ltd.","7A37","China Mainland","Beauty & Cosmetics Supply Chain","https://www.pharmasources.com/company-home/zibo-yuanhao-packaging-products-co-ltd-userId-157400.html","https://exhibitors.cphi-china.cn/assets/imgs/sp_mob.png"