Category,Company Name,Booth No.
Consumer Electronics,Shenzhen Enya Music Innovation Technology Co. Ltd,"14C48,14C50"
Consumer Electronics,Shenzhen Maxco Technology Co.Ltd.,14E11-20
Consumer Electronics,Dongguan Shanli Technology Co. Ltd.,14C57
Consumer Electronics,Zdeer Industrial (Hubei) Co. Ltd.,14E21-30
Consumer Electronics,SCS Technology CoLtd,14C58
Consumer Electronics,Shenzhen IDMIX Innovative Products Co.Ltd.,14E31-34
Consumer Electronics,Shantou Chaoshangpinsheng Digital Technology Co. Ltd.,"14C60,14C62"
Consumer Electronics,Shangxing Technology (Shenzhen) Co. Ltd.,14E41-44
Consumer Electronics,Jieyang Junte Motor Co. Ltd.,14C67
Consumer Electronics,Guangdong Weidasi Electric Appliance Co. Ltd.,14E45-46
Consumer Electronics,Zhongshan Worth Electronic Technology Co. Ltd,14C68
Consumer Electronics,Shenzhen Weiduli Technology Co. Ltd.,14E47-50
Consumer Electronics,Shenzhen Jianhao Technology Co. Ltd.,14C69
Consumer Electronics,Dongguan Chuang Jie Electronics Co Ltd.,14E53-56
Consumer Electronics,Lixiangzhe Technology (Shenzhen) Co. Ltd.,14C71
Consumer Electronics,Dongguan Qusheng Industrial Co. Ltd.,14E57-58
Consumer Electronics,Guangdong Hero Technology Co.Ltd,14C75
Consumer Electronics,SHENZHEN TOLEDA DIGITAL TECHNOLOGIES CO.LTD,14E63-66
Consumer Electronics,Shenzhen Newmine Hongye Technology Co.Ltd.,14D01-06
Consumer Electronics,Shenzhen Xiboman Electronics Co. Ltd.,14E67
Consumer Electronics,Shanghai Zhongchentai Trading Co. Ltd.,"14D07,14D09"
Consumer Electronics,GUANGDONG MIGOBON NEW MATERIAL TECHNOLOGY CO.LTD,14E68
Consumer Electronics,Shenzhen Yipeichuangzhan Electronics Co. Ltd.,"14D08,14D10"
Consumer Electronics,Zhaoqing Langda Hardware Precision Manufacturing Co. Ltd.,14E69
Consumer Electronics,Shenzhen New Brightyoung Electronics Co.LTD,"14D11,14D13"
Consumer Electronics,Beijing Honor The Unknown Technology Co. Ltd.,"14E70,14E72"
Consumer Electronics,SHENZHEN TONGXINGRUI TECHNOLOGY CO.LTD.,14D15
Consumer Electronics,Shenzhen Saiwen Industrial Co. Ltd.,14E71
Consumer Electronics,Shenzhen Innovation and Win-win Industrial Co. Ltd,14D16
Consumer Electronics,Shenzhen Ediﬁer Technology Co. Ltd.,14F01-04
Consumer Electronics,Dongguan Henghui Electronics Co. Ltd.,"14D27,14D29"
Consumer Electronics,Shenzhen Wopow Technology Co.LTD,14F15-20
Consumer Electronics,Chongqing Minguyuan E-commerce Co. Ltd.,14D37-40
Consumer Electronics,Hoco technology development（SHENZHEN) co.Ltd,14F31-36
Consumer Electronics,Shenzhen Guanxu Electronics Co. Ltd.,14D41-44
Consumer Electronics,Shenzhen Zhimei Century Industrial Co. Ltd.,14F41-46
Consumer Electronics,Shantou Jiancheng Electronic Technology Co. Ltd.,"14D48,14D50"
Consumer Electronics,Shenzhen Yujieshi Technology Development Co. Ltd.,14F59-62
Consumer Electronics,Shenzhen Caibo Technology Co.Ltd,"14D53,14D55,14D57"
Consumer Electronics,Shenzhen EAGET Industry Co. Ltd.,14F63-66
Consumer Electronics,Shenzhen Aidisheng Technology Co. Ltd,"14D54,14D56"
Consumer Electronics,Huayi Technology (Shenzhen) Co. Ltd.,14F67-68
Consumer Electronics,Shenzhen maniway electronics limited,14D58
Consumer Electronics,Shaoxing longcaiju photographic equipment Co. Ltd.,"14F69,14F71"
Consumer Electronics,Shenzhen Zhixiang Life Technology Co. Ltd.,"14D60,14D62"
Consumer Electronics,Shenzhen Leading Technology Co.Ltd,14F70
Consumer Electronics,Ayizhun (Huizhou) Electronic Technology Co. Ltd.,"14D63,14D65"
Consumer Electronics,SHENZHEN KELIBO TECHNOLOGY CO.LTD.,"14F75,14F77"
Consumer Electronics,Dongguan 225 Electronic Technology Co. Ltd.,"14D64,14D66"
Consumer Electronics,Kanglv Electric Appliances (Dongguan) Co. Ltd.,"14G01,14G03"
Consumer Electronics,Shenzhen Taineng Technology Co. Ltd.,14D67
Consumer Electronics,Shenzhen Meruhua Electronic Technology Co. Ltd.,14G05
Consumer Electronics,Shenzhen Circlehope technology Co. ltd,14D72
Consumer Electronics,Shenzhen Shanwan Technology Co. Ltd.,14G06
Consumer Electronics,Dongguan Wauxinke Precision Mold Co. ltd,14D75-76
Consumer Electronics,Shenzhen Keyi Technology Co. Ltd.,14G07-10
Consumer Electronics,Shenzhen Suoai Jiesheng Technology Co. Ltd.,14E01-06
Consumer Electronics,Shenzhen SuiTan Technology Co. Ltd.,"14G12,14G14"
Consumer Electronics,Goodayy Intelligent Technology Co. Ltd.,14G16
Consumer Electronics,Xunyi Electronics Co. Ltd,14H76
Consumer Electronics,Shenzhen Shengyin Epoch Technology Co. Ltd.,14G21-26
Consumer Electronics,Shenzhen Keke Innovation Technology Development Co. Ltd.,14J01-04
Consumer Electronics,DIGIVIEW TECHNOLOGY LIMITED,"14G32,14G34"
Consumer Electronics,Shenzhen Zhiletang Technology Co. Ltd.,14J15
Consumer Electronics,Guangzhou Langston Electronic Technology Co. Ltd.,14G41-44
Consumer Electronics,Lipin Technology (Shenzhen) Co.Ltd,14J16
Consumer Electronics,Shenzhen Lekeke Innovation Technology Co. Ltd.,14G45
Consumer Electronics,Guangdong Pisen Electronics Co.Ltd.,14J17-20
Consumer Electronics,Dongguan Youhechuang Electronic Technology Co. Ltd.,"14G47,14G49"
Consumer Electronics,Jieyang Saiqiya Electric Appliance Industry Co.ltd.,14J21-24
Consumer Electronics,Dongguan Leizun Electronic Technology Co.Ltd,"14G48,14G50"
Consumer Electronics,Shenzhen Yijiashishang Technology Co. Ltd.,14J25
Consumer Electronics,Shantou Chenghai Lubote Plastic Products Factory,"14G63,14G65"
Consumer Electronics,SHENZHEN FORM ELECTRONICS CO.LTD,14J26
Consumer Electronics,DONGGUAN INDENA ELECTRONIC TECHNOLOGY CO.LTD,"14G64,14G66"
Consumer Electronics,Dongguan Chuanglian Technology Co. Ltd,14J36
Consumer Electronics,Hangzhou Weilaiyouguang Technology Co. Ltd.,14G67
Consumer Electronics,Shantou Yuansheng Electronic Technology Co. Ltd.,14J37-40
Consumer Electronics,Zhongshan Weide Plastic Products Co. Ltd.,14G69
Consumer Electronics,Dongguan Zhenghao Electronic Technology Co. Ltd.,"14J45,14J47,14J49"
Consumer Electronics,Shenzhen Meihuibao Electronic Technology Co. Ltd.,14G71
Consumer Electronics,Ningbo YeGuang Electrical Technology Co.Ltd.,14J48
Consumer Electronics,SHENZHEN FUTURE ACCESS TECHNOLOGY CO.LIMITED,14H01-04
Consumer Electronics,Shenzhen Shouyixin Technology Co.Ltd.,14J50
Consumer Electronics,Dongguan Hanhui Electronics Co. Ltd.,14H06
Consumer Electronics,Guangzhou Xingyue Trading Co. Ltd,"14J63,14J65"
Consumer Electronics,Guangdong Weiking Acoustic Co.Ltd,14H07-10
Consumer Electronics,GODOX PHOTO EQUIPMENT CO. LTD.,"14J64,14J66"
Consumer Electronics,Shenzhen Tianyisheng Technology Co. Ltd.,14H15
Consumer Electronics,Shenzhen Ddh Plastic Products Co.Ltd,14J71
Consumer Electronics,Guangdong Xiaofang Technology Co. Ltd.,14H16
Consumer Electronics,Shenzhen Xiaohu Xingtong Technology Co. Ltd.,14J72
Consumer Electronics,Shenzhen Kelamei Technology Co. Ltd.,"14H31,14H33"
Consumer Electronics,Zhongshan i-Regal Electronics Co.Ltd,14K05
Consumer Electronics,Shenzhen Tongfang Xinrui Technology Development Co.Ltd,"14H32,14H34"
Consumer Electronics,TOPWAY EM ENTERPRISE LIMITED,"14K07,14K09"
Consumer Electronics,Huizhou Chaokupin Technology Co. Ltd.,14H36
Consumer Electronics,Dongguan Beny Electronic Technology Co.Ltd,"14K11,14K13"
Consumer Electronics,Shenzhen Youzhisheng Technology Co. Ltd.,14H45
Consumer Electronics,Dongguan Zhongling Electronics Co. Ltd.,14K15
Consumer Electronics,Shantou Chaojingdian Electric Appliance Co. Ltd.,"14H47,14H49"
Consumer Electronics,Dongguan Lefang Industrial Co. Ltd.,"14K17,14K19"
Consumer Electronics,Nanjing Haohan Technology Co. Ltd.,"14H48,14H50"
Consumer Electronics,Shenzhen Yayusi Electronic Technology Co. Ltd,"14K21,14K23"
Consumer Electronics,Shenzhen Jindian Cultural Supplies Co. Ltd.,14H53
Consumer Electronics,Shenzhen Yuanguanghao Electronics Co.Ltd.,14K31
Consumer Electronics,Shenzhen Liwei Digital Products Co. Ltd.,14H67
Consumer Electronics,Jiangmen Hengji Craft Technology Co. Ltd.,"14K41,14K43"
Consumer Electronics,SHENZHEN YUQUANJIUYANG TECHNOLOGY CO.,14H68
Consumer Electronics,Shenzhen Huanyuzhiguang Technology Co. Ltd.,14K57
Consumer Electronics,Shenzhen Jinli Industrial Co. Ltd.,14H70
Consumer Electronics,ACCESS LASER (SHENZHEN) CO. LTD.,14K67
Consumer Electronics,Shenzhen Xinjunmeng Energy Technology Co. Ltd.,14H72
Consumer Electronics,Shenzhen Yingkecheng Technology Co. Ltd/Shenzhen Chuangyao Technology Co. Ltd,14K69
Consumer Electronics,Shantou Chenghai Daxing Plastic Products Factory,14H75
Consumer Electronics,Guangzhou Hezhi Technology Co. Ltd.,"14S02,14S04"
Consumer Electronics,Guangdong Jinxiaohou Technology Co. Ltd.,"16B01,16B03"
Consumer Electronics,Dongguan Gorges Technology Co.Ltd,"16G47,16G49"
Consumer Electronics,JIEYANG CITY YUXIN MOTOR CO.LTD,"16B02,16B04"
Consumer Electronics,Shenzhen Douhaha Culture Media Co. Ltd.,"16G53,16G55"
Consumer Electronics,Shenzhen Xinfengxing Electronic Technology Co. Ltd,16B09
Consumer Electronics,Dongguan Keyi Hardware Co. Ltd,"16G60,16G62"
Consumer Electronics,Dongguan Lufei Silicone Products Co. Ltd.,16B16
Consumer Electronics,Zhuhai Meding Co-CreateTechnology Co. Ltd.,"16G64,16G66"
Consumer Electronics,Zhongshan Yang Guo Electronic Technology Co.Ltd.,16B21-24
Consumer Electronics,DONGGUAN SUOAI ELECTRONICS CO.LTD,16G68
Consumer Electronics,Guangzhou Haohuan Technology Co. Ltd.,16C01-10
Consumer Electronics,Zhongshan Yizhixuan Lighting Co. Ltd.,16G72
Consumer Electronics,Nanjing Kungfudou Technology Co. Ltd.,"16C11,16C13"
Consumer Electronics,Fujian Gutai Technology Co. Ltd.,16G76
Consumer Electronics,Fanke Innovation Technology (Shenzhen) Co. Ltd.,"16C27,16C29"
Consumer Electronics,Shenzhen Dongxinhao Precision Mold Plastic Co. Ltd,16H07-10
Consumer Electronics,Foshan fengqing sci-technology co. ltd.,"16C36,8A58"
Consumer Electronics,Shenzhen shiguangxiu technology co.Ltd,16H17-20
Consumer Electronics,Shenzhen Huapeng Times Technology Co. Ltd.,16C37-40
Consumer Electronics,SHENZHEN AMOVAN INDUSTRY CO.TD.,"16H27,16H29"
Consumer Electronics,ORICO Technologies Co.Ltd,16C41-44
Consumer Electronics,Shenzhen Pengyuhong Technology Co. Ltd.,"16H31,16H33"
Consumer Electronics,Shenzhen Meiruishangpin Technology Co. Ltd.,16C56
Consumer Electronics,LIUHAO (NINGBO) TECHNOLOGY CO.LTD,16H46
Consumer Electronics,Shanxi Changkun Electronic Technology Co.LTD,16C64
Consumer Electronics,Shenzhen Telesin Digital Co. Ltd.,16H49
Consumer Electronics,Wonzhou Hongzhan Tochnology Co. LTD,16C75
Consumer Electronics,HDY ELECTRONIC TECHNOLOGY CO.LTD,"16H54,16H56"
Consumer Electronics,Shenzhen Weikousi Technology Co. Ltd.,16D01-04
Consumer Electronics,Wenzhou Aoshangkang Electronic Technology Co. Ltd.,16H58
Consumer Electronics,Dongguan Sanwu Life Technology Co. Ltd,16D06
Consumer Electronics,Zhongshan Shengyang Lighting Appliance Co. Ltd.,16H64
Consumer Electronics,Guangdong Hexu Technology Co. Ltd,"16D07,16D09"
Consumer Electronics,Dongguan Fifth Season Home Furnishings Co. Ltd.,16H66
Consumer Electronics,Shenzhen Yiniu Electronics Co. Ltd.,"16D12,16D14"
Consumer Electronics,Shenzhen Lianlijia Technology Co.Ltd.,16H70
Consumer Electronics,Shenzhen Pinjia Technology Co. Ltd.,16D21-24
Consumer Electronics,Shenzhen Xinmai Century Technology Co. Ltd.,16H72
Consumer Electronics,Jixiang (Zhongshan) Technology Co. Ltd.,"16D27,16D29"
Consumer Electronics,Shanghai Ruiyao Electronic Technology Co. Ltd.,"16J31,16J33"
Consumer Electronics,Shenzhen Ruichaoteng Technology Co. Ltd.,16D54
Consumer Electronics,Hefei Sunshine Energy Technology Co. Ltd.,16J35
Consumer Electronics,Dongguan Tianze Household Appliance Products Co. Ltd.,16E67-68
Consumer Electronics,Shenzhen Bole Intelligent Co. Ltd.,16J48
Consumer Electronics,Dongguan Like Silicone Products Co. Ltd.,16F16
Consumer Electronics,LiXin industrial (ShenZhen) Co.LTD,"16J54,16J56"
Consumer Electronics,Guangzhou Roiskin Co.Ltd,16F21-24
Consumer Electronics,Ningbo Zijiang Electronic Technology Co. Ltd.,16J57
Consumer Electronics,Shenzhen Songying Technology Co. Ltd.,16F63-66
Consumer Electronics,Beijing Yingshi'erda Public Relations Consultants Co. Ltd.,16J68
Consumer Electronics,Foshan Haosheng Electronics Co. Ltd.,16F76
Consumer Electronics,Shantou Norlyda Trading Co. Ltd,16J70
Consumer Electronics,Foshan X Fun Silicone Technology Co. Lid.,16G26
Consumer Electronics,SHENZHEN Yinxiaoqian Technology Co.Ltd,16J71
Consumer Electronics,Shenzhen Suoda Digital Technology Co. Ltd.,"16G28,16G30"
Consumer Electronics,Shenzhen Lianyingtai Technology Co. Ltd.,16J76
Consumer Electronics,Beijing Fengchao Century Technology Co. Ltd.,16G45
Consumer Electronics,Fuzhou Sanli Electronics Co. Ltd.,"16K01,16K03"
Consumer Electronics,Ningbo Youlite Automotive Products Co. Ltd.,"16K07,16K09"
Consumer Electronics,WenZhou Weilai Technology co. ctd,11A06
Consumer Electronics,Shenzhen Jingxiang Technology Co. Ltd.,16K13
Consumer Electronics,Shenzhen Xinxiuyuan Crafts Co. Ltd.,11A16
Consumer Electronics,Xiamen Xinrui Creative Electronic Technology Co. Ltd.,"16K37,16K39"
Consumer Electronics,Beijing Honglilongfa Trading Co. Ltd.,"11A18,11A20"
Consumer Electronics,Shantou Linyang Education & Toys Co. Ltd.,16K45
Consumer Electronics,Zhejiang Jufeng Crafts Co. Ltd.,"11A60,11A62,11E27-30"
Consumer Electronics,Dongguan Mingshangyuan Home Lighting Technology Co. Ltd.,16K47
Consumer Electronics,Shantou Chenghai Zerong Toys Co. Ltd.,11A90
Consumer Electronics,Shenzhen Yuewutao Technology Co. Ltd.,16K53
Consumer Electronics,Shenzhen Risheng Gifts Group Co.Ltd,11B07-10
Consumer Electronics,Shenzhen Wanray Electronic Technology Co. Ltd.,16K77
Consumer Electronics,MERRY HOORAY GIFT CO.LTD.,11B17-20
Consumer Electronics,Shenzhen Liyadi Photographic Equipment Co. Ltd.,16X05
Consumer Electronics,Shenzhen Biaozhiwang Technology Co. Ltd.,11B58
Consumer Electronics,Zhongshan AdiXun Technology Co. Ltd.,16X09
Consumer Electronics,Shantou Wuta Handmade Cultural Creativity Co. Ltd.,11B76
Consumer Electronics,Shenzhen Galaxy Guide Technology Co. Ltd.,16X11-12
Consumer Electronics,Guangzhou Emotional Gift Cultural Creativity Co. Ltd.,"11B85,11B87"
Consumer Electronics,Shenzhen Lingyi Innovation Technology Co. Ltd.,16X13
Consumer Electronics,DongGuan XinXiangLi Clothing Assistmaterial Co. Ltd.,11C59-62
Consumer Electronics,Shenzhen Nuosi Technology Co. Ltd.,16X15
Consumer Electronics,Jiangxi Aishang Industrial Design Co. Ltd.,11C75-78
Consumer Electronics,Shenzhen Yunguo Electronics Co. Ltd.,16X19-20
Consumer Electronics,Longgang Aojie Technology Co. Ltd.,"11C86,11C88"
Consumer Electronics,Leonardo Da Vinci Smart Technology (Guangdong) Co.Ltd,16X21
Consumer Electronics,Guangzhou Niuli Creative Technology Co. Ltd.,"11D54,11D56"
Consumer Electronics,Shenzhen Baierxun Technology Development Co. Ltd.,16X22
Consumer Electronics,Mijia Technology (Shanghai) Co. Ltd.,11D84
Consumer Electronics,Shenzhen Chuangyunda Electronic Technology Co. Ltd.,16X30
Consumer Electronics,Guangzhou Qiande Brand Operation Co.Ltd,11E63-66
Consumer Electronics,SHENZHEN LUCENT TECHNOLOGY CO.LIMITED,16X44
Consumer Electronics,Shanxian Lusheng Incense Co. Ltd.,11E85-88
Consumer Electronics,Shenzhenxinsheng lectronisCoLtd,16X45
Consumer Electronics,Yiwu Qiancheng Cultural Supplies Co. Ltd.,11F31-34
Consumer Electronics,Shenzhen SmarTeTechnology Co.Ltd,16X46
Consumer Electronics,Dongguan Zhaoyuan Gifts Co. Ltd.,"11F68,11F70"
Consumer Electronics,GLORY LIGHT TECHNOLOGY CO. LTD,16X47
Consumer Electronics,Xiamen Goowin Technology Co. Ltd.,11F85-88
Consumer Electronics,DongGuan XuKai Handcrafts Co.Ltd,"5A76,5A78"
Consumer Electronics,Yiwu B.phne Accessories Co.Ltd,11G05-10
Consumer Electronics,Ningbo Nianchu Home Co. Ltd.,5D27-30
Consumer Electronics,Guangzhou Qinghe Wencang Culture Development Co. LTD,11G26
Consumer Electronics,Ningbo Tairui Electronic Technology Co. Ltd.,5D70
Consumer Electronics,Zhongshan Chanchimao Culture Media Co. Ltd.,11G58
Consumer Electronics,Shenzhen Fuyuhanxin Technology Co. Ltd,5K25
Consumer Electronics,Shenzhen Qiansen Technology Co. Ltd.,11G59-62
Consumer Electronics,Zhejiang Jixinda Vacuum Ware Co. Ltd.,7G27-30
Consumer Electronics,Shengzhou Jieyu Garments Co. Ltd.,11H15-20
Consumer Electronics,Shenzhen Dayan Starry Sky Animation Technology Co. Ltd.,9C94
Consumer Electronics,Xingtai Yilinfeng Craft Products Co. Ltd,11H31-34
Consumer Electronics,Tianjin Seagull Watch Technology Co. Ltd.,"9D93,9D95"
Consumer Electronics,Guangdong Golden Brand Technology Co. Ltd,11H35-40
Consumer Electronics,Shenzhen Huayuxun Technology Co. Ltd.,9G53-56
Consumer Electronics,Jiangsu Yifan Jewelry Co. Ltd.,11J11-14
Consumer Electronics,Shenzhen Jiangyun Intelligence Co. Ltd,9M05
Consumer Electronics,Guangzhou Jinshang Guofeng Luggage Co. Ltd.,"11J48,11J50"
Cultural & Creative Products,Yida Packaging Products Manufacturing (Shenzhen) Co. Ltd.,"11J85,11J87"
Cultural & Creative Products,Shenzhen Jingzhilan Culture Communication Co. Ltd.,9A86
Cultural & Creative Products,Dongguan Jiaxin Creative Packaging Co. Ltd.,"11J86,11J88"
Cultural & Creative Products,Zhejiang Qianniu Supply Chain Service Co. Ltd.,9A92
Cultural & Creative Products,Shenzhen Zhizhuan Embroidery Co. Ltd.,11J90
Cultural & Creative Products,Dongguan Jintai Craft&Gifts Co LTD,"9B47,9B49"
Cultural & Creative Products,Shenzhen Zhiwuzhu Creative Technology Co. Ltd.,"11K47,11K49"
Cultural & Creative Products,Anhui Zhiqu Culture & Technology Co. Ltd.,9B58
Cultural & Creative Products,Yiwu Yixiang Crafts Co.Ltd,"11K53,11K55"
Cultural & Creative Products,Guangdong Guoya Culture & Sports Development Co. Ltd.,9B67
Cultural & Creative Products,Foshan Nanhai Haojia Craft Products Factory,11K69
Cultural & Creative Products,Qingdao Dianbeishijia Culture Communication Co. Ltd.,9B69
Cultural & Creative Products,Yiwu Rongsheng Crafts Co. Ltd.,"11K85,11K87"
Cultural & Creative Products,Shenzhen Qianyun Technology Co. Ltd.,9B92
Cultural & Creative Products,Quanzhou Shangke Arts and Crafts Co.Ltd.,11M07
Cultural & Creative Products,Guilin Jishanzhai Cultural & Creative Co. Ltd.,9C93
Cultural & Creative Products,Jiangxi Yitong Zhengda Crafts Co. Ltd.,11M25
Cultural & Creative Products,Zhejiang Zijingcu Industry & Trade Co. Ltd.,"9D53,9D55"
Cultural & Creative Products,Huizhou Fan Cultural Creative Co. LTD,11M27
Cultural & Creative Products,Jinhua Youyu Crafts Co. Ltd.,"9D68,9D70"
Cultural & Creative Products,Shenzhen Jinboyuan Fine Products Manufacturing Co. Ltd.,"11S01-04,6A18,6A20"
Cultural & Creative Products,Xiaowu (Beijing) Cultural & Creative Co. Ltd.,9D82
Cultural & Creative Products,Suzhou Herun Life Technology Development Co. Ltd.,13D30
Cultural & Creative Products,Quanzhou Langyide Changtai Garment Accessories Co. Ltd.,9D90
Cultural & Creative Products,Dongguan Jiahong Daily Necessities Manufacturing Co. Ltd.,14J07-10
Cultural & Creative Products,YANCHENG GLASSMAN ARTS & CRAFTS CO.LTD,9E73-76
Cultural & Creative Products,URBAN FOREST LIFESTYLE LIMITED,16C21-24
Cultural & Creative Products,Huizhou 0uchuangxing E-commerce Co. Ltd,9E79-82
Cultural & Creative Products,BESTDA TECHNOLOGY CO.LIMITED,16E01-10
Cultural & Creative Products,Wanwu Sanqian Technology (Beijing) Co. Ltd.,9G75
Cultural & Creative Products,Caoxian Kaituo Wood Co. Ltd.,5B36
Cultural & Creative Products,Beijing Ruixing Century Advertising Co. Ltd.,"9G79,9G81"
Cultural & Creative Products,Beijing Roc Sun Culture & Media Co. Ltd.,5E67
Cultural & Creative Products,Xizang Yunqi Zhilian Trading Co. Ltd.,9G96
Cultural & Creative Products,Zhongshan Zhuowo Lighting Technology Co. Ltd.,5E77
Cultural & Creative Products,Guangzhou Kenan Apparel Co. Ltd.,9H76
Cultural & Creative Products,Dongguan Gaobu Huicheng Plastic Products Store (Individual Business),5H25
Cultural & Creative Products,Shenzhen Lingxifang Culture & Technology Co. Ltd.,9H81
Cultural & Creative Products,Wenzhou Tianxiang giftS and crafts Co.ltd,5K55
Cultural & Creative Products,Xiamen Erqing Dashi Culture Media Co. Ltd.,9J81
Cultural & Creative Products,Zhejiang Nansanfu Food Co. Ltd.,6K13
Cultural & Creative Products,Muyouguanxi (Dongguan) Crafts Co. Ltd.,9J83-84
Cultural & Creative Products,Bengbu Tingrun Glassware Co. Ltd.,7C59-62
Cultural & Creative Products,Jiangxi Yaosheng Geyi Traditional Chinese Medicine Innovation Research Co. Ltd.,9J86
Cultural & Creative Products,Luoyang Xinlei Knitting Co. Ltd.,8A86
Cultural & Creative Products,Putian Qifu Crafts Co. Ltd.,9J89
Cultural & Creative Products,Hangzhou Silk Road Satin Co. Ltd.,8B06
Cultural & Creative Products,Shenzhen Fengmao Crafts & Gifts Co. Ltd.,9J90
Cultural & Creative Products,Hangzhou Tianhui Knitting Co.Ltd,8B69
Cultural & Creative Products,Nanning Books & Tea Cultural Communication Co. Ltd.,9J92
Cultural & Creative Products,Suzhou JL Silk Co.Ltd,8C86
Cultural & Creative Products,Wenzhou Yuli Craft & Gift Co. Ltd.,9K27
Cultural & Creative Products,TECH DESIGN CHINA LIMITED,8K67
Cultural & Creative Products,GOOD MOOD ANIMATION TECHNOLOGY CO.LTD,9K61-62
Cultural & Creative Products,Shenzhen Haoheng Leather Goods Co. Ltd,8M13
Cultural & Creative Products,Guangzhou Miaoxun Crafts Co. Ltd.,9K73
Cultural & Creative Products,Cixi Yudun Garments Co..Ltd,8M19
Cultural & Creative Products,Foshan Zhili Technology Co. Ltd.,9K79
Cultural & Creative Products,Dongguan Hongxinshun Technology Co. Ltd.,9K83
Cultural & Creative Products,Chaozhou Songfa Ceramics Co. Ltd.,7F21-30
Cultural & Creative Products,Shenzhen Yiwei Culture Communication Co. Ltd.,9M03
Cultural & Creative Products,Chaozhou Bailing Technology Co. Ltd.,"7F85,7F87"
Cultural & Creative Products,Shenzhen ImageTru3d Technology Co. Ltd,9M04
Cultural & Creative Products,Jieyang Shengweida Industry & Trade Co. Ltd.,7H70
Cultural & Creative Products,Liuyang Yikang Activated Carbon Crafts Factory (General Partnership),9M06
Cultural & Creative Products,Henan Yijiamei Household Products Co. Ltd.,7J17-20
Cultural & Creative Products,Dongguan Yihao Arts & Crafts Co. Ltd.,9M08
Cultural & Creative Products,Chaozhou Chaoan Baxing Hardware Co. Ltd.,7J87
Cultural & Creative Products,Shanghai Hongdingwu Crafts Co. Ltd.,9M11-12
Cultural & Creative Products,Chaozhou Chaoan Mumu Daily Necessities Co. Ltd.,7K25
Cultural & Creative Products,DONG GUAN CITY DIAIWAI GIFT.LTD,9M15-16
Cultural & Creative Products,GuangxiSanhuanEnterpriseGroupHOLDINGCo.1td,"7K27,7K29"
Cultural & Creative Products,Jieyang Xiliya Household Products Co. Ltd.,7K53
Cultural & Creative Products,Zhejiang Chuxuan Metal Products Co. Ltd.,7K77
Cultural & Creative Products,Chaozhou Chaoan Junrong Ceramics Co. Ltd.,11A58
Cultural & Creative Products,Jieyang Dayu Hardware Industrial Co. Ltd.,7M24
Cultural & Creative Products,Shanxi Hengyi Daily Necessities Co. Ltd.,5C07-10
Cultural & Creative Products,Henan Meijiusu Trading Co. Ltd.,"7S06,7S08"
Cultural & Creative Products,DONGGUAN LEATCH INDUSTRIAL CO.LTD,5C36
Cultural & Creative Products,Guangdong xinyide home furnishing Co. Ltd,7S23-24
Cultural & Creative Products,DONGGUAN FUBON RUBBER PRODUCTS CO.LTD,5G26
Cultural & Creative Products,Guangzhou Yangda New Material Technology Co. Ltd.,9A07-10
Cultural & Creative Products,Shenzhen Yakada Industrial Co. Ltd.,"5H82,5H84"
Cultural & Creative Products,Fiskars Commercial (Shanghai) Co.Ltd,9E41-50
Cultural & Creative Products,Anhui Juyou Glass Products Co. Ltd.,7A06
Cultural & Creative Products,Jingdezhen Guanyue Ceramics Culture Communication Co. Ltd.,9G89
Cultural & Creative Products,Chaozhou Yile Ceramics Co. Ltd.,"7A54,7A56"
Cultural & Creative Products,Guangdong Chuangsheng Stainless Steel Products Co. Ltd.,"7A60,7A62"
Cultural & Creative Products,Anhui Yike Environmental Technology Group Co. Ltd.,7B25
Cultural & Creative Products,Jieyang Rongcheng Shunzhan Household Products Factory,7C88
Cultural & Creative Products,Hangzhou Zhenhe Home Co. Ltd.,10A41-46
Cultural & Creative Products,Ningbo Modern Housewives Culture Media Co. Ltd.,"7D01-10,7E07-10"
Cultural & Creative Products,Tomic (Hangzhou) Houseware Co.Ltd.,10C21-30
Cultural & Creative Products,Guangzhou Linlin Trading Co. Ltd.,"7D12,7D14"
Cultural & Creative Products,Guangzhou SheKa E-commerce  Co. Ltd,"10D54,10D56"
Cultural & Creative Products,SHENZHEN HOME DESIGN HOUSEWARE LIMITED,7D26
Cultural & Creative Products,Anhui Jingchuang Electronic Technology Co. Ltd.,10E53-56
Cultural & Creative Products,Zibo Zhide Light Industrial Products Co. Ltd.,7D31-40
Cultural & Creative Products,Zhejiang Ailizhou Technology Co. Ltd.,10H07-10
Cultural & Creative Products,Hejian Depinfang Glass Products Co. Ltd.,7D84
Cultural & Creative Products,Shanghai TIMEMORE Coffee Equipment CO. LTD.,"10H54,10H56"
Cultural & Creative Products,Zibo Huaguang Ceramic Technology and Culture Co. LTD,7E21-30
Cultural & Creative Products,Yongkang Fulan Industry and Trade Co. Ltd.,"10J53,10J55"
Cultural & Creative Products,SHENZHEN STECHCOL CERAMIC CRAFTS CO. LTD.,7F01-10
Cultural & Creative Products,Yongkang Baifenbai Trading Co. Ltd.,10K11-14
Drinkware,ZHEJIANG YONGKANG HUACHUAN ELECTRICAL APPLIANCE CO.LTD.,10K27-30
Drinkware,Yongkang Baolaisi Cup Industry Co. Ltd.,5E47-50
Drinkware,Ruzhou Mingciju Industrial Co. Ltd.,11A72
Drinkware,Yongkang Guiren Cup Industry Co. Ltd.,5E53-56
Drinkware,Zhiqisen (Shenzhen) Technology Co. Ltd.,"11B82,11B84"
Drinkware,Guangzhou Xinli Industrial Co. Ltd.,5E57-62
Drinkware,Shandong Gebeitang Culture Co. Ltd.,11F41-50
Drinkware,Yongkang Xinxiao Technology Co. Ltd.,5E63-66
Drinkware,Hefei Youkouyoukou Daily Necessities Co. Ltd.,12F73-76
Drinkware,Zhejiang Jinhua Zige Kitchen Supplies Co. Ltd.,5E86
Drinkware,ZHUHAI CHEER TECHNOLOGY CO. LTD,12G31-34
Drinkware,Shanghai Jialv Household Products Co. Ltd.,5F63-66
Drinkware,Wuyi Lvdu Industry & Trade Co. Ltd.,"12G53,12G55"
Drinkware,Zhejiang Xiongshi Industry and Trade Co Ltd.,"5F69,5F71"
Drinkware,GERM,14H21-30
Drinkware,YONGKANG MANGO HOUSEWARE CO..LTD,5G21-24
Drinkware,Ningbo Mully Technology Co.Ltd,16D17-20
Drinkware,Fayren Economic Development Co.Limited,"5G32,5G34"
Drinkware,Guangzhou Boshang New Materials Co. Ltd.,"5A18,5A20"
Drinkware,Hefei Mingxia Industry & Trade Co. Ltd.,5G41-46
Drinkware,Zhejiang Yishuo Technology Co. Ltd.,"5A22,5A24"
Drinkware,Shenzhen Tedi Plastic Hardware Products Co. Ltd.,"5G47,5G49"
Drinkware,Dongguan Fukai Crafts Co. Ltd.,"5A42,5A44"
Drinkware,Yongkang Haoshun Daily Necessities Co. Ltd.,"5G53,5G55"
Drinkware,Zhejiang Muwei Industry & Trade Co. Ltd.,"5A60,5A62"
Drinkware,Yongkang Jingtong Industry and Trade Co. Ltd.,"5G54,5G56"
Drinkware,Yongkang Xiaomaque Trading Co. Ltd.,"5A64,5A66"
Drinkware,Yongkang Xubo Daily Necessities Co. Ltd.,5G63-66
Drinkware,Zhejiang Kaweiyi Technology Co. Ltd.,5B11-14
Drinkware,Guangzhou Shunyuan Plastic Hardware Product Limited Liability Company,5G69
Drinkware,Yongkang Runjue Industry & Trade Co. Ltd.,5B25-26
Drinkware,Zhejiang Senmei Zhaoye Smart Home Co. Ltd.,5H15-20
Drinkware,Guangzhou Dilebeier Daily Necessities Co. Ltd.,5B41-44
Drinkware,Yongkang Boan Home Products Co. Ltd.,5H35
Drinkware,Yongkang Tiansheng Cup Industry Co. Ltd.,5B82
Drinkware,Dehua Dasong Mingyao Ceramics Store,5H58
Drinkware,Suning county JieJie glass products co.LTD.,5C05
Drinkware,Zhejiang Yedi Industry & Trade Co. Ltd.,5H59-62
Drinkware,Xiamen Kuijia Exhibition Service Co. Ltd.,5C41-44
Drinkware,Shenzhen Zuowei Technology Co. Ltd.,5J05
Drinkware,YONGKANG CHAOLANG INDUSTRY & TRADE CO.LTD,"5C47,5C49"
Drinkware,Shantou Hualun Technology Co. Ltd.,5J17-20
Drinkware,Yongkang Zhisheng Industry & Trade Co. Ltd.,"5C48,5C50"
Drinkware,Zhongshan Chamashi Electric Technology Co. Ltd.,"5J37,5J39"
Drinkware,Yuehuo (Zhejiang) Baby Products Co. Ltd.,"5C53,5C55"
Drinkware,Wuyi Xinshifang Industry & Trade Co. Ltd.,"5J48,5J50"
Drinkware,Yongkang Aima Daily Necessities Co. Ltd.,5C63-66
Drinkware,Chaozhou Chaoan Huarong Metal & Plastic Co.Ltd.,"5J53,5J55"
Drinkware,Yongkang Yifeng Home Products Co. Ltd.,5D15
Drinkware,Yongkang Zhoujun Hardware Products Factory,"5J63,5J65"
Drinkware,Wuyi Taiqishuo Cup Industry Co. Ltd.,5D17-20
Drinkware,Yongkang Qingzhan Industry & Trade Co. Ltd.,"5J64,5J66"
Drinkware,Zhejiang Xianfeng Magnetic Materials Co. Ltd,5D41-44
Drinkware,Zhejiang Dongyang Shenghai Metal Products Co. Ltd.,"5J69,5J71"
Drinkware,Huizhou Amazing Square Plastic and Metal Manufacturing Ltd,5D71
Drinkware,Zhejiang Xinyankun Technology Co. Ltd.,5K09
Drinkware,Zhejiang Kuangdi Indurtry & Trade Co.Ltd,"5E11-20,5F11-20,7E15-20,7F41-46,7G31-40"
Drinkware,Yinshi (Yongkang) E-Commerce Co. Ltd.,"5K17,5K19"
Drinkware,Yongkang Yanda Industry & Trade Co. Ltd.,"5K27,5K29"
Drinkware,TAIZHOU HUANGYAN LINGZHI PLASTIC FACTORY,7H31-34
Drinkware,Zhejiang Langzhou Industry & Trade Co. Ltd.,"5K31,5K33"
Drinkware,Yongkang Meishi Industry & Trade Co. Ltd.,7H55
Drinkware,Yongkang Hongming Industry & Trade Co. Ltd.,"5K59,5K61"
Drinkware,Zhejiang Jirentianxiang Industry & Trade Co. Ltd.,"7H59,7H61"
Drinkware,Zhejiang Honghao Industry and trade Co. LTD,"5K69,5K71"
Drinkware,Yongkang Zemo Cup Co.ltd.,7H83
Drinkware,Chaozhou Tianyi Technology Co. Ltd.,"7A08,7A10"
Drinkware,Dehua Xingfeng Ceramics Research Institute,7H86
Drinkware,Zhejiang Haoshike Import & Export Co. Ltd.,"7A32,7A34"
Drinkware,Hunan Xianfeng Ceramics Co. Ltd.,7H87-88
Drinkware,LILING MEIHUA CERAMIC.CO.LTD,"7A64,7A66"
Drinkware,Yinuo (Guangdong) Household Products Co. Ltd.,"7J12,7J14"
Drinkware,YONGKANG CAMBRIAN INDUSTRY AND TRADE CO..LTD.,7A72
Drinkware,Zhejiang Jielaiya Industry & Trade Co. Ltd.,7J37-40
Drinkware,Yongkang Suoyuan Industry and Trade Co. Ltd,7B21-24
Drinkware,Yongkang Baoshi Industry & Trade Co. Ltd.,"7J53,7J55"
Drinkware,Yongkang Dingchun Industry & Trade Co. Ltd.,7B31-34
Drinkware,Yongkang Dingtai Industry & Trade Co. Ltd.,"7J59-62,8B85,8M17"
Drinkware,Chaozhou Chaoan Jiayi Hardware Products Co. Ltd.,7B70
Drinkware,Zhejiang Qihu Industry & Trade Co. Ltd.,7J72
Drinkware,Zhejiang Hongling Industry & Trade Co.Ltd.,7B75-78
Drinkware,Yongkang Chilei Industry & Trade Co. Ltd.,7J78
Drinkware,Shanghai Shuxi Trading Co. Ltd.,7C31-34
Drinkware,Guangdong Jinte Environmental Protection Co. Ltd.,7J84
Drinkware,Yongkang Jianyang Metal Co. Ltd.,7C41-44
Drinkware,LILINGTONGWEICERAMICSCO.L,7J85
Drinkware,Yongkang Miaojie Industry & Trade Co. Ltd.,"7C81,7C83"
Drinkware,Yongkang jiangnan daily goods factory,"7K11,7K13"
Drinkware,Zhejiang Yuneng Industrial Co. Ltd.,7D21-24
Drinkware,Fujian Dehua craftsman carpenter kiln ceramics Co.Ltd.,"7K21,7K23"
Drinkware,Zhejiang Yongkang Taiyang Industry & Trade Co. Ltd.,7D59-62
Drinkware,Zhejiang Kangfuhai Industry & Trade Co. Ltd.,"7K31,7K33"
Drinkware,Anhui Andong Jieke Glass Technology Co. Ltd.,7E41-50
Drinkware,Yongkang Leidi Industry & Trade Co. Ltd.,"7S13,7S15"
Drinkware,SHANDONG BEITAIHE POTTERY CO.LTD,7F11-20
Drinkware,Shanghai Zhouji Industrial Co. Ltd.,"8K81,8K83"
Drinkware,Shenzhen UZSPACE Co.Ltd.,7F53-58
Drinkware,Guangdong Dongtai Ceramics Industrial Co. Ltd.,9A01-06
Drinkware,Yiwu Zhuocheng Cultural Supplies Co. Ltd.,7F75-78
Drinkware,Fujian Dehua Bowei Arts Co. Ltd.,9B31-34
Drinkware,Yongkang Rubing Industry & Trade Co. Ltd.,"7F81,7F83"
Drinkware,Zhongshan Taihui Metal Technology Co. Ltd.,"9C54,9C56"
Drinkware,Yongkang Yiqianxi Cup Industry Co. Ltd.,"7F86,7F88"
Drinkware,Zhejiang Tianxi Network Technology Co. Ltd.,9D91-92
Drinkware,Yongkang Ruiying Industry & Trade Co. Ltd.,7G63-66
Drinkware,Guangzhou Shangmi Daily Necessities Co. Ltd.,9K35
Drinkware,Shantou Aikesi Plastic Products Co. Ltd.,"7G75,7G77"
Drinkware,Zhejiang Huangting Outdoor Products Co. Ltd.,"7G76,7G78,8C75,8C77"
Drinkware,Chaozhou Chaoan District Hengbang Ceramics Co.Ltd,7H21-24
Drinkware,Hainan Wanmingtang Technology Co. Ltd.,"10B69,10B71"
Foods & Drink,Shanxi Tianshangze Trading Co. Ltd.,"10J70,10J72"
Foods & Drink,Fujian Pinjian Food Co. Ltd.,4G07-10
Foods & Drink,Jiangsu Yangcheng Lake Hairy Crab Co. Ltd.,4A10
Foods & Drink,Henan Shaoyang Local Specialty Food Co. Ltd.,4G17-20
Foods & Drink,JIAJIAMEI,"4A18,4A20"
Foods & Drink,Hangzhou Xuanma Food Co. Ltd,4G21-26
Foods & Drink,Ningbo yushengxi Food Co.Ltd,4A30
Foods & Drink,HANGzhou Hu Ji Food Co.Ltd,4G27-30
Foods & Drink,Ningbo Ligeli Trading Co. Ltd.,4A34
Foods & Drink,Shantou Zhongcha Trading Co. Ltd.,4G31-34
Foods & Drink,Guangxi Yongheyuan Food Technology Co. Ltd.,4A38
Foods & Drink,Guangzhou Juxiangzhai Culture Communication Co. Ltd.,4G53-56
Foods & Drink,Bozhou Luliangji Health Industry Development Co. Ltd. First Branch,4A40
Foods & Drink,Guangzhou Mingwuyupin Trading Co. Ltd.,4H11-14
Foods & Drink,Qingdao Tianxiang Food Group Co. Ltd.,"4A48,4A50"
Foods & Drink,Jiahe Food Industry Co. Ltd.,4H15-20
Foods & Drink,Dongguan Xinyuanxin E-Commerce Co. Ltd.,4A54
Foods & Drink,Shanghai Juk Packaging Products Co. Ltd.,4H25
Foods & Drink,Shenzhen Duodun Food Co. Ltd.,"4A60,4A62"
Foods & Drink,Zhejiang Senshan Biotechnology Co. Ltd.,"4H27,4H29"
Foods & Drink,Shenzhen Chasen Business Management Co. Ltd.,4B11-14
Foods & Drink,Guoyao Meikang (Guangzhou) Health Industry Holding Co. Ltd.,4H31
Foods & Drink,Zhejiang Huanma Agricultural Technology Development Co. Ltd.,4B17-20
Foods & Drink,Shijiazhuang Yuxing Trading Co. Ltd.,"4H32,4H34"
Foods & Drink,Guangdong Dajinyi Trading Co. Ltd.,4B36
Foods & Drink,Shanghai Tian'ai Biotechnology Co. Ltd.,4H47-50
Foods & Drink,Xiandaoxiande (Zhoushan) Marine Food Co. Ltd.,"4B47,4B49"
Foods & Drink,Zhuhai Eulong Foods Limited,"4H54,4H56"
Foods & Drink,Guangdong Tea Import & Export Co. Ltd.,4C11-14
Foods & Drink,GuizhouBaosheng BiologicTechnology Co. Ltd.,"4J02,4J04"
Foods & Drink,Nanjing Wuchun Times Biotechnology Co. Ltd.,4C17-20
Foods & Drink,Jiangxi Wangshi Bee Garden Co. Ltd.,4J07-10
Foods & Drink,Chengdong Haibeike Food Co. Ltd.,4C21-26
Foods & Drink,Anhui Guowan Agricultural Technology Co. Ltd.,"4J11,4J13"
Foods & Drink,CHENG DE LOLO Company Limited,4C31-34
Foods & Drink,Dalian Century Fishing Port Aquatic Products Co. Ltd,4J17-20
Foods & Drink,Zhejiang Choisun Tea Development Co.Ltd,4C35-40
Foods & Drink,Jiangxi Qinglong High-Tech Oil Co. Ltd.,4J27-30
Foods & Drink,Liaoning Shengmai Industrial Co. Ltd.,"4C47,4C49"
Foods & Drink,Anhui Yinchen Health Industry Development Co. Ltd.,4J37-40
Foods & Drink,Beijing Beibingyang Food Co. Ltd.,4C48
Foods & Drink,Dongguan Jiameng Food Co. Ltd.,"4K01,4K03,4K05"
Foods & Drink,Zhonghong Bioengineering (Beijing) Co. Ltd.,"4D11,4D13"
Foods & Drink,Chengdong Shisejia Food Co. Ltd.,4S05-10
Foods & Drink,Hailanzhilian (Shenzhen) Industrial Co. Ltd.,"4D12,4D14"
Foods & Drink,Guangzhou Leshanfang Health Food Co. Ltd.,4S24
Foods & Drink,Guangdong Rongcheng Food Co. Ltd.,4D21-26
Foods & Drink,Chaozhou Duoyang Printing Co. Ltd,"5J47,5J49"
Foods & Drink,Shandong Dawang Food Co. Ltd.,4D31-34
Foods & Drink,Yunnan Yunyi Technology Co. Ltd.,6A16
Foods & Drink,Zhejiang Maicheng Technology Network Co. Ltd.,"4D59,4D61"
Foods & Drink,Shenzhen Diyiming Trading Co. Ltd.,6A32
Foods & Drink,Shenzhen Shenxiang Food Co. Ltd.,"4D60,4D62"
Foods & Drink,Shandong Yiduo Health Technology Co. Ltd.,"6A42,6A44"
Foods & Drink,Jiangmen Aoxin Food Co. Ltd.,4E31-40
Foods & Drink,Xinjiang Zhongke Seabuckthorn Technology Co. Ltd.,6A56
Foods & Drink,Shandong Qiangsheng Food Development Co. Ltd.,4F31-40
Foods & Drink,Anhui Weiziyuan Food Technology Co. Ltd.,6B07-10
Foods & Drink,Qianlixun (Chongqing) Food Co. Ltd.,6B41-46
Foods & Drink,Guangdong Xunzheng Zibu Life Technology Co. Ltd.,6H07-10
Foods & Drink,Guangdong Hengjiayuan Food Technology Development Co. Ltd.,"6B48,6B50"
Foods & Drink,Shanghai Chuanjiu Marketing Planning Co. Ltd.,6H31-40
Foods & Drink,KAIPING CITY XURI EGGS PRODUCTS COLTD,6B53-56
Foods & Drink,Shenzhen Yumingsheng E-commerce Co. Ltd.,"6H48,6H50"
Foods & Drink,Jintaiyang Grain & Oil Co. Ltd.,6B63-66
Foods & Drink,Foshan Shunde Sushi Bakery Food Co. Ltd.,6J59-62
Foods & Drink,Anhui Jinzhou Xianzhiling Biotechnology Co. Ltd.,6B69-72
Foods & Drink,Yucheng Changpeng Apiculture Co. Ltd.,6J63-66
Foods & Drink,Dalian Shijun Trading Co. Ltd.,6B75-78
Foods & Drink,Yunwei Tribe (Yunnan) Ecological Agriculture Technology Co. Ltd.,6J81-82
Foods & Drink,Xiamen Shoushi Culture Communication Co. Ltd.,6C47-50
Foods & Drink,Liaoning Hengfu Biotechnology Development Co. Ltd.,6K57
Foods & Drink,Zhejiang Hongyang Food Co. Ltd.,"6C69,6C71"
Foods & Drink,Zhejiang Fengteng Food Co. Ltd.,9H57-62
Foods & Drink,Beijing Bairui Jinhe Supply Chain Management Co. Ltd.,6D11-14
Foods & Drink,Changshouhua Food Co. Ltd.,6D21-26
Foods & Drink,Shaoguan Yuepai Koufulong Food Technology Development Co. Ltd.,6D63-66
Foods & Drink,Foshan Guangmiaoda Hardware Products Co. Ltd.,10C59-62
Foods & Drink,Jiangmen Xinhui Hengbaotang Chenpi Tea Co. Ltd.,6D75-76
Foods & Drink,Shantou Aobadon Hardware Products Co. Ltd.,14K47
Foods & Drink,Shanghai Qinghua Ecological Food Co. Ltd.,6E21-30
Foods & Drink,Shenzhen Youfu Electronic Tools Co. Ltd.,"16C47,16C49"
Foods & Drink,Huizhou Rushui Food Co. Ltd.,6E53-62
Foods & Drink,Shantou Kanier Hardware Products Co. Ltd.,16K25
Foods & Drink,Shenzhen Hengxiang Food Trading Co. Ltd.,"6E70,6E72"
Foods & Drink,Guangzhou XuRui Plastic Products Co. Ltd.,"5B70,5B72"
Foods & Drink,Shanghai Weihong Trade Co.Ltd,6F11-20
Foods & Drink,Yangjiang Aituosi Industry & Trade Co. Ltd.,"7D54,7D56"
Foods & Drink,Yihai Kerry Food Marketing Co. Ltd.,6F41-50
Foods & Drink,Yangjiang Changke Industry & Trade Industrial Co. Ltd.,8D67-68
Foods & Drink,AWESOME G(SHENZHEN)LIMITED,6F75-78
Foods & Drink,Yangjiang Mengling Daily Necessities Co. Ltd,8J15
Foods & Drink,Sichuan Womijia Network Technology Co. Ltd.,6G11-14
Foods & Drink,Yangjiang Yuanrui Tools Co. Ltd.,8K35
Foods & Drink,Shandong Lvdi Food Co. Ltd.,6G30
Foods & Drink,Shanghai Haojian Industrial Co. Ltd.,6G31-40
Foods & Drink,Hebei Shouzu Agricultural Technology Co. Ltd.,6G53-56
Foods & Drink,Jiaxing Hecheng Trading Co. Ltd.,11A46
Foods & Drink,Xiamen Taizu Food Co. Ltd.,6G63-66
Foods & Drink,Dongguan Yilinxuan Photo Frame Co.Ltd.,11C72
Foods & Drink,Jilin Nongsao Food Co. Ltd.,6G77
Foods & Drink,Xiamen Jinjia Crafts Co. Ltd.,11D35
Foods & Drink,Gu'an Tiantian Freight Transport Co. Ltd.,6G78
Foods & Drink,Zhongshan Jingtong Home Decorations Co. Ltd.,11D70
Home Decorations,Yiwu Yuguang Household Products Co. Ltd.,11E47-50
Home Decorations,Nan'an Shiyuan Stone Co. Ltd.,9G94
Home Decorations,Zhuhai LongHua Skillfully Crafted Factory,11F07-10
Home Decorations,Shenzhen Xiwu Technology Co. Ltd.,9H89
Home Decorations,Yanchao Cultural Technology (Guangzhou) Co. Ltd.,11F72
Home Decorations,Handan Yongcheng Incense Co. Ltd.,9J85
Home Decorations,Longzhou Wuyan Celadon Co. Ltd.,11G16
Home Decorations,BLUE OCEAN GIFTS LIMITED,11G27-30
Home Decorations,Foshan Xiangdaoer Technology Co. Ltd.,"11J75,11J77"
Home Decorations,Danyang Huatuanjin Home Textiles Co. Ltd.,"10B54,10B56"
Home Decorations,Shenzhen Yongyuanda Crafts Co. Ltd.,"11J81,11J83"
Home Decorations,Yabeikang Technology (Dongguan) Co. Ltd.,16C15
Home Decorations,Yiwu Muyu Art & Craft Co.Ltd,11M10
Home Decorations,Hebei Yunban Trading Co. Ltd.,5A06
Home Decorations,Jiangmen Xianrong Home Decoration Co. Ltd,11M22
Home Decorations,Longyou Wanyou Towel Products Factory,5B35
Home Decorations,Fushun Hongde Crafts Co. Ltd.,11M24
Home Decorations,LANXI QILI INDUSTRY & TRADE CO.LTD,5E83
Home Decorations,Yuyao Manbao Plastic Co. Ltd.,12E79
Home Decorations,Hebei Shengte Textile Manufacturing Co. Ltd.,"5H32,5H34"
Home Decorations,Liangshan Jinnuo Toy Gifts Co. Ltd.,5A48
Home Decorations,Baoding Bochuan Textile Co. Ltd.,5H36
Home Decorations,Zhejiang Lanmianmian Home Co. Ltd.,5C57
Home Decorations,Anxin Qingqing Textile Manufacturing Co. Ltd.,5H57
Home Decorations,Hunan Zhongzhi Qixin Technology Co.Ltd.,5C85
Home Decorations,Hebei Xiong'an Xiaoguaiwu Textile Technology Co. Ltd.,5J01-04
Home Decorations,Yiwu Miaogong Packaging Co. Ltd.,5D68
Home Decorations,Wenzhou Shengran Bedding Products Co. Ltd.,5J06
Home Decorations,Fengxi Dongyong Colour Porcelain Factory,"7B82,7B84"
Home Decorations,Baoding Paiheng Trading Co. Ltd.,"5J38,5J40"
Home Decorations,HUNAN YINHE CERAMIC CO.LTD,"7D11,7D13"
Home Decorations,Nantong Mu'ang Textiles Co. Ltd.,8A62
Home Decorations,Yongkang Honglang Metal Products Co. Ltd.,7S17
Home Decorations,Suzhou Jiangling Silk Co. Ltd.,"8A64,8A66"
Home Decorations,GUANGZHOU OUYA FRAGRANCE DAILY NECESSITIES CO.LTD.,8D36
Home Decorations,Wuxi Danernuo Textile Co. Ltd.,8A72
Home Decorations,Feiyang (Chaozhou) E-commerce Co. Ltd.,8F90
Home Decorations,Baoding Tuqiang Textile Co. Ltd.,8B01-04
Home Decorations,Guangzhou Yueshun Daily Necessities Co.Ltd.,8J07-10
Home Decorations,Wenzhou Yashiyun Home Textile Co. Ltd.,8B26
Home Decorations,Changshu Galink Textile Industry Co. . Ltd,"8K47,8K49"
Home Decorations,Changshu Haozhan Home Textiles Co. Ltd.,8B75
Home Decorations,Shenzhen Fuyan Industrial Co. Ltd.,"9A94,9A96"
Home Decorations,Jiangsu Meeall Textile Tec. Co. Ltd.,8B84
Home Decorations,Chaozhou Shiguang Zhaowu Crafts Co. Ltd.,9B84
Home Decorations,Jinhua jieling housewares co.ltd.,"8B86,8B88"
Home Decorations,Chaozhou Donghuishijia Ceramics Co. Ltd.,9B86
Home Decorations,Gongli New Materials (Zhejiang) Co. Ltd.,8C47-50
Home Decorations,Shanghai Sanhui Culture Communication Co. Ltd.,9C86
Home Decorations,Wujiang City Unique Textile Co. Ltd.,8C57
Home Decorations,Hangzhou Shihe Trading Co. Ltd.,9D86
Home Decorations,Shantou Aama Home Textile Products Co.Ltd,8C68
Home Decorations,Jinzhou Shengen Textiles Co. Ltd.,8C88
Home Decorations,Guangdong Shuguo Garden Biotechnology Co. Ltd.,10D21-30
Home Decorations,Sunvin Group Co.Ltd.,8F01-10
Home Decorations,Kunshan Wante Assembly Technology Co. Ltd.,10G63-66
Home Decorations,ZHEJIANG TWIN-LANTERN HOME TEXTILES CO.LTD.,8F35-40
Home Decorations,Shanghai Chengxin Department Store Co. Ltd.,10J41-44
Home Decorations,Jiangsu Ailun Home Textile Co. Ltd.,8F41-44
Home Decorations,Guangdong Jiasheng Brand Management Co. Ltd.,10J79-80
Home Decorations,Nantong Qiyouli Trading Co. Ltd.,8F89
Home Decorations,Shandong Hengfa Sanitary Products Co. Ltd.,10K21-26
Home Decorations,Jiangsu Kepu Textile Technology Co. Ltd.,8G01-04
Home Decorations,Jiangxi Jiekang Biotechnology Co. Ltd.,10K33
Home Decorations,Henan Youlehui Ecological Technology Co. Ltd.,"8G12,8G14"
Home Decorations,Qixian Xianghui Glassware Co. Ltd.,"11B53,11B55"
Home Decorations,NANTONG ART HOME TEXTILE CO.LTD.,"8G54,8G56"
Home Decorations,Ningbo Chindr Industry Co.Ltd.,11G36
Home Decorations,Jiangsu Sumeda Textile Co. Ltd.,8G59-62
Home Decorations,Dongguan Yongmingyou Industrial Co.Ltd,11G41-44
Home Decorations,Foshan Shunde Xinkang Soft Pack Products Co. Ltd.,8G76
Home Decorations,Jiande Xinying Home Textiles Co. Ltd.,11H63-66
Home Decorations,Nantong Sencui Textile Technology Co. Ltd.,8H01-06
Home Decorations,Shenzhen Ruiqida Technology Co. Ltd,11M28
Home Decorations,Foshan Nanhai Youlai Home Textile Co. Ltd,"8H53,8H55"
Home Decorations,Guangdong Geluhua Home Co. Ltd.,"12G47,12G49"
Home Decorations,Shengzhou Shijia Textiles Co. Ltd.,8H89
Home Decorations,IRIS OHYAMA,"12J54,12J56,12J58"
Home Decorations,Suzhou Renyu Textile Co. Ltd,8H90
Home Decorations,Macro Eco Textile Co.Ltd,13A24
Home Decorations,Baoding Xuteng Textiles Co. Ltd.,8J01-04
Home Decorations,Shenzhen Nixun Electronic Technology Co. Ltd.,14G35
Home Decorations,Shantou Yuxingcheng Industrial Co. Ltd.,8J21-24
Home Decorations,Heyuan Kelin Bamboo & Wood Technology Co. Ltd.,14H58
Home Decorations,Shennongzhi Can Textile Technology (Suzhou) Co. Ltd.,8J31-34
Home Decorations,HUANGYAN TONGLING PLASTIC Co.Ltd.,5B15
Home Decorations,NANTONG BULAWO HOME TEXTILE CO LTD,"8J82,8J84"
Home Decorations,Dongguan Taihe Shoes Co. Ltd.,5B83
Home Decorations,Lianyungang Nuode Textile Technology Co. Ltd.,8J85
Home Decorations,Bona Plastic (Shantou) Co. Ltd.,5C75
Home Decorations,Gaoyang Jinqiong Textiles Manufacturing Co. Ltd.,"8K01,8K03"
Home Decorations,Anhui Wushengwu Home Products Co. Ltd.,5D21-26
Home Decorations,Yiwu Weigong Household Products Co. Ltd.,8K25
Home Decorations,Baoding Yusen Sanitary Products Co. Ltd.,5D59-62
Home Decorations,Quanzhou Jinhua Embroidery Co. Ltd,8M20
Home Decorations,Anhui Hengan Home Products Co. Ltd.,5F21-30
Home Decorations,Jiangsu Haojianglai Health Technology Co. Ltd.,8M23-24
Home Decorations,Henan Youzhibang Paper Products Manufacturing Co. Ltd.,5F81
Home Decorations,Guangzhou Yicai Printing Co. Ltd.,9A90
Home Decorations,Wenzhou Haibo Housewares Co.LTD,5G86
Home Decorations,Shanghai Shuixing Home Textiles Co. Ltd.,"9F11-20,9G11-20,9H11-20"
Home Decorations,Zhejiang Baozan Industry and Trade Co. Ltd,5H37-40
Home Decorations,Tongxiang Xinsilu Textile Technology Co. Ltd.,9F89-92
Home Decorations,Shenzhen Yuan Feng Xing Ye Technology CoLTD,"5H76,5H78"
Home Decorations,Nantong Yalong Textile Technology Co. Ltd.,9J55
Home Decorations,Lankao Jiaxing Daily Chemical Products Co. Ltd.,5H83
Home Decorations,Foshan Caiyuanguangjin Intelligent Technology Co. Ltd.,5J11-16
Home Decorations,Ningbo Huasheng Plastic Products Co. Ltd.,"5J54,5J56"
Houseware,Shantou Chenghai Shunxing Plastic Factory,"5J59,5J61"
Houseware,Zhejiang Pinyaoo Technology Co.Ltd,8D41-44
Houseware,Anji Yifeng Bamboo Products Factory,5J83
Houseware,ZHEJIANG JINMAO PLASTIC INDUSTRY CO.LTD.,"8D70,8D72"
Houseware,Jinhua Zhihao Technology Co. Ltd.,7C27-30
Houseware,Yumeijia (Guangdong) Health Industry Co.  Ltd.,8D81
Houseware,SHANTOU CHENGHAI WENXIN PLASTIC PRODUCT CO.LTD.,"7C82,7C84"
Houseware,Wuyi Top Plastics industry Co.Ltd.,8E01-10
Houseware,Yangjiang Yangdong Hongfeng Xingzhilin Knife & Scissors Factory,7D71
Houseware,Guangdong Poleview Biotechnology Group Co.Ltd,8E75
Houseware,PowerUnion Technology,"7D81,7D83"
Houseware,Yiwu Xinjun Daily Necessities Co. Ltd.,8E85
Houseware,Jieyang Rongcheng Dexinjiang Hardware Products Factory,7E83
Houseware,Slek Biotechnology Co. Ltd.,8F53-58
Houseware,FUJIAN SHAOWU YUANWEI LIVING GOODS MANUFACTURING CO.，LTD.,7F84
Houseware,Maobao (Shanghai) Trading Co. Ltd.,8G05
Houseware,Shanghai Hongchun Industrial Co. Ltd.,7G21-26
Houseware,Yiwu Chuanyong Commodity Co.Ltd,"8G11,8G13"
Houseware,Yangjiang Yorkitchen Industrial and Trading Co.Ltd,7G46
Houseware,NanJing YingZhiMing Textile Co.LTD,"8G48,8G50"
Houseware,Yangjiang Jiali Plastic Products Co. itd.,7G68
Houseware,Hubei Xindi Medical Technology Co. Ltd.,"8G53,8G55"
Houseware,Yangjiang RealBon Manufactory CO LTD,7H85
Houseware,GUANGZHOU CHIHIRO IMPORT AND EXPORT CO. LTD,"8G81,8G83"
Houseware,Jieyang Haiyunjia Stainless Steel Products Co. Ltd.,7J15
Houseware,Jiangsu Kuailu Shoes Co. Ltd.,8G89-90
Houseware,Anhui Qihang Household Products Co. Ltd.,"7J48,7J50"
Houseware,Zhejiang Beilei Fabric Co. Ltd.,8H15-16
Houseware,Zhejiang Greatmoon Cup Industry Co.Ltd.,"7J54,7J56"
Houseware,Chongqing Jiuzhoulai Industrial Co. Ltd.,8H27-30
Houseware,Jingning Remai Sponge Products Factory (Individual Business),7K15
Houseware,Henan Miandao Smart Home Co. Ltd.,8H84
Houseware,YONGKANG ESPRING INDUSTRY&TRADE,7K71
Houseware,Zhejiang Wuyi Huaderun Daily Necessities Co. Ltd.,8J70
Houseware,Shengshida (Guangzhou) Chemical Co. Ltd.,"8A08,8A10"
Houseware,Wenzhou Tianze Gift & Craft Co. Ltd.,8K05
Houseware,Guangzhou Danhong Import & Export Co. Ltd.,8A46
Houseware,Ningbo Deteng Household Goods Co. Ltd,8K45
Houseware,Wenzhou gangda arts and crafts co. ltd,8A70
Houseware,Yiwu longxiang Home Products Co LTD,8K55
Houseware,Nanning Benji Biological Technology Co. Ltd.,"8A82,8A84"
Houseware,YANCHENG HENGFENG SPONGE CO.LTD,8K87
Houseware,Guangzhou Junkai Daily Necessities Co. Ltd.,8B27-30
Houseware,Yiwu Yiru Daily Necessities Co. LTD,8K89
Houseware,Jiaxing Boomjoy Cleaning supplies Technology,8B31-34
Houseware,Shanghai Zhengxuan Brand Management Co. Ltd.,9H46
Houseware,Sichuan Lampure Daily Commidity Co.Ltd,"8B53,8B55"
Houseware,Beijing Pengtai Haisheng Technology Co. Ltd.,9J46
Houseware,Shenzhen 90chuang Hardware Supply Chain Co. Ltd.,8B58
Houseware,Beijing Dingshengwang Technology Co. Ltd.,"9J48,9J50"
Houseware,Jiangsu Today Sanitary Products Co. Ltd,8C27-30
Houseware,ZHEJIANG HANGQIU HOUSEHOLD PRODUCTS CO.LTD,8C87
Houseware,ZHEJIANG ERHUI TECHNOLOGY CO.LTD,8D15-20
Houseware,Yixing Squirrel Cleaning Products Co. Ltd.,"8D28,8D30"
Kitchenware,Sheci Industrial (Jiangsu) Co. Ltd.,10A15-20
Kitchenware,FUZHOU YU JIN YUAN ARTS & CRAFTS CO.LTD.,7B36
Kitchenware,SHENZHEN CONQUER TECHNOLOGY CO.LTD,10E41-46
Kitchenware,Yangjiang Bojuteng Business Service Co. Ltd.,"7B63-68,7B71,7G69-72,7H53,7H54,"
Kitchenware,Zhejiang Kangtaiyuan Household Products Co. Ltd.,10J27-30
Kitchenware,Shantou Shangmei Plastic Mould Industrial Co. Ltd.,7C37-40
Kitchenware,Jiazhen (Shanghai) Trading Co. Ltd.,10K37-40
Kitchenware,FOSHAN JINGSHENG HOME FURNISHINGS CO.LTD,7C58
Kitchenware,Pingyang Fengkang Plastic Co. Ltd.,12C74
Kitchenware,Guangdong Carpenter Wood Technology Co. Ltd,7C70
Kitchenware,Shijiazhuang Jianyanxian Trading Co. Ltd.,"12F77,12F79"
Kitchenware,Zhejiang Kaiyuan Industrial Co. Ltd.,7C75-78
Kitchenware,Wuhan Supor Cookware Co.Ltd,"12G11-16,12H11-20"
Kitchenware,FAMLIYCOOK,"7D48,7D50"
Kitchenware,Wuxi Wangyuanji Foundry Co. Ltd.,12G59-62
Kitchenware,Yangjiang Jiatong Cutting Tools Technology Co. Ltd.,7D57
Kitchenware,Yangjiang Yujia Kitchenware Co. Ltd.,12G82
Kitchenware,Jieyang Huozhihu Hardware Products Co. Ltd.,7D58
Kitchenware,Shenzhen Sunway Wine Accessory Co.Ltd.,12J01-04
Kitchenware,Beijing Oukeou Trading Co. Ltd.,7D63-68
Kitchenware,Zhejiang Lanya Technology Co. Ltd.,"12J59,12J61"
Kitchenware,Yiwu Xingrui Exhibition Co. Ltd.,7D76
Kitchenware,Huizhou Chinfai Electronic Co. Ltd.,14H37-40
Kitchenware,Dongguan PaiduoLe Cup Industry Co. Ltd.,7D85
Kitchenware,Shenzhen OOU Smart Healthy Houseware Co. Ltd.,16F25-30
Kitchenware,Guangdong Depo Industrial Co. Ltd.,7E01-06
Kitchenware,Xingrongjia (Shenzhen) R&D Design Co. Ltd.,16K49
Kitchenware,Yongkang Maibale Brand Management Co. Ltd.,7E31-36
Kitchenware,Zhejiang Yinduo Trading Co. Ltd.,5H41-46
Kitchenware,Guangdong Homekin Household Co. ltd.,7E85-86
Kitchenware,Shenzhen Taibao Home Co. Ltd.,5J21-24
Kitchenware,Changzhou Kok Kitchenware Co.Ltd,7G86
Kitchenware,Jieyang Dongxun Hardware Products Co.Ltd.,5J26
Kitchenware,Jieyang Fengxing Stainless Steel Products Co. Ltd,7G87
Kitchenware,Xiangyang Sitai Household Products Co. Ltd.,"7A02,7A04"
Kitchenware,Yangjiang Yangdong Lijiang Hardware Products Co. Ltd.,7H35
Kitchenware,Xindongjin Tableware (Yangxin) Co. Ltd.,"7A18,7A20"
Kitchenware,YANGJIANG BIHONG KITCHENWARES CO.LTD.,7H41-46
Kitchenware,YANG JIANG YANGDONG ZAFIRA ENTERPRISE CO.TID,7A26
Kitchenware,Jiangsu Besful Technology Co. Ltd.,"7H48,7H50"
Kitchenware,Yangjiang Yangdong Hongguang Industry & Trade Co. Ltd.,"7A28,7A30"
Kitchenware,Yongkang Lantai Industry and Trade Co. Ltd.,7H81
Kitchenware,Yangjiang Yangdong Xiaotianzi Kitchenware Co. Ltd.,"7A38,7A40"
Kitchenware,Yongkang Xinhui Electrical Appliance Factory,7J25
Kitchenware,Chaozhou Chaoan Lediye Technology Co. Ltd.,"7A42,7A44"
Kitchenware,ZHEJIANG XILEI HOUSEHOLD PRODUCTS CO.LTD,7J31-34
Kitchenware,Guangzhou Zhongshen Hardware & Plastic Co. Ltd.,7A46
Kitchenware,Yangjiang Zhixing Industry and TradeCo.，LTD,7J36
Kitchenware,YANGDONG LANGDA TRADE CO.LTD,"7A48,7A50"
Kitchenware,Zhejiang Rikang Technology Co. Ltd.,7J41-44
Kitchenware,Shuangma plastic Manufacturing INC.,7B01-06
Kitchenware,Yangjiang Yangdong Tiancaitu Industry & Trade Co. Ltd.,7J46
Kitchenware,Jinhua Lejia Kitchenware Co. Ltd.,7B11-16
Kitchenware,CHAOZHOU TUANYUAN HOME FURNISHINGS CO. Ltd,7J57
Kitchenware,Yangjiang Pengdapeng Kitchenware Co. Ltd.,7B26
Kitchenware,Yibo Kitchenware Industrial (Shenzhen) Co. Ltd.,"7J63,7J65"
Kitchenware,Yongkang Zhenchen Industry & Trade Co. Ltd.,7J69
Kitchenware,Shaoxing Shangyu Luye Outdoor Products Co. Ltd.,10J63-66
Kitchenware,Ruian Maihui Daily Necessities Co. Ltd.,"7J75,7J77"
Kitchenware,Ningbo Haolei Intelligent Technology Co. Ltd,"14B47,14B49"
Kitchenware,Linyi Miaomei Daily Necessities Co. Ltd.,7K05
Kitchenware,Shenzhen Xinlingnan Electronic Technology Co.Ltd.,"14D47,14D49"
Kitchenware,JIANGMEN CITY ZHENHUI INTERNATIONAL LIMITED,"7K17,7K19"
Kitchenware,Guangzhou Deku Technology Co. Ltd.,"14G53,14G55"
Kitchenware,Yongkang Huanjin Industry & Trade Co. Ltd.,"7K37,7K39"
Kitchenware,Guangdong Hongpai Electronics Co.Ltd.,"14G54,14G56"
Kitchenware,ZHEJIANG LONGHE INDUSTRY TRADING CO.LTD,"7K41,7K43"
Kitchenware,Shenzhen Yuansuchuangda Technology Co. Ltd.,14H63-66
Kitchenware,Jieyang Chuangshigang Stainless Steel Co. Ltd.,7K45
Kitchenware,Guangdong Chuangpu Technology Co. Ltd,"16D11,16D13"
Kitchenware,Yangjiang Guanci Kitchenware Co. Ltd,7K49
Kitchenware,Yongkang Geming Industry & Trade Co. Ltd.,16E78
Kitchenware,Yangjiang Shangjin Industry & Trade Co. Ltd.,7K75
Kitchenware,Guangzhou New design Biotechnology Co. Ltd,16H37-40
Kitchenware,ZHEJIANG YONGAN NON FERROUS METAL MANUFACTURING CO. LTD,7M14
Kitchenware,Guangzhou Tongxian Electronic Technology Co. Ltd.,16J11-14
Kitchenware,Zhejiang Chuangxinyi Industry & Trade Co. Ltd.,7M17
Kitchenware,Xiamen Chuihuojiang E-Commerce Co. Ltd.,16X08
Kitchenware,Jieyang Longchu Stainless Steel Co. Ltd.,7M20
Kitchenware,YANGJIANG JUSTFIT TECHNOLOGY LTD,16X16
Kitchenware,Wuyi Xuantiezhuang Metal Products Co. Ltd.,"7S02,7S04"
Kitchenware,Shenzhen Huixingcheng Technology Co. Ltd.,16X28
Kitchenware,Yangjiang Huacheng Industry & Trade Co. Ltd.,7S10
Kitchenware,Dongguan Xinyidian Electronic Technology Co. Ltd.,16X49
Kitchenware,Chao'an Caitang Xinyuan Stainless steel Products Co.Ltd.,7S11-12
Kitchenware,Wenzhou Xinwei Import & Export Co. Ltd.,5A50
Kitchenware,Yangjiang Yangdong Jindaozi Knife Industry Co. Ltd.,7S19
Kitchenware,Shanghai Jiexiang Trading Co. Ltd.,5D86
Kitchenware,JIANGMEN CITY XINHUI HENGLONG INNOVATIVE HOUSEWARES CO. LTD.,"8D75,8D77"
Kitchenware,Ningbo Qingzhi Outdoor Products Co. Ltd,5J68
Kitchenware,Yangjiang Grand Harvest Industrial Co.Ltd.,"8S02,8S04"
Kitchenware,DAMING HIGH TRUSTED KITCHENWARE MANUFACTURING CO.LTD,"7H69,7H71"
Kitchenware,Anhui Xinke Holding Group Co. Ltd.,9D31-34
Kitchenware,Chaozhou Zhenggang Household Products Co. Ltd.,7J27-30
Kitchenware,ZHEJIANG BETTER KITCHEN UTENSIL CO. LTD,9H27-30
Kitchenware,Zhejiang Weiyuan Industry & Trade Co. Ltd.,7J35
Kitchenware,Yangjiang Hailian Hardware& Plastic Products Co.Ltd,"9H54,9H56"
Kitchenware,Yongkang Sanyi Industry & Trade Co. Ltd.,"7J64,7J66"
Kitchenware,Yangjiang Xinshang Household Products Co. Ltd.,9J53
Kitchenware,ZHEJIANG LEIHUOFENG TECHNOLOGY CO. LTD,"7J86,7J88"
Kitchenware,Anhui Baili Homeware Co.Ltd,9K41-44
Kitchenware,Dongguan Brilliant Packaging Co. Ltd,7K57
Kitchenware,Jinhua Jiersi Leisure Products Co. Ltd.,8A06
Kitchenware,Fengde Outdoor Products Co. Ltd,8A16
Kitchenware,Yangzhou Beside Textiles Co. Ltd.,"8A18,8A20"
Kitchenware,STONE INTERNATIONAL TRADING (SHANGHAI) CO.LTD,10E57-62
Kitchenware,Linyi Kufei Textiles Co. Ltd.,8B57
Kitchenware,Zhejiang Youyi Feinuo Umbrella Co. Ltd.,"10J54,10J56"
Kitchenware,Zhejiang Mingyuan Garden & Leisure Products Co. Ltd.,8B68
Kitchenware,Shanghai Chenxing Youpin Household Products Co. Ltd.,8B87
Kitchenware,ShenZhen Pufei Biotechnology Co. Ltd.,"10D47,10D49"
Kitchenware,BESTWAY (SHANGHAI) EXTERPRISES CORP,8C11-14
Kitchenware,Wenzhou Xinqiao Technology Co. Ltd.,11B35-36
Kitchenware,Zhejiang Rsheng Outdoor Products Co.Ltd.,"8C54,8C56"
Kitchenware,Wenzhou Rongpeng Printing Co. Ltd.,11C05
Kitchenware,Jiangxi Watson Outdoor Products Co.LTD,"8C76,8C78"
Kitchenware,Wenzhou Sicaite Printing Technology Co. Ltd.,11C06
Kitchenware,Bazhou Jiayun Household Products Co. Ltd.,8C89
Kitchenware,Dongguan Beisite Cultural Technology Co. Ltd.,"11C47,11C49"
Kitchenware,Zhejiang Naturehike Sports Products Co. Ltd.,8D01-10
Kitchenware,Guangzhou Lankin Bags Co.Ltd,"11D08,11D10"
Kitchenware,Yongkang Spring Industry And Trade Co. Ltd.,"8D48,8D50"
Kitchenware,Guangzhou Lieshou Outdoor Products Co. Ltd,11D82
Kitchenware,SHANDONG PIXINGKE OUTDOOR PRODUCTS CO.LTD.,8D89
Kitchenware,Pingyang Erli Leather Products Co. Ltd.,11J67
Kitchenware,Zhejiang Primitive Outdoor Products Co. Ltd.,8E57-62
Kitchenware,Wenzhou Kangbei Packaging Co. Ltd.,13A10
Kitchenware,cixi Lingdong Flectronic Tecinology Co. Ltd.,"8E81,8E83"
Kitchenware,Gangfeng Plastic Box Products (Guangdong) Co. Ltd.,13A12
Kitchenware,MOBI GARDEN,8F11-20
Kitchenware,Henan Meiya Packaging Co. Ltd.,13A20
Kitchenware,Shenzhen Little Elephant Gudong Technology Co. Ltd.,"8F75,8F77"
Kitchenware,Dongguan wanyongli industry co. ltd,13A32
Kitchenware,Zhejiang Lantu Outdoor Products Co. Ltd.,8F88
Kitchenware,Wenzhou Yinlin Bag Making Co. Ltd.,13A38
Kitchenware,Yangjiang Zhisheng Industry & Trade Co. Ltd.,8G67
Kitchenware,Dongguan Rongchen Can Manufacturing Co. Ltd.,"13A42,13A44"
Kitchenware,Yongkang Yingfeng Industry and Trade Co. Ltd,8G86
Kitchenware,Jinhua Bohui Packing Co.ltd,13A48
Kitchenware,Botanwei (Fujian) Outdoor Products Co. Ltd.,"8H70,8H72"
Kitchenware,Alpha3 Covering Material (Shenzhen) Ltd.,13B07
Kitchenware,XIAMEN IDEA STAR IMPORT & EXPORT CO. LTD.,8J17-20
Kitchenware,Guangzhou Xihe Non-woven Bag Co. Ltd.,13B09
Kitchenware,Ningbo Feike Outdoor Products Co.Ltd,8J59-62
Kitchenware,Henan Mengsehui Packaging Co. Ltd.,13B11
Kitchenware,Shaoxing Shangyu Tengxiang Umbrella Co. Ltd.,8J72
Kitchenware,Zhejiang Yicheng Technology Co. Ltd.,"13B18,13B20"
Kitchenware,ZHEJIANG KRESS INDUSTRY AND TRADE CO.LTD,"8J81,8J83"
Kitchenware,Zhengzhou Shangmei Paper Co. Ltd.,13B21
Kitchenware,Hangzhou Aliotop Intelligent Technology Co.Ltd.,8J87
Kitchenware,Wen Zhou New Color Non Woven Products Co.Ltd,13B22
Kitchenware,Guangdong Jiesen Sports Equipment Co. Ltd.,9B89
Kitchenware,Guangzhou Huadu Junsheng Craft Products Factory,13B23
Kitchenware,Zhejiang Pingyuan Leisure Products Co.Ltd,"9C28,9C30"
Kitchenware,Nangong Aodi Felt Products Co. Ltd.,13B24
Kitchenware,Guangdong Mutai Technology Co. Ltd.,9F63-66
Kitchenware,Zhaokang Stationery & Gifts (Shenzhen) Co. Ltd.,13B29
Kitchenware,Jiangxi Qingsha Technology Co. Ltd.,9G70
Kitchenware,Yiwu Boyang Packaging Co. Ltd.,13B31-32
Kitchenware,Xiamen Yunqi Sports Products Co. Ltd.,9G73
Kitchenware,Shenzhen Zhonglongtian Packaging Technology Co. Ltd.,13B41-42
Kitchenware,YADEA TECHNOLOGY GROUP CO. LTD,9H31-40
Kitchenware,Nangong Mingke Felt Products Co. Ltd.,13B43-54
Kitchenware,YADEA TECHNOLOGY GROUP CO. LTD,9J15-20
Kitchenware,Guangzhou Sane Chuang Yuan Technology Co.Ltd,13B44
Kitchenware,Shenzhen Weile Weichuang Culture Co. Ltd.,9K69
Kitchenware,Dongguan Jiexin Paper Co. Ltd,13B48
Packaging & Printing,Guangzhou Zhongying Display Rack Manufacturing Co. Ltd.,13C05
Packaging & Printing,GLORY TINS CO.LTD.,13E07-10
Packaging & Printing,Lian Sheng (Dongguan) Packing&Printing Co. Ltd.,13C06
Packaging & Printing,Xiamen Helifang Packaging Technology Co. Ltd.,13E11-14
Packaging & Printing,Sichuan Kaipu Environmental Packaging Products Co. Ltd.,"13C07,13C09"
Packaging & Printing,Dongguan Ruifengyuan Craft Packaging Products Co. Ltd.,13E17-20
Packaging & Printing,Pingyang Shiyu Crafts Co. Ltd.,"13C11,13C13"
Packaging & Printing,Shenzhen skyat Technology Limited,13E21-26
Packaging & Printing,Guangzhou Jiucheng Electronic Products Co.Ltd,13C12
Packaging & Printing,Guangzhou Hongtai Automation Technology Co. Ltd,13E27-30
Packaging & Printing,UTOPIA PRINTERS (SHENZHEN) LTD.,"13C17,13C19"
Packaging & Printing,NICE-CAN MANUFACTURING CO.LTD,"13E48,13E50"
Packaging & Printing,Junhong Enterprise Co. Ltd.,"13C18,13C20"
Packaging & Printing,Baoyuan (Guangzhou) Printing & Packaging Co. Ltd.,13E53-56
Packaging & Printing,Xiamen Youmoyouli Cultural Creativity Co. Ltd.,13C21-24
Packaging & Printing,Pingyang Zhuoyuan Crafts Factory,13E62
Packaging & Printing,Puning Yuanyuantai Plastic Co. Ltd.,13C26
Packaging & Printing,Guangdong Huiyafeng Packaging Co. Ltd.,13F01-04
Packaging & Printing,Zhejiang Yabao Non-woven Products Co. Ltd.,"13C27,13C29"
Packaging & Printing,Wenzhou Daigeng Arts and Crafts Co. Ltd.,13F06
Packaging & Printing,Luoyang Dingshang Knitting Co. Ltd.,13C30
Packaging & Printing,Dongguan Baitong Packaging Printing Technology Co.Ltd.,13F11-14
Packaging & Printing,Dongguan Pinduo Crafts Co. Ltd.,13C32
Packaging & Printing,Dongguan Chaojun Can Manufacturing Co. Ltd.,13F15
Packaging & Printing,Wenzhou Huanxing Packaging Co. Ltd.,13C34
Packaging & Printing,HIP LIK PACKAGING PRODUCTS FTY. LTD,13F17-20
Packaging & Printing,Xiamen Jinzhiyan Jewelry Co. Ltd.,"13C37,13C39"
Packaging & Printing,DONG GUAN D&S WOOD WORK CO.LTD.,13F21-24
Packaging & Printing,Linqu Hehe Packaging Products Co. Ltd.,"13C38,13C40"
Packaging & Printing,FOSHAN LICHEN PACKAGING Co. Ltd.,13F25
Packaging & Printing,Shenzhen Jinzhanfeng Packaging Co. Ltd.,"13C42,13C44"
Packaging & Printing,Wenzhou Youjing Paper Products Co. Ltd.,13F26
Packaging & Printing,Jiangsu Haoyi Culture Development Co. Ltd.,"13D02,13D04"
Packaging & Printing,Dongguan Shangrui Crafts Co. Ltd.,13F27-30
Packaging & Printing,Jia Bao Mould Hardware Products Factory,13D06
Packaging & Printing,Chaozhou Henghe Packaging Technology Co. Ltd.,13F31-34
Packaging & Printing,DONGGUAN SUNTOP BAGS CO.LTD,"13D07,13D09"
Packaging & Printing,SAMDING CRAFTWORK CO.LTD.,13F37-40
Packaging & Printing,Henan Yifan Packaging Co. Ltd.,13D12
Packaging & Printing,Dongguan Shishangmei Printing Co. Ltd.,13F41-44
Packaging & Printing,SHENZHEN HTA PACKAGING CO. LTD,13D17-20
Packaging & Printing,DONGGUAN GUANGZHENG PAPER INDUSTRY CO.LTD,13F45
Packaging & Printing,Wenzhou Legua Stationery Co. Ltd.,13D21
Packaging & Printing,DongGuan Ru Mei Packing Manufacturer Co.LTD.,"13F47,13F49"
Packaging & Printing,HUBEI SHUNHAO PACKAGING BAG CO.LTD,13D24
Packaging & Printing,Foshan begreener packaging ltd.co,13F50
Packaging & Printing,Wenzhou Jianyi Paper Products Co. Ltd.,13D31
Packaging & Printing,Zhejiang Fengge Technology Co.Ltd,"13F53,13F55"
Packaging & Printing,Nangong Yipin Felt Products Co. Ltd.,13D33
Packaging & Printing,Zhejiang Initi Packaging Technology Co.Ltd,13G06
Packaging & Printing,Longgang Qiantao Cultural Supplies Co. Ltd.,13D34
Packaging & Printing,Hangzhou Qunle Packaging Co. Ltd.,13G09
Packaging & Printing,Zhejiang Ouke Technology Co. Ltd.,"13D38,13D40"
Packaging & Printing,Xinyuan Lenticular Printing Company,13G10
Packaging & Printing,Fujian Challenge Wolves Tech. Co. LTD,"13D42,13D44"
Packaging & Printing,Yiwu Engram Packaging Co.Ltd,"13G11,13G13"
Packaging & Printing,Dongguan Mingfeng Packaging Co. Ltd.,13E01-04
Packaging & Printing,Wenzhou Yitong Printing Co. Ltd.,13G12
Packaging & Printing,Zhejiang Lianyi New Material Technology Co. Ltd.,13G14
Packaging & Printing,Guangdong Chuangqi Packaging Co. Ltd,"13J17,13J19"
Packaging & Printing,GUANGDONG FORECO PACKAGING CO.LTD,"13G18,13G20"
Packaging & Printing,Xinhe Xinlong Box Industry Co. Ltd.,13J20
Packaging & Printing,Zhejiang Chenrui Packaging Co. Ltd.,"13G27,13G29"
Packaging & Printing,Sanjiang Packaging Manufacturer Co.Ltd,13J21-24
Packaging & Printing,Nangong Yudian Felt Products Factory,13G32
Packaging & Printing,XIAMEN KING HONGFENG FINE PAPER CO.LTD.,13J28
Packaging & Printing,Wenzhou Huanqiu Packaging Co.Ltd,13G33
Packaging & Printing,PacZone Limited,"13J31,13J33"
Packaging & Printing,Wenzhou Yifan Bags Making Co.Ltd,"13G38,13G40"
Packaging & Printing,Guangzhou Danian Industrial Development Co. Ltd.,13J32
Packaging & Printing,Shenzhen Dlican Digital Technology Co. Ltd.,13G41-44
Packaging & Printing,Longgang City Youxin non-woven products Co. ltd,13J35
Packaging & Printing,XINLE HUABAO MEDICAL DEVICES CO. LTD,13G47
Packaging & Printing,Zhongshan Taituo Digital Technology Co. Ltd.,"13J37,13J39"
Packaging & Printing,Shenzhen FUFA Industry Co. Ltd,13G48
Packaging & Printing,ZHEJIANG KAMCITY INDUSTRIAL DEVELOPMENT CO.LTD.,"13J38,13J40"
Packaging & Printing,Henan United Color Co. Ltd,13G54
Packaging & Printing,Hebei Yingkai Felt Co. Ltd.,"13J42,13J44"
Packaging & Printing,Shuhong Culture Media (Shanghai) Co. Ltd.,13G55-56
Packaging & Printing,Longgang Youze Cultural Supplies Co. Ltd,"13J48,13J50"
Packaging & Printing,Dongguan jihaoyuan Packing Products LTD,13H06
Packaging & Printing,Dongguan Meidian Packaging Products Co. Ltd.,"13K01,13K03"
Packaging & Printing,Zhongshan Shengheng Printing Co. Ltd,13H09
Packaging & Printing,Jiangming Ruiding Packaging Technology Co. Ltd.,13K05
Packaging & Printing,Huizhou Juerui Technology Co. Ltd.,"13H11,13H13"
Packaging & Printing,Guangzhou Jinhong Paper Products Manufacturing Co. Ltd.,13K07
Packaging & Printing,Shenzhen Marshallom Metal Manufacture Co.LTD,"13H12,13H14"
Packaging & Printing,Henan Chuxin Paper Technology Co. Ltd.,13K11-12
Packaging & Printing,DONGGUAN JIMEI METAL PACKAGE CO.LTD,"13H18,13H20"
Packaging & Printing,Dongyang Desheng Crafts Co. Ltd.,13K13
Packaging & Printing,Guangzhou Bole Demonstration Co.Ltd,13H25
Packaging & Printing,Dongguan Jolly Industries Ltd.,"13K21,13K23"
Packaging & Printing,Dongguan Changcheng Cans Co.Ltd,"13H28,13H30"
Packaging & Printing,Pai King (Huizhou) New Material Technology Co. Ltd.,13K29
Packaging & Printing,Dongguan Qihong Metal Products Co. Ltd.,"13H31,13H33"
Packaging & Printing,Shenzhen honglitong printing equipment co.LTD,13K31
Packaging & Printing,Dongguan City Jingli Can Co.Ltd.,"13H32,13H34"
Packaging & Printing,Ningbo Anxin Electric Technology Co. Ltd.,13K33
Packaging & Printing,Wenzhou Chengrui New Material Co. Ltd.,13H35
Packaging & Printing,SHENZHEN XIN ZESEN PRINTING CO. LTD,"13K37,13K39"
Packaging & Printing,Wenzhou Yinshan Crafts Co. Ltd.,"13H38,13H40"
Packaging & Printing,Youyeleather Goods Co.LTD.,"13K41,13K43"
Packaging & Printing,Guangzhou Baishite Wood Products Co. Ltd.,"13H42,13H44"
Packaging & Printing,Beijing Yusen Intelligent Equipment Manufacturing Co. Ltd.,13K53
Packaging & Printing,Wenzhou Jiuhong Packaging Co. Ltd.,13H48
Packaging & Printing,Fan Gao Fan Innovation Technology (Shenzhen) Co. Ltd.,16F41-46
Packaging & Printing,Zhejiang Chengbai Environmental Technology Co. Ltd.,13H55
Packaging & Printing,Dongguan Huiyi Box Industry Co.Ltd,"16K63,16K65"
Packaging & Printing,Shangrao Lianqing Technology Co. Ltd.,13J05
Packaging & Printing,DONGGUAN YILI BAGS CO. LTD,5C70
Packaging & Printing,Guang Hing Loong Metal Printing & Can Guangdong Co. Ltd.,"13J07,13J09"
Packaging & Printing,Yongkang Yixiantian Trading Co. Ltd.,5C72
Packaging & Printing,Wenzhou Xinke Printing Co. Ltd.,"13J11,5A36"
Packaging & Printing,Dongguan Gangyuan Hardware Products Co.Ltd.,5E75-76
Packaging & Printing,Guangdong Mingyou Display Rack Co. Ltd.,13J14
Packaging & Printing,Wenzhou Qiyi Handicraft Co.Ltd,5G36
Packaging & Printing,Guangzhou Nuocai Digital Products Co. Ltd.,5H53-56
Packaging & Printing,Ningbo Zhenxi Cosmetics Co. Ltd.,10D80
Packaging & Printing,YongKang Xinduo Cups CO. Ltd,7G11-14
Packaging & Printing,Dongguan Zhongyu Textile Co. Ltd.,10K57-62
Packaging & Printing,Shantou Kaicheng Craft Co. Ltd,8A26
Packaging & Printing,Ningbo Jinmi Electric Technology Co. Ltd.,"12B32,12B34"
Packaging & Printing,Yiwu Jinzhen Luggage Co. Ltd.,"8A28,8A30"
Packaging & Printing,Foshan Xiangshu Technology Co. Ltd.,12B35-40
Packaging & Printing,Shenzhen Haosu Industrial Co. Ltd.,8B71
Packaging & Printing,Beijing Golden Valley Original Creation Technology CO.LTD.,12C63-66
Packaging & Printing,Foshan Lingli Hardware And Electrical Appliance Co. Ltd.,8B82
Packaging & Printing,Zhongshan Meng Tuo Machinery&Electronics Co. Ltd.,12D78
Packaging & Printing,Pujiang Shenfeng Packaging Materials Co. Ltd.,8B83
Packaging & Printing,Shenzhen Pangao Medical Electronics Co. Ltd.,12F41-46
Packaging & Printing,Longgang Zhenkai Packaging Co. Ltd.,8B90
Packaging & Printing,Guangdong Xiangshan Weighing Apparatus Group Ltd.,12F57-62
Packaging & Printing,Gaobeidian city weibin leather co. LTD,8C21-24
Packaging & Printing,ZAZAYOU Technology Co. Ltd.,12H31-34
Packaging & Printing,YIWU RUNHUI BAG.LTD,8D37-40
Packaging & Printing,Shenzhen Dongjilian Medical Tech Co. LTD,12H37-40
Packaging & Printing,Dongguan Huijin Foam Materials Co. Ltd.,"8E86,8E88"
Packaging & Printing,Shenzhen Chenxinchenyi Brand Management Co. Ltd.,12H59-62
Packaging & Printing,Guangzhou HuacaiHandbag Manufacturing CoLtd.,8G87
Packaging & Printing,KiShine Industry (Shenzhen) Co.Ltd,12H76
Packaging & Printing,Shenzhen Vicarline Outdoor Products Co. Ltd.,8G88
Packaging & Printing,Yongkang Zengjie Weighing Apparatus Factory,"12J60,12J62"
Packaging & Printing,Zhonghe (nanning) enterprises Ltd.,8H11-14
Packaging & Printing,Cixi Haokang Electric Technology Co. Ltd.,12S11-12
Packaging & Printing,Wenzhou Pusheng Packaging Technology Co. Ltd.,8H82
Packaging & Printing,ZHONGSHAN VTUNE TECHNOLOGY CO.LTD,12S23-24
Packaging & Printing,Jiangmen Pengjiang Hetang Huangwan Yuwei Handbag Factory,8J47
Packaging & Printing,Wenzhou Wangyi Packaging Co. Ltd.,13J18
Packaging & Printing,Dongguan Teshun Group Co.Ltd,"8J48,8J50"
Packaging & Printing,HDT (SZ) CO.LIMITED,14A14
Packaging & Printing,Dongguan YuDongXi Handbag Leather Co. Ltd.,8J49
Packaging & Printing,Shenzhen Boyue Digital technology Co.Ltd,"14A64,14A66"
Packaging & Printing,WENZHOU SHAMOO BAGS CO.LTD,"8J54,8J56"
Packaging & Printing,Guangdong Supai Drive Technology Co. Ltd,"14B12,14B14"
Packaging & Printing,FONDOFOLD BAGS (SHENZHEN) CO.LTD.,8J90
Packaging & Printing,Ningbo Goesch Smart Home Products Co. LTD,14B17-20
Packaging & Printing,WUXI EAST-SUNSHINE TEXTILE SCIENCE AND TECHNOLOGYCO..LTD,"8K07,8K09"
Packaging & Printing,Zhongshan Qiku Electronic Technology Co. Ltd.,14C01-04
Packaging & Printing,Longgang Junlian Bag Factory,"8K59,8K61"
Packaging & Printing,Shenzhen Meilan Technology Co. Ltd.,14D21-26
Packaging & Printing,Haining Honglang Textiles Co. Ltd.,9H91-92
Packaging & Printing,Qingdao Meiyike Technology Co. Ltd.,14E07-10
Packaging & Printing,Shenzhen DATOUREN Industrial co.LTD.,14F21-30
Packaging & Printing,Yuyao Pulang Electric Appliance Co.Ltd,"14H54,14H56"
Packaging & Printing,Shenzhen Chaojin Electronics Co. Ltd.,14H55
Packaging & Printing,Nanjing Gude Hardware Trading Co. Ltd.,10B11-14
Packaging & Printing,Wuyi ZhongNuo Health Technology Co. Ltd,14H69
Packaging & Printing,Guangzhou Qihang Cosmetics Technology Co. Ltd.,"10D48,10D50"
Packaging & Printing,Wenzhou kexin health product co. ltd.,14K53
Personal Care Products,Shenzhen Samo Electronics Co. Ltd.,14S06
Personal Care Products,Fu'an Zhongda Electronic Technology Co. Ltd.,16G06
Personal Care Products,Shenzhen Jiaguang Technology Co. Ltd.,16B44
Personal Care Products,Shenzhen Taizhi Weiye Electronics Co. Ltd.,"16G07,16G09"
Personal Care Products,Jiangsu Alphay Medical Device Co.Ltd,"16B60,16B62"
Personal Care Products,Shenzhen Keepﬁt Health Technology Co. LTD,16G17-20
Personal Care Products,Ningbo Kameng Electric Appliance Co. Ltd.,16C16
Personal Care Products,Ningbo Seago Electric Co.Ltd.,16G21-24
Personal Care Products,Wenzhou Woni Electric Appliance Co. Ltd.,"16C32,16C34"
Personal Care Products,ZeroO incubation,16G25
Personal Care Products,Spotronics Product Company Limited,"16C48,16C50"
Personal Care Products,SHENZHEN ES ELECTRONIC CO.LTD,"16G31,16G33"
Personal Care Products,DONGGUAN POWERME TECH. CO.LTD,"16D08,16D10"
Personal Care Products,Shenzhen Yiwai Product Design Co. Ltd.,16G41-44
Personal Care Products,FUZHOU SUNNY ELECTRONIC CO.LTD.,16D16
Personal Care Products,Guangzhou Suoai Intelligent Electric Appliance Co. Ltd.,16G54
Personal Care Products,Dongguan Jifan Electric Appliance Co. Ltd.,16D26
Personal Care Products,Shenzhen Xinzhiwei Electronic Technology Co. Ltd.,16G56
Personal Care Products,Wenzhou Hangxiang Electronic Technology,"16D31,16D33"
Personal Care Products,Guangdong Shuaboshi Technology Co. Ltd.,"16G59,16G61"
Personal Care Products,Shenzhen Decho Health Technoloy Co. Ltd.,"16D60,16D62"
Personal Care Products,Shenzhen Wuxin Biotechnology Co. Ltd.,16G67
Personal Care Products,Dongguan Songguo Health Technology Co. Ltd.,16D61
Personal Care Products,Shenzhen Ruijisi Technology Co. Ltd.,16G70
Personal Care Products,Baihui Jutong (Shenzhen) Industrial Co. Ltd. Dongguan Branch,16D76
Personal Care Products,Zhejiang Xilian Electronic Technology Co. Ltd.,16G71
Personal Care Products,Future Wear Health Technology Co. Ltd.,16E31-40
Personal Care Products,Wenzhou Baosiqi Electronic Technology Co. Ltd.,16H16
Personal Care Products,Shenzhen Minicute Ergonomic Technology Co. Ltd,16E41-46
Personal Care Products,Zhejiang Jiepai Brand Management Co. Ltd.,16H21-24
Personal Care Products,SHENZHEN BAICHANG TECHNOLOGY CO. LTD.,16E53-56
Personal Care Products,Dongguan Qiaochengli Technology Co. Ltd.,"16H48,16H50"
Personal Care Products,ZHEJIANG YUIAN ELECTRONIC TECHNOLOGY CO.LTD,16E57
Personal Care Products,Shenzhen Baleka Technology Co. Ltd.,16H53
Personal Care Products,Disi Health Technology (Beijing) Co. Ltd.,16E59-62
Personal Care Products,Shenzhen Cambrian Supply Chain Technology Co. Ltd.,16H55
Personal Care Products,Shenzhen Xiaohe Technology Co. Ltd.,16E63-66
Personal Care Products,Shenzhen Ruepxinke Electronics Co. LTD,16H69
Personal Care Products,Jinhua Lingdong Sporting Goods Co. Ltd.,16E72
Personal Care Products,Yuyao onway electric appliance factory,16H75
Personal Care Products,Dongguan Youwei Smart Home Co. Ltd,16E75
Personal Care Products,TOUCHBEAUTY BEAUTY & HEALTH (SHENZHEN) CO. LTD,16J01-04
Personal Care Products,Guangzhou Moyan Galaxy Technology Co. Ltd.,16F01-06
Personal Care Products,Foshan Rastu Medical Technology Co. Ltd,16J05
Personal Care Products,Shenzhen Yuelai Technology Co. Ltd.,16F07-10
Personal Care Products,Shenzhen Wumei Technology Co.Ltd,16J06
Personal Care Products,Jinhua Xuanchen Science Technology Co.Ltd,16F15
Personal Care Products,Shenzhen Otuomei Technology Co. Ltd.,16J26
Personal Care Products,CLEATOUCH (Shenzhen) Health Technology Co. Ltd.,16F47-50
Personal Care Products,FUJIAN IVES ELECTRONICS CO.LTD,16J37-40
Personal Care Products,SHENZHEN YIYUAN ELECTRIC APPLIANCE CO.LTD,16F58
Personal Care Products,Guangdong Hengjia Sheng Industrial Co.Ltd,16J41-44
Personal Care Products,Zhongshan Vanhong Electrical Technology Co. Ltd,16F67
Personal Care Products,SHENZHEN TOHACHI INDUSTRIL CO. LTD,16J59-62
Personal Care Products,Wenzhou Huifan Electric Appliance Co. Ltd.,"16F69,16F71"
Personal Care Products,Dongguan Zhangmutou Mingjiang Times Electronic Products R&D Department,16J64
Personal Care Products,Huizhou Haoqiang Electronics Co. Ltd.,16F70
Personal Care Products,YONGKANG JIUBANG INDUSTRIAL AND TEADE CO.LTD,16J75
Personal Care Products,Fu'an Kangrunyuan Electronics Co. Ltd.,16K11
Personal Care Products,Nanyang Shenzhoushen'ai Biotechnology Co. Ltd.,9J91
Personal Care Products,Zhejiang Xiangmei Electronic Technology Co. Ltd.,16S11-12
Personal Care Products,Shanghai Jala Beauty Sales Co. Ltd.,9K21-26
Personal Care Products,Zhuhai Yuehua Huicong Electronic Technology Co. Ltd.,16S23-24
Personal Care Products,Shenzhen Pengyouli Supply Chain Management Co. Ltd.,9S07-10
Personal Care Products,Chongqing Boenkang Medical Device Technology Co. Ltd.,16X14
Personal Care Products,Yongkang Baishi Technology Co. Ltd.,16X29
Personal Care Products,Ningbo Meiye Hairdressing Supplies Co. Ltd.,5A84
Personal Care Products,Dongguan Lingxi Supply Chain Co. Ltd.,10A79-80
Personal Care Products,Changsha Jinbing Daily Necessities Co. Ltd.,"5D76,5D78"
Personal Care Products,Kaicheng Xingye (Shanghai) Gifts Co. Ltd.,"10B53,10B55"
Personal Care Products,Zhejiang Meipaisi Cup Industry Co. Ltd.,"5F70,5F72"
Personal Care Products,Wenzhou Mickey Stickers Co. Ltd.,10C80
Personal Care Products,Zhejiang Baihe Terhnology Co. Ltd.,5G11-14
Personal Care Products,Shenzhen Chuangxinweiyue Process Gifts Co.Ltd,"10D76,10D78,11J07-10,5D31,5D33,9B53,9B55"
Personal Care Products,YONGKANG ZILY INDUSTRY&TRADE CO.LTD,8B46
Personal Care Products,Wenzhou Meixu Cultural Supplies Co. Ltd.,"10G69,10G71"
Personal Care Products,NINGBO MEIQI BRUSH INDUSTRY CO. LTD,"8B77,8B81"
Personal Care Products,JINJIANG RISE UMBRELLA CO.LTD,10K35
Personal Care Products,Shenzhen Taineng Jikang Technology Co. Ltd.,8C31-40
Personal Care Products,Shenzhen 1030 Creative Development Co. Ltd.,10S11-12
Personal Care Products,Ganzhou Sanmei Industry And Trade Co.Ltd,8D87
Personal Care Products,Shenzhen Lixin Craft Gifts Co. Ltd.,11A26
Personal Care Products,Shanghai Sregular Biotechnology Co. Ltd.,8G72
Personal Care Products,Zhongshan Guanrui Hardware & Plastic Co. Ltd.,"11A28,11A30"
Personal Care Products,Hangzhou Aibeihu Medical Technology Co.LTD,8H26
Personal Care Products,Dongguan Jinsheng Crafts Co. Ltd.,"11A48,11A50"
Personal Care Products,Yongkang Baoyun Industrial and Trade Co. Ltd,8M10
Personal Care Products,Shanghai Sankou Industrial Co. Ltd.,"11A64,11A66"
Personal Care Products,Lixian Yicheyucheng Auto Accessories Manufacturing Co. Ltd.,8M27
Personal Care Products,Shenzhen Changyu Metal Products Co. Ltd.,11A82
Personal Care Products,Zhejiang Mingshu Technology Co. Ltd.,9B11-14
Personal Care Products,Zhongshan Haoqi Craft Manufacturing Co. Ltd.,11A86
Personal Care Products,Guangzhou Sugen Daily Necessities Co. Ltd.,9B63-66
Personal Care Products,Shenzhen Zhengming Technology Co. Ltd.,11B11-14
Personal Care Products,Anhui Hangshi Shenmei Electronics Co. Ltd.,9C68
Personal Care Products,Dongguan OuBo arts & crafts Co.ltd,11B45
Personal Care Products,Linyi Youchi Intelligent Technology Co. Ltd.,9C83
Personal Care Products,Guangzhou Rainscene Umbrella Co.ltd,"11B54,11B56"
Personal Care Products,NINGBO HYDE HOME PRODUCTS COMPANY,9C89-92
Personal Care Products,Huizhou Xingjintai Craft Products Co. Ltd.,11B57
Personal Care Products,Zippo (China) Outdoor Products Co. Ltd.,9D11-14
Personal Care Products,Zhejiang Ni's Badge Co. Ltd.,"11B70,11B72"
Personal Care Products,Miaowang Pharmaceutical (Guangzhou) Co. Ltd.,9J11-14
Personal Care Products,WINSTONE INDUSTRIAL LIMITED,11C17-20
Personal Care Products,Dameiren (Shenzhen) Industrial Group Co. Ltd.,9J31-40
Personal Care Products,Shanghai Badge One Co. Ltd,"11C53,11C55"
Personal Care Products,Guangzhou Youxiang Cultural Supplies Co.Ltd.,9J41-44
Personal Care Products,DONGGUAN XINCHENG BADGE AND PRESENT CO.LTD,"11C54,11C56"
Personal Care Products,ShenZhen Wanerpublic Homeware Company Ltd.,9J45
Personal Care Products,Boluo Shiwan Skyringe Craft Factory,11C57
Promotional Items & Souvenirs,Toyin Acrylic Products Co.Ltd.,11C81-84
Promotional Items & Souvenirs,Friend Gifts Manufactory,"11K17,11K19"
Promotional Items & Souvenirs,BENSUN PLASTIC METAL PRODUCTS CO.LTD.,"11D12,11D14"
Promotional Items & Souvenirs,Wenzhou Hexin Optoelectronic Technology Co. Ltd.,11K25
Promotional Items & Souvenirs,Shenzhen Xinbaoyuan Weaving Co. Ltd.,"11D27,11D29"
Promotional Items & Souvenirs,Dongguan Biaoyi Craft Gifts Co.Ltd.,11K71
Promotional Items & Souvenirs,Yi Wu City Tongyi Jewelry Co. Ltd.,"11D28,11D30"
Promotional Items & Souvenirs,Zhongshan Talon Gifts & Crafts Co. Ltd,"11K81,11K83"
Promotional Items & Souvenirs,Dongguan Huiqi Animation Technology Co. Ltd.,"11D47,11D49"
Promotional Items & Souvenirs,Shenzhen Gezhi Gold Technology Co. Ltd.,11M01
Promotional Items & Souvenirs,Yiwu Hanpai Jewelry Co. Ltd.,"11D76,11D78"
Promotional Items & Souvenirs,Fengkuang Garment Design (Guangzhou) Co. Ltd.,11M08
Promotional Items & Souvenirs,VOGUE (HK) LIMITED,11E15-20
Promotional Items & Souvenirs,Wenzhou Zhongshen Cultural Supplies Co. Ltd.,11M11-12
Promotional Items & Souvenirs,WINBO GIFTS CO. LIMITED,11E41-46
Promotional Items & Souvenirs,Zhongshan Qingheng Craft Products Co. Ltd.,11S09-10
Promotional Items & Souvenirs,Guangdong Henglitai Crafts Co. Ltd.,11E53-56
Promotional Items & Souvenirs,Wenzhou Weiwo Technology Co. Ltd.,"13B28,13B30"
Promotional Items & Souvenirs,Guangdong Kasidun Cultural & Creative Gifts Co. Ltd.,11E59-62
Promotional Items & Souvenirs,Dongguan JIAN Gift Co.Ltd.,"13C08,13C10"
Promotional Items & Souvenirs,Shenzhen Yizexin Technology Co.Ltd,11E67-72
Promotional Items & Souvenirs,Hebei Roman Wool Products Co. Ltd.,"13C41,13C43"
Promotional Items & Souvenirs,Dongguan Xiongao Industrial Co. Ltd.,11F37-40
Promotional Items & Souvenirs,Dongguan Changying Crafts & Gifts Co.Ltd,13C47
Promotional Items & Souvenirs,Wenzhou Ouyu Acrylic Products Co. Ltd.,"11F69,11F71"
Promotional Items & Souvenirs,Guangdong Wisdom Lenticular Printing Co. Ltd.,13E16
Promotional Items & Souvenirs,WENZHOU RITIAN CRAFTS CO.LTD,11G11-14
Promotional Items & Souvenirs,Dongguan Yihong Ribbon Products Co. Ltd.,13H56
Promotional Items & Souvenirs,Zhejiang Daijun Crafts Co.Ltd.,"11G31,11G33"
Promotional Items & Souvenirs,Guangzhou Taide Paper Co. Ltd.,"13J27,13J29"
Promotional Items & Souvenirs,Wenzhou Lusen Crafts Co. Ltd.,11G68
Promotional Items & Souvenirs,QUANZHOU YUXIANGban LIMBRELLA TECHNOLOGY CO.LTD,5A34
Promotional Items & Souvenirs,Jinhua Wonder-inspirational Culture&Creativity Co. Ltd.,"11G70,11G72"
Promotional Items & Souvenirs,Dongguan Tuopu Craft Gifts Co. Ltd.,"5A38,5A40"
Promotional Items & Souvenirs,Wenzhou Yuebai Cultural Creativity Co. Ltd.,"11G76,11G78"
Promotional Items & Souvenirs,Shenzhen Debangshi Industrial Co. Ltd.,5A46
Promotional Items & Souvenirs,Shenzhen Jinhe Jubao Industrial Co. Ltd.,"11G81,11G83"
Promotional Items & Souvenirs,Hangzhou Tian'ai Umbrella Co. Ltd.,5A54
Promotional Items & Souvenirs,Shenzhen Yingdar Metal Crafts Co. LTD,"11G86,11G88"
Promotional Items & Souvenirs,Shenzhen Yangtai Umbrella Co. Ltd,5A56
Promotional Items & Souvenirs,Zhongshan Henglan Liteng Metal Products Factory,11H25-26
Promotional Items & Souvenirs,Cangnan Hengxin Metal Handicraft Co.Ltd,5A72
Promotional Items & Souvenirs,Hangzhou Kayford Branding Co. Ltd,11H27-30
Promotional Items & Souvenirs,DONGGUAN YITAI GIFTS & ARTS CO.LTD,5B46
Promotional Items & Souvenirs,Shanhaiyun Culture industry and Trade Co. Ltd,"11H54,11H56"
Promotional Items & Souvenirs,Huizhou Xinyu Craft Products Co. Ltd.,5B57
Promotional Items & Souvenirs,ZHAO QING YAO HONG METAL & PLASTIC LTD,11H57
Promotional Items & Souvenirs,Dongguan Brilliant International Co. Ltd.,5B63-66
Promotional Items & Souvenirs,Guangzhou Jinsheng Gifts Trading Co. Ltd.,11H68
Promotional Items & Souvenirs,Guangdong Wenchu Outdoor Products Co. Ltd.,5B71
Promotional Items & Souvenirs,HANGZHOU OWNSEAS YIRU-TECH CO.LTD.,11J01-06
Promotional Items & Souvenirs,Dongguan KMS Craft & Gifts Industrial Co.Ltd,"5B76,5B78"
Promotional Items & Souvenirs,Shenzhen Jinzhan Hardware & Plastic Products Co. Ltd.,11J16
Promotional Items & Souvenirs,SHAOXING QILI UMBRELLA CO.LTD,5B84
Promotional Items & Souvenirs,Shenzhen Xinjie Umbrella Co.Ltd.,11J45
Promotional Items & Souvenirs,Dongguan Dongrong Technology Co. Ltd.,5C46
Promotional Items & Souvenirs,Quanzhou Shuangrong Crafts Co. Ltd.,11J63-66
Promotional Items & Souvenirs,Dongguan Jinpeng Gifts Co. Ltd.,5C67
Promotional Items & Souvenirs,Wenzhou Jiujiu Bag Making Co. Ltd.,5C77
Promotional Items & Souvenirs,Shaoxing Jiaxiang Umbrella Co. Ltd.,8B36
Promotional Items & Souvenirs,Zhongshan Yiwanhe Metal Crafts Co. Ltd.,5C78
Promotional Items & Souvenirs,GUANGZHOU SHINE & RAIN UMBRELLA CO.LTD,"8B48,8B50"
Promotional Items & Souvenirs,Meita playing cards,5D67
Promotional Items & Souvenirs,FuJian Kaishida Technology Co.LTD,"8B54,8B56"
Promotional Items & Souvenirs,Shaoxing zechen umbrella industry co. ltd,5D75
Promotional Items & Souvenirs,Guangdong Shanpu Technology Co. Ltd.,8B70
Promotional Items & Souvenirs,Shaoxing Pugongying Umbrella Co. Ltd.,5D81
Promotional Items & Souvenirs,Jieyang Rongcheng Yuexing Hat Factory,8C45
Promotional Items & Souvenirs,Shenzhen Gaoshixingchuan Trading Co. Ltd.,5D83
Promotional Items & Souvenirs,Guangzhou Huaguan Hat & Apparel Co. Ltd.,8D82
Promotional Items & Souvenirs,Yiwu Zhibin Crafts Co. Ltd.,5D85
Promotional Items & Souvenirs,Jinhua Yimi Baby Products Co. Ltd.,8D85-86
Promotional Items & Souvenirs,Dongguan HuiYuan Crafts Co.ltd,"5E70,5E72"
Promotional Items & Souvenirs,Shaoxing Shangyu Yunshang Umbrella Co. Ltd.,8E45-46
Promotional Items & Souvenirs,Shenzhen Gumei plastic hardware_products co..LTD,5E78
Promotional Items & Souvenirs,BeeGreen Co.Ltd,8E71
Promotional Items & Souvenirs,Yiwu Dazhuang Poker Co. Ltd.,5F67
Promotional Items & Souvenirs,Shanghai Niuyi Textiles Co. Ltd.,8E82
Promotional Items & Souvenirs,Boluo Weicheng Craft Products Co. Ltd.,5F85-86
Promotional Items & Souvenirs,Hangzhou Gardenia Umbrella Co. Ltd.,8E84
Promotional Items & Souvenirs,Yongkang Kunde Industry & Trade Co. Ltd.,5G37-40
Promotional Items & Souvenirs,Wenzhou Classic Packing Co.Ltd,"8F85,8F87"
Promotional Items & Souvenirs,Huizhou Shang'ai Crafts Manufacturing Co. Ltd.,5G57
Promotional Items & Souvenirs,Lanxi Yashang Apparel Co. Ltd.,8F86
Promotional Items & Souvenirs,Lanxi Yisai Commodity Co. Ltd.,5G71
Promotional Items & Souvenirs,Beijing Yishe Apparel Co. Ltd.,8G70
Promotional Items & Souvenirs,Zhejiang Qiyi Industrial Co. Ltd.,5H63-66
Promotional Items & Souvenirs,Shaoxing Zhiniu Umbrella Co. Ltd.,8H36
Promotional Items & Souvenirs,Yongkang Zunbang Hardware Products Factory,"5H69,5H71"
Promotional Items & Souvenirs,Shenzhen Hongyuan Pengda Trading Co. Ltd.,8H46
Promotional Items & Souvenirs,Dongguan Zhanhong Weaving String Co.Ltd.,5H72
Promotional Items & Souvenirs,SHENZHEN CHUANGXINHAI CRAFT PRODUCT FACTORY LTD,"8H47,8H49"
Promotional Items & Souvenirs,Wenzhou Haibo Crafts Co. Ltd.,5H85
Promotional Items & Souvenirs,Wenzhou Shijing Packaging Co.LTD,8H63-66
Promotional Items & Souvenirs,Dongguan Shipai Yiduo Gifts Factory,5H86
Promotional Items & Souvenirs,Zhongshan Nanyi Webbing & Rope Co. Ltd.,8H68
Promotional Items & Souvenirs,Jieyang Xingsheng Plastic Products Co. Ltd.,"5J28,5J30"
Promotional Items & Souvenirs,NINGBO XINYU UMBRFLLA CO.LTD,8H75
Promotional Items & Souvenirs,Yuyao Shengtianshi Plastic Manufactory,5J46
Promotional Items & Souvenirs,Wenzhou Qili Umbrella Co. Ltd.,8J11-14
Promotional Items & Souvenirs,Guangdong Songtaixing Cosmetics Co. Ltd.,"5J60,5J62"
Promotional Items & Souvenirs,Wenzhou Xuanying Crafts Co. Ltd.,8J45
Promotional Items & Souvenirs,Dongguan Fuyuan Hardware Plastic Co. Ltd.,5J76
Promotional Items & Souvenirs,Youcheng Shangpin Technology (Beijing) Co. Ltd.,8J46
Promotional Items & Souvenirs,Shaoxing Shangyu Jianjin Umbrella Co. Ltd.,5K05
Promotional Items & Souvenirs,Wenzhou Guangfeng Apparel Co. Ltd.,8J63-66
Promotional Items & Souvenirs,Dongguan Jiduo Technology Co. Ltd.,5K07
Promotional Items & Souvenirs,Shandong Lukes Sports Technology Co.. Ltd.,8K75
Promotional Items & Souvenirs,Foshan Lingyu Crafts Co. Ltd.,"5K21,5K23"
Promotional Items & Souvenirs,Nangong Mingzi Felt Products Co. Ltd.,8K85
Promotional Items & Souvenirs,Zhongshan Niya Metal Products Co. Ltd.,"5S13,5S15"
Promotional Items & Souvenirs,Ronghui (Yiwu) Knitting Co. Ltd.,8M12
Promotional Items & Souvenirs,Fengyang Juxin Glass Products Co. Ltd.,"7K59,7K61"
Promotional Items & Souvenirs,ZhejiangTianging Limbrellg Industry Co.Ltd,8M15-16
Promotional Items & Souvenirs,Hangzhou Aidu Umbrella Co. Ltd.,8B25
Promotional Items & Souvenirs,Shenzhen chuang yixing hat industry co. LTD,8S11-12
Promotional Items & Souvenirs,DONGGUAN HAPPY SOUVENIRS LIMITED,"9A74,9A76"
Promotional Items & Souvenirs,Shanghai Rongkai Trading Co. Ltd.,10C15-20
Promotional Items & Souvenirs,Guangdong Zhongshan Xiaolan Aofeng Prize Crafts Factory (Chinese Trophy),9A80
Promotional Items & Souvenirs,Anhui Yingdun Trading Co. Ltd.,"10H37-40,16J07-10"
Promotional Items & Souvenirs,Guangzhou Triumph Gifts Co. Ltd.,9A84
Promotional Items & Souvenirs,Yongkang Denuo Electric Appliance Co. Ltd.,"10J69,10J71"
Promotional Items & Souvenirs,Dongyang Shangheng Crafts Co. Ltd.,9B95-96
Promotional Items & Souvenirs,Outi Household Appliances (Shenzhen) Co. Ltd.,11D01-06
Promotional Items & Souvenirs,TOURGO CO.LTD.,"9C48,9C50"
Promotional Items & Souvenirs,Foshan 3004 Electric Appliance Co. Ltd..,11M23
Promotional Items & Souvenirs,Dongguan Silai Rope Industry Co. Ltd.,9C73
Promotional Items & Souvenirs,Shenzhen Dongzhiyidian Technology Co. Ltd.,12A08
Promotional Items & Souvenirs,Quanzhou Lehu Metal & Trading Co. Ltd.,"9C80,9C82"
Promotional Items & Souvenirs,Jieyang Jingpin Technology Co. Ltd,12A16
Promotional Items & Souvenirs,Shenzhen Lianxingshun Textiles Co. Ltd.,9C95
Promotional Items & Souvenirs,Shenzhen Shenglin Trading Co. Ltd.,12A21-24
Promotional Items & Souvenirs,Shenzhen Queying Crafts Co. Ltd.,"9D67,9D69"
Promotional Items & Souvenirs,Dongguan Lucky Home Electrical Appliance Co. Ltd.,12A28
Promotional Items & Souvenirs,Zhongshan Yunhui Industry & Trade Co. Ltd.,"9D73,9D75"
Promotional Items & Souvenirs,Yuyao Yuan Ben Electric Appliance Co.Ltd,12A34
Promotional Items & Souvenirs,Shenzhen Jizhili Culture Co. Ltd.,9E11-20
Promotional Items & Souvenirs,Zhongshan Pinwei Life Electric Appliance Co.Ltd,12A41-42
Promotional Items & Souvenirs,DONGGUAN KUNHONG PLASTIC PRODUCTS CO.LTD,9E83-86
Promotional Items & Souvenirs,Shenzhen Derl Technology Co.Ltd,12A53-54
Promotional Items & Souvenirs,Shenzhen Jingbida Hardware Crafts & Gifts Co. Ltd.,9E89-90
Promotional Items & Souvenirs,Jieyang City Youerya intelligent electric Co.LTD,12B16
Promotional Items & Souvenirs,Changzhou Kunyue Trading Co. Ltd.,9E92
Promotional Items & Souvenirs,Zhejiang Shanben Preferred Intelligent Technology Co. Ltd.,12B17-20
Promotional Items & Souvenirs,Shenzhen Holywell Enterprise Limited,"9E94,9E96"
Promotional Items & Souvenirs,Shanghai Maiqing Industrial Co. Ltd.,12B27-30
Promotional Items & Souvenirs,Shenzheng CNS PT technology Co.Ltd,9G82
Promotional Items & Souvenirs,Chaozhou Zhennuo'er Household Products Co. Ltd.,"12B47,12B49"
Promotional Items & Souvenirs,Guangdong Xidiwen Fashion Technology Co. Ltd.,9G83
Promotional Items & Souvenirs,Ningbo Goodfriends Electric Appliance Co.Ltd,"12B53,12B55"
Promotional Items & Souvenirs,Wenzhou Zhongxiang light Electric &Tech Development Co.Ltd,9G86
Promotional Items & Souvenirs,Guangzhou Binwang Electronic Technology Co. Ltd.,"12B54,12B56"
Promotional Items & Souvenirs,Marvel & Rui (Guangzhou) Culture Communication Co. Ltd.,9G92
Promotional Items & Souvenirs,Guangzhou Hansong Tuojiang Technology Co. Ltd,12B58
Promotional Items & Souvenirs,Pujiang Fulei Arts & Crafts Co. Ltd.,"9H83,9H85"
Promotional Items & Souvenirs,Wuhan Diisea Intelligent Technology Co.Ltd,12B63-66
Promotional Items & Souvenirs,Longgang Wanxing Non-woven Bag Factory (General Partnership),9J57
Promotional Items & Souvenirs,Ningbo Panda Electric Appliance Co. Ltd.,"12B73,12B75"
Promotional Items & Souvenirs,Dongguan Pinshuo Ornaments Co. Ltd.,9J79-80
Promotional Items & Souvenirs,NINGBO SUPERB ELECTRIC COMPANY LIMITED,12B77
Promotional Items & Souvenirs,Guangzhou Quchao Cultural and Creative CO. LTD,9K81
Promotional Items & Souvenirs,Shenzhen Oulong Industrial Co.Ltd,12B78
Promotional Items & Souvenirs,Shenzhen Bajun Crafts Co. Ltd.,9M07
Promotional Items & Souvenirs,Guangzhou Yudong Life Technology Co. Ltd.,12C11-14
Promotional Items & Souvenirs,Guangdong Yuedisi Stainless Steel Products Co. Ltd.,12C41-46
Promotional Items & Souvenirs,Zhuhai Kaicai Technology Development Co. Ltd.,"12C47,12C49"
Promotional Items & Souvenirs,Xingtai Tingsen Electric Appliance Co. Ltd.,"12C48,12C50"
Promotional Items & Souvenirs,ZHEJIANG LATIM KITCHENWARE CO.LTD,10A47-50
Promotional Items & Souvenirs,Foshan Xiaonangua Technology Co. Ltd.,12C58
Smart Home Appliance,Huizhou Dahe Industrial Co. Ltd.,12C67-68
Smart Home Appliance,Wuhan Midea Kitchen Appliances Manufacturing Co. Ltd.,12G24-30
Smart Home Appliance,GuangDong Takdir Smart Robot Co.Ltd,12C69
Smart Home Appliance,Zhejiang Minke Electric Appliance Co. LTD,"12G54,12G56"
Smart Home Appliance,Shenzhen Haoyu Intelligent Electric Technology Co. Ltd.,12C70
Smart Home Appliance,Guangdong Fajiduo Intelligent Technology Co. Ltd.,12G57
Smart Home Appliance,Ningbo MayeElectric Appliance Technology Co.Ltd,12C77
Smart Home Appliance,Cixi Fuchuang Electric Appliance Co. Ltd,12G58
Smart Home Appliance,Jiangmen Beiersidun Electric Appliance Co. Ltd.,"12D01-10,12E01-10"
Smart Home Appliance,QUANERSI ELECTRONIC HARDWARE CO.LTD.,12G70
Smart Home Appliance,CHINA ASD GROUP,"12D11-20,12E11-20"
Smart Home Appliance,SHENZHEN GREATMAY ELECTRONIC CO.LTD.,12G74
Smart Home Appliance,Hangzhou Robam Electric Appliance Co. Ltd.,12D27-30
Smart Home Appliance,Zhejiang Ripu Electric Co. Ltd.,12G77-78
Smart Home Appliance,Kingclean Electric GREEN Technology (SUZHOU) Co. Ltd.,"12D41-50,12E41-50"
Smart Home Appliance,Zhongshan Huandixiong Electric Appliance Co. Ltd.,12H25
Smart Home Appliance,Guangdong Duomi Electric Technology Co.Ltd.,"12D54,12D56"
Smart Home Appliance,Foshan Shunde Founder Electrical Appliances Co. Ltd.,12H26
Smart Home Appliance,GUANGDONG LONGLI ELECTRICAL APPLIANCE CO.LTD,12D63-66
Smart Home Appliance,Buydeem Technology (Shenzhen) Co. LTD,"12H27-30,12J35-40"
Smart Home Appliance,Bazhou Hongshi Household Products Co. Ltd.,12D67
Smart Home Appliance,Shenzhen YIPINSHIDAI Technology Co. Ltd.,12H35
Smart Home Appliance,Jiuju Intelligent Technology Co. Ltd.,12D68
Smart Home Appliance,Jiaxing Maichuang Intelligent Technology Co. Ltd.,12H36
Smart Home Appliance,Ningbo Beilian Intelligent Technology Co. Ltd.,12D69
Smart Home Appliance,Ningbo Klinsmann Intelligent Technology Co.Ltd.,12H45
Smart Home Appliance,GUANGDONG SHUNDE TENFLY ELECTRICAL APPLIANCES CO. LTD,12D70
Smart Home Appliance,Hebei Wangde Technology Co. Ltd.,12H46
Smart Home Appliance,Shenzhen Kaer Medical Devices Co. Ltd.,12D73
Smart Home Appliance,Ningbo Yiwang Trading Co. Ltd.,"12H48,12H50"
Smart Home Appliance,SUZHOU XIMITE INTELLIGENT TECHNOLOGY CO.LTD,12D76
Smart Home Appliance,Zhongshan Fortune Electrics Co. Ltd.,"12H53,12H55"
Smart Home Appliance,GuangDong Bravo Industrial Co. Ltd,12D77
Smart Home Appliance,Guangdong Creative Double Star Technology Co.Ltd.,"12H54,12H56"
Smart Home Appliance,Wenzhou Lanyao Environmental Protection Equipment Co. Ltd.,12D79-80
Smart Home Appliance,Foshan Shunde Jingke Electric Appliance Co. Ltd.,12H57
Smart Home Appliance,GUANGDONG HUAQIANG APPLIANCE GROUP CO.LTD,12E53-56
Smart Home Appliance,Huaxinbao Industrial (Shenzhen) Co.Ltd.,"12H73,12H75"
Smart Home Appliance,Zhongshan Hanbaolong Electric Appliance Co. Ltd.,12E63-66
Smart Home Appliance,Zhongshan Kanglade Electric Appliance Co. Ltd.,12H74
Smart Home Appliance,Wudao Trading (Dezhou) Co. Ltd.,12E67-70
Smart Home Appliance,Foshan Shunde Wanfeida Kitchen & Bathroom Co. Ltd.,12H81
Smart Home Appliance,Zhongshan Xinqincheng Electric Appliance Co. Ltd.,12E78
Smart Home Appliance,Foshan Shunde Baicui Electric Appliance Co. Ltd.,12J21-24
Smart Home Appliance,Wenzhou Ai'er Electric Technology Co. Ltd.,12E81-82
Smart Home Appliance,ZHONGSHAN YOICE ELECTRIC APPLIANCE CO.LTD,12J25-26
Smart Home Appliance,Zhejiang Shaoxing Supor Household Products Co. Ltd.,"12F11-20,12G17-20"
Smart Home Appliance,Guangdong Weilin Technology Co. Ltd.,12J27-30
Smart Home Appliance,Wuhan Midea Living Appliances Manufacturing Co. Ltd.,"12F21-30,12G21-22"
Smart Home Appliance,Ningbo Yadu Environmental Technology Co. Ltd.,12J31-34
Smart Home Appliance,Guangdong Wandi Electric Appliance Co. Ltd.,12F47-50
Smart Home Appliance,Foshan Yufan Trading Co. Ltd.,12J45
Smart Home Appliance,Ningbo Yunliji Trading Co. Ltd.,"12F78,12F80"
Smart Home Appliance,Guangdong Weili Electric Appliance Co. Ltd.,12J46
Smart Home Appliance,Zhongshan Senle Electric Appliance Co. Ltd.,"12F81,12F82"
Smart Home Appliance,Ningbo Youmi Supply chain Management Co.LTD,"12J47,12J49"
Smart Home Appliance,Midea Group (Shanghai) Co. Ltd.,12G23
Smart Home Appliance,Zhongshan Kavin Electrical Appliances Co.Ltd,"12J48,12J50"
Smart Home Appliance,Yongkang Linbei Industry & Trade Co. Ltd.,"12J53,12J55"
Smart Home Appliance,SUZHOU CREATION SPACE INTELLIGENT TECHNOLOGY CO.LTD.,14J67
Smart Home Appliance,Zhongshan Shanshifu Electric Appliance Co. Ltd.,12J73
Smart Home Appliance,Lianjiang Zhimei Electric Appliance Co. Ltd.,"14K37,14K39"
Smart Home Appliance,Zhejiang Tianmo Electronic Technology Co. Ltd.,12J74
Smart Home Appliance,Wenzhou Chuchengyuan Electronic Technology Co. Ltd.,14S09-10
Smart Home Appliance,Guilin Qianzhan Electric Appliance Co. Ltd.,12J75
Smart Home Appliance,Wenzhou Zhongliang Trading Co. Ltd.,16B17-20
Smart Home Appliance,YEJEN APPLIANCES (SHENZHEN) LIMITED,12J76
Smart Home Appliance,FOSHAN YE HANG ELECTRONIC CO. LTD.,"16B38,16B40"
Smart Home Appliance,Zhongshan Baisha Electric Appliance Co. Ltd.,12J78
Smart Home Appliance,ShenZhen E0G Health Technology,"16B48,16B50"
Smart Home Appliance,IPW China ltd.,12J79
Smart Home Appliance,Shenzhen Gulin Power Technology Co.Ltd.,16D15
Smart Home Appliance,Guangdong Little Bear E-commerce Co. Ltd.,12K11-20
Smart Home Appliance,Shenzhen Ulink Technology Co.Ltd,16D25
Smart Home Appliance,Foshan Mengxiong Electric Technology Co. Ltd.,12K41-46
Smart Home Appliance,Wenzhou Kemingdun Electric Appliance Co. Ltd.,16D37-40
Smart Home Appliance,Yiwu Yueteng Intelligent Technology Co. Ltd.,12K53-56
Smart Home Appliance,SPECIALIFE INDUSTRIES LIMITED,16D41-46
Smart Home Appliance,Guangdong Haipai Electric Appliance Industrial Co. Ltd.,12K59-62
Smart Home Appliance,Shenzhen Sutu Technology Co. Ltd.,"16D47,16D49"
Smart Home Appliance,0JA Intelligent Robot Technology inc,12K63-68
Smart Home Appliance,Ningbo Ruyi Century Trading Co. Ltd.,"16D48,16D50"
Smart Home Appliance,Shoulashou (Zhejiang) Smart Home Co. Ltd.,12K75-76
Smart Home Appliance,Dongguan Sanzon Smart Home Products Co.Ltd,"16D53,16D55"
Smart Home Appliance,CIXI QIYUAN ELECTRIC APPLIANCE CO.LTD,12K77-78
Smart Home Appliance,Guangdong Triangle Home Appliance Sales Co. Ltd.,16D63-72
Smart Home Appliance,Guangdong Jianzhongwang Electric Appliance Co. Ltd.,"12S02,12S04"
Smart Home Appliance,Guangdong Kangfu Electric Appliance Co. Ltd.,16F31-34
Smart Home Appliance,Guangdong Shunde Xiangjundinghai Intelligent Technology Co. Ltd.,14C41-44
Smart Home Appliance,FoShan MOKKOM Electric appliance Co.Ltd,16F68
Smart Home Appliance,Shenzhen Greenbar Smart Electronics Co.Ltd,14C45
Smart Home Appliance,Dongguan Zhongshengguang Optoelectronics Co. Ltd.,"16F75,16F77"
Smart Home Appliance,Shantou Dio Toys Trade Co. Ltd.,"14C47,14C49"
Smart Home Appliance,Qingdao Sunrise Medical Technology Co. LTD,16G15
Smart Home Appliance,Jieyang Qiataili Electric Appliance Co. Ltd.,"14D32,14D34"
Smart Home Appliance,Ningbo Yaoen Electric Appliance Co. Ltd.,16G16
Smart Home Appliance,Shenzhen Sinco Technology Co.Limited,14D69
Smart Home Appliance,RHYTHM INDUSTRIAL (DONG GUAN) LTD.,16G37-40
Smart Home Appliance,YUYAO BESDI AUTOMOBILE CO.LTD,"14D70,14F72"
Smart Home Appliance,Zhongshan Rongzhifa New Energy Co. Ltd.,16G46
Smart Home Appliance,Shenzhen Jisu Technology Co.Ltd.,14E35-40
Smart Home Appliance,Shenzhen An An Sheng Electronics Co.LTD,"16G48,16G50"
Smart Home Appliance,Dongguan Ruyuan intelligent Technology Co. LTD.,14E59-62
Smart Home Appliance,Shenzhen Delanda Technology Co.Ltd,"16G63,16G65"
Smart Home Appliance,Foshan Kawa technology Co.Ltd.,14F05-10
Smart Home Appliance,Wenzhou Xinhao Creative Electronic Technology Co. Ltd.,16G75
Smart Home Appliance,Shenzhen Hangjia Chuangyuan Technology Co. Ltd.,14G17-20
Smart Home Appliance,Shenzhen Bigcase Technology Co.Ltd,16H01-06
Smart Home Appliance,Jieyang Jiayi Technology Co. Ltd.,"14G31,14G33"
Smart Home Appliance,Guangdong Missmeeca Smart Living Technology Co. Ltd.,16H45
Smart Home Appliance,SHANTOU YOLOMO ELECTRONIC TECHNOLOGY CO.LTD,14G46
Smart Home Appliance,Shenzhen Yingzhi Technology Co. Ltd.,16H47
Smart Home Appliance,Jieyang Konggang District Tianchen Electric Appliance Factory,"14H59,14H61"
Smart Home Appliance,Shenzhen Aputure Innovation Technology Co. Ltd.,"16H63,16H65"
Smart Home Appliance,NINGBO HAOLIN ELECTRIC APPLIANCE CO.LTD.,"14J53,14J55"
Smart Home Appliance,Jieyang Rongcheng Maikeli Electric Appliance Factory,16J36
Smart Home Appliance,Shenzhen Binlechuang Technology Co. Ltd.,16J45
Smart Home Appliance,Guangzhou Zhixiang Network Technology Co. Ltd.,10B35-40
Smart Home Appliance,Yuyao Zhanxin Automotive Products Co. Ltd.,16J46
Smart Home Appliance,Shantou Gaolejia Technology Co. Ltd,10D79
Smart Home Appliance,Zhongshan LOEASE Electronic Technology Co.Ltd,16J63
Smart Home Appliance,Hangzhou Baolun Stationery Co. Ltd.,11A88
Smart Home Appliance,Shenzhen Yongchangde Industrial Co. Ltd.,16K21
Smart Home Appliance,JOIN INTERNATIONAL COOPERATION CO.LTD.,11B05
Smart Home Appliance,Baitian Technology (Zhongshan) Co. Ltd.,16K23
Smart Home Appliance,Wenzhou Chaofan Pen Industry Co. Ltd.,11B06
Smart Home Appliance,Shenzhen Yuanzhichuang Technology Co. Ltd.,"16K31,16K33"
Smart Home Appliance,Nangong City Huahao Fur Production Co.Ltd,11B21-24
Smart Home Appliance,Shenzhen Yiyoudian Technology Co. Ltd.,"16K41,16K43"
Smart Home Appliance,Guangdong Kangbai Cultural & Creative Technology Co. Ltd.,11B67
Smart Home Appliance,Jieyang Lechuang Youpin Technology Co. Ltd.,"16K59,16K61"
Smart Home Appliance,Shenzhen Sisland Technology Co. Ltd,11B78
Smart Home Appliance,Dongguan Yijiapin R&D Co. Ltd.,16S04
Smart Home Appliance,Wenzhou Nuolan Crafts Co. Ltd.,11B90
Smart Home Appliance,Ningbo Dingchen Electric Technology Co. Ltd.,16X03
Smart Home Appliance,ZHEJIANG ZUODI STATIONERY CO.LTD.,11C58
Smart Home Appliance,Jieyang Zhisheng Printing Co. Ltd.,16X24
Smart Home Appliance,Yuxintong Cultural Industry (Dongguan) Co. Ltd.,11C70
Smart Home Appliance,Weixing Chuangke (Shenzhen) Technology Co. Ltd.,5A08
Smart Home Appliance,Dong Guan Szu Mao Stationery Gifts Co.Ltd,"11D07,11D09"
Smart Home Appliance,ROBOSEN ROBOTICS (SHENZHEN) CO.. LTD,5D58
Smart Home Appliance,Shantou Chenghai Shunchenglong Plastic Co. Ltd.,11D36
Smart Home Appliance,Zhejiang Jinsaozi Industry & Trade Co. Ltd.,5S05-10
Smart Home Appliance,Guangzhou Toy & Gift Industry Association,11D41-44
Smart Home Appliance,Foshan Lening E-Commerce Co. Ltd.,5S19-22
Smart Home Appliance,Quanzhou Roogo Home Craft Co. Ltd.,"11D69,11D71"
Smart Home Appliance,ZHUHAI KELITONG ELECTRONIC CO.LTD.,"7A12,7A14,7A16"
Smart Home Appliance,Ankang Adorkable Animation Culture Industry Co.Ltd,"11D81,11D83"
Smart Home Appliance,Zhejiang Seliya Plastic Co.Ltd.,7C07-10
Smart Home Appliance,HANGWING PLASTIC INDUSTRY CO.LTD.,11E11-14
Smart Home Appliance,Ningbo Diyilin Electric Co.Ltd.,7D82
Smart Home Appliance,Shantou Nosto Craft Industrial Company Limited,11E90
Smart Home Appliance,Dongguan Yaoyi Kitchen Appliance Technology Co.Ltd,7G85
Smart Home Appliance,Zhejiang Zhongjia Stationery Co. Ltd.,11F67
Smart Home Appliance,Jinhua Huojin Sporting Goods Co. Ltd.,8H31-34
Smart Home Appliance,Wenzhou Yunqi Cultural Supplies Co. Ltd.,"11F81,11F83"
Smart Home Appliance,Beijing Zhongxinyuan Trading Co. Ltd.,9A41-44
Smart Home Appliance,ITAPEC SRL,"11F82,11F84"
Smart Home Appliance,Guangdong Rongyao Trading Co. Ltd.,9A63-66
Smart Home Appliance,JINGKONG INTELLIGENT TECHNOLOGY CO. LTD,11G21-24
Smart Home Appliance,Ningbo Kadeer Electrical Appliances Co. Ltd,"9C27,9C29"
Smart Home Appliance,Beifa Group Co. Ltd.,"11G48,11G50"
Smart Home Appliance,Shenzhen Lianchuang Electric Appliance Industry CO.LTD,9F21-30
Smart Home Appliance,Wenzhou Chenbei Stationery Co. Ltd.,11G57
Smart Home Appliance,First Sky (Beijing) Technology Co. Ltd.,9F67-70
Smart Home Appliance,Shantou Chenghai Changqi Toy Factory,11G90
Smart Home Appliance,NEW ARTS INTERNATIONAL COMPANY LIMITED,11H67
Smart Home Appliance,Shantou Wanjuchuangxiang Cultural Technology Co. Ltd.,"11H70,11H72"
Smart Home Appliance,Jinhua Jingbo Crafts Co. Ltd.,11H89
Smart Home Appliance,Shanghai Deli Nusign Technology Co. Ltd.,11J31-34
Stationery & Toys,Dongguan Yarn Handcraft Succession Co. Ltd.,11J59-62
Stationery & Toys,Zhejiang Jinma Crafts Co. Ltd.,"5F76,5F78"
Stationery & Toys,Wenzhou Huaen Stationery Co. Ltd,"11J76,11J78"
Stationery & Toys,Foshan Yangmeimei Toys Co. Ltd.,5F82
Stationery & Toys,Guangdong Woma Animation Toys Co.Ltd,"11K07,11K09"
Stationery & Toys,Shanghai Hero Group Cultural Supplies Sales Co. Ltd.,5G27-30
Stationery & Toys,Ningbo Yinzhou Taichu International Trade Co. Ltd.,"11K63,11K65,5H75,5H77"
Stationery & Toys,Zhongshan Huachuang Xinghong Technology Co. Ltd.,5G33
Stationery & Toys,Shifeng Cultural Development Co.Ltd,11M03-04
Stationery & Toys,Artistic Cotton Co. Ltd.,5G59-62
Stationery & Toys,Ningbo Three A Group Co. Ltd,11M19-20
Stationery & Toys,Shouxian Hongyang Toys Co. Ltd.,5G67
Stationery & Toys,Youlima Crafts (Dingnan) Co. Ltd.,11S21-22
Stationery & Toys,Ningbo Milu Creative Technology Co. Ltd.,"5G76,5G78"
Stationery & Toys,Jinhua Jiaobida New Material Technology Co.LTD,13B33
Stationery & Toys,Beijing Yuanli Technology Co. Ltd.,5G81-84
Stationery & Toys,Wenzhou Zhengyi Packaging Co. Ltd.,13F05
Stationery & Toys,Shenzhen Sanchuan Union Technology Co. Ltd,"5H28,5H30"
Stationery & Toys,Dongguan city newway stationery co.limited,13H01-04
Stationery & Toys,Shantou Haipengda Commercial Development Co. LTD,"5J27,5J29"
Stationery & Toys,Guangzhou Tongying Technology Co. Ltd.,"13J41,13J43"
Stationery & Toys,Guangdong Xingbao Electronic Technology Co.Ltd,5J67
Stationery & Toys,Hengyi Technology Co. Ltd.,14C63-66
Stationery & Toys,Wenzhou Shengqi Crafts Co. Ltd.,5J77
Stationery & Toys,Yuzhou Lanbo Stationery Co. Ltd.,5A30
Stationery & Toys,Shantou Youxijia Toys Co. Ltd,5J