exhibitor_id,company_name,country,show_areas,halls,booths,detail_url,logo_url,source_page,source_position
3198,zvei,Germany,Home Appliances,Hall 4.1,H4.1-119,https://www.ifa-berlin.com/exhibitors/zvei,https://www.ifa-berlin.com/thumbnail/w500/2026/07/logo-zvei.svg,https://www.ifa-berlin.com/exhibitors,1
3039,Xiaomi,China,Home & Entertainment,Hall 6.2,H6.2-101,https://www.ifa-berlin.com/exhibitors/xiaomi,https://drive.ifa-berlin.com/drive/2026/08/_cache/d46c6a6ce90dae6d3e9e68457f97b913_f44202941cb2bd533bb3139543274624.png.webp,https://www.ifa-berlin.com/exhibitors,2
1849,Severin Elektrogeräte GmbH,Germany,Home Appliances,Hall 4.1,H4.1-103,https://www.ifa-berlin.com/exhibitors/severin-elektrogeraete,https://drive.ifa-berlin.com/drive/2025/12/_cache/327825643ec9bd0345c9beb7eb1b1750_db2b0828fbc21e28217f56ee9ca3d2d2.png.webp,https://www.ifa-berlin.com/exhibitors,3
1852,Philips TV,Germany,Home & Entertainment,Sommergarten,SOM-115,https://www.ifa-berlin.com/exhibitors/philips-tv,https://drive.ifa-berlin.com/drive/2026/06/_cache/caf572f28db080f9473945127db8f1c8_84ba0af724550facab7f1e8dbbd55704.png.webp,https://www.ifa-berlin.com/exhibitors,4
1832,Anker Innovations,United Kingdom,Smart Home,Hall 2.2 | Hall 7.2c | Hall 13 | Palais | Marshall-Haus,H2.2-101 | H7.2c-105 | H13-100 | PAF-123 | MSH-101 | MSH-201,https://www.ifa-berlin.com/exhibitors/anker,https://drive.ifa-berlin.com/drive/2025/08/_cache/6864f84b1aa6e7beb69433e04508a7ab_ccbedb7051cea7f6ce70a34105129609.png.webp,https://www.ifa-berlin.com/exhibitors,5
1862,JURA Elektrogeräte Vertriebs-GmbH,Germany,Home Appliances,Hall 2.1,H2.1-103,https://www.ifa-berlin.com/exhibitors/jura-elektrogerate,https://www.ifa-berlin.com/thumbnail/w500/2025/12/jura_elektrogerate_284.webp,https://www.ifa-berlin.com/exhibitors,6
3433,EBAY GmbH,,Content Creation,Hall 20,H20-125,https://www.ifa-berlin.com/exhibitors/ebay,https://drive.ifa-berlin.com/drive/2025/08/_cache/69c30edd914021821064b0ec21382056_d18cabaa7b3835ce752bb2f8c69a8955.png.webp,https://www.ifa-berlin.com/exhibitors,7
1841,Liebherr,Germany,Home Appliances,Hall 2.1,H2.1-104,https://www.ifa-berlin.com/exhibitors/liebherr,https://drive.ifa-berlin.com/drive/2025/06/_cache/20da045bd1e76d8a088d8ab1032b0f2d_3d87b92e3d87fd049b15bf4ceed2ee44.png.webp,https://www.ifa-berlin.com/exhibitors,8
1826,Beurer GmbH,Germany,Home Appliances,Hall 4.1,H4.1-112,https://www.ifa-berlin.com/exhibitors/beurer,https://drive.ifa-berlin.com/drive/2026/06/_cache/efdff5b2afa097bdb80c0f04ac112c31_397ba5c7e1661993642857d42e9e8f78.png.webp,https://www.ifa-berlin.com/exhibitors,9
3703,Turtle Beach Europe Ltd.,United Kingdom,Communication & Connectivity,Hall 4.2,H4.2-147,https://www.ifa-berlin.com/exhibitors/turtle-beach-europe,https://drive.ifa-berlin.com/drive/2026/07/_cache/f78526f695a1db98794bb4ed653b05f5_7ba4f683c68cb585a1e0e4b3ee4d3f48.png.webp,https://www.ifa-berlin.com/exhibitors,10
1866,Hama GmbH & Co KG,Germany,Communication & Connectivity,Hall 4.2,H4.2-147,https://www.ifa-berlin.com/exhibitors/hama,https://drive.ifa-berlin.com/drive/2025/12/_cache/1eac2c85740558900288df0487beb0aa_1f1f6a90ffa09c7dd62c1148bf99ed09.jpg.webp,https://www.ifa-berlin.com/exhibitors,11
1887,Dreame,China,Home Appliances,Hall 7.1a | Sommergarten Outdoor CG | Hall 7.1b,H7.1a-101 | OCG-107 | H7.1b-101,https://www.ifa-berlin.com/exhibitors/dreame,https://www.ifa-berlin.com/thumbnail/w500/2025/05/dreame-innovation-technology-suzhou-co-ltd_479.webp,https://www.ifa-berlin.com/exhibitors,12
3403,Panasonic TV,China,Home & Entertainment,Hall 8.2,H8.2-103,https://www.ifa-berlin.com/exhibitors/panasonic,https://drive.ifa-berlin.com/drive/2026/07/_cache/d6125adb48747b268a9350a2d4e43c40_12c64b271c3459246a2174c7634fc944.png.webp,https://www.ifa-berlin.com/exhibitors,13
3571,STRONG,France,Home & Entertainment,Hall 23 | Hall 5.2,H23-103 | H5.2-Kassel 2,https://www.ifa-berlin.com/exhibitors/strong,https://drive.ifa-berlin.com/drive/2026/08/_cache/bb3487ad8e488debbe2dfe4a931d58c6_1f74bf4222ae3f860f8dcb1a8a0a2b1e.png.webp,https://www.ifa-berlin.com/exhibitors,14
1824,AEG,Sweden,Home Appliances,Hall 4.1,H4.1-101,https://www.ifa-berlin.com/exhibitors/aeg,https://www.ifa-berlin.com/thumbnail/w500/2025/12/aeg_2276.webp,https://www.ifa-berlin.com/exhibitors,15
1856,Sharp Consumer Electronics,Poland,Home & Entertainment,Hall 22,H22-101,https://www.ifa-berlin.com/exhibitors/sharp-consumer-electronics,https://www.ifa-berlin.com/thumbnail/w500/2025/12/sharp_1751.webp,https://www.ifa-berlin.com/exhibitors,16
1851,TCL Overseas Marketing Ltd,Hong Kong,Home & Entertainment,Hall 21,H21-101,https://www.ifa-berlin.com/exhibitors/tcl-overseas-marketing,https://drive.ifa-berlin.com/drive/2025/08/_cache/7501d9a05576a640a5260bed938a9a6f_333c860df6489c62c044ccd7beebe987.png.webp,https://www.ifa-berlin.com/exhibitors,17
1926,LAURASTAR Deutschland GmbH,Germany,Home Appliances,Hall 4.1,H4.1-111,https://www.ifa-berlin.com/exhibitors/laurastar-deutschland,https://drive.ifa-berlin.com/drive/2025/05/_cache/5030fdd1aab67cd1b7647eecca5c1171_17f2b45db69593b62153ca96753a7d3a.png.webp,https://www.ifa-berlin.com/exhibitors,18
1838,Hisense,Hong Kong,Home & Entertainment,Hall 23,H23-102,https://www.ifa-berlin.com/exhibitors/hisense,https://drive.ifa-berlin.com/drive/2025/05/_cache/adfd90deaed1a70b10676a2c97a03204_7769ea21a794b96f2d87812af6498c75.png.webp,https://www.ifa-berlin.com/exhibitors,19
1861,ELECTROLUX APPLIANCES AB,Sweden,Home Appliances,Hall 4.1,H4.1-101,https://www.ifa-berlin.com/exhibitors/electrolux-appliances,https://drive.ifa-berlin.com/drive/2025/05/_cache/4861bc9f5ed12c26b6f3a1c2c827e624_b16c745ae199e66e42ca5d9b1d6595c2.png.webp,https://www.ifa-berlin.com/exhibitors,20
1840,LG Electronics,South Korea,Home & Entertainment,Hall 18 | Hall 13,H18-101 | H13-Greifswald | H13-Sassnitz,https://www.ifa-berlin.com/exhibitors/lg-electronics,https://drive.ifa-berlin.com/drive/2025/08/_cache/da91810487265b4f95424e57dd35602a_cf72ec1d2d9d076b0bc5b88cda829ad6.png.webp,https://www.ifa-berlin.com/exhibitors,21
1846,Panasonic Marketing Europe,Germany,,CityCube Hall B,CCBB-R4 | CCBB-R5 | CCBB-R6,https://www.ifa-berlin.com/exhibitors/panasonic-marketing-europe,https://drive.ifa-berlin.com/drive/2025/01/_cache/65562a9caa6da475d24f5bdbfc7aeb17_5a271d2e28b6417c346689000c1d5a0f.png.webp,https://www.ifa-berlin.com/exhibitors,22
1867,Global Fairs,Germany,Home & Entertainment,Hub 27,H27-H27,https://www.ifa-berlin.com/exhibitors/global-fairs,https://drive.ifa-berlin.com/drive/2026/02/_cache/bf40b9c71395086ac479b1d01bc67f4a_1acf34fd340fea4530a2a0f14d88c5bf.png.webp,https://www.ifa-berlin.com/exhibitors,23
2041,Nivona Apparate GmbH,Germany,Home Appliances,Hall 4.1,H4.1-104,https://www.ifa-berlin.com/exhibitors/nivona-apparate,https://drive.ifa-berlin.com/drive/2026/08/_cache/a61838526eb0b1734e83586a678a1126_f7823973f013aad7dc0dcf62880ea12d.png.webp,https://www.ifa-berlin.com/exhibitors,24
2020,Russell Hobbs,Germany,Home Appliances,Hall 4.1,H4.1-109,https://www.ifa-berlin.com/exhibitors/russell-hobbs,https://drive.ifa-berlin.com/drive/2026/07/_cache/6e51042be19029f66f97470d32f303c8_412fc4b0279e3fea54c0c8a1e1da808f.jpeg.webp,https://www.ifa-berlin.com/exhibitors,25
3030,Volkswagen AG,Germany,,Sommergarten | Mobility Track | Palais,SOM-301 | SOM-201 | MT-111 | PAF-117,https://www.ifa-berlin.com/exhibitors/volkswagen,https://drive.ifa-berlin.com/drive/2026/07/_cache/cdbcda2882481d30270ff3f0c9e57221_50581deff4581e2493bf832aebb82e86.jpg.webp,https://www.ifa-berlin.com/exhibitors,26
1842,Midea Electric Trading (Singapore) Co. Pte. Ltd,Singapore,Home Appliances,Hall 5.1,H5.1-101,https://www.ifa-berlin.com/exhibitors/midea-electric-trading-singapore,https://www.ifa-berlin.com/thumbnail/w500/2025/12/midea_481.webp,https://www.ifa-berlin.com/exhibitors,27
1859,Cecotec,Spain,Home Appliances,Hall 3.1,H3.1-102,https://www.ifa-berlin.com/exhibitors/cecotec,https://www.ifa-berlin.com/thumbnail/w500/2025/12/cecotec_innovaciones_1193.webp,https://www.ifa-berlin.com/exhibitors,28
3562,Sandisk Germany GmbH,Germany,Communication & Connectivity,Hall 4.2,H4.2-147,https://www.ifa-berlin.com/exhibitors/sandisk-germany,https://drive.ifa-berlin.com/drive/2025/12/_cache/93800dd1cd2d3b719f84d71b16e4969c_485f6c2beb6c1432b9c751891cc097ae.png.webp,https://www.ifa-berlin.com/exhibitors?page=2,29
1865,SBS SPA,Italy,Communication & Connectivity,Hall 3.2,H3.2-133,https://www.ifa-berlin.com/exhibitors/sbs,https://drive.ifa-berlin.com/drive/2025/05/_cache/0941c73cbf059538d7fe5e8fdc7bb746_b0bc6b2ad18067da171930fc59f46f15.png.webp,https://www.ifa-berlin.com/exhibitors?page=2,30
3561,beyerdynamic GmbH & Co. KG,Germany,Communication & Connectivity,Hall 4.2,H4.2-147,https://www.ifa-berlin.com/exhibitors/beyerdynamic,https://drive.ifa-berlin.com/drive/2025/08/_cache/58c3558ce38034f5ffc7426430520b31_78930f79c674d6c4a982319194bfc2e1.jpg.webp,https://www.ifa-berlin.com/exhibitors?page=2,31
1823,Acer Inc.,Taiwan,Computing & Gaming,CityCube Hall A,CCBA-A5,https://www.ifa-berlin.com/exhibitors/acer,https://drive.ifa-berlin.com/drive/2025/08/_cache/72aad2af2d5343fb5cf7dcc901a72711_be9652563a6d97b4cdecbd807dbf53e3.png.webp,https://www.ifa-berlin.com/exhibitors?page=2,32
3868,De'Longhi @Joint Space RIZ,,Home Appliances,CityCube Hall B,CCBB-101 | CCBB-102 | CCBB-103,https://www.ifa-berlin.com/exhibitors/de-longhi,https://drive.ifa-berlin.com/drive/2026/09/_cache/43ed951a80d3012a91ca70f112d7e5f2_52577d078cf229e69c9881fa21a1ab9c.png.webp,https://www.ifa-berlin.com/exhibitors?page=2,33
1955,Fakir-Hausgeräte GmbH,Germany,Home Appliances,Hall 4.1,H4.1-108,https://www.ifa-berlin.com/exhibitors/fakir-hausgerate,https://www.ifa-berlin.com/thumbnail/w500/2025/12/fakir_hausgerate_gmbh_52.webp,https://www.ifa-berlin.com/exhibitors?page=2,34
3577,AliExpress,China,Computing & Gaming,Hall 5.2,H5.2-439,https://www.ifa-berlin.com/exhibitors/aliexpress,https://www.ifa-berlin.com/thumbnail/w500/2026/08/o1cn01gtwiku1lekmo920k06000000001267-2-tps-1537-342.webp,https://www.ifa-berlin.com/exhibitors?page=2,35
3875,ROKU,USA,Home & Entertainment,Hall 23,H23-103,https://www.ifa-berlin.com/exhibitors/roku,https://drive.ifa-berlin.com/drive/2026/08/_cache/fe66bedeefe510d568b6afe75b238e4f_391f33d7214a1acb8a7eaf5fcee1d446.png.webp,https://www.ifa-berlin.com/exhibitors?page=2,36
1836,FRITZ!,Germany,Computing & Gaming,Hall 7.2c,H7.2c-111,https://www.ifa-berlin.com/exhibitors/fritz,https://drive.ifa-berlin.com/drive/2026/07/_cache/6f0d7d2bd81ec7baef67b4b37a044dae_c3943d39333a7bc5c63f08db16a8a3e9.png.webp,https://www.ifa-berlin.com/exhibitors?page=2,37
3658,euronics,Germany,Global Strategic Retail Partner,CityCube Hall B | CityCube Hall A,CCBB-103 | CCBA-Cube Club,https://www.ifa-berlin.com/exhibitors/euronics,https://drive.ifa-berlin.com/drive/2025/12/_cache/41f2b36d1093fd8405753cee3124b65d_35fc621cab01c5a7c431340f32961071.jpg.webp,https://www.ifa-berlin.com/exhibitors?page=2,38
1977,CASO GmbH,Germany,Home Appliances,Hall 4.1,H4.1-110,https://www.ifa-berlin.com/exhibitors/caso,https://drive.ifa-berlin.com/drive/2025/05/_cache/1515dade083561cbb25ae114d612743d_ea8036b86ecc6d1aba8d3e9453b6a01f.jpeg.webp,https://www.ifa-berlin.com/exhibitors?page=2,39
1848,Samsung,,Content Creation,Palais | CityCube Hall B,PAF-101 | CCBB-R2,https://www.ifa-berlin.com/exhibitors/samsung,https://drive.ifa-berlin.com/drive/2026/03/_cache/af4b6b90c424e61a9d1b758511b2e567_bee6a6bcbb04eea5a385cdb384cda050.png.webp,https://www.ifa-berlin.com/exhibitors?page=2,40
1828,Siemens Home Appliances,Germany,Home Appliances,Hall 1.1,H1.1-101,https://www.ifa-berlin.com/exhibitors/siemens-hausgerate,https://drive.ifa-berlin.com/drive/2025/09/_cache/9b32c48395d60b16bb1eea60cfb3ffd7_a13a8a97e882faccf52d105926417c0a.png.webp,https://www.ifa-berlin.com/exhibitors?page=2,41
1843,Miele,Germany,Home Appliances,Hall 2.1,H2.1-101,https://www.ifa-berlin.com/exhibitors/miele,https://www.ifa-berlin.com/thumbnail/w500/2025/12/miele_754_(1).webp,https://www.ifa-berlin.com/exhibitors?page=2,42
2046,SEBO Stein & Co. GmbH,Germany,Home Appliances,Hall 4.1,H4.1-105,https://www.ifa-berlin.com/exhibitors/sebo-stein-co,https://drive.ifa-berlin.com/drive/2026/08/_cache/b8d1d2f9af133fb1f747dddf74c4f3c2_9ed37f0e2302451eec8a2df76480d465.png.webp,https://www.ifa-berlin.com/exhibitors?page=2,43
1827,Bosch Home Appliances,Germany,Home Appliances,Hall 1.1,H1.1-102,https://www.ifa-berlin.com/exhibitors/bosch,https://drive.ifa-berlin.com/drive/2025/07/_cache/65f681599442bde861aa40fa2b7eda5e_00ffac3a3499a944a872948e7a721f91.png.webp,https://www.ifa-berlin.com/exhibitors?page=2,44
1868,Metz,Germany,Home & Entertainment,Hall 23,H23-101,https://www.ifa-berlin.com/exhibitors/metz-ce,https://drive.ifa-berlin.com/drive/2025/12/_cache/5e366036274730186974910effb506a9_6c5a5ff53f38720633862fe68a866a89.jpg.webp,https://www.ifa-berlin.com/exhibitors?page=2,45
1863,Kärcher,Germany,Home Appliances,Hall 2.1,H2.1-102,https://www.ifa-berlin.com/exhibitors/karcher,https://drive.ifa-berlin.com/drive/2025/12/_cache/7d1239ac196434175d2fe88f6cdce347_f4268d551cdf5ab562890cdc75a6de9f.jpg.webp,https://www.ifa-berlin.com/exhibitors?page=2,46
1837,Haier,Italy,Home Appliances,Hall 3.1,H3.1-101,https://www.ifa-berlin.com/exhibitors/haier,https://drive.ifa-berlin.com/drive/2025/08/_cache/3384e6fed652bc95fdd6096984e994d4_102a39f132649e162b28ebb664792f2c.png.webp,https://www.ifa-berlin.com/exhibitors?page=2,47
3204,Telering,Germany,Strategic Retail Partner,Hall 2.2,H2.2-160,https://www.ifa-berlin.com/exhibitors/telering,https://drive.ifa-berlin.com/drive/2026/08/_cache/5e878e3ed1863759ced3f4f2ecfdcd45_462d3875dcc60b7ffbc28a5b9ea34403.png.webp,https://www.ifa-berlin.com/exhibitors?page=2,48
1914,Rommelsbacher,Germany,Home Appliances,Hall 4.1,H4.1-113,https://www.ifa-berlin.com/exhibitors/rommelsbacher,https://drive.ifa-berlin.com/drive/2025/12/_cache/32e4b78e840a3cdacf701b1a775f14f0_bb5ff8a0a7c19a78172c339afccff0c1.jpg.webp,https://www.ifa-berlin.com/exhibitors?page=2,49
2202,Cellularline,Italy,Communication & Connectivity,Hall 4.2,H4.2-101,https://www.ifa-berlin.com/exhibitors/cellularline,https://www.ifa-berlin.com/thumbnail/w500/2025/12/cellularline_group_211.webp,https://www.ifa-berlin.com/exhibitors?page=2,50
3942,Seauto,Singapore,Computing & Gaming,Hall 5.2,H5.2-439,https://www.ifa-berlin.com/exhibitors/seauto,https://www.ifa-berlin.com/img/exhibitors/default.svg,https://www.ifa-berlin.com/exhibitors?page=2,51
3940,ENGWE,Singapore,Computing & Gaming,Hall 5.2,H5.2-439,https://www.ifa-berlin.com/exhibitors/engwe,https://www.ifa-berlin.com/img/exhibitors/default.svg,https://www.ifa-berlin.com/exhibitors?page=2,52
3884,ILIFE,Singapore,Computing & Gaming,Hall 5.2,H5.2-439,https://www.ifa-berlin.com/exhibitors/ilife,https://www.ifa-berlin.com/img/exhibitors/default.svg,https://www.ifa-berlin.com/exhibitors?page=2,53
1850,Sony Europe,Germany,Content Creation,Palais,PAF-125,https://www.ifa-berlin.com/exhibitors/sony-europe,https://drive.ifa-berlin.com/drive/2026/02/_cache/ce283fee997c69fe387e6a89356af13e_53085b4854d5fdbba433f720de6d9b73.png.webp,https://www.ifa-berlin.com/exhibitors?page=2,54
3587,Tesla Electronics s.r.o.,Czechia,Home Appliances,Hall 6.1,H6.1-100,https://www.ifa-berlin.com/exhibitors/tesla-electronics,https://drive.ifa-berlin.com/drive/2026/08/_cache/c81044529c016a1bd0de11f5590d88b8_685509346d1b46419a4ddaa8cab7f0da.png.webp,https://www.ifa-berlin.com/exhibitors?page=2,55
3947,EagleSight Dynamics,Singapore,Computing & Gaming,Hall 5.2,H5.2-439,https://www.ifa-berlin.com/exhibitors/eaglesight-dynamics,https://www.ifa-berlin.com/img/exhibitors/default.svg,https://www.ifa-berlin.com/exhibitors?page=2,56
3946,Anycubic,Singapore,Computing & Gaming,Hall 5.2,H5.2-439,https://www.ifa-berlin.com/exhibitors/anycubic,https://www.ifa-berlin.com/img/exhibitors/default.svg,https://www.ifa-berlin.com/exhibitors?page=3,57
1847,Roborock,Hong Kong,Home Appliances,Hall 9,H9-111,https://www.ifa-berlin.com/exhibitors/roborock,https://drive.ifa-berlin.com/drive/2026/08/_cache/4f9057415da8e07690672e719c6f8e17_15701ac947254e0d310c9c0a9c7092ce.png.webp,https://www.ifa-berlin.com/exhibitors?page=3,58
3706,KIDP,South Korea,IFA Next,Hall 25,H25-361,https://www.ifa-berlin.com/exhibitors/kidp,https://www.ifa-berlin.com/thumbnail/w500/2026/08/kidp-logo.svg,https://www.ifa-berlin.com/exhibitors?page=3,59
2063,Simfer,Türkiye,Home Appliances,Hall 9,H9-105,https://www.ifa-berlin.com/exhibitors/simfer,https://drive.ifa-berlin.com/drive/2026/06/_cache/834cfd9122c73c7850e42120c62bf5ac_71f01c4b27ae78cfa3d142dbf8f67448.png.webp,https://www.ifa-berlin.com/exhibitors?page=3,60
2065,Blaupunkt,Luxembourg,Home & Entertainment,Hall 22,H22-125,https://www.ifa-berlin.com/exhibitors/blaupunkt,https://drive.ifa-berlin.com/drive/2026/07/_cache/5975b8690157a2534279aef98e0df7f1_bd80d8940b3eec4382850fb9eb676f2a.png.webp,https://www.ifa-berlin.com/exhibitors?page=3,61
2268,XGIMI,Hong Kong,Home & Entertainment,Hall 21,H21-111,https://www.ifa-berlin.com/exhibitors/xgimi,https://drive.ifa-berlin.com/drive/2026/08/_cache/7c41870c876179aa525ddb6bcdf336e9_387de33ecfe0e4d11d090bb1a256d437.png.webp,https://www.ifa-berlin.com/exhibitors?page=3,62
2440,TP-Link,Germany,Computing & Gaming,Hall 7.2c,H7.2c-101,https://www.ifa-berlin.com/exhibitors/tp-link,https://drive.ifa-berlin.com/drive/2026/06/_cache/f8c8785e7abc654a93792bbe2032d8a6_0f82152235cb1382a055545db0f623b4.jpg.webp,https://www.ifa-berlin.com/exhibitors?page=3,63
3959,Tapo,Germany,Computing & Gaming,Hall 7.2c,H7.2c-101,https://www.ifa-berlin.com/exhibitors/tapo,https://drive.ifa-berlin.com/drive/2026/08/_cache/0574256232db8b0b921bfe6fa80478a0_9dd9ac7495db26de213e0fad66942ee9.png.webp,https://www.ifa-berlin.com/exhibitors?page=3,64
3379,CANVAS HiFi,Denmark,Home & Entertainment,Hall 21,H21-108,https://www.ifa-berlin.com/exhibitors/canvas-hifi,https://www.ifa-berlin.com/thumbnail/w500/2025/12/canvas_hifi_1227.webp,https://www.ifa-berlin.com/exhibitors?page=3,65
3941,MagicLab,Singapore,Computing & Gaming,Hall 5.2,H5.2-439,https://www.ifa-berlin.com/exhibitors/magiclab,https://www.ifa-berlin.com/img/exhibitors/default.svg,https://www.ifa-berlin.com/exhibitors?page=3,66
3799,TOSHIBA,Germany,Computing & Gaming,Hall 6.2,H6.2-203,https://www.ifa-berlin.com/exhibitors/toshiba,https://www.ifa-berlin.com/img/exhibitors/default.svg,https://www.ifa-berlin.com/exhibitors?page=3,67
3939,ETENWOLF,Singapore,Computing & Gaming,Hall 5.2,H5.2-439,https://www.ifa-berlin.com/exhibitors/etenwolf,https://www.ifa-berlin.com/img/exhibitors/default.svg,https://www.ifa-berlin.com/exhibitors?page=3,68
2898,Korea Innovation Center Europe,South Korea,IFA Next,Hall 25,H25-317 | H25-307 | H25-305 | H25-311 | H25-313,https://www.ifa-berlin.com/exhibitors/korea-innovation-center-europe-2,https://drive.ifa-berlin.com/drive/2026/08/_cache/7001fcc20360dfc4361737cc230e2f44_ecbb337df9956cdddf836bee6373c2a1.png.webp,https://www.ifa-berlin.com/exhibitors?page=3,69
2149,"Zhejiang Sunseeker Industrial Co.,Ltd.",China,Home Appliances,Hall 11.1,H11.1-107,https://www.ifa-berlin.com/exhibitors/zhejiang-sunseeker-industrial,https://drive.ifa-berlin.com/drive/2026/07/_cache/c0ed7a455a2da4d5c64af178388ebea8_812c9bebc0fe9845a8ed14400ed4e44b.png.webp,https://www.ifa-berlin.com/exhibitors?page=3,70
1857,Changhong Group,China,Home & Entertainment,Hall 22,H22-135,https://www.ifa-berlin.com/exhibitors/changhong-chiq,https://drive.ifa-berlin.com/drive/2025/12/_cache/2421eae07b2f6ef7194c08fdd6765a65_e669edfa71a49f1c75feb40e06e1b096.jpg.webp,https://www.ifa-berlin.com/exhibitors?page=3,71
3948,HP,Singapore,Computing & Gaming,Hall 5.2,H5.2-439,https://www.ifa-berlin.com/exhibitors/hp,https://www.ifa-berlin.com/img/exhibitors/default.svg,https://www.ifa-berlin.com/exhibitors?page=3,72
2163,Ferre,Türkiye,Home Appliances,Hall 1.1,H1.1-105,https://www.ifa-berlin.com/exhibitors/ferre,https://drive.ifa-berlin.com/drive/2026/06/_cache/51a791561623f7cc68214c4970fc7edf_5c68419d0d93f73bd5138e5981654279.png.webp,https://www.ifa-berlin.com/exhibitors?page=3,73
2991,DJI,Hong Kong,Content Creation,Hall 20,H20-129,https://www.ifa-berlin.com/exhibitors/dji,https://www.ifa-berlin.com/thumbnail/w500/2025/12/dji_1159.webp,https://www.ifa-berlin.com/exhibitors?page=3,74
1876,"Mammotion Technology Co., Limited",Hong Kong,Home Appliances,Hall 9 | Sommergarten Outdoor CG,H9-123 | OCG-141,https://www.ifa-berlin.com/exhibitors/mammotion-technology,https://drive.ifa-berlin.com/drive/2025/12/_cache/5d2c350ce00d5a6be39fd39bf93bb21d_1a59fdd1c25b39551ad4d49d9f13b0d1.png.webp,https://www.ifa-berlin.com/exhibitors?page=3,75
1807,Ecovacs,China,Home Appliances,Hall 9,H9-113,https://www.ifa-berlin.com/exhibitors/ecovacs,https://drive.ifa-berlin.com/drive/2025/12/_cache/5fbd0f5a883cf0413d33129c7bbeff8b_79e73c7451d0e2072d20cf8ef7abcb5c.jpg.webp,https://www.ifa-berlin.com/exhibitors?page=3,76
1902,PanzerGlass,Denmark,Communication & Connectivity,Hall 4.2,H4.2-109 | H4.2-123,https://www.ifa-berlin.com/exhibitors/panzerglass,https://www.ifa-berlin.com/thumbnail/w500/2025/12/panzerglass_92.webp,https://www.ifa-berlin.com/exhibitors?page=3,77
3960,Deco,Germany,Computing & Gaming,Hall 7.2c,H7.2c-101,https://www.ifa-berlin.com/exhibitors/deco,https://drive.ifa-berlin.com/drive/2026/08/_cache/05fa711f11cf5d70bd7e903508891fb3_c48ddac6910ae7d29b937ee88b823b07.png.webp,https://www.ifa-berlin.com/exhibitors?page=3,78
2124,KITA,South Korea,IFA Next,Hall 25,H25-361,https://www.ifa-berlin.com/exhibitors/kita,https://drive.ifa-berlin.com/drive/2026/08/_cache/c8656e828eb1f57cd7b488da19e94c79_73ff60499e1b5d80746470e8cef393ed.png.webp,https://www.ifa-berlin.com/exhibitors?page=3,79
1825,Aiper Intelligent SARL,France,Home Appliances,Hall 9,H9-104,https://www.ifa-berlin.com/exhibitors/aiper-intelligent,https://drive.ifa-berlin.com/drive/2026/05/_cache/57d874126888947133627f4287497fd4_20d71532723b644c57cf9fa9cbc03902.jpg.webp,https://www.ifa-berlin.com/exhibitors?page=3,80
3566,NIPA (National IT Industry Promotion Agency),South Korea,IFA Next,Hall 5.2 | Funkturm,H5.2-400 | Funkturm-lounge,https://www.ifa-berlin.com/exhibitors/nipa-national-it-industry-promotion-agency,https://drive.ifa-berlin.com/drive/2026/07/_cache/deb7358f4979923e08459058c9760e63_c0e3d9acb8fb282e1e0c653b63c04ebf.png.webp,https://www.ifa-berlin.com/exhibitors?page=3,81
2358,Vention,China,Communication & Connectivity,Hall 4.2,H4.2-127,https://www.ifa-berlin.com/exhibitors/vention,https://drive.ifa-berlin.com/drive/2025/09/_cache/82311ae208ab36e012bb4d24d0db04c5_3960c799d120de8c3a20793c078e3252.png.webp,https://www.ifa-berlin.com/exhibitors?page=3,82
3036,SABBLO,Türkiye,Home Appliances,Hall 9,H9-107,https://www.ifa-berlin.com/exhibitors/sabblo,https://www.ifa-berlin.com/img/exhibitors/default.svg,https://www.ifa-berlin.com/exhibitors?page=3,83
3576,Barilla,,,Sommergarten,SOM-310,https://www.ifa-berlin.com/exhibitors/barilla,https://drive.ifa-berlin.com/drive/2026/08/_cache/2df59e4ed841e2cea5f70026f13829a7_77ba39b79885f4ded0cde44589fbdfb7.png.webp,https://www.ifa-berlin.com/exhibitors?page=3,84
1950,Belkin,USA,Communication & Connectivity,Hall 3.2,H3.2-117,https://www.ifa-berlin.com/exhibitors/belkin-international,https://drive.ifa-berlin.com/drive/2025/12/_cache/b6e5bc11b24a887979d9e048812446a2_d30c48c34cbe10935703b87d6f03bc37.jpg.webp,https://www.ifa-berlin.com/exhibitors?page=4,85
2463,DeerRun,China,Beauty Tech & Wellbeing,Hall 12,H12-141,https://www.ifa-berlin.com/exhibitors/deerrun,https://drive.ifa-berlin.com/drive/2026/08/_cache/512ad015c454f5e22641903060347f4a_461c27dcc807dbd2a65cd5a6d65edee8.png.webp,https://www.ifa-berlin.com/exhibitors?page=4,86
2140,Blackview,China,Communication & Connectivity,Hall 3.2,H3.2-171,https://www.ifa-berlin.com/exhibitors/blackview,https://drive.ifa-berlin.com/drive/2026/09/_cache/07c78a3a56e02f0a297574bc8b2bb769_a10edf63d2a61b4d956c43b17a1465ef.png.webp,https://www.ifa-berlin.com/exhibitors?page=4,87
1944,SANGIORGIO IT WASH Srl,Italy,Home Appliances,Hall 3.1,H3.1-109,https://www.ifa-berlin.com/exhibitors/sangiorgio-it-wash,https://www.ifa-berlin.com/img/exhibitors/default.svg,https://www.ifa-berlin.com/exhibitors?page=4,88
2389,Soular GmbH & Co. KG,Germany,Communication & Connectivity,Hall 5.2,H5.2-159,https://www.ifa-berlin.com/exhibitors/soular,https://drive.ifa-berlin.com/drive/2025/12/_cache/7f9cce0952fdb7fb2e5374c430f0290b_78ea0fa5e0019d46653bb11d5cae6264.jpg.webp,https://www.ifa-berlin.com/exhibitors?page=4,89
2023,Kumtel A.S.,Türkiye,Home Appliances,Hall 7.1c,H7.1c-108,https://www.ifa-berlin.com/exhibitors/kumtel,https://www.ifa-berlin.com/thumbnail/w500/2026/07/KUMTEL%20LOGO.jfif,https://www.ifa-berlin.com/exhibitors?page=4,90
2072,Tuya GmbH,Germany,Smart Home,Hall 1.2,H1.2-169,https://www.ifa-berlin.com/exhibitors/tuya,https://drive.ifa-berlin.com/drive/2025/08/_cache/95b45f9f20027d49024294ba65fb0d39_d77150d99dedc34e55a02c0464cd9dc1.png.webp,https://www.ifa-berlin.com/exhibitors?page=4,91
3966,Oolu Soft,South Korea,IFA Next,Hall 25,H25-313,https://www.ifa-berlin.com/exhibitors/oolu-soft,https://drive.ifa-berlin.com/drive/2026/08/_cache/f53f909c69df2e8a57f98330081ad3d9_4dc4a640bc35d615da06e1d46a4a164d.png.webp,https://www.ifa-berlin.com/exhibitors?page=4,92
2612,Bundesamt für Strahlenschutz,Germany,Smart Home,Hall 2.2,H2.2-182,https://www.ifa-berlin.com/exhibitors/bundesamt-fur-strahlenschutz,https://drive.ifa-berlin.com/drive/2026/07/_cache/5aab2a43a258eb234cccafed81f00cc3_f2a306fcb89d8ad0860e0294fac01352.png.webp,https://www.ifa-berlin.com/exhibitors?page=4,93
3552,Deutsche Rentenversicherung Bund,,,Sommergarten,SOM-210,https://www.ifa-berlin.com/exhibitors/deutsche-rentenversicherung-bund,https://www.ifa-berlin.com/thumbnail/w500/2026/08/drv-bndrgbwithoumargin_%281%29.svg,https://www.ifa-berlin.com/exhibitors?page=4,94
4034,Mad King Redemption,Germany,Computing & Gaming,Hall 6.2,H6.2-202,https://www.ifa-berlin.com/exhibitors/mad-king-redemption,https://www.ifa-berlin.com/img/exhibitors/default.svg,https://www.ifa-berlin.com/exhibitors?page=4,95
2903,XPENG,Netherlands,Mobility | IFA Next,CityCube Hall B | Hall 5.2,CCBB-142 | H5.2-507,https://www.ifa-berlin.com/exhibitors/xpeng,https://drive.ifa-berlin.com/drive/2026/08/_cache/2a4c9843195f13dcee533f011bb0b950_4c9939a054b364986d31b3136ae674d5.png.webp,https://www.ifa-berlin.com/exhibitors?page=4,96
4051,TULPAR,Germany,Computing & Gaming,Hall 6.2,H6.2-202,https://www.ifa-berlin.com/exhibitors/tulpar,https://www.ifa-berlin.com/img/exhibitors/default.svg,https://www.ifa-berlin.com/exhibitors?page=4,97
1958,Baseus,Hong Kong,Communication & Connectivity,Hall 4.2,H4.2-145,https://www.ifa-berlin.com/exhibitors/baseus,https://drive.ifa-berlin.com/drive/2025/09/_cache/c5ee158ed9e2f0a0b9a0d5351295245a_03e65e6a5b89efc4db165b1bde74e6b3.png.webp,https://www.ifa-berlin.com/exhibitors?page=4,98
2131,CREDA,Türkiye,Home Appliances,Hall 3.1,H3.1-107,https://www.ifa-berlin.com/exhibitors/usto,https://drive.ifa-berlin.com/drive/2026/06/_cache/edb8cb6d0e2479cf8cfd27d76c43538e_d7f8e8d760c728ca75b7886d1d32d3bb.png.webp,https://www.ifa-berlin.com/exhibitors?page=4,99
2586,BenQ,Taiwan,Computing & Gaming,Hall 6.2 | Hall 6.1,H6.2-107 | H6.1-Dessau 5 | H6.1-Dresden 2,https://www.ifa-berlin.com/exhibitors/benq,https://drive.ifa-berlin.com/drive/2026/06/_cache/69039b4bf25104922c92f0791d15a014_a18cc36982fc875f21a4a89e0acea786.jpg.webp,https://www.ifa-berlin.com/exhibitors?page=4,100
1913,"Renpho, ELEEELS",Hong Kong,Beauty Tech & Wellbeing,Hall 12,H12-115,https://www.ifa-berlin.com/exhibitors/renpho-eleeels,https://drive.ifa-berlin.com/drive/2025/12/_cache/32e8d2ef26b300b684d6c9bccc7be8dd_9d89c46c1ee658e665ab7f6abb3560b5.png.webp,https://www.ifa-berlin.com/exhibitors?page=4,101
2430,Denver A/S,Germany,Home & Entertainment,Hall 22,H22-133,https://www.ifa-berlin.com/exhibitors/denver,https://drive.ifa-berlin.com/drive/2025/12/_cache/f0b403f6782f02e05108f420ab56a183_36aeb802fe6deee51f5751031e30b1a5.png.webp,https://www.ifa-berlin.com/exhibitors?page=4,102
3874,hoogo @RIZ ElectronicPartner,Germany,,CityCube Hall B,CCBB-102,https://www.ifa-berlin.com/exhibitors/hoogo,https://drive.ifa-berlin.com/drive/2026/08/_cache/78616417795d3f2d171237e48a7beed6_b5cbd0dda0905a72c51f807add3b52b0.png.webp,https://www.ifa-berlin.com/exhibitors?page=4,103
3148,"Allity, mPTech sp. z o.o. (Pusheen)",Poland,Communication & Connectivity,Hall 3.2,H3.2-173,https://www.ifa-berlin.com/exhibitors/allity,https://drive.ifa-berlin.com/drive/2026/08/_cache/091e5c074992661fbb47cc0d8ca84ca8_8aa4e030cd3056e41fa5cf2cef168983.png.webp,https://www.ifa-berlin.com/exhibitors?page=4,104
2387,MagicLab Robotics,China,IFA Next,Hall 25,H25-149,https://www.ifa-berlin.com/exhibitors/magiclab-robotics,https://drive.ifa-berlin.com/drive/2026/08/_cache/29c84cdf94a6862759b58a2228a92ee1_3a60227dab8e26146edeebdc41301c0b.png.webp,https://www.ifa-berlin.com/exhibitors?page=4,105
2087,PICEA,China,Home Appliances,Hall 9 | Hall 6.1,H9-133 | H6.1-Dessau 1 | H6.1-Dessau 2,https://www.ifa-berlin.com/exhibitors/picea,https://drive.ifa-berlin.com/drive/2026/08/_cache/c60f21959d16dd03d39d49388439e357_d32ee8f46dc6e7bc84bc0cf4c4a2c941.png.webp,https://www.ifa-berlin.com/exhibitors?page=4,106
4033,Goblin & Sons,Germany,Computing & Gaming,Hall 6.2,H6.2-202,https://www.ifa-berlin.com/exhibitors/goblin-sons,https://www.ifa-berlin.com/img/exhibitors/default.svg,https://www.ifa-berlin.com/exhibitors?page=4,107
2992,FIXED.zone a.s.,USA,Communication & Connectivity,Hall 3.2,H3.2-131,https://www.ifa-berlin.com/exhibitors/fixed-zone,https://www.ifa-berlin.com/thumbnail/w500/2025/12/fixed_51.webp,https://www.ifa-berlin.com/exhibitors?page=4,108
1834,Elaraby Germany GmbH,Germany,,,,https://www.ifa-berlin.com/exhibitors/elaraby-germany,https://drive.ifa-berlin.com/drive/2025/12/_cache/02eaf4be835246f95f21320dce3ef53f_0da3b11c3ae90e5d12cd517283cd0c98.jpg.webp,https://www.ifa-berlin.com/exhibitors?page=4,109
2520,Kuvings,Germany,Home Appliances,Hall 6.1,H6.1-111,https://www.ifa-berlin.com/exhibitors/kuvings,https://drive.ifa-berlin.com/drive/2026/08/_cache/7477c7b0458da9f74e23d9925f3d2e31_8cf6f735d53ec2a0b52b050ad2486305.jpg.webp,https://www.ifa-berlin.com/exhibitors?page=4,110
3965,Nota AI,South Korea,IFA Next,Hall 25,H25-311,https://www.ifa-berlin.com/exhibitors/nota-ai,https://drive.ifa-berlin.com/drive/2026/08/_cache/e3ade0d640cb123066a3f417caabeace_b51e76403bf1e218fa335dd804ccc274.jpg.webp,https://www.ifa-berlin.com/exhibitors?page=4,111
4041,Froggotten,Germany,Computing & Gaming,Hall 6.2,H6.2-202,https://www.ifa-berlin.com/exhibitors/froggotten,https://www.ifa-berlin.com/img/exhibitors/default.svg,https://www.ifa-berlin.com/exhibitors?page=4,112
2138,SINGER,Germany,Home Appliances,Hall 6.1,H6.1-108,https://www.ifa-berlin.com/exhibitors/singer,https://drive.ifa-berlin.com/drive/2026/08/_cache/b184c42c041c3cddabf83136bc0a6a0f_79028cf78fe10d362211ad47f3047ac0.png.webp,https://www.ifa-berlin.com/exhibitors?page=5,113
1925,Aqara LLC,USA,Smart Home,Hall 1.2,H1.2-157,https://www.ifa-berlin.com/exhibitors/aqara,https://www.ifa-berlin.com/thumbnail/w500/2025/12/aqara_922.webp,https://www.ifa-berlin.com/exhibitors?page=5,114
2995,Vonmaehlen,Germany,Communication & Connectivity,Hall 3.2,H3.2-02,https://www.ifa-berlin.com/exhibitors/vonmaehlen,https://drive.ifa-berlin.com/drive/2026/07/_cache/e8c8d6e8a91a470e3e4e81df7efb7810_f056e8f9ba7aa7cdd6a8e31c59c52ff7.png.webp,https://www.ifa-berlin.com/exhibitors?page=5,115
4036,SAMIII7,Germany,Computing & Gaming,Hall 6.2,H6.2-202,https://www.ifa-berlin.com/exhibitors/samiii7,https://www.ifa-berlin.com/img/exhibitors/default.svg,https://www.ifa-berlin.com/exhibitors?page=5,116
3404,Bundeswehr,Germany,Content Creation,Hall 17,H17-241,https://www.ifa-berlin.com/exhibitors/bundeswehr,https://www.ifa-berlin.com/img/exhibitors/default.svg,https://www.ifa-berlin.com/exhibitors?page=5,117
4050,Morbus Dei,Germany,Computing & Gaming,Hall 6.2,H6.2-202,https://www.ifa-berlin.com/exhibitors/morbus-dei,https://www.ifa-berlin.com/img/exhibitors/default.svg,https://www.ifa-berlin.com/exhibitors?page=5,118
2340,EZVIZ,Netherlands,Smart Home,Hall 1.2,H1.2-175,https://www.ifa-berlin.com/exhibitors/ezviz,https://drive.ifa-berlin.com/drive/2026/06/_cache/65ddb43efe02916ebb4c547cf545e663_f2acab2f21f2a6da8ef3f6137998d55c.png.webp,https://www.ifa-berlin.com/exhibitors?page=5,119
2368,NAVIMOW SEGWAY,Germany,Home Appliances,Hall 9,H9-121,https://www.ifa-berlin.com/exhibitors/navimow-segway,https://drive.ifa-berlin.com/drive/2026/08/_cache/85a741af9b60defc968a827f5219c391_4ff63f65e8515586f151a6fd40b3a919.png.webp,https://www.ifa-berlin.com/exhibitors?page=5,120
1970,Jackery,Germany,Smart Home,Hall 2.2,H2.2-114,https://www.ifa-berlin.com/exhibitors/jackery,https://drive.ifa-berlin.com/drive/2026/08/_cache/b87b03d941c9325c5099cf57700af59b_20cf66cacb5414e0b4a75be532d1d1d3.png.webp,https://www.ifa-berlin.com/exhibitors?page=5,121
4040,Obergenie,Germany,Computing & Gaming,Hall 6.2,H6.2-202,https://www.ifa-berlin.com/exhibitors/obergenie,https://www.ifa-berlin.com/img/exhibitors/default.svg,https://www.ifa-berlin.com/exhibitors?page=5,122
2336,Therabody,United Kingdom,Beauty Tech & Wellbeing,Hall 12,H12-123,https://www.ifa-berlin.com/exhibitors/therabody,https://drive.ifa-berlin.com/drive/2026/08/_cache/34d31e37592aae4371a1825b1462c2aa_02cc9eaeb9e835596416c4ee3619920a.png.webp,https://www.ifa-berlin.com/exhibitors?page=5,123
3964,Main Information System,South Korea,IFA Next,Hall 25,H25-307,https://www.ifa-berlin.com/exhibitors/main-information-system,https://drive.ifa-berlin.com/drive/2026/08/_cache/f8e569555ac7a3358402e6c860813661_443dc3f5e8517ee64d85bb88b4552c5b.png.webp,https://www.ifa-berlin.com/exhibitors?page=5,124
2590,AMADAL Trade SARL,Switzerland,Home & Entertainment,Hall 22,H22-121,https://www.ifa-berlin.com/exhibitors/amadal-trade,https://www.ifa-berlin.com/img/exhibitors/default.svg,https://www.ifa-berlin.com/exhibitors?page=5,125
4046,Reality Shift,Germany,Computing & Gaming,Hall 6.2,H6.2-202,https://www.ifa-berlin.com/exhibitors/reality-shift,https://www.ifa-berlin.com/img/exhibitors/default.svg,https://www.ifa-berlin.com/exhibitors?page=5,126
3193,Pure Electric,United Kingdom,Mobility,Hall 4.2 | Mobility Track,H4.2-130 | MT-100,https://www.ifa-berlin.com/exhibitors/pure-electric,https://drive.ifa-berlin.com/drive/2026/08/_cache/3a3bf427faa1d2f38d5773346f4559ce_1c73d1d1647792bdb0a215cf563ff622.png.webp,https://www.ifa-berlin.com/exhibitors?page=5,127
2071,Star Glory Limited,Hong Kong,Home Appliances,Hall 8.1,H8.1-109,https://www.ifa-berlin.com/exhibitors/star-glory,https://drive.ifa-berlin.com/drive/2026/08/_cache/f1674f7228662f734a27d94812a4ef6f_25b25dc2fb561473605f16aeff96b54e.png.webp,https://www.ifa-berlin.com/exhibitors?page=5,128
3777,minotrade AG,Switzerland,Smart Home,Hall 2.2,H2.2-200,https://www.ifa-berlin.com/exhibitors/minotrade,https://drive.ifa-berlin.com/drive/2025/12/_cache/a94ac8c8a422400d43d6b93293184cac_55ebfcea35c0a7407edaf1b2a08e683a.png.webp,https://www.ifa-berlin.com/exhibitors?page=5,129
1997,DGH,Germany,Communication & Connectivity,Hall 3.2,H3.2-125,https://www.ifa-berlin.com/exhibitors/duttenhofer-group,https://drive.ifa-berlin.com/drive/2026/04/_cache/818213c225dc071170f5c65fa35643ad_a56e5f765d1ad45aae5d30491796b43b.png.webp,https://www.ifa-berlin.com/exhibitors?page=5,130
2650,COSORI & Levoit,Germany,Home Appliances,Hall 4.1,H4.1-115,https://www.ifa-berlin.com/exhibitors/cosori-levoit,https://www.ifa-berlin.com/img/exhibitors/default.svg,https://www.ifa-berlin.com/exhibitors?page=5,131
2263,SwitchBot & Acemate,China,Smart Home,Hall 1.2,H1.2-146,https://www.ifa-berlin.com/exhibitors/switchbot-acemate,https://www.ifa-berlin.com/thumbnail/w500/2026/08/logo.svg,https://www.ifa-berlin.com/exhibitors?page=5,132
1924,Commaxx Group,Netherlands,Smart Home,Hall 1.2,H1.2-182,https://www.ifa-berlin.com/exhibitors/commaxx-group,https://drive.ifa-berlin.com/drive/2025/12/_cache/4037c06b16613388409996de3d9ec969_68b943a1b8ca1a995a7fbb2477a2f617.png.webp,https://www.ifa-berlin.com/exhibitors?page=5,133
3723,PHILIPS Sound,Netherlands,Home & Entertainment,Sommergarten,SOM-116,https://www.ifa-berlin.com/exhibitors/philips-sound,https://drive.ifa-berlin.com/drive/2026/08/_cache/5ce1c7aae8aaf0576a7be590cf0501a6_b7f4100b8bdddeec6ac0ec5ef00cd0b9.png.webp,https://www.ifa-berlin.com/exhibitors?page=5,134
1822,PurrSong,South Korea,,,,https://www.ifa-berlin.com/exhibitors/purrsong,https://drive.ifa-berlin.com/drive/2025/12/_cache/d22477455557dccdf4ea44ac379e0c3b_669b8ce93d571e3be9f7aca798b8f14b.png.webp,https://www.ifa-berlin.com/exhibitors?page=5,135
2493,Jonr,China,Home Appliances,Hall 9,H9-115,https://www.ifa-berlin.com/exhibitors/jonr-2,https://drive.ifa-berlin.com/drive/2026/07/_cache/7eb754551a6b6a9e4640335ab8fa33d4_99e10447e5330468b832c200b702bbf4.png.webp,https://www.ifa-berlin.com/exhibitors?page=5,136
2031,AWOL Vision,China,Home & Entertainment,Hall 22,H22-113,https://www.ifa-berlin.com/exhibitors/awol-vision,https://drive.ifa-berlin.com/drive/2026/07/_cache/300d090e626e859e62c556220366d948_a5e68b5a2506bacb6d3f3df0f3ab7ead.png.webp,https://www.ifa-berlin.com/exhibitors?page=5,137
3091,Jackery,Germany,Smart Home,Hall 2.2,H2.2-114,,https://www.ifa-berlin.com/img/exhibitors/default.svg,https://www.ifa-berlin.com/exhibitors?page=5,138
4043,Myrkwood,Germany,Computing & Gaming,Hall 6.2,H6.2-202,https://www.ifa-berlin.com/exhibitors/myrkwood,https://www.ifa-berlin.com/img/exhibitors/default.svg,https://www.ifa-berlin.com/exhibitors?page=5,139
3844,Wertgarantie,Germany,Communication & Connectivity,CityCube Hall B,CCBB-135,https://www.ifa-berlin.com/exhibitors/wertgarantie,https://drive.ifa-berlin.com/drive/2025/07/_cache/84f3f3061c8f934d024633d51a729b0b_41740eab74e2e0ce88986f1752ffd012.png.webp,https://www.ifa-berlin.com/exhibitors?page=5,140
4044,Willow — The Herbal Witch,Germany,Computing & Gaming,Hall 6.2,H6.2-202,https://www.ifa-berlin.com/exhibitors/willow-the-herbal-witch,https://www.ifa-berlin.com/img/exhibitors/default.svg,https://www.ifa-berlin.com/exhibitors?page=6,141
4049,Laser Limbo,Germany,Computing & Gaming,Hall 6.2,H6.2-202,https://www.ifa-berlin.com/exhibitors/laser-limbo,https://www.ifa-berlin.com/img/exhibitors/default.svg,https://www.ifa-berlin.com/exhibitors?page=6,142
2195,KAXFREE,China,Home Appliances,Hall 8.1,H8.1-224,https://www.ifa-berlin.com/exhibitors/kaxfree,https://drive.ifa-berlin.com/drive/2026/06/_cache/6f89c4c1dbc31520e486c0271eefdf35_786f9d16866cd026e3eeaf867e68d0c1.png,https://www.ifa-berlin.com/exhibitors?page=6,143
2653,One For All GmbH,Germany,Home & Entertainment,Hall 22,H22-110,https://www.ifa-berlin.com/exhibitors/one-for-all,https://drive.ifa-berlin.com/drive/2025/12/_cache/69b386b1404a21c86626a5436d9f24a9_62c28318c21c2923100b49be0166f7c1.jpg.webp,https://www.ifa-berlin.com/exhibitors?page=6,144
2998,BLOOMO,China,Home Appliances,Hall 11.1,H11.1-102,https://www.ifa-berlin.com/exhibitors/bloomo,https://www.ifa-berlin.com/img/exhibitors/default.svg,https://www.ifa-berlin.com/exhibitors?page=6,145
2236,JLab,USA,Audio,Hall 10.2,H10.2-113,https://www.ifa-berlin.com/exhibitors/jlab,https://drive.ifa-berlin.com/drive/2026/07/_cache/bff35095369a01b23fce02845cb03958_948e5d81309e75917c88de794a99d5eb.png,https://www.ifa-berlin.com/exhibitors?page=6,146
1959,Frameo,Denmark,Home & Entertainment,Hall 22,H22-115,https://www.ifa-berlin.com/exhibitors/frameo,https://www.ifa-berlin.com/thumbnail/w500/2025/12/frameo_213.webp,https://www.ifa-berlin.com/exhibitors?page=6,147
2401,Ollobot,China,Smart Home,Hall 1.2,H1.2-174,https://www.ifa-berlin.com/exhibitors/ollobot,https://drive.ifa-berlin.com/drive/2026/06/_cache/9a7880601b0f94185e9c75700d722c42_bae8666e1d7eb14f27b224033f2f7427.png.webp,https://www.ifa-berlin.com/exhibitors?page=6,148
2599,Egypt Expo & Convention Authority (EECA),Egypt,IFA Global Markets,Hall 26c,H26c-308,https://www.ifa-berlin.com/exhibitors/egypt-expo-convention-authority-eeca,https://www.ifa-berlin.com/img/exhibitors/default.svg,https://www.ifa-berlin.com/exhibitors?page=6,149
4035,Lost and Found,Germany,Computing & Gaming,Hall 6.2,H6.2-202,https://www.ifa-berlin.com/exhibitors/lost-and-found,https://www.ifa-berlin.com/img/exhibitors/default.svg,https://www.ifa-berlin.com/exhibitors?page=6,150
1871,Proove,Hong Kong,Communication & Connectivity,Hall 3.2,H3.2-127,https://www.ifa-berlin.com/exhibitors/proove-gaming,https://drive.ifa-berlin.com/drive/2026/08/_cache/247b5e47153d19b4335f12d7bb408080_4f11beb3d525ad13db030950f875cbd2.png.webp,https://www.ifa-berlin.com/exhibitors?page=6,151
4045,So I Remain,Germany,Computing & Gaming,Hall 6.2,H6.2-202,https://www.ifa-berlin.com/exhibitors/so-i-remain,https://www.ifa-berlin.com/img/exhibitors/default.svg,https://www.ifa-berlin.com/exhibitors?page=6,152
2111,KingSmith,China,Beauty Tech & Wellbeing,Hall 12,H12-117,https://www.ifa-berlin.com/exhibitors/kingsmith,https://drive.ifa-berlin.com/drive/2026/08/_cache/81b59b9fb80f4823b6d5736987dc82ce_aca7813ae50203060e41a3f1d49f80a2.png.webp,https://www.ifa-berlin.com/exhibitors?page=6,153
1889,Celly - Nilox,Italy,Communication & Connectivity,Hall 4.2,H4.2-133,https://www.ifa-berlin.com/exhibitors/celly-nilox,https://drive.ifa-berlin.com/drive/2026/06/_cache/2c50f7e7756bd90c8d6cad5a487564d2_e43865ab3afc495225d3ec73ddefcaa7.jpg.webp,https://www.ifa-berlin.com/exhibitors?page=6,154
3701,Second White,South Korea,IFA Next,Hall 25,H25-361,https://www.ifa-berlin.com/exhibitors/second-white,https://drive.ifa-berlin.com/drive/2026/08/_cache/546e03dfb97d2ee05864023a21e4e836_6c18e3b052b58dc1fd16b5387cd34abf.jpg.webp,https://www.ifa-berlin.com/exhibitors?page=6,155
1833,Ecoflow,USA,Smart Home,Hall 2.2,H2.2-166,https://www.ifa-berlin.com/exhibitors/ecoflow,https://www.ifa-berlin.com/thumbnail/w500/2025/12/ecoflow_37.webp,https://www.ifa-berlin.com/exhibitors?page=6,156
1993,MTC,China,Home & Entertainment,Hall 22,H22-102,https://www.ifa-berlin.com/exhibitors/mtc,https://drive.ifa-berlin.com/drive/2026/08/_cache/06f23cbab3466740d6422f06279d3360_a51bab76ca86ebb1300511191be94f23.png.webp,https://www.ifa-berlin.com/exhibitors?page=6,157
3905,JBL @RIZ Expert,,,CityCube Hall B,CCBB-101,https://www.ifa-berlin.com/exhibitors/jbl,https://drive.ifa-berlin.com/drive/2026/08/_cache/1d0acaf7faead4909d7eea1467bbeeda_ba5a8eb1d59b80b6efcc16eec15bd3cc.png.webp,https://www.ifa-berlin.com/exhibitors?page=6,158
2027,Laifen,China,Home Appliances,Hall 9,H9-125,https://www.ifa-berlin.com/exhibitors/laifen,https://drive.ifa-berlin.com/drive/2025/09/_cache/0e0dde8f34b7ecd74fb51394a6e022da_8106050d56569c13f8eebe61862799f6.png.webp,https://www.ifa-berlin.com/exhibitors?page=6,159
3586,AFRA EUROPE LTD,United Kingdom,Home Appliances,Hall 6.1,H6.1-109,https://www.ifa-berlin.com/exhibitors/afra-europe,https://www.ifa-berlin.com/img/exhibitors/default.svg,https://www.ifa-berlin.com/exhibitors?page=6,160
3190,MOTORFAN ELEKTRIK,Türkiye,Home Appliances,Hall 7.1c,H7.1c-102,https://www.ifa-berlin.com/exhibitors/motorfan-elektrik,https://drive.ifa-berlin.com/drive/2026/07/_cache/6682aab4b7a964999920012d1954b2da_cc1f33c6387c788a1694ea47378b52c4.jpg.webp,https://www.ifa-berlin.com/exhibitors?page=6,161
2126,Hohem,China,Content Creation,Hall 20,H20-123,https://www.ifa-berlin.com/exhibitors/hohem,https://drive.ifa-berlin.com/drive/2026/08/_cache/ec6edee75861599ca93e1497c3c924e3_1e965f56d784564fa7f340786ff1ac92.png.webp,https://www.ifa-berlin.com/exhibitors?page=6,162
3862,Games Ground,Germany,Computing & Gaming,Hall 6.2,H6.2-202,https://www.ifa-berlin.com/exhibitors/games-ground,https://www.ifa-berlin.com/img/exhibitors/default.svg,https://www.ifa-berlin.com/exhibitors?page=6,163
2281,DREO,Netherlands,Home Appliances,Hall 9,H9-130,https://www.ifa-berlin.com/exhibitors/dreo,https://www.ifa-berlin.com/thumbnail/w500/2026/07/DREO_Logo_dee39d9c-bf28-42ac-ad99-8efc5a525501.webp,https://www.ifa-berlin.com/exhibitors?page=6,164
1928,BLUETTI,China,Smart Home,Hall 2.2,H2.2-176,https://www.ifa-berlin.com/exhibitors/bluetti,https://drive.ifa-berlin.com/drive/2025/12/_cache/543408693b66ed43de231dbb6435dfb0_d1e1f6f98565fa9f03028bdcafe61d92.png.webp,https://www.ifa-berlin.com/exhibitors?page=6,165
2270,BestQi,Hong Kong,Home & Entertainment,Hall 21,H21-114,https://www.ifa-berlin.com/exhibitors/bestqi,https://drive.ifa-berlin.com/drive/2026/08/_cache/d3757debae434cdeb00dbf81610476da_7d046f619b6b7229fef478afcbb530db.jpg.webp,https://www.ifa-berlin.com/exhibitors?page=6,166
3487,AGIBOT,China,IFA Next,Hall 25,H25-371,https://www.ifa-berlin.com/exhibitors/agibot,https://drive.ifa-berlin.com/drive/2026/08/_cache/beb420a12aad4ce7256c87cb792d62fc_72e4456a4df6b4305d9f0a1595e08aa2.png.webp,https://www.ifa-berlin.com/exhibitors?page=6,167
2459,Intenso International GmbH,Germany,Computing & Gaming,Hall 6.2,H6.2-116,https://www.ifa-berlin.com/exhibitors/intenso-international,https://www.ifa-berlin.com/thumbnail/w500/2025/12/intenso_international_gmbh_77.webp,https://www.ifa-berlin.com/exhibitors?page=6,168
3700,intenxiv,South Korea,IFA Next,Hall 25,H25-361,https://www.ifa-berlin.com/exhibitors/intenxiv,https://drive.ifa-berlin.com/drive/2026/08/_cache/289b2235819abac518adac272b7252da_01c6f4302b5acb02fdc4cf7749cd241a.png.webp,https://www.ifa-berlin.com/exhibitors?page=7,169
1935,Express Luck Europe Electric Kft.,Hungary,Home & Entertainment,Hall 22,H22-112,https://www.ifa-berlin.com/exhibitors/express-luck-europe,https://drive.ifa-berlin.com/drive/2025/08/_cache/2a50e96b4c0b7ef106754e18f47f10fc_f7cfac5e585a160c3847b99a4bbbd571.png.webp,https://www.ifa-berlin.com/exhibitors?page=7,170
2029,"Shenzhen HKC Optoelectronics Technology Co., Ltd.",China,Home & Entertainment,Hall 22,H22-111,https://www.ifa-berlin.com/exhibitors/shenzhen-hkc-optoelectronics-technology,https://www.ifa-berlin.com/img/exhibitors/default.svg,https://www.ifa-berlin.com/exhibitors?page=7,171
2392,"Ufesa, Zelmer, SDA, Di4",Spain,Home Appliances,Hall 6.1,H6.1-105,https://www.ifa-berlin.com/exhibitors/ufesa-zelmer-sda-di4,https://www.ifa-berlin.com/img/exhibitors/default.svg,https://www.ifa-berlin.com/exhibitors?page=7,172
3660,ElectronicPartner,Germany,Global Strategic Retail Partner,CityCube Hall B,CCBB-102,https://www.ifa-berlin.com/exhibitors/electronicpartner,https://drive.ifa-berlin.com/drive/2025/08/_cache/8aed67ea1aedff92b14bd40abaaa0a40_ec0b655320110ec9b551378ee4073a89.png.webp,https://www.ifa-berlin.com/exhibitors?page=7,173
3673,SD COMPANIES,Italy,IFA Next,Hall 25,H25-369,https://www.ifa-berlin.com/exhibitors/sd-companies,https://drive.ifa-berlin.com/drive/2026/08/_cache/cda47d776ac668a21bc637df483f9b5f_3d10011173d1ae0dae52fb4d57ed7bb3.png.webp,https://www.ifa-berlin.com/exhibitors?page=7,174
4037,"Space Cat, cook that!",Germany,Computing & Gaming,Hall 6.2,H6.2-202,https://www.ifa-berlin.com/exhibitors/space-cat-cook-that,https://www.ifa-berlin.com/img/exhibitors/default.svg,https://www.ifa-berlin.com/exhibitors?page=7,175
2117,Zeroth,China,IFA Next,Hall 25,H25-163,https://www.ifa-berlin.com/exhibitors/zeroth,https://drive.ifa-berlin.com/drive/2026/08/_cache/243818e04954c070853bf7b319053470_5be55a382cd9f752fa487f51740ce38d.png.webp,https://www.ifa-berlin.com/exhibitors?page=7,176
2871,WAEA Future Audio-Visual Industry Innovation Center,China,IFA Next,Hall 5.2,H5.2-429 | H5.2-438,https://www.ifa-berlin.com/exhibitors/waea-future-audio-visual-industry-innovation-center,https://www.ifa-berlin.com/img/exhibitors/default.svg,https://www.ifa-berlin.com/exhibitors?page=7,177
2585,Xperi,Ireland,Home & Entertainment,Hall 22,H22-134,https://www.ifa-berlin.com/exhibitors/xperi,https://drive.ifa-berlin.com/drive/2025/07/_cache/21e86ce7d0f2fd29dd93382bef258d46_71a9f3a22278f8a86f43cdfd4a0efe19.png.webp,https://www.ifa-berlin.com/exhibitors?page=7,178
4039,Are We There Yet?,Germany,Computing & Gaming,Hall 6.2,H6.2-202,https://www.ifa-berlin.com/exhibitors/are-we-there-yet,https://www.ifa-berlin.com/img/exhibitors/default.svg,https://www.ifa-berlin.com/exhibitors?page=7,179
2265,Speediance,Hong Kong,Beauty Tech & Wellbeing,Hall 12,H12-121,https://www.ifa-berlin.com/exhibitors/speediance,https://www.ifa-berlin.com/img/exhibitors/default.svg,https://www.ifa-berlin.com/exhibitors?page=7,180
4038,Goya,Germany,Computing & Gaming,Hall 6.2,H6.2-202,https://www.ifa-berlin.com/exhibitors/goya,https://www.ifa-berlin.com/img/exhibitors/default.svg,https://www.ifa-berlin.com/exhibitors?page=7,181
4042,Stellarvoid: Cold Protocol,Germany,Computing & Gaming,Hall 6.2,H6.2-202,https://www.ifa-berlin.com/exhibitors/stellarvoid-cold-protocol,https://www.ifa-berlin.com/img/exhibitors/default.svg,https://www.ifa-berlin.com/exhibitors?page=7,182
4047,DE:HIVE,Germany,Computing & Gaming,Hall 6.2,H6.2-202,https://www.ifa-berlin.com/exhibitors/de-hive,https://www.ifa-berlin.com/img/exhibitors/default.svg,https://www.ifa-berlin.com/exhibitors?page=7,183
3699,BDCI,South Korea,IFA Next,Hall 25,H25-361,https://www.ifa-berlin.com/exhibitors/bdci,https://drive.ifa-berlin.com/drive/2026/08/_cache/f15fbfc6cffa1fc3eebecf695de7781f_052010c44d64d0573a0a1ba60a85afcb.jpg.webp,https://www.ifa-berlin.com/exhibitors?page=7,184
2016,Insta360,Germany,Content Creation,Hall 20,H20-119,https://www.ifa-berlin.com/exhibitors/insta360,https://drive.ifa-berlin.com/drive/2026/06/_cache/f40bc77b69c770970c62634df8934d39_a3bbe14cefe536a3bdb393b92d4f1d97.png.webp,https://www.ifa-berlin.com/exhibitors?page=7,185
2394,Stareep Intelligence,China,Smart Home,Hall 2.2,H2.2-182,https://www.ifa-berlin.com/exhibitors/stareep-intelligence,https://www.ifa-berlin.com/img/exhibitors/default.svg,https://www.ifa-berlin.com/exhibitors?page=7,186
4048,Mountkin,Germany,Computing & Gaming,Hall 6.2,H6.2-202,https://www.ifa-berlin.com/exhibitors/mountkin,https://www.ifa-berlin.com/img/exhibitors/default.svg,https://www.ifa-berlin.com/exhibitors?page=7,187
1960,Partner Tele,Poland,Communication & Connectivity,Hall 4.2,H4.2-117,https://www.ifa-berlin.com/exhibitors/partner-tele,https://drive.ifa-berlin.com/drive/2025/12/_cache/12c81b90f0441466d562d2057b513409_979d1c8f46a213bf4decfa35a8ce0a7f.jpg.webp,https://www.ifa-berlin.com/exhibitors?page=7,188
2120,xTool,China,Content Creation,Hall 20,H20-127,https://www.ifa-berlin.com/exhibitors/xtool,https://drive.ifa-berlin.com/drive/2026/06/_cache/3064228410a9b8f7721c444de4dac753_4e525c609ca8a70fdb1f0c6e21cbebfc.png.webp,https://www.ifa-berlin.com/exhibitors?page=7,189
2542,Gtech,United Kingdom,Home Appliances,Hall 4.1,H4.1-102,https://www.ifa-berlin.com/exhibitors/gtech,https://drive.ifa-berlin.com/drive/2026/08/_cache/b51d2e718ecc3af04cff418dd40e759c_6f6de97fc22994721bb5355b0bec3c43.png.webp,https://www.ifa-berlin.com/exhibitors?page=7,190
2258,UWANT,China,Home Appliances,Hall 9,H9-103,https://www.ifa-berlin.com/exhibitors/uwant,https://drive.ifa-berlin.com/drive/2026/08/_cache/68ae322d33f77d1b9d37a4e4e6107ded_63d430ed96bd6963a9d9bd304db411c5.jpg.webp,https://www.ifa-berlin.com/exhibitors?page=7,191
2546,Polti,Italy,Home Appliances,Hall 6.1,H6.1-104,https://www.ifa-berlin.com/exhibitors/polti,https://drive.ifa-berlin.com/drive/2025/12/_cache/f2b1a80fc4e4443e784f5a467e7f501b_f064b69c02981f9e03970092fb9dcb10.jpg.webp,https://www.ifa-berlin.com/exhibitors?page=7,192
2052,Bomare Company,Algeria,Home & Entertainment,Hall 22,H22-121,https://www.ifa-berlin.com/exhibitors/bomare-company,https://drive.ifa-berlin.com/drive/2025/12/_cache/345804b0824f89ec7a6f5204833aa6ef_28177547925650998df56a03deb99fc7.jpg.webp,https://www.ifa-berlin.com/exhibitors?page=7,193
3052,Fresh,Egypt,IFA Global Markets,Hall 26c,H26c-270,https://www.ifa-berlin.com/exhibitors/fresh,https://drive.ifa-berlin.com/drive/2026/07/_cache/37348dd5d66f41f58a993cfa24014035_c4afc0564f162da4ebe8ae25159f2464.png.webp,https://www.ifa-berlin.com/exhibitors?page=7,194
3149,UPERFECT,China,Computing & Gaming,Hall 5.2,H5.2-449,https://www.ifa-berlin.com/exhibitors/uperfect,https://drive.ifa-berlin.com/drive/2026/07/_cache/144e51d6033065b75ab80cbe5e964b71_b39ea7430c59c117e06f5cc77d5d8612.png.webp,https://www.ifa-berlin.com/exhibitors?page=7,195
2447,MatataXplore,China,Content Creation,Hall 17,H17-219,https://www.ifa-berlin.com/exhibitors/matataxplore,https://drive.ifa-berlin.com/drive/2026/05/_cache/88dc1314c74d883cae3ce8c7dde6a4ee_9b750d8f7f4a71f365a60b3f5fe1cb49.jpg.webp,https://www.ifa-berlin.com/exhibitors?page=7,196
3480,Hi-Watt,China,Computing & Gaming,Hall 5.2,H5.2-446,https://www.ifa-berlin.com/exhibitors/hi-watt,https://drive.ifa-berlin.com/drive/2026/07/_cache/f64720f3ade56db57d826d91a9f0cc1c_135d11aff656992c49fff042856d1852.png.webp,https://www.ifa-berlin.com/exhibitors?page=8,197
2264,Ulefone,China,Communication & Connectivity,Hall 3.2,H3.2-137,https://www.ifa-berlin.com/exhibitors/ulefone,https://drive.ifa-berlin.com/drive/2026/06/_cache/f10728a9f2d0879fc1c3968ec2068275_df61af608c5de431dbfbee92c2037d0f.jpg.webp,https://www.ifa-berlin.com/exhibitors?page=8,198
2144,Oukitel,China,Communication & Connectivity,Hall 3.2,H3.2-151,https://www.ifa-berlin.com/exhibitors/oukitel,https://drive.ifa-berlin.com/drive/2026/08/_cache/b6398073d9d5ba521fb09869c58af822_4c155222400e5c1c4521aeec490197aa.png.webp,https://www.ifa-berlin.com/exhibitors?page=8,199
2407,NOWGO,China,Audio,Hall 8.2,H8.2-229,https://www.ifa-berlin.com/exhibitors/nowgo,https://drive.ifa-berlin.com/drive/2026/08/_cache/9bb1e6f6cee577f0c05eae77649497df_1882935ec8a61df7c543725b34863471.png,https://www.ifa-berlin.com/exhibitors?page=8,200
3195,Arbrest,China,Smart Home,Hall 2.2,H2.2-141,https://www.ifa-berlin.com/exhibitors/arbrest,https://drive.ifa-berlin.com/drive/2026/07/_cache/2d1dc45863894acf42efacb5dcf151c6_87e13b624ed3471870507a32a3cf5963.png.webp,https://www.ifa-berlin.com/exhibitors?page=8,201
1839,HOVERAir,Hong Kong,Content Creation,Hall 20,H20-103,https://www.ifa-berlin.com/exhibitors/hoverair,https://drive.ifa-berlin.com/drive/2025/12/_cache/675d1f70a70bdb087362c62515612120_9c61c812772ff687f465d9d79e132e87.png.webp,https://www.ifa-berlin.com/exhibitors?page=8,202
3979,iTechnology World,Finland,Reseller Park,Hub 27k,H27k-04,https://www.ifa-berlin.com/exhibitors/itechnology-world,https://drive.ifa-berlin.com/drive/2026/08/_cache/f527f62a9aba37c851f10ba08dfb3ec6_b82cf4bcd97b711d805b2da865bf9ee4.png.webp,https://www.ifa-berlin.com/exhibitors?page=8,203
2487,DEWE,China,Home Appliances,Hall 10.1,H10.1-123,https://www.ifa-berlin.com/exhibitors/dewe,https://drive.ifa-berlin.com/drive/2026/08/_cache/2012210753eedc6f33c1e6bc2d428f83_6b9da28dbec41f80d6ff8faed46233ae.png.webp,https://www.ifa-berlin.com/exhibitors?page=8,204
2435,Morphy Richards,China,Home Appliances,Hall 6.1,H6.1-102 | H6.1-Jena 4 | H6.1-Jena 5,https://www.ifa-berlin.com/exhibitors/morphy-richards,https://www.ifa-berlin.com/thumbnail/w500/2025/12/morphy_richards_1165.webp,https://www.ifa-berlin.com/exhibitors?page=8,205
2843,"Zhongshan HEME Kitchen Appliance Co., Ltd.",China,IFA Global Markets,Hall 26a,H26a-659,https://www.ifa-berlin.com/exhibitors/zhongshan-heme-kitchen-appliance,https://www.ifa-berlin.com/img/exhibitors/default.svg,https://www.ifa-berlin.com/exhibitors?page=8,206
1907,NOA,Romania,Communication & Connectivity,Hall 5.2,H5.2-229,https://www.ifa-berlin.com/exhibitors/noa,https://drive.ifa-berlin.com/drive/2026/08/_cache/6e57ae2966bdcea88b6f46eb5df3f1cc_9a9fe5b8db790fd84cbb79da1ad985d1.png.webp,https://www.ifa-berlin.com/exhibitors?page=8,207
2170,ERTEA SE,Czechia,Communication & Connectivity,Hall 5.2,H5.2-161,https://www.ifa-berlin.com/exhibitors/ertea,https://www.ifa-berlin.com/img/exhibitors/default.svg,https://www.ifa-berlin.com/exhibitors?page=8,208
2536,Pongbot,China,Beauty Tech & Wellbeing,Hall 15,H15-131,https://www.ifa-berlin.com/exhibitors/pongbot,https://drive.ifa-berlin.com/drive/2026/07/_cache/84fd1f33a012cbd7f41f996fb305904f_0d0666d7ad34c3416cb4d4ae44d595b0.png.webp,https://www.ifa-berlin.com/exhibitors?page=8,209
1905,Pocketbook,Germany,Communication & Connectivity,Hall 5.2,H5.2-143,https://www.ifa-berlin.com/exhibitors/pocketbook,https://drive.ifa-berlin.com/drive/2026/08/_cache/e0236091ebd435759bf8dfac2a559144_8f36c633392badc938b2b84de15689f9.png.webp,https://www.ifa-berlin.com/exhibitors?page=8,210
2214,ttec,Türkiye,Communication & Connectivity,Hall 3.2,H3.2-139,https://www.ifa-berlin.com/exhibitors/ttec,https://www.ifa-berlin.com/thumbnail/w500/2025/12/ttec_375.webp,https://www.ifa-berlin.com/exhibitors?page=8,211
3911,Whisker,USA,Smart Home,Hall 2.2,H2.2-122,https://www.ifa-berlin.com/exhibitors/whisker,https://drive.ifa-berlin.com/drive/2026/08/_cache/03cd0e078f10607883ad088b4eeb7c68_3776f4680c91b7763eda17ef90c1c8b8.png.webp,https://www.ifa-berlin.com/exhibitors?page=8,212
2539,Libernovo,Hong Kong,Computing & Gaming,Hall 7.2a,H7.2a-105,https://www.ifa-berlin.com/exhibitors/libernovo,https://drive.ifa-berlin.com/drive/2026/06/_cache/65958087a4a7e95bcbb5a4904c4ffdb9_39d736d76d7cd8fb3359efea59a048fd.png.webp,https://www.ifa-berlin.com/exhibitors?page=8,213
2107,BleeqUp,China,IFA Next,Hall 25,H25-347,https://www.ifa-berlin.com/exhibitors/bleequp,https://drive.ifa-berlin.com/drive/2025/12/_cache/99eec1f391f8032c30039063060bf7d2_56a21f76b8db11a3855122faebb8676a.png.webp,https://www.ifa-berlin.com/exhibitors?page=8,214
1972,OUTIN INC.,USA,Home Appliances,Hall 8.1,H8.1-216,https://www.ifa-berlin.com/exhibitors/outin,https://drive.ifa-berlin.com/drive/2026/07/_cache/53d75d00089d3bfb7792498366bab57e_efede26f50c898ad6651581279974397.jpg.webp,https://www.ifa-berlin.com/exhibitors?page=8,215
4025,APPACS,China,Audio,Hall 8.2,H8.2-229,https://www.ifa-berlin.com/exhibitors/appacs,https://drive.ifa-berlin.com/drive/2026/09/_cache/c51ff0e6983e926ee8b8d859c19fde94_a93042ad3897fb28e8039c0304a9e7c5.png.webp,https://www.ifa-berlin.com/exhibitors?page=8,216
2288,Cudy,Hong Kong,Computing & Gaming,Hall 6.2,H6.2-113,https://www.ifa-berlin.com/exhibitors/cudy-international,https://drive.ifa-berlin.com/drive/2026/08/_cache/3159161071c4bdc9c2ff08cab9931b71_26fcba2874dc88268d0f5e7ccf8dd207.jpg.webp,https://www.ifa-berlin.com/exhibitors?page=8,217
3983,VIP,China,Communication & Connectivity,Hall 5.2,H5.2-172,https://www.ifa-berlin.com/exhibitors/vip,https://drive.ifa-berlin.com/drive/2026/08/_cache/2183f70973c02beb93e2dc0b2bf24e98_8be65a75528b0c97e30a5cbec5296323.png.webp,https://www.ifa-berlin.com/exhibitors?page=8,218
3808,WOOWIND,Hong Kong,Mobility,CityCube Hall B,CCBB-152,https://www.ifa-berlin.com/exhibitors/woowind,https://drive.ifa-berlin.com/drive/2025/12/_cache/af5fe77ae110b718b7d93fe129d7817c_b438ab8c61ecbf70f54c2713d7e8fae4.jpg.webp,https://www.ifa-berlin.com/exhibitors?page=8,219
1975,SIH Brackets,Israel,Home & Entertainment,Hall 21,H21-107,https://www.ifa-berlin.com/exhibitors/sih-brackets,https://drive.ifa-berlin.com/drive/2026/08/_cache/43c083354fde8bc12581ad35d9a87da4_9047c7fc1d83bde964018891511b6357.png.webp,https://www.ifa-berlin.com/exhibitors?page=8,220
3781,"Dobot, Apollo,",Germany,Communication & Connectivity,Hall 4.2,H4.2-106,https://www.ifa-berlin.com/exhibitors/dobot-apollo,https://www.ifa-berlin.com/img/exhibitors/default.svg,https://www.ifa-berlin.com/exhibitors?page=8,221
2092,Splash sp z o.o.,Poland,Home Appliances,Hall 8.1,H8.1-210,https://www.ifa-berlin.com/exhibitors/splash,https://drive.ifa-berlin.com/drive/2026/08/_cache/768037626981de541a69d8df60fb96a0_0b1bad20ef5be887088f004ad22e8e24.png.webp,https://www.ifa-berlin.com/exhibitors?page=8,222
1966,Youmay,Germany,Beauty Tech & Wellbeing,Hall 12,H12-107,https://www.ifa-berlin.com/exhibitors/youmay,https://drive.ifa-berlin.com/drive/2026/07/_cache/7004b96ac70252cfdc9d268d4beacc6c_39778266be5d772df5400e3f453db35e.png.webp,https://www.ifa-berlin.com/exhibitors?page=8,223
2425,HUAYU,China,Smart Home,Hall 1.2,H1.2-200,https://www.ifa-berlin.com/exhibitors/huayu,https://drive.ifa-berlin.com/drive/2026/08/_cache/d4cac28b22d110d0199f50216129ef0d_3c32960d66366b05c383abe06e7cf723.png.webp,https://www.ifa-berlin.com/exhibitors?page=8,224
2812,"DONGGUAN SOONPAM TECHNOLOGY CO., LTD",China,IFA Global Markets,Hall 26a,H26a-645,https://www.ifa-berlin.com/exhibitors/eyesun-cam,https://drive.ifa-berlin.com/drive/2025/12/_cache/0d78b1b5476958c0ee25fe8dd6510146_7135c88fe583ffb87f9f1b4cae0d8edf.png.webp,https://www.ifa-berlin.com/exhibitors?page=9,225
3985,Pawdel Inc.,Philippines,IFA Next,Hall 25,H25-359,https://www.ifa-berlin.com/exhibitors/pawdel,https://drive.ifa-berlin.com/drive/2026/08/_cache/a04f09fc479794d9ad39b61949473a2d_bfa86d57c761b749f83a8514dfc792e4.png.webp,https://www.ifa-berlin.com/exhibitors?page=9,226
2167,amaran,Netherlands,Content Creation,Hall 20,H20-149,https://www.ifa-berlin.com/exhibitors/amaran,https://drive.ifa-berlin.com/drive/2026/08/_cache/1ac6dbb17fb922735dc34ffd7b0f64c9_ee428c4280f157c338468d322263c229.png.webp,https://www.ifa-berlin.com/exhibitors?page=9,227
2061,Wanbo,China,Home & Entertainment,Hall 21,H21-105,https://www.ifa-berlin.com/exhibitors/wanbo,https://drive.ifa-berlin.com/drive/2026/08/_cache/d7ea40aaa30221add719aaa9bc4d2a02_8b8febaaaf484c149c9fc04deac053fb.jpg.webp,https://www.ifa-berlin.com/exhibitors?page=9,228
2482,Lumistar,China,Smart Home,Hall 2.2,H2.2-163,https://www.ifa-berlin.com/exhibitors/lumistar,https://drive.ifa-berlin.com/drive/2026/07/_cache/ea88ef1caf1f0b3cfc743d7bb58372c3_3f061cc879bef9daf9dcc01a19252e6d.png.webp,https://www.ifa-berlin.com/exhibitors?page=9,229
2185,Aulumu,China,Communication & Connectivity,Hall 5.2,H5.2-197,https://www.ifa-berlin.com/exhibitors/aulumu,https://drive.ifa-berlin.com/drive/2026/07/_cache/bd47ad1f5f713d31855cba46076d5604_de57339a09ec8e70bd464250f97a0a48.jpg.webp,https://www.ifa-berlin.com/exhibitors?page=9,230
2159,Meari Technology,China,Smart Home,Hall 1.2,H1.2-108,https://www.ifa-berlin.com/exhibitors/meari-technology,https://drive.ifa-berlin.com/drive/2026/08/_cache/eb22ee6c1182f1576df019dab60d0645_f0d8f416de310581e05146d24bd418ed.png.webp,https://www.ifa-berlin.com/exhibitors?page=9,231
2879,Typuhur Deutschland GmbH,Germany,Home Appliances,Hall 8.1,H8.1-106,https://www.ifa-berlin.com/exhibitors/typuhur-deutschland,https://www.ifa-berlin.com/img/exhibitors/default.svg,https://www.ifa-berlin.com/exhibitors?page=9,232
1942,Achtecon,Türkiye,Home Appliances,Hall 7.1c,H7.1c-105,https://www.ifa-berlin.com/exhibitors/achtecon,https://www.ifa-berlin.com/img/exhibitors/default.svg,https://www.ifa-berlin.com/exhibitors?page=9,233
2246,"Dongguan HuiEn Electronics Technology Co., Ltd",China,Communication & Connectivity,Hall 5.2,H5.2-237,https://www.ifa-berlin.com/exhibitors/bny,https://www.ifa-berlin.com/img/exhibitors/default.svg,https://www.ifa-berlin.com/exhibitors?page=9,234
3189,Sanlida,China,Home Appliances,Hall 10.1,H10.1-105,https://www.ifa-berlin.com/exhibitors/sanlida,https://drive.ifa-berlin.com/drive/2026/07/_cache/5328d8fa00eae0872fcbca2e98b9091d_75eb3f0bb7d928836202002a861f688b.png.webp,https://www.ifa-berlin.com/exhibitors?page=9,235
1874,Vinnic Power,Hong Kong,Communication & Connectivity,Hall 5.2,H5.2-187,https://www.ifa-berlin.com/exhibitors/vinnic-power,https://www.ifa-berlin.com/img/exhibitors/default.svg,https://www.ifa-berlin.com/exhibitors?page=9,236
3880,CTA,South Korea,IFA Next,Hall 25,H25-339,https://www.ifa-berlin.com/exhibitors/cta,https://drive.ifa-berlin.com/drive/2026/08/_cache/dfbcba302ebf40a249cc9dd555167a4e_04ae411bcea2de0205f72680b5194bd3.png.webp,https://www.ifa-berlin.com/exhibitors?page=9,237
2461,Sylvox,Hong Kong,Home & Entertainment,Hall 21,H21-116,https://www.ifa-berlin.com/exhibitors/sylvox,https://drive.ifa-berlin.com/drive/2026/08/_cache/935f95c18035d97bcee914d7ff7978dc_c3d3d89854b3afe7d53a762b5381fed3.png.webp,https://www.ifa-berlin.com/exhibitors?page=9,238
1948,APPS2CAR,USA,Communication & Connectivity,Hall 5.2,H5.2-162,https://www.ifa-berlin.com/exhibitors/apps2car,https://www.ifa-berlin.com/img/exhibitors/default.svg,https://www.ifa-berlin.com/exhibitors?page=9,239
2413,BNY,China,Smart Home,Hall 2.2,H2.2-147,https://www.ifa-berlin.com/exhibitors/bny-2,https://drive.ifa-berlin.com/drive/2026/08/_cache/dc9b01bac4911e9e3e8e553b49ee7c14_906466bb24e2e8c074edc435ce5653b8.jpg.webp,https://www.ifa-berlin.com/exhibitors?page=9,240
3496,VSTARCAM,China,Smart Home,Hall 1.2,H1.2-154,https://www.ifa-berlin.com/exhibitors/vstarcam,https://drive.ifa-berlin.com/drive/2026/07/_cache/9a7ea64b4803f3b67d6b3cd454da95ad_1a34ddc930cc0c3c1de06bfdd4358c70.png.webp,https://www.ifa-berlin.com/exhibitors?page=9,241
2639,Electrodomesticos Taurus SL,Spain,Home Appliances,Hall 6.1,H6.1-116,https://www.ifa-berlin.com/exhibitors/electrodomesticos-taurus,https://www.ifa-berlin.com/img/exhibitors/default.svg,https://www.ifa-berlin.com/exhibitors?page=9,242
2323,Anmiki,China,Communication & Connectivity,Hall 5.2,H5.2-217,https://www.ifa-berlin.com/exhibitors/anmiki,https://drive.ifa-berlin.com/drive/2026/07/_cache/72269c2189ce9e564a783214adfaee54_163f923bb78c7513aa13d41419ae1053.png.webp,https://www.ifa-berlin.com/exhibitors?page=9,243
2002,Rotai,China,Beauty Tech & Wellbeing,Hall 12,H12-125,https://www.ifa-berlin.com/exhibitors/rotai,https://www.ifa-berlin.com/thumbnail/w500/2025/12/rotai_426.webp,https://www.ifa-berlin.com/exhibitors?page=9,244
2385,Shokz,Singapore,Audio,Hall 10.2,H10.2-117,https://www.ifa-berlin.com/exhibitors/shokz,https://drive.ifa-berlin.com/drive/2026/06/_cache/29263e37868feffb02de6b6a0a5c12f5_c3343a12f37f878d2c356e1322e13238.png.webp,https://www.ifa-berlin.com/exhibitors?page=9,245
2665,"Jiangmen Nanguang Electrical Appliance Industrial Co., Ltd",China,IFA Global Markets,Hall 26a,H26a-703,https://www.ifa-berlin.com/exhibitors/jiangmen-nanguang-electrical-appliance-industrial,https://www.ifa-berlin.com/img/exhibitors/default.svg,https://www.ifa-berlin.com/exhibitors?page=9,246
2649,Rokid,China,Computing & Gaming,Hall 6.2,H6.2-125,https://www.ifa-berlin.com/exhibitors/rokid,https://www.ifa-berlin.com/thumbnail/w500/2025/08/rokid.webp,https://www.ifa-berlin.com/exhibitors?page=9,247
2846,"Zhongshan MACC Technology Co., Ltd.",China,IFA Global Markets,Hall 26a,H26a-383,https://www.ifa-berlin.com/exhibitors/zhongshan-macc-technology,https://www.ifa-berlin.com/img/exhibitors/default.svg,https://www.ifa-berlin.com/exhibitors?page=9,248
2113,ARENTI,China,Smart Home,Hall 1.2,H1.2-142,https://www.ifa-berlin.com/exhibitors/arenti,https://www.ifa-berlin.com/img/exhibitors/default.svg,https://www.ifa-berlin.com/exhibitors?page=9,249
3035,AirPlus,China,Home Appliances,Hall 11.1,H11.1-133,https://www.ifa-berlin.com/exhibitors/airplus,https://drive.ifa-berlin.com/drive/2026/07/_cache/62d98d32f23903a811341c0705ff3d72_4eb62d041508c9617ec1e645faf7fbeb.png.webp,https://www.ifa-berlin.com/exhibitors?page=9,250
1858,"Sichuan Changhong NeoNet Technologies Co., Ltd.",China,Smart Home,Hall 1.2,H1.2-210,https://www.ifa-berlin.com/exhibitors/sichuan-changhong-neonet-technologies,https://drive.ifa-berlin.com/drive/2025/08/_cache/480930aed44a43fc0cf668b22ba332b7_4aa9e65f973c18a2966dd1bd7ec30dd3.png.webp,https://www.ifa-berlin.com/exhibitors?page=9,251
2098,Lovense,Singapore,Beauty Tech & Wellbeing,Hall 14,H14-109,https://www.ifa-berlin.com/exhibitors/lovense,https://www.ifa-berlin.com/img/exhibitors/default.svg,https://www.ifa-berlin.com/exhibitors?page=9,252
2510,Akkogear,China,Computing & Gaming,Hall 7.2b,H7.2b-110,https://www.ifa-berlin.com/exhibitors/akkogear,https://drive.ifa-berlin.com/drive/2025/12/_cache/e9f7437511e2a8e1890624a8cd372976_b44de4065a03ea2c59c8ba2e18a76390.png.webp,https://www.ifa-berlin.com/exhibitors?page=10,253
2018,Timekettle,China,Communication & Connectivity,Hall 3.2,H3.2-163,https://www.ifa-berlin.com/exhibitors/timekettle,https://drive.ifa-berlin.com/drive/2026/08/_cache/eef799cf6da91f2133669e41ea643658_9f33aeabdd8cd6e8f6989fd660f03fbe.png.webp,https://www.ifa-berlin.com/exhibitors?page=10,254
2351,Comfier,China,Beauty Tech & Wellbeing,Hall 12,H12-143,https://www.ifa-berlin.com/exhibitors/comfier,https://www.ifa-berlin.com/img/exhibitors/default.svg,https://www.ifa-berlin.com/exhibitors?page=10,255
1943,KINGSTAR,China,Audio,Hall 8.2,H8.2-211,https://www.ifa-berlin.com/exhibitors/kingstar,https://drive.ifa-berlin.com/drive/2026/07/_cache/a545a04e7347771551dd4f50067aaa30_77de636abcb42844a3fdc00e0bf8a3a4.jpg.webp,https://www.ifa-berlin.com/exhibitors?page=10,256
2283,Metswin PTE. LTD,Singapore,Home Appliances,Hall 10.1,H10.1-107,https://www.ifa-berlin.com/exhibitors/metswin,https://drive.ifa-berlin.com/drive/2026/06/_cache/b8855a0e18cb5b2fd1e67d0e58553aa6_0529fd93d4b1e2df7ccd2d6e45d80ca1.png.webp,https://www.ifa-berlin.com/exhibitors?page=10,257
2311,eCalendar,China,Content Creation,Hall 17,H17-255,https://www.ifa-berlin.com/exhibitors/ecalendar,https://drive.ifa-berlin.com/drive/2026/08/_cache/ab45e80cf14173b6a95e8f84b3481523_63d14528323243b627ef803b2c146172.png.webp,https://www.ifa-berlin.com/exhibitors?page=10,258
2543,Merach,Germany,Beauty Tech & Wellbeing,Hall 15,H15-125,https://www.ifa-berlin.com/exhibitors/merach,https://drive.ifa-berlin.com/drive/2026/06/_cache/7fbff53217d167da696f1560f2fc46cc_e0a8a083ec7bd85701dfe20662a61399.png.webp,https://www.ifa-berlin.com/exhibitors?page=10,259
1986,CHEERLUX,China,Home & Entertainment,Hall 21,H21-112,https://www.ifa-berlin.com/exhibitors/cheerlux,https://drive.ifa-berlin.com/drive/2025/12/_cache/a062ac3a8cbff9de030d30d989e3765c_4a6ce291b539725ad37509e7632e60ae.png.webp,https://www.ifa-berlin.com/exhibitors?page=10,260
3481,Singaporean-German Chamber of Industry and Commerce,Singapore,IFA Next,Hall 25,H25-346,https://www.ifa-berlin.com/exhibitors/singaporean-german-chamber-of-industry-and-commerce,https://drive.ifa-berlin.com/drive/2025/12/_cache/c9e9922a9a3fe652ba3b3955a4c7ea1b_53307ca902cd0ab7f6e2586f181cb017.jpg.webp,https://www.ifa-berlin.com/exhibitors?page=10,261
2488,Dark Project,Cyprus,Computing & Gaming,Hall 6.2,H6.2-127,https://www.ifa-berlin.com/exhibitors/dark-project-2,https://drive.ifa-berlin.com/drive/2025/12/_cache/a16f2e37aa2fe9d40b9459181b7c0688_7ce3353f3a806d62369faba58546597c.png.webp,https://www.ifa-berlin.com/exhibitors?page=10,262
2516,ikier,China,Content Creation,Hall 17,H17-231,https://www.ifa-berlin.com/exhibitors/ikier,https://drive.ifa-berlin.com/drive/2026/08/_cache/ad656595dc4b01d144dca97fd5c117ba_f54f855cb450d16b9a207d0f67e7b00f.png.webp,https://www.ifa-berlin.com/exhibitors?page=10,263
3715,Ultraview,Germany,Computing & Gaming,Hall 7.2a,H7.2a-116,https://www.ifa-berlin.com/exhibitors/ultraview,https://drive.ifa-berlin.com/drive/2026/08/_cache/a4e2b1700b80e46235e510e88e3a55ff_20a020ea62aacfc5d950db48c3d3d0de.png.webp,https://www.ifa-berlin.com/exhibitors?page=10,264
2146,Burga,Lithuania,Communication & Connectivity,Hall 3.2,H3.2-147,https://www.ifa-berlin.com/exhibitors/burga,https://drive.ifa-berlin.com/drive/2026/08/_cache/279f1eec2819a306fd76a73c739c27bd_12049cdc5348a101cdf1091c1cd7526c.png.webp,https://www.ifa-berlin.com/exhibitors?page=10,265
3417,MYnextRING,Austria,Beauty Tech & Wellbeing,Hall 15,H15-129,https://www.ifa-berlin.com/exhibitors/my-next-ring,https://drive.ifa-berlin.com/drive/2026/07/_cache/7359aa2c66bbd2b53ee86c62d6deb07f_78af2d4adf78cd4af124c3b79f91a05f.png.webp,https://www.ifa-berlin.com/exhibitors?page=10,266
2086,Ultimate Products,United Kingdom,Home Appliances,Hall 6.1,H6.1-110,https://www.ifa-berlin.com/exhibitors/ultimate-products,https://drive.ifa-berlin.com/drive/2026/08/_cache/973426a38045b42b296002871e4509aa_c710c58149a3d2e3dea1f05f9fd938f4.png.webp,https://www.ifa-berlin.com/exhibitors?page=10,267
1974,myFirst,Singapore,Content Creation,Hall 20,H20-111,https://www.ifa-berlin.com/exhibitors/myfirst,https://www.ifa-berlin.com/thumbnail/w500/2025/12/myfirst_84.webp,https://www.ifa-berlin.com/exhibitors?page=10,268
2278,Skinarma,Singapore,Communication & Connectivity,Hall 5.2,H5.2-183,https://www.ifa-berlin.com/exhibitors/skinarma,https://drive.ifa-berlin.com/drive/2026/08/_cache/d451f2e1c724097e5e719610c006813a_b368d2d520af5e1d62c4e898cd0e837e.jpg.webp,https://www.ifa-berlin.com/exhibitors?page=10,269
1979,Mchose,China,Computing & Gaming,Hall 6.2,H6.2-126,https://www.ifa-berlin.com/exhibitors/mchose,https://www.ifa-berlin.com/thumbnail/w500/2025/12/mchose_425.webp,https://www.ifa-berlin.com/exhibitors?page=10,270
2619,Sunqee Gear,China,Smart Home,Hall 1.2,H1.2-135,https://www.ifa-berlin.com/exhibitors/sunqee-gear,https://drive.ifa-berlin.com/drive/2026/06/_cache/c010990d706e226a43b21bdc69d494bc_c45afb173b5a857c3147c3db10f4596e.png.webp,https://www.ifa-berlin.com/exhibitors?page=10,271
2499,WHALL,China,Home Appliances,Hall 10.1,H10.1-120,https://www.ifa-berlin.com/exhibitors/whall,https://drive.ifa-berlin.com/drive/2026/07/_cache/2f3b8c19ba7c97e203b90d34a44fb895_5e12c6889a9c6b2103ec405fa950fea7.png.webp,https://www.ifa-berlin.com/exhibitors?page=10,272
2663,"Ningbo Hwiys Commerce Co., Ltd.",China,IFA Global Markets,Hall 26a,H26a-669,https://www.ifa-berlin.com/exhibitors/ningbo-hwiys-commerce,https://drive.ifa-berlin.com/drive/2025/12/_cache/b7b8119fd8c08219ef8de434b89fb332_85062bc2d98b1aac6fed99b9a9805c25.png.webp,https://www.ifa-berlin.com/exhibitors?page=10,273
3420,Ya-Man,Israel,Beauty Tech & Wellbeing,Hall 15,H15-117,https://www.ifa-berlin.com/exhibitors/ya-man,https://www.ifa-berlin.com/img/exhibitors/default.svg,https://www.ifa-berlin.com/exhibitors?page=10,274
2315,Starlink,USA,Smart Home,Hall 1.2,H1.2-147,https://www.ifa-berlin.com/exhibitors/starlink,https://www.ifa-berlin.com/img/exhibitors/default.svg,https://www.ifa-berlin.com/exhibitors?page=10,275
1893,3MK Protection,Poland,Communication & Connectivity,Hall 4.2,H4.2-125,https://www.ifa-berlin.com/exhibitors/3mk-protection,https://www.ifa-berlin.com/img/exhibitors/default.svg,https://www.ifa-berlin.com/exhibitors?page=10,276
2363,iKairos,China,IFA Next,Hall 25,H25-154,https://www.ifa-berlin.com/exhibitors/ikairos,https://www.ifa-berlin.com/img/exhibitors/default.svg,https://www.ifa-berlin.com/exhibitors?page=10,277
2272,INMO,China,IFA Next,Hall 25,H25-159,https://www.ifa-berlin.com/exhibitors/inmo,https://drive.ifa-berlin.com/drive/2026/08/_cache/e108be4e481c7bdc4f4d0add8022dac8_80eb7afacb63433d2311efb76ec208e5.png.webp,https://www.ifa-berlin.com/exhibitors?page=10,278
2334,Nekteck,USA,Beauty Tech & Wellbeing,Hall 14,H14-107,https://www.ifa-berlin.com/exhibitors/nekteck,https://drive.ifa-berlin.com/drive/2026/08/_cache/b83e4f07489178f6982d5a2f52e7ab0b_ee6793c3e5c9224c32ec143be9517d0b.png.webp,https://www.ifa-berlin.com/exhibitors?page=10,279
2489,ACEMAGIC,China,Computing & Gaming,Hall 6.2,H6.2-128,https://www.ifa-berlin.com/exhibitors/acemagic,https://drive.ifa-berlin.com/drive/2026/08/_cache/003ef973d77a21e84c8bd8225f5448c3_a54b2636ba367bb8fd28f67c028f44ba.png.webp,https://www.ifa-berlin.com/exhibitors?page=10,280
2102,JisuLife,Hong Kong,Communication & Connectivity,Hall 3.2,H3.2-169,https://www.ifa-berlin.com/exhibitors/jisulife,https://www.ifa-berlin.com/img/exhibitors/default.svg,https://www.ifa-berlin.com/exhibitors?page=11,281
3046,Tosima,China,Home Appliances,Hall 11.1,H11.1-136,https://www.ifa-berlin.com/exhibitors/tosima,https://drive.ifa-berlin.com/drive/2026/07/_cache/6b0e83b6056a5a3b0aabc2d61d564e72_7b2e96f6c534a9af1db5ed8ed5c0be4d.png.webp,https://www.ifa-berlin.com/exhibitors?page=11,282
2664,"Guangdong Huanengda Electrical Appliances Co.,Ltd.",China,IFA Global Markets,Hall 26a,H26a-629,https://www.ifa-berlin.com/exhibitors/guangdong-huanengda-electrical-appliances,https://drive.ifa-berlin.com/drive/2026/07/_cache/7398ff08319d0162022809205248e6ff_7bd4be0bc228e0814c356fc0a7d3d76c.png.webp,https://www.ifa-berlin.com/exhibitors?page=11,283
2053,SC RENAISSANCE PUBLIC SERVICE SRL,Romania,Home & Entertainment,Hall 21,H21-115,https://www.ifa-berlin.com/exhibitors/sc-renaissance-public-service,https://drive.ifa-berlin.com/drive/2025/12/_cache/53c902b49976d80f87b5af3e249faa0b_460c0c9aadefcb7dd46339dacff42858.png.webp,https://www.ifa-berlin.com/exhibitors?page=11,284
3551,VDE,,Smart Home,Hall 1.2,H1.2-185,https://www.ifa-berlin.com/exhibitors/vde,https://drive.ifa-berlin.com/drive/2026/07/_cache/c048395244499f18fb56eb40c08b8fed_c3bd83e41025239a1741aa070e8466f9.png.webp,https://www.ifa-berlin.com/exhibitors?page=11,285
2293,MOCOLL,China,Communication & Connectivity,Hall 5.2,H5.2-147,https://www.ifa-berlin.com/exhibitors/mocoll,https://www.ifa-berlin.com/thumbnail/w500/2025/12/mocoll_646.webp,https://www.ifa-berlin.com/exhibitors?page=11,286
1921,Tilta,Germany,Content Creation,Hall 20,H20-133,https://www.ifa-berlin.com/exhibitors/tilta,https://drive.ifa-berlin.com/drive/2026/07/_cache/35d7878093af13e875f0f428bed80d98_e1fb96ad4a87ad7a4c7b0f0157a151d6.png.webp,https://www.ifa-berlin.com/exhibitors?page=11,287
1954,SOONBOX,China,Audio,Hall 8.2,H8.2-261,https://www.ifa-berlin.com/exhibitors/soonbox,https://www.ifa-berlin.com/img/exhibitors/default.svg,https://www.ifa-berlin.com/exhibitors?page=11,288
2009,GP Batteries,Netherlands,Communication & Connectivity,Hall 3.2,H3.2-111,https://www.ifa-berlin.com/exhibitors/gp-batteries,https://www.ifa-berlin.com/img/exhibitors/default.svg,https://www.ifa-berlin.com/exhibitors?page=11,289
2456,RingConn,USA,Beauty Tech & Wellbeing,Hall 14,H14-121,https://www.ifa-berlin.com/exhibitors/ringconn,https://www.ifa-berlin.com/thumbnail/w500/2025/12/ringconn_57.webp,https://www.ifa-berlin.com/exhibitors?page=11,290
2244,SINOX EUROPE,Denmark,IFA Next,Hall 25,H25-162,https://www.ifa-berlin.com/exhibitors/sinox-europe,https://drive.ifa-berlin.com/drive/2026/08/_cache/fc2b5897007bd0c8c57c21d5e3dfab54_d52616522fa7592cf981dab83d8010b5.png.webp,https://www.ifa-berlin.com/exhibitors?page=11,291
2479,Briel,Portugal,Home Appliances,Hall 6.1,H6.1-106,https://www.ifa-berlin.com/exhibitors/briel,https://drive.ifa-berlin.com/drive/2026/08/_cache/8e4127ff0c16096652a4be82cf6c3fa7_0331434bfb8c868c06ca3c14f1df26c0.jpg.webp,https://www.ifa-berlin.com/exhibitors?page=11,292
3050,Odyss,China,Beauty Tech & Wellbeing,Hall 15,H15-103,https://www.ifa-berlin.com/exhibitors/odyss,https://drive.ifa-berlin.com/drive/2026/09/_cache/b40e1d34ecf309f330742fc3384aa187_e6ec3e6b5d6e7bffde5292d07ca6085e.png.webp,https://www.ifa-berlin.com/exhibitors?page=11,293
3678,Fosi Audio,China,Audio,Hall 10.2,H10.2-101,https://www.ifa-berlin.com/exhibitors/fosi-audio,https://drive.ifa-berlin.com/drive/2026/08/_cache/b19ef2dd4cda848d8599f9224dcfb438_e65ad6b7addb3b6fed4c044bdf5d8329.png.webp,https://www.ifa-berlin.com/exhibitors?page=11,294
3028,Youlong,China,Smart Home,Hall 2.2,H2.2-146,https://www.ifa-berlin.com/exhibitors/youlong,https://www.ifa-berlin.com/img/exhibitors/default.svg,https://www.ifa-berlin.com/exhibitors?page=11,295
2902,Hobot,Taiwan,Home Appliances,Hall 10.1,H10.1-127,https://www.ifa-berlin.com/exhibitors/hobot,https://www.ifa-berlin.com/thumbnail/w500/2025/12/hobot_63.webp,https://www.ifa-berlin.com/exhibitors?page=11,296
2199,Solis,Switzerland,Home Appliances,Hall 4.1,H4.1-107,https://www.ifa-berlin.com/exhibitors/solis,https://drive.ifa-berlin.com/drive/2026/07/_cache/f9e60c3aa5ad26c4c898dd00c62fb6a0_8f41635ece08b2f0324c390cfbda3eeb.png.webp,https://www.ifa-berlin.com/exhibitors?page=11,297
2292,Ultimea,China,Audio,Hall 10.2,H10.2-105,https://www.ifa-berlin.com/exhibitors/ultimea,https://drive.ifa-berlin.com/drive/2026/07/_cache/7f40fe5e69aafb4cfeafed736fa91093_9df122c1a77002b9d33ccb0478325f0e.png.webp,https://www.ifa-berlin.com/exhibitors?page=11,298
2341,NIMMBOT,China,Content Creation,Hall 17,H17-201,https://www.ifa-berlin.com/exhibitors/nimmbot,https://drive.ifa-berlin.com/drive/2026/08/_cache/9b95e539831312dfcab920a8f0d44b38_7da018276b1fdef0a2238b911d66133c.png.webp,https://www.ifa-berlin.com/exhibitors?page=11,299
3520,ADAC,Germany,Audio,Hall 8.2,H8.2-213,https://www.ifa-berlin.com/exhibitors/adac,https://www.ifa-berlin.com/img/exhibitors/default.svg,https://www.ifa-berlin.com/exhibitors?page=11,300
2208,Tvcmall,China,Communication & Connectivity,Hall 3.2,H3.2-159,https://www.ifa-berlin.com/exhibitors/tvcmall,https://www.ifa-berlin.com/img/exhibitors/default.svg,https://www.ifa-berlin.com/exhibitors?page=11,301
2509,Seago,China,Beauty Tech & Wellbeing,Hall 14,H14-103,https://www.ifa-berlin.com/exhibitors/seago,https://www.ifa-berlin.com/img/exhibitors/default.svg,https://www.ifa-berlin.com/exhibitors?page=11,302
2431,"Incase, PureGear",USA,Communication & Connectivity,Hall 5.2,H5.2-205,https://www.ifa-berlin.com/exhibitors/incase,https://www.ifa-berlin.com/img/exhibitors/default.svg,https://www.ifa-berlin.com/exhibitors?page=11,303
3978,Moontech Electronics,Hong Kong,Reseller Park,Hub 27a,H27a-05,https://www.ifa-berlin.com/exhibitors/moontech-electronics,https://www.ifa-berlin.com/img/exhibitors/default.svg,https://www.ifa-berlin.com/exhibitors?page=11,304
2295,Antigravity,,Content Creation,Hall 20,H20-120,https://www.ifa-berlin.com/exhibitors/antigravity,https://drive.ifa-berlin.com/drive/2025/12/_cache/be9e1559480379fca14239d92de08c66_034abfe0e7b36f2064e8ee5134f53d84.png.webp,https://www.ifa-berlin.com/exhibitors?page=11,305
2925,"Dongguan Smooth Intelligent Technology Co., Ltd.",China,IFA Global Markets,Hall 26a,H26a-619,https://www.ifa-berlin.com/exhibitors/dongguan-smooth-intelligent-technology,https://drive.ifa-berlin.com/drive/2026/06/_cache/b0bbb260ea9e1419f826dd70e1d6c90f_f5070f253b179efb67e6b2851b7f182b.png.webp,https://www.ifa-berlin.com/exhibitors?page=11,306
2383,Zeedol,China,IFA Next,Hall 25,H25-153,https://www.ifa-berlin.com/exhibitors/zeedol,https://www.ifa-berlin.com/img/exhibitors/default.svg,https://www.ifa-berlin.com/exhibitors?page=11,307
4014,Philips,Poland,Communication & Connectivity,Hall 3.2,H3.2-115,https://www.ifa-berlin.com/exhibitors/philips-2,https://drive.ifa-berlin.com/drive/2026/08/_cache/b5f903bd22b0ac49c57c93d1db8128bc_e5436a6334c0d7f6cf0bd0b579f3ce4f.jpg.webp,https://www.ifa-berlin.com/exhibitors?page=11,308
2178,Ascentiz,,Beauty Tech & Wellbeing,Hall 12,H12-109,https://www.ifa-berlin.com/exhibitors/ascentiz,https://drive.ifa-berlin.com/drive/2026/06/_cache/73499f2dbd9f6d983482481af12cc2b2_679e9332b49414033ef49a48692c88f4.png.webp,https://www.ifa-berlin.com/exhibitors?page=12,309
2441,ProtoArc,China,Computing & Gaming,Hall 7.2b,H7.2b-122,https://www.ifa-berlin.com/exhibitors/protoarc,https://drive.ifa-berlin.com/drive/2026/04/_cache/35e87d2eabd16f63c82b14e15251aec7_50c2bd9b0a81e83a8773fec14a29e467.png.webp,https://www.ifa-berlin.com/exhibitors?page=12,310
3691,AG Brands BV,Netherlands,Home Appliances,Hall 6.1,H6.1-103,https://www.ifa-berlin.com/exhibitors/ag-brands,https://drive.ifa-berlin.com/drive/2026/09/_cache/a309af02e7a72a2d226e76004b53581d_725384bb5c36c71cee4f8ccbc6b30a45.png.webp,https://www.ifa-berlin.com/exhibitors?page=12,311
2503,Remalux,Netherlands,Home & Entertainment,Hall 22,H22-117,https://www.ifa-berlin.com/exhibitors/remalux,https://www.ifa-berlin.com/thumbnail/w500/2025/12/remalux_178.webp,https://www.ifa-berlin.com/exhibitors?page=12,312
3151,Provac,China,Home Appliances,Hall 11.1,H11.1-139,https://www.ifa-berlin.com/exhibitors/provac,https://www.ifa-berlin.com/img/exhibitors/default.svg,https://www.ifa-berlin.com/exhibitors?page=12,313
2285,iFLYTEK,China,Communication & Connectivity,Hall 4.2 | Hall 2.1,H4.2-115 | H2.1-Passau 14,https://www.ifa-berlin.com/exhibitors/iflytek,https://drive.ifa-berlin.com/drive/2026/05/_cache/77d2a42a4d93994424ec2d05757cc814_0f70c44d1f3cb4ce80dedd39fc266911.png.webp,https://www.ifa-berlin.com/exhibitors?page=12,314
3666,GMKtec,China,Computing & Gaming,Hall 5.2,H5.2-455 | H5.2-439,https://www.ifa-berlin.com/exhibitors/gmktec,https://www.ifa-berlin.com/img/exhibitors/default.svg,https://www.ifa-berlin.com/exhibitors?page=12,315
3901,Samkit,,Home Appliances,Hall 10.1,H10.1-117,https://www.ifa-berlin.com/exhibitors/samkit,https://drive.ifa-berlin.com/drive/2026/09/_cache/0e7b3499bd0757bc7597fa526e4d2ed3_6b266ac069ba40e24a6b18e7e9d7e32e.png.webp,https://www.ifa-berlin.com/exhibitors?page=12,316
2360,LUXEVA EV GEREÇLERI SANAYI VE TICARET LTD STI,Türkiye,Home Appliances,Hall 11.1,H11.1-115,https://www.ifa-berlin.com/exhibitors/luxeva,https://drive.ifa-berlin.com/drive/2026/07/_cache/b296841d554ddf360cbae1b37b35dee8_05d7026ef9007b1be8c9c8a861981996.png.webp,https://www.ifa-berlin.com/exhibitors?page=12,317
2180,"Guangdong Aijiemo Electronic Industry Co., Ltd.",China,Communication & Connectivity,Hall 3.2,H3.2-167,https://www.ifa-berlin.com/exhibitors/agm-mobile,https://drive.ifa-berlin.com/drive/2025/12/_cache/c9e2034955c5f2da7c949dc3dffc34d5_9ff91543e9763d8f5efc78ea769342d3.jpg.webp,https://www.ifa-berlin.com/exhibitors?page=12,318
3452,"Sinoeuro Appliance Jiangsu Co., Ltd.",China,IFA Global Markets,Hall 26a,H26a-687,https://www.ifa-berlin.com/exhibitors/sinoeuro-appliance-jiangsu,https://www.ifa-berlin.com/img/exhibitors/default.svg,https://www.ifa-berlin.com/exhibitors?page=12,319
2217,Daily Objects,India,Communication & Connectivity,Hall 3.2,H3.2-161,https://www.ifa-berlin.com/exhibitors/daily-objects,https://drive.ifa-berlin.com/drive/2026/08/_cache/14b0467d8d1f5ef0276dda79279af049_c1c55964d27fb50a64b2f2a3c8cc1781.png.webp,https://www.ifa-berlin.com/exhibitors?page=12,320
1901,Jimmy,China,Home Appliances,Hall 8.1,H8.1-215,https://www.ifa-berlin.com/exhibitors/jimmy,https://www.ifa-berlin.com/img/exhibitors/default.svg,https://www.ifa-berlin.com/exhibitors?page=12,321
3051,THOR,China,Home Appliances,Hall 7.1c,H7.1c-109,https://www.ifa-berlin.com/exhibitors/thor,https://drive.ifa-berlin.com/drive/2026/06/_cache/c56d03abb2a7624f710bbb2f990a62c1_460714a4e4e2c45e7d43b1f58a44c1f7.jpg.webp,https://www.ifa-berlin.com/exhibitors?page=12,322
2116,Esportlet,China,Mobility,CityCube Hall B,CCBB-146,https://www.ifa-berlin.com/exhibitors/esportlet,https://drive.ifa-berlin.com/drive/2026/08/_cache/443832dbd49c94a8faca328b692783a9_cf7d4ac937d6dc953dc5aba492944dd5.png.webp,https://www.ifa-berlin.com/exhibitors?page=12,323
2614,KingSpec,China,Computing & Gaming,Hall 7.2a,H7.2a-109,https://www.ifa-berlin.com/exhibitors/kingspec,https://drive.ifa-berlin.com/drive/2026/06/_cache/5fd0df81c681604e9afdd6e2d406278b_d891be078e8c6178677f038e591d303c.png.webp,https://www.ifa-berlin.com/exhibitors?page=12,324
2183,Fobem,Türkiye,Home & Entertainment,Hall 21,H21-117,https://www.ifa-berlin.com/exhibitors/fobem,https://www.ifa-berlin.com/thumbnail/w500/2025/12/fobem_2108.webp,https://www.ifa-berlin.com/exhibitors?page=12,325
1880,360insights Ltd.,Canada,Smart Home,Hall 1.2,H1.2-109,https://www.ifa-berlin.com/exhibitors/360insights,https://drive.ifa-berlin.com/drive/2025/12/_cache/2b8d258a5f5e09d945a283b115c2202c_f7039954e74399a1f507f4ce22d4f379.png.webp,https://www.ifa-berlin.com/exhibitors?page=12,326
2276,Uniq,Singapore,Communication & Connectivity,Hall 5.2,H5.2-207,https://www.ifa-berlin.com/exhibitors/uniq,https://drive.ifa-berlin.com/drive/2026/02/_cache/fb7448089fae1e918cddc7d8b1483368_ecbc209ce26cb5f02775d9d5217a635b.png.webp,https://www.ifa-berlin.com/exhibitors?page=12,327
2164,Plaud,USA,IFA Next,Hall 25,H25-165,https://www.ifa-berlin.com/exhibitors/plaud,https://drive.ifa-berlin.com/drive/2026/07/_cache/651f2492baeee449adc6423358028e7b_7e568339724c306dcfabdc4ceef51f88.png.webp,https://www.ifa-berlin.com/exhibitors?page=12,328
3037,Looki,China,IFA Next,Hall 5.2,H5.2-421,https://www.ifa-berlin.com/exhibitors/looki,https://www.ifa-berlin.com/img/exhibitors/default.svg,https://www.ifa-berlin.com/exhibitors?page=12,329
3778,Ooni Limited,United Kingdom,Home Appliances,Hall 6.1,H6.1-107,https://www.ifa-berlin.com/exhibitors/ooni,https://www.ifa-berlin.com/img/exhibitors/default.svg,https://www.ifa-berlin.com/exhibitors?page=12,330
2017,SpeedComfort B.V.,Netherlands,Smart Home,Hall 1.2,H1.2-102,https://www.ifa-berlin.com/exhibitors/speedcomfort,https://drive.ifa-berlin.com/drive/2025/12/_cache/6182676d6f0b906eb14466a8840aaa4b_47c8bcd3de30d6e915bf143ae9d037b9.jpg.webp,https://www.ifa-berlin.com/exhibitors?page=12,331
1976,C & A Global,USA,Communication & Connectivity,Hall 3.2,H3.2-155,https://www.ifa-berlin.com/exhibitors/c-a-global,https://drive.ifa-berlin.com/drive/2025/12/_cache/35bac6417ad639ad9c4d191d6a35e21c_961025f64048ca6ef27844641443c034.png.webp,https://www.ifa-berlin.com/exhibitors?page=12,332
3679,SABA,France,Home & Entertainment,Hall 21,H21-120,https://www.ifa-berlin.com/exhibitors/saba,https://drive.ifa-berlin.com/drive/2026/07/_cache/de2dce566929a771368611eabcab57f1_2783c06a7ee72776b6776c24f2a76835.png.webp,https://www.ifa-berlin.com/exhibitors?page=12,333
2160,Lymow Technology,Hong Kong,Home Appliances,Hall 11.1,H11.1-105,https://www.ifa-berlin.com/exhibitors/lymow-technology,https://drive.ifa-berlin.com/drive/2026/07/_cache/ebb3b15239309c296bbd83ad24dd55cc_58623dc152e4b9b5f2f26e117c872bbc.jpg.webp,https://www.ifa-berlin.com/exhibitors?page=12,334
3954,Lawaken,China,IFA Next,Hall 5.2,H5.2-438,https://www.ifa-berlin.com/exhibitors/lawaken,https://www.ifa-berlin.com/img/exhibitors/default.svg,https://www.ifa-berlin.com/exhibitors?page=12,335
2143,Foxteq,China,Smart Home,Hall 2.2,H2.2-132,https://www.ifa-berlin.com/exhibitors/foxteq,https://www.ifa-berlin.com/img/exhibitors/default.svg,https://www.ifa-berlin.com/exhibitors?page=12,336
2579,FITUEYES,China,Home & Entertainment,Hall 22,H22-105,https://www.ifa-berlin.com/exhibitors/fitueyes,https://drive.ifa-berlin.com/drive/2025/12/_cache/1b455f1d719271a28ec0240f66198455_ab29f96488e1dd4d7f3860af2bb2a680.png.webp,https://www.ifa-berlin.com/exhibitors?page=13,337
1891,Swissten,Czechia,Communication & Connectivity,Hall 4.2,H4.2-141,https://www.ifa-berlin.com/exhibitors/swissten,https://drive.ifa-berlin.com/drive/2025/12/_cache/3e92c2000f05e0b2ff9da1c85a7e951f_d665670cba36b249c5925bd85e926bd5.jpg.webp,https://www.ifa-berlin.com/exhibitors?page=13,338
2155,Fellow Products,USA,Home Appliances,Hall 6.1,H6.1-118,https://www.ifa-berlin.com/exhibitors/fellow-products,https://drive.ifa-berlin.com/drive/2026/07/_cache/4336666e9ccdf724ae24220004a58a06_ebddf898144cf3e253990a98aa8e9c7d.png.webp,https://www.ifa-berlin.com/exhibitors?page=13,339
2204,Sifar,Italy,Communication & Connectivity,Hall 3.2,H3.2-129,https://www.ifa-berlin.com/exhibitors/sifar,https://drive.ifa-berlin.com/drive/2025/12/_cache/65ab5253d3ec12c9dc647c14b23c947f_fbed27e34fbde683fce829f4af5f8dd7.jpeg.webp,https://www.ifa-berlin.com/exhibitors?page=13,340
1910,Macstone Technologies Co Ltd,China,Communication & Connectivity,Hall 5.2,H5.2-225,https://www.ifa-berlin.com/exhibitors/macstone-technologies,https://drive.ifa-berlin.com/drive/2025/12/_cache/dce1702e750a7346d8b5e8853d3fc30c_c82680e47e78f0438261d50011e2b03b.jpg.webp,https://www.ifa-berlin.com/exhibitors?page=13,341
2189,NEEWER,China,Content Creation,Hall 20,H20-109,https://www.ifa-berlin.com/exhibitors/neewer,https://drive.ifa-berlin.com/drive/2026/07/_cache/53245cab3b513b70a9d4520847e8f67a_14023771ee5cbba193b0a4d980af3794.png.webp,https://www.ifa-berlin.com/exhibitors?page=13,342
1885,EarFun,China,Audio,Hall 8.2,H8.2-227,https://www.ifa-berlin.com/exhibitors/earfun,https://drive.ifa-berlin.com/drive/2025/12/_cache/22928ed247806ac6cecf05d447a704be_8cd7f80dea17e14639cac7f2dd928f76.png.webp,https://www.ifa-berlin.com/exhibitors?page=13,343
1934,Arzopa,China,Computing & Gaming,Hall 6.2,H6.2-105,https://www.ifa-berlin.com/exhibitors/arzopa,https://drive.ifa-berlin.com/drive/2026/07/_cache/78871821e70b7f97d04658ebcbbd69a2_ff281623713916b454d120e4714b4348.png.webp,https://www.ifa-berlin.com/exhibitors?page=13,344
2365,LetPot,Hong Kong,IFA Next,Hall 25,H25-155,https://www.ifa-berlin.com/exhibitors/letpot,https://drive.ifa-berlin.com/drive/2026/07/_cache/bedfcde87056e93be894dad72e396e68_74d25c9f59d7acdb40bf2f9ab80e40c6.jpeg.webp,https://www.ifa-berlin.com/exhibitors?page=13,345
3044,Vinola Ankastre Mutfak Unruleri Sanayi Ticaret S.A.,Türkiye,Home Appliances,Hall 7.1c,H7.1c-104,https://www.ifa-berlin.com/exhibitors/vinola,https://drive.ifa-berlin.com/drive/2026/07/_cache/b32071aa839ddb895021683c8f3f95c5_54070e4819f229f560cf74518ff1aa7e.png.webp,https://www.ifa-berlin.com/exhibitors?page=13,346
2359,China Household Electric Appliance Research Institute (CHEARI),China,Home Appliances,Hall 10.1,H10.1-121,https://www.ifa-berlin.com/exhibitors/china-household-electric-appliance-research-institute-cheari,https://drive.ifa-berlin.com/drive/2026/02/_cache/b5ce968cc408e861d3779e58605470e1_58469349650598f3182b50c051fcaf49.png.webp,https://www.ifa-berlin.com/exhibitors?page=13,347
2375,Targus,United Kingdom,Communication & Connectivity,Hall 5.2,H5.2-179,https://www.ifa-berlin.com/exhibitors/targus,https://drive.ifa-berlin.com/drive/2026/08/_cache/afff6b7487d98ec73397f8923772aa05_00c608c589d7ecfc22a76485a84eff4f.png.webp,https://www.ifa-berlin.com/exhibitors?page=13,348
2521,GARSACO,Spain,Home Appliances,Hall 8.1,H8.1-203,https://www.ifa-berlin.com/exhibitors/garsaco,https://drive.ifa-berlin.com/drive/2026/07/_cache/c83cc81f05e44fce65f25478dd0f5798_8c90ca26aba0a2d6e285f75cfc532212.jpg.webp,https://www.ifa-berlin.com/exhibitors?page=13,349
3982,Climadiff,France,Home Appliances,Hall 3.1,H3.1-104,https://www.ifa-berlin.com/exhibitors/climadiff,https://www.ifa-berlin.com/img/exhibitors/default.svg,https://www.ifa-berlin.com/exhibitors?page=13,350
2402,Daejeon Technopark,South Korea,IFA Next,Hall 25,H25-129 | H25-293 | H25-297 | H25-279 | H25-301 | H25-275,https://www.ifa-berlin.com/exhibitors/daejeon-technopark,https://drive.ifa-berlin.com/drive/2025/12/_cache/15cf04f21d5f864a988fe0d2965ebc14_7a6824c5c2679e58ced8836f8b5adf27.png.webp,https://www.ifa-berlin.com/exhibitors?page=13,351
2505,"ZHONGSHAN FRECOM ELECTRONIC CO.,LTD",China,Smart Home,Hall 1.2,H1.2-188,https://www.ifa-berlin.com/exhibitors/yoosee,https://drive.ifa-berlin.com/drive/2026/08/_cache/67a81774080e63161193e46e41facad6_58161ccd8a1a412307f428e7ad228ae7.png.webp,https://www.ifa-berlin.com/exhibitors?page=13,352
3569,Fitnexa,USA,Beauty Tech & Wellbeing,Hall 15,H15-151,https://www.ifa-berlin.com/exhibitors/fitnexa,https://www.ifa-berlin.com/img/exhibitors/default.svg,https://www.ifa-berlin.com/exhibitors?page=13,353
3887,Onecom GmbH,Switzerland,Smart Home,Hall 2.2,H2.2-200,https://www.ifa-berlin.com/exhibitors/onecom,https://drive.ifa-berlin.com/drive/2025/12/_cache/87ac272fe1bd56aced8590db664c22f3_0a3280572b042010faad91f955145827.png.webp,https://www.ifa-berlin.com/exhibitors?page=13,354
3510,immersive insiders (XRCC),Germany,IFA Next,Hall 5.2,H5.2-448,https://www.ifa-berlin.com/exhibitors/immersive-insiders-xrcc,https://www.ifa-berlin.com/img/exhibitors/default.svg,https://www.ifa-berlin.com/exhibitors?page=13,355
3033,"Dongguan Tianman Technology Co., Ltd.",China,Smart Home,Hall 2.2,H2.2-139,https://www.ifa-berlin.com/exhibitors/sweetfull,https://drive.ifa-berlin.com/drive/2026/07/_cache/c51ec70965dd4dca0606a60ced9dba81_8d741824210ad5344a4ec184e4f7777d.jpg.webp,https://www.ifa-berlin.com/exhibitors?page=13,356
2212,Pisen,China,Communication & Connectivity,Hall 3.2,H3.2-109,https://www.ifa-berlin.com/exhibitors/pisen,https://drive.ifa-berlin.com/drive/2026/07/_cache/60f83ee5faf42db7e08d1bc9c508c0e6_3f85c105b6561673c0bc9c2e66d98579.png.webp,https://www.ifa-berlin.com/exhibitors?page=13,357
2523,Kooduu,Netherlands,Audio,Hall 10.2,H10.2-107,https://www.ifa-berlin.com/exhibitors/kooduu,https://drive.ifa-berlin.com/drive/2025/12/_cache/a614b5cf9db175b65e5d46de23d44b25_83769af267a5db00a4cba79b358c8111.png.webp,https://www.ifa-berlin.com/exhibitors?page=13,358
3545,"GUANGDONG SMZ ELECTRIC APPLIANCE CO.,LTD",China,IFA Global Markets,Hall 26a,H26a-721,https://www.ifa-berlin.com/exhibitors/guangdong-smz-electric-appliance,https://www.ifa-berlin.com/img/exhibitors/default.svg,https://www.ifa-berlin.com/exhibitors?page=13,359
2194,AVATTO,China,Smart Home,Hall 1.2,H1.2-116,https://www.ifa-berlin.com/exhibitors/avatto,https://drive.ifa-berlin.com/drive/2026/08/_cache/0aff2a22f46f0ebec0473e14ed43575d_76cc34a9314a84d683c87f8df3c6032d.jpg.webp,https://www.ifa-berlin.com/exhibitors?page=13,360
3632,Foxsky,China,Communication & Connectivity,Hall 4.2,H4.2-107,https://www.ifa-berlin.com/exhibitors/foxsky,https://www.ifa-berlin.com/img/exhibitors/default.svg,https://www.ifa-berlin.com/exhibitors?page=13,361
2522,Sogo,Spain,Home Appliances,Hall 8.1,H8.1-107,https://www.ifa-berlin.com/exhibitors/sogo,https://drive.ifa-berlin.com/drive/2026/07/_cache/ca2e3ec37225c03e88dc48cc7802a2cf_2ccacac1776d64b1d099277a2e2020c6.png.webp,https://www.ifa-berlin.com/exhibitors?page=13,362
2047,Jocca,Spain,Home Appliances,Hall 6.1,H6.1-113,https://www.ifa-berlin.com/exhibitors/jocca,https://www.ifa-berlin.com/img/exhibitors/default.svg,https://www.ifa-berlin.com/exhibitors?page=13,363
2540,"Dyness Digital Energy Technology Co., LTD.",China,Smart Home,Hall 2.2,H2.2-118,https://www.ifa-berlin.com/exhibitors/dyness-digital-energy-technology,https://drive.ifa-berlin.com/drive/2026/06/_cache/abe5c929f551c6f8a44c0c872b3e24ea_a3fdbc8be7407c152b19befed52e4e6f.png.webp,https://www.ifa-berlin.com/exhibitors?page=13,364
2506,BLURAMS,China,Smart Home,Hall 1.2,H1.2-208,https://www.ifa-berlin.com/exhibitors/blurams,https://drive.ifa-berlin.com/drive/2026/08/_cache/ffce62c45a908099bd5fa7a12c0d1d4e_ffc56e70fae055bfbbc05abbe6da54f2.png.webp,https://www.ifa-berlin.com/exhibitors?page=14,365
2294,Inateck,China,Communication & Connectivity,Hall 5.2,H5.2-231,https://www.ifa-berlin.com/exhibitors/inateck,https://drive.ifa-berlin.com/drive/2026/08/_cache/7d2f8c2822cc31e6cd9ae653233498b9_d827270a3afa246b67e57bbe566f1bd3.png.webp,https://www.ifa-berlin.com/exhibitors?page=14,366
2291,ROSESELSA,China,Audio,Hall 8.2,H8.2-231,https://www.ifa-berlin.com/exhibitors/roseselsa,https://drive.ifa-berlin.com/drive/2026/07/_cache/6189cc321264f599ceb57784dad4dccc_c982b2f2232510e6aebeef0f4e05af37.png.webp,https://www.ifa-berlin.com/exhibitors?page=14,367
2891,Wavytalk,China,Beauty Tech & Wellbeing,Hall 15,H15-127,https://www.ifa-berlin.com/exhibitors/wavytalk,https://drive.ifa-berlin.com/drive/2026/07/_cache/bfe372d5298c17d10c9f9d8960a77f60_e42ca3012ecaebbc3fdb92a8a4650a70.png.webp,https://www.ifa-berlin.com/exhibitors?page=14,368
3967,LONGi Solar Technology,,Home Appliances,Sommergarten Outdoor CG,OCG-135,https://www.ifa-berlin.com/exhibitors/longi-solar-technology,https://www.ifa-berlin.com/img/exhibitors/default.svg,https://www.ifa-berlin.com/exhibitors?page=14,369
3881,HYBO,South Korea,IFA Next,Hall 25,H25-339,https://www.ifa-berlin.com/exhibitors/hybo,https://drive.ifa-berlin.com/drive/2026/08/_cache/f412894123a7c8975db714733b28aa36_029e5459a2c694371a209c9536260312.png.webp,https://www.ifa-berlin.com/exhibitors?page=14,370
2038,VTOMAN,USA,Smart Home,Hall 2.2,H2.2-136,https://www.ifa-berlin.com/exhibitors/vtoman,https://drive.ifa-berlin.com/drive/2026/08/_cache/3aab6835648ac50339216ae40c1186bb_98b50d4aabf85317479478d3dcd97f10.png.webp,https://www.ifa-berlin.com/exhibitors?page=14,371
2021,Shenzhen Jieqi Technology Co. Ltd.,China,Smart Home,Hall 2.2,H2.2-119,https://www.ifa-berlin.com/exhibitors/shenzhen-jieqi-technology,https://drive.ifa-berlin.com/drive/2025/12/_cache/1557d106434d3e0c5ea6c5be7191bc47_3eca8e34ecabc625efab29373f4a2b83.png.webp,https://www.ifa-berlin.com/exhibitors?page=14,372
3092,QuickIce Sp.zo.o,,IFA Global Markets,Hall 26c,H26c-352,https://www.ifa-berlin.com/exhibitors/quickice,https://drive.ifa-berlin.com/drive/2026/07/_cache/183275d313bf675ce58b977b667d65d7_72c21df263f405a984d3eae39adb7001.jpg.webp,https://www.ifa-berlin.com/exhibitors?page=14,373
3038,Pininfarina,Italy,Smart Home,Hall 2.2,H2.2-196,https://www.ifa-berlin.com/exhibitors/pininfarina,https://www.ifa-berlin.com/img/exhibitors/default.svg,https://www.ifa-berlin.com/exhibitors?page=14,374
2161,Litheli,China,Home Appliances,Hall 11.1,H11.1-121,https://www.ifa-berlin.com/exhibitors/litheli,https://www.ifa-berlin.com/img/exhibitors/default.svg,https://www.ifa-berlin.com/exhibitors?page=14,375
2547,Geekom,,Computing & Gaming,Hall 6.2,H6.2-119,https://www.ifa-berlin.com/exhibitors/geekom,https://www.ifa-berlin.com/thumbnail/w500/2025/12/geekom_336.webp,https://www.ifa-berlin.com/exhibitors?page=14,376
3698,ABOVE,South Korea,IFA Next,Hall 25,H25-361,https://www.ifa-berlin.com/exhibitors/above,https://www.ifa-berlin.com/thumbnail/w500/2026/08/abovelogo.svg,https://www.ifa-berlin.com/exhibitors?page=14,377
2067,Sudio,Sweden,Communication & Connectivity,Hall 4.2,H4.2-119,https://www.ifa-berlin.com/exhibitors/sudio,https://drive.ifa-berlin.com/drive/2025/12/_cache/033d6c75cee43f4206f27919a388a151_a21a07e64ab3fc8e7306d12d98065ddd.png.webp,https://www.ifa-berlin.com/exhibitors?page=14,378
2633,Circular,Hong Kong,IFA Next,Hall 5.2,H5.2-189,https://www.ifa-berlin.com/exhibitors/circular,https://drive.ifa-berlin.com/drive/2026/08/_cache/57ae3643b6546c16dcd34b4c96456936_03f1fd6144fe218058217da452660e17.png.webp,https://www.ifa-berlin.com/exhibitors?page=14,379
2374,CHIEFTEC,Germany,Computing & Gaming,Hall 6.2,H6.2-108,https://www.ifa-berlin.com/exhibitors/chieftec,https://drive.ifa-berlin.com/drive/2026/07/_cache/252cfc0923807ad1566e356ce725f23e_c47ccd2727fae8ac072ab66a80115767.png.webp,https://www.ifa-berlin.com/exhibitors?page=14,380
2012,Ubtech,China,Smart Home,Hall 2.2,H2.2-186,https://www.ifa-berlin.com/exhibitors/ubpet,https://drive.ifa-berlin.com/drive/2025/12/_cache/54d20359fdd65a45fd624d449eb25d01_765b60e570d09808e7bd962b82a3371a.jpg.webp,https://www.ifa-berlin.com/exhibitors?page=14,381
1886,HUION,China,Computing & Gaming,Hall 7.2b,H7.2b-114,https://www.ifa-berlin.com/exhibitors/huion,https://drive.ifa-berlin.com/drive/2025/12/_cache/7fbb87b242c20dd2004edc73a7aa491d_a4eb8cbdcc2d1a9ca3e76a3a38051da0.png.webp,https://www.ifa-berlin.com/exhibitors?page=14,382
2329,TORRAS,China,Communication & Connectivity,Hall 5.2,H5.2-151 | H5.2-Jena 2,https://www.ifa-berlin.com/exhibitors/torras,https://drive.ifa-berlin.com/drive/2026/06/_cache/9f25c66fc318040a4b939b7410a61d80_48f8a7e0ccaaf01ba1e2420dcba2ce10.png,https://www.ifa-berlin.com/exhibitors?page=14,383
2452,ABOK,China,Smart Home,Hall 2.2,H2.2-179,https://www.ifa-berlin.com/exhibitors/abok,https://drive.ifa-berlin.com/drive/2026/07/_cache/c3b5cac1d765cebe950f905497c4ea6d_cad5d17ecbc1e657bb3d1c126100cece.png.webp,https://www.ifa-berlin.com/exhibitors?page=14,384
3376,Evelatus,Latvia,Communication & Connectivity,Hall 5.2,H5.2-196,https://www.ifa-berlin.com/exhibitors/evelatus,https://www.ifa-berlin.com/thumbnail/w500/2026/07/evelatus-logo-600x600pix.svg,https://www.ifa-berlin.com/exhibitors?page=14,385
2233,Nestworks,China,Content Creation,Hall 17,H17-227,https://www.ifa-berlin.com/exhibitors/nestworks,https://drive.ifa-berlin.com/drive/2026/07/_cache/719be1a0ccbed20831131de1cf9210ac_e68e4aebc7ba43eb4a07336cf1c62040.png.webp,https://www.ifa-berlin.com/exhibitors?page=14,386
2035,"Yaber Creative Co., Limited",Hong Kong,Home & Entertainment,Hall 22,H22-139,https://www.ifa-berlin.com/exhibitors/yaber-creative,https://drive.ifa-berlin.com/drive/2026/08/_cache/9a2f89146dbc7055d8b0a6bd7fe4e318_0b054ab4eaa09383b179ba618726ae8f.png.webp,https://www.ifa-berlin.com/exhibitors?page=14,387
2615,Korea AX Device Innovation Pavilion,South Korea,IFA Next,Hall 5.2,H5.2-448,https://www.ifa-berlin.com/exhibitors/korea-ax-device-innovation-pavilion,https://www.ifa-berlin.com/img/exhibitors/default.svg,https://www.ifa-berlin.com/exhibitors?page=14,388
2209,Honsung,China,Beauty Tech & Wellbeing,Hall 12,H12-137,https://www.ifa-berlin.com/exhibitors/honsung,https://drive.ifa-berlin.com/drive/2026/08/_cache/cad08c4257eb891312ba8ec7af9ff298_e08251ab2c714be5906492bc9bdf9f81.png.webp,https://www.ifa-berlin.com/exhibitors?page=14,389
2154,Creality,China,Content Creation,Hall 20,H20-143,https://www.ifa-berlin.com/exhibitors/creality,https://drive.ifa-berlin.com/drive/2026/07/_cache/cb2e86857484d3c0224b2a5e6b41322e_7462fd4ba2c87d73f963c15a58a7fdfd.png.webp,https://www.ifa-berlin.com/exhibitors?page=14,390
1904,SKG,China,Beauty Tech & Wellbeing,Hall 12,H12-127,https://www.ifa-berlin.com/exhibitors/skg,https://www.ifa-berlin.com/thumbnail/w500/2025/12/skg_117.webp,https://www.ifa-berlin.com/exhibitors?page=14,391
3049,Say Rose,China,Smart Home,Hall 2.2,H2.2-110,https://www.ifa-berlin.com/exhibitors/weikousi-say-rose,https://drive.ifa-berlin.com/drive/2026/07/_cache/46efdf62d2b9e49242075a5de6cd151a_4b5ff0c533a353fc510b6db2b968c400.png.webp,https://www.ifa-berlin.com/exhibitors?page=14,392
3955,Cybersight Technology,China,IFA Next,Hall 5.2,H5.2-438,https://www.ifa-berlin.com/exhibitors/cybersight-technology,https://www.ifa-berlin.com/img/exhibitors/default.svg,https://www.ifa-berlin.com/exhibitors?page=15,393
2064,Verbatim Gmbh,Germany,Communication & Connectivity,Hall 3.2,H3.2-141,https://www.ifa-berlin.com/exhibitors/verbatim,https://drive.ifa-berlin.com/drive/2025/12/_cache/53dd2f17ebe78e1e6aec4c2ea8a70a4e_5daada5e9557351060ecc537bcc67397.jpg.webp,https://www.ifa-berlin.com/exhibitors?page=15,394
2008,Rivacase,Germany,Communication & Connectivity,Hall 3.2,H3.2-165,https://www.ifa-berlin.com/exhibitors/rivacase,https://www.ifa-berlin.com/img/exhibitors/default.svg,https://www.ifa-berlin.com/exhibitors?page=15,395
2156,LNDU,China,Smart Home,Hall 1.2,H1.2-180,https://www.ifa-berlin.com/exhibitors/lndu,https://drive.ifa-berlin.com/drive/2026/08/_cache/1104c4046caf932275ab627408dfad03_d9e340871c0b7858b8e265d68cb0339e.png.webp,https://www.ifa-berlin.com/exhibitors?page=15,396
2581,ANDASEAT,China,Computing & Gaming,Hall 7.2b,H7.2b-115,https://www.ifa-berlin.com/exhibitors/andaseat,https://drive.ifa-berlin.com/drive/2026/08/_cache/afea69311d90e0f61a563cfac7293c0a_14e7a2f3a41146775b535912eb33aca4.png.webp,https://www.ifa-berlin.com/exhibitors?page=15,397
2284,Knauermann,Malta,Beauty Tech & Wellbeing,Hall 12,H12-135,https://www.ifa-berlin.com/exhibitors/knauermann,https://drive.ifa-berlin.com/drive/2026/08/_cache/eed66cf006a1e78bd62f70f9d64845ba_df4a70b2dc2f1b8fee8c41849669a9fa.png.webp,https://www.ifa-berlin.com/exhibitors?page=15,398
2582,Proscenic,China,Home Appliances,Hall 10.1,H10.1-118,https://www.ifa-berlin.com/exhibitors/proscenic,https://drive.ifa-berlin.com/drive/2026/08/_cache/a5849b64f62e008363ce7d88d3fe0c23_0a7cf1efd1b100a80a564a3ec812334b.jpg.webp,https://www.ifa-berlin.com/exhibitors?page=15,399
1892,BODYFRIEND,South Korea,Beauty Tech & Wellbeing,Hall 12,H12-103,https://www.ifa-berlin.com/exhibitors/bodyfriend,https://drive.ifa-berlin.com/drive/2025/12/_cache/af3bb8721ec258ae8f0cef9d51c350e2_751d86a4e3dde9081ee272dab138662f.png.webp,https://www.ifa-berlin.com/exhibitors?page=15,400
2101,MUSILAB,China,Smart Home,Hall 2.2,H2.2-108,https://www.ifa-berlin.com/exhibitors/musilab,https://www.ifa-berlin.com/img/exhibitors/default.svg,https://www.ifa-berlin.com/exhibitors?page=15,401
1936,Boompods,Hong Kong,Communication & Connectivity,Hall 4.2,H4.2-143,https://www.ifa-berlin.com/exhibitors/boompods,https://www.ifa-berlin.com/thumbnail/w500/2025/12/boompods_26.webp,https://www.ifa-berlin.com/exhibitors?page=15,402
3048,Cowin,China,Audio,Hall 8.2,H8.2-241,https://www.ifa-berlin.com/exhibitors/cowin,https://www.ifa-berlin.com/img/exhibitors/default.svg,https://www.ifa-berlin.com/exhibitors?page=15,403
2182,Anthbot,China,Home Appliances,Hall 11.1,H11.1-117,https://www.ifa-berlin.com/exhibitors/anthbot,https://drive.ifa-berlin.com/drive/2026/08/_cache/0b0bab95591870d296315c2141df6225_5d1d8e286d4222762638b91357fbc17a.png.webp,https://www.ifa-berlin.com/exhibitors?page=15,404
2082,Euhomy,USA,Home Appliances,Hall 8.1,H8.1-105,https://www.ifa-berlin.com/exhibitors/euhomy,https://drive.ifa-berlin.com/drive/2026/07/_cache/20dd4d63df04a6aad41ce24272565540_1a1e83e934f93c9424615b606326662c.jpg.webp,https://www.ifa-berlin.com/exhibitors?page=15,405
2090,ESR,China,Communication & Connectivity,Hall 3.2,H3.2-121,https://www.ifa-berlin.com/exhibitors/esr,https://drive.ifa-berlin.com/drive/2025/12/_cache/62a5b4f67b3ff19b43d707087e242f31_cfddb2ce0a046f0bbb5a120330e76f7f.png.webp,https://www.ifa-berlin.com/exhibitors?page=15,406
2137,Open Home Foundation,Switzerland,Smart Home,Hall 1.2,H1.2-153,https://www.ifa-berlin.com/exhibitors/open-home-foundation,https://drive.ifa-berlin.com/drive/2026/06/_cache/2c4727f6bd25c22ba0c4fbe093b3d3c3_f6b8cffa15abae87008bce966d23b77b.png.webp,https://www.ifa-berlin.com/exhibitors?page=15,407
2628,Nodor Darts,United Kingdom,Beauty Tech & Wellbeing,Hall 15,H15-123,https://www.ifa-berlin.com/exhibitors/nodor-darts,https://www.ifa-berlin.com/thumbnail/w500/2026/06/icons.webp,https://www.ifa-berlin.com/exhibitors?page=15,408
2519,ZILAN DIS TICARET LTD. STI.,Türkiye,Home Appliances,Hall 8.1,H8.1-211,https://www.ifa-berlin.com/exhibitors/zilan,https://www.ifa-berlin.com/img/exhibitors/default.svg,https://www.ifa-berlin.com/exhibitors?page=15,409
3802,505 GAMES S.p.A.,,,Palais,PAF-109,https://www.ifa-berlin.com/exhibitors/505-games,https://www.ifa-berlin.com/img/exhibitors/default.svg,https://www.ifa-berlin.com/exhibitors?page=15,410
3031,Unionaire,Egypt,IFA Global Markets,Hall 26c,H26c-256,https://www.ifa-berlin.com/exhibitors/unionaire,https://drive.ifa-berlin.com/drive/2026/08/_cache/7e01e1fc5d831f3399bde7d426a41e9b_6ebcd31ed5f4be2fa3836a4c03912799.png.webp,https://www.ifa-berlin.com/exhibitors?page=15,411
2396,Magcubic,China,Home & Entertainment,Hall 21,H21-119,https://www.ifa-berlin.com/exhibitors/magcubic,https://drive.ifa-berlin.com/drive/2026/08/_cache/4c7f408c02029f6ed1defdb348753349_68f6df82cb6143195faec7d977bd6e78.png.webp,https://www.ifa-berlin.com/exhibitors?page=15,412
2188,Hametech Technology,China,Smart Home,Hall 2.2,H2.2-130,https://www.ifa-berlin.com/exhibitors/hametech-technology,https://drive.ifa-berlin.com/drive/2026/08/_cache/85e9a4e050c2de7af467392d13ba512a_58a1acc64a9560ec41ad49e798f9c938.png.webp,https://www.ifa-berlin.com/exhibitors?page=15,413
2467,Sellcore Sp z.o.o.,Hong Kong,Computing & Gaming,Hall 7.2a,H7.2a-117 | H7.2a-118,https://www.ifa-berlin.com/exhibitors/sellcore,https://www.ifa-berlin.com/img/exhibitors/default.svg,https://www.ifa-berlin.com/exhibitors?page=15,414
2592,DH Global,South Korea,IFA Next,Hall 5.2,H5.2-402,https://www.ifa-berlin.com/exhibitors/dh-global,https://drive.ifa-berlin.com/drive/2026/07/_cache/1a9e93e74b22385f26e925500dce182e_c730ba8f8276f91056ad9711ace82acd.jpg.webp,https://www.ifa-berlin.com/exhibitors?page=15,415
1875,ALLPOWERS INC,China,Smart Home,Hall 2.2,H2.2-178,https://www.ifa-berlin.com/exhibitors/allpowers,https://www.ifa-berlin.com/thumbnail/w500/2025/12/allpowers_162.webp,https://www.ifa-berlin.com/exhibitors?page=15,416
2242,Strutt,Netherlands,Mobility,CityCube Hall B,CCBB-123,https://www.ifa-berlin.com/exhibitors/strutt,https://drive.ifa-berlin.com/drive/2026/09/_cache/110e6ca58c4f253c1f9487f9b9b0566f_90721a9afa3bdd1592805cab525b3899.png.webp,https://www.ifa-berlin.com/exhibitors?page=15,417
2014,iGulu,China,Smart Home,Hall 1.2,H1.2-134,https://www.ifa-berlin.com/exhibitors/igulu,https://www.ifa-berlin.com/img/exhibitors/default.svg,https://www.ifa-berlin.com/exhibitors?page=15,418
2030,Makera,China,Content Creation,Hall 17,H17-215,https://www.ifa-berlin.com/exhibitors/makera,https://drive.ifa-berlin.com/drive/2025/12/_cache/8966eddc7a4b6586f8d9a5faae3fa599_68347e4ee2f6877430c7a69133507012.png.webp,https://www.ifa-berlin.com/exhibitors?page=15,419
2044,Pipetto Ltd.,United Kingdom,Communication & Connectivity,Hall 5.2,H5.2-157,https://www.ifa-berlin.com/exhibitors/pipetto,https://drive.ifa-berlin.com/drive/2025/12/_cache/62ea3bdec53853379427b17bf7d27846_251b4640f122d2255549e55b4d6c89dd.jpg.webp,https://www.ifa-berlin.com/exhibitors?page=15,420
3984,Hammerspace Inc.,Philippines,IFA Next,Hall 25,H25-359,https://www.ifa-berlin.com/exhibitors/hammerspace,https://drive.ifa-berlin.com/drive/2026/08/_cache/623de4087a1d4d6dc1144938406d26e0_c2b8ac973fb43fa36256ab3c076267d8.png.webp,https://www.ifa-berlin.com/exhibitors?page=16,421
2289,Lumi Legend Corporation,China,Computing & Gaming,Hall 7.2b,H7.2b-109,https://www.ifa-berlin.com/exhibitors/lumi-legend,https://drive.ifa-berlin.com/drive/2026/06/_cache/a722152d67da8a697d77221d76b83eac_ba907c249b66c2a975ad2ca6c3cba699.png.webp,https://www.ifa-berlin.com/exhibitors?page=16,422
1922,Valenta,Netherlands,Communication & Connectivity,Hall 5.2,H5.2-145,https://www.ifa-berlin.com/exhibitors/valenta-europe,https://drive.ifa-berlin.com/drive/2026/08/_cache/26cea9588e497ce760e88242ed486dc0_6f9d10f15ea630643766e7081b108cf9.png.webp,https://www.ifa-berlin.com/exhibitors?page=16,423
1971,EUROM,Netherlands,Smart Home,Hall 1.2,H1.2-213,https://www.ifa-berlin.com/exhibitors/eurom,https://drive.ifa-berlin.com/drive/2026/07/_cache/545c181d2896619c684afa4b2c067f54_333da8b883b02e159ce9e5b9febce611.jpg.webp,https://www.ifa-berlin.com/exhibitors?page=16,424
2088,Aurzen,China,Home & Entertainment,Hall 21,H21-106,https://www.ifa-berlin.com/exhibitors/aurzen,https://drive.ifa-berlin.com/drive/2026/06/_cache/eeb4104476d3cebc330b108bc3f849b8_83dfff299f0415ee695b499245418261.png.webp,https://www.ifa-berlin.com/exhibitors?page=16,425
2271,JSAUX,China,Computing & Gaming,Hall 7.2b,H7.2b-117,https://www.ifa-berlin.com/exhibitors/jsaux,https://drive.ifa-berlin.com/drive/2026/05/_cache/b7d6f4564b02fcdbe803bdcf8733721e_cadbcc43c2d0484ab3fa730d68ccdf89.png.webp,https://www.ifa-berlin.com/exhibitors?page=16,426
2123,Blueo,China,Communication & Connectivity,Hall 3.2,H3.2-113,https://www.ifa-berlin.com/exhibitors/blueo,https://drive.ifa-berlin.com/drive/2026/06/_cache/1aabf100e339a6390fa068a90e2e04c2_3a954789fe4930bfdaf91e5ed28c3c98.png.webp,https://www.ifa-berlin.com/exhibitors?page=16,427
1978,Cuori,China,Home Appliances,Hall 10.1,H10.1-115,https://www.ifa-berlin.com/exhibitors/cuori,https://drive.ifa-berlin.com/drive/2025/12/_cache/922c1ff41f27bf5c1ffa282ffb72daae_1c9c828ca29c941414814c18e1bda5cb.png.webp,https://www.ifa-berlin.com/exhibitors?page=16,428
2198,Winchain Group,Hong Kong,IFA Next,Hall 25,H25-348,https://www.ifa-berlin.com/exhibitors/winchain-group,https://www.ifa-berlin.com/img/exhibitors/default.svg,https://www.ifa-berlin.com/exhibitors?page=16,429
2040,MAZDA,France,Home Appliances,Hall 8.1,H8.1-213,https://www.ifa-berlin.com/exhibitors/mazda,https://www.ifa-berlin.com/img/exhibitors/default.svg,https://www.ifa-berlin.com/exhibitors?page=16,430
3017,xLean,China,Home Appliances,Hall 11.1,H11.1-129,https://www.ifa-berlin.com/exhibitors/xlean,https://drive.ifa-berlin.com/drive/2026/08/_cache/1a63cd4f4e103b96910abba47fca7134_c25891ea5ec556d65434d83b168be1de.png.webp,https://www.ifa-berlin.com/exhibitors?page=16,431
2229,Hotwav,China,Communication & Connectivity,Hall 5.2,H5.2-149,https://www.ifa-berlin.com/exhibitors/hotwav,https://drive.ifa-berlin.com/drive/2026/08/_cache/0ef1c6ce9cf07be8f27d93cefb969709_85adac9c0778c8ec01009d296b3f967f.png.webp,https://www.ifa-berlin.com/exhibitors?page=16,432
2297,QDOS,United Kingdom,Communication & Connectivity,Hall 4.2,H4.2-131,https://www.ifa-berlin.com/exhibitors/qdos,https://www.ifa-berlin.com/thumbnail/w500/2025/12/qdos_160.webp,https://www.ifa-berlin.com/exhibitors?page=16,433
2822,"Gmerit Electric (Ningbo) Co., Ltd.",China,IFA Global Markets,Hall 26a,H26a-695,https://www.ifa-berlin.com/exhibitors/gmerit-electric-ningbo,https://drive.ifa-berlin.com/drive/2025/12/_cache/4d8ad6bc1558cc2cfea3de654e9aad2c_f0299cf978144b38b35c785f640230e4.png.webp,https://www.ifa-berlin.com/exhibitors?page=16,434
1991,Stylies,Switzerland,Home Appliances,Hall 8.1,H8.1-103,https://www.ifa-berlin.com/exhibitors/stylies,https://drive.ifa-berlin.com/drive/2026/06/_cache/80befd7881ce63827ffeb76c99a7043f_e2f3627b79c3439857fc02abcc82dafb.jpg.webp,https://www.ifa-berlin.com/exhibitors?page=16,435
2766,"Zhejiang Oulun Electric Co., Ltd",China,IFA Global Markets,Hall 26a,H26a-605,https://www.ifa-berlin.com/exhibitors/zhejiang-oulun-electric,https://drive.ifa-berlin.com/drive/2026/07/_cache/d00e99c30ceab387761d864a77e92591_4f0e228a60297cbf30dc142c70ab4045.png.webp,https://www.ifa-berlin.com/exhibitors?page=16,436
2100,Ztove Nordic ApS,Denmark,Home Appliances,Hall 3.1,H3.1-105,https://www.ifa-berlin.com/exhibitors/ztove-nordic,https://www.ifa-berlin.com/img/exhibitors/default.svg,https://www.ifa-berlin.com/exhibitors?page=16,437
1894,Wybotics Co Ltd,China,Home Appliances,Hall 11.1,H11.1-103,https://www.ifa-berlin.com/exhibitors/wybotics,https://drive.ifa-berlin.com/drive/2025/12/_cache/1f22b1effaa4d1aa1dee9ee20248df4f_0f4ecfba043eb3ac9ca940ae7f9141fe.png.webp,https://www.ifa-berlin.com/exhibitors?page=16,438
2956,"Jiangsu Yoau Intelligent Technology Co., Ltd",China,IFA Global Markets,Hall 26c,H26c-224,https://www.ifa-berlin.com/exhibitors/jiangsu-yoau-intelligent-technology,https://www.ifa-berlin.com/thumbnail/w500/2025/12/jiangsu_yoau_intelligent_technology_co_ltd_529.webp,https://www.ifa-berlin.com/exhibitors?page=16,439
3831,TikTok,China,Content Creation,Hall 17,H17-220,https://www.ifa-berlin.com/exhibitors/tiktok,https://drive.ifa-berlin.com/drive/2026/08/_cache/00118663d49a584c0eeb941bec119fe2_4da0990fe00972706da8df57505910d3.jpg.webp,https://www.ifa-berlin.com/exhibitors?page=16,440
1973,Epomaker,USA,Computing & Gaming,Hall 6.2,H6.2-106,https://www.ifa-berlin.com/exhibitors/epomaker,https://drive.ifa-berlin.com/drive/2025/12/_cache/5cacc940297728256db9d24e52c40ae6_e96fa75604d76f506a5e9c920d3d75b7.png.webp,https://www.ifa-berlin.com/exhibitors?page=16,441
1873,Avior Handels GmbH,Germany,Communication & Connectivity,Hall 6.2,H6.2-141,https://www.ifa-berlin.com/exhibitors/avior-handels,https://www.ifa-berlin.com/img/exhibitors/default.svg,https://www.ifa-berlin.com/exhibitors?page=16,442
2234,GameSir,China,Computing & Gaming,Hall 6.2,H6.2-103,https://www.ifa-berlin.com/exhibitors/gamesir,https://drive.ifa-berlin.com/drive/2026/06/_cache/608aa59f2e8c239119ff957e7bbb1d5e_3d5bdd1a9b05b2c5bdefb604bfce0c96.png.webp,https://www.ifa-berlin.com/exhibitors?page=16,443
2034,Technoline,Germany,Smart Home,Hall 1.2,H1.2-215,https://www.ifa-berlin.com/exhibitors/technoline,https://drive.ifa-berlin.com/drive/2026/06/_cache/02eee6c82ab5700f2c3cc3dcca25d212_7f89c2c2bd5623f51543b1b00dd9c5c7.png.webp,https://www.ifa-berlin.com/exhibitors?page=16,444
2554,Exertis Supply Chain Services,Ireland,IFA Global Markets,Hall 26c,H26c-104,https://www.ifa-berlin.com/exhibitors/exertis-supply-chain-services,https://drive.ifa-berlin.com/drive/2026/06/_cache/787dc3e407d847459c39492c37ee6d80_fd03f6a54d4076f5308b05b899b351bb.png,https://www.ifa-berlin.com/exhibitors?page=16,445
2470,J5CREATE,Taiwan,Computing & Gaming,Hall 6.2,H6.2-102,https://www.ifa-berlin.com/exhibitors/j5create,https://www.ifa-berlin.com/thumbnail/w500/2025/12/j5create_71.webp,https://www.ifa-berlin.com/exhibitors?page=16,446
2239,BJBJ,China,Audio,Hall 8.2,H8.2-219,https://www.ifa-berlin.com/exhibitors/bjbj,https://drive.ifa-berlin.com/drive/2026/08/_cache/99543415690f653cb373665532b4560f_47867b1d86fa3eca9166348ed31bee47.png.webp,https://www.ifa-berlin.com/exhibitors?page=16,447
2453,MorningBlues,China,Audio,Hall 10.2,H10.2-125,https://www.ifa-berlin.com/exhibitors/morningblues,https://drive.ifa-berlin.com/drive/2026/08/_cache/e7621c8b92fce7b4fd57e412c5260e17_02904f2c8147a28639487f908d670923.png.webp,https://www.ifa-berlin.com/exhibitors?page=16,448
2943,"Noise, Luna",India,Beauty Tech & Wellbeing,Hall 12,H12-131,https://www.ifa-berlin.com/exhibitors/noise-luna,https://www.ifa-berlin.com/img/exhibitors/default.svg,https://www.ifa-berlin.com/exhibitors?page=17,449
2941,Maxgroom,China,Beauty Tech & Wellbeing,Hall 15,H15-143,https://www.ifa-berlin.com/exhibitors/maxgroom,https://drive.ifa-berlin.com/drive/2026/08/_cache/f8696b8c555fe6ac92ee382f52dfada9_e6f318295490abba4de882edbf03a56d.png,https://www.ifa-berlin.com/exhibitors?page=17,450
2346,PETGUGU,Singapore,Smart Home,Hall 2.2,H2.2-172,https://www.ifa-berlin.com/exhibitors/petgugu-technology,https://drive.ifa-berlin.com/drive/2025/12/_cache/087d181c041b5f42a8e38902c505bdc1_73c61985b29f8ef2259ed3246b23a2af.jpg.webp,https://www.ifa-berlin.com/exhibitors?page=17,451
2096,Neakasa,Hong Kong,Smart Home,Hall 2.2,H2.2-116,https://www.ifa-berlin.com/exhibitors/neakasa,https://drive.ifa-berlin.com/drive/2025/12/_cache/8fe9d5bacc08d7dd2ada40b4ab20d734_459c6b67dfd799b7430c45fa1d0ddcf5.png.webp,https://www.ifa-berlin.com/exhibitors?page=17,452
2181,Liene,China,Content Creation,Hall 17,H17-239,https://www.ifa-berlin.com/exhibitors/liene,https://drive.ifa-berlin.com/drive/2026/06/_cache/42ff74bddc7efbdca1b7f230eb3f42df_4aab1c0dc2d61d3376edbdb67f445a2d.png.webp,https://www.ifa-berlin.com/exhibitors?page=17,453
2626,Target Darts,United Kingdom,Beauty Tech & Wellbeing,Hall 15,H15-111,https://www.ifa-berlin.com/exhibitors/target-darts,https://drive.ifa-berlin.com/drive/2025/12/_cache/bd7b8bc759ec0ccbf93b2f69212780c3_f3c6990d67e91ad9c88126f8e318708b.png.webp,https://www.ifa-berlin.com/exhibitors?page=17,454
2223,Pantum,China,Communication & Connectivity,Hall 5.2,H5.2-148,https://www.ifa-berlin.com/exhibitors/pantum,https://drive.ifa-berlin.com/drive/2026/08/_cache/2a2a5960b1203818097d4f82ccd414b0_d32e4915373f05765b521499400773c9.png.webp,https://www.ifa-berlin.com/exhibitors?page=17,455
3968,The Baton,South Korea,IFA Next,Hall 25,H25-305,https://www.ifa-berlin.com/exhibitors/the-baton,https://drive.ifa-berlin.com/drive/2026/08/_cache/5aa434ccd12c6482003c80fe7fd5082f_43b8ebad3440e9f73fa69f6950c49d65.png.webp,https://www.ifa-berlin.com/exhibitors?page=17,456
1957,Orca,Türkiye,Home Appliances,Hall 10.1,H10.1-111,https://www.ifa-berlin.com/exhibitors/orca,https://www.ifa-berlin.com/thumbnail/w500/2025/12/orca_21.webp,https://www.ifa-berlin.com/exhibitors?page=17,457
2025,JMGO,China,Home & Entertainment,Hall 22,H22-141,https://www.ifa-berlin.com/exhibitors/jmgo,https://drive.ifa-berlin.com/drive/2026/07/_cache/4cc2c4a26b1a084fd079890e9924bdbe_ad32e9ed0cdb5b3d199421bb33dcd623.png.webp,https://www.ifa-berlin.com/exhibitors?page=17,458
2148,GS GLORY STAR,China,Audio,Hall 8.2,H8.2-223,https://www.ifa-berlin.com/exhibitors/gs-glory-star,https://drive.ifa-berlin.com/drive/2026/08/_cache/5c778ca6b0913b2677e4fc4def4a39ef_31a696a7d53d54931ee72655d7e56d05.jpg.webp,https://www.ifa-berlin.com/exhibitors?page=17,459
2010,Bugani,China,Audio,Hall 8.2,H8.2-209,https://www.ifa-berlin.com/exhibitors/bugani,https://drive.ifa-berlin.com/drive/2025/12/_cache/d24d5858049821aa22ae66396b28c115_c465c5fcdb6a5d9436eb8175d6de008a.png.webp,https://www.ifa-berlin.com/exhibitors?page=17,460
2074,UREVO,Hong Kong,Beauty Tech & Wellbeing,Hall 12,H12-149,https://www.ifa-berlin.com/exhibitors/urevo,https://drive.ifa-berlin.com/drive/2026/07/_cache/2cf1c21f5b59533c69709ba8e73ef4db_a514eda2290dc94f468e603c213ebd13.png.webp,https://www.ifa-berlin.com/exhibitors?page=17,461
3749,DELL Technologies,,,Palais,PAF-105 | PAF-107,https://www.ifa-berlin.com/exhibitors/dell,https://drive.ifa-berlin.com/drive/2026/08/_cache/655f6d3eb5454002f49a830b20f8871a_9f4bd8e7345d930902bbe6a291a758ca.png.webp,https://www.ifa-berlin.com/exhibitors?page=17,462
3859,EMANTA,China,Smart Home,Hall 1.2,H1.2-136,https://www.ifa-berlin.com/exhibitors/emanta,https://drive.ifa-berlin.com/drive/2026/08/_cache/6df5ba85e1949c1a0d34c4339be94706_5a48ece624be4e46fdf58ccbbb6eecfe.png.webp,https://www.ifa-berlin.com/exhibitors?page=17,463
3975,Avintage SUR MESURE,France,Home Appliances,Hall 3.1,H3.1-104,https://www.ifa-berlin.com/exhibitors/avintage-sur-mesure,https://www.ifa-berlin.com/img/exhibitors/default.svg,https://www.ifa-berlin.com/exhibitors?page=17,464
1923,XingLian Future,Hong Kong,Smart Home,Hall 2.2,H2.2-140,https://www.ifa-berlin.com/exhibitors/xinglian-future,https://www.ifa-berlin.com/img/exhibitors/default.svg,https://www.ifa-berlin.com/exhibitors?page=17,465
2548,Bestherm,France,Home Appliances,Hall 6.1,H6.1-122,https://www.ifa-berlin.com/exhibitors/bestherm,https://drive.ifa-berlin.com/drive/2026/07/_cache/8200d34f4873b78f26504100bd616efc_650198186626a73e116ac6b1f95b7a5d.png.webp,https://www.ifa-berlin.com/exhibitors?page=17,466
3427,Piquadro,Italy,Communication & Connectivity,Hall 3.2,H3.2-149,https://www.ifa-berlin.com/exhibitors/piquadro,https://drive.ifa-berlin.com/drive/2026/07/_cache/9da998e7d1287708def825420e8ccbaf_d5914b980c89c4e407a1fc32cc4a4c39.png.webp,https://www.ifa-berlin.com/exhibitors?page=17,467
2496,Hibrew Company Limited,Hong Kong,Home Appliances,Hall 8.1,H8.1-213,https://www.ifa-berlin.com/exhibitors/hibrew-company,https://www.ifa-berlin.com/img/exhibitors/default.svg,https://www.ifa-berlin.com/exhibitors?page=17,468
1927,Yeelight,China,Smart Home,Hall 1.2,H1.2-122,https://www.ifa-berlin.com/exhibitors/yeelight,https://drive.ifa-berlin.com/drive/2026/06/_cache/3634a78f73059ebe80534e4076f84614_877472e65ea3b408aa1df0c97b07b52d.png.webp,https://www.ifa-berlin.com/exhibitors?page=17,469
3834,Divina Machina,Spain,IFA Next,Hall 5.2,H5.2-506,https://www.ifa-berlin.com/exhibitors/divina-machina,https://drive.ifa-berlin.com/drive/2026/08/_cache/5e4047f7c5444b8c5da3c76439d9b3c6_939d88e9650e982eadf81c87edacdd30.jpeg.webp,https://www.ifa-berlin.com/exhibitors?page=17,470
2043,BOOX,China,Home & Entertainment,Hall 21,H21-103,https://www.ifa-berlin.com/exhibitors/boox,https://drive.ifa-berlin.com/drive/2026/06/_cache/fd94fb0ef69f845a59e9ef356f48c824_9f1a9f1e74d076891a68e4d350119134.png.webp,https://www.ifa-berlin.com/exhibitors?page=17,471
2203,ICE Watch,Belgium,Beauty Tech & Wellbeing,Hall 14,H14-123,https://www.ifa-berlin.com/exhibitors/ice-watch,https://www.ifa-berlin.com/img/exhibitors/default.svg,https://www.ifa-berlin.com/exhibitors?page=17,472
3056,Tooldance,China,Content Creation,Hall 17,H17-205,https://www.ifa-berlin.com/exhibitors/tooldance,https://drive.ifa-berlin.com/drive/2026/07/_cache/aa6a808d6767254b397b92a8bd291cda_85c509ef2c0a1631aacd600615e582b0.png.webp,https://www.ifa-berlin.com/exhibitors?page=17,473
2080,Sonoff,China,Smart Home,Hall 1.2,H1.2-143,https://www.ifa-berlin.com/exhibitors/sonoff,https://drive.ifa-berlin.com/drive/2026/08/_cache/51db3bbb69466b95fa550079f9c74fda_d1d16d3aee27ab473a17a05ec4fe53f6.png.webp,https://www.ifa-berlin.com/exhibitors?page=17,474
2629,Power Genius,China,Smart Home,Hall 2.2,H2.2-193,https://www.ifa-berlin.com/exhibitors/power-genius,https://drive.ifa-berlin.com/drive/2026/06/_cache/10ac871a7ab361424cb2524a9427f6da_024559802cd819f67a165949d759f3c4.jpg.webp,https://www.ifa-berlin.com/exhibitors?page=17,475
2473,FSCREEN,China,Home & Entertainment,Hall 21,H21-113,https://www.ifa-berlin.com/exhibitors/fscreen,https://drive.ifa-berlin.com/drive/2026/07/_cache/fca4476084fd83812b5768f3dcc28bc0_228da22bc2a3038e2163da5f46f7b7a1.png.webp,https://www.ifa-berlin.com/exhibitors?page=17,476
2095,viaim,Singapore,Audio,Hall 8.2,H8.2-225,https://www.ifa-berlin.com/exhibitors/viaim,https://drive.ifa-berlin.com/drive/2026/07/_cache/356547a8ea4542ee39cf4e56efbbd1f8_c153d0c185216c732de0871494e7d9d6.png.webp,https://www.ifa-berlin.com/exhibitors?page=18,477
2238,LONZUER,Hong Kong,Audio,Hall 8.2,H8.2-269,https://www.ifa-berlin.com/exhibitors/lonzuer,https://www.ifa-berlin.com/img/exhibitors/default.svg,https://www.ifa-berlin.com/exhibitors?page=18,478
2806,"Guangzhou DongAo Electrical Co.,Ltd.",China,IFA Global Markets,Hall 26a,H26a-731,https://www.ifa-berlin.com/exhibitors/guangzhou-dongao-electric,https://drive.ifa-berlin.com/drive/2026/08/_cache/971c9a4e3c658feee6d5d70b0169f87e_893b4e4a0731fab92b89f2f5b24a67e8.png,https://www.ifa-berlin.com/exhibitors?page=18,479
2141,SJCAM,China,Content Creation,Hall 20,H20-134,https://www.ifa-berlin.com/exhibitors/sjcam,https://drive.ifa-berlin.com/drive/2026/06/_cache/b32857be000e98b6b16b9dadf99f7e3c_da772d834bf77a8b526398e2437b5e87.png.webp,https://www.ifa-berlin.com/exhibitors?page=18,480
2275,UniX AI,China,IFA Next,Hall 25,H25-345,https://www.ifa-berlin.com/exhibitors/unix-ai,https://drive.ifa-berlin.com/drive/2026/06/_cache/6b587eda82465a65fa83bb6bb39c87c6_2f54d220ee3f02287ffe37f5fb314deb.jpg.webp,https://www.ifa-berlin.com/exhibitors?page=18,481
2446,Bullboat UK Ltd.,United Kingdom,Smart Home,Hall 2.2,H2.2-122,https://www.ifa-berlin.com/exhibitors/bullboat-uk,https://drive.ifa-berlin.com/drive/2026/06/_cache/dc17d840733e309c3470d1f135fb3171_9e4bdf2a9fbae068b8c8082bae7a94ec.png.webp,https://www.ifa-berlin.com/exhibitors?page=18,482
2249,Nutricook,United Arab Emirates,Home Appliances,Hall 8.1,H8.1-118,https://www.ifa-berlin.com/exhibitors/nutricook,https://drive.ifa-berlin.com/drive/2025/12/_cache/b26902c9bc2ea3fab961c8169b6f58cd_711275f8119802e8279778cce0424eca.jpg.webp,https://www.ifa-berlin.com/exhibitors?page=18,483
2079,T&G,China,Audio,Hall 8.2,H8.2-273,https://www.ifa-berlin.com/exhibitors/t-g,https://www.ifa-berlin.com/img/exhibitors/default.svg,https://www.ifa-berlin.com/exhibitors?page=18,484
2671,"Ningbo Kaibo Group Co., Ltd",China,IFA Global Markets,Hall 26a,H26a-585,https://www.ifa-berlin.com/exhibitors/kaibo,https://www.ifa-berlin.com/thumbnail/w500/2025/12/kaibo_2386.webp,https://www.ifa-berlin.com/exhibitors?page=18,485
2228,Dobot Europe GmbH,Germany,IFA Next,Hall 25,H25-151,https://www.ifa-berlin.com/exhibitors/dobot-europe,https://www.ifa-berlin.com/img/exhibitors/default.svg,https://www.ifa-berlin.com/exhibitors?page=18,486
2588,TECH Controllers,Poland,Smart Home,Hall 1.2,H1.2-132,https://www.ifa-berlin.com/exhibitors/tech-controllers,https://drive.ifa-berlin.com/drive/2026/07/_cache/5c3e73b6a0e9a00cdd33dd40d8965215_c9137b3cbccbd5a049ecc82118f3bce6.png.webp,https://www.ifa-berlin.com/exhibitors?page=18,487
3944,Nascent Technologies,Philippines,IFA Next,Hall 25,H25-359,https://www.ifa-berlin.com/exhibitors/nascent-technologies,https://drive.ifa-berlin.com/drive/2026/08/_cache/7daf0a7008ab64918e1f00ee1b61ac54_d5949f45392c3585e8bdf2963afac7c5.png.webp,https://www.ifa-berlin.com/exhibitors?page=18,488
3888,ITSKINS,Denmark,IFA Next,Hall 25,H25-162,https://www.ifa-berlin.com/exhibitors/itskins,https://drive.ifa-berlin.com/drive/2026/08/_cache/9adf9c0882045c874b6b81b069087ef1_1f0217cc798f04df0934624639895258.jpg.webp,https://www.ifa-berlin.com/exhibitors?page=18,489
2312,Adaptics Ltd - Fresco,Ireland,Home Appliances,Hall 6.1,H6.1-113,https://www.ifa-berlin.com/exhibitors/adaptics-fresco,https://www.ifa-berlin.com/img/exhibitors/default.svg,https://www.ifa-berlin.com/exhibitors?page=18,490
2028,Lexar,Hong Kong,Content Creation,Hall 20,H20-101,https://www.ifa-berlin.com/exhibitors/lexar,https://drive.ifa-berlin.com/drive/2025/12/_cache/952d0d799d11f06408290bcca004374b_11cddee5245c7d8b4d48f7bb935c8fc9.png.webp,https://www.ifa-berlin.com/exhibitors?page=18,491
2993,CATLINK,Germany,Smart Home,Hall 2.2,H2.2-170,https://www.ifa-berlin.com/exhibitors/catlink,https://www.ifa-berlin.com/thumbnail/w500/2026/07/CATLINK-LOGO.webp,https://www.ifa-berlin.com/exhibitors?page=18,492
2517,Lofree,China,Computing & Gaming,Hall 7.2a,H7.2a-120,https://www.ifa-berlin.com/exhibitors/lofree,https://drive.ifa-berlin.com/drive/2026/08/_cache/752c633d3419186cf333cbabb616a4d9_8f497c687891e4f305eed9675bf063a4.png.webp,https://www.ifa-berlin.com/exhibitors?page=18,493
2377,Mcdodo,China,Communication & Connectivity,Hall 3.2,H3.2-105,https://www.ifa-berlin.com/exhibitors/mcdodo,https://drive.ifa-berlin.com/drive/2026/06/_cache/5caf59a1430891834f15f6a4a9dd447c_b0fe10de8dd25d30d7c871f96cbc3922.png.webp,https://www.ifa-berlin.com/exhibitors?page=18,494
2549,Hauswirt,China,Home Appliances,Hall 8.1,H8.1-209,https://www.ifa-berlin.com/exhibitors/hauswirt,https://www.ifa-berlin.com/img/exhibitors/default.svg,https://www.ifa-berlin.com/exhibitors?page=18,495
2241,Petsuper Smart Technology,China,Smart Home,Hall 2.2,H2.2-164,https://www.ifa-berlin.com/exhibitors/petsuper-smart-technology,https://drive.ifa-berlin.com/drive/2026/06/_cache/b40e070d4000b402c8589e369c6e76ff_6c64d400e972727d109a8c35e9c4c7d3.png.webp,https://www.ifa-berlin.com/exhibitors?page=18,496
1903,MPM,Poland,Home Appliances,Hall 3.1,H3.1-111,https://www.ifa-berlin.com/exhibitors/mpm,https://drive.ifa-berlin.com/drive/2025/12/_cache/1f7dfeb4f45b4505338e53bebcffc240_5bffb7bf010d44a9279300e3f7d0b668.jpg.webp,https://www.ifa-berlin.com/exhibitors?page=18,497
2371,Creek,China,Beauty Tech & Wellbeing,Hall 12,H12-129,https://www.ifa-berlin.com/exhibitors/creek,https://drive.ifa-berlin.com/drive/2026/08/_cache/8e5049df5c9a44cd905d62c00f29a771_259c50808f28fd36c3aadfa993ed36f3.png.webp,https://www.ifa-berlin.com/exhibitors?page=18,498
2504,YUEDA,China,Home Appliances,Hall 10.1,H10.1-101,https://www.ifa-berlin.com/exhibitors/yueda,https://drive.ifa-berlin.com/drive/2026/08/_cache/229d80f822669369a9f277fa08a40c58_861970d1899ecafd97c12cb68e007708.png.webp,https://www.ifa-berlin.com/exhibitors?page=18,499
1872,KSIX,Spain,Communication & Connectivity,Hall 3.2,H3.2-145,https://www.ifa-berlin.com/exhibitors/ksix,https://drive.ifa-berlin.com/drive/2025/12/_cache/29b8eabf9ef71e17b6b03bb218085e9a_54edec72a1178e7d3fc036a04f23af69.png.webp,https://www.ifa-berlin.com/exhibitors?page=18,500
2940,Urban Glide,France,Mobility,CityCube Hall B,CCBB-140,https://www.ifa-berlin.com/exhibitors/urban-glide,https://drive.ifa-berlin.com/drive/2026/06/_cache/08d936541fa04b4ab46239e47cf4218e_9497b808889cda08b96d429ace1bb176.png.webp,https://www.ifa-berlin.com/exhibitors?page=18,501
2494,"Riding Robot Tech Co., Ltd.",China,Mobility,CityCube Hall B,CCBB-132,https://www.ifa-berlin.com/exhibitors/riding-robot-tech,https://drive.ifa-berlin.com/drive/2026/06/_cache/9839eac63a9aa491cbbee79c743df0c2_61512cf55b85decb7b392210b8816d1d.png.webp,https://www.ifa-berlin.com/exhibitors?page=18,502
2013,"Hunan Yanhe Intelligent Technology Co., Ltd",China,Smart Home,Hall 2.2,H2.2-142,https://www.ifa-berlin.com/exhibitors/hunan-yanhe-intelligent-technology,https://drive.ifa-berlin.com/drive/2026/09/_cache/795ba8d2a9117723e0fe667db3366d0d_c82624312945746a1038fbe379d960e5.png.webp,https://www.ifa-berlin.com/exhibitors?page=18,503
2187,QCY,Hong Kong,Audio,Hall 8.2,H8.2-237,https://www.ifa-berlin.com/exhibitors/qcy,https://www.ifa-berlin.com/img/exhibitors/default.svg,https://www.ifa-berlin.com/exhibitors?page=18,504
1980,Yueli,China,Beauty Tech & Wellbeing,Hall 14,H14-119,https://www.ifa-berlin.com/exhibitors/yueli,https://drive.ifa-berlin.com/drive/2026/09/_cache/9fc2dee638b667e1e131d81e6e336d18_6fbb4467cca035c6d8fd8fed7eb09a76.png.webp,https://www.ifa-berlin.com/exhibitors?page=19,505
2937,"SHENZHEN SUNWAY WINE ACCESSORY CO., LTD.",China,IFA Global Markets,Hall 26a,H26a-677,https://www.ifa-berlin.com/exhibitors/shenzhen-sunway-wine-accessory,https://drive.ifa-berlin.com/drive/2026/08/_cache/272ccac0efdcca0891d37a1a41f2cbeb_c53bf652df53f79fbd8411ddcb82e514.png.webp,https://www.ifa-berlin.com/exhibitors?page=19,506
2134,AOHi,Türkiye,Communication & Connectivity,Hall 4.2,H4.2-139,https://www.ifa-berlin.com/exhibitors/aohi,https://drive.ifa-berlin.com/drive/2026/07/_cache/353ee61317d62bcfe4f5d973f9a1a089_68500cbfd710c4197c31c0589e1dc42a.png.webp,https://www.ifa-berlin.com/exhibitors?page=19,507
3663,AMD,USA,Computing & Gaming,CityCube Hall B,CCBB-200,https://www.ifa-berlin.com/exhibitors/amd,https://drive.ifa-berlin.com/drive/2025/08/_cache/caa5012718fc8497d5ae8f432e059651_dac2dc6dfcee5c32e52bb111babfe006.png.webp,https://www.ifa-berlin.com/exhibitors?page=19,508
2468,Dahua Technology,China,Smart Home,Hall 1.2,H1.2-173,https://www.ifa-berlin.com/exhibitors/dahua-security,https://www.ifa-berlin.com/img/exhibitors/default.svg,https://www.ifa-berlin.com/exhibitors?page=19,509
1829,Dolby,Germany,,,,https://www.ifa-berlin.com/exhibitors/dolby,https://drive.ifa-berlin.com/drive/2025/08/_cache/ed0de8f9aad1a74c6ea1b558838a8c74_7ce18e7830275846a695da82fb55dbbc.png.webp,https://www.ifa-berlin.com/exhibitors?page=19,510
2248,Meetion,China,Computing & Gaming,Hall 7.2b,H7.2b-124,https://www.ifa-berlin.com/exhibitors/meetion,https://www.ifa-berlin.com/thumbnail/w500/2025/12/meetion_206.webp,https://www.ifa-berlin.com/exhibitors?page=19,511
1810,Wesdar,China,Audio,Hall 8.2,H8.2-267,https://www.ifa-berlin.com/exhibitors/wesdar,https://drive.ifa-berlin.com/drive/2026/08/_cache/c7a04b6fab45b55cf4898a3c20d41e2f_1078fcd8ac7c5732c35ebf446b1df5f8.png.webp,https://www.ifa-berlin.com/exhibitors?page=19,512
2338,HEIMAN,China,Smart Home,Hall 1.2,H1.2-183,https://www.ifa-berlin.com/exhibitors/heiman,https://drive.ifa-berlin.com/drive/2026/07/_cache/5856ad10dc2ae1a8cfc28b2f631ca72b_32808214e190114f5879573475e2fd07.png.webp,https://www.ifa-berlin.com/exhibitors?page=19,513
2235,"Keenon Robotics Co., Ltd",China,Home Appliances,Hall 11.1,H11.1-135,https://www.ifa-berlin.com/exhibitors/keenon-robotics,https://drive.ifa-berlin.com/drive/2026/04/_cache/19b86bb89faad0b211ef31cdeeb13835_a9fdca5c1c97051014d419e56675fd8a.jpeg.webp,https://www.ifa-berlin.com/exhibitors?page=19,514
1906,Arda (Zhejiang) Electric Co. Ltd.,China,Home Appliances,Hall 7.1c,H7.1c-103,https://www.ifa-berlin.com/exhibitors/arda-zhejiang-electric,https://www.ifa-berlin.com/img/exhibitors/default.svg,https://www.ifa-berlin.com/exhibitors?page=19,515
1816,"Suzhou Dibea Electrical Technology Co., Ltd",China,Home Appliances,Hall 10.1,H10.1-117,https://www.ifa-berlin.com/exhibitors/suzhou-dibea-electrical-technology,https://www.ifa-berlin.com/img/exhibitors/default.svg,https://www.ifa-berlin.com/exhibitors?page=19,516
2450,EngineAI Robotics Technology,China,IFA Next,Hall 25,H25-349,https://www.ifa-berlin.com/exhibitors/engineai-robotics-technology,https://drive.ifa-berlin.com/drive/2026/08/_cache/7628e60ae2b438dee679d5c208d907b1_eef6cfeec50468087b23a063559b3c71.png.webp,https://www.ifa-berlin.com/exhibitors?page=19,517
2888,JUANCOULD,China,Smart Home,Hall 1.2,H1.2-136,https://www.ifa-berlin.com/exhibitors/juancould,https://www.ifa-berlin.com/img/exhibitors/default.svg,https://www.ifa-berlin.com/exhibitors?page=19,518
2376,Unibono,Germany,Beauty Tech & Wellbeing,Hall 14,H14-125,https://www.ifa-berlin.com/exhibitors/unibono,https://www.ifa-berlin.com/img/exhibitors/default.svg,https://www.ifa-berlin.com/exhibitors?page=19,519
2205,Hypershell,China,Beauty Tech & Wellbeing,Hall 12,H12-119,https://www.ifa-berlin.com/exhibitors/hypershell,https://drive.ifa-berlin.com/drive/2025/12/_cache/ab5c25b6796ae7281733bd100bd811ed_33a8874ecfb1e6f98dee77f5b2198aea.png.webp,https://www.ifa-berlin.com/exhibitors?page=19,520
2408,fitwithu,China,Audio,Hall 8.2,H8.2-233,https://www.ifa-berlin.com/exhibitors/fitwithu,https://drive.ifa-berlin.com/drive/2026/08/_cache/7058f8e86b58811563052a3bb1e5d05a_b10eb4a7eb2635cab489a606746c2cf2.png.webp,https://www.ifa-berlin.com/exhibitors?page=19,521
1999,GlocalMe,Singapore,Communication & Connectivity,Hall 3.2,H3.2-143,https://www.ifa-berlin.com/exhibitors/glocalme,https://drive.ifa-berlin.com/drive/2025/12/_cache/3481ae1712dbc3ce21d3b6cabfb074df_52f166beab1fab07422571c5896b3ce4.png.webp,https://www.ifa-berlin.com/exhibitors?page=19,522
3192,Qualcomm,USA,Home & Entertainment,Hall 22 | Hub 27,H22-116 | H27-Gamma 4,https://www.ifa-berlin.com/exhibitors/qualcomm,https://www.ifa-berlin.com/img/exhibitors/default.svg,https://www.ifa-berlin.com/exhibitors?page=19,523
3909,Beafon,Portugal,Communication & Connectivity,Hall 3.2,H3.2-167,https://www.ifa-berlin.com/exhibitors/beafon,https://www.ifa-berlin.com/img/exhibitors/default.svg,https://www.ifa-berlin.com/exhibitors?page=19,524
2173,ubisys technologies GmbH,Germany,Smart Home,Hall 1.2,H1.2-112,https://www.ifa-berlin.com/exhibitors/ubisys-tech,https://www.ifa-berlin.com/img/exhibitors/default.svg,https://www.ifa-berlin.com/exhibitors?page=19,525
2224,MELICONI,Italy,Home Appliances,Hall 3.1,H3.1-106,https://www.ifa-berlin.com/exhibitors/meliconi,https://drive.ifa-berlin.com/drive/2026/08/_cache/e759bb0f9c61c0fb7cd57ad14d084fc1_de020239d29ffe313cce5b83102b8959.png.webp,https://www.ifa-berlin.com/exhibitors?page=19,526
2449,Bellroy,Australia,Communication & Connectivity,Hall 5.2,H5.2-189,https://www.ifa-berlin.com/exhibitors/bellroy,https://drive.ifa-berlin.com/drive/2026/07/_cache/2ca51aad69f52727185d2a3805e99a48_f0dbdd05bef2ebe853dde8eba6dddc91.png.webp,https://www.ifa-berlin.com/exhibitors?page=19,527
2537,Vanward,China,Home Appliances,Hall 10.1,H10.1-129,https://www.ifa-berlin.com/exhibitors/vanward,https://drive.ifa-berlin.com/drive/2026/08/_cache/fbcea4091c9fcf8c94e8e612cc091707_f43d1594809895939f0c2631bc5c1b90.png.webp,https://www.ifa-berlin.com/exhibitors?page=19,528
2005,Food Cycle Science Co.,Canada,Home Appliances,Hall 8.1,H8.1-220,https://www.ifa-berlin.com/exhibitors/food-cycle-science-co,https://drive.ifa-berlin.com/drive/2025/12/_cache/a1db5356cae2c0aa6ffdbd1bdf69d14b_23624a0943f0992aba20708ecc080b91.png.webp,https://www.ifa-berlin.com/exhibitors?page=19,529
2089,Nouvel,Switzerland,Home Appliances,Hall 6.1,H6.1-112,https://www.ifa-berlin.com/exhibitors/nouvel,https://www.ifa-berlin.com/img/exhibitors/default.svg,https://www.ifa-berlin.com/exhibitors?page=19,530
1967,VEGER,USA,Communication & Connectivity,Hall 4.2,H4.2-111,https://www.ifa-berlin.com/exhibitors/veger-europe,https://drive.ifa-berlin.com/drive/2025/12/_cache/4d06c580b802edd76fb48fdde748e76e_f66f5148f2fa711f7d1faef6356c3f93.jpg.webp,https://www.ifa-berlin.com/exhibitors?page=19,531
3833,dé,Hong Kong,Mobility,CityCube Hall B,CCBB-124,https://www.ifa-berlin.com/exhibitors/de,https://drive.ifa-berlin.com/drive/2026/08/_cache/26c1b1d234f5c0374d55c206286072ed_0de1fdc678f3ad24ee2947220cb3f69b.png.webp,https://www.ifa-berlin.com/exhibitors?page=19,532
2094,Reolink,Hong Kong,Smart Home,Hall 1.2,H1.2-181,https://www.ifa-berlin.com/exhibitors/reolink,https://www.ifa-berlin.com/thumbnail/w500/2025/12/reolink_75.webp,https://www.ifa-berlin.com/exhibitors?page=20,533
1995,Esco,Türkiye,Home Appliances,Hall 7.1c,H7.1c-105,https://www.ifa-berlin.com/exhibitors/esco,https://drive.ifa-berlin.com/drive/2025/12/_cache/bbc3801a28fc6fff96155b1e8d23983c_a60c785bc452c17ad54c934ecd4c34f1.jpg.webp,https://www.ifa-berlin.com/exhibitors?page=20,534
3518,Zilla,Singapore,Home Appliances,Hall 11.1,H11.1-140,https://www.ifa-berlin.com/exhibitors/zilla,https://drive.ifa-berlin.com/drive/2026/08/_cache/a6735476f14a4dcf1f8553d8975a113e_e133eb218bef15e201d6b57555d41276.png.webp,https://www.ifa-berlin.com/exhibitors?page=20,535
2277,Cozyla,USA,Home & Entertainment,Hall 21,H21-102,https://www.ifa-berlin.com/exhibitors/cozyla,https://drive.ifa-berlin.com/drive/2026/06/_cache/e1f7779aea88e0143e383d85f1d095af_3248fafa0486f3e1869882a7063ed429.png.webp,https://www.ifa-berlin.com/exhibitors?page=20,536
3734,Rapoo,Germany,Computing & Gaming,Hall 5.2,H5.2-313,https://www.ifa-berlin.com/exhibitors/rapoo,https://www.ifa-berlin.com/img/exhibitors/default.svg,https://www.ifa-berlin.com/exhibitors?page=20,537
3377,"Leisuresun - Jiangmenshi Liansheng Wujindianqi Co., Ltd.",China,Home Appliances,Hall 8.2,H8.2-257,https://www.ifa-berlin.com/exhibitors/leisuresun,https://drive.ifa-berlin.com/drive/2026/07/_cache/5b1126a752de17384b49b51e957a899d_b38790ec75353187e6b7340e42249a84.png.webp,https://www.ifa-berlin.com/exhibitors?page=20,538
2129,Repartly GmbH,Germany,IFA Next,Hall 25,H25-357,https://www.ifa-berlin.com/exhibitors/repartly,https://drive.ifa-berlin.com/drive/2026/07/_cache/efdaa59c08cfdc5ec0ed16be1dbcea00_e4d1ab090ce75ada8fd339b28e1132c8.png.webp,https://www.ifa-berlin.com/exhibitors?page=20,539
2512,2Service,Netherlands,Communication & Connectivity,Hall 5.2,H5.2-191,https://www.ifa-berlin.com/exhibitors/2service,https://drive.ifa-berlin.com/drive/2025/12/_cache/c3e15d4f254a1bdb3a17405e3e4951cc_0a82c1f953d0a872a9581f6695b84719.png.webp,https://www.ifa-berlin.com/exhibitors?page=20,540
1984,Momax Smart,Hong Kong,Smart Home,Hall 2.2,H2.2-174,https://www.ifa-berlin.com/exhibitors/momax-smart,https://drive.ifa-berlin.com/drive/2026/08/_cache/87024cce14d205613154076668a55771_10e35f12af26cc0c466adf0e6329ea14.png.webp,https://www.ifa-berlin.com/exhibitors?page=20,541
2259,BOE Sports,China,Mobility,CityCube Hall B,CCBB-125,https://www.ifa-berlin.com/exhibitors/boe-sports,https://drive.ifa-berlin.com/drive/2026/09/_cache/57055b71fa8603bdbc795120a521ae49_73ea96e7aca4c5d28f74e43a0604c73d.png.webp,https://www.ifa-berlin.com/exhibitors?page=20,542
3023,"SHENZHEN ORICO IMPORT & EXPORT TRADING CO., LTD",China,Computing & Gaming,Hall 7.2a,H7.2a-108,https://www.ifa-berlin.com/exhibitors/shenzhen-orico-import-export-trading,https://drive.ifa-berlin.com/drive/2026/07/_cache/6cdc58555277511d7c5e32b39ecae3e0_7271291410f9154beef9c22c379c04a4.png.webp,https://www.ifa-berlin.com/exhibitors?page=20,543
3043,AOMAIS,China,Audio,Hall 8.2,H8.2-235,https://www.ifa-berlin.com/exhibitors/aomais,https://drive.ifa-berlin.com/drive/2026/07/_cache/81a86206cdcac6d91d5d932553e2fe59_336adb7ebe735f7d70d773d2911f49fd.jpg.webp,https://www.ifa-berlin.com/exhibitors?page=20,544
2462,Wiggo,Netherlands,Home Appliances,Hall 7.1c,H7.1c-101,https://www.ifa-berlin.com/exhibitors/wiggo,https://www.ifa-berlin.com/img/exhibitors/default.svg,https://www.ifa-berlin.com/exhibitors?page=20,545
2577,MULANTAN Sp Zo.o,Poland,IFA Global Markets,Hall 26c,H26c-294,https://www.ifa-berlin.com/exhibitors/mulantan,https://drive.ifa-berlin.com/drive/2026/06/_cache/65b04fd9cbc077a999cbc954feec3fec_0bc183cbf6319b99020540c902b5c505.png.webp,https://www.ifa-berlin.com/exhibitors?page=20,546
2929,"Suzhou Ribno Electric Appliance Co., Ltd.",China,IFA Global Markets,Hall 26a,H26a-643,https://www.ifa-berlin.com/exhibitors/suzhou-ribno-electric-appliance,https://drive.ifa-berlin.com/drive/2026/08/_cache/2e6f4ea0c16b8fc71d50baa5e571c28e_d967c662dbb315d0d4d55aca85ca47a6.png.webp,https://www.ifa-berlin.com/exhibitors?page=20,547
1965,Havit,China,Communication & Connectivity,Hall 4.2,H4.2-103,https://www.ifa-berlin.com/exhibitors/havit,https://www.ifa-berlin.com/img/exhibitors/default.svg,https://www.ifa-berlin.com/exhibitors?page=20,548
2150,Tura Scandinavia AB,Sweden,Communication & Connectivity,Hall 5.2,H5.2-219,https://www.ifa-berlin.com/exhibitors/tura-scandinavia,https://www.ifa-berlin.com/img/exhibitors/default.svg,https://www.ifa-berlin.com/exhibitors?page=20,549
2266,Procolored,USA,Content Creation,Hall 17,H17-249,https://www.ifa-berlin.com/exhibitors/procolored,https://drive.ifa-berlin.com/drive/2026/06/_cache/215925952759bd26d4f01b6fe6630d43_8ac1e4ce8dbc8ad87cc581ed224e9e5b.png.webp,https://www.ifa-berlin.com/exhibitors?page=20,550
2350,SainSmart,USA,Content Creation,Hall 17,H17-189,https://www.ifa-berlin.com/exhibitors/sainsmart,https://drive.ifa-berlin.com/drive/2026/07/_cache/ee59fbb5cb85934c6f0f7f0ede67ad43_731f91d3d1a4e44f6a1a67d8be063e2e.png.webp,https://www.ifa-berlin.com/exhibitors?page=20,551
2037,Kadeer,China,Smart Home,Hall 1.2,H1.2-206,https://www.ifa-berlin.com/exhibitors/kadeer,https://www.ifa-berlin.com/img/exhibitors/default.svg,https://www.ifa-berlin.com/exhibitors?page=20,552
2066,Status Innovations,Slovenia,Home Appliances,Hall 8.1,H8.1-110,https://www.ifa-berlin.com/exhibitors/status-innovations,https://www.ifa-berlin.com/thumbnail/w500/2025/12/status_innovations_457.webp,https://www.ifa-berlin.com/exhibitors?page=20,553
1987,Epico,Czechia,Communication & Connectivity,Hall 3.2,H3.2-119,https://www.ifa-berlin.com/exhibitors/epico,https://drive.ifa-berlin.com/drive/2026/06/_cache/7cc3f1ce22ca85cf6b742ff572f7e18d_6712dd744f7fe393746900d7899dd2e4.png.webp,https://www.ifa-berlin.com/exhibitors?page=20,554
1938,4Everyware B.V.,Netherlands,Home Appliances,Hall 8.1,H8.1-207,https://www.ifa-berlin.com/exhibitors/4everyware,https://www.ifa-berlin.com/thumbnail/w500/2025/12/4everyware_b_v_1785.webp,https://www.ifa-berlin.com/exhibitors?page=20,555
1895,HONGKONG NOHON INTERNATIONAL LIMITED,Germany,Communication & Connectivity,Hall 7.2c,H7.2c-189,https://www.ifa-berlin.com/exhibitors/hongkong-nohon-international,https://www.ifa-berlin.com/img/exhibitors/default.svg,https://www.ifa-berlin.com/exhibitors?page=20,556
1820,SafeAI,South Korea,,,,https://www.ifa-berlin.com/exhibitors/safeai,https://www.ifa-berlin.com/img/exhibitors/default.svg,https://www.ifa-berlin.com/exhibitors?page=20,557
2466,"HTQ Technology Co., Ltd",China,Smart Home,Hall 2.2,H2.2-148,https://www.ifa-berlin.com/exhibitors/htq-technology,https://www.ifa-berlin.com/img/exhibitors/default.svg,https://www.ifa-berlin.com/exhibitors?page=20,558
1882,"HUIZHOU FREE DYNAMICS INTELLIGENT TECHNOLOGY CO., LTD.",China,Smart Home,Hall 1.2,H1.2-217,https://www.ifa-berlin.com/exhibitors/huizhou-free-dynamics-intelligent-technology,https://www.ifa-berlin.com/img/exhibitors/default.svg,https://www.ifa-berlin.com/exhibitors?page=20,559
1932,Rodri Plastics,Netherlands,Home Appliances,Hall 8.1,H8.1-212,https://www.ifa-berlin.com/exhibitors/rodri-plastics,https://drive.ifa-berlin.com/drive/2026/05/_cache/6fa77e75ee1fb86b900e11049f5ecfe7_f7f72137aa2f6f8aeeb3b19a4c0c62b0.png.webp,https://www.ifa-berlin.com/exhibitors?page=20,560
2176,"BroadLink (Hangzhou) Technology Co., Ltd.",China,Smart Home,Hall 1.2,H1.2-172,https://www.ifa-berlin.com/exhibitors/broadlink-hangzhou-technology,https://drive.ifa-berlin.com/drive/2026/06/_cache/21c2727263e680b0695b3623ace88c2d_b446fc91db2e6a5e6370488d87dc9709.jpg.webp,https://www.ifa-berlin.com/exhibitors?page=21,561
2873,DNSYS,China,Beauty Tech & Wellbeing,Hall 15,H15-105,https://www.ifa-berlin.com/exhibitors/dnsys,https://drive.ifa-berlin.com/drive/2026/08/_cache/62edbd2c14469b74cfd72fecddc4cc9a_0e2da296ff6164dd980d05de54a0d152.png.webp,https://www.ifa-berlin.com/exhibitors?page=21,562
2534,Next,Türkiye,Home & Entertainment,Hall 21,H21-104,https://www.ifa-berlin.com/exhibitors/next,https://www.ifa-berlin.com/img/exhibitors/default.svg,https://www.ifa-berlin.com/exhibitors?page=21,563
3199,Bear,China,Home Appliances,Hall 8.1,H8.1-101,https://www.ifa-berlin.com/exhibitors/bear,https://drive.ifa-berlin.com/drive/2026/07/_cache/410dc07666fb67324eab82cdb02eff41_018a60efc99627440100113d3d1d4feb.png.webp,https://www.ifa-berlin.com/exhibitors?page=21,564
1897,Fiesta,Türkiye,Home Appliances,Hall 10.1,H10.1-119,https://www.ifa-berlin.com/exhibitors/fiesta,https://drive.ifa-berlin.com/drive/2026/07/_cache/5312ca422b96eb41e4f40e0e620c7121_41269ae5e8d5102eb7598338029a3417.jpg.webp,https://www.ifa-berlin.com/exhibitors?page=21,565
3879,Safecar,South Korea,IFA Next,Hall 25,H25-339,https://www.ifa-berlin.com/exhibitors/safecar,https://drive.ifa-berlin.com/drive/2026/08/_cache/5ce4b6f5a6d5aa8823c9192761b668cb_ab68105caa6efc55e64767356179f6f5.png,https://www.ifa-berlin.com/exhibitors?page=21,566
2062,MelGeek,China,Computing & Gaming,Hall 7.2b,H7.2b-102,https://www.ifa-berlin.com/exhibitors/melgeek,https://drive.ifa-berlin.com/drive/2026/08/_cache/3dc426f408db3c693f2e2f691a88eafc_eb67090c4cc9b7d55f3af7c555daa606.jpg.webp,https://www.ifa-berlin.com/exhibitors?page=21,567
3430,Veho,United Kingdom,Audio,Hall 10.2,H10.2-128,https://www.ifa-berlin.com/exhibitors/veho,https://drive.ifa-berlin.com/drive/2026/07/_cache/522bd41f61700b207760308d45296603_513e044e27933f6e65559668a6aaaff6.png.webp,https://www.ifa-berlin.com/exhibitors?page=21,568
2133,"Shenzhen Ricomm Technology Co., Ltd",China,Communication & Connectivity,Hall 3.2,H3.2-135,https://www.ifa-berlin.com/exhibitors/shenzhen-ricomm-technology,https://www.ifa-berlin.com/thumbnail/w500/2025/12/shenzhen_ricomm_technology_co_ltd_112.webp,https://www.ifa-berlin.com/exhibitors?page=21,569
2003,Fantom,Türkiye,Home Appliances,Hall 8.1,H8.1-201,https://www.ifa-berlin.com/exhibitors/fantom,https://drive.ifa-berlin.com/drive/2026/08/_cache/16b47e6cc27b304da7a954258132ba8a_2b03b71f8ed52a11635f395bd91102b6.jpg.webp,https://www.ifa-berlin.com/exhibitors?page=21,570
2022,Meaco,United Kingdom,Home Appliances,Hall 8.1,H8.1-113,https://www.ifa-berlin.com/exhibitors/meaco-meacodry-meacocool-meacofan-meacoclean,https://drive.ifa-berlin.com/drive/2025/12/_cache/6961b1a62243ca3b3ea063a7a0bdf53d_3fbab5b7efc65f594eb3c6f27b011c56.png.webp,https://www.ifa-berlin.com/exhibitors?page=21,571
2378,Edifier,Hong Kong,Audio,Hall 10.2,H10.2-121,https://www.ifa-berlin.com/exhibitors/edifier,https://drive.ifa-berlin.com/drive/2026/07/_cache/9fe45240d2760023bbd7c097af916624_5a2d344780958574edd1549a70548505.png.webp,https://www.ifa-berlin.com/exhibitors?page=21,572
2352,NBD,China,Content Creation,Hall 17,H17-225,https://www.ifa-berlin.com/exhibitors/nbd,https://drive.ifa-berlin.com/drive/2026/07/_cache/80cbddd2001581fec8e33a65160dd7cb_f4d449abe4cad6afad2517f5b7745e49.png.webp,https://www.ifa-berlin.com/exhibitors?page=21,573
2058,Minis Forum,China,Computing & Gaming,Hall 6.2,H6.2-104,https://www.ifa-berlin.com/exhibitors/minis-forum,https://drive.ifa-berlin.com/drive/2026/08/_cache/885ed503adf1e8cfa9fc8e6d5d668172_c52679cb46923ce8e5aa8b2c6da6e9a0.png.webp,https://www.ifa-berlin.com/exhibitors?page=21,574
2222,"Hangzhou Lexiu Electronic Technology Co.,Ltd",China,Beauty Tech & Wellbeing,Hall 12,H12-145,https://www.ifa-berlin.com/exhibitors/zhibai,https://www.ifa-berlin.com/img/exhibitors/default.svg,https://www.ifa-berlin.com/exhibitors?page=21,575
2427,SWANCOR ADVANCED MATERIALS,China,IFA Next,Hall 25,H25-150,https://www.ifa-berlin.com/exhibitors/swancor-advanced-materials,https://drive.ifa-berlin.com/drive/2026/07/_cache/af038730ec2eb4e75a66ec6df7d725ec_7a2c48f406c449e4ec88cb773768608d.jpeg.webp,https://www.ifa-berlin.com/exhibitors?page=21,576
3145,Booster,China,Beauty Tech & Wellbeing,Hall 15,H15-145,https://www.ifa-berlin.com/exhibitors/booster,https://www.ifa-berlin.com/img/exhibitors/default.svg,https://www.ifa-berlin.com/exhibitors?page=21,577
3768,SIMGOT,China,Audio,Hall 8.2,H8.2-291,https://www.ifa-berlin.com/exhibitors/simgot,https://www.ifa-berlin.com/img/exhibitors/default.svg,https://www.ifa-berlin.com/exhibitors?page=21,578
2436,Schneider,France,Home Appliances,Hall 3.1,H3.1-110,https://www.ifa-berlin.com/exhibitors/schneider,https://drive.ifa-berlin.com/drive/2025/12/_cache/70f299e3b78563f2b54791757b0125bb_61182a901f6309ab79f8f20b13cefe41.png.webp,https://www.ifa-berlin.com/exhibitors?page=21,579
3432,"Shenzhen Typhur Technology Co., Ltd",China,Home Appliances,Hall 8.1,H8.1-106,https://www.ifa-berlin.com/exhibitors/shenzhen-typhur-technology,https://www.ifa-berlin.com/img/exhibitors/default.svg,https://www.ifa-berlin.com/exhibitors?page=21,580
3521,ZEALOT,China,Audio,Hall 8.2,H8.2-203,https://www.ifa-berlin.com/exhibitors/zealot,https://drive.ifa-berlin.com/drive/2026/07/_cache/7fd7f105679f011aea621e12abbbdb75_1f2c66f38bf6fe9e63b6cb94e83a506b.jpg.webp,https://www.ifa-berlin.com/exhibitors?page=21,581
2411,Keephone,China,Communication & Connectivity,Hall 5.2,H5.2-215,https://www.ifa-berlin.com/exhibitors/keephone,https://drive.ifa-berlin.com/drive/2026/07/_cache/8e5bd08bfc767992579cd69cce8d566f_62e1e74f409eea105ddbaefe2076c0f1.jpg.webp,https://www.ifa-berlin.com/exhibitors?page=21,582
3583,Ultrahuman,India,Beauty Tech & Wellbeing,Hall 15,H15-147,https://www.ifa-berlin.com/exhibitors/ultrahuman,https://www.ifa-berlin.com/thumbnail/w500/2026/07/vertical-stack-black.svg,https://www.ifa-berlin.com/exhibitors?page=21,583
2332,CE LINK,China,Smart Home,Hall 2.2,H2.2-121,https://www.ifa-berlin.com/exhibitors/ce-link,https://drive.ifa-berlin.com/drive/2026/07/_cache/5ebddafc177c5182b40acc74ed9e3d06_8a18ee7acdd0f16be7931b203d874698.png.webp,https://www.ifa-berlin.com/exhibitors?page=21,584
2508,AEEZO,China,Smart Home,Hall 1.2,H1.2-187,https://www.ifa-berlin.com/exhibitors/aeezo,https://drive.ifa-berlin.com/drive/2026/06/_cache/eca6783b6208b4caab2d37648b4c716e_ab12561cfcb6c39997af5c210ca340ec.jpg.webp,https://www.ifa-berlin.com/exhibitors?page=21,585
3146,Klinsmann,China,Home Appliances,Hall 11.1,H11.1-138,https://www.ifa-berlin.com/exhibitors/klinsmann,https://drive.ifa-berlin.com/drive/2026/08/_cache/24fb6f1fc84af56efd1d4d2d2043d7a2_2c04e3dffe91a1fae50b0821402cc17a.png.webp,https://www.ifa-berlin.com/exhibitors?page=21,586
2152,sanag,China,Audio,Hall 8.2,H8.2-263,https://www.ifa-berlin.com/exhibitors/sanag,https://drive.ifa-berlin.com/drive/2026/08/_cache/5ce4e4c2bb775a03cd59a1dab0b80b28_782501192bb139ff5c8dc2d82ad3424f.png.webp,https://www.ifa-berlin.com/exhibitors?page=21,587
2128,"Shenzhen LAGENIO Technology Co.,Limited",China,Communication & Connectivity,Hall 3.2,H3.2-123,https://www.ifa-berlin.com/exhibitors/shenzhen-lagenio-technology,https://drive.ifa-berlin.com/drive/2025/12/_cache/35b5ceff834bf280f04b94170f44a28f_d5ce9b2ab164a9ed466e1d94caac7197.png.webp,https://www.ifa-berlin.com/exhibitors?page=21,588
2262,Uniorange,China,Beauty Tech & Wellbeing,Hall 12,H12-101,https://www.ifa-berlin.com/exhibitors/uniorange,https://drive.ifa-berlin.com/drive/2026/09/_cache/3d60ad3bc7dbdc63a3b66e5aa9722b90_ff3b09b2bfce934d486deec8c91bbf49.png.webp,https://www.ifa-berlin.com/exhibitors?page=22,589
2617,Booster Robotics,China,IFA Next,Hall 25,H25-343,https://www.ifa-berlin.com/exhibitors/booster-robotics,https://drive.ifa-berlin.com/drive/2025/08/_cache/e5d36e0971f41bdb773cdf98382596b3_3edcfc19c05f0f075e085415ed343cce.png.webp,https://www.ifa-berlin.com/exhibitors?page=22,590
4001,Quan Ria,China,Beauty Tech & Wellbeing,Hall 14,H14-125,https://www.ifa-berlin.com/exhibitors/quan-ria,https://drive.ifa-berlin.com/drive/2026/08/_cache/ef00e35b8b8d4b60664919e9f123e579_1986ef46d9715bc90b69a1d4ea42d84b.png.webp,https://www.ifa-berlin.com/exhibitors?page=22,591
1918,Doogee,China,Communication & Connectivity,Hall 4.2,H4.2-129,https://www.ifa-berlin.com/exhibitors/doogee,https://www.ifa-berlin.com/thumbnail/w500/2025/12/doogee_1501.webp,https://www.ifa-berlin.com/exhibitors?page=22,592
1963,Diyatel,China,Smart Home,Hall 1.2,H1.2-130,https://www.ifa-berlin.com/exhibitors/diyatel,https://drive.ifa-berlin.com/drive/2026/08/_cache/0eed5ac58839817f3d5471fd56fbb460_95ed579b6f579d4c8feb70c16f548c55.png.webp,https://www.ifa-berlin.com/exhibitors?page=22,593
2895,W-KING,China,Audio,Hall 8.2,H8.2-283,https://www.ifa-berlin.com/exhibitors/w-king,https://drive.ifa-berlin.com/drive/2026/08/_cache/bd82a79385349ef02883e074509182a7_a7d096f5421f05c595752a893cd615ba.png.webp,https://www.ifa-berlin.com/exhibitors?page=22,594
1900,BOYA,China,Content Creation,Hall 20,H20-132,https://www.ifa-berlin.com/exhibitors/boya,https://drive.ifa-berlin.com/drive/2026/06/_cache/156df6a3228ff34b1d8468c13ab07dbc_85a22df65f3629cdb8630715d9d2fe17.png,https://www.ifa-berlin.com/exhibitors?page=22,595
2200,Medivon,Poland,Beauty Tech & Wellbeing,Hall 12,H12-133,https://www.ifa-berlin.com/exhibitors/medivon,https://drive.ifa-berlin.com/drive/2026/06/_cache/f26b145958a6aa39222e4caf402aa42e_efbd46be40b3e89999d0afce4cdf34f5.png.webp,https://www.ifa-berlin.com/exhibitors?page=22,596
2805,"Foshan Kanshang Electrical Appliance co., LTD",China,IFA Global Markets,Hall 26a,H26a-653,https://www.ifa-berlin.com/exhibitors/foshan-kanshang-electrical-appliance,https://drive.ifa-berlin.com/drive/2026/08/_cache/4dbba362a6fa6caa3e5d06931f88f6fa_1f25c7e439a1c9b29cdd6e93b48b453a.png.webp,https://www.ifa-berlin.com/exhibitors?page=22,597
3585,Ideal of Sweden,Sweden,Communication & Connectivity,Hall 5.2,H5.2-237,https://www.ifa-berlin.com/exhibitors/ideal-of-sweden,https://www.ifa-berlin.com/img/exhibitors/default.svg,https://www.ifa-berlin.com/exhibitors?page=22,598
2455,LaserPecker,China,Content Creation,Hall 17,H17-235,https://www.ifa-berlin.com/exhibitors/laserpecker,https://drive.ifa-berlin.com/drive/2025/12/_cache/f4286a546b480bb8676d49e970dc6d51_b398f9dc79109a9a36cbe98083639c5c.png.webp,https://www.ifa-berlin.com/exhibitors?page=22,599
2623,EINAREX,China,Computing & Gaming,Hall 7.2a,H7.2a-107,https://www.ifa-berlin.com/exhibitors/einarex,https://www.ifa-berlin.com/img/exhibitors/default.svg,https://www.ifa-berlin.com/exhibitors?page=22,600
2032,GOLDEN VISION,China,Smart Home,Hall 1.2,H1.2-145,https://www.ifa-berlin.com/exhibitors/golden-vision,https://drive.ifa-berlin.com/drive/2026/07/_cache/9d4229644ac2f6578d10e8f40d3c8a0b_43c453705337b58d86a6e939dd821469.jpg.webp,https://www.ifa-berlin.com/exhibitors?page=22,601
2355,FLAMA SA,Portugal,Home Appliances,Hall 6.1,H6.1-115,https://www.ifa-berlin.com/exhibitors/flama,https://www.ifa-berlin.com/img/exhibitors/default.svg,https://www.ifa-berlin.com/exhibitors?page=22,602
2497,WD - Western Digital,United Kingdom,Content Creation,Hall 20,H20-147,https://www.ifa-berlin.com/exhibitors/western-digital,https://drive.ifa-berlin.com/drive/2026/07/_cache/9e33e7d08ee9b4c134260529f6172c88_2c45a4e1f7c19f5fbaffc0d60ffc9f7c.png.webp,https://www.ifa-berlin.com/exhibitors?page=22,603
2317,Vevor,China,Home Appliances,Hall 11.1,H11.1-111,https://www.ifa-berlin.com/exhibitors/vevor,https://www.ifa-berlin.com/img/exhibitors/default.svg,https://www.ifa-berlin.com/exhibitors?page=22,604
2019,Magnifique,USA,Home Appliances,Hall 8.1,H8.1-208,https://www.ifa-berlin.com/exhibitors/magnifique,https://www.ifa-berlin.com/thumbnail/w500/2025/12/magnifique_641.webp,https://www.ifa-berlin.com/exhibitors?page=22,605
2475,Waykar,USA,Smart Home,Hall 1.2,H1.2-137,https://www.ifa-berlin.com/exhibitors/waykar,https://www.ifa-berlin.com/img/exhibitors/default.svg,https://www.ifa-berlin.com/exhibitors?page=22,606
1899,Homeguard Technologies Limited,China,Smart Home,Hall 1.2,H1.2-144,https://www.ifa-berlin.com/exhibitors/homeguard-technologies,https://www.ifa-berlin.com/img/exhibitors/default.svg,https://www.ifa-berlin.com/exhibitors?page=22,607
2172,Winner Mobile,Czechia,Communication & Connectivity,Hall 3.2,H3.2-157,https://www.ifa-berlin.com/exhibitors/winner-mobile,https://drive.ifa-berlin.com/drive/2026/06/_cache/f58886d51a301d0970810908e1e33204_502e5328a32be4ad9464f285330ef88c.jpg.webp,https://www.ifa-berlin.com/exhibitors?page=22,608
2226,Virtavo,China,Smart Home,Hall 1.2,H1.2-178,https://www.ifa-berlin.com/exhibitors/virtavo,https://www.ifa-berlin.com/img/exhibitors/default.svg,https://www.ifa-berlin.com/exhibitors?page=22,609
2056,"Techwood, Kenyo, Bergson",France,Home Appliances,Hall 8.1,H8.1-114,https://www.ifa-berlin.com/exhibitors/techwood-kenyo-bergson,https://www.ifa-berlin.com/img/exhibitors/default.svg,https://www.ifa-berlin.com/exhibitors?page=22,610
1953,Minix,South Korea,Home Appliances,Hall 8.1,H8.1-203,https://www.ifa-berlin.com/exhibitors/minix,https://www.ifa-berlin.com/thumbnail/w500/2025/12/minix_965.webp,https://www.ifa-berlin.com/exhibitors?page=22,611
4010,"Shenzhen GOKO Innovation Technology Co., Ltd.",,Home Appliances,Sommergarten Outdoor CG,OCG-135,https://www.ifa-berlin.com/exhibitors/shenzhen-goko-innovation-technology,https://www.ifa-berlin.com/img/exhibitors/default.svg,https://www.ifa-berlin.com/exhibitors?page=22,612
2484,Shining 3D,Germany,Content Creation,Hall 20,H20-117,https://www.ifa-berlin.com/exhibitors/shining-3d,https://drive.ifa-berlin.com/drive/2026/06/_cache/8002e78bb5c20f892cdbbb12dc0ad622_33ae3f9889dc9dc1434db0786ab83851.png.webp,https://www.ifa-berlin.com/exhibitors?page=22,613
2104,"Kerui Intelligent Technology (Heyuan) Co., Ltd.",China,Smart Home,Hall 2.2,H2.2-104,https://www.ifa-berlin.com/exhibitors/kerui,https://drive.ifa-berlin.com/drive/2026/08/_cache/53149915339b8508db3f0b2f43713b47_6171c2b989fb1f2071274130876f9982.jpg.webp,https://www.ifa-berlin.com/exhibitors?page=22,614
2938,"Guangdong Murenking Appliance Co., Ltd",China,IFA Global Markets,Hall 26a,H26a-635,https://www.ifa-berlin.com/exhibitors/guangdong-murenking-appliance,https://drive.ifa-berlin.com/drive/2026/08/_cache/26bb8c2042e8d68549c9670119e27202_122ae02802025094a68efa30efa954cf.jpg.webp,https://www.ifa-berlin.com/exhibitors?page=22,615
3681,Sinolink,China,Home Appliances,Hall 10.1,H10.1-117,https://www.ifa-berlin.com/exhibitors/sinolink,https://drive.ifa-berlin.com/drive/2026/08/_cache/bafc505761138bd9558d63348b5bc5b8_4426f6e8c588273d1660612a1b0a9408.png.webp,https://www.ifa-berlin.com/exhibitors?page=22,616
2460,OneOdio,China,Audio,Hall 8.2,H8.2-217,https://www.ifa-berlin.com/exhibitors/oneodio,https://drive.ifa-berlin.com/drive/2026/07/_cache/aa22889bd2132988a69dc4b3a1938413_daf03fbf6c592ec449bcff514081056d.png.webp,https://www.ifa-berlin.com/exhibitors?page=23,617
2310,Jovs,China,Beauty Tech & Wellbeing,Hall 12,H12-147,https://www.ifa-berlin.com/exhibitors/jovs,https://drive.ifa-berlin.com/drive/2026/08/_cache/a0ee26c4eeee01fd89321c8dbeb54f38_36b18a063ada3f8315e50bc3e1fc9637.png.webp,https://www.ifa-berlin.com/exhibitors?page=23,618
2121,DigiEra,China,Content Creation,Hall 20,H20-151,https://www.ifa-berlin.com/exhibitors/digiera,https://drive.ifa-berlin.com/drive/2025/12/_cache/ece0a914d127c190fab97ad85b588bff_ae6b3ea1f3f67c58d5102343a9f4d2b5.png.webp,https://www.ifa-berlin.com/exhibitors?page=23,619
2381,Smartpro,China,Beauty Tech & Wellbeing,Hall 14,H14-111,https://www.ifa-berlin.com/exhibitors/smartpro,https://drive.ifa-berlin.com/drive/2026/08/_cache/80658bbd599fbbac3aca71b162a0fcc0_887c4c0e1b675bd57bb45d0c5ba01e64.jpg.webp,https://www.ifa-berlin.com/exhibitors?page=23,620
3568,Memoket,USA,Communication & Connectivity,Hall 5.2,H5.2-452,https://www.ifa-berlin.com/exhibitors/memoket,https://drive.ifa-berlin.com/drive/2026/07/_cache/34782027894ff4368e020fe276b2c72a_bf7fb02e738575335703c011d0cb70c9.jpg.webp,https://www.ifa-berlin.com/exhibitors?page=23,621
2926,"CIXI FUYUN ELECTRIC APPLIANCE CO.,LTD",China,IFA Global Markets,Hall 26a,H26a-611,https://www.ifa-berlin.com/exhibitors/cixi-fuyun-electric-appliance,https://drive.ifa-berlin.com/drive/2026/08/_cache/3f40cb424a8818b1ee6848920dee7034_220477e3fa927fa926764eaaa9d961d5.png.webp,https://www.ifa-berlin.com/exhibitors?page=23,622
2210,CUKTECH,China,Communication & Connectivity,Hall 4.2,H4.2-121,https://www.ifa-berlin.com/exhibitors/cuktech,https://drive.ifa-berlin.com/drive/2026/08/_cache/3f4cc3f6d6c77b39eeb9f8922630cc08_28115f67893cf82bab270b9fd785c4d2.png.webp,https://www.ifa-berlin.com/exhibitors?page=23,623
2525,MERCUSYS,Germany,Computing & Gaming,Hall 6.2,H6.2-121,https://www.ifa-berlin.com/exhibitors/mercusys,https://drive.ifa-berlin.com/drive/2025/07/_cache/90a572eae4c435ffed812b3e235897c5_ad6326a6d769d50f11b0e953633121af.png.webp,https://www.ifa-berlin.com/exhibitors?page=23,624
3461,C2C NGO,Germany,IFA Next,Hall 25,H25-161,https://www.ifa-berlin.com/exhibitors/c2c-ngo,https://drive.ifa-berlin.com/drive/2026/07/_cache/af995cc40e99c007b10dea4bb55f6327_97af128dd8f6efb1cd5a6d992965fd58.png.webp,https://www.ifa-berlin.com/exhibitors?page=23,625
2039,N-CASE,China,Communication & Connectivity,Hall 5.2,H5.2-235,https://www.ifa-berlin.com/exhibitors/n-case,https://drive.ifa-berlin.com/drive/2026/07/_cache/15d126d2b8466bd869eac9f439f19c5d_a9dfe9ac56789de1d6737875d2a42417.jpg.webp,https://www.ifa-berlin.com/exhibitors?page=23,626
3702,Yunxin Robotics,China,IFA Next,Hall 5.2,H5.2-425,https://www.ifa-berlin.com/exhibitors/yunxin-robotics,https://www.ifa-berlin.com/img/exhibitors/default.svg,https://www.ifa-berlin.com/exhibitors?page=23,627
3980,Hugeel,China,Reseller Park,Hub 27j,H27j-06,https://www.ifa-berlin.com/exhibitors/hugeel,https://www.ifa-berlin.com/img/exhibitors/default.svg,https://www.ifa-berlin.com/exhibitors?page=23,628
2219,Bixdo,China,Beauty Tech & Wellbeing,Hall 14,H14-101,https://www.ifa-berlin.com/exhibitors/bixdo,https://drive.ifa-berlin.com/drive/2026/07/_cache/7bb95110eb0ceb508a176ace329d942a_1327c877c2ac27a008f1a569e6f0cb01.png.webp,https://www.ifa-berlin.com/exhibitors?page=23,629
1877,Roller Kappatos,Greece,Home Appliances,Hall 8.1,H8.1-112,https://www.ifa-berlin.com/exhibitors/roller-kappatos,https://drive.ifa-berlin.com/drive/2026/05/_cache/e3a18d3e8e05461feff9a7943b9726ea_418f1a1013ca9b2878dee86d60ff4b92.png.webp,https://www.ifa-berlin.com/exhibitors?page=23,630
2477,Airseeker,China,Home Appliances,Hall 11.1,H11.1-119,https://www.ifa-berlin.com/exhibitors/airseekers,https://drive.ifa-berlin.com/drive/2025/12/_cache/d1f4a707ac562467605ec8d43c21d04a_f6037691dafa7d66c53e0064f6a22228.png.webp,https://www.ifa-berlin.com/exhibitors?page=23,631
4005,Wolfbox,China,Computing & Gaming,Hall 6.2,H6.2-109,https://www.ifa-berlin.com/exhibitors/wolfbox,https://drive.ifa-berlin.com/drive/2026/08/_cache/294786f482116d89dbacca4d74e06f8e_25bfa4262fc23c2665ef7d6061099735.png.webp,https://www.ifa-berlin.com/exhibitors?page=23,632
1992,Zendure,China,Smart Home | Mobility,Hall 2.2 | Mobility Track,H2.2-124 | MT-113,https://www.ifa-berlin.com/exhibitors/zendure,https://www.ifa-berlin.com/thumbnail/w500/2025/12/zendure_337.webp,https://www.ifa-berlin.com/exhibitors?page=23,633
2256,NGS,Spain,Audio,Hall 10.2,H10.2-123,https://www.ifa-berlin.com/exhibitors/ngs,https://drive.ifa-berlin.com/drive/2026/06/_cache/3c05d7d016bce14bea86cf55eb6dae3a_3a9d5858398adc2edabadbee431dd17a.png.webp,https://www.ifa-berlin.com/exhibitors?page=23,634
1883,Hizero Appliances Corporation,China,Home Appliances,Hall 10.1,H10.1-131,https://www.ifa-berlin.com/exhibitors/hizero-appliances,https://drive.ifa-berlin.com/drive/2026/07/_cache/6399ebedf1a888f2d795ceb78259d9d4_30c1bbc0d66073cf0af5f647e85c0df7.png.webp,https://www.ifa-berlin.com/exhibitors?page=23,635
2105,UNITREE,China,IFA Next,Hall 25,H25-145,https://www.ifa-berlin.com/exhibitors/unitree-robotics,https://drive.ifa-berlin.com/drive/2025/12/_cache/39ffb2bfa04b8cfd14d20aa0b4ecaa2a_fdae81debeea90a538b8c65d0bb55245.png.webp,https://www.ifa-berlin.com/exhibitors?page=23,636
2445,Alogic,Netherlands,Communication & Connectivity,Hall 5.2,H5.2-233,https://www.ifa-berlin.com/exhibitors/alogic,https://drive.ifa-berlin.com/drive/2025/12/_cache/9ffb006150bd7a145e491d9f3dc3e32f_f594191f9709133ed69dbd6f5977bf88.png.webp,https://www.ifa-berlin.com/exhibitors?page=23,637
2050,SmallRig,,Content Creation,Hall 20,H20-107,https://www.ifa-berlin.com/exhibitors/smallrig,https://drive.ifa-berlin.com/drive/2025/12/_cache/e10c47caff475d5df101432652c9500d_799a6eecd6c56255f046622159fa9bbb.png.webp,https://www.ifa-berlin.com/exhibitors?page=23,638
2048,Yarbo,USA,Home Appliances,Sommergarten Outdoor CG | Hall 9,OCG-137 | H9-122,https://www.ifa-berlin.com/exhibitors/yarbo,https://www.ifa-berlin.com/thumbnail/w500/2025/12/yarbo_2026.webp,https://www.ifa-berlin.com/exhibitors?page=23,639
4026,BOOMBASS,Hong Kong,Audio,Hall 8.2,H8.2-269,https://www.ifa-berlin.com/exhibitors/boombass,https://www.ifa-berlin.com/img/exhibitors/default.svg,https://www.ifa-berlin.com/exhibitors?page=23,640
3878,IRS,South Korea,IFA Next,Hall 25,H25-339,https://www.ifa-berlin.com/exhibitors/irs,https://drive.ifa-berlin.com/drive/2026/08/_cache/2653c446b1904523d60437b48770679c_d98a7833dfdd8db0351f3ae82832a26b.png.webp,https://www.ifa-berlin.com/exhibitors?page=23,641
2630,Terramow,China,Home Appliances,Hall 11.1,H11.1-121,https://www.ifa-berlin.com/exhibitors/terramow,https://drive.ifa-berlin.com/drive/2026/08/_cache/b9427165c7e2f2e91708e2bf39d776c3_a7b4302f465dd2007045bb215b541ac4.png.webp,https://www.ifa-berlin.com/exhibitors?page=23,642
2398,SHUODU,China,Smart Home,Hall 1.2,H1.2-202,https://www.ifa-berlin.com/exhibitors/shuodu,https://drive.ifa-berlin.com/drive/2026/08/_cache/c86f6bda33c8e52fcd2cc6caac7b68d7_177ec9aad5c1c7379fddafcaaf7759a0.png.webp,https://www.ifa-berlin.com/exhibitors?page=23,643
3478,Getrom,China,Home Appliances,Hall 10.1,H10.1-113,https://www.ifa-berlin.com/exhibitors/getrom,https://drive.ifa-berlin.com/drive/2026/07/_cache/0404be2c4c8b584c2db90e3673e36dfe_03db4511b1a61752856bc3322af23e9f.png.webp,https://www.ifa-berlin.com/exhibitors?page=23,644
2091,"Govee, GoveeLife",Hong Kong,Smart Home,Hall 1.2,H1.2-124,https://www.ifa-berlin.com/exhibitors/govee-goveelife,https://drive.ifa-berlin.com/drive/2025/12/_cache/aeb58718a3de9504b7fce8e0588fc44e_e25b730ec7c10050f8011b58f542cb51.png.webp,https://www.ifa-berlin.com/exhibitors?page=24,645
2110,HiFuture,China,Communication & Connectivity,Hall 4.2,H4.2-137,https://www.ifa-berlin.com/exhibitors/hifuture,https://drive.ifa-berlin.com/drive/2026/07/_cache/ef088c5bea8e3efbba5c5566bab8821c_fd07e43d74c914f56995fd711ac9352a.png.webp,https://www.ifa-berlin.com/exhibitors?page=24,646
2162,Pudu Robotics Europe B.V.,Netherlands,IFA Next,Hall 25,H25-354,https://www.ifa-berlin.com/exhibitors/pudu-robotics-europe,https://drive.ifa-berlin.com/drive/2026/08/_cache/537ac4905821d28140d26f3a30fcd5fc_82d1b1c484d6126816a0416f6f2e331d.png.webp,https://www.ifa-berlin.com/exhibitors?page=24,647
2545,Ningbo Careline,China,Home Appliances,Hall 8.1,H8.1-205,https://www.ifa-berlin.com/exhibitors/ningbo-careline,https://www.ifa-berlin.com/img/exhibitors/default.svg,https://www.ifa-berlin.com/exhibitors?page=24,648
1931,"Guangdong Tuqiang electronic Technology Co., LTD // Tuestrong Power",China,Smart Home,Hall 2.2,H2.2-106,https://www.ifa-berlin.com/exhibitors/guangdong-tuqiang-electronic-technology,https://drive.ifa-berlin.com/drive/2025/12/_cache/e0f51d52f7989d4b19f73df3b8d8fcaf_5c4a78c42989d4314ed303e07d2b21d2.jpg.webp,https://www.ifa-berlin.com/exhibitors?page=24,649
2004,Nexight INC,USA,Home & Entertainment,Hall 21,H21-121,https://www.ifa-berlin.com/exhibitors/nexight,https://drive.ifa-berlin.com/drive/2026/08/_cache/c13c1934f817a4a90560e617ee6702f1_d9bcbc00360aef79239793496ea712ba.png.webp,https://www.ifa-berlin.com/exhibitors?page=24,650
2357,Galbot,China,IFA Next,Hall 25,H25-160,https://www.ifa-berlin.com/exhibitors/galbot,https://drive.ifa-berlin.com/drive/2026/09/_cache/bd409096bacd99bc1c914010585c7d22_bf7790fdcb11a97edfc8b7bb718d4764.png.webp,https://www.ifa-berlin.com/exhibitors?page=24,651
2894,TENDEX,China,Mobility,CityCube Hall B,CCBB-139,https://www.ifa-berlin.com/exhibitors/tendex,https://drive.ifa-berlin.com/drive/2026/08/_cache/6a1dca7b1bad7fc50fa09967eeaba732_deec9cdf582a5cfbaa4fd62c70605187.png.webp,https://www.ifa-berlin.com/exhibitors?page=24,652
1915,Amazingthing,Hong Kong,Communication & Connectivity,Hall 5.2,H5.2-213,https://www.ifa-berlin.com/exhibitors/amazingthing,https://www.ifa-berlin.com/img/exhibitors/default.svg,https://www.ifa-berlin.com/exhibitors?page=24,653
1896,"Fujian Baldr Technology Co., Ltd",China,Smart Home,Hall 2.2,H2.2-168,https://www.ifa-berlin.com/exhibitors/fujian-baldr-technology,https://www.ifa-berlin.com/img/exhibitors/default.svg,https://www.ifa-berlin.com/exhibitors?page=24,654
2196,EIOTCLUB,USA,Smart Home,Hall 1.2,H1.2-170,https://www.ifa-berlin.com/exhibitors/eiotclub,https://drive.ifa-berlin.com/drive/2026/08/_cache/125bd98132894deaa3622e923674ac76_7dce66c8c7f65fe2fce42b59572f1d19.png.webp,https://www.ifa-berlin.com/exhibitors?page=24,655
2322,Chipolo,Slovenia,Communication & Connectivity,Hall 4.2,H4.2-149,https://www.ifa-berlin.com/exhibitors/chipolo-d-o-o,https://drive.ifa-berlin.com/drive/2025/12/_cache/c91ecde249d0e82e02a73985a8144def_85d00e533983d3e287b96b8141164285.png.webp,https://www.ifa-berlin.com/exhibitors?page=24,656
2145,Hollyland,Germany,Content Creation,Hall 20,H20-131,https://www.ifa-berlin.com/exhibitors/hollyland,https://drive.ifa-berlin.com/drive/2025/12/_cache/5b60f2fbffeeb6c1e2bc94d0f8eb722d_503387319e0589d123887884620b5ca1.png.webp,https://www.ifa-berlin.com/exhibitors?page=24,657
1964,SIGMA,Germany,Content Creation,Hall 20,H20-155,https://www.ifa-berlin.com/exhibitors/sigma,https://drive.ifa-berlin.com/drive/2025/08/_cache/dabc8d2e2ca07275419f2e9081b83060_a76eb732058426563e24abf8d0516d33.png.webp,https://www.ifa-berlin.com/exhibitors?page=24,658
1929,Fossibot,China,Smart Home,Hall 2.2,H2.2-173,https://www.ifa-berlin.com/exhibitors/fossibot,https://drive.ifa-berlin.com/drive/2025/12/_cache/40af8693f33eaa2fe154ff75ff211e7e_8ed9335d1bda940443aa6dea48920daf.png.webp,https://www.ifa-berlin.com/exhibitors?page=24,659
2255,AIWA Europe,Spain,Audio,Hall 10.2,H10.2-135,https://www.ifa-berlin.com/exhibitors/aiwa-europe,https://drive.ifa-berlin.com/drive/2026/07/_cache/1ab850cc4aaf886ace097ed7173518b9_e9af93aa0b11fd799c6f42d06c8d0877.png.webp,https://www.ifa-berlin.com/exhibitors?page=24,660
3976,Temptech,France,Home Appliances,Hall 3.1,H3.1-104,https://www.ifa-berlin.com/exhibitors/temptech,https://www.ifa-berlin.com/img/exhibitors/default.svg,https://www.ifa-berlin.com/exhibitors?page=24,661
2319,XbotGo,China,Content Creation,Hall 20,H20-115,https://www.ifa-berlin.com/exhibitors/xbotgo,https://drive.ifa-berlin.com/drive/2026/07/_cache/449a0b56aed01d59bbaabd5a8d1fd8d5_d2653ff5bd917a9186a8ac7979e605bb.png.webp,https://www.ifa-berlin.com/exhibitors?page=24,662
2218,Potensic,Hong Kong,Content Creation,Hall 20,H20-121,https://www.ifa-berlin.com/exhibitors/potensic,https://drive.ifa-berlin.com/drive/2026/08/_cache/b437efc2c9c968fb06349d7205eb33a2_deff0b43691a92b9b24ed5e48c5fc468.png.webp,https://www.ifa-berlin.com/exhibitors?page=24,663
2478,Maxcom,Poland,Communication & Connectivity,Hall 3.2,H3.2-115,https://www.ifa-berlin.com/exhibitors/maxcom,https://drive.ifa-berlin.com/drive/2026/06/_cache/784b03edcd866376f6c5c241552d91c7_4fb32c1de3c0854f4687cc8e5654a544.png.webp,https://www.ifa-berlin.com/exhibitors?page=24,664
2085,Noima Level Up Ltd,United Kingdom,IFA Next,Hall 25,H25-373 | H25-375,https://www.ifa-berlin.com/exhibitors/noima-level-up,https://drive.ifa-berlin.com/drive/2025/12/_cache/f3389d4e052a69eefe336e3433958205_08eb06b4817bd202dcea40b7ca6990f6.png.webp,https://www.ifa-berlin.com/exhibitors?page=24,665
1982,SAMIX,Jordan,Home Appliances,Hall 10.1,H10.1-103,https://www.ifa-berlin.com/exhibitors/samix,https://drive.ifa-berlin.com/drive/2026/08/_cache/4502d482fca315df10d065bbe721a803_ad2dbd16bed12bea4bd03d06419a5659.jpeg.webp,https://www.ifa-berlin.com/exhibitors?page=24,666
2872,AAMED TECH GmbH,Germany,Computing & Gaming,Hall 7.2a,H7.2a-112,https://www.ifa-berlin.com/exhibitors/aamed-tech,https://www.ifa-berlin.com/img/exhibitors/default.svg,https://www.ifa-berlin.com/exhibitors?page=24,667
3423,YOUIN,Spain,Mobility,CityCube Hall B | Mobility Track,CCBB-141 | MT-109,https://www.ifa-berlin.com/exhibitors/youin,https://drive.ifa-berlin.com/drive/2026/08/_cache/6fdd2cef52bf0eadd8179c7a6e274535_51099f37e478b98fa0ad84e19193e088.png.webp,https://www.ifa-berlin.com/exhibitors?page=24,668
2501,DEYE,China,Home Appliances,Hall 10.1,H10.1-125,https://www.ifa-berlin.com/exhibitors/deye,https://drive.ifa-berlin.com/drive/2025/12/_cache/c6cb6bba103823e692e0babd3f042916_8763bc9e6824cc86000c5471b8d285e2.jpg.webp,https://www.ifa-berlin.com/exhibitors?page=24,669
2457,XCANBOT,China,Mobility,CityCube Hall B,CCBB-154,https://www.ifa-berlin.com/exhibitors/xcanbot,https://drive.ifa-berlin.com/drive/2026/07/_cache/51219e0c51074c35f770d2b33451b4d0_ff186048875420a47b3a11b2d907e6ad.png.webp,https://www.ifa-berlin.com/exhibitors?page=24,670
1988,MyScreen,Poland,Communication & Connectivity,Hall 4.2,H4.2-105,https://www.ifa-berlin.com/exhibitors/myscreen,https://www.ifa-berlin.com/thumbnail/w500/2025/12/myscreen_7.webp,https://www.ifa-berlin.com/exhibitors?page=24,671
2093,Shelly,Germany,Smart Home,Hall 1.2,H1.2-110,https://www.ifa-berlin.com/exhibitors/shelly,https://drive.ifa-berlin.com/drive/2025/12/_cache/e86e22d1bc7c7f4dfa53c7018503c0d5_732c6e429fcb7249a87989567de96b8c.jpg.webp,https://www.ifa-berlin.com/exhibitors?page=24,672
1930,AOSU LIFE,China,Smart Home,Hall 1.2,H1.2-152,https://www.ifa-berlin.com/exhibitors/aosu-life,https://drive.ifa-berlin.com/drive/2026/07/_cache/a51d2748f34a3bc49a88bbb4f7da9488_d35947cdd0d5f73ca95d3dad9de5f865.png.webp,https://www.ifa-berlin.com/exhibitors?page=25,673
1998,Juice Global Limited,United Kingdom,Communication & Connectivity,Hall 5.2,H5.2-193,https://www.ifa-berlin.com/exhibitors/juice-global,https://drive.ifa-berlin.com/drive/2025/12/_cache/8c133f96a81ee7fd6ed933b794cebb23_ff34b0db23308dd689524338d47eac90.png.webp,https://www.ifa-berlin.com/exhibitors?page=25,674
2296,AUX,China,Home Appliances,Hall 11.1,H11.1-127,https://www.ifa-berlin.com/exhibitors/aux,https://drive.ifa-berlin.com/drive/2026/07/_cache/0e64c427e41cfee6298037339c35624b_39df4186a44bab9b0cfb33db2c7ce8f9.jpg.webp,https://www.ifa-berlin.com/exhibitors?page=25,675
2502,AULA,China,Computing & Gaming,Hall 7.2a,H7.2a-111,https://www.ifa-berlin.com/exhibitors/aula,https://www.ifa-berlin.com/img/exhibitors/default.svg,https://www.ifa-berlin.com/exhibitors?page=25,676
2184,Holdit,Sweden,Communication & Connectivity,Hall 5.2,H5.2-155,https://www.ifa-berlin.com/exhibitors/holdit,https://drive.ifa-berlin.com/drive/2026/08/_cache/1e6d82e48c525377919ca6981c0292ee_a4f592cf6f2aab3acc4f6a75eddeadd3.png.webp,https://www.ifa-berlin.com/exhibitors?page=25,677
2158,VALENTIN - FOOD GARBAGE RECYCLER,Slovenia,Home Appliances,Hall 8.1,H8.1-102,https://www.ifa-berlin.com/exhibitors/valentin-food-garbage-recycler,https://drive.ifa-berlin.com/drive/2026/05/_cache/6ecc0616f583b786e18743ab2d21c993_2214249fd04a2443d28c4dd527838974.png.webp,https://www.ifa-berlin.com/exhibitors?page=25,678
2230,Unicostar,Italy,Communication & Connectivity,Hall 5.2,H5.2-192,https://www.ifa-berlin.com/exhibitors/unicostar,https://drive.ifa-berlin.com/drive/2026/06/_cache/a8079b55b3df8a5aa60ba835c8072920_2611105ec0bbf5aa514b265a4ca1c94e.png.webp,https://www.ifa-berlin.com/exhibitors?page=25,679
2165,Tucano,Italy,Communication & Connectivity,Hall 4.2,H4.2-113,https://www.ifa-berlin.com/exhibitors/tucano,https://www.ifa-berlin.com/thumbnail/w500/2025/12/tucano_srl_128.webp,https://www.ifa-berlin.com/exhibitors?page=25,680
2033,"Chinabest Home Appliance Co, Ltd (Vatti)",China,Home Appliances,Hall 7.1c,H7.1c-107,https://www.ifa-berlin.com/exhibitors/chinabest-home-appliance-vatti,https://www.ifa-berlin.com/thumbnail/w500/2025/12/chinabest_home_appliance_co_ltd_205.webp,https://www.ifa-berlin.com/exhibitors?page=25,681
3027,NP TECHNOLOGY,China,Smart Home,Hall 2.2,H2.2-190,https://www.ifa-berlin.com/exhibitors/np-technology,https://drive.ifa-berlin.com/drive/2026/08/_cache/fb38db0243e10d959866e3c1e40098b2_0df1cad262989e087a77b4f35f8caf65.png.webp,https://www.ifa-berlin.com/exhibitors?page=25,682
2290,HPRT,China,Content Creation,Hall 20,H20-139,https://www.ifa-berlin.com/exhibitors/hprt,https://drive.ifa-berlin.com/drive/2026/07/_cache/3117bc1682dd7e3c48d46368d9aecd94_f58aa0e5ff0ed0134b956176369f6b7f.png.webp,https://www.ifa-berlin.com/exhibitors?page=25,683
2373,"AGI Technology Co., Ltd.",Taiwan,Computing & Gaming,Hall 6.2,H6.2-114,https://www.ifa-berlin.com/exhibitors/agi-technology,https://drive.ifa-berlin.com/drive/2025/12/_cache/63dc146b0d3ffcd00910db019fe76d8f_8e1f26a8a837c8b35e56654575e46ffe.png.webp,https://www.ifa-berlin.com/exhibitors?page=25,684
2042,Superior Electronics,Italy,Home & Entertainment,Hall 22,H22-137,https://www.ifa-berlin.com/exhibitors/superior-electronics,https://drive.ifa-berlin.com/drive/2025/12/_cache/b513406c81dc71d647541385948418b3_7c943a92b520aff75eaa3dc7c26478c9.jpg.webp,https://www.ifa-berlin.com/exhibitors?page=25,685
3026,Global Sources,Hong Kong,,Hall 8.2,H8.2-215,https://www.ifa-berlin.com/exhibitors/global-sources,https://drive.ifa-berlin.com/drive/2026/08/_cache/801d07ba45af64ffadd8a3f82ab4fa94_9cd42d57eca48d6cd0a3ceea908f774e.jpg.webp,https://www.ifa-berlin.com/exhibitors?page=25,686
2084,Product Care Group Limited,United Kingdom,Home Appliances,Hall 6.1,H6.1-120,https://www.ifa-berlin.com/exhibitors/product-care-group,https://www.ifa-berlin.com/img/exhibitors/default.svg,https://www.ifa-berlin.com/exhibitors?page=25,687
3882,PETKIT,Switzerland,Smart Home,Hall 2.2,H2.2-200,https://www.ifa-berlin.com/exhibitors/petkit,https://drive.ifa-berlin.com/drive/2025/12/_cache/066aebc1277a5df6777a78c4948d83df_e8702822693058cce8649ecfd2287c8f.png.webp,https://www.ifa-berlin.com/exhibitors?page=25,688
3029,Tenniix,China,Beauty Tech & Wellbeing,Hall 15,H15-128,https://www.ifa-berlin.com/exhibitors/tenniix,https://drive.ifa-berlin.com/drive/2026/07/_cache/25b378a962e357b724827c92c7f6c534_0443a7a59c144a826a6685d12a0b5e87.png.webp,https://www.ifa-berlin.com/exhibitors?page=25,689
3486,Ambience Experience,Germany,IFA Next,Hall 5.2,H5.2-423,https://www.ifa-berlin.com/exhibitors/ambience-experience,https://drive.ifa-berlin.com/drive/2026/08/_cache/2c2e8b6b6cecd51e76c90650bb7c2eaf_c91f80ad34b47f72719b5ebafd133f60.jpeg.webp,https://www.ifa-berlin.com/exhibitors?page=25,690
3728,TransitX Tech,China,IFA Next,Hall 25,H25-367,https://www.ifa-berlin.com/exhibitors/transitx-tech,https://drive.ifa-berlin.com/drive/2026/08/_cache/626e0816dbdd013f59f4c8a0995ca82c_f022bb69a78de7f32189fff9afb0764a.png.webp,https://www.ifa-berlin.com/exhibitors?page=25,691
2409,iRest,China,Beauty Tech & Wellbeing,Hall 12,H12-111,https://www.ifa-berlin.com/exhibitors/irest,https://drive.ifa-berlin.com/drive/2026/04/_cache/8ecc9a4dcb5b0f4048926cc7b35be2de_11af8ae4b072d8c9ce3751e94eea7766.jpg.webp,https://www.ifa-berlin.com/exhibitors?page=25,692
2480,Beeaskin,Croatia,Beauty Tech & Wellbeing,Hall 12,H12-139,https://www.ifa-berlin.com/exhibitors/beeaskin,https://www.ifa-berlin.com/thumbnail/w500/2026/08/beea-skin-2.svg,https://www.ifa-berlin.com/exhibitors?page=25,693
2600,Kyungpook National University RFplayground,South Korea,IFA Global Markets,Hall 26c,H26c-356,https://www.ifa-berlin.com/exhibitors/kyungpook-national-university-rfplayground,https://drive.ifa-berlin.com/drive/2026/08/_cache/78279f0357812b2ad3081417dd463318_d6789e91ebe0e67fbd23bbdd4f07d991.png.webp,https://www.ifa-berlin.com/exhibitors?page=25,694
3981,UGUR Supply Dis Ticaret Limited Sirketi,Türkiye,Reseller Park,Hub 27m,H27m-11,https://www.ifa-berlin.com/exhibitors/ugur-supply,https://www.ifa-berlin.com/img/exhibitors/default.svg,https://www.ifa-berlin.com/exhibitors?page=25,695
2530,"Shenzhen Xincheng Innovation Technology Co., Ltd",China,Home Appliances,Hall 10.1,H10.1-116,https://www.ifa-berlin.com/exhibitors/shenzhen-xincheng,https://drive.ifa-berlin.com/drive/2025/12/_cache/ee3d4540f1250b06090806df03ce67b5_9c437878771351bd89bc3d22ed0c04aa.png.webp,https://www.ifa-berlin.com/exhibitors?page=25,696
2169,TOPI,China,Audio,Hall 8.2,H8.2-221,https://www.ifa-berlin.com/exhibitors/topi,https://drive.ifa-berlin.com/drive/2026/06/_cache/fd5100aa6245f60a7634488859f82945_c191e5da6ae1516cc089978182c67891.png.webp,https://www.ifa-berlin.com/exhibitors?page=25,697
2206,Galvany,Germany,Smart Home,Hall 2.2,H2.2-102,https://www.ifa-berlin.com/exhibitors/galvany,https://www.ifa-berlin.com/thumbnail/w500/2026/08/galvanyx5fflowerx5f.svg,https://www.ifa-berlin.com/exhibitors?page=25,698
2904,Coolfly,China,Mobility,CityCube Hall B,CCBB-143,https://www.ifa-berlin.com/exhibitors/coolfly,https://www.ifa-berlin.com/img/exhibitors/default.svg,https://www.ifa-berlin.com/exhibitors?page=25,699
2589,QuasarMD,USA,Beauty Tech & Wellbeing,Hall 15,H15-141,https://www.ifa-berlin.com/exhibitors/quasarmd,https://drive.ifa-berlin.com/drive/2026/07/_cache/012f6a3cae940900b2c6aa8698e7b56c_85058a7fffc8176748aecfb0fa16729a.jpg.webp,https://www.ifa-berlin.com/exhibitors?page=25,700
1884,Hammer,Poland,Communication & Connectivity,Hall 4.2,H4.2-153,https://www.ifa-berlin.com/exhibitors/hammer,https://www.ifa-berlin.com/img/exhibitors/default.svg,https://www.ifa-berlin.com/exhibitors?page=26,701
2313,Yoose,Germany,Beauty Tech & Wellbeing,Hall 12,H12-113,https://www.ifa-berlin.com/exhibitors/yoose,https://www.ifa-berlin.com/img/exhibitors/default.svg,https://www.ifa-berlin.com/exhibitors?page=26,702
2640,"Naipo, O'Yeet",China,Beauty Tech & Wellbeing,Hall 15,H15-109,https://www.ifa-berlin.com/exhibitors/naipo-o-yeet,https://drive.ifa-berlin.com/drive/2025/09/_cache/7dda778ed98685683652c3ca85e022cd_9614c5895287541a818814a7bb0b4cd9.png.webp,https://www.ifa-berlin.com/exhibitors?page=26,703
1879,BAB Distribution GmbH,Germany,Computing & Gaming,Hall 6.2,H6.2-203,https://www.ifa-berlin.com/exhibitors/bab-distribution,https://drive.ifa-berlin.com/drive/2025/12/_cache/4f7fac28c9c25d6c95b308fc486e3e4b_6fd75126774e1961627ff8029960ad0e.jpg.webp,https://www.ifa-berlin.com/exhibitors?page=26,704
1844,NAVEE,China,Home Appliances | Mobility,Sommergarten Outdoor CG | CityCube Hall B | Mobility Track,OCG-135 | CCBB-111 | MT-107,https://www.ifa-berlin.com/exhibitors/navee,https://drive.ifa-berlin.com/drive/2025/12/_cache/5800ffd6e815a6101b2c4cb0e9f3c38e_4a1023db4412bcd98d12257210c0c229.png.webp,https://www.ifa-berlin.com/exhibitors?page=26,705
3594,Camouflage Outdoor,Netherlands,Smart Home,Hall 2.2,H2.2-172,https://www.ifa-berlin.com/exhibitors/camouflage-outdoor,https://www.ifa-berlin.com/img/exhibitors/default.svg,https://www.ifa-berlin.com/exhibitors?page=26,706
1983,Arnica,Türkiye,Home Appliances,Hall 8.1,H8.1-217,https://www.ifa-berlin.com/exhibitors/arnica,https://www.ifa-berlin.com/img/exhibitors/default.svg,https://www.ifa-berlin.com/exhibitors?page=26,707
1878,api GmbH,Germany,Computing & Gaming,Hall 7.2a,H7.2a-116,https://www.ifa-berlin.com/exhibitors/api,https://drive.ifa-berlin.com/drive/2025/12/_cache/9f428fb6a88fcc6b921ffc9c94c61ef2_f53e7d133b649cb4bc17cb8b77eff108.png.webp,https://www.ifa-berlin.com/exhibitors?page=26,708
1888,"Cuckoo Electronics, Cokoo Homesys",South Korea,Home Appliances,Hall 6.1,H6.1-123,https://www.ifa-berlin.com/exhibitors/cuckoo-electronics-cokoo-homesys,https://www.ifa-berlin.com/img/exhibitors/default.svg,https://www.ifa-berlin.com/exhibitors?page=26,709
2853,"Guangdong Welly Electrical Appliances Co.,Ltd",China,IFA Global Markets,Hall 26a,H26a-683,https://www.ifa-berlin.com/exhibitors/guangdong-welly-electrical-appliances,https://www.ifa-berlin.com/img/exhibitors/default.svg,https://www.ifa-berlin.com/exhibitors?page=26,710
2007,GENERAL INDUSTRY AND TRADE LIMITED,United Kingdom,Smart Home,Hall 2.2,H2.2-192,https://www.ifa-berlin.com/exhibitors/general-industry-and-trade,https://www.ifa-berlin.com/img/exhibitors/default.svg,https://www.ifa-berlin.com/exhibitors?page=26,711
1881,Hutt,China,Home Appliances,Hall 9,H9-135,https://www.ifa-berlin.com/exhibitors/hutt,https://www.ifa-berlin.com/thumbnail/w500/2025/12/hutt_2400.webp,https://www.ifa-berlin.com/exhibitors?page=26,712
2175,TAZATA,China,Audio,Hall 8.2,H8.2-259,https://www.ifa-berlin.com/exhibitors/tazata,https://drive.ifa-berlin.com/drive/2026/07/_cache/f7b0f99e8b36404ff744e47660702963_b471d4a3de2f0b5b87d249866e03a949.png.webp,https://www.ifa-berlin.com/exhibitors?page=26,713
2344,Noima Consultancy,United Kingdom,IFA Next,Hall 25,H25-377,https://www.ifa-berlin.com/exhibitors/noima-consultancy,https://drive.ifa-berlin.com/drive/2026/07/_cache/f1ff7967363a58bc17458b814222417b_54afca1f2ded9ea7d2168a01472b4c97.jpg.webp,https://www.ifa-berlin.com/exhibitors?page=26,714
2166,UGreen Smart Home,China,Smart Home | Communication & Connectivity,Hall 2.2 | Hall 3.2 | Hall 5.2 | Hall 17 | Hall 8.2 | Hall 25,H2.2-135 | H3.2-153 | H5.2-447 | H17-250 | H8.2-205 | H25-146,https://www.ifa-berlin.com/exhibitors/ugreen,https://www.ifa-berlin.com/thumbnail/w500/2025/12/ugreen_108.webp,https://www.ifa-berlin.com/exhibitors?page=26,715
3675,ECOMI,Italy,IFA Next,Hall 25,H25-369,https://www.ifa-berlin.com/exhibitors/ecomi,https://www.ifa-berlin.com/thumbnail/w500/2026/08/ecomi-logo-vettoriale.svg,https://www.ifa-berlin.com/exhibitors?page=26,716
2388,GUANGLI,China,IFA Next,Hall 25,H25-391,https://www.ifa-berlin.com/exhibitors/guangli,https://www.ifa-berlin.com/img/exhibitors/default.svg,https://www.ifa-berlin.com/exhibitors?page=26,717
2703,"Ningbo City Gengxin Appliance Industry Co., Ltd.",China,IFA Global Markets,Hall 26b,H26b-985,https://www.ifa-berlin.com/exhibitors/ningbo-city-gengxin-appliance-industry,https://drive.ifa-berlin.com/drive/2025/12/_cache/69ac6f62881e3ac9b22d38580ff464d0_8f65ec114ddea4a1aabfe464041565c3.png.webp,https://www.ifa-berlin.com/exhibitors?page=26,718
3696,Regional Industry Advancement Agency,South Korea,IFA Next,Hall 25,H25-361,https://www.ifa-berlin.com/exhibitors/regional-industry-advancement-agency,https://www.ifa-berlin.com/img/exhibitors/default.svg,https://www.ifa-berlin.com/exhibitors?page=26,719
2075,NVISAGE Technologies,USA,IFA Next,Hall 25,H25-387,https://www.ifa-berlin.com/exhibitors/nvisage-technologies,https://drive.ifa-berlin.com/drive/2025/12/_cache/fe9e972ed760eacfed900ab65fa14746_125b32f2f9efd80372429b94e2a5793d.png.webp,https://www.ifa-berlin.com/exhibitors?page=26,720
2828,"Ningbo Seeking Intelligent Technology Co., Ltd",China,IFA Global Markets,Hall 26a,H26a-407,https://www.ifa-berlin.com/exhibitors/ningbo-seeking-intelligent-technology,https://www.ifa-berlin.com/thumbnail/w500/2026/07/logo.svg,https://www.ifa-berlin.com/exhibitors?page=26,721
2856,"VINICOLE ELECTRICAL APPLIANCE CO., LTD.",China,IFA Global Markets,Hall 26b,H26b-1021,https://www.ifa-berlin.com/exhibitors/vinicole-electrical-appliance,https://www.ifa-berlin.com/img/exhibitors/default.svg,https://www.ifa-berlin.com/exhibitors?page=26,722
3060,Berkel,Italy,Communication & Connectivity,Hall 3.2,H3.2-125,https://www.ifa-berlin.com/exhibitors/berkel,https://drive.ifa-berlin.com/drive/2026/06/_cache/4f1e92914113103b98cf86d0fe71d626_158183e027aac9aa1eb21302f1f4eb7c.png.webp,https://www.ifa-berlin.com/exhibitors?page=26,723
3408,PICOGRAM,South Korea,IFA Next,Hall 25,H25-157,https://www.ifa-berlin.com/exhibitors/picogram,https://drive.ifa-berlin.com/drive/2026/07/_cache/135bf474cfacd4f0ec50d74f23e5926b_91d3bbe38c0e0e215331f478649c83de.jpg.webp,https://www.ifa-berlin.com/exhibitors?page=26,724
3345,Kadorf,United Arab Emirates,Reseller Park,Hub 27m,H27m-10,https://www.ifa-berlin.com/exhibitors/kadorf,https://drive.ifa-berlin.com/drive/2026/08/_cache/b23f7faf12a8308e7333f51c0aadcce0_634d013989b880895aec014a3a6c8cb1.png.webp,https://www.ifa-berlin.com/exhibitors?page=26,725
2788,"Jiangmen Xidian Electrical Appliance Technology Co., Ltd.",China,IFA Global Markets,Hall 26b,H26b-903,https://www.ifa-berlin.com/exhibitors/jiangmen-xidian-electrical-appliance-technology,https://drive.ifa-berlin.com/drive/2026/07/_cache/608c4473f3b31f80e999d47ee96cc66e_79dc8bd5910acd47c0188f492517f83a.png.webp,https://www.ifa-berlin.com/exhibitors?page=26,726
3542,"Zhejiang OOTD Technology Co., Ltd.",China,IFA Global Markets,Hall 26b | Hall 26a,H26b-803 | H26a-401,https://www.ifa-berlin.com/exhibitors/zhejiang-ootd-technology,https://drive.ifa-berlin.com/drive/2026/08/_cache/6829c599a3c9b413f702efc6c5481006_9c56776d08f1db81d69873b5500ab4d0.png.webp,https://www.ifa-berlin.com/exhibitors?page=26,727
3059,InFocus,USA,Communication & Connectivity,Hall 3.2,H3.2-125,https://www.ifa-berlin.com/exhibitors/infocus,https://drive.ifa-berlin.com/drive/2026/06/_cache/c843339f8b50cef76c484c34fde621c6_c4c6d32a60fb7abcf8edc32c58758bd7.png.webp,https://www.ifa-berlin.com/exhibitors?page=26,728
3841,Mehr Datasystems,Germany,Communication & Connectivity,CityCube Hall B,CCBB-135,https://www.ifa-berlin.com/exhibitors/mehr-datasystems,https://www.ifa-berlin.com/img/exhibitors/default.svg,https://www.ifa-berlin.com/exhibitors?page=27,729
3794,Krafted Tech,United Kingdom,IFA Next,Hall 25,H25-375,https://www.ifa-berlin.com/exhibitors/krafted-tech,https://drive.ifa-berlin.com/drive/2026/08/_cache/169f64c225a49f5035e3a30e332a78ec_fe6ab28ef47082f097c230f788a2fece.png.webp,https://www.ifa-berlin.com/exhibitors?page=27,730
2785,"DongGuan Baolaipo Communication Technology CO.,Ltd",China,IFA Global Markets,Hall 26a,H26a-461,https://www.ifa-berlin.com/exhibitors/dongguan-baolaipo-communication-technology,https://drive.ifa-berlin.com/drive/2026/07/_cache/fc81429fe7186e0b72d2ed1d35b6e501_974a49d43b061ed50af23e239470205f.png.webp,https://www.ifa-berlin.com/exhibitors?page=27,731
3055,EEC,Egypt,IFA Global Markets,Hall 26c,H26c-308,https://www.ifa-berlin.com/exhibitors/eec,https://drive.ifa-berlin.com/drive/2026/07/_cache/a882a551ddd77bf93e9c77116f4bb591_e522bcfd770b319e2df12b7e521245ef.jpg.webp,https://www.ifa-berlin.com/exhibitors?page=27,732
2858,"ZHONGSHAN CITY HAISHANG ELECTRIC APPLIANCE CO.,LTD.",China,IFA Global Markets,Hall 26b,H26b-1001,https://www.ifa-berlin.com/exhibitors/zhongshan-city-haishang-electric-appliance,https://www.ifa-berlin.com/img/exhibitors/default.svg,https://www.ifa-berlin.com/exhibitors?page=27,733
2985,"Hangzhou Yuan Ye Imp.& Exp.Co.,Ltd",,IFA Global Markets,Hall 26a,H26a-505,https://www.ifa-berlin.com/exhibitors/hangzhou-yuan-ye-imp-exp,https://drive.ifa-berlin.com/drive/2026/08/_cache/40651ae355e37263a1fbcba8c2cf4d3c_cee7ffe1014e3093864582593226e608.png.webp,https://www.ifa-berlin.com/exhibitors?page=27,734
3397,"Foshan Best Electric Appliance and Technology Co., Ltd.",China,IFA Global Markets,Hall 26b,H26b-939,https://www.ifa-berlin.com/exhibitors/foshan-best-electric-appliance-and-technology,https://drive.ifa-berlin.com/drive/2025/12/_cache/525691b1e0b27ad673b543a2607a98b2_07ef980c1d72d74d6e841dce18449919.png.webp,https://www.ifa-berlin.com/exhibitors?page=27,735
2068,Alpicool,China,Mobility,CityCube Hall B,CCBB-127,https://www.ifa-berlin.com/exhibitors/alpicool,https://www.ifa-berlin.com/img/exhibitors/default.svg,https://www.ifa-berlin.com/exhibitors?page=27,736
2798,Shenzhen Kvidio Smart Technology Company Limited,China,IFA Global Markets,Hall 26a,H26a-427,https://www.ifa-berlin.com/exhibitors/shenzhen-kvidio-smart-technology-company,https://drive.ifa-berlin.com/drive/2026/07/_cache/82e132f67cb5780adaa32dd631e5f1f1_4f87c1b1e1a98072f5f42a9556f20fa6.png.webp,https://www.ifa-berlin.com/exhibitors?page=27,737
3360,FGE,China,Reseller Park,Hub 27o,H27o-13,https://www.ifa-berlin.com/exhibitors/fge,https://drive.ifa-berlin.com/drive/2026/07/_cache/5431aea136fcbdf206cf0d621b6b721d_d509600a9c300826557c2b7cee99b62a.png.webp,https://www.ifa-berlin.com/exhibitors?page=27,738
3065,ADATA; XPG,Taiwan,Communication & Connectivity,Hall 3.2,H3.2-125,https://www.ifa-berlin.com/exhibitors/adata-xpg,https://drive.ifa-berlin.com/drive/2026/06/_cache/f379d9683087e73fb935fed82705c69d_fcdb655b476a98522fd02f04003ac48d.png.webp,https://www.ifa-berlin.com/exhibitors?page=27,739
3654,Optiqb AI Technology,Taiwan,IFA Next,Hall 25,H25-341,https://www.ifa-berlin.com/exhibitors/optiqb-ai-technology,https://drive.ifa-berlin.com/drive/2026/08/_cache/c80d4ebba5f97099baf449c351e45d95_25a78590698fe0c66df204cb4ef931d3.png.webp,https://www.ifa-berlin.com/exhibitors?page=27,740
2676,"Ningbo Fiercer Leopard Electric Appliance Co., Ltd.",China,IFA Global Markets,Hall 26b,H26b-1061,https://www.ifa-berlin.com/exhibitors/ningbo-fiercer-leopard-electric-appliance,https://drive.ifa-berlin.com/drive/2026/08/_cache/6b2c517505915efa352f41cf2373e73c_0c7dc838bdcd3e294e3519bdfe81ee73.png.webp,https://www.ifa-berlin.com/exhibitors?page=27,741
2886,Hedgehog Dryer,Norway,IFA Next,Hall 5.2,H5.2-407,https://www.ifa-berlin.com/exhibitors/hedgehog-dryer,https://drive.ifa-berlin.com/drive/2026/08/_cache/75ffccc31b80604fd886b6bf3b1eeb29_b2cc5de8ebdfb82ef7454f3c041b613c.png.webp,https://www.ifa-berlin.com/exhibitors?page=27,742
2694,"Cixi Wanlong Electrical Co., Ltd.",China,IFA Global Markets,Hall 26b,H26b-857,https://www.ifa-berlin.com/exhibitors/cixi-wanlong-electrical,https://drive.ifa-berlin.com/drive/2025/12/_cache/4f6dae5e2605c848ea5d8a8b66eddda9_316445eb7c6eefd00ae1746651ed6bfa.png.webp,https://www.ifa-berlin.com/exhibitors?page=27,743
3625,ANYTEK,China,Beauty Tech & Wellbeing,Hall 14,H14-125,https://www.ifa-berlin.com/exhibitors/anytek,https://drive.ifa-berlin.com/drive/2026/07/_cache/72af8cbb1b1a17556704994d7794a7bc_df0690692d84574f7bc58824c3a4850c.png.webp,https://www.ifa-berlin.com/exhibitors?page=27,744
3477,Dahua Security,China,Home Appliances,Hall 1.1,H1.1-Trier 3,https://www.ifa-berlin.com/exhibitors/dahua-security-2,https://www.ifa-berlin.com/img/exhibitors/default.svg,https://www.ifa-berlin.com/exhibitors?page=27,745
3172,"Jiangmen Bestday Electric Co., Ltd.",China,IFA Global Markets,Hall 26a,H26a-599,https://www.ifa-berlin.com/exhibitors/jiangmen-bestday-electric,https://drive.ifa-berlin.com/drive/2026/08/_cache/3f0b9f4b97951941f0f3a373dd5ccaa1_384eb1af92074d1cd7cbc0c9276c3a75.png.webp,https://www.ifa-berlin.com/exhibitors?page=27,746
3649,Janus Cyber,Taiwan,IFA Next,Hall 25,H25-341,https://www.ifa-berlin.com/exhibitors/janus-cyber,https://drive.ifa-berlin.com/drive/2026/08/_cache/d1d22a6a89c914705c13b99e33aa544a_32dcd0c942a4948ca833694253a1bc35.png.webp,https://www.ifa-berlin.com/exhibitors?page=27,747
3282,Elaraby United Company,Egypt,Reseller Park,Hub 27b,H27b-08,https://www.ifa-berlin.com/exhibitors/elaraby-united-company,https://drive.ifa-berlin.com/drive/2026/07/_cache/5b3dee03c3f77a66614fc2d24aad7311_925bb617d4b619d75b9d32cd0418debd.png.webp,https://www.ifa-berlin.com/exhibitors?page=27,748
1909,FL.ESPORTS,China,Computing & Gaming,Hall 7.2b,H7.2b-112,https://www.ifa-berlin.com/exhibitors/fl-esports,https://www.ifa-berlin.com/thumbnail/w500/2025/12/fl_esports_209.webp,https://www.ifa-berlin.com/exhibitors?page=27,749
2382,LISSOME,Hong Kong,IFA Next,Hall 25,H25-178,https://www.ifa-berlin.com/exhibitors/lissome,https://drive.ifa-berlin.com/drive/2026/08/_cache/dce2f021df664ec8cd4852de8b889d48_b037b7a9dc1a4a9c7c25525132dbc88a.jpg.webp,https://www.ifa-berlin.com/exhibitors?page=27,750
3627,"Duna Electronics, s.r.o.",Slovakia,Reseller Park,Hub 27a,H27a-14,https://www.ifa-berlin.com/exhibitors/duna-electronics,https://drive.ifa-berlin.com/drive/2026/07/_cache/091b4ef3cc192d2f7a7113c610871c04_114d6ba1a35cb7c928d37e3856bfea48.png.webp,https://www.ifa-berlin.com/exhibitors?page=27,751
2829,"Zhuhai Luckyman Technology Co., Ltd",China,IFA Global Markets,Hall 26c,H26c-250,https://www.ifa-berlin.com/exhibitors/zhuhai-luckyman-technology,https://drive.ifa-berlin.com/drive/2025/12/_cache/3715427f0f0f856bb53a0b9db2e732a0_1f2a50054f32c5431203c5d97ecf3cd3.png.webp,https://www.ifa-berlin.com/exhibitors?page=27,752
2443,"HUIZHOU CHONGXIN TECHNOLOGY Co.,LTD-TIKPAWS",China,IFA Next,Hall 25,H25-107,https://www.ifa-berlin.com/exhibitors/tikpaws,https://drive.ifa-berlin.com/drive/2026/08/_cache/eeffa5cfbf0b215c2d6ab2bbd8f5c4cd_c9a0a58bbc77432d263d11e7a5d1de62.png.webp,https://www.ifa-berlin.com/exhibitors?page=27,753
2948,"Guangdong OriginX Technology Co.,LTD",China,IFA Global Markets,Hall 26a,H26a-519,https://www.ifa-berlin.com/exhibitors/guangdong-originx-technology,https://www.ifa-berlin.com/img/exhibitors/default.svg,https://www.ifa-berlin.com/exhibitors?page=27,754
2834,"Zhongshan Ai Li Pu Electrical Appliance Co., Ltd",China,IFA Global Markets,Hall 26b,H26b-1011,https://www.ifa-berlin.com/exhibitors/zhongshan-ai-li-pu-electrical-appliance,https://www.ifa-berlin.com/img/exhibitors/default.svg,https://www.ifa-berlin.com/exhibitors?page=27,755
4013,Ventura TV OS,,,,,https://www.ifa-berlin.com/exhibitors/ventura-tv-os,https://www.ifa-berlin.com/img/exhibitors/default.svg,https://www.ifa-berlin.com/exhibitors?page=27,756
2727,"Zhejiang Smal Intelligent Manufacturing Co., Ltd.",China,IFA Global Markets,Hall 26b,H26b-977,https://www.ifa-berlin.com/exhibitors/zhejiang-smal-intelligent-manufacturing,https://drive.ifa-berlin.com/drive/2026/08/_cache/40849b976cf077721390625c042b41d1_16ff9a784d5011ac4b6ffa527869af78.png.webp,https://www.ifa-berlin.com/exhibitors?page=28,757
3339,Jianhan,China,Reseller Park,Hub 27k,H27k-20,https://www.ifa-berlin.com/exhibitors/jianhan,https://drive.ifa-berlin.com/drive/2026/08/_cache/cf481108bda10b32e6d83f7ff05d782d_6ff88f1ec5c7b78ca503f3a64c2135bb.png.webp,https://www.ifa-berlin.com/exhibitors?page=28,758
2485,XP Pen,China,Computing & Gaming,Hall 7.2b,H7.2b-120,https://www.ifa-berlin.com/exhibitors/xp-pen,https://drive.ifa-berlin.com/drive/2026/08/_cache/64905f764506fb18047e149bbd645339_f5628a34719a250f622de7f529794e6d.png.webp,https://www.ifa-berlin.com/exhibitors?page=28,759
3548,"Shenzhen Xinyicheng Acoustic Electronics Co., Ltd.",China,IFA Global Markets,Hall 26c,H26c-146,https://www.ifa-berlin.com/exhibitors/shenzhen-xinyicheng-acoustic-electronics,https://drive.ifa-berlin.com/drive/2026/07/_cache/f44d601e70ed01dc52863d67c8678ed2_d5c9ea073e149891fe6f5d72873ef99b.jpg.webp,https://www.ifa-berlin.com/exhibitors?page=28,760
3305,COMPRO,China,Reseller Park,Hub 27i,H27i-11,https://www.ifa-berlin.com/exhibitors/compro,https://drive.ifa-berlin.com/drive/2026/06/_cache/180c241013005ac8e50d88385e4055c7_f92f92891ad233057824bc2a86960449.png.webp,https://www.ifa-berlin.com/exhibitors?page=28,761
3225,Motion TM Vertriebs GmbH,Germany,Reseller Park,Hub 27b,H27b-04,https://www.ifa-berlin.com/exhibitors/motion-tm-vertriebs,https://drive.ifa-berlin.com/drive/2025/12/_cache/d76eec132c483f7b58dc30a270e7400c_df53e0204a7caf270729cfa3d32be45c.png.webp,https://www.ifa-berlin.com/exhibitors?page=28,762
3589,Sounder,China,Audio,Hall 8.2,H8.2-285,https://www.ifa-berlin.com/exhibitors/sounder,https://drive.ifa-berlin.com/drive/2026/08/_cache/8a9ec8d70f4ecffd42b19ee2602516af_c94d3c49ca45c1cb9621f3e48149246e.png.webp,https://www.ifa-berlin.com/exhibitors?page=28,763
3861,AUKEY INTERNATIONAL LIMITED,Hong Kong,Communication & Connectivity,Hall 7.1c,H7.1c-Gera,https://www.ifa-berlin.com/exhibitors/aukey-international,https://www.ifa-berlin.com/img/exhibitors/default.svg,https://www.ifa-berlin.com/exhibitors?page=28,764
2962,"Nanjing Blue Sky Filter Co., Ltd.",China,IFA Global Markets,Hall 26b,H26b-933,https://www.ifa-berlin.com/exhibitors/nanjing-blue-sky-filter,https://drive.ifa-berlin.com/drive/2025/12/_cache/312e47b2b5c226471615c6df4d570ff7_09d5c8bb7e3002bb70b23fe3d229fab0.jpg.webp,https://www.ifa-berlin.com/exhibitors?page=28,765
3639,Rebellions Inc,South Korea,IFA Next,Hall 5.2,H5.2-400,https://www.ifa-berlin.com/exhibitors/rebellions,https://drive.ifa-berlin.com/drive/2026/08/_cache/796196e8a0faf5ad6bbeda439ecd3634_d68ec582d3ecbc1ab3462cfe70e41b60.jpg.webp,https://www.ifa-berlin.com/exhibitors?page=28,766
4002,NorthLadder,Netherlands,Reseller Park,Hub 27l,H27l-14,https://www.ifa-berlin.com/exhibitors/northladder,https://drive.ifa-berlin.com/drive/2026/08/_cache/384091ea6d84815bbbc1f6dc2d57812e_b51774f62e54687443f4d65141ef8476.png.webp,https://www.ifa-berlin.com/exhibitors?page=28,767
2983,"Guangdong Xinzhaolang Precision Technology Co.,Ltd",,IFA Global Markets,Hall 26a,H26a-391,https://www.ifa-berlin.com/exhibitors/guangdong-xinzhaolang-precision-technology,https://www.ifa-berlin.com/img/exhibitors/default.svg,https://www.ifa-berlin.com/exhibitors?page=28,768
3446,"Hunan Yunhongda Motor Co., Ltd.",China,IFA Global Markets,Hall 26b,H26b-797,https://www.ifa-berlin.com/exhibitors/hunan-yunhongda-motor,https://drive.ifa-berlin.com/drive/2026/08/_cache/a3eaf5c47cb3170fca4e1a8048b3d5ce_785b8385c4584db94c4b89e448ea3898.png.webp,https://www.ifa-berlin.com/exhibitors?page=28,769
2710,"Guangdong Peaceful Technology Co., Ltd.",China,IFA Global Markets,Hall 26b,H26b-995,https://www.ifa-berlin.com/exhibitors/guangdong-peaceful-technology,https://drive.ifa-berlin.com/drive/2025/12/_cache/a74c53f3506a24df0c9b9c0429d5fb59_b0c0b8cb0591881f12d500a01f7daafd.png.webp,https://www.ifa-berlin.com/exhibitors?page=28,770
3124,"Shenzhen Lianchuang Technology Group Co., Ltd.",China,IFA Global Markets,Hall 26c,H26c-176,https://www.ifa-berlin.com/exhibitors/shenzhen-lianchuang-technology-group,https://drive.ifa-berlin.com/drive/2025/12/_cache/ab47761e37d36edb6c9aa02fe57d794e_89f3b61338b20957ff8ee3900455f0ef.png.webp,https://www.ifa-berlin.com/exhibitors?page=28,771
3247,TC Manufacturer,China,Reseller Park,Hub 27e,H27e-18,https://www.ifa-berlin.com/exhibitors/tc-manufacturer,https://drive.ifa-berlin.com/drive/2026/08/_cache/442cb5a33985db65b81dbe5d30b9c622_46846ddbeb05b6c1f54d5e5376c8e7b6.png.webp,https://www.ifa-berlin.com/exhibitors?page=28,772
2109,Leydenjar Technologies B.V.,Netherlands,IFA Next,Hall 25,H25-247,https://www.ifa-berlin.com/exhibitors/leydenjar-technologies,https://drive.ifa-berlin.com/drive/2025/12/_cache/16588a0a676337b1c95cf2eb39a7361a_e2c2ee49bb63f2950e2d4355b800a0f3.png.webp,https://www.ifa-berlin.com/exhibitors?page=28,773
3213,Best Phone Mundo Móvil,Spain,Reseller Park,Hub 27a,H27a-01,https://www.ifa-berlin.com/exhibitors/best-phone-mundo-movil,https://www.ifa-berlin.com/img/exhibitors/default.svg,https://www.ifa-berlin.com/exhibitors?page=28,774
3843,GetD,China,IFA Next,Hall 25,H25-167,https://www.ifa-berlin.com/exhibitors/getd,https://drive.ifa-berlin.com/drive/2026/08/_cache/6c0a27b0dbdd74a436f52f8ddbc487d2_4792e695465368f97167e22c26d529a9.png.webp,https://www.ifa-berlin.com/exhibitors?page=28,775
2755,"Dongguan Difen Electric Appliance Co.,Ltd",China,IFA Global Markets,Hall 26a,H26a-459,https://www.ifa-berlin.com/exhibitors/dongguan-difen-electric-appliance,https://drive.ifa-berlin.com/drive/2026/06/_cache/3f4f2ebfa2b5af64f44efd6023f570d3_e6719f6a9733f826149c6bdc4e755af0.png.webp,https://www.ifa-berlin.com/exhibitors?page=28,776
2609,"Foshan O-Max Electric Appliance Co., Ltd",China,IFA Global Markets,Hall 26b,H26b-1097,https://www.ifa-berlin.com/exhibitors/foshan-o-max-electric-appliance,https://drive.ifa-berlin.com/drive/2025/12/_cache/b17044aeea54430219eda4c4ff3a7cb4_b6c65cccc16a12f7ba0b6d9f5df7d195.jpg.webp,https://www.ifa-berlin.com/exhibitors?page=28,777
2500,CleanWave,Poland,Smart Home,Hall 2.2,H2.2-183,https://www.ifa-berlin.com/exhibitors/cleanwave,https://drive.ifa-berlin.com/drive/2026/08/_cache/554d6049014fde533bff4aab598cc370_94cd0699fb9702a1155d0222ed20b902.png.webp,https://www.ifa-berlin.com/exhibitors?page=28,778
3672,PROMETEO,Italy,IFA Next,Hall 25,H25-369,https://www.ifa-berlin.com/exhibitors/prometeo,https://www.ifa-berlin.com/img/exhibitors/default.svg,https://www.ifa-berlin.com/exhibitors?page=28,779
3125,"Enping City Yu's Electronic Technology Co., Ltd",China,IFA Global Markets,Hall 26c,H26c-144,https://www.ifa-berlin.com/exhibitors/enping-city-yu-s-electronic-technology,https://drive.ifa-berlin.com/drive/2026/06/_cache/f61ef8c3831d151651a770ba972b8b88_3b19641cb7caec3c22002e2c6fa327f1.jpg.webp,https://www.ifa-berlin.com/exhibitors?page=28,780
2474,Briteman Smart Lighting,USA,Smart Home,Hall 1.2,H1.2-158,https://www.ifa-berlin.com/exhibitors/briteman-smart-lighting,https://www.ifa-berlin.com/img/exhibitors/default.svg,https://www.ifa-berlin.com/exhibitors?page=28,781
2789,"SHENZHEN ANTOP TECHNOLOGY CO., LTD",,IFA Global Markets,Hall 26b,H26b-905,https://www.ifa-berlin.com/exhibitors/shenzhen-antop-technology,https://drive.ifa-berlin.com/drive/2026/07/_cache/044359963f14b172bcda691cd4889037_2ca81e25a810a1eab98ca502d6bf3093.png.webp,https://www.ifa-berlin.com/exhibitors?page=28,782
2810,"WENZHOU LENA ELECTRIC PRODUCTS CO., LTD",China,IFA Global Markets,Hall 26a,H26a-425,https://www.ifa-berlin.com/exhibitors/wenzhou-lena-electric-products,https://drive.ifa-berlin.com/drive/2025/12/_cache/f08b1d6dadd68ff459524e0ace3583bb_a551c3063bdb51edcfb3838902679e48.png.webp,https://www.ifa-berlin.com/exhibitors?page=28,783
2855,"GUANGDONG ICECO ENTERPRISE CO.,LTD",China,IFA Global Markets,Hall 26b,H26b-1019,https://www.ifa-berlin.com/exhibitors/guangdong-iceco-enterprise,https://www.ifa-berlin.com/img/exhibitors/default.svg,https://www.ifa-berlin.com/exhibitors?page=28,784
2314,Mudita,Poland,Communication & Connectivity,Hall 5.2,H5.2-169,https://www.ifa-berlin.com/exhibitors/mudita,https://drive.ifa-berlin.com/drive/2025/12/_cache/e4187c505415de674b43bdf73611ff0d_362c6637843cd68f9e94c825a2616c96.jpg.webp,https://www.ifa-berlin.com/exhibitors?page=29,785
3509,UNIFLY,China,Computing & Gaming,Hall 5.2,H5.2-316,https://www.ifa-berlin.com/exhibitors/unifly,https://drive.ifa-berlin.com/drive/2026/08/_cache/578f0ed03dd0332ff781d813f8ae4b19_a3eadc704a1a02fbed8192f4103439eb.png.webp,https://www.ifa-berlin.com/exhibitors?page=29,786
3714,SM,South Korea,IFA Next,Hall 25,H25-361,https://www.ifa-berlin.com/exhibitors/sm,https://drive.ifa-berlin.com/drive/2026/07/_cache/49914fba0e4d1938bdaaea49ea46fbcd_3bdce0ca7a0d663175ffd24248ac088d.png.webp,https://www.ifa-berlin.com/exhibitors?page=29,787
2682,"Zhejiang Huaguang Electric Appliance Group Co., Ltd.",China,IFA Global Markets,Hall 26a,H26a-539,https://www.ifa-berlin.com/exhibitors/zhejiang-huaguang-electric-appliance-group,https://drive.ifa-berlin.com/drive/2026/06/_cache/003b73935489009c7c61e07c41995cd4_4fb0235b0c8d15589bf7a3e3199fde4c.png.webp,https://www.ifa-berlin.com/exhibitors?page=29,788
2302,Intelligent Energy,China,Smart Home,Hall 1.2,H1.2-126,https://www.ifa-berlin.com/exhibitors/intelligent-energy,https://drive.ifa-berlin.com/drive/2026/08/_cache/4427d0271b7fdfb0e78cbed9d9b8ce29_599727499e50573c643a334ae144e240.png.webp,https://www.ifa-berlin.com/exhibitors?page=29,789
2151,VMFi inc,Taiwan,IFA Next,Hall 25,H25-243,https://www.ifa-berlin.com/exhibitors/vmfi,https://drive.ifa-berlin.com/drive/2026/06/_cache/dc87f9525318ff7b0c20cb6d6ddf4d1e_2ff926a73925195cd691656552098134.png.webp,https://www.ifa-berlin.com/exhibitors?page=29,790
3082,Aquascope,Germany,Smart Home,Hall 1.2,H1.2-149,https://www.ifa-berlin.com/exhibitors/aquascope,https://www.ifa-berlin.com/img/exhibitors/default.svg,https://www.ifa-berlin.com/exhibitors?page=29,791
2652,IFA Next Shell,,,,IFA Next Shell,,https://www.ifa-berlin.com/img/exhibitors/default.svg,https://www.ifa-berlin.com/exhibitors?page=29,792
1969,ULTTY,China,Home Appliances,Hall 11.1,H11.1-125,https://www.ifa-berlin.com/exhibitors/ultty,https://drive.ifa-berlin.com/drive/2025/12/_cache/e3e4577a72d31e9cb3762f86ede34dab_7648450f64e429cd502ac8e618f9141e.png.webp,https://www.ifa-berlin.com/exhibitors?page=29,793
3278,Topus sp. Z.o.o.,Poland,Reseller Park,Hub 27g,H27g-20,https://www.ifa-berlin.com/exhibitors/topus,https://drive.ifa-berlin.com/drive/2026/07/_cache/bc08c61549ebb64a44696ae40afa98e6_e6ce02a6e50d9dbaf41a6ac550952d76.png.webp,https://www.ifa-berlin.com/exhibitors?page=29,794
3358,TomaChef,China,Reseller Park,Hub 27n,H27n-10,https://www.ifa-berlin.com/exhibitors/tomachef,https://drive.ifa-berlin.com/drive/2026/07/_cache/5c32e3c397d0b9e099db956b05f43abe_a264ac7331910289239f76f4a03b54e7.jpg.webp,https://www.ifa-berlin.com/exhibitors?page=29,795
2575,ReallyUseful,Taiwan,IFA Global Markets,Hall 26c,H26c-338,https://www.ifa-berlin.com/exhibitors/reallyuseful,https://drive.ifa-berlin.com/drive/2026/07/_cache/278c75226daba4baa4d3bd9d628d9c91_eb749d0998a7dfc5716c5d116b9f34ec.png.webp,https://www.ifa-berlin.com/exhibitors?page=29,796
2190,SUNEAST,Japan,Content Creation,Hall 20,H20-153,https://www.ifa-berlin.com/exhibitors/suneast,https://drive.ifa-berlin.com/drive/2026/08/_cache/83bf0c08e773362a9e843c08f830e96e_6af524b3b324088d7955d4ac83b60227.png.webp,https://www.ifa-berlin.com/exhibitors?page=29,797
3181,"KINGWAY INTELLIGENT HOME APPLIANCES(SHAANXI) IMPORT AND EXPORT CO.,LTD.",China,IFA Global Markets,Hall 26a,H26a-749,https://www.ifa-berlin.com/exhibitors/kingway-intelligent-home-appliances-shaanxi-import-and-export,https://drive.ifa-berlin.com/drive/2026/08/_cache/29186bb8cc87b5f69d49de036ef58755_b5a8526c500079265a40ec424b59d280.png.webp,https://www.ifa-berlin.com/exhibitors?page=29,798
3223,AXRO GmbH,Germany,Reseller Park,Hub 27b,H27b-11,https://www.ifa-berlin.com/exhibitors/axro,https://drive.ifa-berlin.com/drive/2026/07/_cache/6d88d2325041ba00026c9a16ffb72ca4_a14be69ed971cfec7b5df5ed54cb6989.png.webp,https://www.ifa-berlin.com/exhibitors?page=29,799
2759,"Ningbo Sharesun Electronic Technology Co.,Ltd.",China,IFA Global Markets,Hall 26b,H26b-821,https://www.ifa-berlin.com/exhibitors/ningbo-sharesun-electronic-technology,https://drive.ifa-berlin.com/drive/2026/06/_cache/981c1fe224c21a6da66a4b68516b764c_d55e868bf78f8de16f9e77a60f763bd2.png.webp,https://www.ifa-berlin.com/exhibitors?page=29,800
3272,CELLUTECH FZCO,United Arab Emirates,Reseller Park,Hub 27g,H27g-04,https://www.ifa-berlin.com/exhibitors/cellutech,https://www.ifa-berlin.com/img/exhibitors/default.svg,https://www.ifa-berlin.com/exhibitors?page=29,801
3340,Adole,China,Reseller Park,Hub 27o,H27o-18,https://www.ifa-berlin.com/exhibitors/adole,https://drive.ifa-berlin.com/drive/2026/07/_cache/76dfae6c1022119fed32ea2acfb24128_019baa32a8d5265f9e0ebb57fb4303ca.jpeg.webp,https://www.ifa-berlin.com/exhibitors?page=29,802
3068,Qingsea,United Kingdom,Smart Home,Hall 2.2,H2.2-192,https://www.ifa-berlin.com/exhibitors/qingsea,https://www.ifa-berlin.com/img/exhibitors/default.svg,https://www.ifa-berlin.com/exhibitors?page=29,803
3534,"DONGGUAN FUJING TECHNOLOGY CO.,LTD",China,IFA Global Markets,Hall 26a,H26a-507,https://www.ifa-berlin.com/exhibitors/dongguan-fujing-technology,https://drive.ifa-berlin.com/drive/2026/08/_cache/f0fff29187f1282f322dabf1bc97d559_a3999244d58195fc904f723443652230.png.webp,https://www.ifa-berlin.com/exhibitors?page=29,804
3937,rtfm,Germany,,Hall 6.3,H6.3-Conference C,https://www.ifa-berlin.com/exhibitors/rtfm,https://drive.ifa-berlin.com/drive/2026/08/_cache/2009605cb7e5ccb258b2e00d40f4327f_48beef70305ea74c977d5ad1fe4e5bfd.jpg.webp,https://www.ifa-berlin.com/exhibitors?page=29,805
3896,CloudBase,South Korea,IFA Next,Hall 25,H25-279,https://www.ifa-berlin.com/exhibitors/cloudbase,https://drive.ifa-berlin.com/drive/2026/08/_cache/501fb8d1b4b55f7c69e6c07ed8946d5d_4b8dcda205a77d6e18abdd635550b830.png.webp,https://www.ifa-berlin.com/exhibitors?page=29,806
2406,BLUETEX Technology,China,IFA Next,Hall 25,H25-197,https://www.ifa-berlin.com/exhibitors/bluetex-technology,https://drive.ifa-berlin.com/drive/2026/08/_cache/648d67ce30fdcc33a0fed0fb35b8dfd9_723f75b99e1362348dd8b5b4058a8dc7.png.webp,https://www.ifa-berlin.com/exhibitors?page=29,807
2836,"Zhongshan Canxin Electrical Appliances Co., Ltd.",China,IFA Global Markets,Hall 26b,H26b-1005,https://www.ifa-berlin.com/exhibitors/zhongshan-canxin-electrical-appliances,https://drive.ifa-berlin.com/drive/2025/12/_cache/63cacd1b5460b005a5604656962a6424_53fe5e5a179300baedc3d52aca4d8ce5.jpg.webp,https://www.ifa-berlin.com/exhibitors?page=29,808
2298,Suzhou Shaohao Technology,China,IFA Next,Hall 25,H25-208,https://www.ifa-berlin.com/exhibitors/suzhou-shaohao-technology,https://drive.ifa-berlin.com/drive/2026/06/_cache/55e6deb8225d97ed9355b63479662ef2_75d2b4156da8cf5600cfc32bf70963db.jpg.webp,https://www.ifa-berlin.com/exhibitors?page=29,809
2125,Hengbot,China,IFA Next,Hall 25,H25-397,https://www.ifa-berlin.com/exhibitors/hengbot,https://drive.ifa-berlin.com/drive/2025/12/_cache/8aebebaeb914683a837f6cf92689e85f_5f4e172829b6321569f9c82f2e149a73.png.webp,https://www.ifa-berlin.com/exhibitors?page=29,810
2949,"CIXI DELANG ELECTRICAL APPLIANCES CO.,LTD",China,IFA Global Markets,Hall 26a,H26a-521,https://www.ifa-berlin.com/exhibitors/cixi-delang-electrical-appliances,https://www.ifa-berlin.com/img/exhibitors/default.svg,https://www.ifa-berlin.com/exhibitors?page=29,811
3671,AITECH4T,Italy,IFA Next,Hall 25,H25-369,https://www.ifa-berlin.com/exhibitors/aitech4t,https://www.ifa-berlin.com/img/exhibitors/default.svg,https://www.ifa-berlin.com/exhibitors?page=29,812
3724,Rabot Energy DE GmbH,Germany,Smart Home,Hall 2.2,H2.2-198,https://www.ifa-berlin.com/exhibitors/rabot-energy-de,https://drive.ifa-berlin.com/drive/2026/08/_cache/1ef4a89b8983e9bf285f22f9b55cd7c2_e919e0f0244673f4c98689ccd717ca24.png.webp,https://www.ifa-berlin.com/exhibitors?page=30,813
2930,CHINA ELECTRONICS SHENZHEN COMPANY,China,IFA Global Markets,Hall 26b,H26b-777,https://www.ifa-berlin.com/exhibitors/china-electronics-shenzhen-company,https://www.ifa-berlin.com/img/exhibitors/default.svg,https://www.ifa-berlin.com/exhibitors?page=30,814
3003,Care Pro,China,IFA Next,Hall 25,H25-269,https://www.ifa-berlin.com/exhibitors/care-pro,https://www.ifa-berlin.com/img/exhibitors/default.svg,https://www.ifa-berlin.com/exhibitors?page=30,815
3676,FORMULARIUM,Italy,IFA Next,Hall 25,H25-369,https://www.ifa-berlin.com/exhibitors/formularium,https://drive.ifa-berlin.com/drive/2026/08/_cache/519c47b5bc6c30d0a3af463db130904f_38ff51a2e4ace745646c14a61f19113d.png.webp,https://www.ifa-berlin.com/exhibitors?page=30,816
3790,Tangem,United Kingdom,IFA Next,Hall 25,H25-375,https://www.ifa-berlin.com/exhibitors/tangem,https://drive.ifa-berlin.com/drive/2025/12/_cache/32b850575a61a5045d0be8733ebc539c_6ff8ed443bc34721059b726a3f23f21d.png.webp,https://www.ifa-berlin.com/exhibitors?page=30,817
2935,"TIMIT TECHNOLOGY CO.,LTD.",China,IFA Global Markets,Hall 26a,H26a-487,https://www.ifa-berlin.com/exhibitors/timit-technology,https://www.ifa-berlin.com/thumbnail/w500/2025/12/timit_technology_co_ltd_1645.webp,https://www.ifa-berlin.com/exhibitors?page=30,818
3109,Jiangxi Richtek Photo-Electronics LTD,China,IFA Global Markets,Hall 26b,H26b-755,https://www.ifa-berlin.com/exhibitors/jiangxi-richtek-photo-electronics,https://www.ifa-berlin.com/img/exhibitors/default.svg,https://www.ifa-berlin.com/exhibitors?page=30,819
3570,"Guangzhou Pangao Leader Technology Co., Ltd",China,Home Appliances,Hall 11.1,H11.1-113,https://www.ifa-berlin.com/exhibitors/guangzhou-pangao-leader-technology,https://drive.ifa-berlin.com/drive/2026/07/_cache/1fe4930f6b6f59ee8fa49ba97e08e8b1_80cc2af88a8e4784117ae3791ac65df6.png.webp,https://www.ifa-berlin.com/exhibitors?page=30,820
3742,HeatIT,Germany,IFA Next | Smart Home,Hall 25 | Hall 1.2,H25-377 | H1.2-149,https://www.ifa-berlin.com/exhibitors/heatit,https://drive.ifa-berlin.com/drive/2026/08/_cache/3934cb152cc0d35ce8f208223779ed85_7d2e12a5af29bcb258d7dedffe0df3cf.jpg.webp,https://www.ifa-berlin.com/exhibitors?page=30,821
3166,"JiangXi Roxound Acoustic Technology Co.,Ltd.",China,IFA Global Markets,Hall 26a,H26a-293,https://www.ifa-berlin.com/exhibitors/jiangxi-roxound-acoustic-technology,https://drive.ifa-berlin.com/drive/2026/08/_cache/2cecf6be07cc44439700d1c1d30aa9c0_51b34f3420f93acc47908c201424180a.jpg.webp,https://www.ifa-berlin.com/exhibitors?page=30,822
2627,Fitcare,China,Beauty Tech & Wellbeing,Hall 15,H15-133,https://www.ifa-berlin.com/exhibitors/fitcare,https://drive.ifa-berlin.com/drive/2026/08/_cache/76b02dfda80b46a66d83ee7d398b3fb2_29c8136dc46cfa870f466dc8fff00896.jpg.webp,https://www.ifa-berlin.com/exhibitors?page=30,823
3342,MG Manager Computers IKE,Greece,Reseller Park,Hub 27l,H27l-16,https://www.ifa-berlin.com/exhibitors/mg-manager-computers,https://drive.ifa-berlin.com/drive/2026/07/_cache/79578b62d19f0ff7a15917b311892df8_faf49b6cf22a5a352a812384596eef2c.png.webp,https://www.ifa-berlin.com/exhibitors?page=30,824
2659,"Ningbo Rongyida Electric Appliance Co.,Ltd",China,IFA Global Markets,Hall 26a,H26a-501,https://www.ifa-berlin.com/exhibitors/ningbo-rongyida-electric-appliance,https://drive.ifa-berlin.com/drive/2026/08/_cache/f9c44303a7ea058c6abcd4502ecbe28d_188c99fe0ebff803f96585749f6350b7.png.webp,https://www.ifa-berlin.com/exhibitors?page=30,825
3656,Synstream,Taiwan,IFA Next,Hall 25,H25-341,https://www.ifa-berlin.com/exhibitors/synstream,https://www.ifa-berlin.com/img/exhibitors/default.svg,https://www.ifa-berlin.com/exhibitors?page=30,826
2982,"Zhuhai Aikelong Technology Co.,Ltd",,IFA Global Markets,Hall 26c | Hall 26a,H26c-164 | H26a-503,https://www.ifa-berlin.com/exhibitors/zhuhai-aikelong-technology,https://drive.ifa-berlin.com/drive/2026/09/_cache/5c7a2e0ceea96858a54b70e27fe952b6_95bf785d5030edcb77d7e5f4433d018d.png.webp,https://www.ifa-berlin.com/exhibitors?page=30,827
3682,Tineco,,Home Appliances,Hall 9,H9-113,https://www.ifa-berlin.com/exhibitors/tineco,https://www.ifa-berlin.com/img/exhibitors/default.svg,https://www.ifa-berlin.com/exhibitors?page=30,828
3668,CERTIBLOK,Italy,IFA Next,Hall 25,H25-369,https://www.ifa-berlin.com/exhibitors/certiblok,https://www.ifa-berlin.com/img/exhibitors/default.svg,https://www.ifa-berlin.com/exhibitors?page=30,829
3281,USB Implementers Forum (USB-IF),USA,Reseller Park,Hub 27g,H27g-TISCH,https://www.ifa-berlin.com/exhibitors/usb-implementers-forum-usb-if,https://www.ifa-berlin.com/img/exhibitors/default.svg,https://www.ifa-berlin.com/exhibitors?page=30,830
3317,Leadoys,China,Reseller Park,Hub 27j,H27j-04,https://www.ifa-berlin.com/exhibitors/leadoys,https://drive.ifa-berlin.com/drive/2026/07/_cache/7c58335a62c6dc0b2c4817bc308f26a3_27b9071b8ced07439e1bddff856a3f7f.jpg.webp,https://www.ifa-berlin.com/exhibitors?page=30,831
3362,BESTPACKAGE,China,Reseller Park,Hub 27o,H27o-08,https://www.ifa-berlin.com/exhibitors/bestpackage,https://drive.ifa-berlin.com/drive/2026/08/_cache/e5ebebe89c4de797c32c52349a6f8cc9_9331259c1c0e80af29835bffe251e2fc.png.webp,https://www.ifa-berlin.com/exhibitors?page=30,832
3101,"Shenzhen Maxtop Digital Technology Co.,Ltd.",China,IFA Global Markets,Hall 26a,H26a-329,https://www.ifa-berlin.com/exhibitors/shenzhen-maxtop-digital-technology,https://drive.ifa-berlin.com/drive/2026/06/_cache/40f515aa2dd74c30f6e27ef0f93277a3_5055d6bf4157d16099188c5bf40e1f43.png.webp,https://www.ifa-berlin.com/exhibitors?page=30,833
2996,Citring,Spain,Home Appliances,Hall 6.1,H6.1-127,https://www.ifa-berlin.com/exhibitors/citring,https://drive.ifa-berlin.com/drive/2026/07/_cache/f3fae3d298aae4d429344c506b8b3666_5d61987fe3e620b296b428f2e935e820.jpg.webp,https://www.ifa-berlin.com/exhibitors?page=30,834
3648,AIPLUX,Taiwan,IFA Next,Hall 25,H25-341,https://www.ifa-berlin.com/exhibitors/aiplux,https://drive.ifa-berlin.com/drive/2026/08/_cache/84dc31e2342593acb5a1a8956d56533c_10bc59adeaad0a9708bcf995653b70ff.png.webp,https://www.ifa-berlin.com/exhibitors?page=30,835
3595,Yesido,China,Audio,Hall 8.2,H8.2-271,https://www.ifa-berlin.com/exhibitors/yesido,https://drive.ifa-berlin.com/drive/2026/08/_cache/df17841bd4b74f0d96066893bae536db_38b8381ed7835cc11ebd35907ed112a5.jpg.webp,https://www.ifa-berlin.com/exhibitors?page=30,836
3303,Tianmei,China,Reseller Park,Hub 27i,H27i-17,https://www.ifa-berlin.com/exhibitors/tianmei,https://drive.ifa-berlin.com/drive/2026/06/_cache/93bed121f5a3f85a02b92ceb9fad0607_b8e31ad63116839be15ab10e97e55cc7.png.webp,https://www.ifa-berlin.com/exhibitors?page=30,837
2232,Dream Guide Company,South Korea,IFA Next,Hall 25,H25-259,https://www.ifa-berlin.com/exhibitors/dream-guide-company,https://www.ifa-berlin.com/img/exhibitors/default.svg,https://www.ifa-berlin.com/exhibitors?page=30,838
3415,AREX,Hong Kong,IFA Next,Hall 25,H25-220,https://www.ifa-berlin.com/exhibitors/arex,https://drive.ifa-berlin.com/drive/2026/08/_cache/b8dd31ecbb569ec3375a6282f51a20b7_03b7fa290e04a20bb5ba63ed65ddec32.png.webp,https://www.ifa-berlin.com/exhibitors?page=30,839
2330,DISS-CO® GmbH,Germany,IFA Next,Hall 25,H25-315,https://www.ifa-berlin.com/exhibitors/diss-co,https://www.ifa-berlin.com/img/exhibitors/default.svg,https://www.ifa-berlin.com/exhibitors?page=30,840
2959,"Shaanxi United Import & Export Co., Ltd.",China,IFA Global Markets,Hall 26a,H26a-733,https://www.ifa-berlin.com/exhibitors/shaanxi-united-import-export,https://www.ifa-berlin.com/img/exhibitors/default.svg,https://www.ifa-berlin.com/exhibitors?page=31,841
4004,MNG,United Arab Emirates,Reseller Park,Hub 27m,H27m-04,https://www.ifa-berlin.com/exhibitors/mng,https://www.ifa-berlin.com/img/exhibitors/default.svg,https://www.ifa-berlin.com/exhibitors?page=31,842
3490,ACTXA,Singapore,IFA Next,Hall 25,H25-346,https://www.ifa-berlin.com/exhibitors/actxa,https://drive.ifa-berlin.com/drive/2026/08/_cache/5159afc0a95ebad411b726fb81ead649_1ed963bb02e961913649ccba621bb8a1.png.webp,https://www.ifa-berlin.com/exhibitors?page=31,843
3014,Sweekar,China,IFA Next,Hall 25,H25-223,https://www.ifa-berlin.com/exhibitors/sweekar,https://www.ifa-berlin.com/img/exhibitors/default.svg,https://www.ifa-berlin.com/exhibitors?page=31,844
2308,IMILAB,China,Smart Home,Hall 1.2,H1.2-103,https://www.ifa-berlin.com/exhibitors/imilab,https://drive.ifa-berlin.com/drive/2026/06/_cache/eb5e3b06abb977449cb49a3a84bebb40_c8c2ff03d0ed0964f6e6a58b9975d65a.jpg.webp,https://www.ifa-berlin.com/exhibitors?page=31,845
1919,AlphaTheta (Pioneer DJ),United Kingdom,Audio,Hall 10.2,H10.2-115,https://www.ifa-berlin.com/exhibitors/alphatheta-pioneer-dj,https://drive.ifa-berlin.com/drive/2025/08/_cache/32e4256ca5d60a7e8078227332500827_dd3ea72271a50be6d65a1807e304303a.jpg.webp,https://www.ifa-berlin.com/exhibitors?page=31,846
2923,"Shaoxing Shangyu North Electron Manufacture Co.,Ltd",China,IFA Global Markets,Hall 26b,H26b-1099,https://www.ifa-berlin.com/exhibitors/shaoxing-shangyu-north-electron-manufacture,https://drive.ifa-berlin.com/drive/2025/12/_cache/2ef890ae3c2643449ec25dfbe3a6ea55_8a43d094f50392e7edd06cc47f53b4c0.png.webp,https://www.ifa-berlin.com/exhibitors?page=31,847
2790,"DONGUAN CHFINE LUGGAGES AND CASES CO,.LTD",China,IFA Global Markets,Hall 26b,H26b-749,https://www.ifa-berlin.com/exhibitors/donguan-chfine-luggages-and-cases,https://drive.ifa-berlin.com/drive/2026/07/_cache/02dbfd3effcb21f4cbc6cbee26f7a8f8_7df270c2e2511e3ef601bdc4411bf671.png.webp,https://www.ifa-berlin.com/exhibitors?page=31,848
3117,"ZAZAYOU Technology Co., Ltd.",China,IFA Global Markets,Hall 26c,H26c-170,https://www.ifa-berlin.com/exhibitors/zazayou-technology,https://drive.ifa-berlin.com/drive/2026/08/_cache/1cf9fd29fbe016618b0be3f18fe0424d_8d079a2387b42661dad95c1780df6c5d.png.webp,https://www.ifa-berlin.com/exhibitors?page=31,849
4017,Fixje B.V.,Netherlands,Reseller Park,Hub 27d,H27d-14,https://www.ifa-berlin.com/exhibitors/fixje,https://www.ifa-berlin.com/img/exhibitors/default.svg,https://www.ifa-berlin.com/exhibitors?page=31,850
2565,"KELI MOTOR GROUP CO., LTD.",Germany,IFA Global Markets,Hall 26c,H26c-388,https://www.ifa-berlin.com/exhibitors/sole-proprietorship,https://drive.ifa-berlin.com/drive/2026/07/_cache/229e3843601ea00f796b4b378b30ad4a_ff64e6677ebe30a906ae68e90ba1920b.png.webp,https://www.ifa-berlin.com/exhibitors?page=31,851
2251,SEEPPO,China,IFA Next,Hall 25,H25-285,https://www.ifa-berlin.com/exhibitors/seeppo,https://drive.ifa-berlin.com/drive/2026/07/_cache/655040a9b0b6d8add55524935833d8cb_2f5e76de383b5c3af97f8c54e7f8dbce.png.webp,https://www.ifa-berlin.com/exhibitors?page=31,852
2267,Smart Home Appliances Ltd,United Kingdom,Smart Home,Hall 1.2,H1.2-101,https://www.ifa-berlin.com/exhibitors/smart-home-appliances,https://www.ifa-berlin.com/img/exhibitors/default.svg,https://www.ifa-berlin.com/exhibitors?page=31,853
2252,XbotPark · INNOX,China,IFA Next,Hall 25,H25-235 | H25-127 | H25-267 | H25-265 | H25-269 | H25-263 | H25-261 | H25-231 | H25-233 | H25-237 | H25-229 | H25-225 | H25-223,https://www.ifa-berlin.com/exhibitors/xbotpark-innox,https://www.ifa-berlin.com/img/exhibitors/default.svg,https://www.ifa-berlin.com/exhibitors?page=31,854
2715,"Zhejiang Beauty And Health Electrical Appliance Co., Ltd.",China,IFA Global Markets,Hall 26a,H26a-547,https://www.ifa-berlin.com/exhibitors/zhejiang-beauty-and-health-electrical-appliance,https://drive.ifa-berlin.com/drive/2026/05/_cache/0ccf334e2d27a47484073ec4cef5a19a_e65248759b1f692428372f63d8d71803.jpg.webp,https://www.ifa-berlin.com/exhibitors?page=31,855
3389,"Juson Wood Co., Ltd.",China,IFA Global Markets,Hall 26b,H26b-787,https://www.ifa-berlin.com/exhibitors/juson-wood,https://drive.ifa-berlin.com/drive/2026/08/_cache/8f158594d250fd9864a535c6a2acdc28_996be5972a68118b7d625f02a4de68dc.png.webp,https://www.ifa-berlin.com/exhibitors?page=31,856
2687,"Ningbo Liqi Electrical Appliance Co., Ltd.",China,IFA Global Markets,Hall 26a,H26a-353,https://www.ifa-berlin.com/exhibitors/ningbo-liqi-electrical-appliance,https://drive.ifa-berlin.com/drive/2026/08/_cache/aba0a13793a14f4aeea777795408aa8e_460c7993b3adb09cf5b11a767a70985c.png.webp,https://www.ifa-berlin.com/exhibitors?page=31,857
2220,Mixy - Smart Cocktail Device,Slovenia,IFA Next,Hall 25,H25-283,https://www.ifa-berlin.com/exhibitors/mixy-smart-cocktail-device,https://drive.ifa-berlin.com/drive/2026/07/_cache/2eac24569f146c39351a2616dc80179d_e2ef1ac557d532d788ad3d81c51b1faa.png.webp,https://www.ifa-berlin.com/exhibitors?page=31,858
2569,"ANBOLIFE GROUP CO., LTD.",United Kingdom,IFA Global Markets,Hall 26c,H26c-394,https://www.ifa-berlin.com/exhibitors/anbolife-group,https://www.ifa-berlin.com/img/exhibitors/default.svg,https://www.ifa-berlin.com/exhibitors?page=31,859
3491,DAIVE,Singapore,IFA Next,Hall 25,H25-346,https://www.ifa-berlin.com/exhibitors/daive,https://drive.ifa-berlin.com/drive/2026/08/_cache/424d883519112b1b2fafd274aefd20a3_5b6c5f0a30a8b6d7b5a64b62874ea59b.png.webp,https://www.ifa-berlin.com/exhibitors?page=31,860
3241,ALCHEMY Telco Solutions Limited,Ireland,Reseller Park,Hub 27d,H27d-06,https://www.ifa-berlin.com/exhibitors/alchemy-telco-solutions,https://www.ifa-berlin.com/img/exhibitors/default.svg,https://www.ifa-berlin.com/exhibitors?page=31,861
2749,"Cixi Gstar Electric Appliance Co., Ltd",China,IFA Global Markets,Hall 26a,H26a-577,https://www.ifa-berlin.com/exhibitors/cixi-gstar-electric-appliance,https://drive.ifa-berlin.com/drive/2026/06/_cache/f0819c6c35c5101b21a578edc6170e2d_504ad71d35f96859b9b878a87ea74c57.png.webp,https://www.ifa-berlin.com/exhibitors?page=31,862
3842,Norton,Germany,Communication & Connectivity,CityCube Hall B,CCBB-135,https://www.ifa-berlin.com/exhibitors/norton,https://www.ifa-berlin.com/img/exhibitors/default.svg,https://www.ifa-berlin.com/exhibitors?page=31,863
3591,Neuromeka,South Korea,IFA Next,Hall 25,H25-361,https://www.ifa-berlin.com/exhibitors/neuromeka-2,https://www.ifa-berlin.com/img/exhibitors/default.svg,https://www.ifa-berlin.com/exhibitors?page=31,864
2384,Auricle ApS,Denmark,IFA Next,Hall 25,H25-323,https://www.ifa-berlin.com/exhibitors/auricle,https://drive.ifa-berlin.com/drive/2026/08/_cache/a70d540c8600fc6709512e510d488c19_546fb83b9d0bf3c7aecbb1cd779bf1fb.jpg.webp,https://www.ifa-berlin.com/exhibitors?page=31,865
4000,Galaxy At Phone,Germany,Reseller Park,Hub 27g,H27g-09,https://www.ifa-berlin.com/exhibitors/galaxy-at-phone,https://www.ifa-berlin.com/img/exhibitors/default.svg,https://www.ifa-berlin.com/exhibitors?page=31,866
3621,Kario Company Limited,China,IFA Global Markets,Hall 26a,H26a-483,https://www.ifa-berlin.com/exhibitors/kario-company,https://www.ifa-berlin.com/img/exhibitors/default.svg,https://www.ifa-berlin.com/exhibitors?page=31,867
3368,AB Foto Sp z.o.o.,Poland,Reseller Park,Hub 27b,H27b-02,https://www.ifa-berlin.com/exhibitors/ab-foto,https://www.ifa-berlin.com/img/exhibitors/default.svg,https://www.ifa-berlin.com/exhibitors?page=31,868
3725,PICO XR,United Kingdom,,Hall 3.1,H3.1-Passau 1,https://www.ifa-berlin.com/exhibitors/pico-xr,https://www.ifa-berlin.com/img/exhibitors/default.svg,https://www.ifa-berlin.com/exhibitors?page=32,869
3938,Fresco,Ireland,Home Appliances,Hall 1.1,H1.1-Trier 1,https://www.ifa-berlin.com/exhibitors/fresco,https://drive.ifa-berlin.com/drive/2025/12/_cache/98fb894f5b2b4d5a122d995a094fb0d9_e525f594d22535a3fc40a79fd597b5a1.png.webp,https://www.ifa-berlin.com/exhibitors?page=32,870
3113,"Zhongshan Yijia Electrical Appliance Co., Ltd.",China,IFA Global Markets,Hall 26b,H26b-949,https://www.ifa-berlin.com/exhibitors/zhongshan-yijia-electrical-appliance,https://drive.ifa-berlin.com/drive/2025/12/_cache/6965f3ac012c4f15debc8d9e652e7eaa_143ba743d3fd1cead8c8bf318c8f36cf.png.webp,https://www.ifa-berlin.com/exhibitors?page=32,871
3902,Daylaight,,Content Creation,Palais,PAF-103,https://www.ifa-berlin.com/exhibitors/daylaight,https://www.ifa-berlin.com/img/exhibitors/default.svg,https://www.ifa-berlin.com/exhibitors?page=32,872
2796,"Jinhua Xingbu Technology Co., Ltd",China,IFA Global Markets,Hall 26b,H26b-943,https://www.ifa-berlin.com/exhibitors/jinhua-xingbu-technology,https://drive.ifa-berlin.com/drive/2026/08/_cache/fb5a490ef4efa7f01bd01caacddbb681_6b723df4b98a7c8609384314bc08f75e.jpg.webp,https://www.ifa-berlin.com/exhibitors?page=32,873
2954,"Cixi Zhuoyue Electric Appliance Co.,Ltd.",China,IFA Global Markets,Hall 26b,H26b-743,https://www.ifa-berlin.com/exhibitors/cixi-zhuoyue-electric-appliance,https://drive.ifa-berlin.com/drive/2026/06/_cache/8f9a72d7b20503be258fa2bd8c7905d6_7572c96e57ac408b81ec4a80e38f0e83.png.webp,https://www.ifa-berlin.com/exhibitors?page=32,874
3066,PooLin,Belgium,Content Creation,Hall 20,H20-141,https://www.ifa-berlin.com/exhibitors/poolin,https://drive.ifa-berlin.com/drive/2026/07/_cache/3b39fda0916fe88192b2339d04156723_93b44a1c461e25444ad95f8b7d743b0f.png.webp,https://www.ifa-berlin.com/exhibitors?page=32,875
2641,Ocoopa handwarmer and DiveBlues Fan,USA,IFA Next,Hall 25,H25-103,https://www.ifa-berlin.com/exhibitors/ocoopa-handwarmer-and-diveblues-fan,https://drive.ifa-berlin.com/drive/2026/06/_cache/b8f117f5aad580d60b364b5f9cba769d_69de9eebb1272fb1865bc31807caa403.jpg.webp,https://www.ifa-berlin.com/exhibitors?page=32,876
3132,"Guangdong Zosun Electrical Appliance Co., Ltd.",China,IFA Global Markets,Hall 26a,H26a-565,https://www.ifa-berlin.com/exhibitors/guangdong-zosun-electrical-appliance,https://drive.ifa-berlin.com/drive/2026/08/_cache/8014424810b218610b7377ab9b5e60ec_6b51e9b4064cb8f9a6e06e6c610bde89.jpg.webp,https://www.ifa-berlin.com/exhibitors?page=32,877
3062,VITESY,Italy,Communication & Connectivity,Hall 3.2,H3.2-125,https://www.ifa-berlin.com/exhibitors/vitesy,https://drive.ifa-berlin.com/drive/2026/06/_cache/640c892dbc858aeff8a9352c86060066_c002dd061c06aa1568f2adc11ea5f5f8.png.webp,https://www.ifa-berlin.com/exhibitors?page=32,878
3337,ENO Telecom GmbH,Germany,Reseller Park,Hub 27k,H27k-15,https://www.ifa-berlin.com/exhibitors/eno-telecom,https://drive.ifa-berlin.com/drive/2026/07/_cache/2b04888a232c50e72db66e1cfe3e5ecf_3345e37af448689d1ec7ef36e50a4748.png.webp,https://www.ifa-berlin.com/exhibitors?page=32,879
2726,"Ningbo Yutong Electric Appliance Co., Ltd.",China,IFA Global Markets,Hall 26b,H26b-915,https://www.ifa-berlin.com/exhibitors/ningbo-yutong-electric-appliance,https://drive.ifa-berlin.com/drive/2026/06/_cache/9684d08b54cd4ea6c642b7ec30f12b80_bdb2d6667ecb35f6ec6328c8c5251ecc.jpg.webp,https://www.ifa-berlin.com/exhibitors?page=32,880
3441,"Zhejiang Oulun Electric Co.,Ltd",China,IFA Global Markets,Hall 26c,H26c-158,https://www.ifa-berlin.com/exhibitors/zhejiang-oulun-electric-2,https://www.ifa-berlin.com/img/exhibitors/default.svg,https://www.ifa-berlin.com/exhibitors?page=32,881
2778,"Guangdong Baixiang Environmental Technology Co., Ltd.",China,IFA Global Markets,Hall 26a,H26a-465,https://www.ifa-berlin.com/exhibitors/guangdong-baixiang-environmental-technology,https://drive.ifa-berlin.com/drive/2026/08/_cache/caa11c5b8bf711446e984954650a20f9_66f59445fa718b4af70a86cc4096c4c9.png.webp,https://www.ifa-berlin.com/exhibitors?page=32,882
3695,Daegu Mechatronics & Materials Institute,South Korea,IFA Next,Hall 25,H25-361,https://www.ifa-berlin.com/exhibitors/daegu-mechatronics-materials-institute,https://www.ifa-berlin.com/img/exhibitors/default.svg,https://www.ifa-berlin.com/exhibitors?page=32,883
3089,Laut,Germany,Communication & Connectivity,Hall 5.2,H5.2-223,https://www.ifa-berlin.com/exhibitors/laut,https://drive.ifa-berlin.com/drive/2026/07/_cache/0e7b398d9145a8f6ce0879698e7389a0_1a5ebc30411f6dfecbe16b8d792e5301.jpg.webp,https://www.ifa-berlin.com/exhibitors?page=32,884
3128,"Guangdong Kangye Electric Appliance Co.,ltd",China,IFA Global Markets,Hall 26a,H26a-343,https://www.ifa-berlin.com/exhibitors/guangdong-kangye-electric-appliance,https://drive.ifa-berlin.com/drive/2026/07/_cache/1b0b27df4b78f6425bc950799c8e8536_c62a702f7cf57571537070406a8d6e81.png.webp,https://www.ifa-berlin.com/exhibitors?page=32,885
3439,"YONGKANG ZEHUI METAL PRODUCTS CO.,LTD",China,IFA Global Markets,Hall 26c,H26c-154,https://www.ifa-berlin.com/exhibitors/yongkang-zehui-metal-products,https://www.ifa-berlin.com/img/exhibitors/default.svg,https://www.ifa-berlin.com/exhibitors?page=32,886
3540,"Cixi Jiahuan Electrical Appliance Co., Ltd.",China,IFA Global Markets,Hall 26a,H26a-301,https://www.ifa-berlin.com/exhibitors/cixi-jiahuan-electrical-appliance,https://drive.ifa-berlin.com/drive/2025/12/_cache/3197e8a99e9887c7c6e205e8b1b3f41f_aefc5aae69c24e20e9d8c003bf072bae.png.webp,https://www.ifa-berlin.com/exhibitors?page=32,887
2356,Teeni,China,IFA Next,Hall 25,H25-287,https://www.ifa-berlin.com/exhibitors/teeni,https://drive.ifa-berlin.com/drive/2026/08/_cache/4d65bc5199dcd56e10a79afb08d02380_aea1172514a22f4147b36331200ffda1.png.webp,https://www.ifa-berlin.com/exhibitors?page=32,888
2867,Beke Robot,China,Mobility,CityCube Hall B,CCBB-155,https://www.ifa-berlin.com/exhibitors/beke-robot,https://drive.ifa-berlin.com/drive/2026/07/_cache/b9727cfd65ed7ea70c53407fe3c1b29b_7928d2785bfe4add8faa7f11ff270957.png.webp,https://www.ifa-berlin.com/exhibitors?page=32,889
3169,WIDA(JIANGXI) ELECTRICAL APPLIANCES CO. LTD.,China,IFA Global Markets,Hall 26b,H26b-849,https://www.ifa-berlin.com/exhibitors/wida-jiangxi-electrical-appliances,https://drive.ifa-berlin.com/drive/2026/08/_cache/a8b378a3f25dc9ee0acc35fe88945768_706279df398183e8e8b9e43750b2a884.jpg.webp,https://www.ifa-berlin.com/exhibitors?page=32,890
3727,Glovii,Poland,Communication & Connectivity,Hall 5.2,H5.2-163,https://www.ifa-berlin.com/exhibitors/glovii,https://www.ifa-berlin.com/img/exhibitors/default.svg,https://www.ifa-berlin.com/exhibitors?page=32,891
3119,"Foshan Mycoffee Electrical Appliance Co.,LTd",China,IFA Global Markets,Hall 26b,H26b-1047,https://www.ifa-berlin.com/exhibitors/foshan-mycoffee-electrical-appliance,https://www.ifa-berlin.com/img/exhibitors/default.svg,https://www.ifa-berlin.com/exhibitors?page=32,892
3849,Karcher AG,Germany,,,,https://www.ifa-berlin.com/exhibitors/karcher-ag,https://drive.ifa-berlin.com/drive/2026/09/_cache/9ad42618c06e1acfdc5002b91b712729_630d972c329ad79cfd3cdd83a371a9f5.jpg.webp,https://www.ifa-berlin.com/exhibitors?page=32,893
3951,Casetagram Limited,China,Reseller Park,Hub 27k,H27k-Tisch,https://www.ifa-berlin.com/exhibitors/casetagram,https://www.ifa-berlin.com/img/exhibitors/default.svg,https://www.ifa-berlin.com/exhibitors?page=32,894
2309,KIXIN Bike,China,Mobility,CityCube Hall B,CCBB-130,https://www.ifa-berlin.com/exhibitors/kixin-bike,https://www.ifa-berlin.com/img/exhibitors/default.svg,https://www.ifa-berlin.com/exhibitors?page=32,895
2415,DeTong Electronic Technology,China,IFA Next,Hall 25,H25-143,https://www.ifa-berlin.com/exhibitors/detong-electronic-technology,https://drive.ifa-berlin.com/drive/2026/06/_cache/96233e6dcb82b41d3d875c246efc8aa0_4bd9b04a9d98cb87969f288eae549dc4.png.webp,https://www.ifa-berlin.com/exhibitors?page=32,896
3443,"Jiangmen Nostop Electric Co., Ltd",China,IFA Global Markets,Hall 26b,H26b-763,https://www.ifa-berlin.com/exhibitors/jiangmen-nostop-electric,https://www.ifa-berlin.com/img/exhibitors/default.svg,https://www.ifa-berlin.com/exhibitors?page=33,897
3460,GreenMNKY,Germany,IFA Next,Hall 5.2,H5.2-501,https://www.ifa-berlin.com/exhibitors/greenmnky,https://www.ifa-berlin.com/img/exhibitors/default.svg,https://www.ifa-berlin.com/exhibitors?page=33,898
3280,XTL Tech EU GmbH,Germany,Reseller Park,Hub 27g,H27g-TISCH,https://www.ifa-berlin.com/exhibitors/xtl-tech-eu,https://www.ifa-berlin.com/img/exhibitors/default.svg,https://www.ifa-berlin.com/exhibitors?page=33,899
3257,Biurteksa UAB,Lithuania,Reseller Park,Hub 27f,H27f-06,https://www.ifa-berlin.com/exhibitors/biurteksa,https://www.ifa-berlin.com/img/exhibitors/default.svg,https://www.ifa-berlin.com/exhibitors?page=33,900
2713,"Ningbo Only.T Electric Appliance Co., Ltd.",China,IFA Global Markets,Hall 26a,H26a-553,https://www.ifa-berlin.com/exhibitors/ningbo-onlyt-electric-appliance-co,https://www.ifa-berlin.com/thumbnail/w500/2025/12/ningbo_only_t_electric_appliance_co_ltd_556.webp,https://www.ifa-berlin.com/exhibitors?page=33,901
2348,Mind With Heart Robotics,China,IFA Next,Hall 25,H25-415,https://www.ifa-berlin.com/exhibitors/mind-with-heart-robotics,https://www.ifa-berlin.com/img/exhibitors/default.svg,https://www.ifa-berlin.com/exhibitors?page=33,902
3137,"LIANJIANG ORITO ELECTRICAL APPLIANCES CO., LTD",China,IFA Global Markets,Hall 26c,H26c-210,https://www.ifa-berlin.com/exhibitors/lianjiang-orito-electrical-appliances,https://drive.ifa-berlin.com/drive/2026/08/_cache/245f8fa117fd0e7538d27328f0cb2d7c_e9d90cee4005da720239993b6ad173ea.png.webp,https://www.ifa-berlin.com/exhibitors?page=33,903
3381,Vfan,China,Communication & Connectivity,Hall 5.2,H5.2-225,https://www.ifa-berlin.com/exhibitors/vfan,https://www.ifa-berlin.com/img/exhibitors/default.svg,https://www.ifa-berlin.com/exhibitors?page=33,904
2250,Armaggeddon,Singapore,Computing & Gaming,Hall 7.2b,H7.2b-104,https://www.ifa-berlin.com/exhibitors/armaggeddon,https://drive.ifa-berlin.com/drive/2026/08/_cache/62b74c65863ba880159b7eb634385a71_6dcd6776fb8014555f0604a4edcdae08.png.webp,https://www.ifa-berlin.com/exhibitors?page=33,905
3133,"Guangdong Shunde Tenfly Electrical Appliances Co.,Ltd.",China,IFA Global Markets,Hall 26a,H26a-567,https://www.ifa-berlin.com/exhibitors/guangdong-shunde-tenfly-electrical-applince,https://drive.ifa-berlin.com/drive/2025/12/_cache/c6f67ca97200d32ca03a34001b48a305_298c68ad21867d4577e2be7879eb5bab.png.webp,https://www.ifa-berlin.com/exhibitors?page=33,906
2819,"Cixi Binatone Electric Appliance Co.,Ltd",China,IFA Global Markets,Hall 26a,H26a-289,https://www.ifa-berlin.com/exhibitors/cixi-binatone-electric-appliance,https://drive.ifa-berlin.com/drive/2025/12/_cache/7f19aacb909620698e18e7ffa1f1f0a4_6f87d493acf0d978df67a84f686d0868.png.webp,https://www.ifa-berlin.com/exhibitors?page=33,907
2286,HISONG,USA,Content Creation,Hall 17,H17-259,https://www.ifa-berlin.com/exhibitors/hisong,https://drive.ifa-berlin.com/drive/2026/09/_cache/1958e0ebdd0edf3b0f5e24d78906f636_986327ec2ebf89ca9932a8da5190514d.png.webp,https://www.ifa-berlin.com/exhibitors?page=33,908
3325,eIoT,China,Reseller Park,Hub 27j,H27j-12,https://www.ifa-berlin.com/exhibitors/eiot,https://drive.ifa-berlin.com/drive/2026/07/_cache/78040d0102b9a97016ab60496bbb7ea0_4af5de8a79c064fb48ce909c47dee783.png.webp,https://www.ifa-berlin.com/exhibitors?page=33,909
3776,Invoxia,France,Communication & Connectivity,Hall 5.2,H5.2-159,https://www.ifa-berlin.com/exhibitors/invoxia,https://drive.ifa-berlin.com/drive/2026/08/_cache/2cd7686d5776bb151376fd89f53c5d44_e89ecba5c13c8c312276a7be4a76a281.jpg.webp,https://www.ifa-berlin.com/exhibitors?page=33,910
3075,NAVEED,United Kingdom,Smart Home,Hall 1.2,H1.2-103,https://www.ifa-berlin.com/exhibitors/naveed,https://www.ifa-berlin.com/img/exhibitors/default.svg,https://www.ifa-berlin.com/exhibitors?page=33,911
3830,Jiayu,Germany,Home & Entertainment,Hall 21,H21-122,https://www.ifa-berlin.com/exhibitors/jiayu,https://www.ifa-berlin.com/img/exhibitors/default.svg,https://www.ifa-berlin.com/exhibitors?page=33,912
2362,Trackimo,USA,Communication & Connectivity,Hall 5.2,H5.2-201,https://www.ifa-berlin.com/exhibitors/trackimo,https://www.ifa-berlin.com/thumbnail/w500/2026/07/logotaglineblue.svg,https://www.ifa-berlin.com/exhibitors?page=33,913
3711,KAISAR,South Korea,IFA Next,Hall 25,H25-361,https://www.ifa-berlin.com/exhibitors/kaisar,https://drive.ifa-berlin.com/drive/2026/08/_cache/227c2a9eba8ccd41c7c38e0b7617c7d3_19f6f759b082a5aad5e87eb53d02aee6.png.webp,https://www.ifa-berlin.com/exhibitors?page=33,914
2177,Shenzhen Flat Panel Display Industry Association,China,IFA Next,Hall 25,H25-167,https://www.ifa-berlin.com/exhibitors/shenzhen-flat-panel-display-industry-association,https://drive.ifa-berlin.com/drive/2026/08/_cache/5a9931f51b5b0d476165ae19c5dd6c86_3807cec862c7368aeeb0efa3e88662fe.png.webp,https://www.ifa-berlin.com/exhibitors?page=33,915
3275,Epro Middle East FZCO,United Arab Emirates,Reseller Park,Hub 27g,H27g-13,https://www.ifa-berlin.com/exhibitors/epro-middle-east,https://drive.ifa-berlin.com/drive/2026/08/_cache/c090be665df890ae9d2b827f44e8361f_17fe3618be8e27127a9dbb65ee024181.png.webp,https://www.ifa-berlin.com/exhibitors?page=33,916
2921,"NINGBO ZIGGUO IMP.& EXP. CO., LTD.",China,IFA Global Markets,Hall 26c,H26c-220,https://www.ifa-berlin.com/exhibitors/ningbo-zigguo-imp-exp,https://drive.ifa-berlin.com/drive/2026/08/_cache/c1fd7669006a2e9720e48d3c35e9704f_3016fafd731c357d6598cd1fc12022ed.png.webp,https://www.ifa-berlin.com/exhibitors?page=33,917
3268,GN Hearing Gmbh,Germany,Reseller Park,Hub 27g,H27g-TISCH,https://www.ifa-berlin.com/exhibitors/gn-hearing,https://drive.ifa-berlin.com/drive/2026/07/_cache/b451ff839cba656e39b68d45ce952915_685e8af1291d4afdd336810f5086a3df.jpg.webp,https://www.ifa-berlin.com/exhibitors?page=33,918
2892,Philippine Pavilion,Philippines,IFA Next,Hall 25,H25-359,https://www.ifa-berlin.com/exhibitors/philippine-pavilion,https://drive.ifa-berlin.com/drive/2026/08/_cache/74740c5a29855ba3d205ae2610403256_1f1c4d25a75b9a926bc40ef81d4081bf.png.webp,https://www.ifa-berlin.com/exhibitors?page=33,919
3032,KINGTA,China,Audio,Hall 8.2,H8.2-245,https://www.ifa-berlin.com/exhibitors/kingta,https://drive.ifa-berlin.com/drive/2026/08/_cache/2e573542c7c3fe7d4058fd8eadf2307c_d24a28aa08acac0a60125e9a99706ffb.jpg.webp,https://www.ifa-berlin.com/exhibitors?page=33,920
3957,XREAL inc.,USA,Reseller Park,Hub 27k,H27k-Tisch,https://www.ifa-berlin.com/exhibitors/xreal,https://www.ifa-berlin.com/img/exhibitors/default.svg,https://www.ifa-berlin.com/exhibitors?page=33,921
2976,"Lianjiang Ricco Electrical Appliance Co., Ltd.",China,IFA Global Markets,Hall 26b,H26b-881,https://www.ifa-berlin.com/exhibitors/lianjiang-ricco-electrical-appliance,https://drive.ifa-berlin.com/drive/2026/08/_cache/d84d087c9f69b1944fc1aef5a45f9c66_8517fd94844bc5ab0fe6b1cff26546c9.png.webp,https://www.ifa-berlin.com/exhibitors?page=33,922
2737,"Cixi Zhaofeng Electrical Appliance Co., Ltd.",China,IFA Global Markets,Hall 26b,H26b-1041,https://www.ifa-berlin.com/exhibitors/cixi-zhaofeng-electrical-appliance,https://www.ifa-berlin.com/img/exhibitors/default.svg,https://www.ifa-berlin.com/exhibitors?page=33,923
2691,"Guangdong Qiaokang Electrical Appliances Co., Ltd.",China,IFA Global Markets,Hall 26a,H26a-583,https://www.ifa-berlin.com/exhibitors/guangdong-qiaokang-electrical-appliances,https://drive.ifa-berlin.com/drive/2026/06/_cache/4980ad4a0ccfcc2487ec3d82be079e3c_42bd9646504291397dea6c6be242bc7f.png.webp,https://www.ifa-berlin.com/exhibitors?page=33,924
3105,JIANGXI GREAT VISION TECHNOLOGY CO LTD,China,IFA Global Markets,Hall 26b,H26b-1091,https://www.ifa-berlin.com/exhibitors/jiangxi-great-vision-technology,https://www.ifa-berlin.com/img/exhibitors/default.svg,https://www.ifa-berlin.com/exhibitors?page=34,925
2744,"Xiamen Mylux Intelligent Technology Co., Ltd",China,IFA Global Markets,Hall 26b,H26b-919,https://www.ifa-berlin.com/exhibitors/xiamen-mylux-intelligent-technology,https://drive.ifa-berlin.com/drive/2026/05/_cache/7a0a5154633457aca80e5bcc43f78656_3d9cbb0cd6aaa2b1ca9e7c87352d4167.png.webp,https://www.ifa-berlin.com/exhibitors?page=34,926
3998,Multii Newheights Group FZCO,United Arab Emirates,Reseller Park,Hub 27m,H27m-04,https://www.ifa-berlin.com/exhibitors/multii-newheights-group,https://www.ifa-berlin.com/img/exhibitors/default.svg,https://www.ifa-berlin.com/exhibitors?page=34,927
3653,Next Integral,Taiwan,IFA Next,Hall 25,H25-341,https://www.ifa-berlin.com/exhibitors/next-integral,https://drive.ifa-berlin.com/drive/2026/08/_cache/8996e983e7d253eb68a023453afc597d_0bee46396afdd7070a698ffade90800b.png.webp,https://www.ifa-berlin.com/exhibitors?page=34,928
3310,DEJI,China,Reseller Park,Hub 27j,H27j-08,https://www.ifa-berlin.com/exhibitors/deji,https://drive.ifa-berlin.com/drive/2026/08/_cache/bc3e317e7dccc2fe51d61b7a23bcb266_f890f8a1d9490a3de8aa8430c463fb96.png.webp,https://www.ifa-berlin.com/exhibitors?page=34,929
2211,Nelko,China,Content Creation,Hall 17,H17-207,https://www.ifa-berlin.com/exhibitors/nelko,https://www.ifa-berlin.com/img/exhibitors/default.svg,https://www.ifa-berlin.com/exhibitors?page=34,930
2345,GAMEON,Kuwait,Computing & Gaming,Hall 7.2b,H7.2b-108,https://www.ifa-berlin.com/exhibitors/gameon,https://drive.ifa-berlin.com/drive/2026/08/_cache/0553158aa6800fad60b44d4bf758b982_c9a6ff86e98a4b3047a1e4a7f7364847.png.webp,https://www.ifa-berlin.com/exhibitors?page=34,931
2792,Foshan Shunde Advante Electron Ltd.,China,IFA Global Markets,Hall 26a,H26a-423,https://www.ifa-berlin.com/exhibitors/foshan-shunde-advante-electron,https://drive.ifa-berlin.com/drive/2025/12/_cache/53748f470044fd6a396778fc99fd29a0_00f15c68fa68547edbdae686d54069fb.jpg.webp,https://www.ifa-berlin.com/exhibitors?page=34,932
3488,ZIRCLE,Singapore,IFA Next,Hall 25,H25-346,https://www.ifa-berlin.com/exhibitors/zircle,https://drive.ifa-berlin.com/drive/2026/08/_cache/716b701d1431469e36525ba923c95f6a_ff145c2f6d40a17564e324287ddcef16.png.webp,https://www.ifa-berlin.com/exhibitors?page=34,933
3235,Foxway OÜ,Estonia,Reseller Park,Hub 27d,H27d-12,https://www.ifa-berlin.com/exhibitors/foxway-ou,https://www.ifa-berlin.com/img/exhibitors/default.svg,https://www.ifa-berlin.com/exhibitors?page=34,934
2722,"Xi'an Far East Group Co., Ltd.",China,IFA Global Markets,Hall 26b,H26b-1075,https://www.ifa-berlin.com/exhibitors/xi-an-far-east-group,https://drive.ifa-berlin.com/drive/2026/08/_cache/788202954aff4e79457ab6245d1ecd82_5f15f8494206c18f032144307ab6d03d.jpg.webp,https://www.ifa-berlin.com/exhibitors?page=34,935
2809,"Dongguan Novo Smart Electric Co.,Ltd",China,IFA Global Markets,Hall 26c,H26c-238,https://www.ifa-berlin.com/exhibitors/novo,https://drive.ifa-berlin.com/drive/2026/08/_cache/653397934bf0c709ffff06f3bf036abf_8b21cee7baea23f641b78785aa170c7b.png.webp,https://www.ifa-berlin.com/exhibitors?page=34,936
2768,"Xiamen Hu Kun Life Electrical Technology Co., Ltd",China,IFA Global Markets,Hall 26b,H26b-909,https://www.ifa-berlin.com/exhibitors/xiamen-hu-kun-life-electrical-technology,https://drive.ifa-berlin.com/drive/2026/08/_cache/afa25485a176bc450c1e127d0c56269a_90ce382d3d9018d36cab929ce4289614.png.webp,https://www.ifa-berlin.com/exhibitors?page=34,937
3097,"ZHEJIANG YONGQIAN ELECTRICAL APPLIANCES CO.,LTD",China,IFA Global Markets,Hall 26c,H26c-160,https://www.ifa-berlin.com/exhibitors/zhejiang-yongqian-electrical-appliances,https://drive.ifa-berlin.com/drive/2026/08/_cache/7fa5e13e200833dd91afbc629546cd71_f869995d84a4286947656be0ae3c170b.png.webp,https://www.ifa-berlin.com/exhibitors?page=34,938
2532,Pitaka,China,Communication & Connectivity,Hall 5.2,H5.2-209,https://www.ifa-berlin.com/exhibitors/pitaka,https://www.ifa-berlin.com/img/exhibitors/default.svg,https://www.ifa-berlin.com/exhibitors?page=34,939
3489,Energea,Singapore,IFA Next,Hall 25,H25-346,https://www.ifa-berlin.com/exhibitors/energea,https://drive.ifa-berlin.com/drive/2026/08/_cache/831b0b28c83d67414be081620ade8254_0309a829ccf4dedeea0481323fc9bfef.png.webp,https://www.ifa-berlin.com/exhibitors?page=34,940
2803,"Hunan New Frontier Technology Group Co., Ltd.",China,IFA Global Markets,Hall 26b,H26b-809,https://www.ifa-berlin.com/exhibitors/hunan-new-frontier-technology-group,https://drive.ifa-berlin.com/drive/2026/08/_cache/9a3b414a00d3f322b27eace57cb0e877_ec563b2866ac32c174de2b58ed259661.jpg.webp,https://www.ifa-berlin.com/exhibitors?page=34,941
2684,"Zhejiang Jindeli Electrical Appliances Co., Ltd.",China,IFA Global Markets,Hall 26a,H26a-347,https://www.ifa-berlin.com/exhibitors/zhejiang-jindeli-electrical-appliances,https://drive.ifa-berlin.com/drive/2025/12/_cache/6cd97adb0d66fa602f764b2ed801ea2e_173418003ba3842395ab908affe7a942.jpg.webp,https://www.ifa-berlin.com/exhibitors?page=34,942
2861,"Zhongshan Katro Electrical Appliances Co., Ltd.",China,IFA Global Markets,Hall 26b,H26b-1015,https://www.ifa-berlin.com/exhibitors/zhongshan-katro-electrical-appliances,https://www.ifa-berlin.com/thumbnail/w500/2025/12/zhongshan_katro_electrical_appliances_co_ltd_1084.webp,https://www.ifa-berlin.com/exhibitors?page=34,943
3869,jackery,Germany,IFA Next,Hall 25,H25-395,https://www.ifa-berlin.com/exhibitors/jackery-2,https://www.ifa-berlin.com/img/exhibitors/default.svg,https://www.ifa-berlin.com/exhibitors?page=34,944
3764,Darkrim,,,Hall 5.2,H5.2-518,https://www.ifa-berlin.com/exhibitors/darkrim,https://www.ifa-berlin.com/img/exhibitors/default.svg,https://www.ifa-berlin.com/exhibitors?page=34,945
3466,Esoteric,Germany,Audio,Großer Stern,GST-VIP Meeting Room 1 | GST-VIP Meeting Room 2,https://www.ifa-berlin.com/exhibitors/esoteric,https://drive.ifa-berlin.com/drive/2026/07/_cache/a4f0d86993071486c1579c48f64645da_5d53c85861dc477ab697b072a606e4d7.png.webp,https://www.ifa-berlin.com/exhibitors?page=34,946
3063,DIFOX,Germany,Communication & Connectivity,Hall 3.2,H3.2-125,https://www.ifa-berlin.com/exhibitors/difox,https://drive.ifa-berlin.com/drive/2025/12/_cache/bd1f12b9d77a8ab460c70a6e7956113d_44f48f8e60405c85b50c468d23c5b1c9.jpg.webp,https://www.ifa-berlin.com/exhibitors?page=34,947
2221,WizzDev,Poland,IFA Next,Hall 25,H25-205,https://www.ifa-berlin.com/exhibitors/wizzdev-prosta-spo-ka-akcyjna,https://drive.ifa-berlin.com/drive/2025/12/_cache/511074be6f6c0d3ff0e50f4e23475832_fd1a236592666a1cd410252d224fd9a0.png.webp,https://www.ifa-berlin.com/exhibitors?page=34,948
2933,"Huizhou Yidashun Technology Co., Ltd.",China,IFA Global Markets,Hall 26a,H26a-387,https://www.ifa-berlin.com/exhibitors/huizhou-yidashun-technology,https://www.ifa-berlin.com/img/exhibitors/default.svg,https://www.ifa-berlin.com/exhibitors?page=34,949
2608,Dr. lookai Technology,China,IFA Next,Hall 5.2,H5.2-505,https://www.ifa-berlin.com/exhibitors/dr-lookai-technology,https://drive.ifa-berlin.com/drive/2026/08/_cache/e0e4337c713125c3b8cc1ceb37e07082_0e7085ce99b3e36d93a9f45972d63159.png.webp,https://www.ifa-berlin.com/exhibitors?page=34,950
2787,"Dongguan Arin Electronics Technology Co., Ltd",China,IFA Global Markets,Hall 26b,H26b-751,https://www.ifa-berlin.com/exhibitors/dongguan-arin-electronics-technology,https://drive.ifa-berlin.com/drive/2026/07/_cache/415c9f47d070be5323c12a21f9667dd7_d6e2ac85b557ab2a60617d160aa7b3a7.png.webp,https://www.ifa-berlin.com/exhibitors?page=34,951
3214,Selte S.r.l.,Italy,Reseller Park,Hub 27a,H27a-15,https://www.ifa-berlin.com/exhibitors/selte,https://drive.ifa-berlin.com/drive/2026/07/_cache/bb4c4e8e5f30a22a25b22a168ef99516_56ddf8259d87b845a143ab5c186bfbd4.png.webp,https://www.ifa-berlin.com/exhibitors?page=34,952
2119,Korea Pavilion,South Korea,IFA Next,Hall 25,H25-157,https://www.ifa-berlin.com/exhibitors/korea-pavilion,https://drive.ifa-berlin.com/drive/2026/07/_cache/64465d3abead209bd03f99e3716fc041_a9118a14e9e9c081b9ea94ef14fe0f31.png.webp,https://www.ifa-berlin.com/exhibitors?page=35,953
3284,Brand Commerce B.V.,Netherlands,Reseller Park,Hub 27c,H27c-06,https://www.ifa-berlin.com/exhibitors/brand-commerce,https://drive.ifa-berlin.com/drive/2026/06/_cache/1b9114b66ff283ddf1ca2cd8e18bb4a9_586a3eb69813daf5f36f8ef0d7aeecf9.png.webp,https://www.ifa-berlin.com/exhibitors?page=35,954
2773,"Ningbo Rehuo Import&Export Co.,Ltd",China,IFA Global Markets,Hall 26b,H26b-921,https://www.ifa-berlin.com/exhibitors/ningbo-rehuo-import-export,https://www.ifa-berlin.com/img/exhibitors/default.svg,https://www.ifa-berlin.com/exhibitors?page=35,955
2675,"Zhongshan Yehos Electrical Appliance Co., Ltd.",China,IFA Global Markets,Hall 26b,H26b-981,https://www.ifa-berlin.com/exhibitors/zhongshan-yehos-electrical-appliance,https://drive.ifa-berlin.com/drive/2026/05/_cache/6e7ed7fababf6002540c751881efef25_3ae13c67dc0cb1ee7a367c37a32bb78c.png.webp,https://www.ifa-berlin.com/exhibitors?page=35,956
2918,"Wenzhou Minghong Electroplating Technology Co.,Ltd.",China,IFA Global Markets,Hall 26c,H26c-212,https://www.ifa-berlin.com/exhibitors/wenzhou-minghong-electroplating-technology,https://drive.ifa-berlin.com/drive/2026/08/_cache/e5797d8a2af1ae8982eddeeedf6c86a4_60045beeeb90a46473e5f7c751c8f0b1.png.webp,https://www.ifa-berlin.com/exhibitors?page=35,957
3335,biond,Belgium,Reseller Park,Hub 27m,H27m-07,https://www.ifa-berlin.com/exhibitors/biond,https://www.ifa-berlin.com/img/exhibitors/default.svg,https://www.ifa-berlin.com/exhibitors?page=35,958
1989,Ningbo Borine Electric Appliance Co / Thimax,China,Home Appliances,Hall 8.1,H8.1-202,https://www.ifa-berlin.com/exhibitors/ningbo-borine-electric-appliance-thimax,https://drive.ifa-berlin.com/drive/2025/12/_cache/a78f44a23d90af432ecfc7c75ff9f066_c0c7ae0419b7956715f8797a0978616b.png.webp,https://www.ifa-berlin.com/exhibitors?page=35,959
2728,"Ningbo Bakelon Electrical Appliance Co., Ltd.",China,IFA Global Markets,Hall 26a,H26a-335,https://www.ifa-berlin.com/exhibitors/ningbo-bakelon-electrical-appliance,https://drive.ifa-berlin.com/drive/2025/12/_cache/13535f036b4f3b69cd0bde7f38fa208a_578b947b81c44b3c5369b99f4c11a45f.png.webp,https://www.ifa-berlin.com/exhibitors?page=35,960
3390,"Dongguan Wale Security Technology Co., Ltd.",China,IFA Global Markets,Hall 26c,H26c-222,https://www.ifa-berlin.com/exhibitors/dongguan-wale-security-technology,https://drive.ifa-berlin.com/drive/2026/08/_cache/3f43601c94c7d2eb388f1f1945fff882_cb2d5a4e9db9b5b5552d26aca98afb37.png.webp,https://www.ifa-berlin.com/exhibitors?page=35,961
2783,"Zhejiang Tianxi Kitchen Appliance Co.,Ltd.",China,IFA Global Markets,Hall 26b,H26b-823,https://www.ifa-berlin.com/exhibitors/zhejiang-tianxi-kitchen-appliance,https://drive.ifa-berlin.com/drive/2026/08/_cache/95b5af21864687bc6d4a5a61fb8a3dec_60c43349ab0957a96d8a79fd0dfa246b.png.webp,https://www.ifa-berlin.com/exhibitors?page=35,962
3469,Pure,Germany,Audio,Großer Stern,GST-VIP Meeting Room 1 | GST-VIP Meeting Room 2,https://www.ifa-berlin.com/exhibitors/pure,https://drive.ifa-berlin.com/drive/2026/07/_cache/b146b3953a410e8bc01be1bb59fa7127_3e8250e4aec550b7b8a4a0fe2bd903a8.png.webp,https://www.ifa-berlin.com/exhibitors?page=35,963
1898,Adler,Poland,Home Appliances,Hall 8.1,H8.1-214,https://www.ifa-berlin.com/exhibitors/adler-camry-mesko,https://www.ifa-berlin.com/thumbnail/w500/2025/12/adler_camry_mesko_1205.webp,https://www.ifa-berlin.com/exhibitors?page=35,964
3350,O.T. Distribuzione S.R.L.,Italy,Reseller Park,Hub 27m,H27m-18,https://www.ifa-berlin.com/exhibitors/o-t-distribuzione,https://www.ifa-berlin.com/img/exhibitors/default.svg,https://www.ifa-berlin.com/exhibitors?page=35,965
3779,FixFirst,Germany,IFA Next,Hall 5.2,H5.2-410,https://www.ifa-berlin.com/exhibitors/fixfirst,https://drive.ifa-berlin.com/drive/2026/09/_cache/1526645c3181723207f9ebcf992153e9_829a340931dd44fa0663555deefc92e3.jpg.webp,https://www.ifa-berlin.com/exhibitors?page=35,966
3406,All The Time,South Korea,IFA Next,Hall 25,H25-157,https://www.ifa-berlin.com/exhibitors/all-the-time,https://drive.ifa-berlin.com/drive/2026/08/_cache/fc5bf3b0eb033bf815df47584aac94d3_be08f6d27e8d585430e26c31a95e55eb.png.webp,https://www.ifa-berlin.com/exhibitors?page=35,967
2965,"Ningbo Saiding Electric Appliance Co., Ltd.",China,IFA Global Markets,Hall 26b,H26b-955,https://www.ifa-berlin.com/exhibitors/ningbo-saiding-electric-appliance,https://drive.ifa-berlin.com/drive/2026/08/_cache/874f83c51a1203c61796a021e1432477_0def8483f42f97a5dbfb2cee3c408f12.png.webp,https://www.ifa-berlin.com/exhibitors?page=35,968
2782,"Ningbo Dinghao Electrical Appliances Co.,Ltd.",China,IFA Global Markets,Hall 26b,H26b-907,https://www.ifa-berlin.com/exhibitors/ningbo-dinghao-electrical-appliances,https://drive.ifa-berlin.com/drive/2026/08/_cache/edba0d109e5ad1317d644bf1f4e27ff8_2ae09aaebd7f1414e99c1a31a66f6c07.png.webp,https://www.ifa-berlin.com/exhibitors?page=35,969
2662,"Nanjing Tongbo Electronic Technology Co., Ltd.",China,IFA Global Markets,Hall 26b,H26b-1079,https://www.ifa-berlin.com/exhibitors/nanjing-tongbo-electronic-technology,https://drive.ifa-berlin.com/drive/2026/06/_cache/41c9e182060c847d607e5942f9e43862_8e8a1746879d5cb3dd3b75a40d350933.png.webp,https://www.ifa-berlin.com/exhibitors?page=35,970
2399,SING-E,China,Audio,Hall 8.2,H8.2-207,https://www.ifa-berlin.com/exhibitors/sing-e,https://drive.ifa-berlin.com/drive/2026/07/_cache/8f524d9ea7bf99f4a40e77c4b2f31148_e7d68e0e1fb0adf434cc737b2d2620ae.png.webp,https://www.ifa-berlin.com/exhibitors?page=35,971
2335,ZENOWELL,Hong Kong,IFA Next,Hall 25,H25-389,https://www.ifa-berlin.com/exhibitors/zenowell,https://drive.ifa-berlin.com/drive/2026/07/_cache/98bde1b2b5bb7039310ab8f7c7f1b8ac_b91d7a61c99f1f6c5b821c1dcbbb9490.jpg.webp,https://www.ifa-berlin.com/exhibitors?page=35,972
3949,DS Mobiles,Netherlands,Reseller Park,Hub 27f,H27f-16,https://www.ifa-berlin.com/exhibitors/ds-mobiles,https://www.ifa-berlin.com/img/exhibitors/default.svg,https://www.ifa-berlin.com/exhibitors?page=35,973
3721,"Ningbo Foura Industry And Trand Co.,Ltd.",China,IFA Global Markets,Hall 26a,H26a-591,https://www.ifa-berlin.com/exhibitors/ningbo-foura-industry-and-trade,https://drive.ifa-berlin.com/drive/2025/12/_cache/df8b6a9727b7b9f75c9a0cc78c6314b2_beacabdb848354afe64e9af7ffe45b06.png.webp,https://www.ifa-berlin.com/exhibitors?page=35,974
3002,WATOLET,China,IFA Next,Hall 25,H25-237,https://www.ifa-berlin.com/exhibitors/watolet,https://www.ifa-berlin.com/img/exhibitors/default.svg,https://www.ifa-berlin.com/exhibitors?page=35,975
2237,Weofly,China,Communication & Connectivity,Hall 3.2,H3.2-103,https://www.ifa-berlin.com/exhibitors/weofly,https://drive.ifa-berlin.com/drive/2026/07/_cache/f2bc328428bce2755af3269552742bea_3741af00eb6ef50c2c01d1561b047d2b.png.webp,https://www.ifa-berlin.com/exhibitors?page=35,976
2683,"Kinwing Electric Industrial Co., Ltd.",China,IFA Global Markets,Hall 26b,H26b-865,https://www.ifa-berlin.com/exhibitors/kinwing-electric-industrial,https://drive.ifa-berlin.com/drive/2025/12/_cache/36887b922d73cdbdcf559622bc81a57c_8ecbb19ba00f4ad6c14f15edb8f9460a.png.webp,https://www.ifa-berlin.com/exhibitors?page=35,977
2097,Kodak,France,Content Creation,Hall 20,H20-157,https://www.ifa-berlin.com/exhibitors/kodak,https://drive.ifa-berlin.com/drive/2025/12/_cache/a9bea573e006f6089ffee535d50bab8a_ae4d3f1b79b4d661ec62441a5d548f27.jpg.webp,https://www.ifa-berlin.com/exhibitors?page=35,978
3285,ITC-Malta,United Kingdom,Reseller Park,Hub 27f,H27f-02,https://www.ifa-berlin.com/exhibitors/itc-malta,https://drive.ifa-berlin.com/drive/2026/07/_cache/4578e6c2207bb31b4625a53e9b636f1b_3ec3afb95978ea26efb0f236adf04923.png.webp,https://www.ifa-berlin.com/exhibitors?page=35,979
3073,Mingshuo,United Kingdom,Smart Home,Hall 1.2,H1.2-101,https://www.ifa-berlin.com/exhibitors/mingshuo,https://www.ifa-berlin.com/img/exhibitors/default.svg,https://www.ifa-berlin.com/exhibitors?page=35,980
2672,"Zhejiang Vezsin Electrical Co., Ltd.",China,IFA Global Markets,Hall 26a,H26a-339,https://www.ifa-berlin.com/exhibitors/zhejiang-vezsin-electrical,https://drive.ifa-berlin.com/drive/2026/05/_cache/6075e61de9bf7b0338eeb7a85d9c7d59_aae2851147b1adee608255f7e5b441dd.jpg.webp,https://www.ifa-berlin.com/exhibitors?page=36,981
3753,Prinker Korea Inc.,,,Hall 13,H13-102,https://www.ifa-berlin.com/exhibitors/prinker-korea,https://drive.ifa-berlin.com/drive/2026/08/_cache/ded185da0688a0758b02c5447382a4e0_066d024a0e64a53ead6ef2bc56105d44.png.webp,https://www.ifa-berlin.com/exhibitors?page=36,982
3554,Devia,China,Communication & Connectivity,Hall 5.2,H5.2-195,https://www.ifa-berlin.com/exhibitors/devia,https://drive.ifa-berlin.com/drive/2026/07/_cache/34e476cb517ecddc1f3ceeb0dc84bc98_fa9bfeafc81a5486197ac2a1d6b0880c.png,https://www.ifa-berlin.com/exhibitors?page=36,983
3735,DD,Italy,Reseller Park,Hub 27i,H27i-22,https://www.ifa-berlin.com/exhibitors/dd,https://drive.ifa-berlin.com/drive/2026/08/_cache/2559747af0a2b7b9be2053225e1657dd_e7966c833203e7a6c5d54fa956f91152.png.webp,https://www.ifa-berlin.com/exhibitors?page=36,984
3308,ESORUN,China,Reseller Park,Hub 27i,H27i-23,https://www.ifa-berlin.com/exhibitors/esorun,https://drive.ifa-berlin.com/drive/2026/08/_cache/dafcd91d55cdd20ec86c0307a1f79904_1b31a4548f34e38afa2ade5515a720e5.png.webp,https://www.ifa-berlin.com/exhibitors?page=36,985
3219,GSM-B2B,Germany,Reseller Park,Hub 27b,H27b-17,https://www.ifa-berlin.com/exhibitors/gsm-b2b,https://www.ifa-berlin.com/thumbnail/w500/2026/07/logo_%281%29.svg,https://www.ifa-berlin.com/exhibitors?page=36,986
3085,Ottocast,China,,Hall 6.2,H6.2-109,https://www.ifa-berlin.com/exhibitors/ottocast,https://drive.ifa-berlin.com/drive/2026/08/_cache/c9e582dde78e837582c38c92080f9ca5_73085f629a1becaec7806c0662caa30f.jpg.webp,https://www.ifa-berlin.com/exhibitors?page=36,987
3555,LightMake,China,IFA Next,Hall 25,H25-156,https://www.ifa-berlin.com/exhibitors/lightmake,https://drive.ifa-berlin.com/drive/2026/08/_cache/e1a3f1ad74be536b6cc1228eb277e725_ca582b161c91149354c9c8685dc71430.png.webp,https://www.ifa-berlin.com/exhibitors?page=36,988
3021,Bob and Brad,Hong Kong,Beauty Tech & Wellbeing,Hall 15,H15-148,https://www.ifa-berlin.com/exhibitors/bob-and-brad,https://drive.ifa-berlin.com/drive/2026/06/_cache/756aa2ce73c19e67855911e603902479_921623bee9e923a8900cdc93c4f2219a.png.webp,https://www.ifa-berlin.com/exhibitors?page=36,989
3273,Trends & Brands. Ruhr GmbH&Co.KG,Germany,Reseller Park,Hub 27g,H27g-05,https://www.ifa-berlin.com/exhibitors/trends-brands-ruhr,https://www.ifa-berlin.com/thumbnail/w500/2026/06/tbruhr-black.svg,https://www.ifa-berlin.com/exhibitors?page=36,990
2775,"Xiangtan Huan Ya Industrial Co., Ltd.",China,IFA Global Markets,Hall 26a,H26a-323,https://www.ifa-berlin.com/exhibitors/xiangtan-huan-ya-industrial,https://drive.ifa-berlin.com/drive/2026/07/_cache/62d347816a3f73364e35016438572af9_253bfe3c4ae24854f7bf80089d72eec5.png.webp,https://www.ifa-berlin.com/exhibitors?page=36,991
3630,Back Market,France,Reseller Park,Hub 27h,H27h-02,https://www.ifa-berlin.com/exhibitors/back-market,https://drive.ifa-berlin.com/drive/2025/12/_cache/715801a73f865294e92b05faee87c714_41bdfd998dc4a50cecc560092152447e.png.webp,https://www.ifa-berlin.com/exhibitors?page=36,992
3428,Metapen,China,Communication & Connectivity,Hall 5.2,H5.2-235,https://www.ifa-berlin.com/exhibitors/metapen,https://drive.ifa-berlin.com/drive/2026/08/_cache/654277435f33fc36047d0208e6a27525_1d4d76de4959a97c7dce608473fda955.png.webp,https://www.ifa-berlin.com/exhibitors?page=36,993
3451,"GUANGDONG SITAIKE ELECTRONIC TECH CO.,LTD",China,IFA Global Markets,Hall 26a,H26a-413,https://www.ifa-berlin.com/exhibitors/guangdong-sitaike-electronic-tech,https://www.ifa-berlin.com/img/exhibitors/default.svg,https://www.ifa-berlin.com/exhibitors?page=36,994
3139,"Guangdong Rongsheng Electric Holding Co., Ltd.",China,IFA Global Markets,Hall 26c,H26c-284,https://www.ifa-berlin.com/exhibitors/guangdong-rongsheng-electric-holding,https://drive.ifa-berlin.com/drive/2025/12/_cache/55b7b0f6a4a585dc8da8303079fed41a_bcb62c9d8d228172512cd82d85cafe78.png.webp,https://www.ifa-berlin.com/exhibitors?page=36,995
2327,Makerzoid,Hong Kong,IFA Next,Hall 25,H25-175,https://www.ifa-berlin.com/exhibitors/makerzoid,https://drive.ifa-berlin.com/drive/2026/08/_cache/ef2cb3be1ecb29da45d37bb1f1614268_975a3369bee6efa69cad4e4ba6ef7b6b.png.webp,https://www.ifa-berlin.com/exhibitors?page=36,996
2848,"Zhongshan Manggis Electrical Technology Co., Ltd.",China,IFA Global Markets,Hall 26b,H26b-1027,https://www.ifa-berlin.com/exhibitors/zhongshan-manggis-electrical-technology,https://www.ifa-berlin.com/img/exhibitors/default.svg,https://www.ifa-berlin.com/exhibitors?page=36,997
2936,"Shenzhen Healthcare Electronic Technology Co., Ltd.",China,IFA Global Markets,Hall 26a,H26a-489,https://www.ifa-berlin.com/exhibitors/shenzhen-healthcare-electronic-technology,https://www.ifa-berlin.com/img/exhibitors/default.svg,https://www.ifa-berlin.com/exhibitors?page=36,998
3465,GoPro,Germany,Content Creation,Großer Stern,GST-VIP Meeting Room 1 | GST-VIP Meeting Room 2,https://www.ifa-berlin.com/exhibitors/gopro,https://drive.ifa-berlin.com/drive/2026/07/_cache/9e0fafbf2681bc15ca4dec3126e58f6a_50437fcc11a6858951a46060399229e8.png.webp,https://www.ifa-berlin.com/exhibitors?page=36,999
3168,"Jiangxi Afalight Co., Ltd.",China,IFA Global Markets,Hall 26b,H26b-837,https://www.ifa-berlin.com/exhibitors/jiangxi-afalight,https://drive.ifa-berlin.com/drive/2026/08/_cache/0558730486936a0385a47b3546ac38c9_ef9ced2f3a24425ce1a6e7d3bea058bc.png.webp,https://www.ifa-berlin.com/exhibitors?page=36,1000
3216,NEXT Hardware & Software SPA,Italy,Reseller Park,Hub 27c,H27c-07,https://www.ifa-berlin.com/exhibitors/next-hardware-software,https://drive.ifa-berlin.com/drive/2026/08/_cache/cbf00f59d38a0002827d2e373d9252b8_4a18d260185b8eb02655d0be6db927eb.png.webp,https://www.ifa-berlin.com/exhibitors?page=36,1001
2738,"Demao Precision Technology (Huizhou) Co., Ltd.",China,IFA Global Markets,Hall 26b,H26b-1071,https://www.ifa-berlin.com/exhibitors/demao-precision-technology-huizhou,https://drive.ifa-berlin.com/drive/2026/06/_cache/20cb5a1f5817829f2d64c5650aeb10a5_40a46d47d00f3a70777deb073128bab4.png.webp,https://www.ifa-berlin.com/exhibitors?page=36,1002
2318,Callbuddy,Belgium,Communication & Connectivity,Hall 5.2,H5.2-241,https://www.ifa-berlin.com/exhibitors/callbuddy,https://www.ifa-berlin.com/img/exhibitors/default.svg,https://www.ifa-berlin.com/exhibitors?page=36,1003
2240,Spire,Netherlands,Computing & Gaming,Hall 7.2b,H7.2b-121,https://www.ifa-berlin.com/exhibitors/spire,https://drive.ifa-berlin.com/drive/2026/08/_cache/64f3960cf1700ec0bcf1d097e88a7277_38fa9d3bce40ae1257896e8a8ffd2116.png.webp,https://www.ifa-berlin.com/exhibitors?page=36,1004
3226,Intelkom d.o.o.,Croatia,Reseller Park,Hub 27b,H27b-TISCH,https://www.ifa-berlin.com/exhibitors/intelkom-d-o-o,https://drive.ifa-berlin.com/drive/2026/08/_cache/d02c8bd59f0162b9b43b2d87b514881f_c921669ae6ddf58436557c6995d69ae9.jpg.webp,https://www.ifa-berlin.com/exhibitors?page=36,1005
2674,"Zhejiang Biyi Electric Appliance Co., Ltd.",China,IFA Global Markets,Hall 26b,H26b-873,https://www.ifa-berlin.com/exhibitors/zhejiang-biyi-electric-appliance,https://www.ifa-berlin.com/img/exhibitors/default.svg,https://www.ifa-berlin.com/exhibitors?page=36,1006
2970,"Dongguan YIMO Technology Co.,Ltd.",China,IFA Global Markets,Hall 26b,H26b-813,https://www.ifa-berlin.com/exhibitors/dongguan-yimo-technology,https://drive.ifa-berlin.com/drive/2026/08/_cache/df7a411b73f2273e0afec47503e25170_9212bda5a4347d9940e173fbe4bfdd36.png.webp,https://www.ifa-berlin.com/exhibitors?page=36,1007
2950,"Ningbo Huayi Electronic Appliance Technology Co., Ltd",China,IFA Global Markets,Hall 26a,H26a-523,https://www.ifa-berlin.com/exhibitors/ningbo-huayi-electronic-appliance-technology,https://www.ifa-berlin.com/img/exhibitors/default.svg,https://www.ifa-berlin.com/exhibitors?page=36,1008
2769,"Guangzhou Chentong Electronics Co., LTD",China,IFA Global Markets,Hall 26b,H26b-739,https://www.ifa-berlin.com/exhibitors/guangzhou-chentong-electronics,https://drive.ifa-berlin.com/drive/2026/08/_cache/299cbe58aa54dfbce6390cc171364329_a1d3704a4068926dbf7c2c7f78bfdc85.png.webp,https://www.ifa-berlin.com/exhibitors?page=37,1009
3076,QIVIKA,China,IFA Next,Hall 25,H25-235,https://www.ifa-berlin.com/exhibitors/qivika,https://www.ifa-berlin.com/img/exhibitors/default.svg,https://www.ifa-berlin.com/exhibitors?page=37,1010
3538,"Ningbo Qihong Electrical Appliance Co.,Ltd",China,IFA Global Markets,Hall 26a,H26a-741,https://www.ifa-berlin.com/exhibitors/ningbo-qihong-electrical-appliance,https://www.ifa-berlin.com/img/exhibitors/default.svg,https://www.ifa-berlin.com/exhibitors?page=37,1011
3471,Valerion,Germany,Content Creation,Großer Stern,GST-VIP Meeting Room 1 | GST-VIP Meeting Room 2,https://www.ifa-berlin.com/exhibitors/valerion,https://drive.ifa-berlin.com/drive/2026/07/_cache/151946be2c24b43f9caeee103dbfcde7_8d68a08836afbc1f39c644be3769b02b.png.webp,https://www.ifa-berlin.com/exhibitors?page=37,1012
3330,Sanfeng,China,Reseller Park,Hub 27j,H27j-16,https://www.ifa-berlin.com/exhibitors/sanfeng,https://drive.ifa-berlin.com/drive/2026/08/_cache/99048f6fd28519187ee22908bafd5f79_29ad7d76aab4089f298213fa2bf1f827.png.webp,https://www.ifa-berlin.com/exhibitors?page=37,1013
2410,Libratel,Canada,Communication & Connectivity,Hall 5.2,H5.2-239,https://www.ifa-berlin.com/exhibitors/libratel,https://drive.ifa-berlin.com/drive/2026/08/_cache/e317cfc7e1e27a488c4f2e1039f5a918_6bff2c96a288c3db20790b37e4e38965.png.webp,https://www.ifa-berlin.com/exhibitors?page=37,1014
2756,"Guangdong Invitop Technology Co., Ltd",China,IFA Global Markets,Hall 26b,H26b-899,https://www.ifa-berlin.com/exhibitors/guangdong-invitop-technology,https://drive.ifa-berlin.com/drive/2026/07/_cache/308fbe36adcc982438850044788b3c54_23333c7343076c4f7a71f10d869fab65.png,https://www.ifa-berlin.com/exhibitors?page=37,1015
2069,THINKYA,China,Audio,Hall 8.2,H8.2-239,https://www.ifa-berlin.com/exhibitors/thinkya,https://drive.ifa-berlin.com/drive/2025/12/_cache/df4f081196aea891c63b51af044ad985_8fe42a002506e0c80d0d61bab59b7be5.png.webp,https://www.ifa-berlin.com/exhibitors?page=37,1016
3267,UTOPYA,France,Reseller Park,Hub 27f,H27f-15,https://www.ifa-berlin.com/exhibitors/utopya-2,https://drive.ifa-berlin.com/drive/2026/06/_cache/08e89fea3e34cd419a88a281e6ecff36_3b52fc16b05faf48872c2ff9aed1d2eb.png.webp,https://www.ifa-berlin.com/exhibitors?page=37,1017
3557,SPESYN,China,IFA Next,Hall 25,H25-156,https://www.ifa-berlin.com/exhibitors/spesyn,https://drive.ifa-berlin.com/drive/2026/07/_cache/88d67bdf68f40b26e63a98571e03f631_d48aa809c3b95286b1552f4ab4d2b2f5.png.webp,https://www.ifa-berlin.com/exhibitors?page=37,1018
2845,"K-air Electric Industrial Co., Ltd",China,IFA Global Markets,Hall 26b,H26b-999,https://www.ifa-berlin.com/exhibitors/k-air-electric-industrial,https://drive.ifa-berlin.com/drive/2025/12/_cache/da97751bd99dd273f860d895f340c359_f43c00bc4f05a553faca2a3d732de890.png.webp,https://www.ifa-berlin.com/exhibitors?page=37,1019
3897,V-SPACE,South Korea,IFA Next,Hall 25,H25-301,https://www.ifa-berlin.com/exhibitors/v-space,https://www.ifa-berlin.com/img/exhibitors/default.svg,https://www.ifa-berlin.com/exhibitors?page=37,1020
3559,TermiTech,China,IFA Next,Hall 25,H25-156,https://www.ifa-berlin.com/exhibitors/termitech,https://www.ifa-berlin.com/img/exhibitors/default.svg,https://www.ifa-berlin.com/exhibitors?page=37,1021
2689,"Zhongshan Aouball Electric Appliances Co., Ltd.",China,IFA Global Markets,Hall 26b,H26b-897,https://www.ifa-berlin.com/exhibitors/zhongshan-aouball-electric-appliances,https://drive.ifa-berlin.com/drive/2026/05/_cache/b45118e46d2168713164012df00494cd_941987ee96081fd69ade77cc2cafcb3d.jpg.webp,https://www.ifa-berlin.com/exhibitors?page=37,1022
1908,zWave / AEOTEC,Germany,Smart Home,Hall 1.2,H1.2-149,https://www.ifa-berlin.com/exhibitors/zwave-aeotec,https://www.ifa-berlin.com/img/exhibitors/default.svg,https://www.ifa-berlin.com/exhibitors?page=37,1023
3840,SANYTRON,China,IFA Next,Hall 25,H25-167,https://www.ifa-berlin.com/exhibitors/sanytron,https://drive.ifa-berlin.com/drive/2026/08/_cache/9c03a6b3276e94b983c7ca003db9e8c8_425a247415e65238b4757ef6574ed764.png.webp,https://www.ifa-berlin.com/exhibitors?page=37,1024
2594,BOXIN BIOTECH,Vietnam,IFA Global Markets,Hall 26c,H26c-402,https://www.ifa-berlin.com/exhibitors/boxin-biotech,https://www.ifa-berlin.com/img/exhibitors/default.svg,https://www.ifa-berlin.com/exhibitors?page=37,1025
2122,PGYTECH,China,Content Creation,Hall 20,H20-135,https://www.ifa-berlin.com/exhibitors/pgytech,https://drive.ifa-berlin.com/drive/2026/07/_cache/3b969de93f067325a232b5f755646047_f524a1720471784d3d30f22b83ebff8c.png.webp,https://www.ifa-berlin.com/exhibitors?page=37,1026
3877,Piceasoft,Finland,Reseller Park,Hub 27e,H27e-16,https://www.ifa-berlin.com/exhibitors/piceasoft,https://drive.ifa-berlin.com/drive/2026/08/_cache/1314ca1b0a96a2d75373d0ef1e89979f_35b98a838ef0180f967c78ad12c3a88a.png.webp,https://www.ifa-berlin.com/exhibitors?page=37,1027
3732,Xiaowan Inteligent Robot,China,IFA Next,Hall 25,H25-367,https://www.ifa-berlin.com/exhibitors/xiaowan-inteligent-robot,https://drive.ifa-berlin.com/drive/2026/08/_cache/7446c6d21b6be8fcb32377b845d50188_8f3d2039bd273633adbf9426a4e75e6d.jpg.webp,https://www.ifa-berlin.com/exhibitors?page=37,1028
2076,Rolling Seeds,South Korea,IFA Next,Hall 25,H25-328,https://www.ifa-berlin.com/exhibitors/rolling-seeds,https://drive.ifa-berlin.com/drive/2026/08/_cache/ed9a327fa569ebbde3af1f4006528112_1b45555ba918cf2a04c2a41dc984a0cd.png.webp,https://www.ifa-berlin.com/exhibitors?page=37,1029
4003,COUVISION B.V.,Netherlands,Reseller Park,Hub 27d,H27d-03,https://www.ifa-berlin.com/exhibitors/couvision,https://www.ifa-berlin.com/thumbnail/w500/2026/08/couvisiondark.svg,https://www.ifa-berlin.com/exhibitors?page=37,1030
2695,"Ningbo Winlim Electric Appliance Co., Ltd.",China,IFA Global Markets,Hall 26b,H26b-1031,https://www.ifa-berlin.com/exhibitors/ningbo-winlim-electric-appliance,https://www.ifa-berlin.com/img/exhibitors/default.svg,https://www.ifa-berlin.com/exhibitors?page=37,1031
3286,Kantama Electronics SL,Spain,Reseller Park,Hub 27f,H27f-18,https://www.ifa-berlin.com/exhibitors/kantama-electronics,https://drive.ifa-berlin.com/drive/2026/08/_cache/3a97b845d60b041fb0ab9cebcf800e2c_13654f6c182cd5aff3b42dd89c2b9020.png.webp,https://www.ifa-berlin.com/exhibitors?page=37,1032
2939,Techomey GmbH,Germany,IFA Global Markets,Hall 26c,H26c-384,https://www.ifa-berlin.com/exhibitors/techomey,https://drive.ifa-berlin.com/drive/2026/06/_cache/392c9f3b01eacdc8b9f22428046f9848_c5b43dabd21dfad6f3f06585b02e73e1.png.webp,https://www.ifa-berlin.com/exhibitors?page=37,1033
4021,AMD,,,CityCube Hall B,CCBB-O9 | CCBB-M3,https://www.ifa-berlin.com/exhibitors/amd-2,https://drive.ifa-berlin.com/drive/2025/08/_cache/caa5012718fc8497d5ae8f432e059651_dac2dc6dfcee5c32e52bb111babfe006.png.webp,https://www.ifa-berlin.com/exhibitors?page=37,1034
3384,GUTIEN,China,Computing & Gaming,Hall 5.2,H5.2-456,https://www.ifa-berlin.com/exhibitors/gutien,https://drive.ifa-berlin.com/drive/2026/08/_cache/e21b039b8a77870daf0f58f974441243_9e0e92e1e3d5a3d131105e02af6284af.png.webp,https://www.ifa-berlin.com/exhibitors?page=37,1035
3618,"Jieyang City Enmei Hardware Electric Industry Co., Ltd.",China,IFA Global Markets,Hall 26a,H26a-745,https://www.ifa-berlin.com/exhibitors/jieyang-city-enmei-hardware-electric-industry,https://drive.ifa-berlin.com/drive/2026/08/_cache/f3f7088628f490446063e7d7287897d8_b4c3b49a47f45e72bf164d557510f209.jpg.webp,https://www.ifa-berlin.com/exhibitors?page=37,1036
2777,"NINGBO SUMO TRADE CO.,LTD.",China,IFA Global Markets,Hall 26a,H26a-661,https://www.ifa-berlin.com/exhibitors/ningbo-sumo-trade,https://drive.ifa-berlin.com/drive/2025/12/_cache/920709a66728f2141b8f4b3c8dc2b53f_1f32e22c2381508bb5a1c261849cac81.jpg.webp,https://www.ifa-berlin.com/exhibitors?page=38,1037
2648,Airinum US LLC,USA,IFA Next,Hall 25,H25-281,https://www.ifa-berlin.com/exhibitors/airinum-us,https://drive.ifa-berlin.com/drive/2026/07/_cache/b31e448ac4332291f39fe2855da85b6f_81d8007c882e2762f5bfd7cfe2103857.png.webp,https://www.ifa-berlin.com/exhibitors?page=38,1038
2734,"Cixi Utrust Electric Appliance Co., Ltd.",China,IFA Global Markets,Hall 26b,H26b-895,https://www.ifa-berlin.com/exhibitors/cixi-utrust-electric-appliance,https://drive.ifa-berlin.com/drive/2025/12/_cache/b55687edd5da64289c73a12877708822_d76b125862f29fa063e7f2e835232026.png.webp,https://www.ifa-berlin.com/exhibitors?page=38,1039
2772,"Shenzhen Yizhen Technology Co.,Ltd.",China,IFA Global Markets,Hall 26b,H26b-785,https://www.ifa-berlin.com/exhibitors/shenzhen-yizhen-technology,https://drive.ifa-berlin.com/drive/2026/08/_cache/299d1af69ebbb3b8d470129155414db8_b09a68ed8519bf3b3591fcdbbf084f9a.png,https://www.ifa-berlin.com/exhibitors?page=38,1040
3173,"Ningbo Tianqi Industrial Co., Ltd.",China,IFA Global Markets,Hall 26b,H26b-929,https://www.ifa-berlin.com/exhibitors/ningbo-tianqi-industrial,https://drive.ifa-berlin.com/drive/2026/08/_cache/1d8e3f4c5bd984c0a4cba37553180462_94f97eef8fba8d5d732d89a79b940249.png.webp,https://www.ifa-berlin.com/exhibitors?page=38,1041
2391,Lenyes,China,Communication & Connectivity,Hall 4.2,H4.2-151a,https://www.ifa-berlin.com/exhibitors/lenyes,https://drive.ifa-berlin.com/drive/2026/08/_cache/14856a65bd5150a06ea3824b6005d827_74757c5ce564baf593f7f0e54fe620ed.jpg.webp,https://www.ifa-berlin.com/exhibitors?page=38,1042
2658,"Shanghai Zengxi Purification Technology Co.,Ltd",China,IFA Global Markets,Hall 26a,H26a-499,https://www.ifa-berlin.com/exhibitors/shanghai-zengxi-purification-technology,https://drive.ifa-berlin.com/drive/2026/08/_cache/bdace95b0525556ca78cfefd96e9f757_763c5f5ba2a4eb7ebfd64d1786193124.jpg.webp,https://www.ifa-berlin.com/exhibitors?page=38,1043
2583,Amazon,United Kingdom,Home & Entertainment,Hub 27,H27-Beta1 | H27-Beta 2 | H27-Beta 3 | H27-Beta 4,https://www.ifa-berlin.com/exhibitors/amazon,https://drive.ifa-berlin.com/drive/2026/07/_cache/5d13887393d4340e788b75098c693036_0959c74b48b20f370ffd3109e32de2be.png.webp,https://www.ifa-berlin.com/exhibitors?page=38,1044
3355,Union Camera Hong Kong Ltd,China,Reseller Park,Hub 27m,H27m-20,https://www.ifa-berlin.com/exhibitors/union-camera-hong-kong,https://www.ifa-berlin.com/img/exhibitors/default.svg,https://www.ifa-berlin.com/exhibitors?page=38,1045
3093,"ARTEMIS CO., LTD.",China,IFA Global Markets,Hall 26a,H26a-509,https://www.ifa-berlin.com/exhibitors/artemis,https://drive.ifa-berlin.com/drive/2026/08/_cache/66286c1e0b44a291414bfa2791e55243_2598490e2436ca059a9d0ffc31589498.png.webp,https://www.ifa-berlin.com/exhibitors?page=38,1046
2428,AITOPIATECH,China,IFA Next,Hall 25,H25-203,https://www.ifa-berlin.com/exhibitors/aitopiatech,https://drive.ifa-berlin.com/drive/2026/08/_cache/2bc42281fad392aa4dab0ea716c7d6ce_49a59580e78c945f8252297675ef493e.jpg.webp,https://www.ifa-berlin.com/exhibitors?page=38,1047
2620,KEPOW,China,Mobility,CityCube Hall B,CCBB-156,https://www.ifa-berlin.com/exhibitors/kepow,https://drive.ifa-berlin.com/drive/2026/06/_cache/773aa7d7b3e5428b588d5f6d90e5b71f_c339a31cb36fe007f92b8d38536beaeb.png.webp,https://www.ifa-berlin.com/exhibitors?page=38,1048
3747,RCC Amazing Touch,Philippines,IFA Next,Hall 25,H25-359,https://www.ifa-berlin.com/exhibitors/rcc-amazing-touch,https://drive.ifa-berlin.com/drive/2026/08/_cache/a8758af8f78d9f4c3f6960f784180ebd_b675063a9dd4f06e2107785df7501c94.png.webp,https://www.ifa-berlin.com/exhibitors?page=38,1049
3183,"Huizhou Sunrise Technology Co.,LTD",China,IFA Global Markets,Hall 26c,H26c-174,https://www.ifa-berlin.com/exhibitors/huizhou-sunrise-technology,https://www.ifa-berlin.com/img/exhibitors/default.svg,https://www.ifa-berlin.com/exhibitors?page=38,1050
2660,"Ningbo Chengtuo Electric Appliance Co.,ltd",China,IFA Global Markets,Hall 26a,H26a-299,https://www.ifa-berlin.com/exhibitors/ningbo-chengtuo-electric-appliance,https://www.ifa-berlin.com/img/exhibitors/default.svg,https://www.ifa-berlin.com/exhibitors?page=38,1051
3220,MobiParts SRL,Romania,Reseller Park,Hub 27e,H27e-03,https://www.ifa-berlin.com/exhibitors/mobiparts,https://drive.ifa-berlin.com/drive/2026/07/_cache/76287816d1d1d2e68c85bb63b11a235e_dd9f06f6f0267ee626b918b4eeaecbdb.png.webp,https://www.ifa-berlin.com/exhibitors?page=38,1052
3307,RECORE,China,Reseller Park,Hub 27i,H27i-12,https://www.ifa-berlin.com/exhibitors/recore,https://drive.ifa-berlin.com/drive/2026/07/_cache/e5608ae356c8ed050326a98dc5067110_c312abf7b44ee96cf917941941b4b207.png.webp,https://www.ifa-berlin.com/exhibitors?page=38,1053
3096,"You Long Electrical Ind. (Shenzhen) Co., Ltd.",China,IFA Global Markets,Hall 26b,H26b-839,https://www.ifa-berlin.com/exhibitors/you-long-electrical-ind-shenzhen,https://www.ifa-berlin.com/img/exhibitors/default.svg,https://www.ifa-berlin.com/exhibitors?page=38,1054
3152,LUVLLI,Hong Kong,Audio,Hall 8.2,H8.2-277,https://www.ifa-berlin.com/exhibitors/luvlli,https://drive.ifa-berlin.com/drive/2026/08/_cache/fd564b7721163b0ae280a8a110a04778_9f9a541d58d38f46584bae96ff3346df.jpg.webp,https://www.ifa-berlin.com/exhibitors?page=38,1055
3131,"Shunde Kingtec Appliances Co., Ltd",China,IFA Global Markets,Hall 26a,H26a-561,https://www.ifa-berlin.com/exhibitors/shunde-kingtec-appliances,https://drive.ifa-berlin.com/drive/2025/12/_cache/399c4a33c8660b2c290f48394808318d_23b711cc6fb490a36ea7c2ed9a76e714.png.webp,https://www.ifa-berlin.com/exhibitors?page=38,1056
3136,"GUANGDONG MINGJIAN ELECTRICAL TECHNOLOGY CO., LTD",China,IFA Global Markets,Hall 26c,H26c-208,https://www.ifa-berlin.com/exhibitors/guangdong-mingjian-electrical-technology,https://drive.ifa-berlin.com/drive/2026/08/_cache/0ead4f0f7027fd47d0e36addfd82f3be_3712642ace6cebe4343abb445aef9f90.png.webp,https://www.ifa-berlin.com/exhibitors?page=38,1057
2324,Aeroband - DALE SENSOR TECH,China,IFA Next,Hall 25,H25-331,https://www.ifa-berlin.com/exhibitors/aeroband-dale-sensor-tech,https://drive.ifa-berlin.com/drive/2026/08/_cache/55ce2325e3fa23b7afef84378b4beabe_33e950a45e2bb108e04a58e12bae5457.jpg.webp,https://www.ifa-berlin.com/exhibitors?page=38,1058
3315,Willing,China,Reseller Park,Hub 27j,H27j-01,https://www.ifa-berlin.com/exhibitors/willing,https://drive.ifa-berlin.com/drive/2026/08/_cache/ac221bd4c604c055b5c0c24d5f2133f4_2127e8bc6b65c01db9b0c899d5c61464.png.webp,https://www.ifa-berlin.com/exhibitors?page=38,1059
3996,Nektova,USA,Reseller Park,Hub 27m,H27m-03,https://www.ifa-berlin.com/exhibitors/nektova,https://www.ifa-berlin.com/img/exhibitors/default.svg,https://www.ifa-berlin.com/exhibitors?page=38,1060
3492,We Are Rewind,Germany,Audio,Großer Stern,GST-VIP Meeting Room 1 | GST-VIP Meeting Room 2,https://www.ifa-berlin.com/exhibitors/wearerewind,https://drive.ifa-berlin.com/drive/2026/07/_cache/69ab0302647081446c913efc7cbc158a_f2ee5d21ca2d63dc7d491b0b17c288b0.png.webp,https://www.ifa-berlin.com/exhibitors?page=38,1061
3414,Global Hitec Electronics,South Korea,IFA Next,Hall 25,H25-157,https://www.ifa-berlin.com/exhibitors/global-hitec-electronics,https://drive.ifa-berlin.com/drive/2026/08/_cache/9c43b00985cabc233ea86597a3d3ec3c_7f76cf47522a90a2a4cc07757dc87535.png.webp,https://www.ifa-berlin.com/exhibitors?page=38,1062
3129,"FOSHAN SHUNDE STELANG ELECTRIC APPLIANCE CO., LTD",China,IFA Global Markets,Hall 26a,H26a-345,https://www.ifa-berlin.com/exhibitors/foshan-shunde-stelang-electric-appliance,https://drive.ifa-berlin.com/drive/2025/12/_cache/ef2c2fbc4d7d3bcb2f1b21f3fc530a57_3ac412db13ec9ee9edd8cae7bffb7287.png.webp,https://www.ifa-berlin.com/exhibitors?page=38,1063
3462,WuWen,China,IFA Next,Hall 5.2,H5.2-504,https://www.ifa-berlin.com/exhibitors/wuwen,https://drive.ifa-berlin.com/drive/2026/08/_cache/58c2aadd3927dd16d558af1169c03c17_b6f509f3426cd4404c601e0e62c396ad.png.webp,https://www.ifa-berlin.com/exhibitors?page=38,1064
2193,Shenzhen Qi Wu Qu You Technology Limited (Wokyis),China,IFA Next,Hall 25,H25-399,https://www.ifa-berlin.com/exhibitors/shenzhen-qi-wu-qu-you-technology-wokyis,https://www.ifa-berlin.com/img/exhibitors/default.svg,https://www.ifa-berlin.com/exhibitors?page=39,1065
3245,UTOPYA,France,Reseller Park,Hub 27f,H27f-16,https://www.ifa-berlin.com/exhibitors/utopya,https://drive.ifa-berlin.com/drive/2026/06/_cache/ca0749faa815775f6c9a44898e54b365_5e40177901101e2ecb5c585769509283.png.webp,https://www.ifa-berlin.com/exhibitors?page=39,1066
3713,HEXAINNOHEAL,South Korea,IFA Next,Hall 25,H25-361,https://www.ifa-berlin.com/exhibitors/hexainnoheal,https://drive.ifa-berlin.com/drive/2026/07/_cache/b2a3f3251281acdf85634315bc9922f5_41c7741cd24e5e8841d2c6a0d54e5fd3.jpg.webp,https://www.ifa-berlin.com/exhibitors?page=39,1067
3251,MobileSentrix B.V.,Netherlands,Reseller Park,Hub 27e,H27e-12,https://www.ifa-berlin.com/exhibitors/mobilesentrix,https://drive.ifa-berlin.com/drive/2025/08/_cache/16702469d8b0848f27d523c738492cf7_a77ea54a7ed32db2888edeb45adcd223.png.webp,https://www.ifa-berlin.com/exhibitors?page=39,1068
3265,Tecno Mobile Limited,Hong Kong,Reseller Park,Hub 27g,H27g-TISCH,https://www.ifa-berlin.com/exhibitors/tecno-mobile,https://www.ifa-berlin.com/img/exhibitors/default.svg,https://www.ifa-berlin.com/exhibitors?page=39,1069
3004,COZYTIME,China,IFA Next,Hall 25,H25-127,https://www.ifa-berlin.com/exhibitors/cozytime,https://drive.ifa-berlin.com/drive/2026/07/_cache/639bf7da7a848ea4bd00ea01c1204965_24247e430ed00a12e86d5391f5661bc7.png.webp,https://www.ifa-berlin.com/exhibitors?page=39,1070
3822,World AI Eyewear Alliance,,IFA Next,Hall 25,H25-IFA Next Lounge,https://www.ifa-berlin.com/exhibitors/world-ai-eyewear-alliance,https://www.ifa-berlin.com/img/exhibitors/default.svg,https://www.ifa-berlin.com/exhibitors?page=39,1071
3040,Concept International,Germany,Computing & Gaming,Hall 7.2a,H7.2a-102,https://www.ifa-berlin.com/exhibitors/concept-international,https://drive.ifa-berlin.com/drive/2026/08/_cache/6daa65c5d70e561b04ff0e50c4d3c6e2_92b2078e7ff714d62251ef508a7dbba0.png.webp,https://www.ifa-berlin.com/exhibitors?page=39,1072
2367,Petwant,China,Smart Home,Hall 2.2,H2.2-161,https://www.ifa-berlin.com/exhibitors/petwant,https://drive.ifa-berlin.com/drive/2026/04/_cache/3137a7521de2db2eed09204536fcb022_eb9a1ac880344076b41d99c19f6f635a.png.webp,https://www.ifa-berlin.com/exhibitors?page=39,1073
2179,Sixthgu,Hong Kong,Smart Home,Hall 2.2,H2.2-190,https://www.ifa-berlin.com/exhibitors/sixthgu,https://www.ifa-berlin.com/img/exhibitors/default.svg,https://www.ifa-berlin.com/exhibitors?page=39,1074
3367,Dalle,China,Reseller Park,Hub 27o,H27o-19,https://www.ifa-berlin.com/exhibitors/dalle,https://drive.ifa-berlin.com/drive/2026/08/_cache/c7244afafc9d3600592077b5a93ecbff_c996ab8b03ca0816a8ff0c87abd5adf5.jpg.webp,https://www.ifa-berlin.com/exhibitors?page=39,1075
3661,AKG,Germany,Audio,Großer Stern,GST-VIP Meeting Room 1 | GST-VIP Meeting Room 2,https://www.ifa-berlin.com/exhibitors/akg,https://drive.ifa-berlin.com/drive/2026/07/_cache/f30f411690c37ee587c48c36821879ea_01646af74df17a350dc87b1c61498b45.png.webp,https://www.ifa-berlin.com/exhibitors?page=39,1076
2492,Spival S.p.a.,Italy,Home Appliances,Hall 8.1,H8.1-218,https://www.ifa-berlin.com/exhibitors/spival,https://www.ifa-berlin.com/img/exhibitors/default.svg,https://www.ifa-berlin.com/exhibitors?page=39,1077
3876,Selec sp z o.o.,Poland,Reseller Park,Hub 27g,H27g-08,https://www.ifa-berlin.com/exhibitors/selec,https://drive.ifa-berlin.com/drive/2025/12/_cache/72551fb76fe063946a8fc0b29a0f3f88_f9a753f9a4eddd29f9230eeab1a6a760.png.webp,https://www.ifa-berlin.com/exhibitors?page=39,1078
3697,SL Corporation,South Korea,IFA Next,Hall 25,H25-361,https://www.ifa-berlin.com/exhibitors/sl-corporation,https://www.ifa-berlin.com/img/exhibitors/default.svg,https://www.ifa-berlin.com/exhibitors?page=39,1079
3565,HAATZ INC.,South Korea,Home Appliances,Hall 8.1,H8.1-208,https://www.ifa-berlin.com/exhibitors/haatz,https://drive.ifa-berlin.com/drive/2025/12/_cache/9469e9f61c07dd411325307acdbf2dab_a88a31f6da4138b52d6ca134075c0883.jpg.webp,https://www.ifa-berlin.com/exhibitors?page=39,1080
3606,AZoneTech,,IFA Global Markets,Hall 26c,H26c-358,https://www.ifa-berlin.com/exhibitors/azonetech,https://drive.ifa-berlin.com/drive/2026/08/_cache/bfdf15ea5108301b7f81057895ccdbab_f0615814152318c0bf8e595e08472943.png.webp,https://www.ifa-berlin.com/exhibitors?page=39,1081
3907,datum.coffee,Austria,IFA Next,Hall 5.2,H5.2-405,https://www.ifa-berlin.com/exhibitors/datum-coffee,https://www.ifa-berlin.com/thumbnail/w500/2026/08/datumlogocolor.svg,https://www.ifa-berlin.com/exhibitors?page=39,1082
2553,IDO Devices,India,IFA Global Markets,Hall 26c,H26c-337,https://www.ifa-berlin.com/exhibitors/ido-devices,https://www.ifa-berlin.com/img/exhibitors/default.svg,https://www.ifa-berlin.com/exhibitors?page=39,1083
3846,ASWO,Germany,Communication & Connectivity,CityCube Hall B,CCBB-135,https://www.ifa-berlin.com/exhibitors/aswo,https://drive.ifa-berlin.com/drive/2026/08/_cache/0e2351def53eb9da1246ad226f372568_c90cfffe6a81d493e0c188feba211df7.png.webp,https://www.ifa-berlin.com/exhibitors?page=39,1084
2928,"Ningbo Wantong Electron Co., Ltd.",China,IFA Global Markets,Hall 26b,H26b-963,https://www.ifa-berlin.com/exhibitors/ningbo-wantong-electron,https://drive.ifa-berlin.com/drive/2026/08/_cache/0c52ed63b285e729d6b75cfe90d2d998_7d78e3e399bdb489d7f006911f1f283a.png.webp,https://www.ifa-berlin.com/exhibitors?page=39,1085
3287,Computer Infotech (S) Pte Ltd,Singapore,Reseller Park,Hub 27f,H27f-12,https://www.ifa-berlin.com/exhibitors/computer-infotech-s,https://drive.ifa-berlin.com/drive/2026/08/_cache/6a402a4783871c458afcc365bc1b7557_c5fa2b42ac8bef2ddabd5834e4b5e81b.jpg.webp,https://www.ifa-berlin.com/exhibitors?page=39,1086
4029,LEICKE GmbH,Germany,Reseller Park,Hub 27d,H27d-01,https://www.ifa-berlin.com/exhibitors/leicke,https://www.ifa-berlin.com/img/exhibitors/default.svg,https://www.ifa-berlin.com/exhibitors?page=39,1087
2337,Sannova E-paper,China,IFA Next,Hall 25,H25-125,https://www.ifa-berlin.com/exhibitors/sannova-e-paper,https://drive.ifa-berlin.com/drive/2026/07/_cache/84ac898d8b8f4d9908229c0ab3b5716e_e1b7970d2d5007b529e71d65afdd4860.jpg.webp,https://www.ifa-berlin.com/exhibitors?page=39,1088
2729,"Dongguan Cofar Electrical Appliances Tech Co., Ltd.",China,IFA Global Markets,Hall 26a,H26a-363,https://www.ifa-berlin.com/exhibitors/dongguan-cofar-electrical-appliances-tech,https://drive.ifa-berlin.com/drive/2025/12/_cache/a0b4f78fe247f6cdcca6a861ca52c226_4afd52ca2594cbc98f674004047f8905.png.webp,https://www.ifa-berlin.com/exhibitors?page=39,1089
3352,AB GSMshop.at GmbH,Austria,Reseller Park,Hub 27m,H27m-19,https://www.ifa-berlin.com/exhibitors/gsmshop-at,https://drive.ifa-berlin.com/drive/2026/08/_cache/4e0fd872d9472c28b5183272ad53592f_cff43ea44f124e05df81986a3e0af9a4.png.webp,https://www.ifa-berlin.com/exhibitors?page=39,1090
3283,Techmove Distribution,United Kingdom,Reseller Park,Hub 27e,H27e-04,https://www.ifa-berlin.com/exhibitors/techmove-distribution,https://www.ifa-berlin.com/img/exhibitors/default.svg,https://www.ifa-berlin.com/exhibitors?page=39,1091
3519,"Dongguan Novaeast Technology Co., Ltd",China,Computing & Gaming,Hall 7.2b,H7.2b-113,https://www.ifa-berlin.com/exhibitors/dongguan-novaeast-technology,https://drive.ifa-berlin.com/drive/2026/08/_cache/277a9b9ee859dabe360522dacad5a73e_e428a95ead030243be2389b40eb5e370.jpg.webp,https://www.ifa-berlin.com/exhibitors?page=39,1092
2168,Aochuan,China,Content Creation,Hall 17,H17-257,https://www.ifa-berlin.com/exhibitors/aochuan,https://drive.ifa-berlin.com/drive/2026/07/_cache/a4b0548f5c442ae1929869295bf4460f_d0e1c136a2635a9b472b12a17174f001.png.webp,https://www.ifa-berlin.com/exhibitors?page=40,1093
3546,"HANGZHOU OUGE ELECTRICAL APPLIANCE CO., LTD",China,IFA Global Markets,Hall 26b,H26b-887,https://www.ifa-berlin.com/exhibitors/hangzhou-ouge-electrical-appliance,https://www.ifa-berlin.com/img/exhibitors/default.svg,https://www.ifa-berlin.com/exhibitors?page=40,1094
3314,ALOTCASE,China,Reseller Park,Hub 27j,H27j-13,https://www.ifa-berlin.com/exhibitors/alotcase,https://drive.ifa-berlin.com/drive/2026/08/_cache/d6f09103dcfe1f5d959fe0afe88416ea_b461f4c982d973cef5acd91441e23e0a.png.webp,https://www.ifa-berlin.com/exhibitors?page=40,1095
2811,Hochuen Smart PTE.LTD.,China,IFA Global Markets,Hall 26c,H26c-234,https://www.ifa-berlin.com/exhibitors/hochuen-smart,https://drive.ifa-berlin.com/drive/2026/08/_cache/2a3ccf039c65c88aa93a4504c60fe02e_7c874885ca8c12fb21cf6ae0261947d2.png.webp,https://www.ifa-berlin.com/exhibitors?page=40,1096
2752,"Ningbo Aiken Intelligent Technology Co., Ltd",China,IFA Global Markets,Hall 26b,H26b-1081,https://www.ifa-berlin.com/exhibitors/ningbo-aiken-intelligent-technology,https://drive.ifa-berlin.com/drive/2026/08/_cache/f44e3511aff75307313f820440c3e0e0_f3bcf109784767ca26c4a61b956ac57d.jpg.webp,https://www.ifa-berlin.com/exhibitors?page=40,1097
3378,Mecharite,Denmark,Computing & Gaming,Hall 5.2,H5.2-311,https://www.ifa-berlin.com/exhibitors/mecharite,https://drive.ifa-berlin.com/drive/2025/06/_cache/3341e936d3ba0e6a6f7c09e9189225b8_1bfcfbbd2a02d7d1f54f1197452a6444.png.webp,https://www.ifa-berlin.com/exhibitors?page=40,1098
3522,Sweep,China,Home Appliances,Hall 8.1,H8.1-206,https://www.ifa-berlin.com/exhibitors/sweep,https://drive.ifa-berlin.com/drive/2026/08/_cache/1ff036ab8fb358ac26cb69e75f8f7915_96f65683960bdde930e3c4980e5e8892.png.webp,https://www.ifa-berlin.com/exhibitors?page=40,1099
2724,"Ningbo Xingding Electric Appliances Co., Ltd.",China,IFA Global Markets,Hall 26a,H26a-333,https://www.ifa-berlin.com/exhibitors/ningbo-xingding-electric-appliances,https://drive.ifa-berlin.com/drive/2025/12/_cache/96c6f89ebe5d3774548f6d99acb3fad9_92b17a44c651c3ee4e4a404810a4a436.png.webp,https://www.ifa-berlin.com/exhibitors?page=40,1100
2953,"HUIZHOU WINPOW INDUSTRIAL CO., LTD",China,IFA Global Markets,Hall 26b,H26b-737,https://www.ifa-berlin.com/exhibitors/huizhou-winpow-industrial,https://drive.ifa-berlin.com/drive/2026/07/_cache/7326b96059a5b61e7c8230d89980f685_397d51644c6136e83e1e64c791b7b3f2.png.webp,https://www.ifa-berlin.com/exhibitors?page=40,1101
3740,ELO Gaming,United Kingdom,IFA Next,Hall 25,H25-377,https://www.ifa-berlin.com/exhibitors/elo-gaming,https://www.ifa-berlin.com/img/exhibitors/default.svg,https://www.ifa-berlin.com/exhibitors?page=40,1102
3250,Parktel SP.ZO.O,Poland,Reseller Park,Hub 27e,H27e-10,https://www.ifa-berlin.com/exhibitors/parktel,https://www.ifa-berlin.com/img/exhibitors/default.svg,https://www.ifa-berlin.com/exhibitors?page=40,1103
2730,"Ningbo Poogoo Electrical Appliances Co., Ltd.",China,IFA Global Markets,Hall 26b,H26b-1037,https://www.ifa-berlin.com/exhibitors/ningbo-poogoo-electrical-appliance,https://drive.ifa-berlin.com/drive/2026/06/_cache/854b7602345faf649f6457b2b3afac2f_056e8e449b119565086b2f7c31d27973.jpg.webp,https://www.ifa-berlin.com/exhibitors?page=40,1104
3610,WIDA(JIANGXI) ELECTRICAL APPLIANCES CO. LTD.,China,IFA Global Markets,Hall 26b,H26b-849,https://www.ifa-berlin.com/exhibitors/wida-jiangxi-electrical-appliances-2,https://www.ifa-berlin.com/img/exhibitors/default.svg,https://www.ifa-berlin.com/exhibitors?page=40,1105
3228,Tesso,China,Reseller Park,Hub 27b,H27b-13,https://www.ifa-berlin.com/exhibitors/tesso,https://drive.ifa-berlin.com/drive/2026/08/_cache/e587099389414a3f05046d872c5f652c_3f10ee0e2aabd9aa276b9ac38a1db973.png.webp,https://www.ifa-berlin.com/exhibitors?page=40,1106
3793,Arovia,United Kingdom,IFA Next,Hall 25,H25-375,https://www.ifa-berlin.com/exhibitors/arovia,https://drive.ifa-berlin.com/drive/2026/08/_cache/46649d2b9f02aba5ab9bbd40bb1b7cfa_b51ae00f4ea93fe905b9f96ea2d24b76.png.webp,https://www.ifa-berlin.com/exhibitors?page=40,1107
3324,Elbmatic GmbH,Germany,Reseller Park,Hub 27k,H27k-02,https://www.ifa-berlin.com/exhibitors/elbmatic,https://www.ifa-berlin.com/img/exhibitors/default.svg,https://www.ifa-berlin.com/exhibitors?page=40,1108
3184,"Ningbo Hubo Electrical Appliance Co.,Ltd",China,IFA Global Markets,Hall 26c,H26c-202,https://www.ifa-berlin.com/exhibitors/ningbo-hubo-electrical-appliance,https://www.ifa-berlin.com/img/exhibitors/default.svg,https://www.ifa-berlin.com/exhibitors?page=40,1109
1941,Bestisan,China,Audio,Hall 8.2,H8.2-255,https://www.ifa-berlin.com/exhibitors/bestisan,https://www.ifa-berlin.com/img/exhibitors/default.svg,https://www.ifa-berlin.com/exhibitors?page=40,1110
3320,MELEOVO,China,Reseller Park,Hub 27j,H27j-07,https://www.ifa-berlin.com/exhibitors/meleovo,https://drive.ifa-berlin.com/drive/2026/07/_cache/c981978378304fd8ab9a3201a7f8325a_04cc4785fa9f1ca2d624d34bdaa1e5b3.png.webp,https://www.ifa-berlin.com/exhibitors?page=40,1111
3482,Fmart,China,Home Appliances,Hall 11.1,H11.1-128,https://www.ifa-berlin.com/exhibitors/fmart,https://drive.ifa-berlin.com/drive/2025/12/_cache/b5198110983fcbccb16ac4ae73ae2f35_bec8bf0ffbc2dd5e7d945225a7ce8a72.jpg.webp,https://www.ifa-berlin.com/exhibitors?page=40,1112
3426,Ninkear,China,Computing & Gaming,Hall 5.2,H5.2-450,https://www.ifa-berlin.com/exhibitors/ninkear,https://drive.ifa-berlin.com/drive/2026/07/_cache/2ffe071e469e34df9fd0bff374f14806_32fa0f75dc59a8e29d47312cea3ad5d4.jpg.webp,https://www.ifa-berlin.com/exhibitors?page=40,1113
3336,PROKS Ltd.,Latvia,Reseller Park,Hub 27m,H27m-06,https://www.ifa-berlin.com/exhibitors/proks,https://drive.ifa-berlin.com/drive/2026/06/_cache/0aeb672b443d0979fc5a894dbd3dc2b1_c8f2451aac101f7a1d9b955e2a0bccf3.jpg.webp,https://www.ifa-berlin.com/exhibitors?page=40,1114
2584,Xiaohongbao Technology,China,IFA Next,Hall 25,H25-183,https://www.ifa-berlin.com/exhibitors/xiaohongbao-technology,https://drive.ifa-berlin.com/drive/2026/08/_cache/6bf29dc990d938fc8af309405b83fa74_b382992a0b92c0c2c355d52f7a18782d.png.webp,https://www.ifa-berlin.com/exhibitors?page=40,1115
2316,Prolo Ring,USA,IFA Next,Hall 25,H25-241,https://www.ifa-berlin.com/exhibitors/prolo-ring,https://drive.ifa-berlin.com/drive/2026/07/_cache/e799a8a34fffce13ff648338b1557359_4f205600ba84bf5e927c68cff0922320.png.webp,https://www.ifa-berlin.com/exhibitors?page=40,1116
3263,ECOM Electronic Components Trading GmbH,Germany,Reseller Park,Hub 27f,H27f-14,https://www.ifa-berlin.com/exhibitors/ecom-electronic-components-trading,https://www.ifa-berlin.com/thumbnail/w500/2026/08/ecomlogo.svg,https://www.ifa-berlin.com/exhibitors?page=40,1117
2832,"Yongkang Zhengqi Fitness Equipment Co.,Ltd",China,IFA Global Markets,Hall 26a,H26a-437,https://www.ifa-berlin.com/exhibitors/yongkang-zhengqi-fitness-equipment,https://drive.ifa-berlin.com/drive/2025/12/_cache/4962a3d87c2648367d2a0b7a85164e3e_05f7f04c71b96a81250ee03ab0edb99c.jpg.webp,https://www.ifa-berlin.com/exhibitors?page=40,1118
3300,Ruiju,China,Reseller Park,Hub 27i,H27i-03,https://www.ifa-berlin.com/exhibitors/ruiju,https://drive.ifa-berlin.com/drive/2026/08/_cache/923ed1e53bea91041313189025852908_b6d8b3cf20caf64a9f05415442c385b6.jpg.webp,https://www.ifa-berlin.com/exhibitors?page=40,1119
3608,"Zhongshan Goldhom Electric Co., Ltd",China,IFA Global Markets,Hall 26b,H26b-831,https://www.ifa-berlin.com/exhibitors/zhongshan-goldhom-electric,https://drive.ifa-berlin.com/drive/2026/08/_cache/d2dbdd12ac1f1864874b5553b188cb3b_c2d96f64e383d5096adb6cbdfbe2c400.png.webp,https://www.ifa-berlin.com/exhibitors?page=40,1120
3795,Playermaker,United Kingdom,IFA Next,Hall 25,H25-375,https://www.ifa-berlin.com/exhibitors/playermaker,https://drive.ifa-berlin.com/drive/2025/12/_cache/df87380ca2def4a8be361bb3ab048db6_0e4600238bff4aa75eb3dc57dacc73d3.png.webp,https://www.ifa-berlin.com/exhibitors?page=41,1121
4023,Jiangsu,,,,,https://www.ifa-berlin.com/exhibitors/jiangsu,https://www.ifa-berlin.com/img/exhibitors/default.svg,https://www.ifa-berlin.com/exhibitors?page=41,1122
2931,MLAY INTERNATIONAL LIMITED,China,IFA Global Markets,Hall 26a,H26a-451,https://www.ifa-berlin.com/exhibitors/mlay-international,https://drive.ifa-berlin.com/drive/2026/08/_cache/804bf0d4b8cddb493c42f1c95d9284bc_7fa75aee19586bc03faf5d040d20df26.png.webp,https://www.ifa-berlin.com/exhibitors?page=41,1123
3787,Chirp,United Kingdom,IFA Next,Hall 25,H25-375,https://www.ifa-berlin.com/exhibitors/chirp,https://www.ifa-berlin.com/img/exhibitors/default.svg,https://www.ifa-berlin.com/exhibitors?page=41,1124
2495,isinwheel,China,Mobility,CityCube Hall B,CCBB-148,https://www.ifa-berlin.com/exhibitors/isinwheel,https://drive.ifa-berlin.com/drive/2026/07/_cache/b3673b4f21179be67e06a064ce149be4_9e0868fef7570bb63fd4a11d3afa10bb.png.webp,https://www.ifa-berlin.com/exhibitors?page=41,1125
3535,"Cixi Extra Electrical Appliance Co., Ltd",China,IFA Global Markets,Hall 26a,H26a-529,https://www.ifa-berlin.com/exhibitors/cixi-extra-electrical-appliance,https://drive.ifa-berlin.com/drive/2026/08/_cache/04f346a6473e3f0e5a9d09fdfff9cd58_d37fffe05e28ebe1a66e9f6fb28f3265.png.webp,https://www.ifa-berlin.com/exhibitors?page=41,1126
2403,HelloFresh,Germany,IFA Next,Hall 25,H25-209,https://www.ifa-berlin.com/exhibitors/hellofresh,https://www.ifa-berlin.com/img/exhibitors/default.svg,https://www.ifa-berlin.com/exhibitors?page=41,1127
2393,Amory London,United Kingdom,Beauty Tech & Wellbeing,Hall 14,H14-113,https://www.ifa-berlin.com/exhibitors/amory-london,https://www.ifa-berlin.com/img/exhibitors/default.svg,https://www.ifa-berlin.com/exhibitors?page=41,1128
3348,EPUDO,China,Reseller Park,Hub 27m,H27m-14,https://www.ifa-berlin.com/exhibitors/epudo,https://drive.ifa-berlin.com/drive/2026/08/_cache/62b346b491518f2b512091d503406e7c_a014eb3858794851c61fd3b18dd34b5c.jpg.webp,https://www.ifa-berlin.com/exhibitors?page=41,1129
2673,"Zhejiang Yili Machinery & Electric Co., Ltd.",China,IFA Global Markets,Hall 26a,H26a-365,https://www.ifa-berlin.com/exhibitors/zhejiang-yili-machinery-electric,https://drive.ifa-berlin.com/drive/2026/08/_cache/fbe935dfa13e630c1012ea15a47e0940_c1a2c8b3822ec79e0abd2a91d5935c88.png.webp,https://www.ifa-berlin.com/exhibitors?page=41,1130
3130,"FOSHAN KITCHENSTAR ELECTRICAL APPLIANCES CO.,LTD",China,IFA Global Markets,Hall 26a,H26a-557,https://www.ifa-berlin.com/exhibitors/foshan-kitchenstar-electrical-appliances,https://drive.ifa-berlin.com/drive/2025/12/_cache/1ddb6f17a3ef85e4fedb11f2cff67e5e_8767ac4580c6bbae4abdf3652e08d0b4.png.webp,https://www.ifa-berlin.com/exhibitors?page=41,1131
3527,"Ningbo Honglu Intelligent Technology Co.,Ltd",China,IFA Global Markets,Hall 26a,H26a-297,https://www.ifa-berlin.com/exhibitors/ningbo-honglu-intelligent-technology,https://drive.ifa-berlin.com/drive/2026/08/_cache/1d1814f12448918063b3f59f7a8f7dac_c3eba201ddd46ecfc74a3bb8356f758f.png.webp,https://www.ifa-berlin.com/exhibitors?page=41,1132
2274,Orbitkey,Australia,Communication & Connectivity,Hall 5.2,H5.2-165,https://www.ifa-berlin.com/exhibitors/orbitkey,https://drive.ifa-berlin.com/drive/2026/09/_cache/259d46f1387855bb380e20af84685242_7391786a2dc246a9dc822fa0d384fbea.jpg.webp,https://www.ifa-berlin.com/exhibitors?page=41,1133
2762,"HANGZHOU HONOR INDUSTRY CO.,LTD",China,IFA Global Markets,Hall 26b,H26b-793,https://www.ifa-berlin.com/exhibitors/hangzhou-honor-industry,https://drive.ifa-berlin.com/drive/2026/06/_cache/cd365b818532ec9029579577df28d58f_85848b5776f927b9edfe84a44c70d84a.jpg.webp,https://www.ifa-berlin.com/exhibitors?page=41,1134
3279,EVR Solutions SIA,Latvia,Reseller Park,Hub 27g,H27g-21,https://www.ifa-berlin.com/exhibitors/evr-solutions,https://www.ifa-berlin.com/thumbnail/w500/2025/12/evr_solutions_sia_993.webp,https://www.ifa-berlin.com/exhibitors?page=41,1135
2563,Resillion,Belgium,IFA Global Markets,Hall 26c,H26c-112,https://www.ifa-berlin.com/exhibitors/resillion,https://drive.ifa-berlin.com/drive/2026/06/_cache/fb4b46cf2a8a08033ac0a92a1d697d67_d32a1d37f0d9be0e00a759df0e3f05fb.png.webp,https://www.ifa-berlin.com/exhibitors?page=41,1136
3274,UAB Biuro ABC,Lithuania,Reseller Park,Hub 27g,H27g-16,https://www.ifa-berlin.com/exhibitors/biuro-abc,https://www.ifa-berlin.com/img/exhibitors/default.svg,https://www.ifa-berlin.com/exhibitors?page=41,1137
2642,Molieye,China,IFA Next,Hall 5.2,H5.2-416,https://www.ifa-berlin.com/exhibitors/molieye,https://www.ifa-berlin.com/img/exhibitors/default.svg,https://www.ifa-berlin.com/exhibitors?page=41,1138
2709,"Ningbo Jingxi Life Electric Appliance Co., Ltd.",China,IFA Global Markets,Hall 26b,H26b-867,https://www.ifa-berlin.com/exhibitors/ningbo-jingxi-life-electric-appliance,https://drive.ifa-berlin.com/drive/2026/06/_cache/6d40cc43cb93c07bfc41395cb4a72eaa_643728935325288dd3ab8096d5701f0b.png.webp,https://www.ifa-berlin.com/exhibitors?page=41,1139
3081,Aura Frames,Germany,Smart Home,Hall 1.2,H1.2-149,https://www.ifa-berlin.com/exhibitors/aura-frames,https://www.ifa-berlin.com/img/exhibitors/default.svg,https://www.ifa-berlin.com/exhibitors?page=41,1140
3629,Netgear,France,Reseller Park,Hub 27g,H27g-TISCH,https://www.ifa-berlin.com/exhibitors/netgear,https://www.ifa-berlin.com/img/exhibitors/default.svg,https://www.ifa-berlin.com/exhibitors?page=41,1141
3215,Gala Trade,Austria,Reseller Park,Hub 27a,H27a-10,https://www.ifa-berlin.com/exhibitors/gala-trade,https://drive.ifa-berlin.com/drive/2026/07/_cache/6d8579489e9a540d0e8e1d0f04d0f949_90c6a552be1757b473292fb5fd1eca92.jpg.webp,https://www.ifa-berlin.com/exhibitors?page=41,1142
3179,"Suzhou Zhengyikai Electric Appliance Co., Ltd.",China,IFA Global Markets,Hall 26b,H26b-773,https://www.ifa-berlin.com/exhibitors/suzhou-zhengyikai-electric-appliance,https://drive.ifa-berlin.com/drive/2026/08/_cache/57b480f43e6f904331684a42516b0af1_67e2050c27c3c1dd55b18361c5bebbb9.jpg.webp,https://www.ifa-berlin.com/exhibitors?page=41,1143
2681,Guangdong Hallsmart Intelligence Technology Corporation Limited,China,IFA Global Markets,Hall 26a,H26a-625,https://www.ifa-berlin.com/exhibitors/guangdong-hallsmart-intelligence-technology,https://drive.ifa-berlin.com/drive/2025/12/_cache/9163f7aab46bed7e6e57acbf70a9b913_2e3f1616909bbaf6431fa3714ef8d579.png.webp,https://www.ifa-berlin.com/exhibitors?page=41,1144
3517,Napster,USA,IFA Next,Hall 5.2,H5.2-415,https://www.ifa-berlin.com/exhibitors/napster,https://drive.ifa-berlin.com/drive/2026/08/_cache/24075bcfb37ad788c77332df869f0370_6dfdf179c9769fe96047bec781e0c835.png.webp,https://www.ifa-berlin.com/exhibitors?page=41,1145
3782,MoKlip,Spain,IFA Next,Hall 5.2,H5.2-406,https://www.ifa-berlin.com/exhibitors/moklip,https://drive.ifa-berlin.com/drive/2026/07/_cache/8b510a18cc2bdc8587a3dffeffda38e0_2e5f9800e3f8e84298c27babdeb521d7.jpg.webp,https://www.ifa-berlin.com/exhibitors?page=41,1146
2678,"Loveubest Technology (Suzhou) Co., Ltd.",China,IFA Global Markets,Hall 26b,H26b-869,https://www.ifa-berlin.com/exhibitors/loveubest-technology-suzhou,https://drive.ifa-berlin.com/drive/2026/05/_cache/38220e87d24044603259c0069749bb10_b00817097ce9861507bae68a5121d2f0.png.webp,https://www.ifa-berlin.com/exhibitors?page=41,1147
3511,Thule,Germany,Mobility,Großer Stern,GST-VIP Meeting Room 1 | GST-VIP Meeting Room 2,https://www.ifa-berlin.com/exhibitors/thule,https://drive.ifa-berlin.com/drive/2026/07/_cache/633825f5b9dffebc1e57d08e898891d1_acebca57c71e3ad998cab5bb00109204.png.webp,https://www.ifa-berlin.com/exhibitors?page=41,1148
2142,JBE,China,Smart Home,Hall 1.2,H1.2-179,https://www.ifa-berlin.com/exhibitors/jbe,https://drive.ifa-berlin.com/drive/2026/08/_cache/da4b342059fa47918d899ab999dd224f_a9a7620821cdb0862630c0d8efdbd83b.png.webp,https://www.ifa-berlin.com/exhibitors?page=42,1149
2559,"RAVO Group (Vietnam) CO., LTD",Vietnam,IFA Global Markets,Hall 26c,H26c-416,https://www.ifa-berlin.com/exhibitors/ravo-group-vietnam,https://drive.ifa-berlin.com/drive/2026/07/_cache/58f4e1902853f0630538921a2a9a1bd0_1d3b328fe958beee3809fe95092b8268.png,https://www.ifa-berlin.com/exhibitors?page=42,1150
2793,Songren,China,IFA Global Markets,Hall 26a,H26a-369 | H26a-371,https://www.ifa-berlin.com/exhibitors/songren,https://drive.ifa-berlin.com/drive/2026/08/_cache/8fac5eb318ddce51262303ab14f24d9b_396570104ee325ba204723d8f29caad0.png.webp,https://www.ifa-berlin.com/exhibitors?page=42,1151
3523,ELSKY,Germany,Computing & Gaming,Hall 7.2a,H7.2a-112,https://www.ifa-berlin.com/exhibitors/elsky,https://www.ifa-berlin.com/img/exhibitors/default.svg,https://www.ifa-berlin.com/exhibitors?page=42,1152
3613,"Cixi Zhaofeng Electric Appliance Co., Ltd.",China,IFA Global Markets,Hall 26b,H26b-1041,https://www.ifa-berlin.com/exhibitors/cixi-zhaofeng-electric-appliance,https://www.ifa-berlin.com/img/exhibitors/default.svg,https://www.ifa-berlin.com/exhibitors?page=42,1153
3170,"Ningbo Dazhixin Electrical Appliance Co.,Ltd",China,IFA Global Markets,Hall 26b,H26b-911,https://www.ifa-berlin.com/exhibitors/ningbo-dazhixin-electrical-appliance,https://drive.ifa-berlin.com/drive/2026/07/_cache/e1fd498e823af82de363e8b28b9c8e03_19c60b33d8c3bc1df4523fc1b8378f4a.png.webp,https://www.ifa-berlin.com/exhibitors?page=42,1154
2201,Gospell Smarthome Electronic,China,Smart Home,Hall 1.2,H1.2-138,https://www.ifa-berlin.com/exhibitors/gospellsmarthomeelectronic,https://drive.ifa-berlin.com/drive/2026/07/_cache/faf61c1cdf14e16776f52d8d4fed9724_093d7666fea0b10bc032b81bcddb74d8.png.webp,https://www.ifa-berlin.com/exhibitors?page=42,1155
3042,AIWA Asia,Hong Kong,,Hall 3.2,H3.2-Frankfurt 2,https://www.ifa-berlin.com/exhibitors/aiwa-asia,https://drive.ifa-berlin.com/drive/2026/07/_cache/c860441f937c0faecd9ba1a391a67c6b_2fe191a85c1caf8dd6a691278bb400bd.png.webp,https://www.ifa-berlin.com/exhibitors?page=42,1156
3351,SLIVA,China,Reseller Park,Hub 27o,H27o-12,https://www.ifa-berlin.com/exhibitors/sliva,https://drive.ifa-berlin.com/drive/2026/08/_cache/6c0fdbd47b912a8246592f2206fcdace_89f0888015c566d239c523731775576f.png.webp,https://www.ifa-berlin.com/exhibitors?page=42,1157
3592,PST,Netherlands,Communication & Connectivity,Hall 4.2,H4.2-108,https://www.ifa-berlin.com/exhibitors/pst,https://drive.ifa-berlin.com/drive/2026/07/_cache/03d7da5b286543c8a4aa0c2279daf503_a89338cf0c8c2ec9161991fd32f84daf.jpg.webp,https://www.ifa-berlin.com/exhibitors?page=42,1158
2807,Dongguan Imlong Electronic Limited,China,IFA Global Markets,Hall 26a,H26a-431,https://www.ifa-berlin.com/exhibitors/dongguan-imlong-electronic,https://drive.ifa-berlin.com/drive/2026/08/_cache/d0e382f41c414a0572cb8fb1bf611188_009144f360257f705873ebae2ff679ee.png.webp,https://www.ifa-berlin.com/exhibitors?page=42,1159
3114,"Zhongshan Topson Electrical Appliance Co., Ltd.",China,IFA Global Markets,Hall 26b,H26b-951,https://www.ifa-berlin.com/exhibitors/zhongshan-topson-electrical-appliance,https://drive.ifa-berlin.com/drive/2026/08/_cache/0323e0bf9aa0177078f21235c13cb0ec_cb6d23917c20c4c4768b35704da7a189.png.webp,https://www.ifa-berlin.com/exhibitors?page=42,1160
3788,Scapade,United Kingdom,IFA Next,Hall 25,H25-375,https://www.ifa-berlin.com/exhibitors/scapade,https://drive.ifa-berlin.com/drive/2025/12/_cache/16041944b714282d8de271b6f706aaa2_7fd7a036bbbad0eb6f97e6d001a57782.png.webp,https://www.ifa-berlin.com/exhibitors?page=42,1161
3098,"Lieko Industrial Co.,Ltd",China,IFA Global Markets,Hall 26c,H26c-162,https://www.ifa-berlin.com/exhibitors/lieko-industrial,https://drive.ifa-berlin.com/drive/2026/09/_cache/afbd3ae134eb1442563e89715c9624ed_33d3645b003bf9ebbbde00171c4f93ca.png.webp,https://www.ifa-berlin.com/exhibitors?page=42,1162
2342,ORI Future,China,IFA Next,Hall 25,H25-199 | H25-177,https://www.ifa-berlin.com/exhibitors/ori-future,https://drive.ifa-berlin.com/drive/2026/05/_cache/3a08f1786b7c8dfa63855824276dedb3_dccc1f15929b41e98949c4ddef4479ad.png.webp,https://www.ifa-berlin.com/exhibitors?page=42,1163
3796,Pale Blue,United Kingdom,IFA Next,Hall 25,H25-375,https://www.ifa-berlin.com/exhibitors/pale-blue,https://drive.ifa-berlin.com/drive/2026/08/_cache/4bde299427a6a1ad27ae85f71503efab_549dc17421904172778dd43497c6dbaf.png.webp,https://www.ifa-berlin.com/exhibitors?page=42,1164
3304,Teclast,Hong Kong,Reseller Park,Hub 27i,H27i-13,https://www.ifa-berlin.com/exhibitors/teclast,https://drive.ifa-berlin.com/drive/2026/08/_cache/f68d5911fa30c1d099be060ac284c905_0253f54a00135023f90f504e21008c0d.png.webp,https://www.ifa-berlin.com/exhibitors?page=42,1165
4016,RCN-Webtrading GmbH,Germany,Reseller Park,Hub 27n,H27n-07,https://www.ifa-berlin.com/exhibitors/rcn-webtrading,https://drive.ifa-berlin.com/drive/2025/12/_cache/3cb185abe31bafd23a51ba2aced78e32_ef1cc3cf3ee639400717422d40b86679.jpg.webp,https://www.ifa-berlin.com/exhibitors?page=42,1166
3837,NSYS Group,United Kingdom,Reseller Park,Hub 27d,H27d-10,https://www.ifa-berlin.com/exhibitors/nsys-group,https://drive.ifa-berlin.com/drive/2026/08/_cache/578e7af1dda2d751811b5f64fec17c2c_82981994b9807f6c629a72b07c892558.png,https://www.ifa-berlin.com/exhibitors?page=42,1167
3780,evobeing,China,IFA Next,Hall 5.2,H5.2-422,https://www.ifa-berlin.com/exhibitors/evobeing,https://www.ifa-berlin.com/img/exhibitors/default.svg,https://www.ifa-berlin.com/exhibitors?page=42,1168
3359,MediaCom IT-Distribution GmbH,Germany,Reseller Park,Hub 27n,H27n-02,https://www.ifa-berlin.com/exhibitors/mediacom-it-distribution,https://drive.ifa-berlin.com/drive/2026/07/_cache/d5fad8edc701a659ded10179a589dbae_2afc6635432aa672be567a507a169508.png.webp,https://www.ifa-berlin.com/exhibitors?page=42,1169
2851,"Zhongshan Tinon Gas Cookers&Electrical Appliances Co., Ltd.",China,IFA Global Markets,Hall 26b,H26b-1029,https://www.ifa-berlin.com/exhibitors/zhongshan-tinon-gas-cookers-electrical-appliances,https://www.ifa-berlin.com/img/exhibitors/default.svg,https://www.ifa-berlin.com/exhibitors?page=42,1170
2186,Thypoch,China,Content Creation,Hall 17,H17-263,https://www.ifa-berlin.com/exhibitors/thypoch,https://drive.ifa-berlin.com/drive/2026/07/_cache/b8bc0dd16ee8c5bd045282b57915b789_676737bcedbe7192a6060100c4736d66.png.webp,https://www.ifa-berlin.com/exhibitors?page=42,1171
3197,Particula,,Communication & Connectivity,Hall 5.2,H5.2-193,https://www.ifa-berlin.com/exhibitors/particula,https://www.ifa-berlin.com/img/exhibitors/default.svg,https://www.ifa-berlin.com/exhibitors?page=42,1172
2670,"Ahcof Neochains Holdings Co., Ltd.",China,IFA Global Markets,Hall 26a,H26a-449,https://www.ifa-berlin.com/exhibitors/ahcof-neochains-holdings,https://drive.ifa-berlin.com/drive/2025/12/_cache/404a572a8bcfa7a26d14710b30147ff3_41f60ed3963200aa3fd5b20811da371f.png.webp,https://www.ifa-berlin.com/exhibitors?page=42,1173
3652,Deeli AI,Taiwan,IFA Next,Hall 25,H25-341,https://www.ifa-berlin.com/exhibitors/deeli-ai,https://drive.ifa-berlin.com/drive/2026/08/_cache/8c532906d5d4d10bc0c3db87af366d37_a5dbc6ce55a4787562a300adb0b5c5aa.png.webp,https://www.ifa-berlin.com/exhibitors?page=42,1174
2535,"HANGZHOU ENJOYWARM TECHNOLOGY CO., LTD",China,Smart Home,Hall 2.2,H2.2-187,https://www.ifa-berlin.com/exhibitors/hangzhou-enjoywarm-technology,https://drive.ifa-berlin.com/drive/2026/07/_cache/93d9d66b8c8646567d00ed8400df21b8_6154a1d990b45f281867fafe39d6b61d.jpg.webp,https://www.ifa-berlin.com/exhibitors?page=42,1175
2927,"Ningbo Cinemount Design and Manufacturing Co., Ltd.",China,IFA Global Markets,Hall 26a,H26a-433,https://www.ifa-berlin.com/exhibitors/ningbo-cinemount-design-and-manufacturing,https://drive.ifa-berlin.com/drive/2026/08/_cache/070c7b1d9b95b07297529d3cd1ce2e94_41caf86ad4ccf97205182c084a8e89c3.png.webp,https://www.ifa-berlin.com/exhibitors?page=42,1176
1949,Aqipa,Germany,Audio,Großer Stern,GST-VIP Meeting Room 1 | GST-VIP Meeting Room 2,https://www.ifa-berlin.com/exhibitors/aqipa,https://drive.ifa-berlin.com/drive/2026/07/_cache/54312b5d3001c3e21dc6336f2f9d46de_c49b42e8f06a32abb92a2a6499a94786.png.webp,https://www.ifa-berlin.com/exhibitors?page=43,1177
2621,INDIEGOGO,USA,IFA Next,Hall 25,H25-368,https://www.ifa-berlin.com/exhibitors/indiegogo,https://drive.ifa-berlin.com/drive/2026/06/_cache/9eacd5e07eca123e6340981a491cd016_2402c851e2a447c0eb06777f39869f34.png.webp,https://www.ifa-berlin.com/exhibitors?page=43,1178
2597,"SANXIN DINGFENG (THAILAND) CO.,LTD",Thailand,IFA Global Markets,Hall 26c,H26c-335,https://www.ifa-berlin.com/exhibitors/sanxin-dingfeng-thailand,https://drive.ifa-berlin.com/drive/2026/07/_cache/7036efc7ae556c5982af0c65c2ee5ac8_b313ab70bdabc9e65fc9df194c3f4328.png.webp,https://www.ifa-berlin.com/exhibitors?page=43,1179
3454,"Guangdong Rifeng Electric Cable Co., Ltd",China,IFA Global Markets,Hall 26c,H26c-172,https://www.ifa-berlin.com/exhibitors/guangdong-rifeng-electric-cable,https://www.ifa-berlin.com/img/exhibitors/default.svg,https://www.ifa-berlin.com/exhibitors?page=43,1180
2192,EcoComply,Germany,IFA Next,Hall 25,H25-207,https://www.ifa-berlin.com/exhibitors/ecocomply,https://drive.ifa-berlin.com/drive/2025/12/_cache/ccc34b7373bcd60a4120ec9f3473be43_49dd8a3f99b403dd0fb1c5166b2c3592.png.webp,https://www.ifa-berlin.com/exhibitors?page=43,1181
3057,Casecool,China,Computing & Gaming,Hall 7.2a,H7.2a-103,https://www.ifa-berlin.com/exhibitors/casecool,https://drive.ifa-berlin.com/drive/2026/08/_cache/67ea63e2d20c5dc035b3660f4d47be0c_0cba609252ffa0565bca3be42e4cf108.png.webp,https://www.ifa-berlin.com/exhibitors?page=43,1182
3020,Huasemi,China,Computing & Gaming,Hall 7.2a,H7.2a-104,https://www.ifa-berlin.com/exhibitors/huasemi,https://drive.ifa-berlin.com/drive/2026/07/_cache/9c2acd8c1590db80d204d65bab5d3ec5_35ae53bff1194678244843bd9dc415f2.jpg.webp,https://www.ifa-berlin.com/exhibitors?page=43,1183
2815,"FOSHAN SUNRAYS ELECTRICAL TECHNOLOGY CO., LTD",China,IFA Global Markets,Hall 26b,H26b-877,https://www.ifa-berlin.com/exhibitors/foshan-sunrays-electrical-technology,https://drive.ifa-berlin.com/drive/2025/12/_cache/8f73576fb57b96f24deaa8cbcd6a0990_90becf2fbd1caf786dc401e0dfe60e7e.png.webp,https://www.ifa-berlin.com/exhibitors?page=43,1184
3034,Flowtica,Singapore,IFA Next,Hall 5.2,H5.2-304,https://www.ifa-berlin.com/exhibitors/flowtica,https://drive.ifa-berlin.com/drive/2026/06/_cache/55f6f4a3041e71f18e60e07f9700941c_d46397b7b1f553a96161bab9daa2f64e.png.webp,https://www.ifa-berlin.com/exhibitors?page=43,1185
2739,"Ningbo Heiger Electrical Appliances Co., Ltd.",China,IFA Global Markets,Hall 26b,H26b-1035,https://www.ifa-berlin.com/exhibitors/ningbo-heiger-electrical-appliances,https://www.ifa-berlin.com/img/exhibitors/default.svg,https://www.ifa-berlin.com/exhibitors?page=43,1186
3437,"Dongguan JHS Electrical Co., Ltd",China,IFA Global Markets,Hall 26a,H26a-511,https://www.ifa-berlin.com/exhibitors/dongguan-jhs-electrical,https://www.ifa-berlin.com/img/exhibitors/default.svg,https://www.ifa-berlin.com/exhibitors?page=43,1187
3470,Skullcandy,Germany,Audio,Großer Stern,GST-VIP Meeting Room 1 | GST-VIP Meeting Room 2,https://www.ifa-berlin.com/exhibitors/skullcandy,https://drive.ifa-berlin.com/drive/2026/07/_cache/e95ae360982d0e78227e8eca8262a1af_19672bae6cbb5ea149c877c983f1607b.png.webp,https://www.ifa-berlin.com/exhibitors?page=43,1188
3232,JieMuKai,China,Reseller Park,Hub 27d,H27d-05,https://www.ifa-berlin.com/exhibitors/jiemukai,https://drive.ifa-berlin.com/drive/2026/07/_cache/b50ef86c370dce644849ed3b3f079d0d_79cf74aebaa18b26bb78d08a5213ab14.jpg.webp,https://www.ifa-berlin.com/exhibitors?page=43,1189
3694,FRT ROBOTICS,South Korea,IFA Next,Hall 25,H25-361,https://www.ifa-berlin.com/exhibitors/frt-robotics,https://drive.ifa-berlin.com/drive/2026/07/_cache/5ffaaf5f14490132be8d190facb7b478_64a0ed077d7f592a758db9610a05f74c.png.webp,https://www.ifa-berlin.com/exhibitors?page=43,1190
2767,"Changzhou AVI IMP. and EXP. Co.,Ltd.",China,IFA Global Markets,Hall 26a,H26a-311,https://www.ifa-berlin.com/exhibitors/changzhou-avi-imp-and-exp,https://drive.ifa-berlin.com/drive/2026/08/_cache/b5f7037b2cb7b76e5003193bf0281587_3a320f588ac6e6b9b9a3ba8496f7b35f.png.webp,https://www.ifa-berlin.com/exhibitors?page=43,1191
3392,"Changzhou Egret Manufacturing Co., Ltd.",China,IFA Global Markets,Hall 26a,H26a-303,https://www.ifa-berlin.com/exhibitors/changzhou-egret-manufacturing,https://drive.ifa-berlin.com/drive/2026/08/_cache/44420957078f7c33b4ef00e3de0a3d46_ddc81b4f685e96249c32e5a9843d41c2.png.webp,https://www.ifa-berlin.com/exhibitors?page=43,1192
2736,"Cixi Aiken Electric Appliance Co., Ltd.",China,IFA Global Markets,Hall 26a,H26a-541,https://www.ifa-berlin.com/exhibitors/cixi-aiken-electric-appliance,https://drive.ifa-berlin.com/drive/2025/12/_cache/a25a491a5f51e7bba325bd038f74b767_d7a4f485b5bf41f6106c1e8cfce58115.png.webp,https://www.ifa-berlin.com/exhibitors?page=43,1193
2877,DADA,Türkiye,Home Appliances,Hall 8.1,H8.1-204,https://www.ifa-berlin.com/exhibitors/dada,https://www.ifa-berlin.com/img/exhibitors/default.svg,https://www.ifa-berlin.com/exhibitors?page=43,1194
2840,"Yumyth Electronic Tech Co.,Ltd",China,IFA Global Markets,Hall 26a,H26a-697,https://www.ifa-berlin.com/exhibitors/yumyth-electronic-tech,https://drive.ifa-berlin.com/drive/2025/12/_cache/918768c97de8eee570b8b66351d3424d_7eaeb97b24467331008e436652f37063.jpg.webp,https://www.ifa-berlin.com/exhibitors?page=43,1195
2361,Techancy,Portugal,Communication & Connectivity,Hall 5.2,H5.2-153,https://www.ifa-berlin.com/exhibitors/techancy,https://drive.ifa-berlin.com/drive/2025/12/_cache/61b15cfabc9c0e1cc7cea3df4c96aaf4_ee530ca5eb21f490ac8bcee00a44126a.png.webp,https://www.ifa-berlin.com/exhibitors?page=43,1196
1981,INSE,China,Home Appliances,Hall 10.1,H10.1-114,https://www.ifa-berlin.com/exhibitors/inse,https://www.ifa-berlin.com/thumbnail/w500/2025/12/inse_349.webp,https://www.ifa-berlin.com/exhibitors?page=43,1197
2698,"Yuyao Xuneng Jiangxin Electric Appliance Co., Ltd.",China,IFA Global Markets,Hall 26a,H26a-627,https://www.ifa-berlin.com/exhibitors/yuyao-xuneng-jiangxin-electric-appliance,https://drive.ifa-berlin.com/drive/2025/12/_cache/75b1885b7472341237b96de3d4bc05bd_b86e9809e9a0ce9635a796c69047cb55.jpg.webp,https://www.ifa-berlin.com/exhibitors?page=43,1198
2884,Puloka,Spain,Communication & Connectivity,Hall 5.2,H5.2-173,https://www.ifa-berlin.com/exhibitors/puloka,https://www.ifa-berlin.com/img/exhibitors/default.svg,https://www.ifa-berlin.com/exhibitors?page=43,1199
2006,Zitech,China,Smart Home,Hall 1.2,H1.2-115,https://www.ifa-berlin.com/exhibitors/zitech,https://drive.ifa-berlin.com/drive/2026/08/_cache/2446542490bc70295bfa53fe09f522c6_68067e7df874290646cd110893f6d3b7.png.webp,https://www.ifa-berlin.com/exhibitors?page=43,1200
2464,RGBer,Germany,Home & Entertainment,Hall 21,H21-127,https://www.ifa-berlin.com/exhibitors/rgber,https://drive.ifa-berlin.com/drive/2026/07/_cache/9954da573e9f26a326d7e400b95e96ab_b50268cb38a9e4c14b3420f30ff6e741.jpg.webp,https://www.ifa-berlin.com/exhibitors?page=43,1201
3556,Liberlive,China,IFA Next,Hall 25,H25-156,https://www.ifa-berlin.com/exhibitors/liberlive,https://www.ifa-berlin.com/img/exhibitors/default.svg,https://www.ifa-berlin.com/exhibitors?page=43,1202
3650,Alpenglow Tek,Taiwan,IFA Next,Hall 25,H25-341,https://www.ifa-berlin.com/exhibitors/alpenglow-tek,https://www.ifa-berlin.com/img/exhibitors/default.svg,https://www.ifa-berlin.com/exhibitors?page=43,1203
2908,"GUANGZHOU MGITEK TECHNOLOGY CO.,LTD",China,IFA Global Markets,Hall 26a,H26a-389,https://www.ifa-berlin.com/exhibitors/guangzhou-mgitek-technology,https://drive.ifa-berlin.com/drive/2026/08/_cache/7fd545f162b195291d412989c3633605_f5ebc085a8fee04088eed41d5220990c.png.webp,https://www.ifa-berlin.com/exhibitors?page=43,1204
3227,EECA,Egypt,Reseller Park,Hub 27b,H27b-08,https://www.ifa-berlin.com/exhibitors/eeca,https://www.ifa-berlin.com/img/exhibitors/default.svg,https://www.ifa-berlin.com/exhibitors?page=44,1205
2763,"GUANGDONG FORECO PACKAGING CO.,LTD",China,IFA Global Markets,Hall 26b,H26b-789,https://www.ifa-berlin.com/exhibitors/guangdong-foreco-packaging,https://drive.ifa-berlin.com/drive/2026/07/_cache/ec582036626ce30d90d2bd21bb39ece9_835c31919d40220e8055826df8fc397c.png.webp,https://www.ifa-berlin.com/exhibitors?page=44,1206
3412,Impactive AI,South Korea,IFA Next,Hall 25,H25-157,https://www.ifa-berlin.com/exhibitors/impactive-ai,https://drive.ifa-berlin.com/drive/2026/07/_cache/d04db3e3ec7593cdec9ad1d58d55609a_5146d13fc86e89cbeafd82bacae66b39.png.webp,https://www.ifa-berlin.com/exhibitors?page=44,1207
2000,Everwin Enterprise GmbH,Germany,Communication & Connectivity,Hall 3.2,H3.2-102,https://www.ifa-berlin.com/exhibitors/everwin-enterprise,https://www.ifa-berlin.com/img/exhibitors/default.svg,https://www.ifa-berlin.com/exhibitors?page=44,1208
2852,"Zhongshan Weijin Electrical Appliance & Burner Co., Ltd.",China,IFA Global Markets,Hall 26b,H26b-1059,https://www.ifa-berlin.com/exhibitors/zhongshan-weijin-electrical-appliance-burner,https://drive.ifa-berlin.com/drive/2025/12/_cache/d60e7a7dc50cbb7ffcd57bc5ce62847f_386d456ba90ae1580a03067cf9687d4f.jpg.webp,https://www.ifa-berlin.com/exhibitors?page=44,1209
3863,KIOXIA,Germany,Computing & Gaming,Hall 6.2,H6.2-203,https://www.ifa-berlin.com/exhibitors/kioxia,https://www.ifa-berlin.com/img/exhibitors/default.svg,https://www.ifa-berlin.com/exhibitors?page=44,1210
3848,Y.Friend intelligence,China,IFA Next,Hall 25,H25-167,https://www.ifa-berlin.com/exhibitors/y-friend-intelligence,https://drive.ifa-berlin.com/drive/2026/08/_cache/24235985c7a0072d2296970f8aed1919_6f013eb75d2f6bd0dd009434b96ea438.png.webp,https://www.ifa-berlin.com/exhibitors?page=44,1211
3997,Evelent SW AB,Sweden,Reseller Park,Hub 27f,H27f-11,https://www.ifa-berlin.com/exhibitors/evelent-sw,https://drive.ifa-berlin.com/drive/2026/09/_cache/3267250360b692aee541847ff1ea09d7_cbb4a1d0b3579bd20363d3a293b85b98.png.webp,https://www.ifa-berlin.com/exhibitors?page=44,1212
2405,Aoi Electronics,Hong Kong,Smart Home,Hall 2.2,H2.2-189,https://www.ifa-berlin.com/exhibitors/aoi-electronics,https://drive.ifa-berlin.com/drive/2026/07/_cache/47dcdc3ceb9657d67276b77c7dbeac1a_db15436cec6e372e6ed3022a9afe440e.png.webp,https://www.ifa-berlin.com/exhibitors?page=44,1213
3006,PatPatDots,China,IFA Next,Hall 25,H25-267,https://www.ifa-berlin.com/exhibitors/patpatdots,https://www.ifa-berlin.com/img/exhibitors/default.svg,https://www.ifa-berlin.com/exhibitors?page=44,1214
3638,FuriosaAI,South Korea,IFA Next,Hall 5.2,H5.2-400,https://www.ifa-berlin.com/exhibitors/furiosaai,https://drive.ifa-berlin.com/drive/2026/07/_cache/2386dd673680f63ec9d9347ef35f9936_00d5da7b8c6fdaa585acfc706b6a973d.png,https://www.ifa-berlin.com/exhibitors?page=44,1215
3459,InfiMaker,Hong Kong,IFA Next,Hall 5.2,H5.2-305,https://www.ifa-berlin.com/exhibitors/infimaker,https://drive.ifa-berlin.com/drive/2026/07/_cache/f318fd90dada5d5193297d440b81da97_6a3bcf2821af95173adf36d9f727d35f.png.webp,https://www.ifa-berlin.com/exhibitors?page=44,1216
2632,In Time Solutions,Switzerland,IFA Next,Hall 5.2,H5.2-503,https://www.ifa-berlin.com/exhibitors/in-time-solutions,https://www.ifa-berlin.com/img/exhibitors/default.svg,https://www.ifa-berlin.com/exhibitors?page=44,1217
3394,"Jiangsu Shihua Electric Appliance Group Imp& Exp Co., Ltd.",China,IFA Global Markets,Hall 26b,H26b-775,https://www.ifa-berlin.com/exhibitors/jiangsu-shihua-electric-appliance-group-imp-and-exp,https://drive.ifa-berlin.com/drive/2025/12/_cache/3f407bf5becfbf587dee1b542122f013_967dc45fb8eaa9ceab120b2e0f9a3eba.jpg.webp,https://www.ifa-berlin.com/exhibitors?page=44,1218
2731,"Yiwu Kemei Electric Appliance Co., Ltd.",China,IFA Global Markets,Hall 26b,H26b-917,https://www.ifa-berlin.com/exhibitors/yiwu-kemei-electric-appliance,https://drive.ifa-berlin.com/drive/2026/08/_cache/865adfb90b0877f48821bb25c9e883ce_47ca442f6b37c6b5ab1af55163f9b77f.png.webp,https://www.ifa-berlin.com/exhibitors?page=44,1219
3536,"Ningbo Baiyi Electric Co.,Ltd",China,IFA Global Markets,Hall 26a,H26a-531,https://www.ifa-berlin.com/exhibitors/ningbo-baiyi-electric,https://drive.ifa-berlin.com/drive/2026/08/_cache/93b3aff7ddd96ec65dc07cfb233397e9_49cf53118981069326d57a847314f82a.jpg.webp,https://www.ifa-berlin.com/exhibitors?page=44,1220
3677,WHOOSH!,USA,Communication & Connectivity,Hall 5.2,H5.2-185,https://www.ifa-berlin.com/exhibitors/whoosh,https://drive.ifa-berlin.com/drive/2026/08/_cache/9a43d82ad1263016a09eedde88b854a3_d90fe08c3142ea6e521499469f292260.jpg.webp,https://www.ifa-berlin.com/exhibitors?page=44,1221
2981,"Ningbo Homstar Electrical Co.,Ltd",,IFA Global Markets,Hall 26a,H26a-493,https://www.ifa-berlin.com/exhibitors/ningbo-homstar-electrical,https://www.ifa-berlin.com/img/exhibitors/default.svg,https://www.ifa-berlin.com/exhibitors?page=44,1222
2051,"Vivitar, Griffin, Incipio",USA,Communication & Connectivity,Hall 7.2c,H7.2c-184,https://www.ifa-berlin.com/exhibitors/vivitar-griffin-incipio,https://www.ifa-berlin.com/img/exhibitors/default.svg,https://www.ifa-berlin.com/exhibitors?page=44,1223
3642,CUCKOO,South Korea,IFA Next,Hall 5.2,H5.2-400,https://www.ifa-berlin.com/exhibitors/cuckoo,https://drive.ifa-berlin.com/drive/2026/08/_cache/f754b3e732833e8b0dada6c930193381_d6709657ec57f41bbcb1a3b00b05f03b.png.webp,https://www.ifa-berlin.com/exhibitors?page=44,1224
3116,Healthlead Corporation Limited,China,IFA Global Markets,Hall 26c,H26c-166,https://www.ifa-berlin.com/exhibitors/healthlead,https://drive.ifa-berlin.com/drive/2025/12/_cache/9185739829df4c267d384413e1b6684b_c029c0798065d144d2aeb27e1a5c6839.jpg.webp,https://www.ifa-berlin.com/exhibitors?page=44,1225
3108,"Ji'an Yibake Electronic Technology Co., Ltd.",China,IFA Global Markets,Hall 26b,H26b-771,https://www.ifa-berlin.com/exhibitors/ji-an-yibake-electronic-technology,https://www.ifa-berlin.com/img/exhibitors/default.svg,https://www.ifa-berlin.com/exhibitors?page=44,1226
3718,"Shenzhen Industrial Man Product RP&M Co.,Ltd",China,IFA Global Markets,Hall 26b,H26b-1085,https://www.ifa-berlin.com/exhibitors/shenzhen-industrial-man-product-rp-m,https://www.ifa-berlin.com/img/exhibitors/default.svg,https://www.ifa-berlin.com/exhibitors?page=44,1227
3643,Rhin OS,South Korea,IFA Next,Hall 5.2,H5.2-400,https://www.ifa-berlin.com/exhibitors/rhin-os,https://drive.ifa-berlin.com/drive/2026/08/_cache/ab3cec6582a04bff876b755b421b6856_fff6eb2ecec420357930c0c95ca4213f.png.webp,https://www.ifa-berlin.com/exhibitors?page=44,1228
2115,Nicefeel,China,Beauty Tech & Wellbeing,Hall 12,H12-105,https://www.ifa-berlin.com/exhibitors/nicefeel,https://drive.ifa-berlin.com/drive/2026/08/_cache/9c73af365c1c34f7c7ecc3dfdd84ac2e_11e1d16c01bd3758b6d4cd5f1b4db9a3.jpg.webp,https://www.ifa-berlin.com/exhibitors?page=44,1229
3061,ICY BOX,Germany,Communication & Connectivity,Hall 3.2,H3.2-125,https://www.ifa-berlin.com/exhibitors/icy-box,https://drive.ifa-berlin.com/drive/2026/06/_cache/49a51627809d684ecdf0c9b7f806873b_835c7510625704ed4c294d2faeecd4e5.png.webp,https://www.ifa-berlin.com/exhibitors?page=44,1230
3293,Anvolan,China,Reseller Park,Hub 27i,H27i-01,https://www.ifa-berlin.com/exhibitors/anvolan,https://drive.ifa-berlin.com/drive/2026/08/_cache/50d799f6337b4116b430d8d50a9fddc4_e0e8f713a3c7130519307c3fe3436f32.png.webp,https://www.ifa-berlin.com/exhibitors?page=44,1231
3237,RCS - RAMPAL CELLULAR STOCKMARKET,Israel,Reseller Park,Hub 27c,H27c-08,https://www.ifa-berlin.com/exhibitors/rcs-rampal-cellular-stockmarket,https://drive.ifa-berlin.com/drive/2026/08/_cache/e0870281b04ec8e534827816ea462ae0_110f4823d115244b7e96e36728148966.png.webp,https://www.ifa-berlin.com/exhibitors?page=44,1232
2838,"Zhongshan Daofey Electrical Co.,Ltd.",China,IFA Global Markets,Hall 26a,H26a-457,https://www.ifa-berlin.com/exhibitors/zhongshan-daofey-electrical,https://www.ifa-berlin.com/img/exhibitors/default.svg,https://www.ifa-berlin.com/exhibitors?page=45,1233
3516,Weijiang,China,Smart Home,Hall 2.2,H2.2-147,https://www.ifa-berlin.com/exhibitors/weijiang,https://drive.ifa-berlin.com/drive/2026/08/_cache/4f98b1cfbd90f691c5343a8af687f36a_ff620dab8fe67eed5a99d315680afe03.png.webp,https://www.ifa-berlin.com/exhibitors?page=45,1234
3236,Nexus Trading B.V.,Netherlands,Reseller Park,Hub 27e,H27e-02,https://www.ifa-berlin.com/exhibitors/nexus-trading,https://www.ifa-berlin.com/img/exhibitors/default.svg,https://www.ifa-berlin.com/exhibitors?page=45,1235
3537,"Suzhou Dibea Electrical Technology Co., Ltd.",China,IFA Global Markets,Hall 26a,H26a-739,https://www.ifa-berlin.com/exhibitors/suzhou-dibea-electrical-technology-2,https://www.ifa-berlin.com/img/exhibitors/default.svg,https://www.ifa-berlin.com/exhibitors?page=45,1236
3297,HurRain,China,Reseller Park,Hub 27i,H27i-10,https://www.ifa-berlin.com/exhibitors/hurrain,https://drive.ifa-berlin.com/drive/2026/07/_cache/808aa5f458a9dc67ee2250ea65299b11_c471a60be4af8daabf50ab19948fbbcb.png.webp,https://www.ifa-berlin.com/exhibitors?page=45,1237
3484,Withings,,,Hall 13,H13-107,https://www.ifa-berlin.com/exhibitors/withings,https://drive.ifa-berlin.com/drive/2026/07/_cache/469a756d6a63c99385cb6e85441c47ea_b6c26dc0fb448948f2f1446cd51416e5.png.webp,https://www.ifa-berlin.com/exhibitors?page=45,1238
3005,Dome Lab,China,IFA Next,Hall 25,H25-225,https://www.ifa-berlin.com/exhibitors/dome-lab,https://www.ifa-berlin.com/img/exhibitors/default.svg,https://www.ifa-berlin.com/exhibitors?page=45,1239
3599,Hatari,,IFA Global Markets,Hall 26c,H26c-328,https://www.ifa-berlin.com/exhibitors/hatari,https://drive.ifa-berlin.com/drive/2026/07/_cache/b0fd3d63563b4af4fd16358714da4176_6f406384bc564d7ae5374d34b31b5810.jpg.webp,https://www.ifa-berlin.com/exhibitors?page=45,1240
2760,"Shenzhen Gaoyi Electronic Co., Ltd.",China,IFA Global Markets,Hall 26b,H26b-745,https://www.ifa-berlin.com/exhibitors/shenzhen-gaoyi-electronic,https://drive.ifa-berlin.com/drive/2026/08/_cache/bd72cc496875cbe15d64a043715da10d_1781f306d839e3bc1f9b958429e7a6d7.png.webp,https://www.ifa-berlin.com/exhibitors?page=45,1241
2961,"Shaoxing Xiaogu Intelligent Technology Co., Ltd.",China,IFA Global Markets,Hall 26b,H26b-931,https://www.ifa-berlin.com/exhibitors/shaoxing-xiaogu-intelligent-technology,https://drive.ifa-berlin.com/drive/2026/08/_cache/eba50cdec7f2e4cab4e6c1b16c894f9d_2cbfc3c531a664555cb20cd5c29d8c28.jpg.webp,https://www.ifa-berlin.com/exhibitors?page=45,1242
2742,"Jiangmen Yuweichang Electrical Appliance Ind. Co., Ltd.",China,IFA Global Markets,Hall 26b,H26b-859,https://www.ifa-berlin.com/exhibitors/jiangmen-yuweichang-electrical-appliance-ind,https://drive.ifa-berlin.com/drive/2026/06/_cache/2c01c7e5c6046c95efd45979d0439ca6_be8fed1b6b5cf26b800127dfe68939c1.png.webp,https://www.ifa-berlin.com/exhibitors?page=45,1243
3201,"Wing Appliance, LLC",,IFA Global Markets,Hall 26c,H26c-313,https://www.ifa-berlin.com/exhibitors/wing-appliance,https://drive.ifa-berlin.com/drive/2026/07/_cache/ed4868580058f647628f9c4c23fe69b6_eee8f35fb9f14577c7cd2a1878e89678.png.webp,https://www.ifa-berlin.com/exhibitors?page=45,1244
3341,Noviply GmbH,Germany,Reseller Park,Hub 27l,H27l-12,https://www.ifa-berlin.com/exhibitors/noviply,https://drive.ifa-berlin.com/drive/2025/12/_cache/348dd52368e441ebecf06470e05942ba_f08a3971de385b384002c7933c96758d.jpg.webp,https://www.ifa-berlin.com/exhibitors?page=45,1245
2636,TYMO,USA,,Hall 13,H13-105,https://www.ifa-berlin.com/exhibitors/tymo,https://drive.ifa-berlin.com/drive/2026/06/_cache/23ba740d6825c86b7aaf35449a041480_4700fff73b54de6b545f7c2ea88931ff.png.webp,https://www.ifa-berlin.com/exhibitors?page=45,1246
3100,"Jinchangde Electronics (dongguan) Co., Ltd",China,IFA Global Markets,Hall 26a,H26a-327,https://www.ifa-berlin.com/exhibitors/jinchangde-electronics-dongguan,https://drive.ifa-berlin.com/drive/2026/06/_cache/30d6d1ee3236d22b307c9a79c4fbfb10_c13e64fcf0a203d35fe3516f1ff4f240.png.webp,https://www.ifa-berlin.com/exhibitors?page=45,1247
3344,All in Srl,Italy,Reseller Park,Hub 27m,H27m-09,https://www.ifa-berlin.com/exhibitors/all-in,https://www.ifa-berlin.com/img/exhibitors/default.svg,https://www.ifa-berlin.com/exhibitors?page=45,1248
3240,Copymax Ltd.,Estonia,Reseller Park,Hub 27c,H27c-11,https://www.ifa-berlin.com/exhibitors/copymax,https://www.ifa-berlin.com/img/exhibitors/default.svg,https://www.ifa-berlin.com/exhibitors?page=45,1249
3356,Whizz Exim FZE,United Arab Emirates,Reseller Park,Hub 27n,H27n-08,https://www.ifa-berlin.com/exhibitors/whizz-exim,https://drive.ifa-berlin.com/drive/2026/08/_cache/88543b7e1a5c6b1cc6b9e911813461ee_87867ac7dc21a7d26ee4a95c1701774f.png.webp,https://www.ifa-berlin.com/exhibitors?page=45,1250
2758,"Ningbo Master Soken Electrical Co., Ltd",China,IFA Global Markets,Hall 26a,H26a-381,https://www.ifa-berlin.com/exhibitors/ningbo-master-soken-electrical,https://drive.ifa-berlin.com/drive/2026/06/_cache/3fdcd6b6749795613c78dfb3487e5cc9_32ab6a3f6e16cfa49403134217c78185.png.webp,https://www.ifa-berlin.com/exhibitors?page=45,1251
2905,Two Trees,China,Content Creation,Hall 17,H17-221,https://www.ifa-berlin.com/exhibitors/two-trees,https://drive.ifa-berlin.com/drive/2026/08/_cache/3ab4860d25c9787970205642662bd171_1c4391c6d944ae937aa54fd5d72260c2.png.webp,https://www.ifa-berlin.com/exhibitors?page=45,1252
3515,Lepro,Germany,Reseller Park,Hub 27o,H27o-20,https://www.ifa-berlin.com/exhibitors/lepro,https://www.ifa-berlin.com/img/exhibitors/default.svg,https://www.ifa-berlin.com/exhibitors?page=45,1253
3011,XBREW,China,IFA Next,Hall 25,H25-231,https://www.ifa-berlin.com/exhibitors/xbrew,https://drive.ifa-berlin.com/drive/2026/06/_cache/73ba8b88523e8175f933a0892e75c5d4_a510ef2808d37e68e063712d65725b47.png.webp,https://www.ifa-berlin.com/exhibitors?page=45,1254
2669,"Shandong Huatai New Energy Battery Co., Ltd.",China,IFA Global Markets,Hall 26a,H26a-447,https://www.ifa-berlin.com/exhibitors/shandong-huatai-new-energy-battery,https://drive.ifa-berlin.com/drive/2025/12/_cache/d7d045a5c54bdcd3349e4722a19e4e10_305e0f3c2c64a738bffed082a4543083.jpg.webp,https://www.ifa-berlin.com/exhibitors?page=45,1255
3623,Neuronova,Italy,IFA Next,Hall 5.2,H5.2-418,https://www.ifa-berlin.com/exhibitors/neuronova,https://drive.ifa-berlin.com/drive/2026/07/_cache/7879f411fb5215175aad83d0c7c98f66_81732b82e6523993a13dc793fce2b8a0.jpg.webp,https://www.ifa-berlin.com/exhibitors?page=45,1256
3560,Xprinter,China,Content Creation,Hall 17,H17-193,https://www.ifa-berlin.com/exhibitors/xprinter,https://drive.ifa-berlin.com/drive/2026/08/_cache/b47f4a358800d54c503e90ed5f45f436_71b76c5b875d8637f659b6bf4b8637d9.jpg.webp,https://www.ifa-berlin.com/exhibitors?page=45,1257
2451,TDM.,USA,Audio,Hall 10.2,H10.2-103,https://www.ifa-berlin.com/exhibitors/tdm,https://drive.ifa-berlin.com/drive/2026/07/_cache/0ed381a14a9a98639020a4e361951960_1a2b881aca45872ff746ba198279661a.png.webp,https://www.ifa-berlin.com/exhibitors?page=45,1258
3737,Unistellar,France,Reseller Park,Hub 27k,H27k-Tisch,https://www.ifa-berlin.com/exhibitors/unistellar,https://www.ifa-berlin.com/img/exhibitors/default.svg,https://www.ifa-berlin.com/exhibitors?page=45,1259
2434,ZHEJIANG PAVILION,China,IFA Next,Hall 25,H25-367,https://www.ifa-berlin.com/exhibitors/zhejiang-pavilion,https://www.ifa-berlin.com/img/exhibitors/default.svg,https://www.ifa-berlin.com/exhibitors?page=45,1260
2780,"FOSHAN GALES ELECTRICAL APPLIANCE TECHNOLOGY CO., LTD",China,IFA Global Markets,Hall 26a,H26a-471,https://www.ifa-berlin.com/exhibitors/foshan-gales-electrical-appliance-technology,https://drive.ifa-berlin.com/drive/2026/07/_cache/24dbc5a2bd64aded33329136cac57789_5e38a79a1c0fe223b796dc11303c87e7.png.webp,https://www.ifa-berlin.com/exhibitors?page=46,1261
2825,"GUANGDONG DINGLISHENG TECHNOLOGY CO.,LTD",China,IFA Global Markets,Hall 26a,H26a-415,https://www.ifa-berlin.com/exhibitors/guangdong-dinglisheng-technology,https://drive.ifa-berlin.com/drive/2026/08/_cache/a91df28a766fdcbe8e92bc1104fd536a_28b92fe6c1dc34ef5e1592e481160c50.png.webp,https://www.ifa-berlin.com/exhibitors?page=46,1262
3898,Korea Nano Ot,South Korea,IFA Next,Hall 25,H25-297,https://www.ifa-berlin.com/exhibitors/korea-nano-ot,https://drive.ifa-berlin.com/drive/2026/08/_cache/6979ef3dcae4ab1191146489a5261f18_37f5ccfab980ae1f77f690302cedc469.png.webp,https://www.ifa-berlin.com/exhibitors?page=46,1263
2912,"Guangdong Excellence Group Intelligent Technology Co.,Ltd",China,IFA Global Markets,Hall 26a,H26a-321,https://www.ifa-berlin.com/exhibitors/guangdong-excellence-group-intelligent-technology,https://drive.ifa-berlin.com/drive/2026/08/_cache/6d1dc0c960321561b67a31ce15a42a9b_93dc7b12c5bd94ab11a8cc74594401aa.png.webp,https://www.ifa-berlin.com/exhibitors?page=46,1264
2952,"NINGBO TALLER INTELLIGENT TECHNOLOGY CO., LTD",China,IFA Global Markets,Hall 26b,H26b-769,https://www.ifa-berlin.com/exhibitors/ningbo-taller-intelligent-technology,https://drive.ifa-berlin.com/drive/2025/12/_cache/45320c3cb5f3a3cbda34261596b79dc1_2787af68a68d33f783016f619fc28e63.jpg.webp,https://www.ifa-berlin.com/exhibitors?page=46,1265
3354,Union Computer Supplies Ltd,China,Reseller Park,Hub 27n,H27n-03,https://www.ifa-berlin.com/exhibitors/union-computer-supplies,https://drive.ifa-berlin.com/drive/2026/06/_cache/888e3086cf81ea59b4b3f64937814d2b_9d93563c5a26f9d97eed842fa62fba6b.png.webp,https://www.ifa-berlin.com/exhibitors?page=46,1266
3393,"Zhongshan Kitchen Fellow Electric Appliances Co., Ltd.",China,IFA Global Markets,Hall 26b,H26b-959,https://www.ifa-berlin.com/exhibitors/zhongshan-kitchen-fellow-electric-appliances,https://drive.ifa-berlin.com/drive/2026/08/_cache/a1920d689d4b01122255e544aa0baaef_44f6d7c5ac07ec951599802b694f9729.png.webp,https://www.ifa-berlin.com/exhibitors?page=46,1267
2916,"Shenzhen Whalekom Technology Co.,Ltd.",China,IFA Global Markets,Hall 26a,H26a-319,https://www.ifa-berlin.com/exhibitors/shenzhen-whalekom-technology,https://drive.ifa-berlin.com/drive/2026/08/_cache/f3614b13cd039007fec6f57eedfd0be7_bd97db756811cb2f5ca4b93c13fa7603.png,https://www.ifa-berlin.com/exhibitors?page=46,1268
3363,HIAMEA,China,Reseller Park,Hub 27o,H27o-23,https://www.ifa-berlin.com/exhibitors/hiamea,https://drive.ifa-berlin.com/drive/2026/08/_cache/8bd8d5b85a8ea43ffee14e15157629f4_5abd08ca0057f8ade07aaff1fbf45bc2.png.webp,https://www.ifa-berlin.com/exhibitors?page=46,1269
3598,Nedis,Netherlands,Smart Home,Hall 1.2,H1.2-182,https://www.ifa-berlin.com/exhibitors/nedis,https://drive.ifa-berlin.com/drive/2026/07/_cache/e7be8de7eee7daefc72a027c89cdda6c_fe30229302ca372c1a910bae846752d7.jpg.webp,https://www.ifa-berlin.com/exhibitors?page=46,1270
2999,Inphic,China,Computing & Gaming,Hall 7.2a,H7.2a-119,https://www.ifa-berlin.com/exhibitors/inphic,https://drive.ifa-berlin.com/drive/2026/07/_cache/463260194265d1bb653dc49eee1fe92a_af3d01d010430c0569f19c266587be73.png.webp,https://www.ifa-berlin.com/exhibitors?page=46,1271
3526,Nuon LLC,,,Hall 13,H13-101,https://www.ifa-berlin.com/exhibitors/nuon,https://drive.ifa-berlin.com/drive/2026/07/_cache/84c0c661624ade64153f6cd314761e24_060c699acf26ae537db0d7f5a22b5e74.png,https://www.ifa-berlin.com/exhibitors?page=46,1272
3657,Turing Space,Taiwan,IFA Next,Hall 25,H25-341,https://www.ifa-berlin.com/exhibitors/turing-space,https://www.ifa-berlin.com/img/exhibitors/default.svg,https://www.ifa-berlin.com/exhibitors?page=46,1273
2397,BoltPower & BestTravel,China,Smart Home,Hall 2.2,H2.2-185,https://www.ifa-berlin.com/exhibitors/boltpower-group,https://drive.ifa-berlin.com/drive/2026/08/_cache/e8a4c6d8cff032485a374b2f370706ae_1c7b4a7686a06a2b993fef937bd0443a.png.webp,https://www.ifa-berlin.com/exhibitors?page=46,1274
2591,Cytoderm Intelligence (HK) Limited,China,IFA Next,Hall 5.2,H5.2-502,https://www.ifa-berlin.com/exhibitors/cytoderm-intelligence-hk,https://drive.ifa-berlin.com/drive/2026/07/_cache/5c4c26dda348947f7a0d53b26e76787a_e144a5c731046f60770b28acf1cb1bfd.png.webp,https://www.ifa-berlin.com/exhibitors?page=46,1275
3626,European 7 Seas Marketing BV,Netherlands,Reseller Park,Hub 27e,H27e-22,https://www.ifa-berlin.com/exhibitors/european-7-seas-marketing,https://www.ifa-berlin.com/img/exhibitors/default.svg,https://www.ifa-berlin.com/exhibitors?page=46,1276
2570,AMPLE CONCEPT LTD.,Canada,IFA Global Markets,Hall 26c,H26c-372,https://www.ifa-berlin.com/exhibitors/ample-concept,https://www.ifa-berlin.com/img/exhibitors/default.svg,https://www.ifa-berlin.com/exhibitors?page=46,1277
2740,"Ningbo Haojia Electrical Appliance Co., Ltd.",China,IFA Global Markets,Hall 26b,H26b-975,https://www.ifa-berlin.com/exhibitors/ningbo-haojia-electrical-appliance,https://www.ifa-berlin.com/img/exhibitors/default.svg,https://www.ifa-berlin.com/exhibitors?page=46,1278
2781,"Zhejiang Yonggao Battery Co., Ltd.",China,IFA Global Markets,Hall 26a,H26a-467,https://www.ifa-berlin.com/exhibitors/zhejiang-yonggao-battery,https://drive.ifa-berlin.com/drive/2026/08/_cache/c632284f2ce1d2141bf04deb1a6b1aa4_7374515c97604352e4e764e81adae577.png.webp,https://www.ifa-berlin.com/exhibitors?page=46,1279
2688,"Ningbo Dechang Electrical Machinery Made Co., Ltd.",China,IFA Global Markets,Hall 26b,H26b-1039,https://www.ifa-berlin.com/exhibitors/ningbo-dechang-electrical-machinery-made,https://drive.ifa-berlin.com/drive/2026/05/_cache/00d0eeb36c7ef34801dc88bb271c31e5_0eb5da3955d5a1ddcb684942b1e81ebc.png.webp,https://www.ifa-berlin.com/exhibitors?page=46,1280
1994,Shenzhen NEO electronics CO LTD. _ Neo Coolcam,China,Smart Home,Hall 1.2,H1.2-117,https://www.ifa-berlin.com/exhibitors/shenzhen-neo-electronics-neo-coolcam,https://www.ifa-berlin.com/img/exhibitors/default.svg,https://www.ifa-berlin.com/exhibitors?page=46,1281
3690,Ritterwerk GmbH,,Home Appliances,Hall 4.1,H4.1-114,https://www.ifa-berlin.com/exhibitors/ritterwerk,https://www.ifa-berlin.com/img/exhibitors/default.svg,https://www.ifa-berlin.com/exhibitors?page=46,1282
2920,"Dongguan Oriental Hero Electronics Co., Ltd.",China,IFA Global Markets,Hall 26c,H26c-240,https://www.ifa-berlin.com/exhibitors/dongguan-oriental-hero-electronics,https://drive.ifa-berlin.com/drive/2026/07/_cache/a61d86065283e768eb178c87554afc43_6900711671df22947da65a2513a31fc3.png.webp,https://www.ifa-berlin.com/exhibitors?page=46,1283
3256,Imcopex GmbH,Germany,Reseller Park,Hub 27f,H27f-05,https://www.ifa-berlin.com/exhibitors/imcopex,https://drive.ifa-berlin.com/drive/2025/12/_cache/ca32bb71fa8315c16063f42eb02bad13_4652c9f032f71af72aa6de537213f23c.png.webp,https://www.ifa-berlin.com/exhibitors?page=46,1284
3919,TikTok Shop,Germany,,CityCube Hall B,CCBB-303,https://www.ifa-berlin.com/exhibitors/tiktok-shop,https://drive.ifa-berlin.com/drive/2026/08/_cache/7ff1bb96c47e12c5dccbea5ffa4da0c0_8fc0ffff1b4fc39a507a1d4e35c87772.png.webp,https://www.ifa-berlin.com/exhibitors?page=46,1285
3442,JIAXING LAYO GROUP,China,IFA Global Markets,Hall 26b,H26b-1089,https://www.ifa-berlin.com/exhibitors/jiaxing-layo-group,https://www.ifa-berlin.com/img/exhibitors/default.svg,https://www.ifa-berlin.com/exhibitors?page=46,1286
2596,"Hangzhou Eternal Battery Co., LTD",China,IFA Global Markets,Hall 26c,H26c-366,https://www.ifa-berlin.com/exhibitors/eternal-battery,https://drive.ifa-berlin.com/drive/2026/07/_cache/2e2fc1244c2bb990d73a2941c23ad32a_76c9054457703b592f3913d2d9c6d3a1.png.webp,https://www.ifa-berlin.com/exhibitors?page=46,1287
3474,Amazon Web Services,USA,Smart Home,Hall 1.2 | Hall 3.1,H1.2-171 | H3.1-Erlangen 2,https://www.ifa-berlin.com/exhibitors/amazon-web-services,https://www.ifa-berlin.com/img/exhibitors/default.svg,https://www.ifa-berlin.com/exhibitors?page=46,1288
2967,"Ningbo ProClean Co., Ltd.",China,IFA Global Markets,Hall 26b,H26b-967,https://www.ifa-berlin.com/exhibitors/ningbo-proclean,https://drive.ifa-berlin.com/drive/2026/08/_cache/0fd6a4229918aa4ecf5a6ccec81a59ee_4403770372f0f991613e956f1c088758.png.webp,https://www.ifa-berlin.com/exhibitors?page=47,1289
2580,Italian Pavilion,Italy,IFA Next,Hall 25,H25-369,https://www.ifa-berlin.com/exhibitors/italian-pavilion,https://www.ifa-berlin.com/img/exhibitors/default.svg,https://www.ifa-berlin.com/exhibitors?page=47,1290
2885,Volkano,Netherlands,Audio,Hall 10.2,H10.2-111,https://www.ifa-berlin.com/exhibitors/volkano,https://drive.ifa-berlin.com/drive/2026/06/_cache/f9def41901ba6d95584111306d3b3e47_06c3c35fbdf89398373513db72a6f290.png.webp,https://www.ifa-berlin.com/exhibitors?page=47,1291
3196,MangoTek,China,Smart Home,Hall 2.2,H2.2-108,https://www.ifa-berlin.com/exhibitors/mangotek,https://drive.ifa-berlin.com/drive/2026/08/_cache/84709f4b8f5acca345ba25ed2ba3557a_1ce4860ecc6f79290d50a898932491b3.png.webp,https://www.ifa-berlin.com/exhibitors?page=47,1292
2657,"Zhongshan Camry Electronic Co.,Ltd",China,IFA Global Markets,Hall 26b,H26b-827,https://www.ifa-berlin.com/exhibitors/zhongshan-camry-electronic,https://drive.ifa-berlin.com/drive/2025/12/_cache/3bae61aab02d1c2c71cbef3e390dd1ae_0148588d360f2bc9999844f7a1a2ad46.jpg.webp,https://www.ifa-berlin.com/exhibitors?page=47,1293
2751,"ZheJiang Seaver Intelligent Technology Co., Ltd.",China,IFA Global Markets,Hall 26b,H26b-1067,https://www.ifa-berlin.com/exhibitors/zhejiang-seaver-intelligent-technology,https://drive.ifa-berlin.com/drive/2026/08/_cache/1ddf57fe84f3d8dee0aeb9f2bbab87f5_90d8a7d34ea82fa7f4e0328d3662204e.jpg.webp,https://www.ifa-berlin.com/exhibitors?page=47,1294
3322,OKHOPE,China,Reseller Park,Hub 27j,H27j-10,https://www.ifa-berlin.com/exhibitors/okhope,https://drive.ifa-berlin.com/drive/2026/08/_cache/d6fcbbc41876d22ccbe52d551e25bf6c_89a238de6dfad5039cf0abd6890e834b.png.webp,https://www.ifa-berlin.com/exhibitors?page=47,1295
3211,Chuwi Innovation & Technology (Shenzhen) Co. Ltd.,China,Reseller Park,Hub 27a,H27a-06,https://www.ifa-berlin.com/exhibitors/chuwi-innovation-technology-shenzhen,https://www.ifa-berlin.com/img/exhibitors/default.svg,https://www.ifa-berlin.com/exhibitors?page=47,1296
2721,Winstar Electrical Enterprise Company Limited,China,IFA Global Markets,Hall 26b,H26b-863,https://www.ifa-berlin.com/exhibitors/winstar-electrical-enterprise-company,https://www.ifa-berlin.com/thumbnail/w500/2025/12/winstar_electrical_enterprise_company_limited_578.webp,https://www.ifa-berlin.com/exhibitors?page=47,1297
3895,METABANK,South Korea,IFA Next,Hall 25,H25-293,https://www.ifa-berlin.com/exhibitors/metabank,https://drive.ifa-berlin.com/drive/2026/08/_cache/89922fb18da8e740eb6b50e8daedc4f4_c47fd66f387680f6f8a150e038089491.png.webp,https://www.ifa-berlin.com/exhibitors?page=47,1298
2083,MOVA,China,Home Appliances,Hall 9 | Sommergarten Outdoor CG,H9-127 | OCG-125,https://www.ifa-berlin.com/exhibitors/mova,https://drive.ifa-berlin.com/drive/2025/09/_cache/0f9a99c0b9577fcfa4143df95e096e28_f0c710edc3b8ed504839522e727b22bc.png.webp,https://www.ifa-berlin.com/exhibitors?page=47,1299
2306,VIGX,China,IFA Next,Hall 25,H25-353,https://www.ifa-berlin.com/exhibitors/vigx,https://drive.ifa-berlin.com/drive/2026/06/_cache/ce30a3f4323763cc2d867aba3cc0f1f5_685d40d81ff3d50d31a1e06c69bfefbf.png.webp,https://www.ifa-berlin.com/exhibitors?page=47,1300
3600,Ikarao,Netherlands,Smart Home | Audio,Hall 1.2 | Hall 10.2,H1.2-182 | H10.2-127,https://www.ifa-berlin.com/exhibitors/ikarao,https://drive.ifa-berlin.com/drive/2026/07/_cache/5e7fe2951f87a587b0987411e25e945d_d42c5172d39ed21de8bd1f35ec8389ac.png.webp,https://www.ifa-berlin.com/exhibitors?page=47,1301
2841,"Zhongshan Fansheng Electric Appliances Co.,Ltd",China,IFA Global Markets,Hall 26a,H26a-665,https://www.ifa-berlin.com/exhibitors/zhongshan-fansheng-electric-appliances,https://www.ifa-berlin.com/img/exhibitors/default.svg,https://www.ifa-berlin.com/exhibitors?page=47,1302
2518,Far East Battery,China,Smart Home,Hall 2.2,H2.2-188,https://www.ifa-berlin.com/exhibitors/far-east-battery,https://drive.ifa-berlin.com/drive/2026/06/_cache/a837339dacfd742fa6d345771b31bf20_be3fb1f4d574dd47edf911db2259c1bd.png.webp,https://www.ifa-berlin.com/exhibitors?page=47,1303
3209,OTTE,,IFA Global Markets,Hall 26c,H26c-309,https://www.ifa-berlin.com/exhibitors/otte,https://drive.ifa-berlin.com/drive/2026/08/_cache/73d083d7ec71499e6770399d89f9aeab_86cf901db74b4d0955a2c60746162ff8.jpg.webp,https://www.ifa-berlin.com/exhibitors?page=47,1304
3270,Createl GmbH,Germany,Reseller Park,Hub 27g,H27g-02,https://www.ifa-berlin.com/exhibitors/createl,https://www.ifa-berlin.com/img/exhibitors/default.svg,https://www.ifa-berlin.com/exhibitors?page=47,1305
3995,DICOTA SCHWEIZ AG,Switzerland,Reseller Park,Hub 27g,H27g-07,https://www.ifa-berlin.com/exhibitors/dicota-schweiz,https://www.ifa-berlin.com/img/exhibitors/default.svg,https://www.ifa-berlin.com/exhibitors?page=47,1306
3388,Cameron Sino Technology Limited,Hong Kong,IFA Global Markets,Hall 26b,H26b-783,https://www.ifa-berlin.com/exhibitors/cameron-sino-technology,https://drive.ifa-berlin.com/drive/2026/06/_cache/764520a68ef9073f5c37b49153a3e51e_f1e00653d2b9a1a21d514161ebe2a570.png.webp,https://www.ifa-berlin.com/exhibitors?page=47,1307
3224,Yukatel GmbH,Germany,Reseller Park,Hub 27b,H27b-01,https://www.ifa-berlin.com/exhibitors/yukatel,https://drive.ifa-berlin.com/drive/2026/08/_cache/31f66d1c9127b29c15aaa63e4bef7ae8_51c389ac438e45e32542b6da3ee5e512.png.webp,https://www.ifa-berlin.com/exhibitors?page=47,1308
3746,Matata,China,IFA Next,Hall 25,H25-377,https://www.ifa-berlin.com/exhibitors/matata,https://drive.ifa-berlin.com/drive/2026/08/_cache/9ee80e5d1ba9fdb47ad390d1cbdc44b3_fbe4ae8be2b90c1c16016d67da714137.png.webp,https://www.ifa-berlin.com/exhibitors?page=47,1309
2444,Youibot,China,IFA Next,Hall 25,H25-401,https://www.ifa-berlin.com/exhibitors/youibot,https://drive.ifa-berlin.com/drive/2026/08/_cache/cca491265506d950bbb84ae220909940_263acd5594a9480f93b6544c8f99817f.jpg.webp,https://www.ifa-berlin.com/exhibitors?page=47,1310
3242,Import Eksport Sp.zo.o. Sp.k.,Poland,Reseller Park,Hub 27e,H27e-17,https://www.ifa-berlin.com/exhibitors/import-eksport,https://drive.ifa-berlin.com/drive/2026/08/_cache/e9dfe2da0161bbf2cc91fa132dd07bcf_667a79b314d585e70a2474556ce67797.png.webp,https://www.ifa-berlin.com/exhibitors?page=47,1311
2420,KISED,South Korea,IFA Next,Hall 25,H25-406,https://www.ifa-berlin.com/exhibitors/kised,https://drive.ifa-berlin.com/drive/2025/12/_cache/814042c2de9f922747184c28cf6d7a11_5eecdeb3dcd05821cc2684b33e6af89a.png.webp,https://www.ifa-berlin.com/exhibitors?page=47,1312
3958,Jimi IoT,China,Smart Home,Hall 2.2,H2.2-144,https://www.ifa-berlin.com/exhibitors/jimi-iot,https://www.ifa-berlin.com/img/exhibitors/default.svg,https://www.ifa-berlin.com/exhibitors?page=47,1313
2827,"NINGBO TIANXIANG ELECTRICAL APPLIANCS CO.,LTD",China,IFA Global Markets,Hall 26a,H26a-375,https://www.ifa-berlin.com/exhibitors/ningbo-tianxiang-electrical-appliances,https://drive.ifa-berlin.com/drive/2025/12/_cache/ebd4f76a5a63324d742470af95f52d55_822ef09c73da413e5162e846f8ae5588.jpg.webp,https://www.ifa-berlin.com/exhibitors?page=47,1314
2454,Soildtech,China,IFA Next,Hall 25,H25-271,https://www.ifa-berlin.com/exhibitors/soildtech,https://www.ifa-berlin.com/img/exhibitors/default.svg,https://www.ifa-berlin.com/exhibitors?page=47,1315
3994,Tribe XR,USA,Audio,Hall 10.2,H10.2-115,https://www.ifa-berlin.com/exhibitors/tribe-xr,https://drive.ifa-berlin.com/drive/2026/08/_cache/6b5f0709da79508913f607d9e3910dfb_0cfb28610b923a37d1871c8a712f3102.png.webp,https://www.ifa-berlin.com/exhibitors?page=47,1316
3864,Ayonz,Australia,,Hall 19,H19-Kiel 2,https://www.ifa-berlin.com/exhibitors/ayonz,https://drive.ifa-berlin.com/drive/2026/08/_cache/b473040d4756b26512966f939e0896e9_a9e08a273e0d34d97bb9bcf656d77e66.png.webp,https://www.ifa-berlin.com/exhibitors?page=48,1317
3230,einsAmobile GmbH,Germany,Reseller Park,Hub 27b,H27b-16,https://www.ifa-berlin.com/exhibitors/einsamobile,https://www.ifa-berlin.com/img/exhibitors/default.svg,https://www.ifa-berlin.com/exhibitors?page=48,1318
3640,Analogue plus,South Korea,IFA Next,Hall 5.2,H5.2-400,https://www.ifa-berlin.com/exhibitors/analogue-plus,https://drive.ifa-berlin.com/drive/2026/08/_cache/79ab69407fe4f81e329e7eb132866465_5ef67651d865f94e48f80bd68ac21ba4.jpg.webp,https://www.ifa-berlin.com/exhibitors?page=48,1319
3087,Beilian,China,Smart Home,Hall 1.2,H1.2-202,https://www.ifa-berlin.com/exhibitors/beilian,https://drive.ifa-berlin.com/drive/2026/07/_cache/81afbb184661a43b91bfc7339ae6626e_83c5c227d4b8d68ccc3c1f47b1b24369.png.webp,https://www.ifa-berlin.com/exhibitors?page=48,1320
3301,CHUN LAM GROUP (INTERNATIONAL) LIMITED,China,Reseller Park,Hub 27i,H27i-04,https://www.ifa-berlin.com/exhibitors/itoro,https://drive.ifa-berlin.com/drive/2026/08/_cache/99288aa7bc56dda4ade66cee02babc73_281389a96783548b61a47fbf87458306.png.webp,https://www.ifa-berlin.com/exhibitors?page=48,1321
3609,"Dongguan Xinqi Plastic Products Co., Ltd",China,IFA Global Markets,Hall 26b,H26b-847,https://www.ifa-berlin.com/exhibitors/dongguan-xinqi-plastic-products,https://drive.ifa-berlin.com/drive/2026/08/_cache/d13c085f4892223c2a29482f9497698f_b75795b13196102438ed982ba8cf6620.jpg.webp,https://www.ifa-berlin.com/exhibitors?page=48,1322
2587,Aimbon,China,Smart Home,Hall 2.2,H2.2-184,https://www.ifa-berlin.com/exhibitors/aimbon,https://drive.ifa-berlin.com/drive/2026/07/_cache/00eee4e0817535241d2981f3ab95db27_4a5016e469cb11797cecc7eed2edb713.png.webp,https://www.ifa-berlin.com/exhibitors?page=48,1323
3512,Coolmix,Netherlands,Reseller Park,Hub 27e,H27e-20,https://www.ifa-berlin.com/exhibitors/coolmix,https://drive.ifa-berlin.com/drive/2026/08/_cache/faf8142b3f316b58a65a1c3d4b0d04f7_0b7474cea8e4ba7ec5349c4815921224.png.webp,https://www.ifa-berlin.com/exhibitors?page=48,1324
2821,"NINGBO FENGYA ELECTRICAL APPLIANCES CO.,LTD",China,IFA Global Markets,Hall 26a,H26a-747,https://www.ifa-berlin.com/exhibitors/ningbo-fengya-electrical-appliances,https://www.ifa-berlin.com/img/exhibitors/default.svg,https://www.ifa-berlin.com/exhibitors?page=48,1325
3269,Neeskens B.V,Netherlands,Reseller Park,Hub 27g,H27g-12,https://www.ifa-berlin.com/exhibitors/neeskens,https://www.ifa-berlin.com/img/exhibitors/default.svg,https://www.ifa-berlin.com/exhibitors?page=48,1326
3906,Kiezbürgeramt,,Institutional Partner,Hall 17,H17-194,https://www.ifa-berlin.com/exhibitors/kiezbuergeramt,https://drive.ifa-berlin.com/drive/2026/08/_cache/0c6e290a918070e090a6c9b482b1c6ef_315180f5af8fe91895da87d0833617bb.png.webp,https://www.ifa-berlin.com/exhibitors?page=48,1327
2860,"Guangdong Lelan Technology Co., Ltd.",China,IFA Global Markets,Hall 26b,H26b-1055,https://www.ifa-berlin.com/exhibitors/guangdong-lelan-technology,https://www.ifa-berlin.com/img/exhibitors/default.svg,https://www.ifa-berlin.com/exhibitors?page=48,1328
3445,"Guangdong Hotsy Technology Co., Ltd.",China,IFA Global Markets,Hall 26b,H26b-795,https://www.ifa-berlin.com/exhibitors/guangdong-hotsy-technology,https://drive.ifa-berlin.com/drive/2026/08/_cache/bcffdbb4e883473df6d77410c0d24346_fbff4e1279c5d54228e64ce0c526093c.png.webp,https://www.ifa-berlin.com/exhibitors?page=48,1329
2745,"Ningbo Shunshuai Electrical Appliance Co., Ltd.",China,IFA Global Markets,Hall 26b,H26b-1065,https://www.ifa-berlin.com/exhibitors/ningbo-shunshuai-electrical-appliance,https://drive.ifa-berlin.com/drive/2026/06/_cache/49f7c537aaffc509c4214b73d7ad50f1_fb677b28cbd6b7d8d0042d1cafd65f94.png.webp,https://www.ifa-berlin.com/exhibitors?page=48,1330
3175,"ATOZ Electronic Technology Co., Ltd.",China,IFA Global Markets,Hall 26c,H26c-148,https://www.ifa-berlin.com/exhibitors/atoz-electronic-technology,https://drive.ifa-berlin.com/drive/2026/08/_cache/5688b4bc83cefec55fc9ee1bf358719d_fb20892690d5a970b3a39f5425101845.png.webp,https://www.ifa-berlin.com/exhibitors?page=48,1331
2300,Taiwan Startup Terrace,Taiwan,IFA Next,Hall 25,H25-341,https://www.ifa-berlin.com/exhibitors/taiwan-startup-terrace,https://drive.ifa-berlin.com/drive/2026/08/_cache/0f85a4ecb6f5af19bae04567b75b04c3_95d101498802dfab7dabec55f7d57f01.png.webp,https://www.ifa-berlin.com/exhibitors?page=48,1332
2717,"Ningbo Oubeijia Kitchenware Co., Ltd.",China,IFA Global Markets,Hall 26b,H26b-991,https://www.ifa-berlin.com/exhibitors/ningbo-oubeijia-kitchenware,https://drive.ifa-berlin.com/drive/2026/06/_cache/11f33f30960d0de7fa30669730961d20_f97db699c0c8f319211160009e5c5d2b.jpg.webp,https://www.ifa-berlin.com/exhibitors?page=48,1333
2404,"Guangzhou Veaqee Electronic Co., Ltd.",China,Communication & Connectivity,Hall 5.2,H5.2-181,https://www.ifa-berlin.com/exhibitors/miccell,https://drive.ifa-berlin.com/drive/2026/04/_cache/19fae63a77f9067e0a91db50fa78d288_b6a5377d96f38dcd583d6df23c9abf24.png.webp,https://www.ifa-berlin.com/exhibitors?page=48,1334
3069,OmniTech,United Kingdom,Smart Home,Hall 2.2,H2.2-192,https://www.ifa-berlin.com/exhibitors/omnitech,https://www.ifa-berlin.com/img/exhibitors/default.svg,https://www.ifa-berlin.com/exhibitors?page=48,1335
3254,"Phonecheck Solutions, LLC",USA,Reseller Park,Hub 27f,H27f-03,https://www.ifa-berlin.com/exhibitors/phonecheck-solutions,https://www.ifa-berlin.com/img/exhibitors/default.svg,https://www.ifa-berlin.com/exhibitors?page=48,1336
2686,"Ningbo Lemeijia Electric Equipment Technology Co., Ltd.",China,IFA Global Markets,Hall 26a,H26a-551,https://www.ifa-berlin.com/exhibitors/ningbo-lemeijia-electric-equipment-technology,https://drive.ifa-berlin.com/drive/2026/05/_cache/def5d347fd3b9fe4b8953a88151d6da8_d84c66f1b9c60ca240b2b8f42c0f7251.png.webp,https://www.ifa-berlin.com/exhibitors?page=48,1337
2668,"Onice (Dongguan) Technology Co., Ltd.",China,IFA Global Markets,Hall 26a,H26a-445,https://www.ifa-berlin.com/exhibitors/onice-dongguan-technology,https://drive.ifa-berlin.com/drive/2026/06/_cache/d9a9a6d2c608daca57cde6b4fdb7ea3e_b1f8f8d79b27bac2a16411c4bf866553.png.webp,https://www.ifa-berlin.com/exhibitors?page=48,1338
3187,ESET,,,CityCube Hall B,CCBB-302,https://www.ifa-berlin.com/exhibitors/eset,https://drive.ifa-berlin.com/drive/2026/07/_cache/e600c72d043730ffa88849b061036fad_4aaf01edfbca7f26aebb634c438e0d86.png.webp,https://www.ifa-berlin.com/exhibitors?page=48,1339
2733,"Cixi Xinlun Electrical Appliance Co., Ltd.",China,IFA Global Markets,Hall 26a,H26a-331,https://www.ifa-berlin.com/exhibitors/cixi-xinlun-electrical-appliance,https://drive.ifa-berlin.com/drive/2026/08/_cache/2a745024f864a8678f4580dd021c3286_989bf379dbcec47aee8105f141f482de.jpg.webp,https://www.ifa-berlin.com/exhibitors?page=48,1340
3182,"Foshan WinLin Smart Technology Co., Ltd",China,IFA Global Markets,Hall 26b,H26b-941,https://www.ifa-berlin.com/exhibitors/foshan-winlin-smart-technology,https://drive.ifa-berlin.com/drive/2025/12/_cache/d66af52bb90248ab7f2eca780e31879a_49484f8b7df2c9b521acb5366f3d55da.png.webp,https://www.ifa-berlin.com/exhibitors?page=48,1341
3271,RECOMMERCE SOLUTIONS SA,France,Reseller Park,Hub 27g,H27g-TISCH,https://www.ifa-berlin.com/exhibitors/recommerce-solutions,https://drive.ifa-berlin.com/drive/2026/08/_cache/0d587880cb56ac868c3a922982766a8e_488b4207cefe49ed4e10f324b09511d7.png.webp,https://www.ifa-berlin.com/exhibitors?page=48,1342
3463,L'Atitude 52°N,Germany,IFA Next,Hall 5.2,H5.2-508,https://www.ifa-berlin.com/exhibitors/l-atitude-52-n,https://drive.ifa-berlin.com/drive/2026/08/_cache/4a96f88952e37c517ffdf1e4f636b49b_0b49f6f6bfea4dcd05bb300270ff401b.png.webp,https://www.ifa-berlin.com/exhibitors?page=48,1343
3306,Soonleader,China,Reseller Park,Hub 27j,H27j-19,https://www.ifa-berlin.com/exhibitors/soonleader,https://drive.ifa-berlin.com/drive/2026/07/_cache/8070592a998607e46881b4839ed3c842_2f9042ea9a1e495f525b50aac041841b.png.webp,https://www.ifa-berlin.com/exhibitors?page=48,1344
2700,"Guangdong Shinechef Electric Appliance Co., Ltd.",China,IFA Global Markets,Hall 26a,H26a-579,https://www.ifa-berlin.com/exhibitors/guangdong-shinechef-electric-appliance,https://drive.ifa-berlin.com/drive/2026/05/_cache/29f093a593201784159c5828a41460f8_fa9230dc67a04efed64e7838f00be317.jpg.webp,https://www.ifa-berlin.com/exhibitors?page=49,1345
2761,"Zhongshan Kaiduo Electrical Appliances Co.,Ltd",China,IFA Global Markets,Hall 26a,H26a-379,https://www.ifa-berlin.com/exhibitors/zhongshan-kai-duo-electrical-appliances,https://drive.ifa-berlin.com/drive/2026/07/_cache/bb4aaea204675aad352ae0c655c00cb1_66299ecd0410c8f4cf51f3ff1e8f1b85.png.webp,https://www.ifa-berlin.com/exhibitors?page=49,1346
3453,"ZHONGSHAN JIMI ELECTRICAL APPLIANCE CO.,LTD.",China,IFA Global Markets,Hall 26a,H26a-699,https://www.ifa-berlin.com/exhibitors/zhongshan-jimi-electrical-appliance,https://www.ifa-berlin.com/img/exhibitors/default.svg,https://www.ifa-berlin.com/exhibitors?page=49,1347
2973,"Dongguan Portable View Technology Co.,Limited",China,IFA Global Markets,Hall 26a,H26a-411,https://www.ifa-berlin.com/exhibitors/dongguan-portable-view-technology,https://www.ifa-berlin.com/img/exhibitors/default.svg,https://www.ifa-berlin.com/exhibitors?page=49,1348
2254,Weichengwang,China,Smart Home,Hall 1.2,H1.2-111,https://www.ifa-berlin.com/exhibitors/weichengwang,https://drive.ifa-berlin.com/drive/2026/08/_cache/d2ca769a10d2ff32a9561b80c9892ba0_05e94dc6f8566c15951afedda8c119eb.png.webp,https://www.ifa-berlin.com/exhibitors?page=49,1349
3321,"Shenzhen OTAO Technology Co, Ltd",China,Reseller Park,Hub 27j,H27j-09,https://www.ifa-berlin.com/exhibitors/shenzhen-otao-technology,https://drive.ifa-berlin.com/drive/2025/12/_cache/c23b6d074d4b88007bfaec6344fbfd38_d4cd9cc72d042d0a6dec771dc0a0158b.png.webp,https://www.ifa-berlin.com/exhibitors?page=49,1350
2804,"Dongguan PSG Industry Co., Ltd",China,IFA Global Markets,Hall 26a,H26a-373,https://www.ifa-berlin.com/exhibitors/dongguan-psg-industry,https://drive.ifa-berlin.com/drive/2026/08/_cache/cc5ed3e2fe22cc6782cd9530fe3013be_c21270d76cebeae294d94c8a894c9a28.png.webp,https://www.ifa-berlin.com/exhibitors?page=49,1351
3908,Philips Consumer Lifestyle B.V.,Netherlands,Home & Entertainment,CityCube Hall B,CCBB-R1,https://www.ifa-berlin.com/exhibitors/philips-consumer-lifestyle,https://www.ifa-berlin.com/img/exhibitors/default.svg,https://www.ifa-berlin.com/exhibitors?page=49,1352
3296,ZY,China,Reseller Park,Hub 27i,H27i-05,https://www.ifa-berlin.com/exhibitors/zy,https://drive.ifa-berlin.com/drive/2026/08/_cache/877f5ecf5204ef9f27fb49b370f8190f_e1c49e6715a47264b4f89c434482008e.png.webp,https://www.ifa-berlin.com/exhibitors?page=49,1353
2448,LOVEBOX,France,IFA Next,Hall 25,H25-250,https://www.ifa-berlin.com/exhibitors/lovebox,https://drive.ifa-berlin.com/drive/2026/04/_cache/96acd31b68bf06089838bfdac2e040e1_8e68300fcb8932b9047c371c5798058b.png.webp,https://www.ifa-berlin.com/exhibitors?page=49,1354
3288,Narwal Trading Hong Kong Co limited,China,Reseller Park,Hub 27g,H27g-TISCH,https://www.ifa-berlin.com/exhibitors/narwal-trading-hong-kong,https://www.ifa-berlin.com/img/exhibitors/default.svg,https://www.ifa-berlin.com/exhibitors?page=49,1355
3205,KEYE Electronical Appliance,,IFA Global Markets,Hall 26c,H26c-294,https://www.ifa-berlin.com/exhibitors/keye-electronical-appliance,https://www.ifa-berlin.com/img/exhibitors/default.svg,https://www.ifa-berlin.com/exhibitors?page=49,1356
2712,"Ningbo Orchid Electric Appliances Manufacturing Co., Ltd.",China,IFA Global Markets,Hall 26b,H26b-1033,https://www.ifa-berlin.com/exhibitors/ningbo-orchid-electric-appliances-manufacturing,https://drive.ifa-berlin.com/drive/2025/12/_cache/dbb7ab0670a88a54a2c39fb7a4ccc462_f0f3e35a6338a5119e7094f8f8caf6ec.jpg.webp,https://www.ifa-berlin.com/exhibitors?page=49,1357
2978,"Zhongshan Jinlangye Electric Co., Ltd",China,IFA Global Markets,Hall 26b,H26b-1003,https://www.ifa-berlin.com/exhibitors/zhongshan-jinlangye-electric,https://www.ifa-berlin.com/img/exhibitors/default.svg,https://www.ifa-berlin.com/exhibitors?page=49,1358
2859,"Zhongshan Lufutatech Co., Ltd.",China,IFA Global Markets,Hall 26b,H26b-1025,https://www.ifa-berlin.com/exhibitors/zhongshan-lufutatech,https://www.ifa-berlin.com/img/exhibitors/default.svg,https://www.ifa-berlin.com/exhibitors?page=49,1359
3680,AQUART,China,Home Appliances,Hall 11.1,H11.1-133,https://www.ifa-berlin.com/exhibitors/aquart,https://drive.ifa-berlin.com/drive/2026/07/_cache/8ae19d89e69d1e4e498d61046267de3a_5476b49a9c7744be3048ff796747d99f.png.webp,https://www.ifa-berlin.com/exhibitors?page=49,1360
3347,JB TRADE d.o.o.,Slovenia,Reseller Park,Hub 27m,H27m-11,https://www.ifa-berlin.com/exhibitors/jb-trade-d-o-o,https://www.ifa-berlin.com/img/exhibitors/default.svg,https://www.ifa-berlin.com/exhibitors?page=49,1361
3147,Sumer d.o.o.,Slovenia,IFA Global Markets,Hall 26c,H26c-326,https://www.ifa-berlin.com/exhibitors/sumer-d-o-o,https://drive.ifa-berlin.com/drive/2026/07/_cache/d65dfbd3a4b3fcbf531cf39dcd9e5b7d_f28ad1e64e4367770c290e6c34c396e7.png.webp,https://www.ifa-berlin.com/exhibitors?page=49,1362
2370,"ShenZhen ShuoYu Technology Co.,LTD",China,Smart Home,Hall 1.2,H1.2-211,https://www.ifa-berlin.com/exhibitors/shenzhen-shuoyu-technology,https://drive.ifa-berlin.com/drive/2026/08/_cache/6e675ed12a2c6127845b7bebe42adf7a_02e851cd3d7cb36ae1b8ca787cc38f88.png.webp,https://www.ifa-berlin.com/exhibitors?page=49,1363
3327,CHIGO,China,Reseller Park,Hub 27j,H27j-21,https://www.ifa-berlin.com/exhibitors/chigo,https://drive.ifa-berlin.com/drive/2025/12/_cache/7fea433a111d95bae2a99827dd4220d1_c6230ffe75223cb6b77df4f7be333ab5.png.webp,https://www.ifa-berlin.com/exhibitors?page=49,1364
3717,TIGER A.I.,South Korea,IFA Next,Hall 5.2,H5.2-411,https://www.ifa-berlin.com/exhibitors/tiger-a-i,https://drive.ifa-berlin.com/drive/2026/07/_cache/a587547213782df6e0c55923806af2fc_cdd603d513381b6d65fa1ab9635bfa70.jpg.webp,https://www.ifa-berlin.com/exhibitors?page=49,1365
3000,koorvi,Germany,IFA Next,Hall 25,H25-193,https://www.ifa-berlin.com/exhibitors/koorvi,https://drive.ifa-berlin.com/drive/2026/07/_cache/8bb297ce379adf02595e4b2d87ab10cd_bc0be2c6f15d7b8b9a05dc7cf97b2f80.png.webp,https://www.ifa-berlin.com/exhibitors?page=49,1366
3631,Asiahorse,China,Computing & Gaming,Hall 5.2,H5.2-519,https://www.ifa-berlin.com/exhibitors/asiahorse,https://drive.ifa-berlin.com/drive/2026/08/_cache/cf7b810653fc2bfe5bc981ee4cfe2a16_632cfd5c4c0bf8d0e077e3625426e5e2.jpg.webp,https://www.ifa-berlin.com/exhibitors?page=49,1367
3332,DEVIN TECH INC.,USA,Reseller Park,Hub 27l,H27l-13,https://www.ifa-berlin.com/exhibitors/devin-tech,https://drive.ifa-berlin.com/drive/2026/08/_cache/cf8aa5eef6cc1c1afff2f72a2ffce9f0_fe97b2d3725852d1d1d244d0669e3e60.png.webp,https://www.ifa-berlin.com/exhibitors?page=49,1368
2624,Instantpot,Netherlands,Home Appliances,Hall 8.1,H8.1-218,https://www.ifa-berlin.com/exhibitors/instantpot,https://drive.ifa-berlin.com/drive/2026/08/_cache/242325cc0da6f79e6cf791c18f4b802a_0a23b4d56029de270e1de3be231c3639.png.webp,https://www.ifa-berlin.com/exhibitors?page=49,1369
3365,"Guangzhou ONE-CASE Import and Export Co., Ltd.",China,Reseller Park,Hub 27o,H27o-10,https://www.ifa-berlin.com/exhibitors/one-case,https://drive.ifa-berlin.com/drive/2026/06/_cache/4514b47a09ec78ba9921c7c424c7918c_aa889d5161fa3807f783f8f4933d0f8a.png.webp,https://www.ifa-berlin.com/exhibitors?page=49,1370
2824,"Dongguan YongFang Electronics Technology Co. ,Ltd.",China,IFA Global Markets,Hall 26a,H26a-405,https://www.ifa-berlin.com/exhibitors/dongguan-yongfang-electronics-technology,https://drive.ifa-berlin.com/drive/2026/08/_cache/3e1036c0c506230553cf367d0f7c5001_5673d83c103171aee6c2ec41de83b78d.png.webp,https://www.ifa-berlin.com/exhibitors?page=49,1371
3612,"Ningbo Poogoo Electrical Appliance Co., Ltd.",China,IFA Global Markets,Hall 26b,H26b-1037,https://www.ifa-berlin.com/exhibitors/ningbo-poogoo-electrical-appliance-2,https://drive.ifa-berlin.com/drive/2026/08/_cache/b0d7759e4dec967829a6737450d96c89_57ccb5c1382f3ed82c7b5e36abc4cbcd.jpg.webp,https://www.ifa-berlin.com/exhibitors?page=49,1372
2572,Lucky Dragon Enterprise Group,Taiwan,IFA Global Markets,Hall 26c,H26c-311,https://www.ifa-berlin.com/exhibitors/lucky-dragon-enterprise-group,https://drive.ifa-berlin.com/drive/2026/07/_cache/04eb5baf2259a52eec8ebcd655d968fb_facddece69b5ae5e177ef2fba2e835bb.png.webp,https://www.ifa-berlin.com/exhibitors?page=50,1373
3743,Adam Elements,Taiwan,IFA Next,Hall 25,H25-377,https://www.ifa-berlin.com/exhibitors/adam-elements,https://drive.ifa-berlin.com/drive/2026/08/_cache/ecfe6bb40d7c74bc2ab9888ccb907b15_2073ac94fa96ee989ceb7c17f8b1d6eb.png.webp,https://www.ifa-berlin.com/exhibitors?page=50,1374
3547,"GUANGDONG KELIAN ELECTRICAL APPLIANCE CO.,LTD",China,IFA Global Markets,Hall 26c,H26c-246,https://www.ifa-berlin.com/exhibitors/guangdong-kelian-electrical-appliance,https://drive.ifa-berlin.com/drive/2026/08/_cache/26bda7609f79f1c3943a034399fc997a_0e21bc5028a4fc7380fd903f9a6992e5.png.webp,https://www.ifa-berlin.com/exhibitors?page=50,1375
3683,YSS BLUEHORIZON DYNAMICS LLC,USA,IFA Global Markets,Hall 26c,H26c-306,https://www.ifa-berlin.com/exhibitors/yss-bluehorizon-dynamics,https://drive.ifa-berlin.com/drive/2026/08/_cache/232d625b2b4afdb4f35acb208c143f52_6138032a2fa47959ba935ef10249b22d.png.webp,https://www.ifa-berlin.com/exhibitors?page=50,1376
3543,"Zhongshan Vanhong Electrical Technology Co., Ltd.",China,IFA Global Markets,Hall 26c,H26c-192,https://www.ifa-berlin.com/exhibitors/zhongshan-vanhong-electrical-technology,https://drive.ifa-berlin.com/drive/2025/12/_cache/13a054c5b775d1f8cb40ce3001833b27_8c35c52e64eb2855f25990d85a379f40.png.webp,https://www.ifa-berlin.com/exhibitors?page=50,1377
2273,Caliber,Netherlands,Audio,Hall 10.2,H10.2-109,https://www.ifa-berlin.com/exhibitors/caliber,https://drive.ifa-berlin.com/drive/2026/06/_cache/416cd6004c4ab724fe4c2c089309f683_ec3fd6195f92ef73725ad29b9d20de3f.png.webp,https://www.ifa-berlin.com/exhibitors?page=50,1378
4018,Velerans & Co. s.r.o,Czechia,Reseller Park,Hub 27m,H27m-12,https://www.ifa-berlin.com/exhibitors/velerans-co,https://www.ifa-berlin.com/img/exhibitors/default.svg,https://www.ifa-berlin.com/exhibitors?page=50,1379
4028,UPGRADE (HK) LIMITED,Hong Kong,Reseller Park,Hub 27a,H27a-03,https://www.ifa-berlin.com/exhibitors/upgrade-hk,https://www.ifa-berlin.com/img/exhibitors/default.svg,https://www.ifa-berlin.com/exhibitors?page=50,1380
3916,PASSUS,,Smart Home,Hall 1.2,H1.2-115,https://www.ifa-berlin.com/exhibitors/passus,https://drive.ifa-berlin.com/drive/2026/08/_cache/bd49c1e68f4f4122428344a455878bb4_e4ea42283753034254864854cc51843d.jpg.webp,https://www.ifa-berlin.com/exhibitors?page=50,1381
2073,XtremeMac,Luxembourg,Communication & Connectivity,Hall 3.2,H3.2-101,https://www.ifa-berlin.com/exhibitors/xtrememac,https://www.ifa-berlin.com/thumbnail/w500/2025/12/xtremeac_318.webp,https://www.ifa-berlin.com/exhibitors?page=50,1382
3079,Frient,Germany,Smart Home,Hall 1.2,H1.2-149,https://www.ifa-berlin.com/exhibitors/frient,https://www.ifa-berlin.com/img/exhibitors/default.svg,https://www.ifa-berlin.com/exhibitors?page=50,1383
2922,"Purily AI Robot Co.,Ltd",China,IFA Global Markets,Hall 26a,H26a-377,https://www.ifa-berlin.com/exhibitors/purily-ai-robot,https://drive.ifa-berlin.com/drive/2026/07/_cache/c3b93bdce5666d2f1227d7e0f8bf5586_c84199d78a5ffbb5819139cbeb919952.png.webp,https://www.ifa-berlin.com/exhibitors?page=50,1384
3135,"DONGGUAN YAT FUNG ELECTRICAL APPLIANCES CO.,LTD.",China,IFA Global Markets,Hall 26a,H26a-595,https://www.ifa-berlin.com/exhibitors/dongguan-yat-fung-electrical-appliances,https://drive.ifa-berlin.com/drive/2025/12/_cache/ba90ecb21248c9685afb43c78b2e7b11_7a04fd25090518e2d4ab90b341f06ec7.png.webp,https://www.ifa-berlin.com/exhibitors?page=50,1385
3239,EURES GmbH,Germany,Reseller Park,Hub 27c,H27c-10,https://www.ifa-berlin.com/exhibitors/eures,https://drive.ifa-berlin.com/drive/2025/12/_cache/74cc1a880dfecc8716509b79c4887682_9f1b19924bbe7234e493439fee4a000b.png.webp,https://www.ifa-berlin.com/exhibitors?page=50,1386
3773,RugOne,China,Communication & Connectivity,Hall 3.2,H3.2-137,https://www.ifa-berlin.com/exhibitors/rugone,https://drive.ifa-berlin.com/drive/2026/08/_cache/b11b0f05fa02cb9cdd37574fa7a0896e_1dda4e6fae1d07ddec070f53df8807ef.png.webp,https://www.ifa-berlin.com/exhibitors?page=50,1387
3099,"Guangdong WangJia Intelligent Robot Co., LTD.",China,IFA Global Markets,Hall 26a,H26a-315,https://www.ifa-berlin.com/exhibitors/guangdong-wangjia-intelligent-robot,https://drive.ifa-berlin.com/drive/2026/07/_cache/9fecd9a2ef53579535e33e86e01c0351_87f470b1af6d0d6eae13fd609b1e3fee.png.webp,https://www.ifa-berlin.com/exhibitors?page=50,1388
3025,FYX BV,Belgium,Communication & Connectivity,Hall 5.2,H5.2-241,https://www.ifa-berlin.com/exhibitors/fyx,https://www.ifa-berlin.com/img/exhibitors/default.svg,https://www.ifa-berlin.com/exhibitors?page=50,1389
3375,ARAMID/CASESHARK,China,Reseller Park,Hub 27o,H27o-09,https://www.ifa-berlin.com/exhibitors/aramid-caseshark,https://drive.ifa-berlin.com/drive/2026/08/_cache/0a7a789cc7324a1e6169d9efee5ed7cc_744794227fe64b38e14775b9a6613a81.jpg.webp,https://www.ifa-berlin.com/exhibitors?page=50,1390
2835,"Zhongshan Bodega Electrical Appliance Co.,Ltd",China,IFA Global Markets,Hall 26b,H26b-1053,https://www.ifa-berlin.com/exhibitors/zhongshan-bodega-electrical-appliance,https://drive.ifa-berlin.com/drive/2025/12/_cache/9e2ec619c55c4b5d9d25e621f1d46c34_965424048b729c79f04bfcb4b895e4b5.png.webp,https://www.ifa-berlin.com/exhibitors?page=50,1391
3413,DAOM Electronics,South Korea,IFA Next,Hall 25,H25-157,https://www.ifa-berlin.com/exhibitors/daom-electronics,https://drive.ifa-berlin.com/drive/2026/08/_cache/c3b3c6e2cf49cf43cc77380e33b841b7_b6c6d31813e48215baef247429908f64.png.webp,https://www.ifa-berlin.com/exhibitors?page=50,1392
2465,Kidizwatch,Poland,Communication & Connectivity,Hall 5.2,H5.2-177,https://www.ifa-berlin.com/exhibitors/kidizwatch,https://drive.ifa-berlin.com/drive/2026/07/_cache/c17aed64f09abae7e1f519557aacafef_635959cbd7d6711e5959c26d21d44e26.png.webp,https://www.ifa-berlin.com/exhibitors?page=50,1393
3373,iCOOLCELL KINGSOUL,China,Reseller Park,Hub 27i,H27i-16,https://www.ifa-berlin.com/exhibitors/icoolcell,https://drive.ifa-berlin.com/drive/2026/07/_cache/7a899a3c4698ef8275f29ce5cfd9b65b_7f47f9334bd5562e3ee32d037ddac063.png.webp,https://www.ifa-berlin.com/exhibitors?page=50,1394
2814,"Lixin Industrial (Shenzhen) Co., Ltd",China,IFA Global Markets,Hall 26c,H26c-216,https://www.ifa-berlin.com/exhibitors/lixin-industrial-shenzhen,https://drive.ifa-berlin.com/drive/2026/08/_cache/34faa889afc140da411967513ff67634_cb3b7008410153ccddd2e91b4b44adae.png.webp,https://www.ifa-berlin.com/exhibitors?page=50,1395
3045,AgfaPhoto,France,Content Creation,Hall 20,H20-157,https://www.ifa-berlin.com/exhibitors/agfaphoto,https://drive.ifa-berlin.com/drive/2025/12/_cache/6578a82077eec9334b7406bd0b1520ad_7b0fda2c871a1ba282dee007d689f702.jpg.webp,https://www.ifa-berlin.com/exhibitors?page=50,1396
3276,"Wenzhou Shenyuan Electrical Appliance Co.,Ltd",China,Reseller Park,Hub 27h,H27h-03,https://www.ifa-berlin.com/exhibitors/wenzhou-shenyuan-electrical-appliance,https://drive.ifa-berlin.com/drive/2026/07/_cache/41adaf088aa268c2c356636a46153ca9_292e84ba698ccfc202dbeb52c025e9b3.png.webp,https://www.ifa-berlin.com/exhibitors?page=50,1397
3380,Twisted Minds,Kuwait,Computing & Gaming,Hall 7.2b,H7.2b-108,https://www.ifa-berlin.com/exhibitors/twisted-minds,https://drive.ifa-berlin.com/drive/2026/08/_cache/17bf91008f9197802695f6d6362e370d_881c580d7ce469b43a47d3786ff215f0.png.webp,https://www.ifa-berlin.com/exhibitors?page=50,1398
1939,Accutone,Hong Kong,Audio,Hall 8.2,H8.2-257,https://www.ifa-berlin.com/exhibitors/accutone,https://drive.ifa-berlin.com/drive/2026/09/_cache/d6a76e59d9ad895d70244abbb3cec34a_5aadfb9e670e56f077a6ba67c334559d.png.webp,https://www.ifa-berlin.com/exhibitors?page=50,1399
3289,Media Electronics,Spain,Reseller Park,Hub 27g,H27g-18,https://www.ifa-berlin.com/exhibitors/united-egroup,https://www.ifa-berlin.com/thumbnail/w500/2026/07/logomediasvg.svg,https://www.ifa-berlin.com/exhibitors?page=50,1400
2422,Astrall Dynamics,China,IFA Next,Hall 25,H25-111,https://www.ifa-berlin.com/exhibitors/astrall-dynamics,https://www.ifa-berlin.com/img/exhibitors/default.svg,https://www.ifa-berlin.com/exhibitors?page=51,1401
2526,ONiO,Norway,IFA Next,Hall 25,H25-258,https://www.ifa-berlin.com/exhibitors/onio,https://www.ifa-berlin.com/thumbnail/w500/2026/06/oniologoblack.svg,https://www.ifa-berlin.com/exhibitors?page=51,1402
2725,"Shaoxing Yiqiang Electric Appliance Technology Co., Ltd.",China,IFA Global Markets,Hall 26a,H26a-357,https://www.ifa-berlin.com/exhibitors/shaoxing-yiqiang-electric-appliance-technology,https://drive.ifa-berlin.com/drive/2026/08/_cache/af430971eecbb68f65120f37417f4514_a19b9cb152d43c090f6b25f6068bd030.jpg.webp,https://www.ifa-berlin.com/exhibitors?page=51,1403
3495,Green Master,China,Smart Home,Hall 1.2,H1.2-183,https://www.ifa-berlin.com/exhibitors/green-master,https://drive.ifa-berlin.com/drive/2026/07/_cache/6e6f7109dc2271227057ec671e31d214_af0fcfbcfcfad6eb1b71d64d28307578.png.webp,https://www.ifa-berlin.com/exhibitors?page=51,1404
3731,RouLing Technology,China,IFA Next,Hall 25,H25-367,https://www.ifa-berlin.com/exhibitors/rouling-technology,https://www.ifa-berlin.com/img/exhibitors/default.svg,https://www.ifa-berlin.com/exhibitors?page=51,1405
3434,Vivoo,,Beauty Tech & Wellbeing,Hall 15,H15-173,https://www.ifa-berlin.com/exhibitors/vivoo,https://www.ifa-berlin.com/img/exhibitors/default.svg,https://www.ifa-berlin.com/exhibitors?page=51,1406
3693,Bartooler,South Korea,IFA Next,Hall 25,H25-361,https://www.ifa-berlin.com/exhibitors/bartooler,https://www.ifa-berlin.com/img/exhibitors/default.svg,https://www.ifa-berlin.com/exhibitors?page=51,1407
2556,"NEW SIGN CO., Ltd",Japan,IFA Global Markets,Hall 26c,H26c-420,https://www.ifa-berlin.com/exhibitors/new-sign,https://drive.ifa-berlin.com/drive/2026/06/_cache/4e6657b9693a7157ec79ad89370585e7_8ad4ce08cea89e1e44542324b7d2dc80.png.webp,https://www.ifa-berlin.com/exhibitors?page=51,1408
3118,"Cixi Homecentre Electrical Appliance Co., Ltd.",China,IFA Global Markets,Hall 26c,H26c-188,https://www.ifa-berlin.com/exhibitors/cixi-homecentre-electrical-appliance,https://drive.ifa-berlin.com/drive/2026/08/_cache/93a57fe7fe2b675b295b5c23eb7fc1cb_1a8c9f504a40c012b0c977a11f40bfab.png,https://www.ifa-berlin.com/exhibitors?page=51,1409
4006,Home Connectivity Alliance,,,,Dream Stage,https://www.ifa-berlin.com/exhibitors/home-connectivity-alliance-2,https://www.ifa-berlin.com/img/exhibitors/default.svg,https://www.ifa-berlin.com/exhibitors?page=51,1410
3258,TWIST SRL,Italy,Reseller Park,Hub 27f,H27f-08,https://www.ifa-berlin.com/exhibitors/twist,https://www.ifa-berlin.com/img/exhibitors/default.svg,https://www.ifa-berlin.com/exhibitors?page=51,1411
3739,Majority Audio,United Kingdom,IFA Next,Hall 25,H25-377,https://www.ifa-berlin.com/exhibitors/majority-audio,https://www.ifa-berlin.com/thumbnail/w500/2025/12/majority_audio_417.webp,https://www.ifa-berlin.com/exhibitors?page=51,1412
2842,Zhongshan Hyder Industrial Company Limited,China,IFA Global Markets,Hall 26b,H26b-1057,https://www.ifa-berlin.com/exhibitors/zhongshan-hyder-industrial,https://www.ifa-berlin.com/img/exhibitors/default.svg,https://www.ifa-berlin.com/exhibitors?page=51,1413
2118,Wacaco,Hong Kong,Home Appliances,Hall 8.1,H8.1-108,https://www.ifa-berlin.com/exhibitors/wacaco,https://www.ifa-berlin.com/img/exhibitors/default.svg,https://www.ifa-berlin.com/exhibitors?page=51,1414
3396,FOSHAN CITY SHUDNE DISTRICT HUIERJIA HOUSEHOLD ELECTICAL .CO.LTD,China,IFA Global Markets,Hall 26b,H26b-885,https://www.ifa-berlin.com/exhibitors/foshan-city-shudne-district-huierjia-household-electical,https://drive.ifa-berlin.com/drive/2026/08/_cache/14c652ca88e3903b7e366488c76039b3_f1deafc52a5d8cf083ec2601ecc097ee.png.webp,https://www.ifa-berlin.com/exhibitors?page=51,1415
2932,SHENZHEN RCL TECHNOLOGIES COMPANY LIMITED,China,IFA Global Markets,Hall 26a,H26a-385,https://www.ifa-berlin.com/exhibitors/shenzhen-rcl-technologies-company,https://www.ifa-berlin.com/img/exhibitors/default.svg,https://www.ifa-berlin.com/exhibitors?page=51,1416
3385,Kyokuto Solutions,Japan,Content Creation,Hall 20,H20-153,https://www.ifa-berlin.com/exhibitors/kyokuto-solutions,https://drive.ifa-berlin.com/drive/2026/08/_cache/7146f08c187a672dd07ba76be24a2d94_d4ba8a11041648e759d140eaa55a917a.png.webp,https://www.ifa-berlin.com/exhibitors?page=51,1417
3326,EUPA,China,Reseller Park,Hub 27k,H27k-05,https://www.ifa-berlin.com/exhibitors/eupa,https://drive.ifa-berlin.com/drive/2026/08/_cache/26b92e2a8fef267b6b1c8e8f764252d3_f5ee8cb2296a11e8a550bd5e2bd7f2f0.png.webp,https://www.ifa-berlin.com/exhibitors?page=51,1418
2795,"Shenzhen Nicent Electronics Co.,Ltd.",China,IFA Global Markets,Hall 26b,H26b-945,https://www.ifa-berlin.com/exhibitors/shenzhen-nicent-electronics,https://drive.ifa-berlin.com/drive/2026/08/_cache/bc008bb357327d508ebdfb852c2c7131_422ed1d97aaf21cd5c045a251b28e83a.png.webp,https://www.ifa-berlin.com/exhibitors?page=51,1419
2924,"Shandong Xiaoya Group Household Appliances Co., Ltd",China,IFA Global Markets,Hall 26b,H26b-1093,https://www.ifa-berlin.com/exhibitors/shandong-xiaoya-group-household-appliances,https://drive.ifa-berlin.com/drive/2026/08/_cache/1aed1133d563a80829c9a59b5badba5a_7886735df18a73f96acafb7435c3b759.png.webp,https://www.ifa-berlin.com/exhibitors?page=51,1420
3614,"Ningbo Fiercer Leopard Electrical Appliance Co., Ltd.",China,IFA Global Markets,Hall 26b,H26b-1061,https://www.ifa-berlin.com/exhibitors/ningbo-fiercer-leopard-electrical-appliance,https://www.ifa-berlin.com/img/exhibitors/default.svg,https://www.ifa-berlin.com/exhibitors?page=51,1421
3070,SonicGear,Singapore,Computing & Gaming,Hall 7.2b,H7.2b-104,https://www.ifa-berlin.com/exhibitors/sonicgear,https://drive.ifa-berlin.com/drive/2026/08/_cache/8d01b86b32492df530a1d9a5023d0849_3e14359d75dab19a22e21a439542e908.png.webp,https://www.ifa-berlin.com/exhibitors?page=51,1422
2997,EK / servicegroup,Germany,Strategic Retail Partner,Hall 4.1,H4.1-114,https://www.ifa-berlin.com/exhibitors/ek-servicegroup,https://drive.ifa-berlin.com/drive/2026/07/_cache/fe2e2b554e479d5251692e8d2ccab089_74b6f8ecfce234fc1da9b079af4dbceb.png.webp,https://www.ifa-berlin.com/exhibitors?page=51,1423
3669,NIVERBEC,Italy,IFA Next,Hall 25,H25-369,https://www.ifa-berlin.com/exhibitors/niverbec,https://drive.ifa-berlin.com/drive/2026/08/_cache/47a49b584b141291532f0221b03dc686_09e5f4444fb9f7691d9703cba4065b75.png.webp,https://www.ifa-berlin.com/exhibitors?page=51,1424
3835,Phonetastik GmbH,Germany,Reseller Park,Hub 27l,H27l-11,https://www.ifa-berlin.com/exhibitors/phonetastik,https://www.ifa-berlin.com/img/exhibitors/default.svg,https://www.ifa-berlin.com/exhibitors?page=51,1425
3475,Bvio Technology （Violoop）,China,IFA Next,Hall 5.2,H5.2-406,https://www.ifa-berlin.com/exhibitors/bvio-technology,https://www.ifa-berlin.com/img/exhibitors/default.svg,https://www.ifa-berlin.com/exhibitors?page=51,1426
2667,"Guangdong Zhaoli Motor Group Co., Ltd",China,IFA Global Markets,Hall 26a,H26a-443,https://www.ifa-berlin.com/exhibitors/guangdong-zhaoli-motor-group,https://drive.ifa-berlin.com/drive/2026/06/_cache/e87836e304a44591233b5531befbc883_e49408a43f3b29b35e7d8ef8f1c97df7.png.webp,https://www.ifa-berlin.com/exhibitors?page=51,1427
2562,Erdal Label,Türkiye,IFA Global Markets,Hall 26c,H26c-106,https://www.ifa-berlin.com/exhibitors/erdal-label,https://www.ifa-berlin.com/img/exhibitors/default.svg,https://www.ifa-berlin.com/exhibitors?page=51,1428
2975,"Jiangmen BNG Industrial Co., LTD",China,IFA Global Markets,Hall 26b,H26b-879,https://www.ifa-berlin.com/exhibitors/jiangmen-bng-industrial,https://drive.ifa-berlin.com/drive/2026/08/_cache/859f166d58db6957535f7f9d29b898ae_1b7a00e8db9636597882077ee637033a.jpg.webp,https://www.ifa-berlin.com/exhibitors?page=52,1429
1968,ELRO,Netherlands,Smart Home,Hall 1.2,H1.2-141,https://www.ifa-berlin.com/exhibitors/elro,https://www.ifa-berlin.com/img/exhibitors/default.svg,https://www.ifa-berlin.com/exhibitors?page=52,1430
3485,nunc.,Germany,,Palais,PAF-113,https://www.ifa-berlin.com/exhibitors/nunc,https://www.ifa-berlin.com/thumbnail/w500/2026/08/230512nunc-wordmark1c-pos.svg,https://www.ifa-berlin.com/exhibitors?page=52,1431
2765,"hefei rishang electrical appliance co.,ltd",China,IFA Global Markets,Hall 26b,H26b-925,https://www.ifa-berlin.com/exhibitors/hefei-rishang-electrical-appliance,https://drive.ifa-berlin.com/drive/2026/08/_cache/2ce7efb6d3c5ab5bf2b6bb1816a551ed_4012315cc64fd8ff40477ab14bdf145d.png.webp,https://www.ifa-berlin.com/exhibitors?page=52,1432
3141,"Foshan Yisihang Electrical Technology Co., Ltd.",China,IFA Global Markets,Hall 26c,H26c-412,https://www.ifa-berlin.com/exhibitors/foshan-yisihang-electrical-technology,https://drive.ifa-berlin.com/drive/2026/08/_cache/62ed5a6ecaef15b694d36c1646d63045_d294acde2d366e8e4ec4a9b21a1eb287.jpg.webp,https://www.ifa-berlin.com/exhibitors?page=52,1433
2697,"Ningbo Sindo Electric Appliance Co., Limited",China,IFA Global Markets,Hall 26a,H26a-359,https://www.ifa-berlin.com/exhibitors/ningbo-sindo-electric-appliances,https://drive.ifa-berlin.com/drive/2025/12/_cache/d822e306cdd19a8b5542c45e416d8174_ad2dfc7d45b7281b90e6aa22978085fb.jpg.webp,https://www.ifa-berlin.com/exhibitors?page=52,1434
3686,Kenic Elec HORIZON ENTERPRISES LLC,USA,IFA Global Markets,Hall 26c,H26c-304,https://www.ifa-berlin.com/exhibitors/kenic-elec-horizon-enterprises,https://drive.ifa-berlin.com/drive/2026/08/_cache/1ac53b2770fb4e277428ebaae1a269e1_c53c6da76d90d9412644373ebe1ec646.png.webp,https://www.ifa-berlin.com/exhibitors?page=52,1435
3120,"FOSHAN SPEEDFROG ELECTRONIC TECHNOLOGY CO., LTD",China,IFA Global Markets,Hall 26c,H26c-182,https://www.ifa-berlin.com/exhibitors/foshan-speedfrog-electronic-technology,https://www.ifa-berlin.com/img/exhibitors/default.svg,https://www.ifa-berlin.com/exhibitors?page=52,1436
3450,Ningbo SH Appliance Tech factory,China,IFA Global Markets,Hall 26b,H26b-819,https://www.ifa-berlin.com/exhibitors/ningbo-sh-appliance-tech-factory,https://drive.ifa-berlin.com/drive/2026/08/_cache/3f21dbd9769315a4155c86540767d728_4622ffd9d3df0ef453e7a7fa3325c29e.png.webp,https://www.ifa-berlin.com/exhibitors?page=52,1437
2564,Truly USA,USA,IFA Global Markets,Hall 26c,H26c-108,https://www.ifa-berlin.com/exhibitors/truly-usa,https://drive.ifa-berlin.com/drive/2025/12/_cache/f06e10c6845bfbd1e6a5e1d1392b9269_75baaf303d164ef8a3e6ac01800d45c2.png.webp,https://www.ifa-berlin.com/exhibitors?page=52,1438
3248,Wall Universe GmbH,Germany,Reseller Park,Hub 27f,H27f-01,https://www.ifa-berlin.com/exhibitors/wall-universe,https://drive.ifa-berlin.com/drive/2025/12/_cache/f51827fc41a0b6646d0201d27e1996a2_26ed22f2ddf3e41e2717bdc2a50791b3.png.webp,https://www.ifa-berlin.com/exhibitors?page=52,1439
3472,TEAC,Germany,Audio,Großer Stern,GST-VIP Meeting Room 1 | GST-VIP Meeting Room 2,https://www.ifa-berlin.com/exhibitors/teac,https://drive.ifa-berlin.com/drive/2026/07/_cache/942629ec321e9969aff0efc0fc265af7_caf10c2b4e53f3b8a461fb99ea0bfd2c.png.webp,https://www.ifa-berlin.com/exhibitors?page=52,1440
2714,"Zhejiang Longyou Gongren Electronics Co., Ltd.",China,IFA Global Markets,Hall 26a,H26a-349,https://www.ifa-berlin.com/exhibitors/zhejiang-longyou-gongren,https://drive.ifa-berlin.com/drive/2025/12/_cache/e5d5302239a15eb10e8a5bca51c55273_be7fc150b5b5ceb1b293702d1eda33f1.png.webp,https://www.ifa-berlin.com/exhibitors?page=52,1441
3950,TraderBar OÜ,Estonia,Reseller Park,Hub 27m,H27m-13,https://www.ifa-berlin.com/exhibitors/traderbar-ou,https://drive.ifa-berlin.com/drive/2026/08/_cache/901e5c7e7e383afeeb1326964644a819_2f3065d45cb8fc9e6915305a7145cf29.png.webp,https://www.ifa-berlin.com/exhibitors?page=52,1442
2741,"Yuyao Jijia Electrical Appliances Co., Ltd.",China,IFA Global Markets,Hall 26b,H26b-855,https://www.ifa-berlin.com/exhibitors/yuyao-jijia-electrical-appliances,https://drive.ifa-berlin.com/drive/2025/12/_cache/1429ddd47df4dfb34b4d6e49cb55ad4f_1a65b23b822d28481acaaf72a475337c.jpg.webp,https://www.ifa-berlin.com/exhibitors?page=52,1443
3936,IEEE,,,,,https://www.ifa-berlin.com/exhibitors/ieee,https://drive.ifa-berlin.com/drive/2026/08/_cache/d45cb5bdfe15ff4326663a26eb534a18_98b9dc02c117857dab7b62253d911a27.png.webp,https://www.ifa-berlin.com/exhibitors?page=52,1444
2106,Healthpal,China,Beauty Tech & Wellbeing,Hall 14,H14-117,https://www.ifa-berlin.com/exhibitors/healthpal,https://drive.ifa-berlin.com/drive/2026/06/_cache/8ef17b7bed4c49899801f584f8bfbfe0_fdc1c5a45d771b2f0bb54afbcd2f27af.png.webp,https://www.ifa-berlin.com/exhibitors?page=52,1445
2878,KiWear,USA,IFA Next,Hall 5.2,H5.2-417,https://www.ifa-berlin.com/exhibitors/kiwear,https://drive.ifa-berlin.com/drive/2026/07/_cache/bde830538f302293edf11fc065bd6033_a5eb2245897cb6af7ab1d7cbc3d010d4.png.webp,https://www.ifa-berlin.com/exhibitors?page=52,1446
3024,Prowell Products,Germany,Communication & Connectivity,Hall 5.2,H5.2-211,https://www.ifa-berlin.com/exhibitors/prowell-products,https://www.ifa-berlin.com/img/exhibitors/default.svg,https://www.ifa-berlin.com/exhibitors?page=52,1447
2416,JTLlink Technology,China,IFA Next,Hall 25,H25-139,https://www.ifa-berlin.com/exhibitors/jtllink-technology,https://drive.ifa-berlin.com/drive/2026/08/_cache/1ab7954f5ca928e1a0eae7ef5afe0a18_b47df843608be71e681edc41c5385643.png.webp,https://www.ifa-berlin.com/exhibitors?page=52,1448
2661,"Shenzhen Source Creative Technology Co.,Ltd",China,IFA Global Markets,Hall 26b,H26b-781,https://www.ifa-berlin.com/exhibitors/shenzhen-source-creative-technology,https://drive.ifa-berlin.com/drive/2026/08/_cache/751851c8615831c9ea143d6665cb82f4_3673593656af56913a8c5c8e43847fc3.png.webp,https://www.ifa-berlin.com/exhibitors?page=52,1449
2560,TINX LTD,France,IFA Global Markets,Hall 26c,H26c-374,https://www.ifa-berlin.com/exhibitors/tinx,https://www.ifa-berlin.com/img/exhibitors/default.svg,https://www.ifa-berlin.com/exhibitors?page=52,1450
3405,THE K KOREA,South Korea,IFA Next,Hall 25,H25-157,https://www.ifa-berlin.com/exhibitors/the-k-korea,https://drive.ifa-berlin.com/drive/2025/12/_cache/dc5992e8cbd5b77dbbd1a944aec656e1_b7568bf8f42f95f4a9696c0dccdc24ee.jpg.webp,https://www.ifa-berlin.com/exhibitors?page=52,1451
3667,SANYO,,Home & Entertainment,Hall 22,H22-109,https://www.ifa-berlin.com/exhibitors/sanyo,https://www.ifa-berlin.com/thumbnail/w500/2026/08/sanyologored.svg,https://www.ifa-berlin.com/exhibitors?page=52,1452
2720,"Ningbo TLC Electronic Industry Co., Ltd.",China,IFA Global Markets,Hall 26b,H26b-913,https://www.ifa-berlin.com/exhibitors/ningbo-tlc-electronic-industry,https://drive.ifa-berlin.com/drive/2026/08/_cache/ef62388bfb7ad0109eb3f131079bcd48_0fcf404781b713cd192f36f7cb53cc73.png.webp,https://www.ifa-berlin.com/exhibitors?page=52,1453
1933,Scosche,USA,Communication & Connectivity,Hall 5.2,H5.2-185,https://www.ifa-berlin.com/exhibitors/scosche,https://drive.ifa-berlin.com/drive/2025/12/_cache/cc43bca34d4f760fe640007f07d0cf17_1cc5aaef82223da09399ae77447621fc.png.webp,https://www.ifa-berlin.com/exhibitors?page=52,1454
3295,Zinnovation,China,Reseller Park,Hub 27i,H27i-06,https://www.ifa-berlin.com/exhibitors/zinnovation,https://drive.ifa-berlin.com/drive/2026/07/_cache/b0e42e2f317d0dabde09eeb58556c2b4_6559ed64a5ba5ce957ea79938f034027.png.webp,https://www.ifa-berlin.com/exhibitors?page=52,1455
2680,"Ningbo Hongyi Electronics Technology Co., Ltd.",China,IFA Global Markets,Hall 26b,H26b-971,https://www.ifa-berlin.com/exhibitors/ningbo-hongyi-electronics-technology,https://drive.ifa-berlin.com/drive/2026/05/_cache/1b5421c80fd877ba46934b60219ca976_37bf98b0c41850f018aaf08270746931.png.webp,https://www.ifa-berlin.com/exhibitors?page=52,1456
2260,reset,India,IFA Next,Hall 25,H25-255,https://www.ifa-berlin.com/exhibitors/reset,https://drive.ifa-berlin.com/drive/2026/07/_cache/268d75768828c09086f79c196fa51441_c5fe006fd7827b52960da22ee96d3eec.png.webp,https://www.ifa-berlin.com/exhibitors?page=53,1457
3636,NEXREAL,South Korea,IFA Next,Hall 5.2,H5.2-400,https://www.ifa-berlin.com/exhibitors/nexreal,https://drive.ifa-berlin.com/drive/2026/08/_cache/a65579b96d5bd0b510839cd748d4edfe_9435ca0afe92a8b8327bda4c34446816.png.webp,https://www.ifa-berlin.com/exhibitors?page=53,1458
3943,SMIT ELECTRONIC d.o.o.,Croatia,Reseller Park,Hub 27d,H27d-20,https://www.ifa-berlin.com/exhibitors/smit-electronic-d-o-o,https://drive.ifa-berlin.com/drive/2026/08/_cache/4d5e59faef56b7f117484d1cb89ee37e_e277b0135e656f86efb5f1ed2e39b961.png.webp,https://www.ifa-berlin.com/exhibitors?page=53,1459
4027,TIGER,Poland,Reseller Park,Hub 27d,H27d-18,https://www.ifa-berlin.com/exhibitors/tiger,https://www.ifa-berlin.com/img/exhibitors/default.svg,https://www.ifa-berlin.com/exhibitors?page=53,1460
3531,"Ningbo Sungroy Electric Appliances Tech. Co.,Ltd.",China,IFA Global Markets,Hall 26a,H26a-491,https://www.ifa-berlin.com/exhibitors/ningbo-sungroy-electric-appliances-tech,https://drive.ifa-berlin.com/drive/2026/09/_cache/05b3a6be96ec87f71ebb20a02bd77fa3_2c4cf366e0c93f1737b88ade4dfed34e.png.webp,https://www.ifa-berlin.com/exhibitors?page=53,1461
2114,RSHTECH,China,Communication & Connectivity,Hall 3.2,H3.2-107,https://www.ifa-berlin.com/exhibitors/rhstech,https://drive.ifa-berlin.com/drive/2026/07/_cache/f8208911213a054af0555ba6d519003a_ccf4c0f453c9d256bdfb7f9ec7d322da.png.webp,https://www.ifa-berlin.com/exhibitors?page=53,1462
3353,Eniro Best Solution B.V.,Netherlands,Reseller Park,Hub 27e,H27e-24,https://www.ifa-berlin.com/exhibitors/eniro-best-solution,https://drive.ifa-berlin.com/drive/2025/12/_cache/287659902441e7174a359f1993a4a3fb_5b1f49c2e8ed28f8ecdb68053697d164.png.webp,https://www.ifa-berlin.com/exhibitors?page=53,1463
2816,WUXI JUHUA IMP AND EXP CO LTD,China,IFA Global Markets,Hall 26c,H26c-244,https://www.ifa-berlin.com/exhibitors/wuxi-juhua-imp-and-exp,https://drive.ifa-berlin.com/drive/2025/12/_cache/7a0958feab5f33bb48a9a3c211b234b7_642d8058fa347b1fae1ed52ab50a6459.png.webp,https://www.ifa-berlin.com/exhibitors?page=53,1464
2791,"Dongguan Yu Yang Electronic Co.,Ltd",,IFA Global Markets,Hall 26a,H26a-317,https://www.ifa-berlin.com/exhibitors/dongguan-yuyang-electronic,https://drive.ifa-berlin.com/drive/2026/07/_cache/9ebdd9de6c93f3a071677adacb06fe2c_1a13e0d020742e992e89a83d1ea6b853.png.webp,https://www.ifa-berlin.com/exhibitors?page=53,1465
2906,WeGoIOT,China,Smart Home,Hall 1.2,H1.2-189,https://www.ifa-berlin.com/exhibitors/wegoiot,https://drive.ifa-berlin.com/drive/2026/08/_cache/98a66bea94b3137ca489b4bcef457d9b_f8b3bb7382090661bc03cc5399e1d25b.jpeg.webp,https://www.ifa-berlin.com/exhibitors?page=53,1466
2977,"GUANGDONG HUAQIANG APPLIANCE GROUP CO.,LTD.",China,IFA Global Markets,Hall 26b,H26b-883,https://www.ifa-berlin.com/exhibitors/guangdong-huaqiang-appliance-group,https://drive.ifa-berlin.com/drive/2026/08/_cache/51c75a6d2230e93545f0be0f9ca2dc1b_bd7bca573c73cab9c4785099de8add93.png.webp,https://www.ifa-berlin.com/exhibitors?page=53,1467
3953,DCI AG / plugilo,Germany,Reseller Park,Hub 27o,H27o-07,https://www.ifa-berlin.com/exhibitors/dciag-plugilo,https://www.ifa-berlin.com/thumbnail/w500/2026/08/logo-dci-plugilo_%281%29.svg,https://www.ifa-berlin.com/exhibitors?page=53,1468
2603,Dongguan Xiaogu Electronic Technology,China,Smart Home,Hall 2.2,H2.2-197,https://www.ifa-berlin.com/exhibitors/dongguan-xiaogu-electronic-technology,https://drive.ifa-berlin.com/drive/2026/08/_cache/67942dc6f5c8bb9f4c3c786376bfc2e1_e7470eb023163bb8a7bab106da79139f.jpeg.webp,https://www.ifa-berlin.com/exhibitors?page=53,1469
3331,CINO,China,Reseller Park,Hub 27k,H27k-07,https://www.ifa-berlin.com/exhibitors/cino,https://drive.ifa-berlin.com/drive/2026/08/_cache/576482cf66d669975633f49a6c8b39bc_d50249bf84cf64473bb3f642abfa512c.png.webp,https://www.ifa-berlin.com/exhibitors?page=53,1470
2325,Anhui Yuemei Intelligent Refrigeration Technology,China,IFA Next,Hall 25,H25-115,https://www.ifa-berlin.com/exhibitors/anhui-yuemei-intelligent-refrigeration-technology,https://drive.ifa-berlin.com/drive/2026/08/_cache/03e0b979d8bb2a11b8a6c79044f63df7_cd2343378c17e83de7276b711c6df809.jpg.webp,https://www.ifa-berlin.com/exhibitors?page=53,1471
3233,ShanyoS Pte Ltd,Singapore,Reseller Park,Hub 27c,H27c-01,https://www.ifa-berlin.com/exhibitors/shanyos,https://www.ifa-berlin.com/img/exhibitors/default.svg,https://www.ifa-berlin.com/exhibitors?page=53,1472
3865,KNX Professionals Deutschland e.V.,Switzerland,Smart Home,Hall 1.2,H1.2-212,https://www.ifa-berlin.com/exhibitors/knx-professionals,https://drive.ifa-berlin.com/drive/2026/08/_cache/511e156b0357da1be4b222b6684d202e_aee005fa327c8141a9d2835c3d99f1d1.png,https://www.ifa-berlin.com/exhibitors?page=53,1473
2655,Volto Technology,China,IFA Next,Hall 5.2,H5.2-303,https://www.ifa-berlin.com/exhibitors/volto-technology,https://drive.ifa-berlin.com/drive/2026/08/_cache/a2c6fdadcaf16c5c2a067bafe8e4ccd6_bc6fb9b1aa04ada514cc40dab5a69ecd.png.webp,https://www.ifa-berlin.com/exhibitors?page=53,1474
3343,HK Refurbished,China,Reseller Park,Hub 27m,H27m-08,https://www.ifa-berlin.com/exhibitors/hk-refurbished,https://drive.ifa-berlin.com/drive/2026/07/_cache/c9bd80e5c4275c302be6fe47dd7c0ca5_4e55a4dfc02c467ed85a17d96c35f6de.jpeg.webp,https://www.ifa-berlin.com/exhibitors?page=53,1475
2414,Kzdoo,China,Communication & Connectivity,Hall 5.2,H5.2-166,https://www.ifa-berlin.com/exhibitors/kzdoo,https://drive.ifa-berlin.com/drive/2026/07/_cache/32e865edde718b62d7d5283527582c6f_fb8d770ed256e7bf79462504b2745f5f.jpg.webp,https://www.ifa-berlin.com/exhibitors?page=53,1476
2984,"Ningbo Ixuan Electric Appliance Co.,Ltd",,IFA Global Markets,Hall 26a,H26a-295,https://www.ifa-berlin.com/exhibitors/ningbo-ixuan-electric-appliance,https://www.ifa-berlin.com/img/exhibitors/default.svg,https://www.ifa-berlin.com/exhibitors?page=53,1477
3409,Korea Optron,South Korea,IFA Next,Hall 25,H25-157,https://www.ifa-berlin.com/exhibitors/korea-optron,https://drive.ifa-berlin.com/drive/2026/08/_cache/3216e47c4950b134ae50729551c3638d_7f89079f7fc16bc33c05ba88cdbd5d38.jpg.webp,https://www.ifa-berlin.com/exhibitors?page=53,1478
2557,SIMTECH HOME APPLIANCES,Türkiye,IFA Global Markets,Hall 26c,H26c-396,https://www.ifa-berlin.com/exhibitors/simtech,https://www.ifa-berlin.com/img/exhibitors/default.svg,https://www.ifa-berlin.com/exhibitors?page=53,1479
2610,Suburg,Germany,Home Appliances,Hall 11.1,H11.1-123,https://www.ifa-berlin.com/exhibitors/suburg,https://drive.ifa-berlin.com/drive/2026/08/_cache/09c4faed99d6c5b7ff7f734ae1371f9b_9f070e86abc4c494f4cb6565b1c79ef7.png.webp,https://www.ifa-berlin.com/exhibitors?page=53,1480
2247,ChainATM,Germany,IFA Next,Hall 25,H25-215,https://www.ifa-berlin.com/exhibitors/chainatm,https://drive.ifa-berlin.com/drive/2026/08/_cache/62b1ce9df7fbbc13b095cf8a0f3b929b_74ae68ac5388a05bc8f62766b8324161.png.webp,https://www.ifa-berlin.com/exhibitors?page=53,1481
2839,"Zhongshan Dalian Industrial Co., Ltd",China,IFA Global Markets,Hall 26b,H26b-1009,https://www.ifa-berlin.com/exhibitors/zhongshan-dalian-industrial,https://www.ifa-berlin.com/thumbnail/w500/2025/12/zhongshan_dalian_industrial_co_ltd_626.webp,https://www.ifa-berlin.com/exhibitors?page=53,1482
2301,Gravity Space Technology,China,IFA Next,Hall 25,H25-249,https://www.ifa-berlin.com/exhibitors/gravity-space-technology,https://drive.ifa-berlin.com/drive/2026/08/_cache/7d7cdf5193c7fc2ff21e0a62a9a460a0_da1886f04d1485df076cdcbbe6643c27.png.webp,https://www.ifa-berlin.com/exhibitors?page=53,1483
3260,POYRAZ Büro Malzemeleri Dis. Tic. Ltd. Sti.,Türkiye,Reseller Park,Hub 27f,H27f-09,https://www.ifa-berlin.com/exhibitors/poyraz,https://drive.ifa-berlin.com/drive/2026/08/_cache/7826f1af55d675565fc4b48a3c287c7e_bf498ffa559143306f8ab4fe98fd8d9b.png.webp,https://www.ifa-berlin.com/exhibitors?page=53,1484
3607,"Ningbo Zeyuan Electrical Appliance Co.,Ltd",China,IFA Global Markets,Hall 26a,H26a-305,https://www.ifa-berlin.com/exhibitors/ningbo-zeyuan-electrical-appliance,https://drive.ifa-berlin.com/drive/2026/08/_cache/8f5a135bf28ea5c1d7f4283d309f83b0_b1fa905e9c4da1482b2b92eeedadd75f.jpg.webp,https://www.ifa-berlin.com/exhibitors?page=54,1485
3316,BEIFA AI,China,Reseller Park,Hub 27j,H27j-15,https://www.ifa-berlin.com/exhibitors/beifa-ai,https://drive.ifa-berlin.com/drive/2026/08/_cache/38632b8d7e602aa200f8c85f11c1a731_d66f1116edd6b3b1b0683ac2af83885e.png.webp,https://www.ifa-berlin.com/exhibitors?page=54,1486
2213,Guan,China,Communication & Connectivity,Hall 5.2,H5.2-227,https://www.ifa-berlin.com/exhibitors/guan,https://drive.ifa-berlin.com/drive/2025/12/_cache/a29616a6476b0b99a6597c50970b0e2e_e64192f38811cafd7c490c14d662489c.jpg.webp,https://www.ifa-berlin.com/exhibitors?page=54,1487
2964,"Baoerma Electrical Group Co., Ltd.",China,IFA Global Markets,Hall 26b,H26b-953,https://www.ifa-berlin.com/exhibitors/baoerma-electrical-group,https://drive.ifa-berlin.com/drive/2025/12/_cache/7c87c4d28be3035fe31304449be8f4ee_ecacf291f4495d17e424b7e84eca3822.jpg.webp,https://www.ifa-berlin.com/exhibitors?page=54,1488
3185,Enerzoom,China,Communication & Connectivity,Hall 4.2,H4.2-151a,https://www.ifa-berlin.com/exhibitors/enerzoom,https://drive.ifa-berlin.com/drive/2026/08/_cache/a8b3ce5c6c3536c68a8823fac2b71671_2ab8224450fe479f18d42a110d4b351d.png.webp,https://www.ifa-berlin.com/exhibitors?page=54,1489
2419,Pohang City (Republic of Korea),South Korea,IFA Next,Hall 25,H25-339,https://www.ifa-berlin.com/exhibitors/pohang-city-republic-of-korea,https://www.ifa-berlin.com/thumbnail/w500/2026/08/pohang-city_%281%29.svg,https://www.ifa-berlin.com/exhibitors?page=54,1490
3001,GLYDE,China,IFA Next,Hall 25,H25-263,https://www.ifa-berlin.com/exhibitors/glyde,https://www.ifa-berlin.com/img/exhibitors/default.svg,https://www.ifa-berlin.com/exhibitors?page=54,1491
3593,Bose,USA,Audio,CityCube Hall B,CCBB-Office 08,https://www.ifa-berlin.com/exhibitors/bose,https://drive.ifa-berlin.com/drive/2026/07/_cache/1b95edba132b009c95dcc0a8d81a6f2b_6f3b8795a9cdf8c90e22d0a4c02987dd.png.webp,https://www.ifa-berlin.com/exhibitors?page=54,1492
3736,TransformIT Europe,Germany,Reseller Park,Hub 27h,H27h-01,https://www.ifa-berlin.com/exhibitors/transformit-europe,https://drive.ifa-berlin.com/drive/2025/12/_cache/3de499c77da3d1904fb8591774c3c4a0_95071913257d0ecabae77753c564abf1.png.webp,https://www.ifa-berlin.com/exhibitors?page=54,1493
3448,"Guangdong Smarton Heating Technology Co., Ltd.",China,IFA Global Markets,Hall 26c,H26c-190,https://www.ifa-berlin.com/exhibitors/guangdong-smarton-heating-technology,https://drive.ifa-berlin.com/drive/2026/08/_cache/2762be54e21c4948beaa935b3215c192_5c9337eab2bf4c09108a451ac40bce80.png.webp,https://www.ifa-berlin.com/exhibitors?page=54,1494
3334,"Ningbo Master Electronic Technology Co.,Ltd",China,Reseller Park,Hub 27m,H27m-17,https://www.ifa-berlin.com/exhibitors/master-mount,https://drive.ifa-berlin.com/drive/2026/06/_cache/5cc08698f277cfd0fb8e8bf20101b74d_5d3a6ae788daf86dd5588abff45d7386.png.webp,https://www.ifa-berlin.com/exhibitors?page=54,1495
3809,AOTOS,Hong Kong,Mobility,Mobility Track | CityCube Hall B,MT-103 | CCBB-113,https://www.ifa-berlin.com/exhibitors/aotos,https://drive.ifa-berlin.com/drive/2026/08/_cache/27c0e7d146816515b77012d901736d26_4930689f2c5a311cbebda1aa0628d3a4.png.webp,https://www.ifa-berlin.com/exhibitors?page=54,1496
2818,"Guangdong Longli Electrical Appliance CO., LTD",China,IFA Global Markets,Hall 26b,H26b-889,https://www.ifa-berlin.com/exhibitors/guangdong-longli-electrical-appliance,https://drive.ifa-berlin.com/drive/2026/08/_cache/89b603c86791922880361683da3236d8_3d5492eb16d34938200f6b1c78f3cc28.jpg.webp,https://www.ifa-berlin.com/exhibitors?page=54,1497
2750,"Cixi Sanlian Electric Appliance Co., Ltd",China,IFA Global Markets,Hall 26b,H26b-871,https://www.ifa-berlin.com/exhibitors/cixi-sanlian-electric-appliance,https://www.ifa-berlin.com/img/exhibitors/default.svg,https://www.ifa-berlin.com/exhibitors?page=54,1498
3447,"Wenzhou Qiancheng Electrical Appliance Co., Ltd.",China,IFA Global Markets,Hall 26c,H26c-152,https://www.ifa-berlin.com/exhibitors/wenzhou-qiancheng-electrical-appliance,https://drive.ifa-berlin.com/drive/2026/08/_cache/b2822754000ceaf46e9a81fb3fe803f8_31180cc77815340cbe929d3e57a7a406.png.webp,https://www.ifa-berlin.com/exhibitors?page=54,1499
2476,"ChasingLight Tech - Guangzhou ChasingLight Technology Co., Ltd.",China,Smart Home,Hall 1.2,H1.2-156,https://www.ifa-berlin.com/exhibitors/chasinglight-tech,https://drive.ifa-berlin.com/drive/2026/08/_cache/8b94f93ae2523ff12522b68b16822a7b_146d3dd150528b16eb71b6e99fb57e9f.png.webp,https://www.ifa-berlin.com/exhibitors?page=54,1500
3142,"FOSHAN SHUNDE BELIEVE ELECTRICAL APPLIANCES CO., LTD.",,IFA Global Markets,Hall 26c,H26c-414,https://www.ifa-berlin.com/exhibitors/foshan-shunde-believe-electrical-appliances,https://drive.ifa-berlin.com/drive/2026/08/_cache/1b4ba4fbc2d1393b64ee6b247cb8f31e_b0d43ccc9d7518d6f1864e4158a2d978.png,https://www.ifa-berlin.com/exhibitors?page=54,1501
3094,"Ningbo Yongdian Electric Appliance Co.,Ltd.",China,IFA Global Markets,Hall 26a,H26a-515 | H26a-517,https://www.ifa-berlin.com/exhibitors/ningbo-yongdian-electric-appliance,https://www.ifa-berlin.com/img/exhibitors/default.svg,https://www.ifa-berlin.com/exhibitors?page=54,1502
3217,Metreon Limited,Poland,Reseller Park,Hub 27a,H27a-07,https://www.ifa-berlin.com/exhibitors/metreon,https://drive.ifa-berlin.com/drive/2026/08/_cache/a06b6a69c762889bef7df41456eb7d2a_a7251cf8dc27b4de7856d33db66f192d.png.webp,https://www.ifa-berlin.com/exhibitors?page=54,1503
3121,"Zhongshan Xinzhiyuan Electric & Electronics Co., Ltd",China,IFA Global Markets,Hall 26c,H26c-206,https://www.ifa-berlin.com/exhibitors/zhongshan-xinzhiyuan-electric-electronics,https://www.ifa-berlin.com/img/exhibitors/default.svg,https://www.ifa-berlin.com/exhibitors?page=54,1504
2654,Head Robotic,Hong Kong,IFA Next,Hall 25,H25-394,https://www.ifa-berlin.com/exhibitors/head-robotic,https://drive.ifa-berlin.com/drive/2026/05/_cache/2a0d5df04f86e5940181c7e11ac5417c_6898687ecda873d0bd3a67497f63d3ac.png.webp,https://www.ifa-berlin.com/exhibitors?page=54,1505
3382,Morpho,USA,Content Creation,Hall 17,H17-196,https://www.ifa-berlin.com/exhibitors/morpho,https://drive.ifa-berlin.com/drive/2026/07/_cache/22cd735c91a2565292a825af5aeba27f_2f44948fd7fd808e051851a5b7cd1ed4.png.webp,https://www.ifa-berlin.com/exhibitors?page=54,1506
3670,CARCHAIN,Italy,IFA Next,Hall 25,H25-369,https://www.ifa-berlin.com/exhibitors/carchain,https://drive.ifa-berlin.com/drive/2026/08/_cache/5fef24296604455ddc3fba5e54ca0b98_ce87933ce3a3268302e85d6067469df3.png.webp,https://www.ifa-berlin.com/exhibitors?page=54,1507
3311,JBUNION,China,Reseller Park,Hub 27i,H27i-15,https://www.ifa-berlin.com/exhibitors/jbunion,https://drive.ifa-berlin.com/drive/2026/06/_cache/b15e112a6963e6cb6c4b7d01c0ad78d9_0e93218300c27a49b89182eb198fbb37.png.webp,https://www.ifa-berlin.com/exhibitors?page=54,1508
3252,wolfsohn,Germany,Reseller Park,Hub 27f,H27f-04,https://www.ifa-berlin.com/exhibitors/wolfsohn,https://drive.ifa-berlin.com/drive/2025/09/_cache/d0cb61b2e5269eb38174e3f9d72d6f37_1c97e7c87338f0d95358fd11f8e17361.png.webp,https://www.ifa-berlin.com/exhibitors?page=54,1509
3174,"Ningbo Yubang Electrical Appliance Co., Ltd.",China,IFA Global Markets,Hall 26b,H26b-961,https://www.ifa-berlin.com/exhibitors/ningbo-yubang-electrical-appliance,https://drive.ifa-berlin.com/drive/2026/08/_cache/a4b620172bce4582f4940396ed3281c9_3002e3d3d86ee5b778557976cf0a58e0.png.webp,https://www.ifa-berlin.com/exhibitors?page=54,1510
3710,Emsonic,South Korea,IFA Next,Hall 25,H25-361,https://www.ifa-berlin.com/exhibitors/emsonic,https://drive.ifa-berlin.com/drive/2026/07/_cache/078c48518cecd012e052bcc060a7e0be_0b817cb458d69f5834448cf8f7aa3c8e.png.webp,https://www.ifa-berlin.com/exhibitors?page=54,1511
3709,U2 System,South Korea,IFA Next,Hall 25,H25-361,https://www.ifa-berlin.com/exhibitors/u2-system,https://drive.ifa-berlin.com/drive/2026/07/_cache/6eecdf3accd67670dd08069098f4b799_2363c84b6043ad5121199127ccc6e138.png.webp,https://www.ifa-berlin.com/exhibitors?page=54,1512
3369,"Vogel, Sprinke & Kollegen",Germany,Reseller Park,Hub 27m,H27m-01,https://www.ifa-berlin.com/exhibitors/vogel-sprinke-kollegen,https://drive.ifa-berlin.com/drive/2026/08/_cache/bbba0eca9fa60e34bc0cfbddd2ad44e6_b932d2aa90fd79cc272d2ce64347d87e.png.webp,https://www.ifa-berlin.com/exhibitors?page=55,1513
3407,CLAROPTIC,South Korea,IFA Next,Hall 25,H25-157,https://www.ifa-berlin.com/exhibitors/claroptic,https://drive.ifa-berlin.com/drive/2026/07/_cache/66167dc374c31e628e82e399543556f8_7ea9c4a075a4a5723150337c8d7d29d1.png.webp,https://www.ifa-berlin.com/exhibitors?page=55,1514
2797,Guangzhou Shine-E Electronic Technology Co. Ltd.,China,IFA Global Markets,Hall 26b,H26b-817,https://www.ifa-berlin.com/exhibitors/guangzhou-shine-e-electronic-technology,https://drive.ifa-berlin.com/drive/2026/07/_cache/bb3353bb41b3d13cbe802f60516ac5e6_8d0722408bd909557c010cf97e525d46.jpg.webp,https://www.ifa-berlin.com/exhibitors?page=55,1515
1890,Fansbe,Germany,Audio,Hall 8.2,H8.2-251,https://www.ifa-berlin.com/exhibitors/fansbe,https://www.ifa-berlin.com/img/exhibitors/default.svg,https://www.ifa-berlin.com/exhibitors?page=55,1516
2576,STRUMENTI QUALITA’ E MISURE S.Q.M. SRL,Italy,IFA Global Markets,Hall 26c,H26c-418,https://www.ifa-berlin.com/exhibitors/strumenti-qualita-e-misure-s-q-m,https://www.ifa-berlin.com/img/exhibitors/default.svg,https://www.ifa-berlin.com/exhibitors?page=55,1517
3644,Pohang Technopark,South Korea,IFA Next,Hall 5.2,H5.2-400,https://www.ifa-berlin.com/exhibitors/pohang-technopark,https://drive.ifa-berlin.com/drive/2026/07/_cache/a8e1b574b7323862f293cf17daa5283c_9428eb9c3b92e9407ac25f9b98fdeafb.png.webp,https://www.ifa-berlin.com/exhibitors?page=55,1518
2897,Kage Techworks,Croatia,IFA Next,Hall 25,H25-117,https://www.ifa-berlin.com/exhibitors/kage-techworks,https://drive.ifa-berlin.com/drive/2026/08/_cache/fe343b2296fd30605365a16b7f03a69b_8a3d7392ccfc9defbbc0672390d01252.png.webp,https://www.ifa-berlin.com/exhibitors?page=55,1519
3140,"Guangdong Zoncenway Electric Technology Co., Ltd.",China,IFA Global Markets,Hall 26c,H26c-286,https://www.ifa-berlin.com/exhibitors/guangdong-zoncenway-electric-technology,https://drive.ifa-berlin.com/drive/2026/08/_cache/fc2d8756c3f71411106e29ce35385454_5b94a59a6a255937c09d94b1c0612d27.png.webp,https://www.ifa-berlin.com/exhibitors?page=55,1520
2690,"Ningbo Sevenjoy Electric Co., Ltd.",China,IFA Global Markets,Hall 26a,H26a-555,https://www.ifa-berlin.com/exhibitors/ningbo-sevenjoy-electric,https://www.ifa-berlin.com/img/exhibitors/default.svg,https://www.ifa-berlin.com/exhibitors?page=55,1521
3366,PETONEER,China,Reseller Park,Hub 27o,H27o-14,https://www.ifa-berlin.com/exhibitors/petoneer,https://drive.ifa-berlin.com/drive/2026/06/_cache/d1c1eb9653be86c9c33be1f4a6084285_6856c9feab2376a2ab73b711de9ea6e9.png.webp,https://www.ifa-berlin.com/exhibitors?page=55,1522
3766,WiBrand,Ukraine,Reseller Park,Hub 27a,H27a-13,https://www.ifa-berlin.com/exhibitors/wibrand,https://drive.ifa-berlin.com/drive/2026/08/_cache/15a185ae87b09d4e232a5a865f31fd32_4c2f9d8cca1d356084812c0f5c5ed2a7.png.webp,https://www.ifa-berlin.com/exhibitors?page=55,1523
3372,Universal Telecom FZCO,United Arab Emirates,Reseller Park,Hub 27g,H27g-17,https://www.ifa-berlin.com/exhibitors/universal-telecom,https://www.ifa-berlin.com/img/exhibitors/default.svg,https://www.ifa-berlin.com/exhibitors?page=55,1524
3255,Hızlı Sistem Bilgisayar Sanayi Ve Tic. Ltd. Sti. (HIZLIKARTUS),Türkiye,Reseller Park,Hub 27f,H27f-07,https://www.ifa-berlin.com/exhibitors/hizlikartus,https://drive.ifa-berlin.com/drive/2026/06/_cache/37303119e1cb1fa50a10b60fdb68969f_3ea544f74edabbe906cd40fa135ecdb2.png.webp,https://www.ifa-berlin.com/exhibitors?page=55,1525
2988,Rest Lords GmbH,Germany,Beauty Tech & Wellbeing,Hall 12,H12-111,https://www.ifa-berlin.com/exhibitors/rest-lords,https://drive.ifa-berlin.com/drive/2026/06/_cache/79bb0c54cbdcbbc4e92df109c745ce61_ab7690ad3a0cf1a3ae5dbec0cc585732.jpg.webp,https://www.ifa-berlin.com/exhibitors?page=55,1526
3277,GSMPlus B.V.,Netherlands,Reseller Park,Hub 27g,H27g-14,https://www.ifa-berlin.com/exhibitors/gsmplus,https://www.ifa-berlin.com/img/exhibitors/default.svg,https://www.ifa-berlin.com/exhibitors?page=55,1527
2472,Zeniko,China,Content Creation,Hall 17,H17-223,https://www.ifa-berlin.com/exhibitors/zeniko,https://drive.ifa-berlin.com/drive/2026/06/_cache/6905386eae4680825feaba45562ffeb8_3920867a25eb6b6c71b496475d99f2b7.png.webp,https://www.ifa-berlin.com/exhibitors?page=55,1528
3604,Tercast,Egypt,IFA Global Markets,Hall 26c,H26c-119,https://www.ifa-berlin.com/exhibitors/tercast,https://drive.ifa-berlin.com/drive/2026/07/_cache/8e34adaa43236a68681aad178dfd5060_5177c30fab9abe93420d09d294ba17fd.png.webp,https://www.ifa-berlin.com/exhibitors?page=55,1529
2320,Godox,China,Content Creation,Hall 20,H20-145,https://www.ifa-berlin.com/exhibitors/godox,https://drive.ifa-berlin.com/drive/2026/07/_cache/42aa57b2a8c810d887ef4a64ba447e84_34a5d02b118767b324b2ddd3091180c1.png.webp,https://www.ifa-berlin.com/exhibitors?page=55,1530
3783,ZHILE HOLDINGS GROUP (HK) LIMITED,Hong Kong,Communication & Connectivity,Hall 7.1c,H7.1c-Dresden 1,,https://www.ifa-berlin.com/img/exhibitors/default.svg,https://www.ifa-berlin.com/exhibitors?page=55,1531
2986,"Dongguan Assiduous Electronics Technology Co.,Ltd",,IFA Global Markets,Hall 26b,H26b-831 | H26b-853,https://www.ifa-berlin.com/exhibitors/dongguan-assiduous-electronics-technology,https://drive.ifa-berlin.com/drive/2026/09/_cache/c81fc8710d98bd1e4bfe6c565b9b96a2_6e44725f47b090de9386ac4bfadaebac.png.webp,https://www.ifa-berlin.com/exhibitors?page=55,1532
2269,Prusa Research,Czechia,Content Creation,Hall 17,H17-261,https://www.ifa-berlin.com/exhibitors/prusa-research,https://drive.ifa-berlin.com/drive/2026/09/_cache/3048421977f39d360a9d28ac241a977d_a023cd31bd42b92a73f7d3102e779805.jpg.webp,https://www.ifa-berlin.com/exhibitors?page=55,1533
3246,item international Handel GmbH,Austria,Reseller Park,Hub 27g,H27g-01,https://www.ifa-berlin.com/exhibitors/item-international-handel,https://www.ifa-berlin.com/thumbnail/w500/2025/12/item_international_handel_gmbh_1454.webp,https://www.ifa-berlin.com/exhibitors?page=55,1534
2705,"Ningbo Goodfriends Electric Appliance Co., Ltd.",China,IFA Global Markets,Hall 26b,H26b-987,https://www.ifa-berlin.com/exhibitors/ningbo-goodfriends-electric-appliance,https://drive.ifa-berlin.com/drive/2025/12/_cache/9114325f8b9a046b688a813d8aeab389_d29e3ec772853030e839f96b127b5766.jpg.webp,https://www.ifa-berlin.com/exhibitors?page=55,1535
3622,"Ningbo Dongyu Electrical Appliance Co., Ltd.",China,IFA Global Markets,Hall 26b,H26b-1049,https://www.ifa-berlin.com/exhibitors/ningbo-dongyu-electrical-appliance,https://www.ifa-berlin.com/img/exhibitors/default.svg,https://www.ifa-berlin.com/exhibitors?page=55,1536
3616,"Ningbo Hawk Electrical Appliance Co., Ltd.",China,IFA Global Markets,Hall 26a,H26a-603,https://www.ifa-berlin.com/exhibitors/ningbo-hawk-electrical-appliance,https://drive.ifa-berlin.com/drive/2025/12/_cache/3e72a1d4d46e75303ae126d8e7504941_73323635abd71357d4516876c046455e.jpg.webp,https://www.ifa-berlin.com/exhibitors?page=55,1537
2303,AiMOGA,China,IFA Next,Hall 25,H25-408,https://www.ifa-berlin.com/exhibitors/aimoga,https://drive.ifa-berlin.com/drive/2026/07/_cache/db1f08f0d14d362cd390b3aeaeb67d1a_b72d40e71c95551a35be5df7d1211b9b.png.webp,https://www.ifa-berlin.com/exhibitors?page=55,1538
3741,Veratek,USA,IFA Next,Hall 25,H25-377,https://www.ifa-berlin.com/exhibitors/veratek,https://drive.ifa-berlin.com/drive/2026/08/_cache/e6294d4db1dd0c9112ce918b0f2407b3_ee9db1858ddfe55287a58960ef5ec7b7.png.webp,https://www.ifa-berlin.com/exhibitors?page=55,1539
2909,"Xiamen Emoka Health Science & Technology Co.,Ltd",China,IFA Global Markets,Hall 26b,H26b-843,https://www.ifa-berlin.com/exhibitors/xiamen-emoka-health-science-technology,https://drive.ifa-berlin.com/drive/2026/08/_cache/cd97d74a40f0d7d05317ea9ddfc9ed15_954feca10669eefc6ddfc040cc245a89.jpg.webp,https://www.ifa-berlin.com/exhibitors?page=55,1540
3371,Next Wawi,Germany,Reseller Park,Hub 27m,H27m-01,https://www.ifa-berlin.com/exhibitors/next-wawi,https://www.ifa-berlin.com/img/exhibitors/default.svg,https://www.ifa-berlin.com/exhibitors?page=56,1541
3422,Olares,USA,Computing & Gaming,Hall 5.2,H5.2-454,https://www.ifa-berlin.com/exhibitors/olares,https://www.ifa-berlin.com/img/exhibitors/default.svg,https://www.ifa-berlin.com/exhibitors?page=56,1542
3774,Noima Level up,United Kingdom,IFA Next,Hall 25,H25-375,https://www.ifa-berlin.com/exhibitors/noima-level-up-2,https://drive.ifa-berlin.com/drive/2025/12/_cache/f3389d4e052a69eefe336e3433958205_08eb06b4817bd202dcea40b7ca6990f6.png.webp,https://www.ifa-berlin.com/exhibitors?page=56,1543
3637,Busan IT Industry Promotion Agency,South Korea,IFA Next,Hall 5.2,H5.2-400,https://www.ifa-berlin.com/exhibitors/busan-it-industry-promotion-agency,https://drive.ifa-berlin.com/drive/2026/08/_cache/d213cce763e426bbe4f2ee4b6313e02e_b9c61d0a7628a991442b83ce9cbd7f28.jpg.webp,https://www.ifa-berlin.com/exhibitors?page=56,1544
3726,TACHIN,China,IFA Next,Hall 5.2,H5.2-424,https://www.ifa-berlin.com/exhibitors/tachin,https://drive.ifa-berlin.com/drive/2026/08/_cache/52a29daddce0c2dc64dedce1463f2a71_9be495fe48e2351dd71c7e959fce58d8.jpg.webp,https://www.ifa-berlin.com/exhibitors?page=56,1545
2618,BestCam technology,China,Smart Home,Hall 1.2,H1.2-186,https://www.ifa-berlin.com/exhibitors/bestcam-technology,https://drive.ifa-berlin.com/drive/2026/08/_cache/67181bb883b9562e45052e2abadd9b26_4873b5e7447376d64dd5feadb3f8d9ff.png.webp,https://www.ifa-berlin.com/exhibitors?page=56,1546
2968,"Cixi Xiatian Electrical Appliances Co., Ltd.",China,IFA Global Markets,Hall 26c,H26c-150,https://www.ifa-berlin.com/exhibitors/cixi-xiatian-electrical-appliances,https://drive.ifa-berlin.com/drive/2026/08/_cache/b0f2e82a85e07597194dd237291db2de_7a8747730a7f0b5a5c4be6015649aa6e.png.webp,https://www.ifa-berlin.com/exhibitors?page=56,1547
2103,Easyship,Netherlands,IFA Next,Hall 25,H25-403,https://www.ifa-berlin.com/exhibitors/easyship,https://www.ifa-berlin.com/thumbnail/w500/2026/06/logo-dark-2.svg,https://www.ifa-berlin.com/exhibitors?page=56,1548
2417,ePro Smart Hardware,China,IFA Next,Hall 25,H25-141,https://www.ifa-berlin.com/exhibitors/epro-smart-hardware,https://drive.ifa-berlin.com/drive/2026/08/_cache/1ee32df1e523634953bdf2315b4fe317_7d1a53ed0fecfaa04ad3ac1f32239007.png.webp,https://www.ifa-berlin.com/exhibitors?page=56,1549
2808,"Dongguan Brilliance Technology Industrial Co., Ltd.",China,IFA Global Markets,Hall 26a,H26a-419,https://www.ifa-berlin.com/exhibitors/dongguan-brilliance-technology-industrial,https://drive.ifa-berlin.com/drive/2026/08/_cache/9f6e629f2bac40fad6edee11ac835b11_4a4636d15892c0cb5f28a50b4fee345d.png.webp,https://www.ifa-berlin.com/exhibitors?page=56,1550
2333,"Bebird - HeiFeng Zhizao(Shenzhen) Technology Co.,Ltd.",China,Beauty Tech & Wellbeing,Hall 14,H14-115,https://www.ifa-berlin.com/exhibitors/bebird-heifeng-zhizao-shenzhen-technology,https://drive.ifa-berlin.com/drive/2026/08/_cache/7ff4fe70b3533fb66085e08506848ab5_59850c6a2cfd8fab4b52db6974a9ff67.jpg.webp,https://www.ifa-berlin.com/exhibitors?page=56,1551
2831,"Zhejiang Red and Black Technology Co., Ltd",China,IFA Global Markets,Hall 26a,H26a-439,https://www.ifa-berlin.com/exhibitors/zhejiang-red-and-black-technology,https://drive.ifa-berlin.com/drive/2026/08/_cache/1d4bb12ebc65a7eff3da1d58c45b685a_5ca980ac795f350b8937c5792ffe3cb6.png.webp,https://www.ifa-berlin.com/exhibitors?page=56,1552
2915,"Zhejiang Goodwill Textile Co., LTD",China,IFA Global Markets,Hall 26b,H26b-841,https://www.ifa-berlin.com/exhibitors/zhejiang-goodwill-textile,https://drive.ifa-berlin.com/drive/2026/08/_cache/563257d99d06d75311c4e10a5b31c7b9_44a18bf418d4adb2622868119a3fe50c.png.webp,https://www.ifa-berlin.com/exhibitors?page=56,1553
3329,Logilink,Germany,Reseller Park,Hub 27k,H27k-01,https://www.ifa-berlin.com/exhibitors/logilink,https://www.ifa-berlin.com/img/exhibitors/default.svg,https://www.ifa-berlin.com/exhibitors?page=56,1554
2987,GSI Electronics Pte Ltd.,Singapore,IFA Global Markets,Hall 26c,H26c-332,https://www.ifa-berlin.com/exhibitors/gsi-electronics-pte,https://drive.ifa-berlin.com/drive/2026/07/_cache/027c0cf89909d8c8d164f24b092d93ef_3b89eb2bbcbe65603187bfd048857c81.png.webp,https://www.ifa-berlin.com/exhibitors?page=56,1555
3646,7Learnings,Germany,Communication & Connectivity,CityCube Hall B,CCBB-301,https://www.ifa-berlin.com/exhibitors/7learnings,https://drive.ifa-berlin.com/drive/2026/08/_cache/3d8f527e35c143cee07ce8a22e67cf18_33452dd3ce0987731f0c14f6c04b19ea.png.webp,https://www.ifa-berlin.com/exhibitors?page=56,1556
3611,"JIANGSU SOHO RUNLONG INNOVATION CO., LTD.",China,IFA Global Markets,Hall 26c,H26c-164,https://www.ifa-berlin.com/exhibitors/jiangsu-soho-runlong-innovation,https://drive.ifa-berlin.com/drive/2026/08/_cache/087a9f091f7dc061b9e9d4991b91ce73_46f014ce728d19b7a748c7563e77890e.jpg.webp,https://www.ifa-berlin.com/exhibitors?page=56,1557
3178,"Cixi Jemell Electrical Appliance Co., Ltd.",China,IFA Global Markets,Hall 26c,H26c-186,https://www.ifa-berlin.com/exhibitors/cixi-jemell-electrical-appliance,https://drive.ifa-berlin.com/drive/2025/12/_cache/9d3ae1d8b4b40a0a02ba1e68abe23530_798401f8a2f55d7eeab753181626f080.png.webp,https://www.ifa-berlin.com/exhibitors?page=56,1558
3122,"Ningbo Ubest Electrical Appliances Co., Ltd.",China,IFA Global Markets,Hall 26c,H26c-180,https://www.ifa-berlin.com/exhibitors/ningbo-ubest-electrical-appliances,https://drive.ifa-berlin.com/drive/2026/08/_cache/089f6862ce14cfa244dcb8b0272d4e2a_139f00ca72ea3d17853437c28874572e.jpg.webp,https://www.ifa-berlin.com/exhibitors?page=56,1559
3850,XIUQIANG GLASS,,IFA Global Markets,Hall 26c,H26c-294,https://www.ifa-berlin.com/exhibitors/xiuqiang-glass,https://www.ifa-berlin.com/img/exhibitors/default.svg,https://www.ifa-berlin.com/exhibitors?page=56,1560
2366,Udexreal Technology,Hong Kong,IFA Next,Hall 25,H25-191,https://www.ifa-berlin.com/exhibitors/udexreal-technology,https://www.ifa-berlin.com/img/exhibitors/default.svg,https://www.ifa-berlin.com/exhibitors?page=56,1561
3395,"Shenzhen AIXBOT Co., Ltd",China,IFA Global Markets,Hall 26c,H26c-242,https://www.ifa-berlin.com/exhibitors/shenzhen-aixbot,https://drive.ifa-berlin.com/drive/2026/08/_cache/109e8e98107a9e6161b09b624a9814b2_7addfbfe68e8a9cef675071692ca4164.png.webp,https://www.ifa-berlin.com/exhibitors?page=56,1562
3309,icecreen,China,Reseller Park,Hub 27i,H27i-14,https://www.ifa-berlin.com/exhibitors/icecreen,https://drive.ifa-berlin.com/drive/2026/08/_cache/6c22f20d4979645cf15607e4c164f4f0_e97fc91d5896f1bce0f9b1cef4109dc3.png.webp,https://www.ifa-berlin.com/exhibitors?page=56,1563
2862,"Guangdong Haihua Technology Co.,Ltd.",China,IFA Global Markets,Hall 26a,H26a-701,https://www.ifa-berlin.com/exhibitors/guangdong-haihua-technology,https://drive.ifa-berlin.com/drive/2025/12/_cache/9292324c5c1446776ce725b572f76621_8783750d6bf0ef38dd98fa6c15a2db38.png.webp,https://www.ifa-berlin.com/exhibitors?page=56,1564
3468,Marshall,Germany,Audio,Großer Stern,GST-VIP Meeting Room 1 | GST-VIP Meeting Room 2,https://www.ifa-berlin.com/exhibitors/marshall,https://drive.ifa-berlin.com/drive/2026/07/_cache/77d69e4df4c67bc93ed1352caff4a10a_d5e3350184493ab6d3553e6f7b04fe34.png.webp,https://www.ifa-berlin.com/exhibitors?page=56,1565
3467,Polaroid,Germany,Content Creation,Großer Stern,GST-VIP Meeting Room 1 | GST-VIP Meeting Room 2,https://www.ifa-berlin.com/exhibitors/polaroid,https://drive.ifa-berlin.com/drive/2026/07/_cache/b822af2b1995b21a386fe43d8ce184ea_2a12435baff2238beb304da5f92ce5f5.png.webp,https://www.ifa-berlin.com/exhibitors?page=56,1566
2771,Guangdong Wisdomlife Electric Company Limited,China,IFA Global Markets,Hall 26a,H26a-469,https://www.ifa-berlin.com/exhibitors/guangdong-wisdomlife-electric,https://drive.ifa-berlin.com/drive/2026/08/_cache/0f180612d44cfaa5420ac1b589387850_246fdb25b6b2cde0e61578925bef94c0.png.webp,https://www.ifa-berlin.com/exhibitors?page=56,1567
3918,SPS Inc.,South Korea,IFA Next,Hall 25,H25-275,https://www.ifa-berlin.com/exhibitors/sps-daejeon-technopark,https://drive.ifa-berlin.com/drive/2026/08/_cache/26f34a166d5286a74726acc80c2bcc86_f83ecc51e7090d25089c5eb46d09f0d9.png.webp,https://www.ifa-berlin.com/exhibitors?page=56,1568
3104,"Shenzhen Heng Jia Yi Li Technology Co.,Ltd",China,IFA Global Markets,Hall 26c,H26c-200,https://www.ifa-berlin.com/exhibitors/shenzhen-heng-jia-yi-li-technology,https://drive.ifa-berlin.com/drive/2026/08/_cache/fe05921b34ae5caf66dd719b8a8db5a8_36a1234656eedceb370f009ebddcef54.jpg.webp,https://www.ifa-berlin.com/exhibitors?page=57,1569
3106,"Chongqing Yunyang Lianyu Electronics Co., Ltd",China,IFA Global Markets,Hall 26b,H26b-757,https://www.ifa-berlin.com/exhibitors/chongqing-yunyang-lianyu-electronics,https://www.ifa-berlin.com/img/exhibitors/default.svg,https://www.ifa-berlin.com/exhibitors?page=57,1570
3349,CHEFTRONIC,China,Reseller Park,Hub 27m,H27m-16,https://www.ifa-berlin.com/exhibitors/cheftronic,https://www.ifa-berlin.com/img/exhibitors/default.svg,https://www.ifa-berlin.com/exhibitors?page=57,1571
3424,FitRx,USA,Beauty Tech & Wellbeing,Hall 15,H15-171,https://www.ifa-berlin.com/exhibitors/fitrx,https://www.ifa-berlin.com/img/exhibitors/default.svg,https://www.ifa-berlin.com/exhibitors?page=57,1572
2339,Eforlink,China,Smart Home,Hall 1.2,H1.2-214,https://www.ifa-berlin.com/exhibitors/eforthink-technology,https://drive.ifa-berlin.com/drive/2026/07/_cache/76ebc6546f80767959f4120a0383bed8_30faa37eafb407db1a5a291c3b7e1116.png.webp,https://www.ifa-berlin.com/exhibitors?page=57,1573
2958,"Dongguan Erlang Technology Co., ltd.",China,IFA Global Markets,Hall 26b,H26b-759,https://www.ifa-berlin.com/exhibitors/dongguan-erlang-technology,https://www.ifa-berlin.com/img/exhibitors/default.svg,https://www.ifa-berlin.com/exhibitors?page=57,1574
3494,iVANKY,China,Computing & Gaming,Hall 7.2a,H7.2a-106,https://www.ifa-berlin.com/exhibitors/ivanky,https://drive.ifa-berlin.com/drive/2026/08/_cache/3aa3827fa3b513702e19bdde80657996_e370eba3acec8467049cc399c4c8e786.jpg.webp,https://www.ifa-berlin.com/exhibitors?page=57,1575
3418,MDUG,China,Reseller Park,Hub 27n,H27n-13,https://www.ifa-berlin.com/exhibitors/mdug,https://www.ifa-berlin.com/img/exhibitors/default.svg,https://www.ifa-berlin.com/exhibitors?page=57,1576
3541,"Zhongshan Gentech Electric Appliance Co., Ltd.",China,IFA Global Markets,Hall 26a,H26a-735,https://www.ifa-berlin.com/exhibitors/zhongshan-gentech-electric-appliance,https://drive.ifa-berlin.com/drive/2026/08/_cache/9c9014d9112a05a39ef890eb3493e579_fb3e18c36507c4b417fc213dc4794467.png.webp,https://www.ifa-berlin.com/exhibitors?page=57,1577
3010,ROOTIQUE,China,IFA Next,Hall 25,H25-261,https://www.ifa-berlin.com/exhibitors/rootique,https://www.ifa-berlin.com/img/exhibitors/default.svg,https://www.ifa-berlin.com/exhibitors?page=57,1578
3313,Botslab,China,Reseller Park,Hub 27i,H27i-24,https://www.ifa-berlin.com/exhibitors/botslab,https://drive.ifa-berlin.com/drive/2026/08/_cache/bc7060f33c1ab06d7ead073adcde2174_aefc5a0d3935b4d66026f20ad6a267c7.png.webp,https://www.ifa-berlin.com/exhibitors?page=57,1579
3866,Loewe @Joint Space RIZ Expert,Germany,Home & Entertainment,CityCube Hall B,CCBB-101 | CCBB-102 | CCBB-103,https://www.ifa-berlin.com/exhibitors/loewe,https://drive.ifa-berlin.com/drive/2026/08/_cache/3a73b4e5fc8121c0dce49040828e8b1e_c5ac66f52e6e94ce1edbe298bd47e95a.jpg.webp,https://www.ifa-berlin.com/exhibitors?page=57,1580
3651,DeCloak,Taiwan,IFA Next,Hall 25,H25-341,https://www.ifa-berlin.com/exhibitors/decloak,https://www.ifa-berlin.com/img/exhibitors/default.svg,https://www.ifa-berlin.com/exhibitors?page=57,1581
3357,Hitisy GmbH,Germany,Reseller Park,Hub 27b,H27b-14,https://www.ifa-berlin.com/exhibitors/hitisy,https://drive.ifa-berlin.com/drive/2025/12/_cache/404a20f556a018234fa540c363e3771e_fd0690e909b38fc663f98a6b8ec942fb.jpg.webp,https://www.ifa-berlin.com/exhibitors?page=57,1582
3605,Dnet,,IFA Global Markets,Hall 26c,H26c-360,https://www.ifa-berlin.com/exhibitors/dnet,https://drive.ifa-berlin.com/drive/2026/08/_cache/5773282f5044b6ff202fdf57633b3d58_8d7b5778504800ce88c23fc25ea16b8e.png.webp,https://www.ifa-berlin.com/exhibitors?page=57,1583
3386,"FOSHAN MOMA BROTHERS APPLIANCES CO.,LTD",China,IFA Global Markets,Hall 26a,H26a-395,https://www.ifa-berlin.com/exhibitors/foshan-moma-brothers-appliances,https://drive.ifa-berlin.com/drive/2026/08/_cache/a2d9d1e4f75496dcfd9522afbf75b320_004fa1cce15a15fcff5cef2f318a466f.jpg.webp,https://www.ifa-berlin.com/exhibitors?page=57,1584
3619,"Zhejiang Hangjia Industry and Trade Co., Ltd.",China,IFA Global Markets,Hall 26b,H26b-801,https://www.ifa-berlin.com/exhibitors/zhejiang-hangjia-industry-and-trade,https://drive.ifa-berlin.com/drive/2026/08/_cache/564b65f308936005652e3f21f4a6f07b_09894affeabf5f0c69a8df7abca4d846.png.webp,https://www.ifa-berlin.com/exhibitors?page=57,1585
3829,NielsenIQ,USA,,Palais,PAF-Room Panorama,https://www.ifa-berlin.com/exhibitors/nielseniq,https://drive.ifa-berlin.com/drive/2026/08/_cache/c1eec048dda5da6362680cb868c2d86d_8c9575a6a983a4d5fdbff2f2289d35ae.png.webp,https://www.ifa-berlin.com/exhibitors?page=57,1586
2914,Unit Connection Technology Ltd.,China,IFA Global Markets,Hall 26a,H26a-325,https://www.ifa-berlin.com/exhibitors/unit-connection-technology,https://drive.ifa-berlin.com/drive/2026/08/_cache/9166242071bb87976c0b14d390a86b3b_862e3f4db8e486e850853a19e413219a.png.webp,https://www.ifa-berlin.com/exhibitors?page=57,1587
3971,MediaMarktSaturn,,,Marshall-Haus,MSH-101,https://www.ifa-berlin.com/exhibitors/mediamarktsaturn,https://drive.ifa-berlin.com/drive/2026/09/_cache/2ef37ddac23a9c067deaa7397784cba4_6e3e3d0ff790a6b81d71d0cd74b564c4.png.webp,https://www.ifa-berlin.com/exhibitors?page=57,1588
3733,LESSTICS Inc,Philippines,IFA Next,Hall 25,H25-367,https://www.ifa-berlin.com/exhibitors/lesstics,https://drive.ifa-berlin.com/drive/2026/08/_cache/bb7d038fdd411175c49e2128325378d9_8aa225ad6ca3d66b63e35f372664e56b.png.webp,https://www.ifa-berlin.com/exhibitors?page=57,1589
2971,"Celeve Industrial Co., Ltd.",China,IFA Global Markets,Hall 26c,H26c-214,https://www.ifa-berlin.com/exhibitors/celeve-industrial,https://drive.ifa-berlin.com/drive/2026/08/_cache/d1fbd45481c06ea62d5132a9bae57a89_634b0e62b008cbea5bdb4ffbeb5e8346.png.webp,https://www.ifa-berlin.com/exhibitors?page=57,1590
2677,"Ningbo Younth Electric Appliance Co., Ltd.",China,IFA Global Markets,Hall 26a,H26a-571,https://www.ifa-berlin.com/exhibitors/ningbo-younth-electric-appliance,https://drive.ifa-berlin.com/drive/2026/08/_cache/ea7cb451a716603ca30890a4d761a290_697674d6a4d35dc0391d398160d6100b.jpg.webp,https://www.ifa-berlin.com/exhibitors?page=57,1591
3438,"Ningbo Sekostar International Trading Co., Ltd.",China,IFA Global Markets,Hall 26a,H26a-513,https://www.ifa-berlin.com/exhibitors/ningbo-sekostar-international-trading,https://www.ifa-berlin.com/img/exhibitors/default.svg,https://www.ifa-berlin.com/exhibitors?page=57,1592
2437,ACCELaser,China,Content Creation,Hall 17,H17-224,https://www.ifa-berlin.com/exhibitors/accelaser,https://drive.ifa-berlin.com/drive/2026/07/_cache/f09ce26ac1162270d282b1a5d018f506_a9543235df9d7f80de760804453493a5.png.webp,https://www.ifa-berlin.com/exhibitors?page=57,1593
3533,"Cixi Geshini Electric Appliance Co.,Ltd",China,IFA Global Markets,Hall 26a,H26a-497,https://www.ifa-berlin.com/exhibitors/cixi-geshini-electric-appliance,https://www.ifa-berlin.com/img/exhibitors/default.svg,https://www.ifa-berlin.com/exhibitors?page=57,1594
3624,Sycsense,China,IFA Next,Hall 5.2,H5.2-414,https://www.ifa-berlin.com/exhibitors/sycsense,https://drive.ifa-berlin.com/drive/2026/07/_cache/5f9fcc50d16afbac84d455a107a3adb4_13957eae4baee8b1ec8b0d73c0d0c07b.png,https://www.ifa-berlin.com/exhibitors?page=57,1595
3513,PhoneZone B.V.,Netherlands,Reseller Park,Hub 27d,H27d-08,https://www.ifa-berlin.com/exhibitors/phonezone,https://www.ifa-berlin.com/img/exhibitors/default.svg,https://www.ifa-berlin.com/exhibitors?page=57,1596
2799,"Dongguan Xinghao Numeral Technology Co.,Ltd.",China,IFA Global Markets,Hall 26a,H26a-479,https://www.ifa-berlin.com/exhibitors/dongguan-xinghao-numeral-technology,https://drive.ifa-berlin.com/drive/2026/07/_cache/5015f4b719d7710f3cb23cb48320dc9e_1ca42246d4761d41973aad3126e2017b.png.webp,https://www.ifa-berlin.com/exhibitors?page=58,1597
2748,"Ningbo Frank Electric Co., Ltd.",China,IFA Global Markets,Hall 26a,H26a-351,https://www.ifa-berlin.com/exhibitors/ningbo-frank-electric,https://drive.ifa-berlin.com/drive/2025/12/_cache/2c62101027a2bfae5bd7393d49868fe1_003afed64fa3ab8d4bcec31eda854d3a.png.webp,https://www.ifa-berlin.com/exhibitors?page=58,1598
3298,ANPAISON,China,Reseller Park,Hub 27i,H27i-18,https://www.ifa-berlin.com/exhibitors/anpaison,https://drive.ifa-berlin.com/drive/2026/08/_cache/4260b45ffd193c205ddc88111dbdd17c_26006fcf7d892ffe147a5304700a3604.png.webp,https://www.ifa-berlin.com/exhibitors?page=58,1599
2304,"IKKO TECHNOLOGY CO., LIMITED",Hong Kong,IFA Next,Hall 25,H25-169,https://www.ifa-berlin.com/exhibitors/ikko-technology,https://drive.ifa-berlin.com/drive/2026/08/_cache/621d9bf4e94e058717a06df3134f620b_b80f6dc5f4b6c1df2c92f60114875e06.jpg.webp,https://www.ifa-berlin.com/exhibitors?page=58,1600
3529,"Shenzhen Mengfeng Zhanqi Technology Co., Ltd.",China,IFA Global Markets,Hall 26a,H26a-309,https://www.ifa-berlin.com/exhibitors/shenzhen-mengfeng-zhanqi-technology,https://drive.ifa-berlin.com/drive/2026/08/_cache/3d033a1f4c0095a66521701b8e0645da_f0c6f16430354ee90668b995765461c8.png.webp,https://www.ifa-berlin.com/exhibitors?page=58,1601
2870,Savio,Poland,Home & Entertainment,Hall 21,H21-125,https://www.ifa-berlin.com/exhibitors/savio,https://drive.ifa-berlin.com/drive/2026/06/_cache/3aef4716de2cbf3c62e911b4641ae206_731040bb63ae7355ee9f70b8ad755182.png,https://www.ifa-berlin.com/exhibitors?page=58,1602
3249,"ACC Distribution, JSC",Lithuania,Reseller Park,Hub 27e,H27e-08,https://www.ifa-berlin.com/exhibitors/acc-distribution,https://drive.ifa-berlin.com/drive/2025/12/_cache/b8a85224246b2514b1bb3860fb2af63a_151a477430aa94c1e8be811c0125966d.png.webp,https://www.ifa-berlin.com/exhibitors?page=58,1603
2875,HeshNova,China,Smart Home,Hall 2.2,H2.2-144,https://www.ifa-berlin.com/exhibitors/heshnova,https://drive.ifa-berlin.com/drive/2026/07/_cache/25227ba498526c4a801d4df7e4067760_d7cd7d7f25502305c96e9bca6d253ecd.png.webp,https://www.ifa-berlin.com/exhibitors?page=58,1604
2257,BENFEI Techology GmbH,Germany,Computing & Gaming,Hall 7.2b,H7.2b-123,https://www.ifa-berlin.com/exhibitors/benfei-techology,https://www.ifa-berlin.com/img/exhibitors/default.svg,https://www.ifa-berlin.com/exhibitors?page=58,1605
3180,"Aiweinuo Appliance (Suzhou) Co., Ltd",China,IFA Global Markets,Hall 26a,H26a-593,https://www.ifa-berlin.com/exhibitors/aiweinuo-appliance-suzhou,https://drive.ifa-berlin.com/drive/2026/08/_cache/9003e2f26e59911f5476f4e7433286e8_24a7fe7d79a8afa231cd35e873b4dcf5.png.webp,https://www.ifa-berlin.com/exhibitors?page=58,1606
3115,"Changsha Shardor Electrical Appliance Technology Co., Ltd.",China,IFA Global Markets,Hall 26b,H26b-969,https://www.ifa-berlin.com/exhibitors/changsha-shardor-electrical-appliance-technology,https://drive.ifa-berlin.com/drive/2026/08/_cache/d8ff57426f8e7856fc851826e9f56ba4_11065a161ad447a4a6e155c9cf86c165.png.webp,https://www.ifa-berlin.com/exhibitors?page=58,1607
2754,Xiamen Yeasincere Industrial Corporation,China,IFA Global Markets,Hall 26a,H26a-337,https://www.ifa-berlin.com/exhibitors/xiamen-yeasincere-industrial,https://drive.ifa-berlin.com/drive/2026/06/_cache/a233b76e8e6fbf3f1474e6263587ed97_27031bef4643857a8bfed67ed7728a68.png.webp,https://www.ifa-berlin.com/exhibitors?page=58,1608
2837,"Guangdong Chenmei Electrical Appliances Co., Ltd.",China,IFA Global Markets,Hall 26b,H26b-1051,https://www.ifa-berlin.com/exhibitors/guangdong-chenmei-electrical-appliances,https://www.ifa-berlin.com/img/exhibitors/default.svg,https://www.ifa-berlin.com/exhibitors?page=58,1609
4052,MOBIKING Phones FZCO,United Arab Emirates,Reseller Park,Hub 27d,H27d-16,https://www.ifa-berlin.com/exhibitors/mobiking-phones,https://www.ifa-berlin.com/img/exhibitors/default.svg,https://www.ifa-berlin.com/exhibitors?page=58,1610
3361,Hillsound Digital Products Limited,Hong Kong,Reseller Park,Hub 27n,H27n-05,https://www.ifa-berlin.com/exhibitors/hillsound-digital-products,https://drive.ifa-berlin.com/drive/2026/08/_cache/9cabd023007a801ee94ed3e4add8c26c_cd3df8c1c0b1fadd72a56359c9761f1d.jpg.webp,https://www.ifa-berlin.com/exhibitors?page=58,1611
2622,Kitchen Idea,China,IFA Next,Hall 5.2,H5.2-309,https://www.ifa-berlin.com/exhibitors/kitchen-idea,https://drive.ifa-berlin.com/drive/2026/07/_cache/ccf2fd8d88c9ff0882a439b5b13ec774_f689b76cf6424e5c184060c340ffe8c8.png.webp,https://www.ifa-berlin.com/exhibitors?page=58,1612
3134,"GUANGDONG WESTA ELECTRICAL APPLIANCES & TECHNOLOGY CO., LTD.",China,IFA Global Markets,Hall 26a,H26a-569,https://www.ifa-berlin.com/exhibitors/guangdong-westa-electrical-appliances-technology,https://drive.ifa-berlin.com/drive/2025/12/_cache/1c1c44b81b9b2d9ef17d2c1b2bfb0095_cee087213d4336434439289be6486c50.png.webp,https://www.ifa-berlin.com/exhibitors?page=58,1613
3641,RobotWare Ai,South Korea,IFA Next,Hall 5.2,H5.2-400,https://www.ifa-berlin.com/exhibitors/robotware-ai,https://drive.ifa-berlin.com/drive/2026/08/_cache/90659339ec1a756843a3d31c4c1227f5_aa693694bd60ee80c374439a5cff62ae.png.webp,https://www.ifa-berlin.com/exhibitors?page=58,1614
3514,TOPIM,China,Reseller Park,Hub 27k,H27k-10,https://www.ifa-berlin.com/exhibitors/topim,https://www.ifa-berlin.com/img/exhibitors/default.svg,https://www.ifa-berlin.com/exhibitors?page=58,1615
3123,Guangzhou Kexiaozhan Technology,China,IFA Global Markets,Hall 26c,H26c-178,https://www.ifa-berlin.com/exhibitors/guangzhou-kexiaozhan-technology,https://drive.ifa-berlin.com/drive/2026/06/_cache/6d21b48a34a1b484869356fb16b18ed4_efc1b21d2f5ee34cc029b26d06e5341c.jpg.webp,https://www.ifa-berlin.com/exhibitors?page=58,1616
3067,Joby,China,Content Creation,Hall 17,H17-209,https://www.ifa-berlin.com/exhibitors/joby,https://drive.ifa-berlin.com/drive/2026/08/_cache/3fa7b0736fa4b4980d63570efc6f5ca7_6ff76944cbba82f122e18cf1deee941a.png.webp,https://www.ifa-berlin.com/exhibitors?page=58,1617
2794,"Dongguan YuanPu Technology Co., Ltd",,IFA Global Markets,Hall 26b,H26b-805,https://www.ifa-berlin.com/exhibitors/dongguan-yuanpu-technology,https://drive.ifa-berlin.com/drive/2025/12/_cache/9ac002d60c657a70c26fa37ae86e495d_34b9a6621e2f09329adde99d1ec110c8.png.webp,https://www.ifa-berlin.com/exhibitors?page=58,1618
3323,"REWA International Holdings Co., Ltd.",Hong Kong,Reseller Park,Hub 27j,H27j-11,https://www.ifa-berlin.com/exhibitors/rewa-international-holdings,https://drive.ifa-berlin.com/drive/2025/12/_cache/1b69e97ce00201fd2c33ae86e9cff95d_946f3f65bab1c5e03e8807442f1853a2.jpg.webp,https://www.ifa-berlin.com/exhibitors?page=58,1619
2305,Plant with Willow,,IFA Next,Hall 25,H25-330,https://www.ifa-berlin.com/exhibitors/willow,https://drive.ifa-berlin.com/drive/2025/12/_cache/d41c5f947457f2239f4403b21d09af87_917b25023cb027736d62b91a4f52a8ce.png.webp,https://www.ifa-berlin.com/exhibitors?page=58,1620
3364,TDRFORCE,China,Reseller Park,Hub 27o,H27o-11,https://www.ifa-berlin.com/exhibitors/tdrforce,https://drive.ifa-berlin.com/drive/2026/07/_cache/c3dd994648b2770a8d6cc008bd47f91d_e43133c8307544e75d95e8e6e5917b92.png.webp,https://www.ifa-berlin.com/exhibitors?page=58,1621
2865,"Dongguan Yuyuan Intelligent Technology Co., Ltd.",China,Smart Home,Hall 1.2,H1.2-209,https://www.ifa-berlin.com/exhibitors/danmini,https://drive.ifa-berlin.com/drive/2026/07/_cache/192ae43d3a7210584de5c8f7b717ebbd_3ad40499cc7dc8444c7e1e7d609de1dd.png.webp,https://www.ifa-berlin.com/exhibitors?page=58,1622
2706,"Yongkang Hebang Tools Co., Ltd.",China,IFA Global Markets,Hall 26b,H26b-993,https://www.ifa-berlin.com/exhibitors/yongkang-hebang-tools,https://www.ifa-berlin.com/img/exhibitors/default.svg,https://www.ifa-berlin.com/exhibitors?page=58,1623
3579,"Ningbo Zhouqi Health Technology Co., Ltd",,IFA Global Markets,Hall 26a,H26a-409,https://www.ifa-berlin.com/exhibitors/ningbo-zhouqi-health-technology,https://www.ifa-berlin.com/img/exhibitors/default.svg,https://www.ifa-berlin.com/exhibitors?page=58,1624
2753,Mielux,China,IFA Global Markets,Hall 26b,H26b-861,https://www.ifa-berlin.com/exhibitors/mielux,https://drive.ifa-berlin.com/drive/2026/06/_cache/bbf6522cc30d626796c473363ba4c63b_fdbfbba1ba43d11fb141fc59e3acff37.jpg.webp,https://www.ifa-berlin.com/exhibitors?page=59,1625
3416,Hangzhou Zhiyuan Research Institute,China,IFA Next,Hall 5.2,H5.2-306,https://www.ifa-berlin.com/exhibitors/zhiyuan-research-institute,https://drive.ifa-berlin.com/drive/2026/07/_cache/e54473f5af11e44adebdb8db218d686e_44714ab70c9cbe6112b77cfcb9b0fc49.png.webp,https://www.ifa-berlin.com/exhibitors?page=59,1626
2253,HaptonTech,Netherlands,IFA Next,Hall 25,H25-253,https://www.ifa-berlin.com/exhibitors/haptontech,https://www.ifa-berlin.com/img/exhibitors/default.svg,https://www.ifa-berlin.com/exhibitors?page=59,1627
3054,ZMC,Egypt,IFA Global Markets,Hall 26c,H26c-116,https://www.ifa-berlin.com/exhibitors/zmc,https://drive.ifa-berlin.com/drive/2026/07/_cache/ba2bafa06d290e7ece712b18deaa3cad_5f8d9c3f8b28d2885e99000445255c45.png.webp,https://www.ifa-berlin.com/exhibitors?page=59,1628
3836,Telzen B.V.,Netherlands,Reseller Park,Hub 27e,H27e-23,https://www.ifa-berlin.com/exhibitors/telzen,https://www.ifa-berlin.com/img/exhibitors/default.svg,https://www.ifa-berlin.com/exhibitors?page=59,1629
2718,"Ningbo Oupu Electric Appliance Co., Ltd.",China,IFA Global Markets,Hall 26a,H26a-533,https://www.ifa-berlin.com/exhibitors/ningbo-oupu-electric-appliance,https://drive.ifa-berlin.com/drive/2026/08/_cache/9ac7adced4258e5762b46f817b7dea70_ea04192ecdb8b6272a9bd80dfb2c30d2.jpg.webp,https://www.ifa-berlin.com/exhibitors?page=59,1630
2802,"Zhongshan Reffon Electric Co., Ltd",China,IFA Global Markets,Hall 26b,H26b-947,https://www.ifa-berlin.com/exhibitors/zhongshan-reffon-electric,https://drive.ifa-berlin.com/drive/2026/07/_cache/daa5cc8b10f778990b69b20abb1a6899_ff698cac3a898e8abd6819420c9660db.jpg.webp,https://www.ifa-berlin.com/exhibitors?page=59,1631
2225,Fealy B.V.,Netherlands,Smart Home,Hall 2.2,H2.2-133,https://www.ifa-berlin.com/exhibitors/fealy,https://www.ifa-berlin.com/img/exhibitors/default.svg,https://www.ifa-berlin.com/exhibitors?page=59,1632
2692,"Foshan Shunde Sincere-Home Home Appliance Manufacturing Co., Ltd.",China,IFA Global Markets,Hall 26b,H26b-1073,https://www.ifa-berlin.com/exhibitors/foshan-shunde-sincere-home-home-appliance-manufacturing,https://drive.ifa-berlin.com/drive/2026/06/_cache/ac8c45c831fb7626d5787e1720037ab9_172ea798d3cfdb1c5d47b4d347e07443.png.webp,https://www.ifa-berlin.com/exhibitors?page=59,1633
3999,Verify 360,United Kingdom,Reseller Park,Hub 27f,H27f-19,https://www.ifa-berlin.com/exhibitors/verify-360,https://www.ifa-berlin.com/thumbnail/w500/2026/08/logosvg.svg,https://www.ifa-berlin.com/exhibitors?page=59,1634
2174,Sensereo Limited,Hong Kong,Smart Home,Hall 1.2,H1.2-177,https://www.ifa-berlin.com/exhibitors/sensereo,https://drive.ifa-berlin.com/drive/2026/08/_cache/49497962f41e0c4cae4c6c1c2a2a1d7d_6a616823990accd314daef722ac5682b.png.webp,https://www.ifa-berlin.com/exhibitors?page=59,1635
3266,Siewert & Kau Technologies Operations GmbH,Germany,Reseller Park,Hub 27g,H27g-03,https://www.ifa-berlin.com/exhibitors/siewert-kau-technologies-operations,https://drive.ifa-berlin.com/drive/2026/08/_cache/d6e70a1de02ba93bdfb251daad965c56_0ff8e4445973a0cc91273590ac4b3730.png.webp,https://www.ifa-berlin.com/exhibitors?page=59,1636
2529,GAMINJA,China,Computing & Gaming,Hall 7.2b,H7.2b-119,https://www.ifa-berlin.com/exhibitors/gaminja,https://drive.ifa-berlin.com/drive/2026/08/_cache/38bcda36a89334ccd9cc0bf27393aeb7_69546ff8cdfaf3e0e6fa6e3c4bf5945a.png.webp,https://www.ifa-berlin.com/exhibitors?page=59,1637
3238,Electro Shiva S.L.,Spain,Reseller Park,Hub 27c,H27c-09,https://www.ifa-berlin.com/exhibitors/electro-shiva,https://www.ifa-berlin.com/thumbnail/w500/2026/07/es-svg.svg,https://www.ifa-berlin.com/exhibitors?page=59,1638
3387,"Shenzhen Esun Industrial Co., Ltd.",China,IFA Global Markets,Hall 26a,H26a-477,https://www.ifa-berlin.com/exhibitors/shenzhen-esun-industrial,https://drive.ifa-berlin.com/drive/2026/06/_cache/6afd9516fe0646c6d3b0aadd367ee155_7dc8c7f528c19cae6d45d39e7e6733e6.png.webp,https://www.ifa-berlin.com/exhibitors?page=59,1639
3791,Medisana,United Kingdom,IFA Next,Hall 25,H25-375,https://www.ifa-berlin.com/exhibitors/medisana,https://drive.ifa-berlin.com/drive/2025/12/_cache/9d9863191cd3ffd2f78885551633dd8b_4aae37d1d7ae2cdca7546175d1783d26.png.webp,https://www.ifa-berlin.com/exhibitors?page=59,1640
3530,"Dongguan Jiaxi Office Machine Co.,Ltd.",China,IFA Global Markets,Hall 26a,H26a-393,https://www.ifa-berlin.com/exhibitors/dongguan-jiaxi-office-machine,https://drive.ifa-berlin.com/drive/2026/09/_cache/b502210ad32aa2828643310bfe5d300c_062018b5d93ac20f3e3e9a30af8d34c1.png.webp,https://www.ifa-berlin.com/exhibitors?page=59,1641
2593,darkFlash,Poland,IFA Next,Hall 5.2,H5.2-301,https://www.ifa-berlin.com/exhibitors/darkflash,https://drive.ifa-berlin.com/drive/2026/08/_cache/575afdcb07c7b6208c65a80ab4549e11_959287cde8fb5fe1e49d58206b19e0e3.png.webp,https://www.ifa-berlin.com/exhibitors?page=59,1642
2919,"SHENZHEN SONIDA DIGITAL TECHNOLOGY CO., LTD.",China,IFA Global Markets,Hall 26a,H26a-481,https://www.ifa-berlin.com/exhibitors/shenzhen-sonida-digital-technology,https://drive.ifa-berlin.com/drive/2026/08/_cache/a4722e0aedbe050715e853a2425b11cd_75fc95cae19be7b7a2fa7c46cccab222.png.webp,https://www.ifa-berlin.com/exhibitors?page=59,1643
3684,JC CPA & Associates LLC,,IFA Global Markets,Hall 26c,H26c-290,https://www.ifa-berlin.com/exhibitors/jc-cpa-associates,https://www.ifa-berlin.com/img/exhibitors/default.svg,https://www.ifa-berlin.com/exhibitors?page=59,1644
3620,"PUE Electrical Appliance Co., Ltd of Zhongshan",China,IFA Global Markets,Hall 26b,H26b-965,https://www.ifa-berlin.com/exhibitors/pue-electrical-appliance-of-zhongshan,https://drive.ifa-berlin.com/drive/2026/08/_cache/82e80b9c70c8b10e1a0d2e64a4c7945e_c448f38926265cdb2e359a8f447c5ac1.png.webp,https://www.ifa-berlin.com/exhibitors?page=59,1645
2287,O-Kube,Denmark,Audio,Hall 10.2,H10.2-131,https://www.ifa-berlin.com/exhibitors/o-kube,https://drive.ifa-berlin.com/drive/2026/07/_cache/5721a0c4930db6bb3ad964ccc050b503_8a319910a6d43dad828b4cb541922d45.jpg.webp,https://www.ifa-berlin.com/exhibitors?page=59,1646
3374,Fin,USA,Reseller Park,Hub 27m,H27m-05,https://www.ifa-berlin.com/exhibitors/fin,https://www.ifa-berlin.com/thumbnail/w500/2026/08/fin-square_%282%29.svg,https://www.ifa-berlin.com/exhibitors?page=59,1647
3719,Sixunited,China,IFA Global Markets,Hall 26b,H26b-767,https://www.ifa-berlin.com/exhibitors/shanghai-sixunited,https://drive.ifa-berlin.com/drive/2025/12/_cache/23be4170aacfceaa2dec0b3b252fab4a_e772baf92648671cb5d259cb2ca5fe14.png.webp,https://www.ifa-berlin.com/exhibitors?page=59,1648
2299,ThirdReality,China,Smart Home,Hall 1.2,H1.2-100,https://www.ifa-berlin.com/exhibitors/thirdreality,https://drive.ifa-berlin.com/drive/2026/07/_cache/3d4f3993092e5f58e551ed81331dcc99_ab8063056435ef092f3d7708b4c1f464.jpg.webp,https://www.ifa-berlin.com/exhibitors?page=59,1649
2813,"NINGBO EAST ENVIRONMENTAL PROTECTION MACHINERY CO., LTD",China,IFA Global Markets,Hall 26c,H26c-218,https://www.ifa-berlin.com/exhibitors/ningbo-east-environmental-protection-machinery,https://drive.ifa-berlin.com/drive/2026/08/_cache/0ed53b5b03d120bf9a304d119e7a2a56_5e8d87a0ee987f36b4be2e32e90cfd71.png.webp,https://www.ifa-berlin.com/exhibitors?page=59,1650
2634,BPrelax,Germany,IFA Next,Hall 25,H25-195,https://www.ifa-berlin.com/exhibitors/bprelax,https://drive.ifa-berlin.com/drive/2026/08/_cache/e36947469fd3c1f26873fcd1e03ad800_8e6df7d727f27141287a99165c6fd598.jpg.webp,https://www.ifa-berlin.com/exhibitors?page=59,1651
3292,OnlyOwner,China,Reseller Park,Hub 27i,H27i-08,https://www.ifa-berlin.com/exhibitors/onlyowner,https://drive.ifa-berlin.com/drive/2026/08/_cache/aa87d47e285cabe49a6e4e8abe2a2c7d_48cda95bb18b9ac6e42e79b559aa9a1f.png.webp,https://www.ifa-berlin.com/exhibitors?page=59,1652
2147,BIRDFY,China,Smart Home,Hall 2.2,H2.2-138,https://www.ifa-berlin.com/exhibitors/birdfy,https://drive.ifa-berlin.com/drive/2026/08/_cache/5c1fa0ffc0fe6a27fdebb8210bdc1204_af12b9a5f7fb9fdf9a78199488171c70.png.webp,https://www.ifa-berlin.com/exhibitors?page=60,1653
3111,"Ningbo Uhome Smart Electric Appliance Co., Ltd.",China,IFA Global Markets,Hall 26b,H26b-927,https://www.ifa-berlin.com/exhibitors/ningbo-uhome-smart-electric-appliance,https://drive.ifa-berlin.com/drive/2025/12/_cache/6a4a43942f30176af2dcc60a4b0f808e_de237913c3b5871226500560e3e027b7.png.webp,https://www.ifa-berlin.com/exhibitors?page=60,1654
2800,"Hudson Technology (HuiZhou) Co., Ltd.",China,IFA Global Markets,Hall 26b,H26b-807,https://www.ifa-berlin.com/exhibitors/hudson-technology-huizhou,https://drive.ifa-berlin.com/drive/2026/08/_cache/88f97cebf5a3ffbce48601bda91b1b81_9bf9076d0cf811c9a01fd46e33aa31dd.png,https://www.ifa-berlin.com/exhibitors?page=60,1655
2666,China Chamber of Commerce for Import and Export of Machinery and Electronic Products,China,IFA Global Markets,Hall 26a,H26a-441,https://www.ifa-berlin.com/exhibitors/china-chamber-of-commerce-for-import-and-export-of-machinery-and-electronic-products,https://www.ifa-berlin.com/img/exhibitors/default.svg,https://www.ifa-berlin.com/exhibitors?page=60,1656
3064,dexxIT,Germany,Communication & Connectivity,Hall 3.2,H3.2-125,https://www.ifa-berlin.com/exhibitors/dexxit,https://drive.ifa-berlin.com/drive/2026/06/_cache/587cbd7f214e17baaf512103ecbce92d_a18285ee21815fbc398a0d451c00bf3d.png.webp,https://www.ifa-berlin.com/exhibitors?page=60,1657
2747,"Ningbo West Island Electric Co., Ltd.",China,IFA Global Markets,Hall 26a,H26a-575,https://www.ifa-berlin.com/exhibitors/ningbo-west-island-electric,https://drive.ifa-berlin.com/drive/2026/08/_cache/d25ae5885277fd26ad670d30e4fd58fc_30d8dc41386d845e643be799e9ed92ab.png.webp,https://www.ifa-berlin.com/exhibitors?page=60,1658
3449,"Guangdong Linkfair Household Co., Ltd",China,IFA Global Markets,Hall 26b,H26b-811,https://www.ifa-berlin.com/exhibitors/guangdong-linkfair-household,https://drive.ifa-berlin.com/drive/2026/08/_cache/fd202a64a3de8de61b1a4efb09f40b75_02e8f616427904a16df8f8cb16376080.jpg.webp,https://www.ifa-berlin.com/exhibitors?page=60,1659
3558,Omniband,China,IFA Next,Hall 25,H25-156,https://www.ifa-berlin.com/exhibitors/omniband,https://www.ifa-berlin.com/img/exhibitors/default.svg,https://www.ifa-berlin.com/exhibitors?page=60,1660
3789,Techstr,United Kingdom,IFA Next,Hall 25,H25-375,https://www.ifa-berlin.com/exhibitors/techstr,https://www.ifa-berlin.com/img/exhibitors/default.svg,https://www.ifa-berlin.com/exhibitors?page=60,1661
2036,Molekule,USA,Smart Home,Hall 1.2,H1.2-104,https://www.ifa-berlin.com/exhibitors/molekule,https://drive.ifa-berlin.com/drive/2025/12/_cache/5f1bae8fe4befd8964f692bd0adc0672_ec736b053c3f87b6cd349e422288caea.png.webp,https://www.ifa-berlin.com/exhibitors?page=60,1662
2960,"Shenzhen Richarmony Technology Co., Ltd.",China,IFA Global Markets,Hall 26b,H26b-799,https://www.ifa-berlin.com/exhibitors/shenzhen-richarmony-technology,https://drive.ifa-berlin.com/drive/2026/08/_cache/67e0a92293c53b38622c8996dec37e18_bddaa819e73da16f71ab483bcc1dd7f0.png.webp,https://www.ifa-berlin.com/exhibitors?page=60,1663
2625,Agora,USA,IFA Next,Hall 5.2,H5.2-509,https://www.ifa-berlin.com/exhibitors/agora,https://drive.ifa-berlin.com/drive/2026/06/_cache/0d421b26113d43f6d87064e0ae2968dc_3149c77c325f5c3b913817b16c6dae7d.jpg.webp,https://www.ifa-berlin.com/exhibitors?page=60,1664
3318,ONIKUMA,China,Reseller Park,Hub 27j,H27j-05,https://www.ifa-berlin.com/exhibitors/onikuma,https://drive.ifa-berlin.com/drive/2026/07/_cache/6b37d1881ddb8b9648ee2e15280a1391_b0282c4f9d700b6be7f078beccc2fc30.jpg.webp,https://www.ifa-berlin.com/exhibitors?page=60,1665
3299,EASTMATE,China,Reseller Park,Hub 27i,H27i-02,https://www.ifa-berlin.com/exhibitors/eastmate,https://drive.ifa-berlin.com/drive/2026/08/_cache/e6a3bf58f84a3bd052b6253b7adf4957_b6e20f6b97a99bfab71b5ab04f005792.png.webp,https://www.ifa-berlin.com/exhibitors?page=60,1666
2486,ADAC Berlin-Brandenburg e.V.,Germany,Computing & Gaming,Hall 7.2a,H7.2a-110,https://www.ifa-berlin.com/exhibitors/adac-berlin-brandenburg,https://drive.ifa-berlin.com/drive/2025/12/_cache/8f68d78997ddbb2dc5c2b352e8e2a3e1_a034335e12ea20ccbe2bda92e1d84219.jpg.webp,https://www.ifa-berlin.com/exhibitors?page=60,1667
2696,"Foshan Shunde Wiki Electrical Co., Ltd.",China,IFA Global Markets,Hall 26a,H26a-361,https://www.ifa-berlin.com/exhibitors/foshan-shunde-wiki-electrical,https://drive.ifa-berlin.com/drive/2025/12/_cache/bb480066407d7d89719b31ab5e1764a5_ac74a9109da61ae9a4ebd63e40f8e212.jpg.webp,https://www.ifa-berlin.com/exhibitors?page=60,1668
3319,MP+,China,Reseller Park,Hub 27j,H27j-17,https://www.ifa-berlin.com/exhibitors/mp,https://drive.ifa-berlin.com/drive/2026/08/_cache/a450db6ab44d74402f3ae9ac0adae574_972f161bd7e279a875a87654e7ace6b0.jpg.webp,https://www.ifa-berlin.com/exhibitors?page=60,1669
2764,"Shenzhen Sungrow LED Technology Co., Ltd",China,IFA Global Markets,Hall 26b,H26b-753,https://www.ifa-berlin.com/exhibitors/shenzhen-sungrow-led-technology,https://drive.ifa-berlin.com/drive/2026/08/_cache/50da659730a46eac3e1eaad0d3945e04_3fa7e09899626e3842de7e52b41294a6.png.webp,https://www.ifa-berlin.com/exhibitors?page=60,1670
3814,"DONGGUAN JUPU ELECTRONIC CO.,LTD",China,IFA Global Markets,Hall 26b,H26b-1083,https://www.ifa-berlin.com/exhibitors/dongguan-jupu-electronic,https://drive.ifa-berlin.com/drive/2026/08/_cache/c2475e2c9147b292d63931540259079f_f4ca737c99617c1a62bef276a460cccb.jpg.webp,https://www.ifa-berlin.com/exhibitors?page=60,1671
3083,Senic,Germany,Smart Home,Hall 1.2,H1.2-149,https://www.ifa-berlin.com/exhibitors/senic,https://www.ifa-berlin.com/img/exhibitors/default.svg,https://www.ifa-berlin.com/exhibitors?page=60,1672
3212,Click Entertainment Ltd.,United Kingdom,Reseller Park,Hub 27a,H27a-08,https://www.ifa-berlin.com/exhibitors/click-entertainment,https://drive.ifa-berlin.com/drive/2026/07/_cache/4509fbb8c77ab4c04d5a4ba98bb89c88_2bea9e7835b384b3b3e025d10fca8a90.png.webp,https://www.ifa-berlin.com/exhibitors?page=60,1673
2830,"Foshan Shunde Tranite Electric Appliance Co.,Ltd",China,IFA Global Markets,Hall 26b,H26b-1095,https://www.ifa-berlin.com/exhibitors/foshan-shunde-tranite-electric-appliance,https://www.ifa-berlin.com/img/exhibitors/default.svg,https://www.ifa-berlin.com/exhibitors?page=60,1674
3785,Shiftcam,United Kingdom,IFA Next,Hall 25,H25-375,https://www.ifa-berlin.com/exhibitors/shiftcam,https://www.ifa-berlin.com/img/exhibitors/default.svg,https://www.ifa-berlin.com/exhibitors?page=60,1675
3191,Krovatar,China,Audio,Hall 8.2,H8.2-247,https://www.ifa-berlin.com/exhibitors/krovatar,https://drive.ifa-berlin.com/drive/2026/08/_cache/f6227d551a9529696b0a4fbfb12b5d15_c16478f94e115869b975f1a11b95aade.png.webp,https://www.ifa-berlin.com/exhibitors?page=60,1676
3078,Nuki,Germany,Smart Home,Hall 1.2,H1.2-149,https://www.ifa-berlin.com/exhibitors/nuki,https://www.ifa-berlin.com/img/exhibitors/default.svg,https://www.ifa-berlin.com/exhibitors?page=60,1677
3071,"Shenzhen Weite Shijia Technology Co., Ltd",Netherlands,Smart Home,Hall 1.2,H1.2-141,https://www.ifa-berlin.com/exhibitors/shenzhen-weite-shijia-technology,https://www.ifa-berlin.com/img/exhibitors/default.svg,https://www.ifa-berlin.com/exhibitors?page=60,1678
2719,"Ningbo Putian Life Electric Appliance Co. , Ltd.",China,IFA Global Markets,Hall 26b,H26b-891,https://www.ifa-berlin.com/exhibitors/ningbo-putian-life-electric-appliance,https://drive.ifa-berlin.com/drive/2026/08/_cache/c26e4c92f5b32a08c842745aecb5e4c4_d25464e73920a827974159d7c9a92c21.png.webp,https://www.ifa-berlin.com/exhibitors?page=60,1679
2372,"Dongguan EC Technology Co., Ltd",China,Mobility,CityCube Hall B,CCBB-128,https://www.ifa-berlin.com/exhibitors/koogold,https://drive.ifa-berlin.com/drive/2026/08/_cache/84a9e1f99e1eca79a252bd05295b81f5_eb2390b43d69ed4a7d5f1664e0d257b5.jpg.webp,https://www.ifa-berlin.com/exhibitors?page=60,1680
3440,"Zhejiang Wisdom Industry & Trade Co.,Ltd",China,IFA Global Markets,Hall 26c,H26c-156,https://www.ifa-berlin.com/exhibitors/zhejiang-wisdom-industry-trade,https://www.ifa-berlin.com/img/exhibitors/default.svg,https://www.ifa-berlin.com/exhibitors?page=61,1681
3935,RoboCup,Germany,Content Creation,Hall 15,H15-121,https://www.ifa-berlin.com/exhibitors/robocup,https://www.ifa-berlin.com/thumbnail/w500/2026/08/germanyrobocupfederation-shaded-vector1.svg,https://www.ifa-berlin.com/exhibitors?page=61,1682
2716,"Nvision Electrical Appliance Co., Ltd.",China,IFA Global Markets,Hall 26b,H26b-1043,https://www.ifa-berlin.com/exhibitors/nvision-electrical-appliance,https://drive.ifa-berlin.com/drive/2026/06/_cache/eda156ffbf366b74374735ee0eeb96fc_35440ac240ec007a5e618fb7626cbec5.png.webp,https://www.ifa-berlin.com/exhibitors?page=61,1683
2820,"NINGBO FOURA ELECTRONIC CO., LTD.",China,IFA Global Markets,Hall 26a,H26a-591,https://www.ifa-berlin.com/exhibitors/ningbo-foura-electronic,https://drive.ifa-berlin.com/drive/2026/08/_cache/59074d691287fb91c38c2cda0c41282e_22252ae758f67b59eed7fefe3479a03c.jpg.webp,https://www.ifa-berlin.com/exhibitors?page=61,1684
3102,"GUANGZHOU FENJIE CLOTHING CO., LTD",China,IFA Global Markets,Hall 26c,H26c-124,https://www.ifa-berlin.com/exhibitors/guangzhou-fenjie-clothing,https://drive.ifa-berlin.com/drive/2026/08/_cache/de83e5a7300d4361014552cc7dd98f2e_fddaae8270a5d561ad3bc64d3f79094a.png.webp,https://www.ifa-berlin.com/exhibitors?page=61,1685
1996,Dareu,China,Computing & Gaming,Hall 7.2b,H7.2b-101,https://www.ifa-berlin.com/exhibitors/dareu,https://drive.ifa-berlin.com/drive/2026/08/_cache/2ead306f613c003d20ac8f74841315f4_ee5e1e1c1674afe501b813f014ffee69.png,https://www.ifa-berlin.com/exhibitors?page=61,1686
2635,Ivismile,USA,Beauty Tech & Wellbeing,Hall 15,H15-101,https://www.ifa-berlin.com/exhibitors/ivismile,https://www.ifa-berlin.com/img/exhibitors/default.svg,https://www.ifa-berlin.com/exhibitors?page=61,1687
2913,"Zhejiang Bludean Intelligent Technology Co., Ltd.",China,IFA Global Markets,Hall 26a,H26a-663,https://www.ifa-berlin.com/exhibitors/zhejiang-bludean-intelligent-technology,https://drive.ifa-berlin.com/drive/2026/06/_cache/cc8226a9584a5b8d5d897e94cbaf4bae_0b3515b308eaa62d82321584e6b70701.png.webp,https://www.ifa-berlin.com/exhibitors?page=61,1688
3956,Neo Commerce GmbH,Germany,Communication & Connectivity,CityCube Hall B,CCBB-401,https://www.ifa-berlin.com/exhibitors/neo-commerce,https://drive.ifa-berlin.com/drive/2026/08/_cache/1f9f2e6c7f73b63016683f516782da59_eee7ceb3c3e6ed23bf9e29ac307281fd.png.webp,https://www.ifa-berlin.com/exhibitors?page=61,1689
2864,Cozio Robotics Inc.,USA,IFA Next,Hall 5.2,H5.2-302,https://www.ifa-berlin.com/exhibitors/cozio-robotics,https://drive.ifa-berlin.com/drive/2026/07/_cache/4c0e3b60e53360323c405fa9a9e4f3f1_028452340660c86274c91bd533e6cdd6.jpg.webp,https://www.ifa-berlin.com/exhibitors?page=61,1690
2307,Japan Tech Project,Japan,IFA Next,Hall 25,H25-309,https://www.ifa-berlin.com/exhibitors/japan-tech-project,https://drive.ifa-berlin.com/drive/2026/09/_cache/08719d17f38d05cc6d9ba86aadb20908_29c4d4e463ce0b9b95c09554bef10c89.jpg.webp,https://www.ifa-berlin.com/exhibitors?page=61,1691
2823,"Shantou Sunrise Electronics Co.,Ltd",China,IFA Global Markets,Hall 26a,H26a-417,https://www.ifa-berlin.com/exhibitors/shantou-sunrise-electronics,https://drive.ifa-berlin.com/drive/2025/12/_cache/281ef728d94dcf44c8d5c5f3b396d880_23abb71e25292d5002abf1f19d76f49d.png.webp,https://www.ifa-berlin.com/exhibitors?page=61,1692
3391,"Xunwu Zhongjiadongsheng Technology Co.,Ltd.",China,IFA Global Markets,Hall 26b,H26b-1087,https://www.ifa-berlin.com/exhibitors/xunwu-zhongjiadongsheng-technology,https://www.ifa-berlin.com/img/exhibitors/default.svg,https://www.ifa-berlin.com/exhibitors?page=61,1693
3312,Saiboro,China,Reseller Park,Hub 27j,H27j-02,https://www.ifa-berlin.com/exhibitors/saiboro,https://drive.ifa-berlin.com/drive/2026/07/_cache/77b6d2af9ca73f52da498baeb9273cce_2ac16a9c1832f8458f10be02a3851fcd.png.webp,https://www.ifa-berlin.com/exhibitors?page=61,1694
2561,SONHA GROUP,Vietnam,IFA Global Markets,Hall 26c,H26c-370,https://www.ifa-berlin.com/exhibitors/sonha-group,https://drive.ifa-berlin.com/drive/2026/06/_cache/fd847d21fa1f4d8f6315ed4d615bbb8e_4049e2c040c210b651bb165a5540500e.png.webp,https://www.ifa-berlin.com/exhibitors?page=61,1695
3792,Bodyguardz,United Kingdom,IFA Next,Hall 25,H25-375,https://www.ifa-berlin.com/exhibitors/bodyguardz,https://www.ifa-berlin.com/img/exhibitors/default.svg,https://www.ifa-berlin.com/exhibitors?page=61,1696
2708,"Wenzhou Pritech International Trading Co., Ltd.",China,IFA Global Markets,Hall 26b,H26b-1077,https://www.ifa-berlin.com/exhibitors/wenzhou-pritech-international-trading,https://www.ifa-berlin.com/img/exhibitors/default.svg,https://www.ifa-berlin.com/exhibitors?page=61,1697
3932,KIXIN,,,Mobility Track,MT-105,https://www.ifa-berlin.com/exhibitors/kixin,https://www.ifa-berlin.com/img/exhibitors/default.svg,https://www.ifa-berlin.com/exhibitors?page=61,1698
2779,"JIANGXI MUBAO EQUIPMENT CO.,LTD",China,IFA Global Markets,Hall 26b,H26b-741,https://www.ifa-berlin.com/exhibitors/jiangxi-mubao-equipment,https://drive.ifa-berlin.com/drive/2026/08/_cache/8d82c358225862da4073e91cb2f59600_6dcfc442800adef9bd12ddf2ae1f36bf.png.webp,https://www.ifa-berlin.com/exhibitors?page=61,1699
3493,Shift,Germany,IFA Next,Hall 25,H25-161,https://www.ifa-berlin.com/exhibitors/shift,https://drive.ifa-berlin.com/drive/2026/09/_cache/ce4feaf06774e7c43ce4086c5cf6b280_331761c6df48156e6cc46486a1a6fc9f.png.webp,https://www.ifa-berlin.com/exhibitors?page=61,1700
2216,Ulanzi,China,Content Creation,Hall 17,H17-209,https://www.ifa-berlin.com/exhibitors/ulanzi,https://drive.ifa-berlin.com/drive/2026/07/_cache/e7b05bed7927a89b33f5c025cc2bc913_26bf9b368ab9b57ebaf395cd6aab49d9.png.webp,https://www.ifa-berlin.com/exhibitors?page=61,1701
3291,REEDEE,China,Reseller Park,Hub 27h,H27h-08,https://www.ifa-berlin.com/exhibitors/reedee,https://drive.ifa-berlin.com/drive/2026/08/_cache/c377033150ab753ee06f7f0917e054b8_3fed823bbcefa87c5ddaff2ca2167aa4.png.webp,https://www.ifa-berlin.com/exhibitors?page=61,1702
3729,Leshun Information Technology,China,IFA Next,Hall 25,H25-367,https://www.ifa-berlin.com/exhibitors/leshun-information-technology-2,https://drive.ifa-berlin.com/drive/2026/08/_cache/cf1958c9e0539bc192ea975dc15d1fd6_bd03462d8a41bd3d311e262519adb730.png.webp,https://www.ifa-berlin.com/exhibitors?page=61,1703
3707,MOTOWAY,South Korea,IFA Next,Hall 25,H25-361,https://www.ifa-berlin.com/exhibitors/motoway,https://www.ifa-berlin.com/img/exhibitors/default.svg,https://www.ifa-berlin.com/exhibitors?page=61,1704
3770,NEWBOT,China,Reseller Park,Hub 27k,H27k-18,https://www.ifa-berlin.com/exhibitors/newbot,https://drive.ifa-berlin.com/drive/2026/08/_cache/2b45728f0c8434e8f9b148faa54abe1f_14c5d4a4c351a8765c8e2fb6441f14a5.png.webp,https://www.ifa-berlin.com/exhibitors?page=61,1705
2424,ACCT,China,Smart Home,Hall 1.2,H1.2-201,https://www.ifa-berlin.com/exhibitors/acct,https://drive.ifa-berlin.com/drive/2026/08/_cache/6c8671695a3d9733d71dc1de8e1d3254_fd3d8391cb23c83cfcb00b870a43bb28.png.webp,https://www.ifa-berlin.com/exhibitors?page=61,1706
3797,Sunled,Netherlands,IFA Next,Hall 25,H25-375,https://www.ifa-berlin.com/exhibitors/sunled,https://drive.ifa-berlin.com/drive/2026/08/_cache/a8cd169e73ebb612fff3b116c31ae80a_e3bbb97f920d07691757f72aa4d7d9f4.png.webp,https://www.ifa-berlin.com/exhibitors?page=61,1707
3019,Alganize,Germany,IFA Next,Hall 25,H25-321,https://www.ifa-berlin.com/exhibitors/alganize,https://drive.ifa-berlin.com/drive/2026/07/_cache/85db65dcb0d682d38e7292194367744c_806df77e8bbd5f31296b30d236285150.png.webp,https://www.ifa-berlin.com/exhibitors?page=61,1708
3820,established inc.,,Home & Entertainment,Hall 22,H22-125,https://www.ifa-berlin.com/exhibitors/established,https://drive.ifa-berlin.com/drive/2026/08/_cache/cacab0bd8ffc4ce18355e9dcb1bb6fe0_bc3d97403f784fb155313ed8d1c67acc.png.webp,https://www.ifa-berlin.com/exhibitors?page=62,1709
2934,"SHENZHEN KINGSUN ENTERPRISES CO., LTD.",China,IFA Global Markets,Hall 26a,H26a-485,https://www.ifa-berlin.com/exhibitors/shenzhen-kingsun-enterprises,https://www.ifa-berlin.com/img/exhibitors/default.svg,https://www.ifa-berlin.com/exhibitors?page=62,1710
2955,"Xin Long Yun Electronic Technology (Shenzhen) Co., Ltd.",China,IFA Global Markets,Hall 26b,H26b-825,https://www.ifa-berlin.com/exhibitors/xin-long-yun-electronic-technology-shenzhen,https://drive.ifa-berlin.com/drive/2026/07/_cache/277d2750bf0a936eab3c7a3fc23c5a51_6d3c9c557273c49d272967ef15326268.png.webp,https://www.ifa-berlin.com/exhibitors?page=62,1711
2531,The Game,South Korea,Communication & Connectivity,Hall 5.2,H5.2-210,https://www.ifa-berlin.com/exhibitors/the-game,https://www.ifa-berlin.com/img/exhibitors/default.svg,https://www.ifa-berlin.com/exhibitors?page=62,1712
3455,"Zhongshan Chunkai Electronics Co.,Ltd.",China,IFA Global Markets,Hall 26c,H26c-204,https://www.ifa-berlin.com/exhibitors/zhongshan-chunkai-electronics,https://www.ifa-berlin.com/img/exhibitors/default.svg,https://www.ifa-berlin.com/exhibitors?page=62,1713
4015,Silicon Valley Europe,Germany,Reseller Park,Hub 27k,H27k-Tisch,https://www.ifa-berlin.com/exhibitors/silicon-valley-europe-2,https://www.ifa-berlin.com/img/exhibitors/default.svg,https://www.ifa-berlin.com/exhibitors?page=62,1714
2801,KIFANG INDUSTRIES LIMITED,China,IFA Global Markets,Hall 26a,H26a-421,https://www.ifa-berlin.com/exhibitors/kifang-industries,https://drive.ifa-berlin.com/drive/2025/12/_cache/513b7e627261548cedae1fcc29cacfe5_4937e673515fdb48ec6852dd404c0c62.png.webp,https://www.ifa-berlin.com/exhibitors?page=62,1715
2024,Klass,Türkiye,Home Appliances,Hall 10.1,H10.1-109,https://www.ifa-berlin.com/exhibitors/klass,https://drive.ifa-berlin.com/drive/2025/12/_cache/cd06067e5b7271f5c460fe341c195753_b8c24ec60fe36b457e27c8ac2bb3cb53.jpg.webp,https://www.ifa-berlin.com/exhibitors?page=62,1716
3302,"Dongguan suyin electronics Co., Ltd.",China,Reseller Park,Hub 27j,H27j-06,https://www.ifa-berlin.com/exhibitors/dongguansuyinelectronics,https://drive.ifa-berlin.com/drive/2026/08/_cache/e2e8272673fd4e692cb8f23836d73231_3188549948be53206eb8a37003886030.png.webp,https://www.ifa-berlin.com/exhibitors?page=62,1717
2866,Liwang New Energy: Kendal,China,Smart Home,Hall 2.2,H2.2-194,https://www.ifa-berlin.com/exhibitors/liwang-new-energy-kendal,https://drive.ifa-berlin.com/drive/2026/07/_cache/5870044c007c16d489388badbcdabd99_b54c2411df758f46bcd99d7050a3a4f5.png.webp,https://www.ifa-berlin.com/exhibitors?page=62,1718
3107,"Zhangzhou Hongyuan Electronic Industrial Co., Ltd.",China,IFA Global Markets,Hall 26b,H26b-765,https://www.ifa-berlin.com/exhibitors/zhangzhou-hongyuan-electronic-industrial,https://www.ifa-berlin.com/img/exhibitors/default.svg,https://www.ifa-berlin.com/exhibitors?page=62,1719
3072,Anzheluo Electrical,China,Smart Home,Hall 1.2,H1.2-138,https://www.ifa-berlin.com/exhibitors/anzheluo-electrical,https://drive.ifa-berlin.com/drive/2026/07/_cache/b164813adc52d719c589b7f9dc33d78f_9e40d495ec96580ac2493f40571b91c5.jpg.webp,https://www.ifa-berlin.com/exhibitors?page=62,1720
2974,"Suzhou Cleanwell Appliance Co.,Ltd",China,IFA Global Markets,Hall 26a,H26a-597,https://www.ifa-berlin.com/exhibitors/suzhou-clean-well-appliance,https://drive.ifa-berlin.com/drive/2025/12/_cache/e0ee1bcbe364fdd8c199d13f779d5888_98439d67f2ad7dac945d5e2847121e0f.png.webp,https://www.ifa-berlin.com/exhibitors?page=62,1721
2418,DEEP Robotics,China,IFA Next,Hall 25,H25-407,https://www.ifa-berlin.com/exhibitors/deep-robotics,https://drive.ifa-berlin.com/drive/2026/05/_cache/4831a9adfa0f9fa6e976eb5cf1bdb79b_b8eff30f673a79c0beae43a847a4b450.png.webp,https://www.ifa-berlin.com/exhibitors?page=62,1722
2850,"Guang Dong Taigeer Power Source Science & Technology Co.,Ltd",China,IFA Global Markets,Hall 26b,H26b-1007,https://www.ifa-berlin.com/exhibitors/guang-dong-taigeer-power-source-science-technology,https://drive.ifa-berlin.com/drive/2025/12/_cache/4835ab116f2e127903e860a80ea117d4_64b4be076d64bb30c4c80db383a731c7.png.webp,https://www.ifa-berlin.com/exhibitors?page=62,1723
3647,Vank Distribution,France,Home Appliances,Hall 6.1,H6.1-101,https://www.ifa-berlin.com/exhibitors/vank-distribution,https://www.ifa-berlin.com/img/exhibitors/default.svg,https://www.ifa-berlin.com/exhibitors?page=62,1724
3080,Yale,Germany,Smart Home,Hall 1.2,H1.2-149,https://www.ifa-berlin.com/exhibitors/yale,https://www.ifa-berlin.com/img/exhibitors/default.svg,https://www.ifa-berlin.com/exhibitors?page=62,1725
3338,NatureFlow,China,Reseller Park,Hub 27k,H27k-19,https://www.ifa-berlin.com/exhibitors/natureflow,https://drive.ifa-berlin.com/drive/2026/08/_cache/700c707d4b63da3214612bbf51c351a3_e0915ad5c9c305bf74c8bd818f5fd535.png.webp,https://www.ifa-berlin.com/exhibitors?page=62,1726
3860,Satechi,USA,Communication & Connectivity,Hall 5.2,H5.2-159,https://www.ifa-berlin.com/exhibitors/satechi,https://drive.ifa-berlin.com/drive/2026/08/_cache/3aa592e8dd1fd20e31f45ebbafb86fb1_09495f3653805d251bff47f05030fb6f.png.webp,https://www.ifa-berlin.com/exhibitors?page=62,1727
3013,Creatulize,China,Home Appliances,Hall 10.1,H10.1-129,https://www.ifa-berlin.com/exhibitors/creatulize,https://drive.ifa-berlin.com/drive/2026/08/_cache/82c8e0146f31f901480e9e96bcd984d2_b1a9b2a165aefdd5b3d6f9030e6f670f.png.webp,https://www.ifa-berlin.com/exhibitors?page=62,1728
3088,Longyuan Technology,China,IFA Next,Hall 5.2,H5.2-308,https://www.ifa-berlin.com/exhibitors/longyuan-technology,https://drive.ifa-berlin.com/drive/2026/07/_cache/a989b0e81e76f0c4d6e0a02360736a1f_0adc0536eb0e1e55663dbce5499846d3.png.webp,https://www.ifa-berlin.com/exhibitors?page=62,1729
3617,"Dongguan Huiheng Intelligent Electrical Appliance Co., Ltd.",China,IFA Global Markets,Hall 26a,H26a-743,https://www.ifa-berlin.com/exhibitors/dongguan-huiheng-intelligent-electrical-appliance,https://drive.ifa-berlin.com/drive/2026/08/_cache/1541c8b1abebba79f3f8498ee2b74afc_850bd091a27fcf127ec2ef6432902249.png.webp,https://www.ifa-berlin.com/exhibitors?page=62,1730
3234,KOSATEC Empowering Global Innovation GmbH,Germany,Reseller Park,Hub 27c,H27c-02,https://www.ifa-berlin.com/exhibitors/kosatec-empowering-global-innovation,https://www.ifa-berlin.com/thumbnail/w500/2025/12/kosatec_computer_gmbh_1459.webp,https://www.ifa-berlin.com/exhibitors?page=62,1731
3813,SINOTEK,Poland,Mobility,CityCube Hall B,CCBB-126,https://www.ifa-berlin.com/exhibitors/sinotek,https://drive.ifa-berlin.com/drive/2026/09/_cache/73d7befe1227a7e18ff0175d57d2207b_abc5561a3b939a49a03aa934e2929d91.png.webp,https://www.ifa-berlin.com/exhibitors?page=62,1732
3708,BOKUK ELECTRONICS,South Korea,IFA Next,Hall 25,H25-361,https://www.ifa-berlin.com/exhibitors/bokuk-electronics,https://www.ifa-berlin.com/img/exhibitors/default.svg,https://www.ifa-berlin.com/exhibitors?page=62,1733
3838,AIR'NB SPRL,Belgium,Reseller Park,Hub 27g,H27g-11,https://www.ifa-berlin.com/exhibitors/air-nb-sprl,https://www.ifa-berlin.com/img/exhibitors/default.svg,https://www.ifa-berlin.com/exhibitors?page=62,1734
2395,MOONDROP,China,Audio,Hall 10.2,H10.2-132,https://www.ifa-berlin.com/exhibitors/moondrop,https://drive.ifa-berlin.com/drive/2026/07/_cache/38dbaeacc32927b985c5fdc6c1909498_ef051406e60d2da0fb2d489a9aff270e.png.webp,https://www.ifa-berlin.com/exhibitors?page=62,1735
3839,Gforest,China,Reseller Park,Hub 27o,H27o-21,https://www.ifa-berlin.com/exhibitors/gforest,https://drive.ifa-berlin.com/drive/2026/08/_cache/8287b6977914ff0cf4290d2ab86013eb_fd2d02947f560fe08b522b45b97055fa.png.webp,https://www.ifa-berlin.com/exhibitors?page=62,1736
2326,ZhiXing,China,IFA Next,Hall 25,H25-156,https://www.ifa-berlin.com/exhibitors/zhixing,https://www.ifa-berlin.com/img/exhibitors/default.svg,https://www.ifa-berlin.com/exhibitors?page=63,1737
3634,HyperAccel,South Korea,IFA Next,Hall 5.2,H5.2-400,https://www.ifa-berlin.com/exhibitors/hyperaccel,https://drive.ifa-berlin.com/drive/2026/08/_cache/4c0166cc23a388975b11c423a9f269d1_3cf797c2e4bedbde5480ca3c43205a4a.png.webp,https://www.ifa-berlin.com/exhibitors?page=63,1738
3563,Handfan,China,Smart Home,Hall 2.2,H2.2-133,https://www.ifa-berlin.com/exhibitors/handfan,https://drive.ifa-berlin.com/drive/2026/08/_cache/fe8c2dbef12a7222e4cb7fd13c16d21e_4824bc3fc67f8c52ac38136d2b8164da.png.webp,https://www.ifa-berlin.com/exhibitors?page=63,1739
2347,AOSEED,China,IFA Next,Hall 25,H25-335,https://www.ifa-berlin.com/exhibitors/aoseed,https://drive.ifa-berlin.com/drive/2026/05/_cache/c93e7db1c968d7fc77a6e17daccce7aa_e4c050ccfff67e2ffe87d792ba0aeb80.png.webp,https://www.ifa-berlin.com/exhibitors?page=63,1740
2511,Xtrem Inno,China,Communication & Connectivity,Hall 5.2,H5.2-212,https://www.ifa-berlin.com/exhibitors/xtrem-inno,https://drive.ifa-berlin.com/drive/2026/08/_cache/373f44cce9c1f4938fb87af1ff8e1929_d633c308b2408558a05b61441e0017a8.jpg.webp,https://www.ifa-berlin.com/exhibitors?page=63,1741
3786,Vinyl Tonic,United Kingdom,IFA Next,Hall 25,H25-375,https://www.ifa-berlin.com/exhibitors/vinyl-tonic,https://drive.ifa-berlin.com/drive/2026/08/_cache/4022d67f8274da933ae4a295c65367c4_2d5bdd528938d3a45726f553d3ed784a.png.webp,https://www.ifa-berlin.com/exhibitors?page=63,1742
2108,Ryke GmbH,Germany,IFA Next,Hall 25,H25-325,https://www.ifa-berlin.com/exhibitors/ryke,https://drive.ifa-berlin.com/drive/2025/12/_cache/0da37ac5f343c0148a36100a24e086c7_68040e447408d3f11e15b2ea65d3db5c.png.webp,https://www.ifa-berlin.com/exhibitors?page=63,1743
2538,MetisMotion,Germany,IFA Next,Hall 25,H25-221,https://www.ifa-berlin.com/exhibitors/metismotion,https://drive.ifa-berlin.com/drive/2026/05/_cache/8fa2d1f1b07c831d26951328e7f58299_f2915f5a3c7cd939718888319bcf6d9f.png.webp,https://www.ifa-berlin.com/exhibitors?page=63,1744
2735,"Anhui Demuller Technology Co., Ltd.",China,IFA Global Markets,Hall 26a,H26a-581,https://www.ifa-berlin.com/exhibitors/anhui-demuller-technology,https://www.ifa-berlin.com/img/exhibitors/default.svg,https://www.ifa-berlin.com/exhibitors?page=63,1745
2243,Redian,China,Communication & Connectivity,Hall 5.2,H5.2-203,https://www.ifa-berlin.com/exhibitors/redian,https://drive.ifa-berlin.com/drive/2026/08/_cache/d78ef17632b3b8b1c3df09be002aaf89_fc847c704977d754a9e865e921907083.png.webp,https://www.ifa-berlin.com/exhibitors?page=63,1746
2280,Thunderobot,China,Computing & Gaming,Hall 6.2,H6.2-109,https://www.ifa-berlin.com/exhibitors/thunderobot,https://drive.ifa-berlin.com/drive/2026/08/_cache/8d0125c0fe4319e233411ebebcdd68fd_76ec9f9c6879b06427ddb70b7274b7dd.png.webp,https://www.ifa-berlin.com/exhibitors?page=63,1747
3730,Linknlink,China,IFA Next,Hall 25,H25-367,https://www.ifa-berlin.com/exhibitors/linknlink,https://drive.ifa-berlin.com/drive/2026/09/_cache/cf16479fdf457ecca1e7285f473b432d_baa2abf373acdddff7797f58dc712ec5.png.webp,https://www.ifa-berlin.com/exhibitors?page=63,1748
2770,"Longkou Dongli Wire and Cable Co.,Ltd.",China,IFA Global Markets,Hall 26b,H26b-791,https://www.ifa-berlin.com/exhibitors/longkou-dongli-wire-and-cable,https://drive.ifa-berlin.com/drive/2026/06/_cache/d5265935c4083002df54670e875cfe6c_5c74f98b987d3a84f9035d4a31e6ff2e.png.webp,https://www.ifa-berlin.com/exhibitors?page=63,1749
2432,Shellbox,China,Communication & Connectivity,Hall 5.2,H5.2-178,https://www.ifa-berlin.com/exhibitors/shellbox,https://drive.ifa-berlin.com/drive/2026/08/_cache/2b59104c527606dcda577db08e531009_41db4724b2e6a8946059e8921cd09f4c.png.webp,https://www.ifa-berlin.com/exhibitors?page=63,1750
3176,"Guangdong GDA Valve Technology Co., Ltd.",China,IFA Global Markets,Hall 26c,H26c-168,https://www.ifa-berlin.com/exhibitors/guangdong-gda-valve-technology,https://drive.ifa-berlin.com/drive/2025/12/_cache/edbc6bb7f1de63f44f5cbee68adcd2fb_b9cd0fadc26dbb024a430c2a1a5876e9.png.webp,https://www.ifa-berlin.com/exhibitors?page=63,1751
3090,DSR,USA,Smart Home,Hall 2.2,H2.2-134,https://www.ifa-berlin.com/exhibitors/dsr,https://www.ifa-berlin.com/img/exhibitors/default.svg,https://www.ifa-berlin.com/exhibitors?page=63,1752
2972,Dongguan Zoweetek Electronics Limited,China,IFA Global Markets,Hall 26c,H26c-236,https://www.ifa-berlin.com/exhibitors/dongguan-zoweetek-electronics,https://drive.ifa-berlin.com/drive/2026/08/_cache/2ead6df4c5adeabdbf18fda48ea7d15a_c3f9b8c79aab341ff9f042edd665b8c4.jpeg.webp,https://www.ifa-berlin.com/exhibitors?page=63,1753
2433,RheoFit,China,IFA Next,Hall 25,H25-121,https://www.ifa-berlin.com/exhibitors/rheofit,https://drive.ifa-berlin.com/drive/2026/09/_cache/0a8f3ae5909731d754c706be3f188420_b1364ff1f97449057dc674c11312bb15.png.webp,https://www.ifa-berlin.com/exhibitors?page=63,1754
1853,Arspura,,,,,https://www.ifa-berlin.com/exhibitors/arspura,https://drive.ifa-berlin.com/drive/2026/03/_cache/841fe513657f204e5f0b897fca7c96b3_4334a4484a001a7a2028da61aae3d57e.png.webp,https://www.ifa-berlin.com/exhibitors?page=63,1755
2685,"Ningbo Kedly Appliance Industry Co., Ltd.",China,IFA Global Markets,Hall 26b,H26b-989,https://www.ifa-berlin.com/exhibitors/ningbo-kedly-applaince-industry,https://drive.ifa-berlin.com/drive/2025/12/_cache/8286e17c57af5bb8ed7fb7523de59818_7b60e9753b2151d098a0508050a13313.jpg.webp,https://www.ifa-berlin.com/exhibitors?page=63,1756
2055,Apexel,China,Content Creation,Hall 20,H20-137,https://www.ifa-berlin.com/exhibitors/apexel,https://drive.ifa-berlin.com/drive/2025/12/_cache/469e14e38a403076c1a6b236b29250db_d19e02b94c7a0c1e5bc7962ab9b67fe6.jpg.webp,https://www.ifa-berlin.com/exhibitors?page=63,1757
3294,Teneth,China,Reseller Park,Hub 27i,H27i-07,https://www.ifa-berlin.com/exhibitors/teneth,https://drive.ifa-berlin.com/drive/2026/08/_cache/872d8e576cb3c37f2e5db819d282460b_f5fdc5d720a36e37b67db45f4c8f8d21.png.webp,https://www.ifa-berlin.com/exhibitors?page=63,1758
3074,KangHong,United Kingdom,Smart Home,Hall 1.2,H1.2-102,https://www.ifa-berlin.com/exhibitors/kanghong,https://www.ifa-berlin.com/img/exhibitors/default.svg,https://www.ifa-berlin.com/exhibitors?page=63,1759
3659,expert,Germany,Global Strategic Retail Partner,CityCube Hall B,CCBB-101,https://www.ifa-berlin.com/exhibitors/expert,https://drive.ifa-berlin.com/drive/2026/08/_cache/321d7e28f97e95e2722659ff36fbf707_0f649c79e4a16119e247b08d0507500e.jpg.webp,https://www.ifa-berlin.com/exhibitors?page=63,1760
2426,Siqi Innovation Technology,China,IFA Next,Hall 25,H25-135,https://www.ifa-berlin.com/exhibitors/siqi-innovation-technology,https://drive.ifa-berlin.com/drive/2026/08/_cache/0f08534416240fd422daa07391ea73f2_f6a9e5e767dd3cf21c31101fcf084e04.jpg.webp,https://www.ifa-berlin.com/exhibitors?page=63,1761
3259,Unity Trading B.V.,Netherlands,Reseller Park,Hub 27f,H27f-17,https://www.ifa-berlin.com/exhibitors/unity-trading,https://drive.ifa-berlin.com/drive/2025/12/_cache/ac429dc28d66a39105057c947719e92d_8930597a545a613c5e59013d517b1f9a.jpg.webp,https://www.ifa-berlin.com/exhibitors?page=63,1762
2490,GL.iNet,Hong Kong,Computing & Gaming,Hall 7.2b,H7.2b-116,https://www.ifa-berlin.com/exhibitors/gl-inet,https://drive.ifa-berlin.com/drive/2026/07/_cache/2c773aa524e731858a811356bc796b2a_0fc83ddce89fb9559b55f5b74d875f6f.png.webp,https://www.ifa-berlin.com/exhibitors?page=63,1763
1961,Beelan,Germany,Communication & Connectivity,Hall 6.2,H6.2-210,https://www.ifa-berlin.com/exhibitors/beelan,https://www.ifa-berlin.com/img/exhibitors/default.svg,https://www.ifa-berlin.com/exhibitors?page=63,1764
2944,Nanoleaf,Canada,Smart Home,Hall 1.2,H1.2-146,https://www.ifa-berlin.com/exhibitors/nanoleaf,https://www.ifa-berlin.com/thumbnail/w500/2026/08/nanoleaf-logo-main.svg,https://www.ifa-berlin.com/exhibitors?page=64,1765
2711,"Ningbo Kaffee Electric Appliance Co., Ltd.",China,IFA Global Markets,Hall 26a,H26a-549,https://www.ifa-berlin.com/exhibitors/ningbo-kaffee-electric-appliance,https://www.ifa-berlin.com/img/exhibitors/default.svg,https://www.ifa-berlin.com/exhibitors?page=64,1766
3328,Aplong B.V.,Netherlands,Reseller Park,Hub 27j,H27j-14,https://www.ifa-berlin.com/exhibitors/aplong,https://drive.ifa-berlin.com/drive/2026/07/_cache/77b613feac606a1ff8e875198e1346fb_06945df882efff758f6028b9fcc26783.png.webp,https://www.ifa-berlin.com/exhibitors?page=64,1767
2874,Voniko,China,Communication & Connectivity,Hall 5.2,H5.2-167,https://www.ifa-berlin.com/exhibitors/voniko,https://drive.ifa-berlin.com/drive/2026/08/_cache/5af1067f2121fbbe54617e7769764439_5596da640d708bcea1aa0366b90be84c.png.webp,https://www.ifa-berlin.com/exhibitors?page=64,1768
3262,"Angel Trade Co., Limited",Hong Kong,Reseller Park,Hub 27f,H27f-11,https://www.ifa-berlin.com/exhibitors/angel-trade,https://www.ifa-berlin.com/img/exhibitors/default.svg,https://www.ifa-berlin.com/exhibitors?page=64,1769
2701,"Zhejiang Anda Electric Co., Ltd.",China,IFA Global Markets,Hall 26b,H26b-997,https://www.ifa-berlin.com/exhibitors/zhejiang-anda-electric,https://drive.ifa-berlin.com/drive/2025/12/_cache/7548133d00056e83f2fde4ea06374a78_13d35f605797112b3bd05f7cecb87f46.jpg.webp,https://www.ifa-berlin.com/exhibitors?page=64,1770
2746,"Yuyao Oubei Electric Appliances Co., Ltd.",China,IFA Global Markets,Hall 26a,H26a-535,https://www.ifa-berlin.com/exhibitors/yuyao-oubei-electric-appliances,https://drive.ifa-berlin.com/drive/2025/12/_cache/aa32f7d85b1362fe99a41b680004cf4a_70093f0a69cae5acd1240b9161313694.png.webp,https://www.ifa-berlin.com/exhibitors?page=64,1771
2191,Roam Smart Tracker,United Kingdom,IFA Next,Hall 25,H25-251,https://www.ifa-berlin.com/exhibitors/roam-smart-tracker,https://www.ifa-berlin.com/img/exhibitors/default.svg,https://www.ifa-berlin.com/exhibitors?page=64,1772
3095,"Guangdong Shunde PLDK Intelligent Technology Co., Ltd.",China,IFA Global Markets,Hall 26a,H26a-517 | H26a-515,https://www.ifa-berlin.com/exhibitors/guangdong-shunde-pldk-intelligent-technology,https://www.ifa-berlin.com/img/exhibitors/default.svg,https://www.ifa-berlin.com/exhibitors?page=64,1773
3912,Vbot,China,IFA Next,Hall 25,H25-167,https://www.ifa-berlin.com/exhibitors/vbot,https://drive.ifa-berlin.com/drive/2026/08/_cache/0abce70122279e7182c2d5ec6c22d0b5_7b2c6a28c57980e0b0bba6800619f491.png.webp,https://www.ifa-berlin.com/exhibitors?page=64,1774
3674,INSPECTIONDRONE,Italy,IFA Next,Hall 25,H25-369,https://www.ifa-berlin.com/exhibitors/inspectiondrone,https://drive.ifa-berlin.com/drive/2026/08/_cache/8cc2fb76d07a7c11331a8c412817be08_76c07609a1316fbd8c765e552dcdeaa1.png.webp,https://www.ifa-berlin.com/exhibitors?page=64,1775
3532,"Ningbo Aijia Electrical Appliances Co.,Ltd.",China,IFA Global Markets,Hall 26a,H26a-495,https://www.ifa-berlin.com/exhibitors/ningbo-aijia-electrical-appliances,https://www.ifa-berlin.com/img/exhibitors/default.svg,https://www.ifa-berlin.com/exhibitors?page=64,1776
3528,"Ningbo Meiyu Electrical Appliance Co.,Ltd",China,IFA Global Markets,Hall 26a,H26a-299,https://www.ifa-berlin.com/exhibitors/ningbo-meiyu-electrical-appliance,https://www.ifa-berlin.com/img/exhibitors/default.svg,https://www.ifa-berlin.com/exhibitors?page=64,1777
2693,"Ningbo Shuaiwei Electric Appliance Co., Ltd.",China,IFA Global Markets,Hall 26a,H26a-543,https://www.ifa-berlin.com/exhibitors/ningbo-shuaiwei-electric-appliance,https://drive.ifa-berlin.com/drive/2025/12/_cache/7f3c4ea3398008b07b522a1cb9160e94_bfebe707098c4b8324abc6b654b12be4.png.webp,https://www.ifa-berlin.com/exhibitors?page=64,1778
3769,VIOLOOP,China,IFA Next,Hall 25,H25-396,https://www.ifa-berlin.com/exhibitors/violoop,https://www.ifa-berlin.com/img/exhibitors/default.svg,https://www.ifa-berlin.com/exhibitors?page=64,1779
2774,"Zhejiang Easy Housewares Co., Ltd.",China,IFA Global Markets,Hall 26b,H26b-923,https://www.ifa-berlin.com/exhibitors/zhejiang-easy-housewares,https://drive.ifa-berlin.com/drive/2026/07/_cache/00d58c46937b15c6ceee609fc8b87c44_ad78eef407a149e320866d85c6b873ab.png.webp,https://www.ifa-berlin.com/exhibitors?page=64,1780
3720,"Foshan Shunde Colia Hardware Electrical Appliance Co., Ltd.",China,IFA Global Markets,Hall 26b,H26b-803,https://www.ifa-berlin.com/exhibitors/foshan-shunde-colia-hardware-electrical-appliance,https://drive.ifa-berlin.com/drive/2025/12/_cache/dcaba50837bc7487f3302d0c880089c1_bef52b139b1474b32a80ff93156b7fc5.png.webp,https://www.ifa-berlin.com/exhibitors?page=64,1781
2732,"Anionte International (Zhejiang) Co., Ltd.",China,IFA Global Markets,Hall 26b,H26b-1069,https://www.ifa-berlin.com/exhibitors/anionte-international-zhejiang,https://drive.ifa-berlin.com/drive/2026/05/_cache/73dc92320acc9d5a3a70026a5ffdb1a3_fd9a153d54a5354b007e43943b6b94f3.jpg.webp,https://www.ifa-berlin.com/exhibitors?page=64,1782
1911,"Baiyu Technology Co., Ltd.",China,Smart Home,Hall 2.2,H2.2-137,https://www.ifa-berlin.com/exhibitors/baiyu-technology,https://drive.ifa-berlin.com/drive/2025/12/_cache/a5824fb2a623e395c7da43714181a917_56bf799c05e3bdb3cfccdb366ca26c79.jpg.webp,https://www.ifa-berlin.com/exhibitors?page=64,1783
3261,Go Europe,Germany,Reseller Park,Hub 27f,H27f-10,https://www.ifa-berlin.com/exhibitors/go-europe,https://drive.ifa-berlin.com/drive/2025/12/_cache/021f13be33e0a6c57da0ad19ab0b9f5c_576a99fb1bdcf14ede8c08526f85dc3c.png.webp,https://www.ifa-berlin.com/exhibitors?page=64,1784
3370,EUROMEDIA INVESTMENT GROUP SL,Spain,Reseller Park,Hub 27e,H27e-15,https://www.ifa-berlin.com/exhibitors/euromedia-investment-group,https://www.ifa-berlin.com/img/exhibitors/default.svg,https://www.ifa-berlin.com/exhibitors?page=64,1785
2776,"Shenzhen Sorghum Red Electronic Technology Co., Ltd",China,IFA Global Markets,Hall 26a,H26a-473,https://www.ifa-berlin.com/exhibitors/shenzhen-sorghum-red-electronic-technology,https://www.ifa-berlin.com/img/exhibitors/default.svg,https://www.ifa-berlin.com/exhibitors?page=64,1786
2679,"Ningbo Hongyi Electrical Appliance Co., Ltd.",China,IFA Global Markets,Hall 26b,H26b-973,https://www.ifa-berlin.com/exhibitors/ningbo-hongyi-electrical-appliance,https://www.ifa-berlin.com/thumbnail/w500/2025/12/ningbo_hongyi_electrical_appliance_co_ltd_560.webp,https://www.ifa-berlin.com/exhibitors?page=64,1787
3544,"Ningbo Qili Electrical Appliance Co.,Ltd.",China,IFA Global Markets,Hall 26c,H26c-194,https://www.ifa-berlin.com/exhibitors/ningbo-qili-electrical-appliance,https://drive.ifa-berlin.com/drive/2026/08/_cache/8fcb2e844c78e5962063dfa5eb30c96e_7260ac7973af87d7065a5409d39a511f.png.webp,https://www.ifa-berlin.com/exhibitors?page=64,1788
3290,Tekzone,China,Reseller Park,Hub 27h,H27h-06,https://www.ifa-berlin.com/exhibitors/tekzone,https://drive.ifa-berlin.com/drive/2026/06/_cache/6339c0f4ef9f5544ed3d7f31e1f2e3a9_e2fbfa7d7922fd59832dbc192cbdfafa.png.webp,https://www.ifa-berlin.com/exhibitors?page=64,1789
2963,"Zhuhai Sepstar Electronic Co., Ltd.",China,IFA Global Markets,Hall 26b,H26b-935,https://www.ifa-berlin.com/exhibitors/zhuhai-sepstar-electronic,https://drive.ifa-berlin.com/drive/2026/08/_cache/9edbb9319fa861bc0077ad74b7602021_820dbbb28dab44d084968b4f19a74515.png.webp,https://www.ifa-berlin.com/exhibitors?page=64,1790
2957,"XIAMEN QIQIANGSHENG INTELLIGENT TECHNOLOGY CO., LTD.",China,IFA Global Markets,Hall 26c,H26c-232,https://www.ifa-berlin.com/exhibitors/xiamen-qiqiangsheng-intelligent-technology,https://drive.ifa-berlin.com/drive/2026/06/_cache/47fd170c8d1876868bb5e533a69c9027_4d85e3141deb89acb9a093451cd8fdae.png.webp,https://www.ifa-berlin.com/exhibitors?page=64,1791
2412,TOTWOO Lingxi Sihai Technology,China,IFA Next,Hall 25,H25-131,https://www.ifa-berlin.com/exhibitors/totwoo-lingxi-sihai-technology,https://drive.ifa-berlin.com/drive/2026/08/_cache/6e5cbaba114940908d8b23a386b233a5_d8f9e366573ded62d769f6967001206f.png.webp,https://www.ifa-berlin.com/exhibitors?page=64,1792
3411,EONEOMS,South Korea,IFA Next,Hall 25,H25-157,https://www.ifa-berlin.com/exhibitors/eoneoms,https://drive.ifa-berlin.com/drive/2026/07/_cache/a0439b4acc841e35f821469e871c75b8_34dee3fca12ec4b43d4bd621a89ab318.png.webp,https://www.ifa-berlin.com/exhibitors?page=65,1793
2026,Kingslong,China,Communication & Connectivity,Hall 5.2,H5.2-199,https://www.ifa-berlin.com/exhibitors/kingslong,https://www.ifa-berlin.com/img/exhibitors/default.svg,https://www.ifa-berlin.com/exhibitors?page=65,1794
3194,Cozeware,China,Smart Home,Hall 2.2,H2.2-141,https://www.ifa-berlin.com/exhibitors/cozeware,https://drive.ifa-berlin.com/drive/2026/07/_cache/51fe798d4b85359f27246a57332b81f1_d70583fc14dcdb3133bbfa66b91f63da.png.webp,https://www.ifa-berlin.com/exhibitors?page=65,1795
3771,Alkaya One,Germany,Reseller Park,Hub 27l,H27l-10,https://www.ifa-berlin.com/exhibitors/alkaya-one,https://www.ifa-berlin.com/img/exhibitors/default.svg,https://www.ifa-berlin.com/exhibitors?page=65,1796
2070,Thora B.V.,Netherlands,Home Appliances,Hall 8.1,H8.1-104,https://www.ifa-berlin.com/exhibitors/thora,https://drive.ifa-berlin.com/drive/2025/12/_cache/81ed2b9134de12f369e63fd4a595cad3_06cac4996ada5d24e9159bd3463e4b2a.jpg.webp,https://www.ifa-berlin.com/exhibitors?page=65,1797
3498,Trackimo,USA,Smart Home,Hall 1.2,H1.2-149,https://www.ifa-berlin.com/exhibitors/trackimo-2,https://www.ifa-berlin.com/thumbnail/w500/2026/07/logotaglineblue_%281%29.svg,https://www.ifa-berlin.com/exhibitors?page=65,1798
3243,Ring Ring Distribution,United Kingdom,Reseller Park,Hub 27e,H27e-01,https://www.ifa-berlin.com/exhibitors/ring-ring-distribution,https://www.ifa-berlin.com/img/exhibitors/default.svg,https://www.ifa-berlin.com/exhibitors?page=65,1799
2966,"Zhongshan Jalja Electrical Appliances Co., Ltd.",China,IFA Global Markets,Hall 26b,H26b-957,https://www.ifa-berlin.com/exhibitors/zhongshan-jalja-electrical-appliances,https://drive.ifa-berlin.com/drive/2025/12/_cache/faf0ca715c7eafe65656f064a33a4ff8_fca45c59a2ca94fac394a0a5d6bb56bd.png.webp,https://www.ifa-berlin.com/exhibitors?page=65,1800
2707,"Ningbo Hicon Industry Technology Co., Ltd.",China,IFA Global Markets,Hall 26a,H26a-537,https://www.ifa-berlin.com/exhibitors/ningbo-hicon-industry-technology,https://www.ifa-berlin.com/img/exhibitors/default.svg,https://www.ifa-berlin.com/exhibitors?page=65,1801
3524,"Keep Best PCB Assembly (Guang Dong) Co., Ltd",China,Smart Home,Hall 2.2,H2.2-134,https://www.ifa-berlin.com/exhibitors/keep-best,https://drive.ifa-berlin.com/drive/2026/07/_cache/73e3c91d42a19ecd822164f5864b643e_c21683cb9bcc510941fa8a6629fb79a1.png.webp,https://www.ifa-berlin.com/exhibitors?page=65,1802
2573,"Webox Vietnam Co., Ltd.",Vietnam,IFA Global Markets,Hall 26c,H26c-310,https://www.ifa-berlin.com/exhibitors/webox-vietnam,https://drive.ifa-berlin.com/drive/2026/07/_cache/2ed140cd65768f6478f7c9f0cd7dc240_ac41e72a9a0bce9c9ccbeb0260372611.png.webp,https://www.ifa-berlin.com/exhibitors?page=65,1803
3167,"King Post (Jiujiang) Industrial Co., Ltd.",China,IFA Global Markets,Hall 26b,H26b-835,https://www.ifa-berlin.com/exhibitors/king-post-jiujiang-industrial,https://drive.ifa-berlin.com/drive/2026/08/_cache/87d3d07ea3bfe709f02e9843a94c3172_99d331cc7958a79cf85329057c5567c9.jpg.webp,https://www.ifa-berlin.com/exhibitors?page=65,1804
3008,BubbleFlow,China,IFA Next,Hall 25,H25-265,https://www.ifa-berlin.com/exhibitors/bubbleflow,https://drive.ifa-berlin.com/drive/2026/07/_cache/4c103415d34610eb4c13217154361f1f_fc9d1861ce8090f7142d393038dc4b9c.png.webp,https://www.ifa-berlin.com/exhibitors?page=65,1805
3346,LAMA Plus s.r.o.,Czechia,Reseller Park,Hub 27g,H27g-06,https://www.ifa-berlin.com/exhibitors/lama-plus,https://drive.ifa-berlin.com/drive/2026/06/_cache/75659f4652a5d14ceed36e1805d8d6c4_5629d0b0bcb017d436db0091cfd8e11f.png.webp,https://www.ifa-berlin.com/exhibitors?page=65,1806
2132,Windbillion Innovations Inc,USA,IFA Next,Hall 25,H25-337,https://www.ifa-berlin.com/exhibitors/windbillion-innovations,https://drive.ifa-berlin.com/drive/2026/07/_cache/18c5d5dd5f1fd7c2ae7c797708c990dd_74b1b465945da659866396ae4b27fbc8.jpg.webp,https://www.ifa-berlin.com/exhibitors?page=65,1807
2491,PB TAILS,China,Computing & Gaming,Hall 7.2b,H7.2b-118,https://www.ifa-berlin.com/exhibitors/pb-tails,https://drive.ifa-berlin.com/drive/2026/07/_cache/0bffc56076fdf10e5474025ae8ce3b78_9c63a29a803d71e37d760a12dbd25f6b.png.webp,https://www.ifa-berlin.com/exhibitors?page=65,1808
3222,SC GERSIM IMPEX SRL,Romania,Reseller Park,Hub 27a,H27a-12,https://www.ifa-berlin.com/exhibitors/sc-gersim-impex,https://drive.ifa-berlin.com/drive/2026/08/_cache/787c1efc8fcacf42f74972f105f64274_19d1db24f70bae0e2e99efb276a319f1.png.webp,https://www.ifa-berlin.com/exhibitors?page=65,1809
3745,Pulsetto,Lithuania,IFA Next,Hall 25,H25-377,https://www.ifa-berlin.com/exhibitors/pulsetto,https://drive.ifa-berlin.com/drive/2026/08/_cache/d37320e168f580bc4bd927573fb00961_98614e4909326b8252ac0a405f8d23f3.png.webp,https://www.ifa-berlin.com/exhibitors?page=65,1810
2702,"Ningbo Dahua Electric Appliance Co., Ltd.",China,IFA Global Markets,Hall 26b,H26b-979,https://www.ifa-berlin.com/exhibitors/ningbo-dahua-electric-appliance,https://drive.ifa-berlin.com/drive/2026/06/_cache/39e7873b1d12b8e70ced3212792a62f7_97c472075b1d99959925da3bba46782d.png.webp,https://www.ifa-berlin.com/exhibitors?page=65,1811
3705,Yeomyeong Lighting,South Korea,IFA Next,Hall 25,H25-361,https://www.ifa-berlin.com/exhibitors/yeomyeong-lighting,https://drive.ifa-berlin.com/drive/2026/07/_cache/ff69ab7742e49e936abd2b92631b6a98_b35f5ec657d6ee2b878db229acf0c7c5.jpg.webp,https://www.ifa-berlin.com/exhibitors?page=65,1812
3952,Tektrade Inc.,USA,Reseller Park,Hub 27n,H27n-09,https://www.ifa-berlin.com/exhibitors/tektrade,https://www.ifa-berlin.com/img/exhibitors/default.svg,https://www.ifa-berlin.com/exhibitors?page=65,1813
2844,"Zhongshan Junjia Electrical Appliances Co.,Ltd",China,IFA Global Markets,Hall 26b,H26b-1023,https://www.ifa-berlin.com/exhibitors/zhongshan-junjia-electrical-appliances,https://www.ifa-berlin.com/img/exhibitors/default.svg,https://www.ifa-berlin.com/exhibitors?page=65,1814
2817,"Ningbo Jiayuan Electronic Co., Ltd.",China,IFA Global Markets,Hall 26a,H26a-589,https://www.ifa-berlin.com/exhibitors/ningbo-jiayuan-electronic,https://drive.ifa-berlin.com/drive/2025/12/_cache/bee7659b564ac75f9f4d337095f1e10f_f906a03ab0e0e0b053f911b198fc96e6.png.webp,https://www.ifa-berlin.com/exhibitors?page=65,1815
3633,Gyeongnam Technopark,South Korea,IFA Next,Hall 5.2,H5.2-400,https://www.ifa-berlin.com/exhibitors/gyeongnam-technopark,https://drive.ifa-berlin.com/drive/2026/08/_cache/9f8e6d31a0f73eb98581801eba3938fe_ea6957a525fda908c67e09ea366e3806.png.webp,https://www.ifa-berlin.com/exhibitors?page=65,1816
3110,"Guangzhou Hansong Tuojiang Technology Co., Ltd.",China,IFA Global Markets,Hall 26a,H26a-435,https://www.ifa-berlin.com/exhibitors/guangzhou-hansong-tuojiang-technology,https://drive.ifa-berlin.com/drive/2026/08/_cache/a846ecf0c2967ed336a57864fa289c02_9bb1ca1a4fb21ab19835d310ddccf210.png.webp,https://www.ifa-berlin.com/exhibitors?page=65,1817
3685,Orisun,,IFA Global Markets,Hall 26c,H26c-288,https://www.ifa-berlin.com/exhibitors/orisun,https://www.ifa-berlin.com/img/exhibitors/default.svg,https://www.ifa-berlin.com/exhibitors?page=65,1818
3784,Liion Power,Netherlands,IFA Next,Hall 5.2,H5.2-419,https://www.ifa-berlin.com/exhibitors/liion-power,https://drive.ifa-berlin.com/drive/2026/09/_cache/93c2f8419e074d735f9905a49676dd19_cbab0ef1ce0014d50c9e365f5b313908.png.webp,https://www.ifa-berlin.com/exhibitors?page=65,1819
3597,Lenco,Germany,Smart Home,Hall 1.2,H1.2-182,https://www.ifa-berlin.com/exhibitors/lenco,https://www.ifa-berlin.com/thumbnail/w500/2025/12/lenco_1760.webp,https://www.ifa-berlin.com/exhibitors?page=65,1820
3590,Goodon Intelligent Technology,China,IFA Next,Hall 5.2,H5.2-429,https://www.ifa-berlin.com/exhibitors/goodon-intelligent-technology,https://www.ifa-berlin.com/img/exhibitors/default.svg,https://www.ifa-berlin.com/exhibitors?page=66,1821
2282,"Shenzhen Powerqi Technology Co., Ltd.",China,Computing & Gaming,Hall 7.2b,H7.2b-113,https://www.ifa-berlin.com/exhibitors/shenzhen-powerqi-technology,https://drive.ifa-berlin.com/drive/2026/08/_cache/11437e48a61b8d841fafde9fe60a94a9_e3b538b2917111633cdcacab1f2c87c8.jpg.webp,https://www.ifa-berlin.com/exhibitors?page=66,1822
2524,FRIO GROUPE,France,Home Appliances,Hall 3.1,H3.1-104,https://www.ifa-berlin.com/exhibitors/groupefrio,https://drive.ifa-berlin.com/drive/2026/09/_cache/b0e752039e69729dbf35b08865d1b787_32ad27c28efd06c940ea9d5cbf9faeca.png.webp,https://www.ifa-berlin.com/exhibitors?page=66,1823
3221,Komputronik S.A.,Poland,Reseller Park,Hub 27a,H27a-11,https://www.ifa-berlin.com/exhibitors/komputronik,https://drive.ifa-berlin.com/drive/2026/06/_cache/6f43fc895c1ca769735c22d36c70bbac_b2046f7a1236ee2c819540b43950853e.jpg.webp,https://www.ifa-berlin.com/exhibitors?page=66,1824
2555,Fischer Fertigungstechnik GmbH & Co. KG,Germany,IFA Global Markets,Hall 26c,H26c-362,https://www.ifa-berlin.com/exhibitors/fischer-fertigungstechnik,https://drive.ifa-berlin.com/drive/2026/07/_cache/55f4451add15ab7b5ef436c94246c5c0_0f4ae130c61e5ef37ad9c3e8ae832b25.jpg.webp,https://www.ifa-berlin.com/exhibitors?page=66,1825
3692,CHC Navigation,China,IFA Global Markets,Hall 26c,H26c-336,https://www.ifa-berlin.com/exhibitors/chc-navigation,https://drive.ifa-berlin.com/drive/2026/08/_cache/38387ae67008957a0047178116106612_defb7f2d863f3706a019d8eb7c0e6bdb.jpg.webp,https://www.ifa-berlin.com/exhibitors?page=66,1826
3231,clicktel,Germany,Reseller Park,Hub 27b,H27b-18,https://www.ifa-berlin.com/exhibitors/clicktel,https://drive.ifa-berlin.com/drive/2025/12/_cache/d4cdd7308a611f65a21605bde4226b03_26c3d210fbe548f71e701afdb97b3cbc.jpg.webp,https://www.ifa-berlin.com/exhibitors?page=66,1827
3138,"ZOKIN Electrical Appliances Manufacturing Co., Ltd.",China,IFA Global Markets,Hall 26c,H26c-248,https://www.ifa-berlin.com/exhibitors/zokin-electrical-appliances-manufacturing,https://drive.ifa-berlin.com/drive/2026/08/_cache/1ee2656a7d9782197f8b9567520f6bde_37f20f68e66fe2709363e4c4dbbe0948.jpg.webp,https://www.ifa-berlin.com/exhibitors?page=66,1828
2651,Nextlawn,China,Home Appliances,Hall 9,H9-127,https://www.ifa-berlin.com/exhibitors/nextlawn,https://www.ifa-berlin.com/thumbnail/w500/2026/08/leader-logo.svg,https://www.ifa-berlin.com/exhibitors?page=66,1829
3483,Vtune,China,Home Appliances,Hall 11.1,H11.1-126,https://www.ifa-berlin.com/exhibitors/vtune,https://drive.ifa-berlin.com/drive/2025/12/_cache/f42cb4f8bddf0921e57ba01d9d5de09d_1a3dfbe1296043467bebbce6f3e121fa.png.webp,https://www.ifa-berlin.com/exhibitors?page=66,1830
3476,MATFamily,China,,Hall 5.2,H5.2-457,https://www.ifa-berlin.com/exhibitors/matfamily,https://drive.ifa-berlin.com/drive/2026/08/_cache/d67170ec25858194a787a0327f0d19ad_93e51553ec70c66a2f593e485848fa71.jpg.webp,https://www.ifa-berlin.com/exhibitors?page=66,1831
2231,Moft,China,Communication & Connectivity,Hall 5.2,H5.2-221,https://www.ifa-berlin.com/exhibitors/moft,https://drive.ifa-berlin.com/drive/2025/12/_cache/5bf61f5246bfac6a493109f42c079b35_7c439bd39cff5484bf8c2dee95002021.png.webp,https://www.ifa-berlin.com/exhibitors?page=66,1832
3264,Bluepoint Corporation Ltd.,United Kingdom,Reseller Park,Hub 27f,H27f-13,https://www.ifa-berlin.com/exhibitors/bluepoint,https://drive.ifa-berlin.com/drive/2026/07/_cache/f8c5a15bb0543f4d3e2183b0171812d5_18cd0fa17541bc0b25efc6ed13e02a93.jpg.webp,https://www.ifa-berlin.com/exhibitors?page=66,1833
3645,Plantiemoji,China,IFA Next,Hall 5.2,H5.2-409,https://www.ifa-berlin.com/exhibitors/plantiemoji,https://www.ifa-berlin.com/img/exhibitors/default.svg,https://www.ifa-berlin.com/exhibitors?page=66,1834
3171,"Dongguan GYD Electronics Co., Ltd.",China,IFA Global Markets,Hall 26c,H26c-198,https://www.ifa-berlin.com/exhibitors/dongguan-gyd-electronics,https://drive.ifa-berlin.com/drive/2026/07/_cache/4e381697b7f2458667165ed110ac9c7b_a67673bc495530935eae330c0a33a808.png.webp,https://www.ifa-berlin.com/exhibitors?page=66,1835
3744,Seawag,United Kingdom,IFA Next,Hall 25,H25-377,https://www.ifa-berlin.com/exhibitors/seawag,https://www.ifa-berlin.com/img/exhibitors/default.svg,https://www.ifa-berlin.com/exhibitors?page=66,1836
2616,Zukunft Gründen,Germany,IFA Next,Hall 25,H25-319,https://www.ifa-berlin.com/exhibitors/naviri,https://drive.ifa-berlin.com/drive/2026/07/_cache/3504280f8617c7b5eef61ecda4f8283e_96d41918e9b170efefa82457571449fa.png.webp,https://www.ifa-berlin.com/exhibitors?page=66,1837
3851,SHENGKAI ELECTRIC MACHINE,,IFA Global Markets,Hall 26c,H26c-294,https://www.ifa-berlin.com/exhibitors/shengkai-electric-machine,https://www.ifa-berlin.com/img/exhibitors/default.svg,https://www.ifa-berlin.com/exhibitors?page=66,1838
2826,"Dongguan Xinsineng Electronics Co., Ltd.",China,IFA Global Markets,Hall 26a,H26a-403,https://www.ifa-berlin.com/exhibitors/dongguan-xinsineng-electronics,https://drive.ifa-berlin.com/drive/2026/08/_cache/16d4cb4497504f739690130d98176330_1c2c397f6441e9b14b900206ca414a28.png.webp,https://www.ifa-berlin.com/exhibitors?page=66,1839
3712,EKLEER,South Korea,IFA Next,Hall 25,H25-361,https://www.ifa-berlin.com/exhibitors/ekleer,https://drive.ifa-berlin.com/drive/2026/08/_cache/282920dd8be6113ca524678363b77e8f_4a4a68b8dff3c61c729f51e573506726.png.webp,https://www.ifa-berlin.com/exhibitors?page=66,1840
3007,Cilin X,China,IFA Next,Hall 25,H25-233,https://www.ifa-berlin.com/exhibitors/cilin-x,https://www.ifa-berlin.com/img/exhibitors/default.svg,https://www.ifa-berlin.com/exhibitors?page=66,1841
3112,"Huizhou Kylin Electrical Appliance Co., Ltd.",China,IFA Global Markets,Hall 26b,H26b-937,https://www.ifa-berlin.com/exhibitors/huizhou-kylin-electrical-appliance,https://drive.ifa-berlin.com/drive/2026/08/_cache/50ed585f2c1b79e40f6efcd611803605_c0f833be0d9b7d6d0f93e4a2383224d7.png.webp,https://www.ifa-berlin.com/exhibitors?page=66,1842
2631,Innox Academy,China,IFA Next,Hall 25,H25-187,https://www.ifa-berlin.com/exhibitors/innox-academy,https://drive.ifa-berlin.com/drive/2026/08/_cache/2060676b1672af30e43bceeaa3ab7afd_ae4322cbdcacd6de9ed3ab67d613eff4.png.webp,https://www.ifa-berlin.com/exhibitors?page=66,1843
3253,Media Market International FZCO,United Arab Emirates,Reseller Park,Hub 27e,H27e-26,https://www.ifa-berlin.com/exhibitors/media-market-international,https://www.ifa-berlin.com/img/exhibitors/default.svg,https://www.ifa-berlin.com/exhibitors?page=66,1844
4008,Monster Products,,IFA Global Markets,Hall 26c,H26c-140,https://www.ifa-berlin.com/exhibitors/monster-products,https://www.ifa-berlin.com/img/exhibitors/default.svg,https://www.ifa-berlin.com/exhibitors?page=66,1845
3229,WH Office,Germany,Reseller Park,Hub 27b,H27b-15,https://www.ifa-berlin.com/exhibitors/wh-office,https://www.ifa-berlin.com/img/exhibitors/default.svg,https://www.ifa-berlin.com/exhibitors?page=66,1846
3103,"DONGGUAN GANGDA ELECTRONIC CO.,LTD",China,IFA Global Markets,Hall 26c,H26c-196,https://www.ifa-berlin.com/exhibitors/dongguan-gangda-electronic,https://drive.ifa-berlin.com/drive/2026/07/_cache/ecb250590610c6338f722c52aaeee514_6d93ac1841cd8d6bad457c0f0dfd18cc.png.webp,https://www.ifa-berlin.com/exhibitors?page=66,1847
3144,POUT,South Korea,Computing & Gaming,Hall 7.2c,H7.2c-107,https://www.ifa-berlin.com/exhibitors/pout,https://drive.ifa-berlin.com/drive/2026/08/_cache/f5fbfe5a5a4177db1088e34baefd7753_c3dc96987462f795a39b3e72a44ed028.png.webp,https://www.ifa-berlin.com/exhibitors?page=66,1848
3635,P&C solution,South Korea,IFA Next,Hall 5.2,H5.2-400,https://www.ifa-berlin.com/exhibitors/p-c-solution,https://drive.ifa-berlin.com/drive/2026/07/_cache/211db86915e1c878673557cfbae0e217_b4de54fd60d60ef0f65b02198b1b5663.png.webp,https://www.ifa-berlin.com/exhibitors?page=67,1849
3910,Artwood Productions,South Korea,IFA Next,Hall 5.2,H5.2-404,https://www.ifa-berlin.com/exhibitors/artwood-productions,https://drive.ifa-berlin.com/drive/2026/08/_cache/9e99b662e02b4d4746f94b110fcce9ab_99019d718ba1f71ff68c18e83dd8e191.png.webp,https://www.ifa-berlin.com/exhibitors?page=67,1850
3410,KMSpartner,South Korea,IFA Next,Hall 25,H25-157,https://www.ifa-berlin.com/exhibitors/kmspartner,https://drive.ifa-berlin.com/drive/2026/08/_cache/e30ace247b0421d8500f4b809c1f5732_bb9fa35c40078802d4073146a5977e4a.jpg.webp,https://www.ifa-berlin.com/exhibitors?page=67,1851
2566,SOTUPRIN HGE,Tunisia,IFA Global Markets,Hall 26c,H26c-378,https://www.ifa-berlin.com/exhibitors/sotuprin-hge,https://drive.ifa-berlin.com/drive/2026/06/_cache/7729902009c4e52c39624da64403c935_24f22bb0b3513d4ffbde34dd93a76466.jpeg.webp,https://www.ifa-berlin.com/exhibitors?page=67,1852
3084,"Zhongshan Keyuantai Industry Co., Ltd",Netherlands,Smart Home,Hall 1.2,H1.2-141,https://www.ifa-berlin.com/exhibitors/zhongshan-keyuantai-industry,https://www.ifa-berlin.com/img/exhibitors/default.svg,https://www.ifa-berlin.com/exhibitors?page=67,1853
2353,BOLN,China,Audio,Hall 8.2,H8.2-243,https://www.ifa-berlin.com/exhibitors/boln,https://drive.ifa-berlin.com/drive/2026/08/_cache/62d645668f9b56c90b1f6005b915c08c_e5cac0059d7c1767aaae089d7bbf3f80.jpg.webp,https://www.ifa-berlin.com/exhibitors?page=67,1854
3810,KALILAI,Hong Kong,Computing & Gaming,Hall 7.2b,H7.2b-113,https://www.ifa-berlin.com/exhibitors/kalilai,https://drive.ifa-berlin.com/drive/2026/08/_cache/f7c4249bc9af2400e1aa68b553b240be_0efd3076a657e9837343797dc052aa04.png.webp,https://www.ifa-berlin.com/exhibitors?page=67,1855
2743,"Ningbo Lamo Electric Appliance Co., Ltd",China,IFA Global Markets,Hall 26b,H26b-1045,https://www.ifa-berlin.com/exhibitors/ningbo-lamo-electric-appliance,https://drive.ifa-berlin.com/drive/2026/06/_cache/4327f1d47170440f7f9edabde50e48cc_ea297e0795f1d9d95088c02f63860e5b.png.webp,https://www.ifa-berlin.com/exhibitors?page=67,1856
2699,"Ningbo Everbest Electronics & Technology Co., Ltd.",China,IFA Global Markets,Hall 26a,H26a-545,https://www.ifa-berlin.com/exhibitors/ningbo-everbest-electronics-technology,https://drive.ifa-berlin.com/drive/2026/05/_cache/a4baaae6e4f140f472cc27a773d6c151_81368e523167e382ace20c60e6d26288.png.webp,https://www.ifa-berlin.com/exhibitors?page=67,1857
2127,Grovero,Netherlands,IFA Next,Hall 25,H25-173,https://www.ifa-berlin.com/exhibitors/grovero,https://drive.ifa-berlin.com/drive/2025/12/_cache/725ccb91e285aa41073ff4143867c889_0b182ea2e17ad41a8911c704ea773707.png.webp,https://www.ifa-berlin.com/exhibitors?page=67,1858
2704,"Ningbo Hangdi Electric Technology Co., Ltd.",China,IFA Global Markets,Hall 26b,H26b-893,https://www.ifa-berlin.com/exhibitors/ningbo-hangdi-electric-technology,https://drive.ifa-berlin.com/drive/2026/07/_cache/42dc1d0f9f70eb4c5822a89eb8b04e27_cd296f896d7859282a8977289354a36c.jpg.webp,https://www.ifa-berlin.com/exhibitors?page=67,1859
3244,ALMACOM Distribution GmbH,Germany,Reseller Park,Hub 27e,H27e-06,https://www.ifa-berlin.com/exhibitors/almacom-distribution,https://www.ifa-berlin.com/img/exhibitors/default.svg,https://www.ifa-berlin.com/exhibitors?page=67,1860
3086,Cuorung,China,Smart Home,Hall 1.2,H1.2-201,https://www.ifa-berlin.com/exhibitors/cuorung,https://drive.ifa-berlin.com/drive/2026/07/_cache/bd4d8d201bbba0bb895ded09e7a0e915_08a2fbf9216fe1c376628738a7b5f6aa.png.webp,https://www.ifa-berlin.com/exhibitors?page=67,1861
3419,"LIFECODE, EcooTrunk",China,Reseller Park,Hub 27o,H27o-17,https://www.ifa-berlin.com/exhibitors/lifecode-ecootrunk,https://www.ifa-berlin.com/img/exhibitors/default.svg,https://www.ifa-berlin.com/exhibitors?page=67,1862
3186,Hator Gaming,Netherlands,Computing & Gaming,Hall 5.2,H5.2-520,https://www.ifa-berlin.com/exhibitors/hator-gaming,https://www.ifa-berlin.com/thumbnail/w500/2025/12/hator_gaming_153.webp,https://www.ifa-berlin.com/exhibitors?page=67,1863
2498,WOOLNUT,Sweden,Communication & Connectivity,Hall 5.2,H5.2-174,https://www.ifa-berlin.com/exhibitors/woolnut,https://drive.ifa-berlin.com/drive/2026/09/_cache/7a2334beec942f8cb5579390fd5fd33a_5bd0a6827ed5ae6d95af7ba354e709ae.png.webp,https://www.ifa-berlin.com/exhibitors?page=67,1864
2343,Wepaw Hangzhou Technology,China,IFA Next,Hall 25,H25-291,https://www.ifa-berlin.com/exhibitors/wepaw-hangzhou-technology,https://drive.ifa-berlin.com/drive/2026/08/_cache/a66a3511afa581429b16abc512e3f087_3acc5d111aabf0f1017d41e5561ceca9.png.webp,https://www.ifa-berlin.com/exhibitors?page=67,1865
3655,Precise bigdata company,Taiwan,IFA Next,Hall 25,H25-341,https://www.ifa-berlin.com/exhibitors/precise-bigdata-company,https://www.ifa-berlin.com/img/exhibitors/default.svg,https://www.ifa-berlin.com/exhibitors?page=67,1866
3539,Wah Chong Elite Technology Limited,China,IFA Global Markets,Hall 26b,H26b-851,https://www.ifa-berlin.com/exhibitors/wah-chong-elite-technology,https://drive.ifa-berlin.com/drive/2026/08/_cache/f3811d2d2b40cb73b7a9272ee0a6c328_16f3a1f60da41a92658894ef2df656a2.png.webp,https://www.ifa-berlin.com/exhibitors?page=67,1867
2969,"Zhongshan Topfor Technology Co.,Ltd",China,IFA Global Markets,Hall 26a,H26a-429,https://www.ifa-berlin.com/exhibitors/zhongshan-topfor-technology,https://drive.ifa-berlin.com/drive/2026/07/_cache/badf8a737db2c7182a928b67c21bf9ed_30d173d73b34b7c0e28ac52672bdaaf6.png.webp,https://www.ifa-berlin.com/exhibitors?page=67,1868
3750,SMEG,,Home Appliances,Hall 1.1,H1.1-Trier 6,https://www.ifa-berlin.com/exhibitors/smeg,https://www.ifa-berlin.com/img/exhibitors/default.svg,https://www.ifa-berlin.com/exhibitors?page=67,1869
3748,Duttenhofer,Germany,,Hall 3.1,H3.1-Passau 1,https://www.ifa-berlin.com/exhibitors/duttenhofer,https://drive.ifa-berlin.com/drive/2026/08/_cache/5ed219541437d7fd10d686ae1ab60c2b_920013552cdd7e85a02cc51e3307b571.png.webp,https://www.ifa-berlin.com/exhibitors?page=67,1870
3615,"Shenzhen XHD Electronic Co., Limited",China,IFA Global Markets,Hall 26b,H26b-761,https://www.ifa-berlin.com/exhibitors/shenzhen-xhd-electronic-co,https://www.ifa-berlin.com/img/exhibitors/default.svg,https://www.ifa-berlin.com/exhibitors?page=67,1871
2784,"Zhongshan Hong Sulian Technology Co., Ltd.",China,IFA Global Markets,Hall 26a,H26a-475,https://www.ifa-berlin.com/exhibitors/zhongshan-hong-sulian-technology,https://drive.ifa-berlin.com/drive/2026/08/_cache/54d240e3580456137a429a40a01ddb86_202a6178156f6b17fc87f9db13ea468f.png.webp,https://www.ifa-berlin.com/exhibitors?page=67,1872
3012,PawSwing,China,IFA Next,Hall 25,H25-229,https://www.ifa-berlin.com/exhibitors/pawswing,https://drive.ifa-berlin.com/drive/2026/06/_cache/b0e1b7e40ea6f65b05cbc80d5a1e1cbc_af8445c3e25f6cbec2674c6462d58d07.png.webp,https://www.ifa-berlin.com/exhibitors?page=67,1873
3218,Satrade France,France,Reseller Park,Hub 27b,H27b-12,https://www.ifa-berlin.com/exhibitors/satrade-france,https://www.ifa-berlin.com/img/exhibitors/default.svg,https://www.ifa-berlin.com/exhibitors?page=67,1874
2723,"Suzhou Shiny Home Appliance Co., Ltd.",China,IFA Global Markets,Hall 26a,H26a-355,https://www.ifa-berlin.com/exhibitors/suzhou-shiny-home-appliance,https://drive.ifa-berlin.com/drive/2026/05/_cache/66998f4d0f3f38f65a40a263b3c8df01_d32a77693eac8405447a2847f8098eb2.png.webp,https://www.ifa-berlin.com/exhibitors?page=67,1875
3177,"Cixi Gardeng Electrical Appliance Co., Ltd.",China,IFA Global Markets,Hall 26c,H26c-184,https://www.ifa-berlin.com/exhibitors/cixi-gardeng-electrical-appliance,https://drive.ifa-berlin.com/drive/2026/08/_cache/dbb0626143ff3bd6efdaa40e515cbeec_78d00964327d288382c3960ae543c3f3.png.webp,https://www.ifa-berlin.com/exhibitors?page=67,1876
3845,Weyrauch Repair,Germany,Communication & Connectivity,CityCube Hall B,CCBB-135,https://www.ifa-berlin.com/exhibitors/weyrauch-repair,https://drive.ifa-berlin.com/drive/2026/08/_cache/56598a1f651b2bfccd4419b2999137ea_4e6dd08d0e42029f69dbc8ceac4fdba7.png.webp,https://www.ifa-berlin.com/exhibitors?page=68,1877
3206,"Nippon Electric Glass Co., Ltd.",Japan,IFA Global Markets,Hall 26c,H26c-334,https://www.ifa-berlin.com/exhibitors/nippon-electric-glass,https://drive.ifa-berlin.com/drive/2025/12/_cache/cb52998826e525472c467f197bf0cbf0_6bdbd817d9abf4dd61a84e9ed7d2ea4e.jpg.webp,https://www.ifa-berlin.com/exhibitors?page=68,1878
3847,Krix Academy,Germany,Communication & Connectivity,CityCube Hall B,CCBB-135,https://www.ifa-berlin.com/exhibitors/krix-academy,https://drive.ifa-berlin.com/drive/2026/08/_cache/a689e23c477f75fc6e7d02ba961af60e_4af31b58234c87faf68b900d6ef7b2f0.png.webp,https://www.ifa-berlin.com/exhibitors?page=68,1879
2135,KARRI.io Ltd.,United Kingdom,IFA Next,Hall 25,H25-213,https://www.ifa-berlin.com/exhibitors/karri-io,https://www.ifa-berlin.com/img/exhibitors/default.svg,https://www.ifa-berlin.com/exhibitors?page=68,1880
1855,Easymobile,,,,,https://www.ifa-berlin.com/exhibitors/easymobile,https://www.ifa-berlin.com/img/exhibitors/default.svg,https://www.ifa-berlin.com/exhibitors?page=68,1881
3798,Ampere Point,Poland,Mobility,CityCube Hall B,CCBB-126,https://www.ifa-berlin.com/exhibitors/ampere-point,https://www.ifa-berlin.com/img/exhibitors/default.svg,https://www.ifa-berlin.com/exhibitors?page=68,1882
2917,"Changzhou Cable-link Electronics Co., Ltd.",China,IFA Global Markets,Hall 26b,H26b-815,https://www.ifa-berlin.com/exhibitors/changzhou-cable-link-electronics,https://drive.ifa-berlin.com/drive/2026/08/_cache/aab2f9e1a030b716c96a107e047c3303_8830783a581cd1af8e7bc4dc15246035.jpg.webp,https://www.ifa-berlin.com/exhibitors?page=68,1883
3812,Dashmoto,USA,Mobility,CityCube Hall B,CCBB-129,https://www.ifa-berlin.com/exhibitors/dashmoto,https://drive.ifa-berlin.com/drive/2026/08/_cache/110ff1aadac3eab9195b49dd87988fb4_9e1417e5d85e8b010db8c8fbeafabb33.png.webp,https://www.ifa-berlin.com/exhibitors?page=68,1884
2951,"NINGBO KESHI ELECTRICAL APPLIANCE CO.,LTD",China,IFA Global Markets,Hall 26a,H26a-525 | H26a-519,https://www.ifa-berlin.com/exhibitors/ningbo-keshi-electrical-appliance,https://www.ifa-berlin.com/img/exhibitors/default.svg,https://www.ifa-berlin.com/exhibitors?page=68,1885
3497,PINXU,China,Computing & Gaming,Hall 7.2a,H7.2a-113,https://www.ifa-berlin.com/exhibitors/pinxu,https://drive.ifa-berlin.com/drive/2026/08/_cache/9fc649c02369b1a12b3596351bae796a_f6266a43ede23be2e1323211898e6b7c.png.webp,https://www.ifa-berlin.com/exhibitors?page=68,1886
3772,Farkind GmbH & Co. KG,Germany,Reseller Park,Hub 27n,H27n-04,https://www.ifa-berlin.com/exhibitors/farkind,https://drive.ifa-berlin.com/drive/2026/08/_cache/620e90aceab5788d31e674a13294ad5b_ee44e593c39003cfdbf1f9a81eb039b9.png.webp,https://www.ifa-berlin.com/exhibitors?page=68,1887
2364,Migo Intelligence,China,IFA Next,Hall 25,H25-171,https://www.ifa-berlin.com/exhibitors/migo-intelligence,https://drive.ifa-berlin.com/drive/2026/08/_cache/97105554c912dcbb8ea07b6923293eed_10414b609a7146ca4a01a5eaab92e442.png.webp,https://www.ifa-berlin.com/exhibitors?page=68,1888
2379,Apiyoo,China,Beauty Tech & Wellbeing,Hall 14,H14-105,https://www.ifa-berlin.com/exhibitors/apiyoo,https://drive.ifa-berlin.com/drive/2026/08/_cache/0b9f953111eceae87ac8c47f4aaa5b67_001714fbf90963e260ac4a78084040ad.png.webp,https://www.ifa-berlin.com/exhibitors?page=68,1889
2571,Airsled,USA,IFA Global Markets,Hall 26c,H26c-307,https://www.ifa-berlin.com/exhibitors/airsled,https://drive.ifa-berlin.com/drive/2026/06/_cache/ba40c8a6301f22f526eb7dab30fd998e_4c5256e69f2de616d0a4c31794ddf4e7.png.webp,https://www.ifa-berlin.com/exhibitors?page=68,1890
2349,Jasibo,China,Audio,Hall 8.2,H8.2-201,https://www.ifa-berlin.com/exhibitors/jasibo,https://drive.ifa-berlin.com/drive/2026/08/_cache/2e927f2ac4a5a5d61befe4af6e627c09_e20451444fb1a6b585065f3c3bbeb3b1.png.webp,https://www.ifa-berlin.com/exhibitors?page=68,1891
3127,"Foshan Samko Technology Co., Ltd.",China,IFA Global Markets,Hall 26a,H26a-291,https://www.ifa-berlin.com/exhibitors/foshan-samko-technology,https://drive.ifa-berlin.com/drive/2025/12/_cache/2f5c164ff4fab470b976a4ed2d0111c3_8f220b43b886289cd2ae720d8a4dd9b3.png.webp,https://www.ifa-berlin.com/exhibitors?page=68,1892
3704,EFLOW,South Korea,IFA Next,Hall 25,H25-361,https://www.ifa-berlin.com/exhibitors/eflow,https://drive.ifa-berlin.com/drive/2026/08/_cache/84b9737a6fae744ba1009799834b057b_c5a53966d7deba267e05b5358f230fb6.jpg.webp,https://www.ifa-berlin.com/exhibitors?page=68,1893
3444,"Dongguan Kitchen Steward Home Appliance Co., Ltd.",China,IFA Global Markets,Hall 26a,H26a-737,https://www.ifa-berlin.com/exhibitors/dongguan-kitchen-steward-home-appliance,https://drive.ifa-berlin.com/drive/2026/08/_cache/691c1c3c1b0f19160043127bdbf0797b_4b50394481ae6218ece41689f56126a1.png.webp,https://www.ifa-berlin.com/exhibitors?page=68,1894
3333,TeleQare Europe B.V.,Netherlands,Reseller Park,Hub 27n,H27n-01,https://www.ifa-berlin.com/exhibitors/teleqare-europe,https://www.ifa-berlin.com/img/exhibitors/default.svg,https://www.ifa-berlin.com/exhibitors?page=68,1895
3628,Neobution GmbH,Germany,Reseller Park,Hub 27e,H27e-05,https://www.ifa-berlin.com/exhibitors/neobution,https://www.ifa-berlin.com/thumbnail/w500/2025/12/neobution_gmbh_1471.webp,https://www.ifa-berlin.com/exhibitors?page=68,1896
2910,"DongGuan City TianHua Photoelectric Technology Co., Ltd.",China,IFA Global Markets,Hall 26a,H26a-397,https://www.ifa-berlin.com/exhibitors/dongguan-city-tianhua-photoelectric-technology,https://drive.ifa-berlin.com/drive/2026/08/_cache/7b3c022c2678a3fc9de6b9c59bc3ab2f_de38ecea40626d956aa0d30a4eb6d277.png.webp,https://www.ifa-berlin.com/exhibitors?page=68,1897
3053,Ega,Egypt,IFA Global Markets,Hall 26c,H26c-114,https://www.ifa-berlin.com/exhibitors/ega,https://drive.ifa-berlin.com/drive/2026/06/_cache/222a1f99dd41fb15d3ef41ebdc57411a_9297efcfa31d02e75ce6da4e1eed19a6.jpg.webp,https://www.ifa-berlin.com/exhibitors?page=68,1898
2153,iOttie Inc,USA,Communication & Connectivity,Hall 5.2,H5.2-171,https://www.ifa-berlin.com/exhibitors/iottie,https://drive.ifa-berlin.com/drive/2025/12/_cache/c25febc7cea2cc15de650666d83cd5c6_9d5041708fc4bc7b52a5927f8f228daf.png.webp,https://www.ifa-berlin.com/exhibitors?page=68,1899
2786,"Dongguan Soundix Technology Co., Ltd.",China,IFA Global Markets,Hall 26b,H26b-747,https://www.ifa-berlin.com/exhibitors/dongguan-soundix-technology,https://drive.ifa-berlin.com/drive/2026/07/_cache/6c0789c673e35375d1bc9beb623d92e2_fc6337f631920f80871f9dd7b44d8f02.png.webp,https://www.ifa-berlin.com/exhibitors?page=68,1900
2077,"Firstar Battery Co., Limited.",Germany,Communication & Connectivity,Hall 5.2,H5.2-172,https://www.ifa-berlin.com/exhibitors/firstar-battery,https://www.ifa-berlin.com/img/exhibitors/default.svg,https://www.ifa-berlin.com/exhibitors?page=68,1901
3917,TikTok Germany GmbH,,,,,https://www.ifa-berlin.com/exhibitors/tiktok-germany,https://www.ifa-berlin.com/img/exhibitors/default.svg,https://www.ifa-berlin.com/exhibitors?page=68,1902
