url,co_info,co_background
https://www.beautyworldtaipei.com/m/company.aspx?eid=BWT2026&id=1463&f=,"Country
Taiwan
Website
Booth
A0028","WE ARE RERACINE, WE ARE INNOVATORS
RERACINE 是創新者，韓國 RERACINE 成立於2021年
目前正出口各種保養品到台灣、日本、美國、澳洲、菲律賓、越南等多個國家。
我們品牌出發於對保養品的熱情，至今仍不斷地以創新的想法來驚艷我們的客戶。
我們亦希望能為我們的客戶提供多元化的體驗。
RERACINE 對美的定義、保養品、設計等不停地進行研究，致力為各位專門家提供新穎的保養方法。
經過長時間的苦惱和研究，我們擬訂出只能在RERACINE才能體驗到的全新護膚體驗和獨特的臨床效果。
官網🔗https://www.advanceyanco.com

WE ARE RERACINE, WE ARE INNOVATORS
RERACINE was founded in Korea in 2021.
We currently export a wide range of skincare products to Taiwan, Japan, the United States, Australia, the Philippines, Vietnam, and other countries.
Our brand was born from a passion for skincare, and we continue to astonish our customers with innovative ideas.
We also aim to offer our customers a diverse range of experiences.
RERACINE continually researches concepts of beauty, skincare formulations, and design, and is committed to providing professionals with novel skincare approaches.
After extensive research and development, we have created a completely new skincare experience and distinctive clinical results that can only be found at RERACINE."
https://www.beautyworldtaipei.com/m/company.aspx?eid=BWT2026&id=1474&f=,"Country
Taiwan
Website
Booth
A1600","尚未提供資訊
No Data To Display"
https://www.beautyworldtaipei.com/m/company.aspx?eid=BWT2026&id=1520&f=,"Country
Taiwan
Website
Booth
D1515","「專業技術、專業領域、專業服務」是愛爾麗診所的3大核心價值，為保障所有顧客的療程安全，品牌堅持與美國最大的醫美器材供應商合作，使用高品質、高成本的原廠合法儀器和耗材，並引進最新國際醫療美容技術，品管也通過ISO9001國際驗證，以標準的作業流程與內部教育訓練，嚴格掌控各項療程風險，致力提供顧客全方位的醫療美容專業服務。

愛爾麗診所擁有通過衛福部合格認證的整形與皮膚專科醫師團隊，加上溫馨、安靜的就診空間氛圍，確保每位來診的貴賓都能享有合法、安心的醫療保障。品牌也深耕社會公益，投入救護車捐贈、帕運選手培育、搜救犬與巴士支援等多元行動，以「締造美，傳播愛」為信念，希望讓台灣社會「因愛而美麗」，同時傳遞「取之社會、用之社會就該回饋社會」的品牌精神。

“Professional Technology, Professional Expertise, and Professional Service” are the three core values of Airlee Clinic. To ensure the safety of every client’s treatment, the brand insists on partnering with the largest medical aesthetics equipment supplier in the United States, utilizing high-quality, high-cost, original manufacturer–certified devices and consumables. The clinic also introduces the latest international aesthetic medical technologies. Its quality management system is ISO 9001 certified, and through standardized operating procedures and comprehensive internal training programs, Airlee Clinic strictly controls treatment risks, striving to provide clients with comprehensive and professional medical aesthetic services.

Airlee Clinic is staffed by a team of board-certified plastic surgeons and dermatologists accredited by Taiwan’s Ministry of Health and Welfare. Combined with a warm and tranquil clinical environment, the clinic ensures that every guest receives legal, safe, and reliable medical care. The brand is also deeply committed to social responsibility, contributing to initiatives such as ambulance donations, training for Paralympic athletes, and support for search-and-rescue dogs and transport services. Guided by its belief in “Creating Beauty, Spreading Love,” Airlee Clinic aspires to make Taiwanese society “beautiful through love,” while upholding the spirit of giving back—recognizing that what is taken from society should be returned to society."
https://www.beautyworldtaipei.com/m/company.aspx?eid=BWT2026&id=1344&f=,"Country
Korea
Website
Vsit our official website
Booth
A0315","我们是位于韩国的医疗美容公司 Alfa Medical。我们致力于供应埋线提升产品、玻尿酸填充剂、皮肤助推器（水光针）、注输钝针、美塑针以及医学美容化妆品。

We, Alfa Medical, are the aesthetic medical company located in South Korea. We supply thread lifting, HA filler, skinbooster, cannula, meso needle, and derma cosmetic."
https://www.beautyworldtaipei.com/m/company.aspx?eid=BWT2026&id=1561&f=,"Country
Japan
Website
Vsit our official website
Booth
A1025","2018 年，誕生於東京銀座的 ALLPAIR。

融合日本最前沿的肌膚科學與內在保養科技，
結合宇宙般深邃而神秘的能量哲學，
持續孕育由內而外綻放的美與自信。

“All Things Have Meaning, Pretty From Balance.”

從身體到心靈，
讓每一個人，都擁有屬於自己的平衡之美。

在 ALLPAIR 看來，
真正的美，如同浩瀚宇宙中閃耀的星辰，
源於萬物之間精妙而神祕的平衡。

隨著歲月流轉，
身體的黯淡與漸失的自信，
往往悄然產生。

ALLPAIR 專注於不同層面的美麗課題，
以科學為根基，以匠心為信念，
喚醒每個人與生俱來的——「本質之美」。


Founded in 2018 in Tokyo’s prestigious Ginza district,
ALLPAIR was born at the intersection of advanced Japanese skin science and inner wellness innovation.

Blending cutting-edge research with a philosophy inspired by the profound balance of the cosmos,
we cultivate beauty that radiates from within — confidence that endures.

“All Things Have Meaning, Pretty From Balance.”

From body to mind,
true beauty begins with harmony.

To us, beauty is like the constellations scattered across the universe —
each element existing in a delicate, intentional equilibrium.

As time passes, vitality may fade,
and confidence may quietly diminish.

ALLPAIR specializes in targeted solutions for modern beauty concerns,
grounded in science, elevated by craftsmanship.

We awaken the beauty that has always existed within you —

Your Essential Beauty."
https://www.beautyworldtaipei.com/m/company.aspx?eid=BWT2026&id=1569&f=,"Country
Korea
Website
Vsit our official website
Booth","尚未提供資訊
No Data To Display"
https://www.beautyworldtaipei.com/m/company.aspx?eid=BWT2026&id=1570&f=,"Country
Taiwan
Website
Booth
D2433","尚未提供資訊
No Data To Display"
https://www.beautyworldtaipei.com/m/company.aspx?eid=BWT2026&id=1530&f=,"Country
Japan
Website
Vsit our official website
Booth
A0924","尚未提供資訊
No Data To Display"
https://www.beautyworldtaipei.com/m/company.aspx?eid=BWT2026&id=1369&f=,"Country
Korea
Website
Vsit our official website
Booth
D1817","尚未提供資訊
No Data To Display"
https://www.beautyworldtaipei.com/m/company.aspx?eid=BWT2026&id=1538&f=,"Country
Taiwan
Website
Vsit our official website
Booth
A0309","尚未提供資訊
No Data To Display"
https://www.beautyworldtaipei.com/m/company.aspx?eid=BWT2026&id=1519&f=,"Country
Taiwan
Website
Booth
D2322","尚未提供資訊
No Data To Display"
https://www.beautyworldtaipei.com/m/company.aspx?eid=BWT2026&id=1442&f=,"Country
Taiwan
Website
Booth
D2336","采恩保養品在日本市場深耕將近40年，不以激進的行銷手法煽動愛美的女人心卻自有死忠的消費者鍾情擁護。主張護膚強調適齡、適肌、適季、適品。在此精細區分的護膚理念之下，發展出各種效能的保養品系列，雖然品項眾多，區分精細每一系列都經過日本醫學研究，不會造成人體傷害。
秉持所謂的三S精神，SCIENCE、SERVICE、SAVING，分別代表了科學、服務與節約。採用最先進技術提供最高品質產品；完美滿足核心護膚需求，對應不同的生活型態，幫您打造自然無暇美肌。

ANT mission is to provide women with superior products and services that fulfill their quest and enthusiasm for beauty. Surpassing expectations by continually taking science and creativity to new levels."
https://www.beautyworldtaipei.com/m/company.aspx?eid=BWT2026&id=1410&f=,"Country
Taiwan
Website
Booth
D2034","尚未提供資訊
No Data To Display"
https://www.beautyworldtaipei.com/m/company.aspx?eid=BWT2026&id=1441&f=,"Country
Taiwan
Website
Booth
A0130","專業創新研發-專業博士團隊共同研發，針對各種肌膚問題做功效性的產品
從研發到生產，並在自家門市銷售，打造一條龍式的產銷模式

獨家BioExom® 技術
獨家科研精萃成分，以極小的分子結構，帶來清爽輕盈的潤澤感，呵護肌膚，綻放明亮光采


Professional and innovative R&D – Developed by a team of PhDs, creating effective products targeting various skin concerns.

From R&D to production, and sold in its own stores, creating a vertically integrated production and sales model.

Exclusive BioExom® Technology

Exclusive scientifically extracted ingredients, with an extremely small molecular structure, deliver a refreshing and lightweight moisturizing feel, caring for the skin and revealing a radiant glow.
"
https://www.beautyworldtaipei.com/m/company.aspx?eid=BWT2026&id=1373&f=,"Country
Korea
Website
Vsit our official website
Booth
A0319","本公司為專注於頭皮、髮品及舒緩護膚的韓國功能性美妝企業。產品透過韓國皮膚科通路建立專業信賴，並獲得長期活躍之知名網紅持續選用與銷售。我們致力於開發兼具效果、安全性與日常實用性的產品。

We are a K-beauty company specializing in functional scalp, hair, and calming skincare products. Our products have gained trust through dermatology distribution in Korea and are also chosen by long-standing influencers. We develop solutions that balance efficacy, safety, and daily usability."
https://www.beautyworldtaipei.com/m/company.aspx?eid=BWT2026&id=1516&f=,"Country
Taiwan
Website
Booth
A0930","在追求美麗與自信的道路上，我們始終相信，真正值得長期使用的保養，必須建立在紮實的成分選擇與清楚的配方邏輯之上。

韓國保養品牌「Cellinkos」，並非以單一成分或短期效果作為產品訴求。品牌長期於全世界各地收集與研究具有潛力的原料，穩定性與安全性評估的成分，轉化為可被日常使用的保養配方。

在配方設計的過程中，Cellinkos 與韓國「Unique」整形外科與皮膚科醫生團隊合作，將醫學研究中對於皮膚結構、穩定性與長期管理的理解，打造一系列安全、可靠的護膚選擇。我們相信，好的保養品不只是追求短暫的驚艷，而是長期穩定的肌膚狀態。

作為 Cellinkos 台灣總代理，我們堅持品牌對原料與品質的高度要求，確保產品來源清楚、技術背景明確，並努力將韓國醫學級保養理念在地化，滿足台灣消費者對保養品質的期待。

On the journey toward beauty and confidence, we believe that skincare truly worth using over the long term and must be built upon carefully selected ingredients and a clear formulation philosophy.

The Korean skincare brand Cellinkos does not develop products based solely on a single trending ingredient or short-term market trend. Instead, the brand continuously sources and evaluates patented raw materials and ingredients with proven stability and safety from around the world, transforming them into formulations designed for everyday skincare use.

During the formulation process, Cellinkos collaborates with Dr. Jun-Hyuk Lee, director of Unique Plastic Surgery & Dermatology Clinic in Korea. By integrating medical research on skin structure, stability, and long-term skin management, the brand creates a range of skincare solutions that are both safe and reliable.

Cellinkos is dedicated to combining modern scientific research with the power of natural botanical extracts, developing a skincare brand specifically designed for Asian skin types and lifestyles. From internal nutritional support to external skin care, we uphold the core values of purity, safety, and effectiveness, ensuring that skincare is not just about temporary repair, but about building a long-term cycle of healthy skin.

As the official distributor of Cellinkos in Taiwan, we uphold the brand’s strict standards for ingredient sourcing and product quality. We ensure transparency in product origins and technological background, while working to localize international skincare innovations to better meet the needs of the Taiwanese and broader Mandarin-speaking markets."
https://www.beautyworldtaipei.com/m/company.aspx?eid=BWT2026&id=1430&f=,"Country
Taiwan
Website
Booth
A1505","強利以生產醫療用紗布及各項棉製品為主。
因應市場延續現有產品並增加美容用一次性耗材~美容紗布墊、不織布美容床單、不織布條帽、十字抗污巾、化妝棉、美容毛巾、敷臉紗布、美容衣、紙拖鞋、紙褲、丁字褲、口罩、手套及擦拭布等醫療美容照顧耗材﹐亦為專業耗材代工生產供應商。

"
https://www.beautyworldtaipei.com/m/company.aspx?eid=BWT2026&id=1387&f=,"Country
Taiwan
Website
Booth
D1324","CHORUS
科學保養・始於1988．專注肌膚穩定之道

CHORUS卡若絲自1988年創立以來，深耕肌膚保養領域，秉持「專業科研 × 穩膚理念」核心精神，致力於為各種膚質打造更安心、有效的保養體驗。品牌由台灣專業美容團隊創立，融合長年經驗與創新研發，提供日常可用、肌膚友善的保養品選擇。

MIT研發 × 專利技術
CHORUS由專業團隊全程把關，從配方設計到品質控管，層層嚴謹執行，體現MIT製造的高品質標準。
全系列產品導入協同微針科技與奈米包覆技術，有效強化成分穩定性與吸收效率，優化膚觸表現與使用感受。
更研發專利配方——「外泌體艾索鏈®」，融合修護與防護設計，提供肌膚保濕、穩定、緊緻等多重支持，打造日常保養的理想基礎

Since 1988, CHORUS has been devoted to advancing professional skincare through a science-driven approach. Guided by the philosophy of “Advanced Research × Skin Stability,” we create formulations designed to support balanced, resilient skin in everyday life.

Founded by a professional Taiwanese beauty team, CHORUS blends decades of expertise with modern innovation to deliver skincare that is effective, skin-friendly, and suitable for daily use across diverse skin types.

Proudly developed and manufactured in Taiwan (MIT), every CHORUS formula undergoes strict quality control—from concept to completion—ensuring precision, safety, and performance.

Our full collection integrates Synergistic Micro-Needle Technology and Nano-Encapsulation Technology to enhance ingredient stability, optimize absorption, and elevate skin feel.

At the heart of our innovation lies our patented complex —Sangsicle® — engineered with a dual repair-and-defense design to provide multi-dimensional support for hydration, stability, and firmness.

Because healthy skin begins with stability."
https://www.beautyworldtaipei.com/m/company.aspx?eid=BWT2026&id=1397&f=,"Country
Taiwan
Website
Booth
A0627","尚未提供資訊
No Data To Display"
https://www.beautyworldtaipei.com/m/company.aspx?eid=BWT2026&id=1562&f=,"Country
Japan
Website
Vsit our official website
Booth
A1024","＜日本国内导入店铺突破17,000家！＞

LINE预约系统“Repitte”，不仅深受沙龙店长和经营者的青睐，也广泛应用于美体师、理发师、美甲师、美睫师等个人从业者及自由职业者！

概要
【提高顾客回头率】
通过Repitte，您不仅可以轻松实现LINE在线预约和自动发送提醒消息，还能根据客户信息和预约记录筛选目标群体，自动发送精准消息，从而有效提升回头率。目前，已有店铺通过灵活运用Repitte，实现了高达80%的回头率！

【客户信息管理】
如果您需要更详细地管理客户信息，可以使用我们的**“电子病历/咨询卡”功能**。您不仅可以通过图片、视频或文字记录每次的护理内容，还可以通过LINE官方账号将“术前术后对比图”等内容有选择性地分享给客户！

免费试用说明
Repitte为您提供首月免费试用优惠！如果您感兴趣，可以立即轻松上手，在实际体验中进行评估。

※ 欢迎随时通过官方网站咨询。



Repitte—the LINE-integrated reservation system—is trusted not only by salon managers and owners but also by individual practitioners and freelancers, including estheticians, hairstylists, nail technicians, and lash artists!

Overview
[Strategies for Customer Retention]
With Repitte, you can easily accept bookings via LINE and send automated reminder messages. You can also send targeted automated messages based on customer data and booking history, making it a powerful tool for boosting repeat business. In fact, some shops using Repitte have achieved a 80% customer return rate!

[Customer Information Management]
For those who want more detailed record-keeping, our Medical Record (Karte) Function is here for you. You can record treatment details for each visit using images, videos, and notes. Furthermore, you can optionally share ""Before & After"" photos and other content directly with your customers through your LINE Official Account!

Free Trial Information
We offer a Free Trial for the first month of your subscription! If you’re interested, you can get started quickly and easily to see how it works for your business.

Please feel free to contact us via our official website."
https://www.beautyworldtaipei.com/m/company.aspx?eid=BWT2026&id=1567&f=,"Country
Taiwan
Website
Vsit our official website
Booth","尚未提供資訊
No Data To Display"
https://www.beautyworldtaipei.com/m/company.aspx?eid=BWT2026&id=1560&f=,"Country
Taiwan
Website
Booth
P09","尚未提供資訊
No Data To Display"
https://www.beautyworldtaipei.com/m/company.aspx?eid=BWT2026&id=1426&f=,"Country
Taiwan
Website
Booth
A0315","美容儀器首選——芸采有限公司，助您提升業務競爭力！
芸采專注於高端美容儀器銷售，為美容店家提供專業、安全、高效的設備，幫助您提升服務品質，吸引更多客戶。我們還提供專業操作培訓與售後支援，確保美容師能夠熟練運用，提高服務效率，打造口碑與回客率，提升市場競爭力！


Top Choice for Beauty Devices — YUNCAI Helping You Enhance Your Business Competitiveness!

Yuncai specializes in the sales of high-end beauty devices, providing beauty salons with professional, safe, and highly efficient equipment to help improve service quality and attract more clients.

We also offer professional operation training and comprehensive after-sales support, ensuring that beauticians can master the equipment with ease, improve service efficiency, and build strong customer satisfaction and return rates—ultimately enhancing your competitiveness in the market.
"
https://www.beautyworldtaipei.com/m/company.aspx?eid=BWT2026&id=1406&f=,"Country
Taiwan
Website
Booth
D0203","尚未提供資訊
No Data To Display"
https://www.beautyworldtaipei.com/m/company.aspx?eid=BWT2026&id=1381&f=,"Country
Taiwan
Website
Booth
A1713","康倪 CONI：以科研淬鍊自然，定義頂級抗老的永恆之美
美麗不應隨歲月流逝而妥協，而是一場對生命光采的深度經營。康倪（CONI）誕生於對天然與完美的極致熱情，始終秉持「純淨自然，成就永恆美麗」的初衷，致力於為亞洲女性打造無懈可擊的護膚體驗。我們深信，真正的頂級保養，是能同時兼顧自然的溫柔呵護與科研的高效精準。

品牌靈魂：C.O.N.I. 的四大核心精神
Concept（精準美學）： 透過高效簡約的護理方案，讓肌膚在最短時間內獲得深度修復，重塑緊緻無瑕的完美輪廓。

Original（純淨之源）： 嚴選海洋深層水為基底，堅持無酒精、無人工防腐劑，以純粹水質守護肌膚最初的純淨。

Naturel（再生能量）： 匯聚 100% 天然植物精萃，協同肌膚自然的代謝韻律，加強細胞再生力，由底層煥發青春光澤。

Ideal（極致承諾）： 針對歲月問題逐一擊破，為客戶提供「迅速、確實、零負擔」的保養承諾，是我們恆久不變的信念。

""頂級抗老與匠心科研的完美融合""
在康倪，每一瓶保養品皆是跨越時光的藝術傑作。為了在抗老領域追求極致效果，我們不計成本引進諾貝爾得獎抗老原料、珍稀黃金蠶絲及有機玫瑰果油，透過尖端生技科技，將奢華成分轉化為肌膚能輕易吸收的細膩質地。
從原料的嚴苛篩選、配方的反覆測試到設計上市，每個細節都經過研究團隊的層層把關。我們不斷挑戰自我，每年進行產品開發與科技升級，確保每一位顧客都能享有與國際同步的頂級呵護。

""讓歲月停格，預見完美的自己""
康倪將每日的例行保養轉化為一場身心愉悅的奢華洗禮。精巧如藝術品的包裝，不僅封存了高效活性，更象徵著我們對品質的挑剔與對美的尊重。康倪最終的承諾，是讓歲月停格，老化止步。我們專注於服務每一位追求卓越的女性，協助您克服時光挑戰，輕鬆擁有獨一無二、由內而外散發自信光芒的完美體態。

CONI: Where Science Meets Nature to Redefine Ageless Beauty
True beauty should never be a compromise with time; it is a profound dedication to nurturing one's radiance. Born from an unwavering passion for natural perfection, CONI was founded on the belief that ""purity is the most enduring form of beauty."" We specialize in providing Asian women with a seamless skincare experience—one that harmonizes the healing power of nature with the precision of cutting-edge dermatological research.

The Soul of CONI: Our Four Pillars of Excellence
The brand’s philosophy is anchored in four foundational principles, derived from our French heritage:

Concept (Precision Aesthetics): We simplify complex skincare routines into high-performance solutions, allowing the skin to achieve deep repair and a refined, youthful contour in the shortest time possible.

Original (Purity of Source): Utilizing pristine deep-sea water as our base, we remain committed to a formula free from alcohol and artificial preservatives, ensuring the most authentic touch for your skin.

Naturel (Regenerative Vitality): By harnessing 100% natural botanical extracts, we work in harmony with the skin’s natural circadian rhythm, boosting cellular regeneration to reveal an organic, luminous glow.

Ideal (The Ultimate Promise): Our mission is to systematically target and eliminate signs of aging. We provide a ""swift, effective, and weightless"" skincare experience—a steadfast commitment to our clients.

Mastering the Art of Premium Anti-Aging
At CONI, every product is a masterpiece crafted at the intersection of laboratory science and artistic design. To push the boundaries of anti-aging, we spare no expense in sourcing world-class ingredients, including Nobel Prize-winning components, premium Golden Silk, and organic Rosehip Oil. Through advanced biotechnology, these luxurious elements are transformed into exquisite textures that penetrate deeply to restore skin elasticity.

From the rigorous selection of raw materials to exhaustive clinical testing, every detail is scrutinized by our research team. We embrace the rapid evolution of the skincare industry by continuously upgrading our technologies, ensuring that our clients always receive the most advanced, world-class care available.

Freezing Time, Revealing Perfection
CONI transforms the daily skincare routine into a luxurious ritual of self-care. Our elegantly designed packaging does more than just preserve the potency of our active ingredients; it serves as a testament to our meticulous craftsmanship and respect for beauty. Our ultimate promise is to freeze the passage of time and halt the signs of aging. By focusing on the unique needs of every woman, CONI empowers you to transcend the challenges of time, revealing a version of yourself that is confident, unique, and eternally radiant."
https://www.beautyworldtaipei.com/m/company.aspx?eid=BWT2026&id=1434&f=,"Country
Taiwan
Website
Booth
A1130","✨潘絲緹三大核心優勢

✔ 五行芳療系統
以木、火、土、金、水五行概念設計產品與療程，打造可教學、可複製、可商用的芳療架構。

✔ 純淨草本配方
100%植物精萃 × 高品質基礎油，不添加人工香料與礦物油防腐劑，親膚安心。

✔ 專業通路支援
提供美容、SPA、養生館與芳療師彈性合作模式與經銷方案，協助提升營運效益與市場競爭力。

🤝產品 × 教育 × 通路，一次到位

潘絲緹攜手康姿多儷 SPA 國際教育學苑，打造
**「芳療產品 × 專業教育 × 商業系統」**三位一體的整合平台。

🎓康姿多儷 SPA 國際教育學苑｜教育核心
康姿多儷 SPA 國際教育學苑專注培養實戰型芳療與美業專業人才，結合東方經絡理論、芳療應用與療程設計，建立從技術、產品到營運的完整培訓系統。

學苑核心特色：
✔ 系統化技術教學
融合五行、經絡與臨床應用，打造可直接導入門市的專業療程模組。
✔ 國際證照與師資培訓
提供專業認證與進修課程，協助學員建立市場競爭力。
✔ 創業與經營輔導
從療程設計、產品導入到營運模式，協助學員與店家快速成長。

📍歡迎蒞臨展場，體驗香氣、了解產品與課程內容，與潘絲緹與康姿多儷一同開創芳療產業新價值。

🎓 CONSTONIC SPA International Education Academy｜Educational Core

CONSTONIC SPA International Education Academy focuses on cultivating practice-driven professionals in aromatherapy and the beauty & wellness industry. By integrating Eastern meridian theory, applied aromatherapy, and treatment design, the Academy has built a comprehensive training system covering techniques, products, and business operations.

Academy Highlights:

✔ Systematic Technical Training
Blending Five-Element principles, meridian pathways, and clinical-style applications to develop professional treatment modules ready for immediate use in spas and salons.

✔ International Certification & Instructor Development
Providing professional credentials and advanced education programs to strengthen career pathways and market competitiveness.

✔ Entrepreneurship & Business Coaching
From treatment design and product integration to operational strategies, the Academy supports students and partners in accelerating sustainable growth.

⸻

📍 Visit our exhibition booth to experience the fragrances, explore our products and training programs, and discover partnership opportunities as PRISTINE and CONSTONIC SPA shape the future of the aromatherapy industry together."
https://www.beautyworldtaipei.com/m/company.aspx?eid=BWT2026&id=1341&f=,"Country
Japan
Website
Vsit our official website
Booth
A1224","提升真正美學覺知

真正的美學覺知涵蓋健康身心的和諧。基於再生醫學理念，Doctor Realize 致力於透過醫師研發的化妝品與保健食品，提供真正的美麗、健康與煥活。我們的使命是賦能女性充滿活力地生活，全面擁抱人生，並為人類與社會的繁榮與發展貢獻力量。

Enhancing True Aesthetic Awareness

True aesthetic awareness encompasses the harmony of a healthy mind and body. Based on regenerative medicine, Doctor Realize aims to provide genuine beauty, health, and rejuvenation through doctor-developed cosmetics and supplements. Our mission is to empower women to live vibrantly and fully embrace life, contributing to the prosperity and development of humanity and society."
https://www.beautyworldtaipei.com/m/company.aspx?eid=BWT2026&id=1479&f=,"Country
Turkey
Website
Booth
A0621","

DRC Group is a manufacturer of oral care, cosmetics, personal hygiene and medical products. We have 3 R&D labs, 50 worldwide patents and own synthesis of raw materials. Our products provide special solutions based on age-related differencies and risks of dental deseases. To preserve a high level of our ingredients' activity, we use unique low temperature brewing technology. Fluoride-free R.O.C.S. toothpastes are capable of protecting the teeth against caries as effective as fluoride-containing.

www.rocs.eu"
https://www.beautyworldtaipei.com/m/company.aspx?eid=BWT2026&id=1470&f=,"Country
Taiwan
Website
Booth
A0227","尚未提供資訊
No Data To Display"
https://www.beautyworldtaipei.com/m/company.aspx?eid=BWT2026&id=1343&f=,"Country
Korea
Website
Vsit our official website
Booth
D1521","九本草（GUBONCHO） 是一個以將韓國傳統之美融入化妝品為初衷而誕生的高端護膚品牌。

九本草以韓國傳統的 衣・食・住 概念為靈感，
將韓國傳統服飾的美學融入包裝設計之中，
並在產品配方中加入歷來被傳統使用的 九種韓方草本藥材。
此外，產品容器設計採用韓屋屋瓦的柔和曲線，
將韓國文化的精髓貫穿於整體產品體驗之中。

誕生於韓國的九本草，
以傳統與現代的和諧為基礎，持續成長為深受全球顧客信賴的品牌。

GUBONCHO is a premium skincare brand that began with the intention of embodying Korea’s traditional sense of beauty in cosmetics.

Inspired by Korea’s traditional concepts of clothing, food, and housing,
GUBONCHO reflects the aesthetic of traditional Korean attire in its packaging design and incorporates nine herbal medicinal ingredients that have been used traditionally into its formulations.
In addition, the gentle curves of traditional hanok roof tiles are applied to the container design, expressing the essence of Korean culture throughout the entire product experience.

Born in Korea, GUBONCHO continues to grow as a brand trusted by customers around the world, grounded in the harmony between tradition and modernity."
https://www.beautyworldtaipei.com/m/company.aspx?eid=BWT2026&id=1449&f=,"Country
Taiwan
Website
Booth
N5","艾沐艾草溫罐學院（EMU Academy of Warm Jar Therapy） 是一個專注於艾草溫罐技術發展、專業培訓與國際化標準建立的教育品牌。
學院以東方養生智慧為根基，結合現代化教學與營運系統，建立安全、可被驗證、且高度可複製的操作技術，適用於專業實務與居家保健應用。
課程內容涵蓋技術訓練、人體結構與經絡理解、安全規範、法規意識、服務設計與經營管理，協助學員不僅學會技術，更能建立長期穩定的服務與事業模式。
除教學外，艾沐亦投入專利溫罐器具、專業級艾草產品與標準化教材之研發，確保學習與實務操作皆具備一致品質與安全標準。
艾沐秉持誠實、專業與職人精神，致力於培育優質專業人才、建立良性產業標準，並持續為健康教育領域創造長期價值。

EMU Academy of Warm Jar Therapy is a professional education brand dedicated to the development, training, and international standardization of Mugwort Warm Jar Therapy.
Rooted in traditional Eastern wellness principles and integrated with modern operational systems, EMU focuses on building safe, verifiable, and highly replicable therapeutic techniques that can be applied in both professional practice and home-based wellness care.
Our academy provides structured certification programs, instructor training, and practical business education, empowering students to master standardized techniques, safety protocols, anatomical knowledge, and sustainable service operations.
Beyond education, EMU also develops patented warm jar tools, professional-grade herbal products, and standardized teaching materials, ensuring consistent quality and performance across all learning and practice environments.
With a strong emphasis on integrity, craftsmanship, and long-term value creation, EMU Academy is committed to cultivating skilled practitioners, building responsible industry standards, and expanding a healthy, trustworthy ecosystem for the future of wellness education."
https://www.beautyworldtaipei.com/m/company.aspx?eid=BWT2026&id=1564&f=,"Country
Taiwan
Website
Vsit our official website
Booth","尚未提供資訊
No Data To Display"
https://www.beautyworldtaipei.com/m/company.aspx?eid=BWT2026&id=1385&f=,"Country
Taiwan
Website
Booth
A1205","尚未提供資訊
No Data To Display"
https://www.beautyworldtaipei.com/m/company.aspx?eid=BWT2026&id=1424&f=,"Country
Taiwan
Website
Booth
A0119","FARMELL專為亞洲肌膚打造的專業保養品牌
FARMELL法媚兒以其對專業技術的堅持、嚴選的原料成分，以及對每一個環節的用心經營，成為亞洲保養市場中的佼佼者。

自品牌創立以來，我們秉持專業精神，累積了豐富的保養經驗與技術，逐步擴展客戶群，如今在台灣已有超過三千家醫學美容及美容SPA合作夥伴。

我們的高品質與專業能力，是顧客多年來唯一信賴的原因。

台灣市場的成功與國際擴展
FARMELL自成立以來，在台灣的美容市場已經耕耘了十多年，逐漸贏得了眾多顧客的青睞與信賴。這一切歸功於我們對品質的嚴格把控和對顧客需求的深入了解。

2013年，FARMELL進一步擴展國際市場，在中國上海設立了分公司，旨在將台灣品牌的精神與理念延續並推廣到更廣闊的市場。同時，我們不斷尋求創新與突破，努力將最先進的技術與理念帶給更多亞洲女性。

FARMELL於2023年在越南胡志明市成立了分公司，這標誌著品牌在東南亞市場的進一步拓展。

我們將持續秉持「專業、用心、負責、誠信」的企業理念，將FARMELL的卓越品質與專業服務帶給更多愛美的顧客。

原液保養的創新理念
FARMELL不同於其他美容品牌，我們強調原液保養的概念，這是一種針對各種肌膚問題的進階調理與改善方法。我們的產品不添加其他任何成分，採用超高透的天然親膚因子，以高純度的單一成分形式呈現，能迅速滲透皮膚角質層，深入肌膚底層，讓細胞迅速吸收所需的營養，100%補足肌膚所需的養分。這一獨特的保養方式，不僅能立即改善肌膚問題，還能為肌膚帶來持久的健康光采。

全方位保養，從內而外的改變
FARMELL深知，保養不僅僅是肌膚表層的護理，更是一門精深的學問，是一種優雅的生活態度。我們的產品直擊肌膚問題的根源，從內而外帶來全方位的改善。從原料的嚴選、萃取製造過程、直到最終的包裝，FARMELL在每一個環節都進行嚴格把關，確保每一款產品都能達到最高品質標準。我們的用心與堅持，旨在為每一位顧客提供最優質的保養體驗，讓您從肌膚到心靈都得到全方位的呵護。

專業技術與品質承諾
我們堅持嚴謹的品質控管，從產品的研發到製造，每一個步驟都經過嚴密的測試與檢驗，確保每一款產品都符合最高的品質標準。我們提供多樣化的產品與服務，致力於以更快速、具競爭力的方式，滿足市場需求。
FARMELL的核心價值在於「幫助人們安全地找回年輕美麗與自信」，這一信念貫穿於品牌的每一個環節。透過不斷創新與進步，我們在市場上建立了穩固的基石，並逐步形成了一套涵蓋研發、製造、行銷、招商、教育等全方位的一條龍服務體系。

品牌的未來展望
FARMELL在十多年的發展歷程中，不僅在台灣市場取得了顯著的成就，也在國際市場上開闢了新的天地。我們將繼續秉持品牌的核心價值，不斷追求創新與突破，為顧客帶來更多高品質的保養產品。未來，我們將繼續擴展品牌的國際影響力，讓FARMELL成為更多人心目中值得信賴的保養品牌。

FARMELL為每一位顧客提供最專業、最貼心的保養服務，讓您的肌膚煥發出前所未有的光彩與自信。



FARMELL

A Professional Skincare Brand Designed for Asian Skin
FARMELL is a professional skincare brand specially developed for Asian skin. With a strong commitment to advanced technology, carefully selected premium ingredients, and meticulous attention to every detail, FARMELL has become a leading name in the Asian beauty market.

Since its establishment, we have upheld the highest professional standards, accumulating extensive skincare expertise and technical experience. Today, FARMELL collaborates with over 3,000 medical aesthetic clinics and beauty spas across Taiwan.

Our superior quality and professional excellence are the reasons customers have trusted us for years.

Success in Taiwan & Global Expansion
For over a decade, FARMELL has cultivated strong roots in Taiwan’s beauty industry, earning the trust and loyalty of countless customers. This success is built upon our strict quality control and deep understanding of consumer needs.

In 2013, FARMELL expanded internationally by establishing a branch in Shanghai, China, bringing the spirit and philosophy of Taiwanese skincare to a broader market. We continuously pursue innovation and breakthroughs to deliver cutting-edge technology and advanced skincare concepts to women across Asia.

In 2023, FARMELL further expanded into Southeast Asia with the establishment of a branch in Ho Chi Minh City, Vietnam — marking another important milestone in our international growth.

We remain committed to our core values of Professionalism, Dedication, Responsibility, and Integrity, delivering outstanding quality and service to beauty lovers worldwide.

This innovative approach helps replenish the skin’s needs and promote long-lasting radiance and healthy vitality.

Comprehensive Skincare – Transformation from Within
At FARMELL, we believe skincare goes beyond surface-level care — it is a refined science and an elegant lifestyle.

Our products target the root causes of skin concerns, delivering comprehensive improvement from within. From ingredient selection and extraction to manufacturing and final packaging, every stage undergoes strict quality control to ensure the highest standards.

Our dedication is to provide every customer with a premium skincare experience — nurturing not only the skin, but confidence and inner beauty as well.

Professional Expertise & Quality Commitment
We maintain rigorous quality control throughout research, development, and manufacturing. Each product undergoes comprehensive testing to ensure it meets the highest standards.

FARMELL offers diversified products and integrated services, responding to market demands with efficiency and competitiveness.

Our core value is to help people safely rediscover youthful beauty and confidence. This belief drives every aspect of our operations, forming a complete ecosystem that integrates R&D, manufacturing, marketing, distribution, and professional education.

Looking Ahead
Over more than a decade of growth, FARMELL has achieved remarkable success in Taiwan and steadily expanded into international markets.

Moving forward, we will continue to uphold our core values, pursue innovation, and deliver premium-quality skincare products. Our vision is to strengthen our global presence and become a trusted skincare brand worldwide.

FARMELL is dedicated to providing the most professional and attentive skincare solutions — empowering every customer to reveal radiant skin and renewed confidence."
https://www.beautyworldtaipei.com/m/company.aspx?eid=BWT2026&id=1428&f=,"Country
Taiwan
Website
Booth
A0125","尚未提供資訊
No Data To Display"
https://www.beautyworldtaipei.com/m/company.aspx?eid=BWT2026&id=1380&f=,"Country
Taiwan
Website
Booth
A0711","美容師的根本是技術；美容師的價值是經驗。 創立育膚堂的初衷，就是將美容師的經驗與技術，落實在居家保養的搭配上。 『妳的肌膚，視如己出』就是我們給您的承諾。

The foundation of a beautician lies in technique; the true value of a beautician lies in experience.The original intention behind founding Yufutang was to integrate professional expertise and hands-on experience into personalized home skincare routines.“Treat your skin as our own” is the promise we make to you."
https://www.beautyworldtaipei.com/m/company.aspx?eid=BWT2026&id=1539&f=,"Country
Taiwan
Website
Booth
A0410","
豐䝶國際．研發中結合「光能科技、銀纖織造、健康美學」
創立美膚衣、見康衣品牌～好康裔（Hao Kang Yi)

將＂高E光波能量與100%純白銀纖維＂技術，做成日常產品

每個人一生當中最大的投資都在美麗與健康上

基於此大眾市場
豐䝶全球首推把＂大美麗大健康＂用光、用銀做成一件衣服

再接著以＂光與水＂
最大能量的結合，創造天然化粧保養品＂漢本植光肌保養品

品牌理念「光與水轉變豐䝶．好康裔的力量」，象徵自然能量與科技結合，為人人帶來最好的自然生活品質。

我們正積極佈局全球市場，建立商團與AI代理體系，透過創新的利潤合作模式，讓全球以消費創業共享市場與收益。

誠摯邀請人人共開創豐䝶＂自然科技＂新未來。


Feng Feng International is currently developing innovative products that integrate light energy technology, silver fiber weaving, and wellness aesthetics.

We have created the skincare apparel and wellness apparel brand Hao Kang Yi.

By combining high-frequency E light wave energy with 100% pure silver fiber technology, we transform advanced technology into practical products for everyday life.

In a person’s lifetime, the greatest investments are always beauty and health.

Recognizing this vast global market, Feng Feng is the first to introduce the concept of “Great Beauty and Great Health” by integrating light and silver technology into wearable apparel.

Building upon this innovation, we further combine the powerful natural elements of light and water to develop natural skincare products known as Han Herbal Light Skin Care.

Our brand philosophy, “Light and Water Transform the Power of Feng Feng · Hao Kang Yi,” symbolizes the fusion of natural energy and advanced technology, bringing people a healthier and more natural quality of life.

We are actively expanding into the global market by establishing international alliances and an AI-powered partner network. Through our innovative partnership profit model, people around the world can build businesses through consumption while sharing market growth and rewards.

We sincerely invite everyone to join us in creating the future of Feng Feng Natural Technology together."
https://www.beautyworldtaipei.com/m/company.aspx?eid=BWT2026&id=1429&f=,"Country
Taiwan
Website
Booth
D2436","尚未提供資訊
No Data To Display"
https://www.beautyworldtaipei.com/m/company.aspx?eid=BWT2026&id=1383&f=,"Country
Taiwan
Website
Booth
A0316","吉立伊貝不只是代工，是品牌後方的推手，也是最強大的後盾。
20年MIT專業、ISO22716國際認證、一站式OEM/ODM，從配方到包裝，協助顧客打造最具競爭力的護膚美容保養品牌。

在快速變動的美妝保養市場中，「品質」不僅是產品成功的基本門檻，更是消費者信賴與品牌價值的核心
透過層層把關，讓每一項出廠的產品都能達到高標準，為品牌與消費者守住每一道安全防線。

我們擁有：
★通過ISO 22716國際化粧品GMP認證
★專業研發團隊，平均資歷10年以上
★無塵室等級生產線，潔淨安全
★從配方到包裝，一條龍服務
20年淬鍊，只為讓您的品牌能穩定上市

Jilliyibei is more than just a contract manufacturer – we are the driving force behind your brand and its strongest support.
With 20 years of MIT expertise, ISO 22716 international certification, and one-stop OEM/ODM services, we assist clients in creating the most competitive skincare and beauty brands, from formulation to packaging.

In the fast-changing beauty and skincare market, “quality” is not only the basic requirement for product success but also the cornerstone of consumer trust and brand value.
Through rigorous quality control at every step, we ensure that every product leaving our facility meets the highest standards, safeguarding both brands and consumers.

Our advantages include:
★ ISO 22716-certified GMP international cosmetic manufacturing
★ Professional R&D team with an average of over 10 years of experience
★ Cleanroom-standard production lines, ensuring safety and hygiene
★ One-stop service from formulation to packaging

20 years of refinement, all to ensure your brand launches smoothly and reliably."
https://www.beautyworldtaipei.com/m/company.aspx?eid=BWT2026&id=1439&f=,"Country
Taiwan
Website
Booth
A1028","翔透皙妍旗下的 GlowXiya「光の顔」商城，致力於將日本美學與頂級美容科技完美結合。我們專注於精選高品質的日系美容、美髮及保養品，為每位追求自信與自然美的顧客提供卓越選擇。

「你的美麗是 GlowXiya 的使命。」這是我們始終如一的承諾。GlowXiya「光の顔」之名意指「光之臉」，象徵我們對光采奪目的美的追求。無論是從日系品牌中精挑細選，或是推動美容產品創新，我們始終秉持專業與熱情，為你打造由內而外的自信美麗。

與我們一同踏上 GlowXiya「光の顔」的旅程，感受日系美容護膚的極致體驗。讓你的肌膚與髮色在每一天都散發自然光彩，為生活增添一抹自信色彩。


GlowXiya (Hikari no Kao) by Xiangtou Xiyan is dedicated to seamlessly blending Japanese aesthetics with advanced beauty technology. We specialize in carefully curating high-quality Japanese skincare, haircare, and beauty products, offering outstanding choices for everyone who pursues confidence and natural beauty.

“Your beauty is GlowXiya’s mission.” This is our unwavering promise. The name GlowXiya Hikari no Kao means “the face of light,” symbolizing our pursuit of radiant beauty. From selecting the finest Japanese brands to championing innovation in beauty products, we are driven by professionalism and passion to help you build confidence that shines from within.

Join us on the GlowXiya Hikari no Kao journey and experience the very best of Japanese beauty and skincare. Let your skin and hair glow with natural radiance every day, adding a touch of confidence to your life.
"
https://www.beautyworldtaipei.com/m/company.aspx?eid=BWT2026&id=1432&f=,"Country
Taiwan
Website
Booth
A0025","GMAXBIOTECH specializes in the professional sales of natural essential oils, vegetable oils, and aromatic raw materials, serving cosmetic brands, OEM/ODM manufacturers, and the aromatherapy industry. Our products are carefully sourced from key origins in Europe and worldwide, with an emphasis on transparent sourcing, consistent quality, and batch reliability. Comprehensive technical documentation, including COA, GC-MS, and SDS, is provided to support product development and manufacturing. With long-term supply experience and rigorous material selection standards, GMAXBIOTECH helps clients build a dependable foundation for both development and commercial production.

GMAXBIOTECH 集美生技專注於天然精油、植物油與芳香原料的專業銷售，服務對象涵蓋化妝品品牌、OEM／ODM 工廠及芳療相關產業。產品嚴選自歐洲與全球主要產地，強調來源透明、品質穩定與批次一致性，並提供完整的 COA、GC-MS、SDS 等技術與檢驗資料。憑藉長期供應經驗與嚴謹的選材標準，協助客戶在產品開發與量產階段建立可靠的原料基礎。"
https://www.beautyworldtaipei.com/m/company.aspx?eid=BWT2026&id=1548&f=,"Country
China
Website
Booth
A0725","广州上品佳源化妆品有限公司成立于 2017年，公司提供养发健发等产品的oem贴牌代工，以及公司旗下自主品牌“柏芮拉·Borala""加盟等相关配套服务。
本次展位主要产品服务:头皮养护、毛发健发等全系列产品的贴牌代工服务

Guangzhou Shangpin Jiayuan Cosmetics Co., Ltd. was established in 2017.
The company provides OEM private label manufacturing services for hair care and hair health products, as well as supporting services including franchise for its own brand Borala.
Main products & services at the booth:OEM private label manufacturing services for a full range of scalp care and hair health products."
https://www.beautyworldtaipei.com/m/company.aspx?eid=BWT2026&id=1483&f=,"Country
China
Website
Vsit our official website
Booth
A0625","海锋包装制品有限公司是一家专业生产日化包装的企业。
公司成立于2011年，座落于美丽的佛山市顺德区。公司厂房面积20.000多平方米。公司拥有国内领先的产品及模具开发技术，同时引进了先进的自动化安装设备，产品远销欧美及东南亚等国家及地区，深受广大客户的好评。
公司自成立以来，坚持内求团结、外求发展、客户第一、服务至上的理念。公司始终坚持以技术领先、质量过硬、价格合理、服务周到为企业的生存根本，秉承“品质第一、诚实守信、互惠双赢”的企业发展理念，以客户满意作为我们的目标，为客户提供优质的产品。

Haifeng Packaging Co., Ltd. is specialized in manufacturing cosmetics and personal care packaging.
Established in 2011 and situated in the scenic Shunde Town of Foshan City, we run our factory according to ISO 9001 : 2015, our company equipped with industry-leading products and mold development technologies, as well as facilitated by the introduction of advanced automaticassembly equipments, our products have received a very favorable reception from an extensivepool of customers, commanding a ready market in countries and regions in Europe, America, and Southeast Asia.
Ever since our establishment, with the philosophy of solidarity, development, and customersand services coming first, we have been vigorously building our base where we treat technology,quality, price and service as our backbone. Our sustainable growth has also witnessed our sloganwhich is ""Quality, Integrity, Trustworthy, and Mutual Benefit"" With this in mind, our mission is toprovide qualified products to the satisfaction of our valued customers"
https://www.beautyworldtaipei.com/m/company.aspx?eid=BWT2026&id=1542&f=,"Country
Taiwan
Website
Booth
A0004","尚未提供資訊
No Data To Display"
https://www.beautyworldtaipei.com/m/company.aspx?eid=BWT2026&id=1554&f=,"Country
Taiwan
Website
Booth
A0409","閃耀吉彩致力於打造全球領先的護眼養護品牌，結合現代科技與東方養護理念，專注於眼部健康、舒緩與抗老管理。品牌核心以「讓天下沒有難受的眼睛」為使命，透過創新技術與專業產品，為不同年齡層提供全方位的眼部養護解決方案。

旗下產品涵蓋高端眼部保養品與非侵入式護眼儀器，如「煥活眼部奢養露」與「九波護眼矩陣儀」，結合多重能量波與舒緩技術，幫助現代人改善長時間用眼所帶來的不適，重拾清晰、舒適與明亮的視界。

目前，閃耀吉彩已發展為全球連鎖護眼品牌，並持續拓展國際市場，建立標準化門市經營與技術教育體系。

在台灣市場，由**赫菈蜜國際有限公司（HERA V. INTERNATIONAL LTD.）**正式取得總代理權，全面負責品牌推廣、產品導入、技術培訓與通路拓展，致力於打造專業化、系統化的護眼產業生態。

Eye Shine is a global leading eye-care brand dedicated to enhancing eye health, comfort, and anti-aging solutions by integrating modern technology with Eastern wellness philosophy. With the mission of “bringing comfort and clarity to every eye,” the brand provides comprehensive eye-care solutions for all age groups.

Its product line includes premium eye-care serums and non-invasive eye-care devices, such as the Revitalizing Eye Essence and the Nine-Wave Eye Care Matrix Device. These innovations combine multi-frequency energy waves and relaxation technologies to effectively relieve eye strain caused by prolonged screen use, restoring clarity, brightness, and comfort.

Today, Eye Shine has grown into a global chain brand in the eye-care industry, continuously expanding its international presence with standardized operation systems and professional training programs.

In Taiwan, the brand is exclusively represented by HERA V. INTERNATIONAL LTD., the official master distributor responsible for brand development, product introduction, professional training, and market expansion, aiming to build a sustainable and professional eye-care ecosystem."
https://www.beautyworldtaipei.com/m/company.aspx?eid=BWT2026&id=1382&f=,"Country
Taiwan
Website
Booth
A0111","尚未提供資訊
No Data To Display"
https://www.beautyworldtaipei.com/m/company.aspx?eid=BWT2026&id=1459&f=,"Country
Taiwan
Website
Booth
D2625","㊣ 每一個人都值得一張好椅子 ㊣
你會穿禮服去游泳、穿泳裝去上班嗎？
是的，你不會這麼做，那麼，在長時間的工作中，您選擇什麼椅子來支持您的專業？或者是，跟您身體接觸密切的工作椅並非您自己挑選的？

每個人每一天有3分之1的時間坐在椅子上，然而，您知道您的脊椎需要甚麼樣的椅子嗎？廣告宣稱的『人體工學』是有用的嗎 ？

我們都誤以為坐著比站著輕鬆，其實，當人坐著的時候，腰椎得承受的壓力是站著的兩倍，若身體向前傾20度，則腰椎得承受的壓力是將近原本的3倍，所以，如果選錯了椅子付出的代價，比選錯另一半更慘喔!

長時間坐姿不良會使肌肉過度代償，脊椎壓迫、扭曲，產生肌肉緊繃、肩頸僵硬、腰痠背痛，下肢水腫，慢性疲勞以外，也會產生消化系統呼吸系痛不佳及胸悶、頭痛、心悸等症狀，明顯改變外型視覺，比如駝背、聳肩、縮胸….與美麗帥氣背道而馳。

華悅堂是經驗豐富的團隊，我們知道您的屁股、您的腰背需要甚麼支撐，為您量身打造最適合您體型、適合您專業工作需要的各款椅子，我們提供專業的椅子健診服務，維修、汰換或調整，讓椅子將就您，而非您將就椅子。

每一個人都值得一張好的椅子，享受最頂級、高優質的人體工學，創造舒適的工作環境，成就美好富足的人生，Professional support professional，我們就是您最有力的靠山。


Everyone deserves a good chair.

Would you wear a formal dress to swimming or a swimsuit to work?

Yes, you wouldn't. So, what chair do you choose to support your profession during long work hours? Or is the office chair, which has close contact with your body, not one you chose yourself?

Everyone spends a third of their day sitting in a chair; however, do you know what kind of chair your spine needs? Is the ""ergonomics"" advertised actually useful?

We all mistakenly believe that sitting is easier than standing. In fact, when sitting, the pressure on the lumbar spine is twice that of standing. If the body leans forward 20 degrees, the pressure on the lumbar spine is almost three times the original pressure. Therefore, the consequences of choosing the wrong chair are worse than choosing the wrong partner!

Prolonged poor posture causes muscles to overcompensate, leading to spinal compression and twisting, resulting in muscle tension, stiff shoulders and neck, lower back pain, lower limb edema, chronic fatigue, and symptoms such as digestive and respiratory problems, chest tightness, headaches, and palpitations. It also significantly alters physical appearance, causing hunchback, shrugged shoulders, and a sunken chest—the antithesis of beauty and style.

Huayuetang has an experienced team. We understand the support your buttocks and back need. We tailor-make chairs perfectly suited to your body type and professional work requirements. We offer professional chair maintenance services, including repair, replacement, or adjustment, ensuring the chair adapts to you, not the other way around.

Everyone deserves a good chair, to enjoy top-notch, high-quality ergonomics, create a comfortable working environment, and achieve a fulfilling and prosperous life. Professional support, we are your strongest backing."
https://www.beautyworldtaipei.com/m/company.aspx?eid=BWT2026&id=1394&f=,"Country
Taiwan
Website
Booth
D2028","尚未提供資訊
No Data To Display"
https://www.beautyworldtaipei.com/m/company.aspx?eid=BWT2026&id=1374&f=,"Country
Korea
Website
Vsit our official website
Booth","這是韓國國際美容貿易協會。

我們作爲韓國協會，組織韓國館、舉辦研討會等活動來支持韓國中小企業。

This is International Beauty Trade Industry Association(IBITA) Korea.

We, IBITA as Korea Association, organize a Korea pavilion, hold seminars and so on to support SMEs Korean companies.
"
https://www.beautyworldtaipei.com/m/company.aspx?eid=BWT2026&id=1384&f=,"Country
Taiwan
Website
Booth
A1504","尚未提供資訊
No Data To Display"
https://www.beautyworldtaipei.com/m/company.aspx?eid=BWT2026&id=1566&f=,"Country
UK
Website
Vsit our official website
Booth
A0825","尚未提供資訊
No Data To Display"
https://www.beautyworldtaipei.com/m/company.aspx?eid=BWT2026&id=1537&f=,"Country
Taiwan
Website
Vsit our official website
Booth
A0408","我們與台塑生醫攜手研發專業洗護產品，配方安全穩定，通過ISO、歐盟SCCS與美國CIR協會認證。專為燙染受損、頭皮異味、油水平衡等問題設計，深層修護、強健髮根，讓髮絲重現健康光澤 !

We collaborate with Formosa Biomedical to develop professional hair care products, certified by ISO, EU SCCS, and US CIR. Designed to repair damage from coloring and perming, balance oil and moisture, and strengthen hair roots, our formulas ensure healthy, radiant hair!"
https://www.beautyworldtaipei.com/m/company.aspx?eid=BWT2026&id=1390&f=,"Country
Taiwan
Website
Booth
A0915","聚光燈重視愛與自信的展現，單純與共好的精神
透過聚光·聚美·聚人心

讓每一位女性
‧ 經營自己，活的精緻精彩
‧ 透過產品，美貌亮到像聚光燈
‧ 藉由教育，充滿自信成為行動聚光燈
‧ 言行一致，成為女人自信的傳遞者

聚光燈，不只是傳遞正確的保養觀念
更承擔一群女性的創業夢

聚光燈，為您點亮人生的一盞燈
聚光燈，和你手牽手突破限制框架，創造亮麗人生

JC Spotlight values ​​the expression of love and confidence, embracing simplicity and the spirit of mutual growth.

Through gathering light, gathering beauty, and gathering hearts, we empower every woman to:

‧ Elevate yourself-live exquisitely and brilliantly.
‧ Shine through our products-radiate beauty like a spotlight.
‧ Gain confidence through education-become a beacon of inspiration.
‧ Lead by example-embody and spread self-assurance.

JC Spotlight is more than just about skincare,it's about empowering women to pursue their entrepreneurial dreams.

JC Spotlight moves forward hand in hand with you, breaking boundaries and creating a radiant life together."
https://www.beautyworldtaipei.com/m/company.aspx?eid=BWT2026&id=1370&f=,"Country
Korea
Website
Vsit our official website
Booth
D1821","尚未提供資訊
No Data To Display"
https://www.beautyworldtaipei.com/m/company.aspx?eid=BWT2026&id=1425&f=,"Country
Taiwan
Website
Booth
D2036","肌因生技有限公司（Ji Yin Biotech Co., Ltd.）
是一家專注於韓國院線專業化妝品進出口貿易與韓系皮膚管理品牌經營的專業營運公司。
目前代理多項韓國高端專業保養品牌，並同步經營自有韓式皮膚管理品牌 GINSKIN，以「韓國專業技術 × 臨床導向保養 × 系統化服務」 為核心，深耕台灣市場。

我們與多家韓國原廠建立長期策略合作關係，完整導入：
專業產品體系
教育訓練與技術培訓
療程系統設計
品牌營運與市場導入模式

並為美容院所與醫美診所提供一站式整合解決方案，服務內容涵蓋：
產品供應
教育培訓與課程活動
展會與市場推廣
KOL 合作企劃
品牌落地與營運執行支援
公司正處於高速成長階段，持續擴大韓系專業美容在台灣市場的影響力。

經營理念：
我們以「專業、結果、誠信」為核心價值，致力於打造台灣最具信任度的韓系專業美容平台。

從產品來源、專業技術到客戶服務，我們堅持每一個營運環節皆符合三大標準：
臨床導向、科學有效、安全可信
透過與韓國原廠的深度合作，引進完整的專業保養科技、教育體系與市場策略，讓台灣市場以最貼近韓國本土產業的模式，體驗真正的韓式專業美容。
我們相信——
品牌不是產品，而是專業、服務與信任的總和。
因此，我們以系統化管理、創新思維與精準執行力，持續推動品牌在台灣市場的長期扎根與成長。

Ji Yin Biotech Co., Ltd. is a professional company specializing in the import and export of Korean professional (clinic-grade) cosmetic brands and the operation of Korean-style skin management businesses.
We currently serve as the authorized distributor for multiple high-end Korean professional skincare brands, and we also operate our proprietary Korean skin management brand, GINSKIN.
Our core focus is to bring “Korean professional technology × clinically oriented skincare × systemized service models” into the Taiwan market in a practical and scalable way.
We have established long-term strategic partnerships with multiple Korean manufacturers and brand owners, introducing not only professional products, but also comprehensive education programs, treatment systems, and brand operation frameworks.
We provide integrated solutions for beauty salons and medical aesthetic clinics, covering:
product supply,
professional education and training,
courses and industry events,
exhibition and trade-show promotion,
KOL collaborations, and
localized brand implementation and market execution.
As the company continues its rapid growth, we welcome highly driven, resilient, and ambitious professionals to join us in expanding the influence of Korean professional aesthetics in Taiwan.
Our Business Philosophy
Guided by the core values of professionalism, results, and integrity, we are committed to building the most trusted Korean professional beauty platform in Taiwan.
From product sourcing and technical expertise to customer service, we uphold three uncompromising standards across every stage of our operations:
clinically oriented methodologies,
scientifically validated effectiveness, and
proven safety and reliability.
Through deep collaboration with Korean brand owners and manufacturers, we introduce advanced skincare technologies, structured education systems, and proven market strategies—enabling the Taiwan market to experience authentic Korean professional aesthetics in the way closest to the Korean domestic industry.
We believe that a brand is not merely a product, but the collective value of professional expertise, service quality, and trust.
Driven by systematic management, innovative thinking, and precise execution, we continue to build and scale our brands with long-term commitment in the Taiwan market."
https://www.beautyworldtaipei.com/m/company.aspx?eid=BWT2026&id=1540&f=,"Country
Taiwan
Website
Vsit our official website
Booth
A0106","金豐騏生活科技(股)公司( https://www.jinfongchi.com/ )成立於 2019 年 7 月，專注於結合「數位科技 × 美容健康 × 生技研發」，整合品牌、供應鏈、教育與展覽資源，全力協助美業產業推動數位轉型與國際化布局

許安毅董事長秉持「專業、創新、共榮」三大核心價值，並以「團結、進步、國際化」為企業願景，他將這些理念具體落實在平台建構與資源分享中，致力打造具高度國際影響力的美業聯盟生態系。

2022 年 8 月，金豐騏於台北國際世貿中心發表全球首創的「美業元宇宙」計畫，並獲蔡英文總統全程參與、支持與鼓勵。隨後，考量整體成本與策略節奏，公司轉型推出「美業聯合網（Beauty1688）」B2B 平台，目前已進化至第四版，在資策會楊惠雯主任鼎力協助下，平台逐步展現成效，並致力實際貢獻整體美業產業。

企業使命與願景
1國內資源整合：連結超過 10 萬家美容與美髮業者，攜手各大產業公協會，共同打造強大且具凝聚力的美業聯盟，提升資源共享與產業升級能量。

2推動國際交流：組團參展、設立台灣形象館、與國際美業公協會簽署合作備忘錄，建立姊妹會關係，提升台灣美業的國際曝光與競爭實力。

3雙向匯流：打造文化與商業、技術的雙向交流平台，讓台灣美業走向世界，讓世界美業走進台灣。

Jinfongchi Life Technology Co., Ltd. was founded on July 2019, with a clear strategic focus on integrating Digital Technology, Beauty & Wellness, and Biotechnology R&D. We unite brands, supply chains, education, and exhibition resources to build a comprehensive ecosystem that empowers the beauty industry to accelerate digital transformation and expand globally.

Led by Chairman Hsu An-Yi, the company operates under three core values — Professionalism, Innovation, and Shared Prosperity — and is guided by the vision of Unity, Progress, and Internationalization. Through strategic platform development and cross-industry collaboration, we are committed to building a globally influential beauty alliance ecosystem.

In August 2022, the company introduced the world's first Beauty Metaverse Initiative at the Taipei World Trade Center, an event honored by the full participation and encouragement of President Tsai Ing-Wen. Following strategic evaluation and cost optimization, we evolved the initiative into the Beauty Alliance Network (Beauty1688) — a B2B digital platform designed to create real, scalable value for the industry. Now in its fourth generation, the platform continues to demonstrate measurable impact with the support of Director Yang Hui-wen of the Institute for Information Industry (III).

Our Mission

Integrating Taiwan's Beauty Industry
We connect more than 100,000 beauty and hair professionals across Taiwan, working closely with major industry associations to strengthen collaboration, resource sharing, and industry upgrading.

Advancing Global Engagement
We organize international exhibition delegations, establish Taiwan Pavilions, and sign MOUs with global beauty associations to form sister-organization partnerships — enhancing Taiwan's international visibility and competitiveness.

Creating Two-Way Global Exchange
We build bridges between culture, commerce, and technology — empowering Taiwan's beauty industry to step onto the global stage while welcoming the world's beauty industry into Taiwan."
https://www.beautyworldtaipei.com/m/company.aspx?eid=BWT2026&id=1559&f=,"Country
Taiwan
Website
Booth
D2419","尚未提供資訊
No Data To Display"
https://www.beautyworldtaipei.com/m/company.aspx?eid=BWT2026&id=1371&f=,"Country
Korea
Website
Vsit our official website
Booth
D1721","JNJ BIO Co., Ltd是一家深耕醫學美容及皮膚科專業通路，致力於研發、製造及銷售高機能性化妝品的企業。憑藉獨家的研發實力與專業配方技術，我們在市場中確保了卓越的產品競爭力。公司主打以 NMN、外泌體 (Exosome) 及胜肽複合體 等次世代機能性原料為核心的頂級醫美系列，積極回應全球市場對於皮膚再生、抗老及問題肌膚護理的需求。

本公司已建立符合 ISO 22716 (GMP) 認證的嚴格品質管理體系，並透過歐盟 CPNP 及美國 MoCRA 註冊，強化了在主要出口國的法規應對能力。此外，我們正致力於開發可於居家使用的居家美容 (Home-Aesthetic) 產品，不斷擴大產品線，讓一般消費者也能輕鬆享受專業級的護膚體驗。

JNJ BIO Co., Ltd. is a premier enterprise specializing in the development, manufacturing, and distribution of high-performance cosmetics tailored for professional aesthetic and dermatological channels. By leveraging our proprietary R&D capabilities and advanced formulation expertise, we have secured a unique competitive edge in the beauty industry. Our core product lineup consists of premium aesthetic solutions infused with next-generation functional ingredients—such as NMN, Exosomes, and Peptide complexes—effectively meeting global demand for skin regeneration, anti-aging, and blemish care.

We maintain a rigorous quality control system certified by ISO 22716 (GMP) and continue to strengthen our regulatory compliance through European CPNP and U.S. MoCRA registrations. Furthermore, we are expanding our product range to include home-aesthetic solutions, making professional-grade skincare easily accessible for consumers to use in the comfort of their own homes."
https://www.beautyworldtaipei.com/m/company.aspx?eid=BWT2026&id=1391&f=,"Country
Taiwan
Website
Booth
A0903","尚未提供資訊
No Data To Display"
https://www.beautyworldtaipei.com/m/company.aspx?eid=BWT2026&id=1413&f=,"Country
Taiwan
Website
Vsit our official website
Booth
A0800","日本美睫沙龍指定愛用品牌
在日深耕超過十餘年
累積 16 年實戰經驗的專業美睫材料商

A professional eyelash materials supplier trusted and designated by Japanese eyelash salons,
with over a decade of establishment in Japan and 16 years of hands-on industry experience."
https://www.beautyworldtaipei.com/m/company.aspx?eid=BWT2026&id=1446&f=,"Country
Taiwan
Website
Booth
A0223","尚未提供資訊
No Data To Display"
https://www.beautyworldtaipei.com/m/company.aspx?eid=BWT2026&id=1543&f=,"Country
Taiwan
Website
Booth
A1121","尚未提供資訊
No Data To Display"
https://www.beautyworldtaipei.com/m/company.aspx?eid=BWT2026&id=1412&f=,"Country
Taiwan
Website
Booth
A0228","今英公司成立於1975，美妝商品多達數千種，不但開發自有品牌商品，也自日本歐美引進符合台灣的時尚化妝配件。東西方產品交流迸出耀眼火花，本公司不僅擴大了產品國際屬性，同時也提高了對商品色彩、材料、設計的敏銳度，不斷推出最新概念產品，因此累積了無數的愛用者。

本公司多年深耕，與各大藥妝店、百貨賣場等長期配合，不但努力於質感上的追求，更具備鮮明的市場定位。深知近年國內不肖商品新聞頻傳，消費者對商品要求的意識愈趨提高。我們將持續抱持著對品質保證的信念，開發引進更多符合國人使用的好商品。

"
https://www.beautyworldtaipei.com/m/company.aspx?eid=BWT2026&id=1419&f=,"Country
Taiwan
Website
Booth
A1202","尚未提供資訊
No Data To Display"
https://www.beautyworldtaipei.com/m/company.aspx?eid=BWT2026&id=1338&f=,"Country
Singapore
Website
Booth
A0921","尚未提供資訊
No Data To Display"
https://www.beautyworldtaipei.com/m/company.aspx?eid=BWT2026&id=1453&f=,"Country
Taiwan
Website
Vsit our official website
Booth
P11","尚未提供資訊
No Data To Display"
https://www.beautyworldtaipei.com/m/company.aspx?eid=BWT2026&id=1536&f=,"Country
Taiwan
Website
Vsit our official website
Booth
A0406","We are the official distributor of La Cure in Taiwan. La Cure originates from the Dead Sea in Jordan. Every year, tens of thousands of people visit the Dead Sea to experience its unique natural benefits. The Dead Sea mud and Dead Sea salt are rich in minerals and trace elements.

La Cure incorporates these natural ingredients into its skincare and cleansing products, providing deep cleansing and skin-repairing benefits. By bringing La Cure products to Taiwan, we hope people no longer need to travel all the way to the Middle East to enjoy their benefits. Instead, they can experience comfort and healthy skin right here.

Our goal is to share the natural energy of the Dead Sea with friends in Taiwan.

我們是La Cure 台灣總代理。
La Cure 來自約旦死海，死海每年都有成千上萬的人親臨並體驗它的美好，這裡的死海泥與死海鹽富含豐富的礦物質及微量元素。
La Cure 將這些天然成分融入在保養與清潔用品中，帶給大家深層清潔與修護，
而我們將La Cure 的產品代理來台，讓大家不用大老遠跑到中東，就能享受肌膚的舒適與健康，
希望將死海的天然能量分享給台灣的朋友。"
https://www.beautyworldtaipei.com/m/company.aspx?eid=BWT2026&id=1477&f=,"Country
Taiwan
Website
Booth
P07","尚未提供資訊
No Data To Display"
https://www.beautyworldtaipei.com/m/company.aspx?eid=BWT2026&id=1415&f=,"Country
Taiwan
Website
Booth
A0005","尚未提供資訊
No Data To Display"
https://www.beautyworldtaipei.com/m/company.aspx?eid=BWT2026&id=1535&f=,"Country
Taiwan
Website
Vsit our official website
Booth
A0413","尚未提供資訊
No Data To Display"
https://www.beautyworldtaipei.com/m/company.aspx?eid=BWT2026&id=1366&f=,"Country
Korea
Website
Vsit our official website
Booth
D1717","公司简介
LNTE 是一家以旗下核心 K-beauty 品牌 ODEAR 为驱动，实现快速成长的专业化妆品公司。公司成立于 2016 年（个体经营），并于 2018 年完成法人化，通过持续的产品创新与品牌导向型增长，稳步拓展韩国本土及全球美妆市场。
秉持""沟通（Communication）""这一品牌理念，ODEAR 关注人们在一天开始与结束时所经历的细腻情绪变化与肌肤状态变化。品牌不盲目追随传统化妆品趋势，而是致力于开发能够自然融入日常生活、并带来清晰可感知效果的产品。ODEAR 坚持严格的开发原则——只有在功效经过验证、且具有实际意义的情况下，产品才会正式上市。
基于深厚的配方研发实力与成分科学理解，ODEAR 打造兼具功能性功效与可持续设计的高性能护肤产品。品牌将与消费者的持续沟通视为核心增长战略，通过快速反馈与不断优化建立信任关系。因此，ODEAR 已在韩国市场树立起高度可信赖的专业护肤品牌形象。
在创意总监 Park Ah-In 的带领下，ODEAR 已建立起超过 210,000 人规模的影响者与消费者社群（截至 2024 年 5 月），成为推动品牌自然增长与高用户参与度的重要动力。
为确保护肤流程的一致性与清晰度，ODEAR 将完整护肤步骤系统化为五大阶段（01–05），从清洁、护理到收尾，提供平衡而完整的护肤解决方案。

发展里程碑
- 2016 年：推出 Be Classic（个体经营）
- 2018 年：LNTE 正式法人化成立
- 2019 年：ODEAR 品牌正式上市
- 2021 年：推出 FLOWDONO 品牌
- 2022 年：ODEAR 首次进军电视购物渠道
- 2023 年至今：入驻现代百货与新世界百货，扩展快闪店布局 / 正式进入日本市场 / 入驻新世界免税店

业绩与渠道表现
- 2023 年年度销售额突破 100 亿韩元（累计销售额超过 200 亿韩元）
- 年度同比增长率达 170%
- CJ ONSTYLE 电视购物首播创下 650% 销售成绩，开播 5 分钟内全数售罄
- 荣获 CJ ONSTYLE 新品销售吉尼斯世界纪录第一名

销售渠道
- 线上：官方网站、现代百货、29CM、S.I.VILLAGE、SSG、Kurly、CJ ONSTYLE、新世界等主要平台
- 线下及快闪店：现代百货 판교店、新世界百货（江南 / Centum City）

社会责任活动
- 向济州大学医院及首尔大学儿童医院进行医疗捐赠
- 通过 Global Share 与单亲家庭协会进行产品捐赠

获奖记录
- 2023 年《朝鲜日报》爱心分享社会贡献奖（女性家庭部部长奖）

COMPANY PROFILE
LNTE is a professional cosmetics company driving rapid growth through its flagship K-beauty brand, ODEAR. Founded in 2016 as a sole proprietorship and incorporated in 2018, LNTE has steadily expanded its footprint in both the domestic and global beauty markets through product innovation and brand-driven growth.
Guided by the brand philosophy of ""communication,"" ODEAR focuses on the subtle emotional moments and skin changes experienced at the beginning and end of each day. Rather than following conventional cosmetic trends, the brand is committed to developing products that integrate naturally into daily routines and deliver clear, tangible results. ODEAR adheres to a strict development principle: products are launched only when their performance is proven and meaningful.
Built on a strong foundation of formulation expertise and ingredient science, ODEAR develops high-performance skincare products that combine functional efficacy with sustainable design. Continuous dialogue with customers is central to the brand’s growth strategy, enabling rapid refinement and trust-based relationships. As a result, ODEAR has established itself as a highly credible and trusted skincare brand in Korea.
Under the creative direction of Park Ah-In, ODEAR has cultivated a powerful influencer and customer community exceeding 210,000 members (as of May 2024), serving as a key driver of organic brand growth and engagement.
To ensure consistency and clarity in skincare routines, ODEAR systematizes the entire skincare process into five structured steps (01–05), providing balanced solutions that cover cleansing, treatment, and finishing care.

KEY MILESTONES
- 2016: Launched Be Classic (Sole Proprietorship)
- 2018: Incorporated as LNTE
- 2019: Launched ODEAR brand
- 2021: Launched FLOWDONO brand
- 2022: ODEAR TV home shopping debut
- 2023–Present: Expansion of department store pop-up stores (Hyundai & Shinsegae) / Market entry into Japan / Entry into Shinsegae Duty Free

PERFORMANCE & DISTRIBUTION
- Achieved KRW 10 billion+ in annual revenue in 2023 (cumulative revenue exceeding KRW 20 billion)
- Recorded 170% year-on-year growth
- CJ ONSTYLE home shopping launch achieved 650% sales performance, with complete sell-out within 5 minutes of broadcast start
- Awarded Guinness World Record No.1 for new product sales on CJ ONSTYLE

SALES CHANNELS
- Online Official Website, Hyundai, 29CM, S.I.VILLAGE, SSG, Kurly, CJ ONSTYLE, Shinsegae, and additional major platforms
- Offline & Pop-up Stores
- Hyundai Department Store Pangyo
- Shinsegae Department Store (Gangnam / Centum City)

CSR ACTIVITIES
- Medical donations to Jeju National University Hospital and Seoul National University Children's Hospital
- Product donations through Global Share and Single-Parent Family Associations

AWARDS
- 2023 Chosun Ilbo Love Sharing Social Contribution Award (Minister of Gender Equality and Family Award)"
https://www.beautyworldtaipei.com/m/company.aspx?eid=BWT2026&id=1400&f=,"Country
Taiwan
Website
Booth
A0422","尚未提供資訊
No Data To Display"
https://www.beautyworldtaipei.com/m/company.aspx?eid=BWT2026&id=1409&f=,"Country
Taiwan
Website
Booth
A0610","尚未提供資訊
No Data To Display"
https://www.beautyworldtaipei.com/m/company.aspx?eid=BWT2026&id=1388&f=,"Country
Taiwan
Website
Booth
A0909","尚未提供資訊
No Data To Display"
https://www.beautyworldtaipei.com/m/company.aspx?eid=BWT2026&id=1427&f=,"Country
Taiwan
Website
Booth
A1128","尚未提供資訊
No Data To Display"
https://www.beautyworldtaipei.com/m/company.aspx?eid=BWT2026&id=1481&f=,"Country
Japan
Website
Vsit our official website
Booth
A1024","尚未提供資訊
No Data To Display"
https://www.beautyworldtaipei.com/m/company.aspx?eid=BWT2026&id=1534&f=,"Country
Taiwan
Website
Vsit our official website
Booth
A0313","美點國際專注於日本增毛技術服務與專業教育培訓，致力於打造安全、自然且可長期經營的增毛技術系統。品牌結合多年實務經驗與系統化教學，提供完整的技術培訓與市場應用，協助美業從業者建立穩定且具發展性的專業技能。

除了技術教育外，美點國際亦提供專業增毛服務與頭皮管理療程及剪燙染服務，透過專業設備與標準化流程，為顧客打造自然、安心的髮量改善方案。

美點國際相信，真正的技術價值，不只是一項服務，而是一門能長期被信任的專業。

MD International specializes in Japanese hair volume enhancement technology services and professional education training. We are dedicated to developing a safe, natural, and sustainable hair enhancement system that can be practiced as a long-term professional skill. With years of practical experience and a structured training system, we provide comprehensive technical education and market applications, helping beauty professionals build stable and scalable expertise.

In addition to technical training, MD International also offers professional hair volume enhancement services, scalp management treatments, as well as haircut, perm, and coloring services. Through professional equipment and standardized procedures, we deliver natural and reliable hair volume solutions for our clients.

At MD International, we believe the true value of a technique is not just in providing a service, but in building a profession that can be trusted for the long term."
https://www.beautyworldtaipei.com/m/company.aspx?eid=BWT2026&id=1379&f=,"Country
Taiwan
Website
Booth
A1010","以豐富、多元化產品線著稱，米蘿的20年產品銷售經驗涵蓋美甲、睫毛、熱蠟除毛、手足保養等領域。長時間的經驗積累使我們對品質有極高的要求。米蘿致力於深耕技術，亦提供專業服務和免費諮詢。立即加入我們的官方LINE帳號@twmiro或追蹤IG帳號twmironail，即可隨時掌握最新優惠訊息、產品資訊以及專業技術教學。

With 20 years of sales expertise in manicure, eyelash extensions, waxing, and hand/foot care, Miro is known for the rich and diversified product lines. We prioritize quality and are dedicated to advancing technology. We also offer professional services and free consultations. Follow us on LINE @twmiro or Instagram @twmironail for the latest deals, product updates, and professional tutorials!"
https://www.beautyworldtaipei.com/m/company.aspx?eid=BWT2026&id=1389&f=,"Country
Taiwan
Website
Booth
A1327","致力於美容保養數十年，對於高品質的堅持和新產品的創新是蒂柏兒一直以來的經營理念，同時，成為您心目中值得信賴的品牌是我們的最大的榮幸。為了更貼近愛美的您，我們決定在2019年走入網店，拉近您與蒂柏兒的距離， 用平實的價格帶給您優質的產品、奢華的享受，未來就讓蒂柏兒呵護您的肌膚，讓您的年齡停留在最美的那一刻。

"
https://www.beautyworldtaipei.com/m/company.aspx?eid=BWT2026&id=1461&f=,"Country
Taiwan
Website
Booth","尚未提供資訊
No Data To Display"
https://www.beautyworldtaipei.com/m/company.aspx?eid=BWT2026&id=1435&f=,"Country
Taiwan
Website
Booth
A0031","尚未提供資訊
No Data To Display"
https://www.beautyworldtaipei.com/m/company.aspx?eid=BWT2026&id=1467&f=,"Country
Taiwan
Website
Booth
A0500","尚未提供資訊
No Data To Display"
https://www.beautyworldtaipei.com/m/company.aspx?eid=BWT2026&id=1367&f=,"Country
Korea
Website
Vsit our official website
Booth
D1718","Dr.esthé 是一个专业化妆品品牌，自 2004 年起由 100 位韩国皮肤科医生共同参与打造，从产品设计到研究与开发的每一个阶段均深度参与。品牌以皮肤科技与科学知识为基础，专注于专业皮肤护理领域。

我们始终将护肤产品的功效性、亲肤性与安全性放在首位，运用先进的新技术并甄选高品质成分进行配方研发。大多数配方不含人工添加成分或不必要的添加剂。

所有产品均通过皮肤科测试，不含刺激性成分、人工色素及合成香料，以提供更高的皮肤亲和力与安全兼容性。

Dr.esthé is a professional cosmetics brand created with the help of 100 Korean dermatologists who engaged in all processes from product design to research and development since 2004. Our brand is based on skin technology and scientific knowledge, focused towards professional skin care. We prioritize the importance of efficacy, affinity, and safety of skin care, using enhanced new technology and selectively chosen ingredients. Most of our formulas do not contain artificial ingredients or additives. Our products have all been dermatologically tested, and are free of irritation, artificial colorants, and synthetic fragrances to provide higher skin affinity and compatibility."
https://www.beautyworldtaipei.com/m/company.aspx?eid=BWT2026&id=1517&f=,"Country
Taiwan
Website
Booth
P06","尚未提供資訊
No Data To Display"
https://www.beautyworldtaipei.com/m/company.aspx?eid=BWT2026&id=1377&f=,"Country
Taiwan
Website
Booth
A1508","尚未提供資訊
No Data To Display"
https://www.beautyworldtaipei.com/m/company.aspx?eid=BWT2026&id=1521&f=,"Country
Korea
Website
Booth
D2227","**MY COMMERCE 是您拓展中華圈市場的最佳合作夥伴
從跨境流通、物流管理、專業諮詢、品牌打造到行銷策略，MY COMMERCE 提供最符合品牌需求的整合型解決方案。我們協助韓國美妝與保健品牌在中華圈建立穩固的市場基礎並持續成長，透過精準的通路佈局與數據驅動的行銷策略，全方位提升品牌知名度與銷售成效.

**體驗 MY COMMERCE 的國際通路佈局能力
我們為中國大陸、台灣、香港、日本、東南亞等多個市場，提供合法且最符合當地需求的專業通路服務，協助品牌快速建立市場版圖.

**享受 MY COMMERCE 快速且安全的直送服務
提供從韓國直送至中國的配送方案，協助品牌順利進入市場.
我們確保物流流程順暢，並在無需繁複報關手續的前提下，讓產品能安全、快速地送達.

**MY COMMERCE 為您量身打造進入中華圈市場的成長策略
透過客製化諮詢服務，我們協助品牌深入理解市場特性，並構建最符合品牌階段與需求的策略方向.

**MY COMMERCE 的品牌策略與行銷服務
想在中國市場取得成功，除了完善的通路之外，更需要建立讓消費者信任的品牌形象，並搭配符合當地的行銷策略。MY COMMERCE 透過強化品牌識別，並提供最符合中華圈各市場的在地化行銷渠道與整合方案，協助品牌最大化提升市場能見度與銷售表現.

**韓國政府「出口支援 Voucher 計畫」
MY COMMERCE 是經政府認定的「出口支援計畫」官方執行機構，為協助韓國品牌拓展全球市場的可信賴合作夥伴。透過政府補助支持，歡迎體驗 MY COMMERCE 提供的客製化諮詢與行銷服務，加速品牌的海外市場布局與成長.

** MY COMMERCE — Your Strategic Partner for Market Expansion in Asia
MY COMMERCE delivers integrated, bespoke solutions for Korean beauty and wellness brands aiming to scale in Greater China. From cross-border logistics and regulatory compliance to brand positioning and data-driven marketing, we provide the end-to-end expertise required to establish a robust market presence and ensure sustainable, long-term growth.

** Experience Our Global Distribution Network
We provide seamless, compliant distribution services across Mainland China, Taiwan, Hong Kong, Japan, and Southeast Asia. Our infrastructure is engineered to meet local market demands, allowing brands to rapidly secure their footprint in new territories.

** Fast, Secure Direct Shipping
We simplify your path to market with streamlined logistics from Korea to China. Our optimized shipping solutions ensure that your products reach their destination safely and efficiently, minimizing customs friction and accelerating time-to-market.

** Customized Growth Strategies
Success requires more than distribution; it demands a deep understanding of market dynamics. Through tailored consulting, MY COMMERCE helps you navigate the complexities of the Greater China region, developing strategic roadmaps aligned with your specific business goals and growth phase.

** Brand Strategy & Localized Marketing
Building a trusted brand image is essential for success. MY COMMERCE combines strong brand identity development with localized, high-impact marketing channels. We craft integrated campaigns tailored to each specific market, maximizing both visibility and sales performance.

** Official Partner: Korea's “Export Support Voucher Program”
MY COMMERCE is an officially accredited service provider under the Korean government’s Export Support Voucher Program. We empower Korean brands to expand globally by leveraging government-subsidized consulting and marketing services, effectively reducing entry barriers and accelerating your international success."
https://www.beautyworldtaipei.com/m/company.aspx?eid=BWT2026&id=1395&f=,"Country
Taiwan
Website
Booth
A0710","奈拉薇致力於提供專業的美甲教學以及高品質的美甲材料，旗下擁有兩大品牌 MAURA 與 ESIN，滿足專業美甲師與愛美人士的多元需求。

MAURA 以最新一代配方研製，膠體質地滑順，純色一層即可飽和，瓶身設計靈感源自高級香水，氣質滿點。

ESIN 取自土耳其語，意為「靈感的來源」，產品線涵蓋多種美甲材料與工具，為美甲師提供創作靈感與支持。

奈拉薇秉持創新與專業的精神，結合完整的教育系統，為美甲師提供最佳的學習與成長環境。


Here at Nail La Vie we strive to create the best learning experience, our passion motivate us to challenge and innovate, combining artistic innovation with professional education system. We welcome you to join us and share our passion in nail art.
The brand ESIN has been established by a group of professional Nailist, who have been in the nail industry for over 20 years. ESIN products are designed and created in absolute professional perspective. Continuously providing innovative design materials, and unique creative inspiration. ESIN Products are deeply adored amongs professional Nailist in Taiwan.
"
https://www.beautyworldtaipei.com/m/company.aspx?eid=BWT2026&id=1396&f=,"Country
Taiwan
Website
Booth
A1330","尚未提供資訊
No Data To Display"
https://www.beautyworldtaipei.com/m/company.aspx?eid=BWT2026&id=1433&f=,"Country
Taiwan
Website
Booth
A1701","專營美業材料批發，給您品質精緻的材料及產品
符合法規SGS檢驗合格化妝品登錄完成

Specializing in wholesale beauty industry materials, providing you with high-quality materials and products. SGS-certified cosmetics products are compliant with regulations."
https://www.beautyworldtaipei.com/m/company.aspx?eid=BWT2026&id=1392&f=,"Country
Taiwan
Website
Booth
A0022","尚未提供資訊
No Data To Display"
https://www.beautyworldtaipei.com/m/company.aspx?eid=BWT2026&id=1365&f=,"Country
Korea
Website
Vsit our official website
Booth
D1815","我們將永不停止創新與挑戰自我，以提供令客戶滿意的服務。

NEWGEN 化妝品有限公司成立於 2005年，以「創意與創新」為口號，每日都在國內外美容行業中取得飛躍性的進展。
我們時刻傾聽客戶的需求，研發新穎的創新產品，致力成為引領潮流、領導市場的美容產品製造商。
此外，我們堅持誠信經營，透過與合作夥伴的公平貿易，追求公司與合作夥伴的共同發展。NEWGEN COSMETICS 將努力成為客戶與業界都深切信賴的企業。


To achieve customer satisfaction, we will not cease innovation and challenges.

Founded in 2005, NEWGEN COSMEITCS is leaping forward in the domestic and international beauty industry under the slogan of 'Creative' and 'Innovation.'
We will always listen to customer demands, engage in the research and development of new and innovative products, and lead the beauty market by proposing trends.
Furthermore, through fair trade with cooperative partners via responsible management, we aim to promote mutual development between our company and our partners.
NEWGEN COSMETICS is committed to becoming a trusted company for both customers and the industry, exerting efforts toward that goal."
https://www.beautyworldtaipei.com/m/company.aspx?eid=BWT2026&id=1364&f=,"Country
Korea
Website
Vsit our official website
Booth
D1822","Fonewlev，用一缕香气唤醒感官，重塑日常的节奏。

我们相信，香氛不仅是填充空间的元素，更是唤醒记忆、触动情感、开启日常节奏的新篇章。
基于这一信念，Fonewlev精心雕琢每一缕芬芳，使其不仅成为镌刻时光的印记，更是改变日常的契机。

Fonewlev 寓意「For a New Level of You」
——我们希望为那些在日常中寻找新层次的人，以香氛开启一场改变之旅。
此刻，与Fonewlev一起打开记忆之门，遇见全新的自己。

[主要产品]
- 7款室内无火香熏
- 5款车载无火香熏
- 2款护手霜（新品）




Fonewlev is a fragrance brand that delicately transforms your senses and your daily life through scent.

We believe that fragrance is more than something that fills a space
—it can awaken memories, stir emotions, and mark the beginning of a new rhythm in everyday life.
Guided by this belief, Fonewlev designs each fragrance to become a lasting memory— a 'moment' that changes the flow of your day.

Fonewlev stands for ""For a New Level of you.""
For those who seek a fresh dimension to their everyday lives, we offer the beginning of change through scent.
In this very moment, unlock your memories with Fonewlev— and rediscover a new version of yourself.

[Main Products]
- 7 types of Indoor Diffusers
- 5 types of Car Diffusers
- 2 types of Hand Creams (NEW)"
https://www.beautyworldtaipei.com/m/company.aspx?eid=BWT2026&id=1393&f=,"Country
Taiwan
Website
Booth
A0605","尚未提供資訊
No Data To Display"
https://www.beautyworldtaipei.com/m/company.aspx?eid=BWT2026&id=1568&f=,"Country
Taiwan
Website
Booth","尚未提供資訊
No Data To Display"
https://www.beautyworldtaipei.com/m/company.aspx?eid=BWT2026&id=1368&f=,"Country
Korea
Website
Vsit our official website
Booth
D1818","美麗的創新，來自客戶的信賴。
這是 Osean's International 的核心價值。

Osean's International 是一家專業的 ODM、OEM 及 OBM 製造商，持續以創意與創新為核心，致力於實現客戶對美麗的追求。

我們專注於研發創新，開創全新市場，並領先全球客戶不斷變化的需求。

憑藉高品質的化妝品研發與生產能力，透過持續的研發投入與設備升級，提供差異化產品，實現卓越的客戶滿意度。

秉持對美與健康科學的專業追求，Osean's International 在企業願景 「The Beauty of Innovation」 的引領下，不斷邁向更高層次的客戶滿意與價值創造。

Innovation in Beauty, Trust from Customers.
This is the core value of Osean's International.

Osean's International is an ODM, OEM, and OBM manufacturer that continuously strives to enhance customer beauty through creativity and innovation.

We focus on research and development to create new markets and stay ahead of the evolving needs of our global customers.

By delivering the highest quality in cosmetic development and manufacturing, we pursue customer satisfaction through differentiated products supported by advanced R&D and facility investment.

Driven by the science of beauty and health, Osean's International continues to move forward under its corporate vision, “The Beauty of Innovation,” taking customer satisfaction to the next level."
https://www.beautyworldtaipei.com/m/company.aspx?eid=BWT2026&id=1372&f=,"Country
Thailand
Website
Vsit our official website
Booth
A0921","O-Sod Herbal Co., Ltd. 在 ISME 和 Rasyan 品牌下生产并销售产品，明星产品包括草本牙膏以及高品质、安全可靠的皮肤护理与健康产品。所有产品均符合泰国 FDA 标准，并以合理、公平的价格提供给消费者。

O-Sod Herbal Co., Ltd. manufactures and distributes products under the ISME and Rasyan brands. Our standout products include herbal toothpaste, balms, and high-quality skincare and personal care items that are safe and reliable. All products comply with Thai FDA standards and are offered at fair and reasonable prices for consumers."
https://www.beautyworldtaipei.com/m/company.aspx?eid=BWT2026&id=1484&f=,"Country
China
Website
Vsit our official website
Booth
A0624","我们是中国领先的口腔护理产品、湿中及其他相关个人护理产品制造商和供应商。我们作为 OEM 和 ODM 供应商与国家品牌合作已有逾 28 年的历史。公司拥有完整的 IS09001、IS013485、IS022716 和 BRC 质量管理体系，以确保产品质量。我们的原则始终未变:注重创新、倾听用户需求并坚定致力于追求卓越。

We are the leading manufacturer and supplier of oral care products, wet wipes and other related personal care products in China, we have been working with national brands as OEM and ODM supplier for more than 28 years, there is complete QA/Qc system ofls09001, 15013485, 15022716 and BRC to quarantee the quality of products. The principles remain unchanged: an eye for innovation, an ear for people's needs and a frm resolve to make the best."
https://www.beautyworldtaipei.com/m/company.aspx?eid=BWT2026&id=1482&f=,"Country
Korea
Website
Vsit our official website
Booth
D1715","德富存商貿有限公司專注於免稅通路經營與海外市場拓展，於樂天、新羅、新世界等韓國大型免稅體系中營運多個品牌專櫃，具備成熟且穩健的國際通路實力。
菲絲菲兒 為其於全球市場之獨家代理韓國科技護膚品牌。
-----------------------------------------
菲絲菲兒｜ 舒緩 × 光澤

光澤，不必張揚——
它來自肌膚被溫柔安放後的穩定狀態。

菲絲菲兒 源自韓國，專注於精準科技護膚，以「前沿科技 × 純淨美學」為核心理念，打造低刺激、高效能的奢養級保養體驗。品牌代表性科研——韓國專利 MELAWAY™，由源頭精準調控黑色素生成，使肌膚在穩定中自然透亮。

全系列採用溫和弱酸性設計，融合魚腥草、98.5% 高純度穀胱甘肽、維他命原B5與維他命B3，在舒緩、修護與光澤之間取得理想平衡。全產品通過純素認證，以純淨配方，為肌膚留下的，只有安定與光澤。

-----------------------------------------

The Fortune Trading Co., Ltd.
A specialist in duty-free retail and global distribution, operating brand boutiques across Korea’s leading duty-free networks, including Lotte, Shilla, and Shinsegae.
PIXELPURE is exclusively represented worldwide by The Fortune Trading.
-----------------------------------------
PIXELPURE｜Ghost Beauty Secret Season 1

Soothing × Radiance
A Korean precision dermo-cosmetic brand built on Advanced Science × Pure Aesthetics.Powered by Korean-patented MELAWAY™, PIXELPURE refines melanin at the source, revealing calm, natural radiance.Vegan-certified. Mild weak-acidic formula.Only balance, clarity, and refined glow.
"
https://www.beautyworldtaipei.com/m/company.aspx?eid=BWT2026&id=1532&f=,"Country
Taiwan
Website
Vsit our official website
Booth
D2627","尚未提供資訊
No Data To Display"
https://www.beautyworldtaipei.com/m/company.aspx?eid=BWT2026&id=1553&f=,"Country
Taiwan
Website
Booth
A0310","尚未提供資訊
No Data To Display"
https://www.beautyworldtaipei.com/m/company.aspx?eid=BWT2026&id=1363&f=,"Country
Korea
Website
Vsit our official website
Booth
D1716","超越診所的專業美學:SSEDAM 打造永恆光采 源自
2011年的生物美學科學

獨家專利 RX-1202 配方
專利肌膚益生菌成分
具備國際認證:ISO 14001/ISO 9001/歐盟CPNP/EAC

誠徵授權代理商及合作夥伴,歡迎至展位現場洽談！

Aesthetics Beyond the Clinic : Timeless Glow by SSEDAM
The Science of Bio-Aesthetics, Since 2011

Patented RX-1202 Composition
Patented Skin Probiotics
Certifications :
ISO 14001 / ISO 9001
CPNP
EAC

Authorized Partner Inquiries Welcome!"
https://www.beautyworldtaipei.com/m/company.aspx?eid=BWT2026&id=1447&f=,"Country
Taiwan
Website
Booth
N8N9","精臣 NIIMBOT 台灣總代理｜提升沙龍層次，從專業標示開始
在追求極致美感的美容美甲產業，細節就是專業。
自 2019 年起，我們引領台灣標籤列印市場，
不僅是全球銷量冠軍，更是美業夥伴的首選。
我們提供超過 1,000 種精美標籤，能完美契合美甲色膠、美容瓶罐的標示需求，並支援小量客製，
讓您的工作室從材料管理到成品包裝，都展現官方認證的職人質感。

【色號管理｜產品效期標示｜工作室收納｜質感客製】

＊全球冠軍實力： 2025 全球銷冠，2019 起在台深耕，服務上萬美業夥伴。
＊美甲美髮專屬： 解決數百種色號管理、分裝瓶效期標示痛點。
＊1000+ 樣式： 豐富原廠標籤，更有防水防油材質，應對美業環境。
＊專業客製化： 支援工作室名稱與 LOGO 小量印製，提升專業形象。

NIIMBOT Taiwan Official Agent | Elevate Your Salon Standards with Professional Labeling

In the beauty and nail industry, where aesthetic perfection is the goal, details define professionalism. Since 2019, we have led the labeling market in Taiwan. As a global sales leader, we are the premier choice for beauty professionals.

We offer over 1,000 exquisite label styles designed to perfectly complement nail gels and cosmetic bottles. With support for small-batch customization, we help your studio showcase a certified ""craftsman"" quality—from material management to final packaging.

【Color Management | Expiry Labeling | Studio Organization | Premium Customization】

Global Sales Leader: The 2025 global top seller, deeply rooted in Taiwan since 2019, serving tens of thousands of beauty partners.

Tailored for Beauty & Hair: Solving the pain points of managing hundreds of gel colors and labeling expiration dates for decanted products.

1,000+ Styles: A wide range of original labels with water-resistant and oil-resistant properties, built for the salon environment.

Professional Customization: Supporting small-batch printing of studio names and logos to enhance your brand identity."
https://www.beautyworldtaipei.com/m/company.aspx?eid=BWT2026&id=1563&f=,"Country
Korea
Website
Vsit our official website
Booth
D1622","尚未提供資訊
No Data To Display"
https://www.beautyworldtaipei.com/m/company.aspx?eid=BWT2026&id=1514&f=,"Country
Taiwan
Website
Booth
A0009","預約美甲美睫，不該這麼麻煩。
您是否也遇過這些困擾？
資訊分散、價格不透明、服務內容模糊...
最後只能一間間加 LINE 詢問，既耗時又費力。
想看作品得翻遍 Instagram，想問價格卻得等待私訊回覆。
很多人在預約之前，就已經感到疲憊而放棄。

根據調查顯示：

90% 的消費者曾因價格不透明感到困擾。

85% 的消費者認為資訊過於分散、難以比較。

我們相信，選擇美感不該是一種負擔。
RELAQ 平台因此誕生。

核心價值：簡單、聰明、信賴
簡單 (Simple)： 作品與價格一目了然，告別反覆私訊詢問。

聰明 (Smart)： 透過特色標籤（如：近捷運、可帶小孩）精準媒合需求。

信賴 (Trust)： 資訊由店家即時維護，透明公開，讓消費更有保障。

我們的願景
我們致力於讓消費者不再被「找資訊」消耗精力，而是享受「選擇與比較」的過程。
同時，RELAQ 協助優質店家展現專業與特色，讓好的服務，被更多人看見。

RELAQ: Revolutionizing Nail & Lash Bookings
Have you ever felt frustrated when booking beauty services?
Scattered information, hidden pricing, and unclear service details...
In the end, you find yourself adding multiple shops on LINE just to ask basic questions. It’s time-consuming and exhausting.

To compare portfolios, you have to scroll through endless Instagram feeds. To find a price, you have to wait for a DM reply. Many people feel so overwhelmed that they give up before even making an appointment.

Our survey shows:

90% of customers are frustrated by non-transparent pricing.

85% of customers find information too scattered to compare easily.

We believe that in this digital age, choosing beauty services shouldn’t be this difficult.
That’s why we created RELAQ.

Simple. Smart. Reliable.
Simple: Clear portfolios and pricing at a glance. No more back-and-forth messaging.

Smart: Find the perfect match instantly with featured tags (e.g., Near Metro, Kids Welcome).

Reliable: All information is updated and maintained by the artists themselves—transparent and trustworthy.

Our Vision
We want customers to stop wasting energy on ""searching"" and start enjoying the process of ""discovering and choosing.""

At the same time, we empower beauty professionals to showcase their expertise and unique style, ensuring that high-quality services get the spotlight they deserve."
https://www.beautyworldtaipei.com/m/company.aspx?eid=BWT2026&id=1339&f=,"Country
Korea
Website
Vsit our official website
Booth
D1422","尚未提供資訊
No Data To Display"
https://www.beautyworldtaipei.com/m/company.aspx?eid=BWT2026&id=1378&f=,"Country
Taiwan
Website
Booth
A0715","創辦於 2014 年，創辦人 IVY 在15年前看到熱蠟除毛市場的發展潛力，因此決定引進最好的產品，並制定高品質的教育標準，建構高水準的市場基礎。

吉畇國際一直致力於引進有故事和產品力的國際品牌，並投注心力於台灣美業的提升和成長，持續發展更好的服務、技術和產品。

吉畇國際為義大利純淨美膚美髮品牌RICA和美國專業護膚品牌Esthemax台灣總代理。所有品牌都擁有共同的核心價值 - 講究天然素材，高效能保養效果，滿足各種膚質＆髮質的保養需求。



Founded in 2014, the founder, IVY, recognized the potential for growth in the hair waxing market 15 years ago, therefore decided to introduce the best products and establish high-quality educational standards to build a strong market foundation.

Jiyu International has consistently focused on introducing international brands with compelling stories and strong product capabilities, dedicating efforts to the enhancement and growth of Taiwan's beauty industry, through continual developing better services, techniques, and products.

Jiyu International is the exclusive Taiwan distributor for the Italian skincare and haircare brand RICA and US professional skincare brand Esthemax. All brands share a common core value: emphasizing natural ingredients and high-performance effects to meet all skincare and haircare needs."
https://www.beautyworldtaipei.com/m/company.aspx?eid=BWT2026&id=1399&f=,"Country
Taiwan
Website
Booth
A0622","Crystal Lab 專注於專業美容通路的高效護膚品牌，致力於為亞洲市場提供兼具安全性、穩定性與實際效果的專業保養解決方案。品牌以亞洲膚質需求為研發核心，針對敏感不穩、屏障修護、缺水暗沉等常見膚況，打造可應用於美容院療程與居家延伸的完整產品線。

機能成分與嚴謹配方設計，協助合作店家提升護理效果、強化顧客體驗與回購率，並在競爭激烈的美容市場中建立清晰的差異化定位，攜手開創專業護膚市場的更多商機與可能。

"
https://www.beautyworldtaipei.com/m/company.aspx?eid=BWT2026&id=1457&f=,"Country
Taiwan
Website
Booth
D2616","尚未提供資訊
No Data To Display"
https://www.beautyworldtaipei.com/m/company.aspx?eid=BWT2026&id=1533&f=,"Country
Taiwan
Website
Vsit our official website
Booth
A0306","尚未提供資訊
No Data To Display"
https://www.beautyworldtaipei.com/m/company.aspx?eid=BWT2026&id=1565&f=,"Country
Korea
Website
Booth
A1222","尚未提供資訊
No Data To Display"
https://www.beautyworldtaipei.com/m/company.aspx?eid=BWT2026&id=1421&f=,"Country
Taiwan
Website
Booth
A1705","尚未提供資訊
No Data To Display"
https://www.beautyworldtaipei.com/m/company.aspx?eid=BWT2026&id=1480&f=,"Country
Japan
Website
Vsit our official website
Booth
A1124","

Our story starts with H&M's, which was founded in 2013 to plan, stock, and sell products related to health and beauty. In March 2018, we established the SANCHO Corporation. The name SANCHO comes from the balance of the three (san) elements of Body (choshin), Breath (chosoku), and Mind (choshin).

Our approach begins with ""correcting posture,"" followed by ""regulating breath,"" and finally ""focusing the mind."" When both mind and body are in a state of balance, natural healing power and vitality are enhanced. This is the core concept and inspiration behind our company name, SANCHO Corporation. We are dedicated to supporting the future of women's health and beauty."
https://www.beautyworldtaipei.com/m/company.aspx?eid=BWT2026&id=1529&f=,"Country
Korea
Website
Vsit our official website
Booth
A1024","尚未提供資訊
No Data To Display"
https://www.beautyworldtaipei.com/m/company.aspx?eid=BWT2026&id=1475&f=,"Country
Taiwan
Website
Booth
D2636","FRACIUS 法拉西施自品牌誕生以來，始終秉持 「專業、品質、創新」 的核心理念，專注於研發並提供專業美髮師與消費者都能信賴的高品質美髮工具與產品。
旗下 FRACIUS – SALON IONIC COLLECTION 髮梳與美髮用品系列，自推出以來深受大眾喜愛。品牌創辦人專注於髮梳領域，將專屬於美髮設計師的專業商品大眾化，讓消費者在日常生活中，也能輕鬆體驗 髮廊級護理與造型，縮短專業與居家的距離。

FRACIUS 堅信：

「我們生活的品質從未停止進步，讓美更加個性化、時尚化、與眾不同。」

這一理念，體現了 FRACIUS 對高品質生活的不斷追求與持續創新，並致力於滿足顧客日益增長的需求與期待。

今日的 FRACIUS 法拉西施，已成為 專業與時尚兼具的美髮品牌代表，持續以 頂尖、優質、時尚、實用 的產品，從貼心與專業的角度出發，為每一位顧客打造舒適、自信與美好的生活體驗。

FRACIUS

Since its founding, FRACIUS has upheld the core values of “Professionalism, Quality, and Innovation.” The brand is dedicated to developing and providing high-quality professional hair tools and products trusted by both hairstylists and consumers.

The FRACIUS – SALON IONIC COLLECTION, featuring hairbrushes and professional haircare accessories, has been widely loved since its launch. The founder, with a strong focus on the hairbrush field, aims to bring professional salon tools closer to everyday users. By making stylist-grade products accessible, consumers can easily experience salon-level care and styling in their daily lives, bridging the gap between professional salons and home use.

FRACIUS believes:

“The quality of our lives never stops evolving. Beauty should be more personalized, fashionable, and uniquely expressive.”

This philosophy reflects FRACIUS’s continuous pursuit of a high-quality lifestyle and its commitment to innovation, striving to meet the ever-growing expectations and needs of its customers.

Today, FRACIUS has become a representative brand that combines professional expertise with modern style. With products that are premium, innovative, fashionable, and practical, FRACIUS approaches every detail with care and professionalism, creating a comfortable, confident, and beautiful lifestyle experience for every customer."
https://www.beautyworldtaipei.com/m/company.aspx?eid=BWT2026&id=1523&f=,"Country
Taiwan
Website
Booth
A0830","雪曼電漿科技有限公司 深耕電漿應用研究超過二十年，專注於將高端電漿技術從實驗室轉化為貼近日常生活的安全產品。

我們的技術源自食品安全與醫療研究領域，致力於以科學為基礎，開發更安心、更純淨、更具效能的產品解決方案。

在這個充斥化學添加與潛在風險成分的時代，雪曼電漿科技堅持「科技為健康而生」的理念，透過電漿技術提升水質活性與潔淨力，打造兼具安全性與創新性的產品。

我們相信，真正好的產品，不只是有效，更應該讓人放心。
未來，雪曼將持續深化電漿技術應用，拓展於食品、健康與美容保養領域，成為台灣專業電漿技術品牌代表。

SHERMANN'S TECH. LTD. is a Taiwan-based company with over 20 years of expertise in plasma research and application. We specialize in transforming advanced plasma technology from laboratory innovation into practical, safe, and consumer-friendly products.

Our technology originates from food safety and medical research fields, where precision, hygiene, and safety are essential. Guided by science-driven development, we create solutions that enhance purity, stability, and performance.

In an era where consumers are increasingly concerned about chemical additives and hidden risks, Sherman Plasma Technology is committed to the philosophy:

“Technology Created for Health.”

Through plasma technology, we enhance water activation and purification performance, developing innovative products that combine safety, efficiency, and scientific integrity.

We believe truly great products are not only effective — they must also inspire trust.
Moving forward, we aim to expand plasma applications across food safety, health, and beauty industries, representing Taiwan’s professional plasma innovation on the global stage."
https://www.beautyworldtaipei.com/m/company.aspx?eid=BWT2026&id=1450&f=,"Country
Taiwan
Website
Booth
N6","尚未提供資訊
No Data To Display"
https://www.beautyworldtaipei.com/m/company.aspx?eid=BWT2026&id=1478&f=,"Country
Korea
Website
Vsit our official website
Booth
A0417","尚未提供資訊
No Data To Display"
https://www.beautyworldtaipei.com/m/company.aspx?eid=BWT2026&id=1440&f=,"Country
Taiwan
Website
Booth
D1624","15 年，只為把中醫美容做到世界級。
西絲朵拉生物科技有限公司
由 李中正 董事長 創辦，邁入第 15 年，
2025 年推出「西絲朵拉中醫美容」，迅速獲得國際市場肯定。
榮獲 經濟部國際貿易署
2025–2026 年連續推薦為外銷出口優良企業，
並受邀出席 台灣精品論壇 2025《精耀未來》。
「給我 70 分鐘，給您終身難忘」
西絲朵拉中醫美容已成功落地越南、高雄，並持續拓展國際市場。
真正做到——無國界、無性別、無年齡限制，敏感肌也適用。
這不是趨勢，是正在發生的未來。

西絲朵拉中醫美容微循環逆齡抗老系統緣起與先期投入成果
✓ 李中正董事長投資逆齡抗老化妝品研發十多年根據中西醫科學
與自然醫學理論，專研微循環健康促進臨床執行實務開創出中
醫美容西絲朵拉微循環臉部逆轉青春逆齡抗老系統＆頭皮養護
運法專家系統，著重結構性解決方案從民眾面部的根本基礎上
立即改善擴張皮膚及深層肌肉微血管、促進血液循環、活化粒
線體、活化皮脂腺和汗腺的功能，增加肌膚潤滑度，回復彈性
，促進基底細胞分裂，使老化的角質層自噬，生成更細緻的角
質層，修復受損的細胞，使細胞活化再生，促使真皮層內膠原
蛋白、彈性纖維蛋白和玻尿酸等物質生成。

全球獨創西絲朵拉中醫美容AI大健康〝給我70分鐘給你終身難忘〞微循環人蔘系列逆齡抗老系統，可外銷、可店家、可居家立即逆齡抗老效果驚艷，“親民價格頂級享受服務”更是超越現有市場“外泌體”僅限店家使用優勢，西絲朵拉中醫美容AI大健康無國界、無男女老少之分、敏感肌膚全適用，全球新商機、新財富，抓住機遇財富追著跑！

15 years, just to make traditional Chinese medicine beauty world-class.
Sisdora Biotechnology Co., Ltd
Founded by Chairman Li Zhongzheng, entering its 15th year,
In 2025, ""Sistora TCM Beauty"" was launched, which quickly gained recognition from the international market.
Awarded the International Trade Administration of the Ministry of Economic Affairs
In 2025–2026, it will be continuously recommended as an excellent export enterprise.
and was invited to attend the Taiwan Boutique Forum 2025 ""Shine the Future"".
""Give me 70 minutes, give you a lifetime""
Sisdola TCM Beauty has successfully landed in Vietnam and Kaohsiung, and continues to expand the international market.
Truly do it - no borders, no gender, no age limits, even for sensitive skin.
This is not a trend, it is the future that is happening.

The origin and early investment results of the Traditional Chinese Medicine Beauty Microcirculation Anti-Aging and Anti-Aging System
✓ Chairman Li Zhongzheng has invested in the research and development of anti-aging and anti-aging cosmetics for more than ten years, based on traditional Chinese and Western medical science
and natural medicine theory, specializing in microcirculation health promotion clinical implementation practice
Medical Beauty Sistora Microcirculation Facial Reversal Youth Anti-Aging Anti-Aging System & Scalp Maintenance
The system focuses on structural solutions based on the fundamental needs of the people
Immediately improves the dilation of skin and deep muscle microvessels, promotes blood circulation, and activates granules
Activates the functions of the sebaceous glands and sweat glands, increases skin lubrication and restores elasticity
, promoting basal cell division, causing aging stratum corneum autophagy and producing finer horns
The plasma layer repairs damaged cells, activates and regenerates cells, and promotes collagen in the dermis
protein, elastin, and hyaluronic acid.
Global original Sisdora Traditional Chinese Medicine Beauty TCM Beauty AI Health""Give Me 70 Minutes to Give You a Lifetime Unforgettable"" microcirculation ginseng series anti-aging and anti-aging system, which can be exported, stored, and home
The immediate anti-aging and anti-aging effect is amazing, ""Affordable price top-notch enjoyment.""
""Served"" is even more limited to ""exosomes"" in the existing market
The store's advantages in use, Sisdora traditional Chinese medicine beauty has no borders,
Regardless of gender, age, or gender, suitable for sensitive skin, new in the world
Business opportunities, new wealth, seize the opportunity wealth to chase and run!
"
https://www.beautyworldtaipei.com/m/company.aspx?eid=BWT2026&id=1340&f=,"Country
United States
Website
Vsit our official website
Booth
D1824","在 InoPro，我们相信自信笑容源于舒适温和的日常护理。我们的故事始于一个清晰的使命：创造简单易用、精心打造、呵护牙齿的美白产品。

在 InoPro，我们与专家合作，精心研发美白配方，注重每一个细节。每款产品都经过严格审核，旨在为您带来平衡舒适的美白体验。

无论您是为了特殊场合而美白，还是将其作为日常护理的一部分，InoPro 都提供不含过氧化物的美白产品，旨在自然融入您的日常生活。

At InoPro, we believe a confident smile begins with everyday care that feels good and works gently. Our story started with a clear mission: to create smile-enhancing products that are simple to use, thoughtfully made, and kind to your teeth.
At InoPro, we collaborate with experts to craft thoughtful whitening formulas developed with care and attention to detail. Each product is carefully reviewed to support a balanced, comfortable whitening experience.
Whether you’re brightening your smile for a special occasion or keeping it part of your daily care, InoPro offers peroxide-free options designed to fit naturally into your routine."
https://www.beautyworldtaipei.com/m/company.aspx?eid=BWT2026&id=1452&f=,"Country
Taiwan
Website
Booth
P03","雪蓮香氣學苑國際有限公司

snow lotus aroma academy"
https://www.beautyworldtaipei.com/m/company.aspx?eid=BWT2026&id=1549&f=,"Country
Taiwan
Website
Vsit our official website
Booth
D2727","尚未提供資訊
No Data To Display"
https://www.beautyworldtaipei.com/m/company.aspx?eid=BWT2026&id=1407&f=,"Country
Taiwan
Website
Booth
A0905","以精密工藝，重新定義美的工具。

從 1980 年起，我們專注於微米級製造技術，服務 PCB、半導體、航空與航太等領域。如今，StarBeauty 將同樣的工業級標準帶入美甲產業，把更高效、更耐用、更順手的工具帶給全球美甲師。

因為我們相信，美，是藝術，也是科學。

為職人，打造更輕鬆的創作體驗

Redefining the tools of beauty through precision craftsmanship.

Since 1980, we have specialized in micron-level manufacturing, serving the PCB, semiconductor, and aerospace industries.
Today, StarBeauty brings the same industrial-grade standards to the nail industry—delivering more efficient, durable, and ergonomic tools to nail technicians worldwide.

Because we believe that beauty is both an art and a science.

Crafting an effortless creative experience for professionals."
https://www.beautyworldtaipei.com/m/company.aspx?eid=BWT2026&id=1398&f=,"Country
Taiwan
Website
Booth
D2022","星和醫美已創立18年，以「美麗與健康並存」為核心理念，至今已服務超過50萬名用戶，是眾多藝名人與網紅長期指定的合作品牌。旗下門市擁有19家，布局六都及新竹等核心區域，並持續擴展中。星和醫美以多元療程與專業醫療服務著稱，包括電音波治療、微整注射、雷射光療、私密保養及增肌減脂等，近年更積極跨足「大健康」領域，推出再生醫療、血液淨化與功能醫學等服務，從外在美形延伸至內在健康管理，打造全方位的醫療美學體驗。

STARCLINIC, was founded 18 years ago, with the core philosophy of beauty and health in harmony. The brand has served over 500,000 clients and trusted by numerous celebrities, and influencers.
STARCLINIC currently operates 19 clinics, strategically located across Taiwan’s six key regions including Hsinchu, with ongoing expansion underway. Renowned for its diverse treatment portfolio and professional medical services, STARCLINIC offers a comprehensive range of solutions, including RF skin tightening / Ultherapy / HIFU , Injectable Aesthetics, Laser & Light Therapy, Intimate Care, and Muscle-building And Fat-reduction.
In recent years, STARCLINIC has actively expanded into the field of holistic health, introducing services such as regenerative medicine, blood purification, and functional medicine. By extending from external aesthetic enhancement to integrated internal health management, STARCLINIC is committed to delivering a comprehensive and future-oriented medical aesthetics experience.
"
https://www.beautyworldtaipei.com/m/company.aspx?eid=BWT2026&id=1420&f=,"Country
Taiwan
Website
Booth
A1500","STYLE史黛爾美甲｜最懂你的美甲品牌

STYLE史黛爾美甲致力於提供 高品質的美甲產品與專業課程，結合沙龍美學與技術培訓，打造完整的美甲學習與服務體驗。
我們擁有 專業美甲師團隊，不僅提供精緻美甲服務，也透過 多元課程培訓新一代美甲師，協助學員提升技術、建立個人品牌。

STYLE 三大核心：
💅 美甲沙龍——專業老師操刀，提供高質感手足凝膠美甲服務
📚 課程教學——規劃完整培訓，從入門到進階，全方位技術傳承
🛍 門市商品——嚴選高品質美甲產品，讓美甲操作更輕鬆順手

我們的實體門市位於 台北市中正區忠孝東路二段 35 號（近善導寺捷運站），並同步經營 蝦皮與官網商城，讓學員與顧客都能輕鬆取得優質美甲用品。

我們歡迎全球美甲師、美業工作室與 STYLE 史黛爾合作，共同推動美甲行業的發展！
如需了解更多美甲產品或課程資訊，請隨時與我們聯繫💖

✨ Show your style with STYLE ✨

STYLE Stailor Nail Art | The Nail Brand That Truly Understands You

STYLE Stailor Nail Art is dedicated to providing high-quality nail products and professional courses, combining salon aesthetics with technical training to create a comprehensive nail learning and service experience. We have a team of professional nail artists who not only provide exquisite nail services but also offer diverse courses to train the next generation of nail artists, helping students enhance their skills and build their personal brands.

STYLE's three core pillars:
💅 Nail Salon — Professional instructors offer high-quality hand and foot gel nail services.
📚 Course Teaching — Complete training programs from beginner to advanced, providing all-around technical guidance.
🛍 Retail Products — Carefully selected high-quality nail products to make nail work easier and smoother.

Our physical store is located at 35 Zhongxiao East Road, Section 2, Zhongzheng District, Taipei (near Xindian Temple MRT Station), and we also operate Shopee and official website stores, making it easy for both students and customers to access premium nail products.

We welcome global nail artists and beauty studios to collaborate with STYLE Stailor to drive the development of the nail industry!
For more information on nail products or courses, feel free to contact us 💖

✨ Show your style with STYLE ✨"
https://www.beautyworldtaipei.com/m/company.aspx?eid=BWT2026&id=1465&f=,"Country
Taiwan
Website
Booth
A0827","尚未提供資訊
No Data To Display"
https://www.beautyworldtaipei.com/m/company.aspx?eid=BWT2026&id=1460&f=,"Country
Taiwan
Website
Booth
D2622","尚未提供資訊
No Data To Display"
https://www.beautyworldtaipei.com/m/company.aspx?eid=BWT2026&id=1552&f=,"Country
Taiwan
Website
Booth
A0312","台灣香水製造股份有限公司（Taiwan Fragrance Company） 致力於打造來自台灣的香氛品牌。旗下品牌 「初馨 First Fragrance」 為來自台灣的精品香氛品牌，以「香氣的第一印象」為靈感，透過細膩調香與簡約優雅的設計，呈現清新、純粹且富有層次的香氛體驗。品牌以氣味與情感記憶的連結為核心，讓香氣成為日常生活中細緻而深刻的感官存在。針對東亞氣候，為愛香的人提供更適合、不同於一般市場的選擇。產品於符合 ISO 22716（化妝品 GMP） 的製造環境生產，並完成 PIF 檔案建置，符合歐美市場銷售規範。

Taiwan Fragrance Company is dedicated to creating fragrance brands from Taiwan. Our brand First Fragrance is a niche fragrance brand from Taiwan, inspired by the idea of the “first impression of scent.” Through refined fragrance compositions and elegant minimalist aesthetics, the brand presents fresh, pure, and layered olfactory experiences. First Fragrance focuses on the emotional connection between scent and memory, transforming fragrance into a subtle yet meaningful part of everyday life. We offer East Asian fragrance lovers a distinctive alternative tailored to their climate.

Our products are manufactured in facilities certified with ISO 22716 (Cosmetic GMP) and supported by PIF documentation for EU regulatory compliance."
https://www.beautyworldtaipei.com/m/company.aspx?eid=BWT2026&id=1541&f=,"Country
Taiwan
Website
Booth","深耕海內外.放眼國際.跨足全亞洲美業! 以結合並推動美髮.美容.美甲.美睫.頭皮.彩妝.影視特效.化妝品及美容美髮儀器.材料


Rooted in Taiwan, Connected Worldwide — Expanding Across Asia's Beauty Industry

We actively integrate and empower diverse beauty segments, spanning hair, skincare, nails, lashes, scalp treatments, professional makeup, film & SFX artistry, cosmetics, and advanced beauty and hair equipment and supplies — building a comprehensive, cross-sector beauty ecosystem across Asia."
https://www.beautyworldtaipei.com/m/company.aspx?eid=BWT2026&id=1444&f=,"Country
Taiwan
Website
Booth
D2334","iroha是日本知名品牌TENGA旗下的女性用品品牌， 自2013年誕生以來，致力於改變女性面對自身感受的方式，提倡「愉悅是自然且值得被珍視的權利」。

品牌以高品質、柔軟材質與簡約設計為核心， iroha 不僅重視美感，更強調安心、舒適的使用體驗，陪伴女性自在探索、接納並享受自己的身體。
除了愉悅用品，也推出私密護理，私密清潔、保濕與舒緩保養，採用低刺激、溫和成分，守護女性私密處健康，實踐全方位的身體照顧。
2024年正式邀請混血模特兒兼演員「水原希子」擔任全球品牌大使，一同倡議女性愉悅意識，傳遞自信與自愛的品牌理念。

iroha, a wellness brand by TENGA, launched in 2013, promotes that “pleasure is natural and deserves to be cherished.”

With soft textures and minimalist design, iroha prioritizes comfort and safety, empowering women to embrace their bodies.
In addition to pleasure products, iroha offers intimate care items for feminine hygiene, using mild ingredients for overall well-being.
In 2024, actress Kiko Mizuhara became the global ambassador, promoting body positivity and self-love."
https://www.beautyworldtaipei.com/m/company.aspx?eid=BWT2026&id=1376&f=,"Country
Taiwan
Website
Booth
A1315","尚未提供資訊
No Data To Display"
https://www.beautyworldtaipei.com/m/company.aspx?eid=BWT2026&id=1488&f=,"Country
Taiwan
Website
Booth
A0018","尚未提供資訊
No Data To Display"
https://www.beautyworldtaipei.com/m/company.aspx?eid=BWT2026&id=1418&f=,"Country
Taiwan
Website
Booth
A1506","尚未提供資訊
No Data To Display"
https://www.beautyworldtaipei.com/m/company.aspx?eid=BWT2026&id=1386&f=,"Country
Taiwan
Website
Booth
A0015","Vian La Beauté創辦人賴薇安女士為醫護人員，因深受毛髮困擾而接觸到熱蠟產業，但卻在接受服務過程中經常會有肌膚不適反應，於是對產品及肌膚進行深入的研究。發現亞洲熱蠟產品大多為代理歐美品牌，但亞洲人的肌膚毛髮與西方人不盡相同，亞洲人的肌膚較為細緻，且較無法對抗刺激性；而西方人的毛髮較為旺盛且粗硬，所以如果直接使用歐美品牌產品或手法，可能會造成皮膚破皮或過敏的傷害。於是我們耗時多年與義大利及西班牙熱蠟製造大廠研發室共同開發，針對亞洲人肌膚、毛髮所設計調配出最適合亞洲人毛髮膚質之熱蠟產品配方，蠟品具有完整包覆性、完美的抓毛力、低敏、低刺激度能降低肌膚不適反應，最大特色是保證不會斷裂，讓操作者能輕鬆上手，是最為適合亞洲人使用之熱蠟產品。其他周邊保養產品是與中國醫藥大學校長級芳療講師共同研發，設計全系列皆使用天然無毒、無農藥之複方精油調配而成，複方精油對肌膚的養護效果極佳，可使毛髮整理後的肌膚反應降至極低。全系列私密保養產品皆為獨家花卉植萃複方調香，香氣芳香迷人對私密處滋潤、修護、抑菌、去味、保濕、嫩白、撫平皺紋、豐盈有顯著效果，讓女孩能由內而外散發自信風采。

Ms. Lai Vian, the founder of VIAN LA BEAUTÉ, is a medical professional. Her serious hair problems led her to use hot wax, but she often experienced skin discomfort during her hair removal treatment. Thus, she conducted a thorough research on the skin and hot wax products and found that most hot wax products in Asia were developed by European and American brands. However, the skin and body hair of Asians are different. Asian skin is more delicate and less resistant to irritation, whereas the hair of Westerners is denser and thicker. Therefore, direct use of European or American products or techniques might cause damages such as skin breakage or allergy. We spent many years with the research and development departments of major Italian and Spanish hot wax manufacturers, jointly developing hot wax product formulas that are the most suitable for Asian skin and hair. The wax can wrap around and grip hair perfectly. It is also hypoallergenic with low irritation, which reduces skin discomfort. Its most important feature is that it is easy to use and does not snap during use, making it the best hot wax–based skin beauty product for hair removal and care for Asians. The care products to be used before and after hot wax treatment were jointly researched and developed with an aromatherapy professor, who is a lecturer at China Medical University, Taiwan and a leading authority in this field. The entire product line is blended with natural, nontoxic, pesticide-free essential oil compounds. The compound essential oils are extremely effective for skin care and reduce skin reactions to hair treatment to a minimum. The entire series of intimate care products is made using aromatic compounds based exclusively on floral and plant extracts. They are fragrant and have significant effects on the intimate area, including moisturization, damage repairing, sterilization, deodorization, hydration, aphrodizing, whitening, wrinkle prevention, and plumping, bringing the confident charm of women to the surface."
https://www.beautyworldtaipei.com/m/company.aspx?eid=BWT2026&id=1492&f=,"Country
Taiwan
Website
Booth
P04","尚未提供資訊
No Data To Display"
https://www.beautyworldtaipei.com/m/company.aspx?eid=BWT2026&id=1411&f=,"Country
Taiwan
Website
Booth
A0305","ViviDay Salon, founded in 2015, is a professional beauty brand specializing in nail, eyelash, and semi-permanent makeup services. With multiple locations across Taiwan, ViviDay is dedicated to delivering high-quality services with efficiency and strong value.

Built on a systemized business model, ViviDay provides standardized technical training, operational management systems, marketing support, and brand resources to ensure stable and scalable store operations. This structured approach allows beauty professionals and entrepreneurs to grow their businesses with confidence.

Looking ahead, ViviDay aims to expand internationally while continuing to develop professional products, education systems, and brand management, creating a comprehensive beauty ecosystem for long-term industry growth.

ViviDay Salon 創立於 2015 年，為專業美甲、美睫服務品牌，目前在台灣擁有多家直營與加盟據點，致力於提供高品質、高效率且具價格競爭力的美業服務。

我們以「系統化經營」為核心，建立完整的營運架構，包含標準化技術流程、店務管理制度、教育訓練體系與行銷支援，讓每一家門店都能穩定運作並持續成長。透過成熟的營運模式與品牌資源整合，ViviDay 不僅是一家美業品牌，更是一個讓美業創業者能快速成長的經營平台。

未來，ViviDay 將持續拓展海內外市場，結合產品研發、技術教育與品牌經營，打造更完整的美業生態系，讓更多夥伴能在美業中實現長期穩定的事業發展。"
https://www.beautyworldtaipei.com/m/company.aspx?eid=BWT2026&id=1416&f=,"Country
Taiwan
Website
Booth
A0221","尚未提供資訊
No Data To Display"
https://www.beautyworldtaipei.com/m/company.aspx?eid=BWT2026&id=1436&f=,"Country
Taiwan
Website
Booth
A0831","大自然利用水來捕捉灰塵、過敏源和污染物，透過雨水、雪、露水等方式洗滌大地，為我們提供清新空氣。Ritello®效仿這一自然智慧，將灰塵、污垢、細菌和塵蟎捕捉在水盆內，並將清新的空氣帶回您的家中。採用獨特水濾技術，無需使用耗材，徹底捕捉居家細小過敏源。最重要的是，Ritello®消除了二次污染，讓您的家真正達到安全、健康的居住環境。Ritello®結合德國先進技術，在市場中獨具優勢，為您提供無與倫比的清潔體驗。選擇Ritello®，讓我們共同打造無過敏源、清新舒適的居家環境，為您和家人帶來更高品質的生活。

ritello uses water to trap dust, allergens, and pollutants, mimicking nature’s purification. unlike traditional vacuums, it prevents secondary pollution by capturing impurities in water. no consumables are needed, saving money while improving air quality. german-engineered for power and durability, ritello keeps your home fresh and healthy."
https://www.beautyworldtaipei.com/m/company.aspx?eid=BWT2026&id=1431&f=,"Country
Taiwan
Website
Booth
A0030","雁姿國際有限公司秉持著追求人類的健康及美麗，將生物科技之技術融入生命中，作為首要發展目標與技術開發應用之原則，創造出LHTB之經營理念，即生命(Life)、健康(Health)、科技(Technology)、美麗(Beautiful)。
雁姿國際有限公司更運用產、學策略技術，不斷自我鞭策努力，以維繫國人優質健康與美麗自信為首要前提，從國外引進更多優質產品與技術，創造優質人生，並以此創造出雁姿國際企業的使命、理念、與目標。
※我們的使命：實現夢想－贏得健康；成就他人－獲得美麗。
※我們的理念：創造利潤，分享顧客。
※我們的目標：追求『健康又美麗』。

"
https://www.beautyworldtaipei.com/m/company.aspx?eid=BWT2026&id=1473&f=,"Country
Taiwan
Website
Booth
A0724","【超立體雕刻】植物純手工皂獨創最特別的精細雕刻天然手工冷皂。
【純天然油品】採用第一道未精製油品，低溫皂化熟成後，保留珍貴甘油，強化肌膚彈性。
【溫和零添加】通過SGS國際檢測標準，無添加化學合成藥劑。
自設植物精油萃取設備，純度高，種類多樣化
合作國內外銷售批發、品牌OEM、禮贈品開發

[Handcrafted 3D Art]
Work at delicate handcrafted 3D art CP soap with great care, which makes the production harder.

[Pure Natural Oil]
We make our soaps in the old world traditional cold-processed way. The temperature of making CP soap is under 40°C and the saponification time takes 6~8weeks.

[No Chemistry Additives]
Pure Plant Soap comply with SGS standard for international requirement. There are no SLSs, parabens, petrochemicals, preservative and no harmful chemicals.

Pure essential oil extraction. Seasonal natural plant-based essential oils.
Cooperation with domestic/export sales, wholesales, OEM, brands."
https://www.beautyworldtaipei.com/m/company.aspx?eid=BWT2026&id=1422&f=,"Country
Taiwan
Website
Booth
D2534","2024年，攸沃緹誕生了
攸沃緹是由幾名經驗豐富的皮膚管理師們所成立，
由於深知專業的皮膚管理產品是改善肌膚健康的關鍵，
因此我們結合臨床經驗和嚴謹的標準，
選用各種專利認證與天然成分產品，
幫助皮膚管理院所一同成長，為顧客帶來值得信賴的肌膚管理。

"
https://www.beautyworldtaipei.com/m/company.aspx?eid=BWT2026&id=1558&f=,"Country
Taiwan
Website
Booth
D2522","尚未提供資訊
No Data To Display"
https://www.beautyworldtaipei.com/m/company.aspx?eid=BWT2026&id=1531&f=,"Country
Taiwan
Website
Vsit our official website
Booth
D2821","尚未提供資訊
No Data To Display"
https://www.beautyworldtaipei.com/m/company.aspx?eid=BWT2026&id=1404&f=,"Country
Taiwan
Website
Booth
A0303","尚未提供資訊
No Data To Display"
https://www.beautyworldtaipei.com/m/company.aspx?eid=BWT2026&id=1466&f=,"Country
Taiwan
Website
Booth
A0600","尚未提供資訊
No Data To Display"
https://www.beautyworldtaipei.com/m/company.aspx?eid=BWT2026&id=1437&f=,"Country
Taiwan
Website
Booth
A0327","La’ellos 成立於 2015 年，專注於開發高品質美髮產品，主打洗髮、護髮及髮油等完整護理系列。品牌秉持「讓專業成為日常」的理念，致力於讓消費者在家也能輕鬆擁有如同沙龍等級的護髮體驗，融合專業配方與嚴選成分，針對各種髮質問題提供有效、安心的解決方案。從頭皮潔淨、髮絲修護到深層滋養，全面呵護每一寸髮絲，重現柔順光澤、健康動人的秀髮。

Founded in 2015, La’ellos is a premium hair care brand dedicated to creating high-quality products, including shampoos, conditioners, and hair oils. With the belief that professional hair care should be part of everyday life, La’ellos brings salon-level results into your daily routine.
"
https://www.beautyworldtaipei.com/m/company.aspx?eid=BWT2026&id=1486&f=,"Country
Taiwan
Website
Booth
A0225","尚未提供資訊
No Data To Display"
https://www.beautyworldtaipei.com/m/company.aspx?eid=BWT2026&id=1451&f=,"Country
Taiwan
Website
Booth
N1","尚未提供資訊
No Data To Display"
https://www.beautyworldtaipei.com/m/company.aspx?eid=BWT2026&id=1445&f=,"Country
Taiwan
Website
Booth
A0010","尚未提供資訊
No Data To Display"
https://www.beautyworldtaipei.com/m/company.aspx?eid=BWT2026&id=1491&f=,"Country
Taiwan
Website
Booth
D2718","香氣如寄，韶光如驟，我們替味道尋找歸處。

而 Dear Air，就是那封寄往空氣、寄給每一位感受者的信。

Scents are like letters sent through time, and moments pass in a heartbeat. We find a sanctuary for every fragrance.

Dear Air is that very letter—addressed to the air, and written for every soul who feels.

"
https://www.beautyworldtaipei.com/m/company.aspx?eid=BWT2026&id=1405&f=,"Country
Taiwan
Website
Booth","尚未提供資訊
No Data To Display"
https://www.beautyworldtaipei.com/m/company.aspx?eid=BWT2026&id=1469&f=,"Country
Taiwan
Website
Booth
A1702","睫蒂斯，是一個誕生於美睫學院、由第一線美睫師親手打造的專業品牌。 我們不是從市場趨勢出發，而是從實際操作、教學與比賽現場中，一步一腳印累積而成。 品牌由創辦人 王菁菁所創立。王菁菁老師同時也是朵菲藝術整體造型店的創辦人，深耕美業超過二十年，長期投入於專業教學、技術培訓與國內外賽事指導。從最初拿起鑷子反覆練習的日子，到每日面對不同眼型、睫毛條件與顧客期待，她始終站在第一線，陪伴無數美睫師成長。 多年實務與教學經驗，讓王菁菁老師深刻理解美睫師在操作中的每一個細節需求—— 膠水的反應時間是否穩定、睫毛的柔軟度與回彈力是否理想、操作過程是否順手省力，以及最終成品是否能長時間維持細緻與安全，這些都是影響專業品質的關鍵。 正因為本身就是做美睫起家，睫蒂斯專注於美睫產品的研發與嚴選。我們不追求浮誇包裝與短暫話題，而是堅持每一項產品都必須通過實際操作、教學與高標準服務的考驗，確保真正適合長時間使用，並能對得起每一位專業美睫師的信任。 睫蒂斯不只是一個販售美睫用品的品牌，更是站在美睫師立場思考的專業夥伴。我們相信，穩定可靠的產品，是創作最好的後盾。 希望透過我們的用心，讓每一位美睫師都能安心專注於技術與美感的呈現，將熱愛與專業，完整展現在每一雙眼睛之上。 從美睫師出發，為美睫師而生， 這，是睫蒂斯始終不變的初心。

JETTISSE is a professional brand born from a lash academy and crafted by frontline lash artists themselves.
We don’t start from market trends; we grow step by step from hands-on practice, teaching, and competition experience.

The brand was founded by Jing-Jing Wang, who is also the founder of Doffee Artistry & Styling Studio. With over 20 years of experience in the beauty industry, she has been deeply involved in professional training, technical guidance, and both domestic and international competitions. From the early days of practicing with tweezers repeatedly to facing different eye shapes, lash conditions, and client expectations every day, she has always remained on the front line, supporting countless lash artists in their growth.

Years of hands-on and teaching experience have given Jing-Jing Wang a profound understanding of every detail that matters to lash artists:
whether the glue’s setting time is stable, the lashes’ softness and elasticity are ideal, the workflow is smooth and effortless, and whether the final results can maintain precision and safety over time — all of these are key factors that define professional quality.

Because JETTISSE originated from doing lashes, our focus is on the research, development, and careful selection of lash products. We don’t chase flashy packaging or temporary trends. Instead, we ensure that every product undergoes rigorous testing through practical use, teaching, and high-standard service checks, guaranteeing it is truly suitable for long-term use and earns the trust of professional lash artists.

JETTISSE is more than a brand that sells lash products; we are a professional partner that thinks from the perspective of lash artists. We believe that stable and reliable products are the best support for creative work. Through our dedication, we hope every lash artist can focus confidently on their technique and aesthetic, bringing passion and professionalism to every pair of eyes.

Born from lash artists, made for lash artists — this is the unwavering mission of JETTISSE."
https://www.beautyworldtaipei.com/m/company.aspx?eid=BWT2026&id=1485&f=,"Country
Taiwan
Website
Booth
A0828","本公司致力於幫助每一位顧客擁有健康、自信的肌膚。在現代社會中，忙碌的生活節奏常使人忽略了自身的保養與放鬆。我們希望透過舒適的空間設計與多元化的服務方式，讓顧客在身心靈上都能獲得全面呵護，從內而外展現自然光采，安心將自己交給我們。

我們同樣重視每一位員工的成長與幸福，秉持人性化的管理理念，持續打造正向、友善的工作環境。我們提供完整的教育訓練資源與職涯成長機會，歡迎擁有熱忱、勇於挑戰高額獎金制度的夥伴，一同加入我們的行列，創造非凡價值。

Our company is dedicated to helping every customer achieve healthy, confident skin. In today's fast-paced society, people often neglect self-care and relaxation. We aim to provide comprehensive care for our customers' body and mind through comfortable space design and diverse services, allowing them to radiate natural beauty from within and entrust themselves to us with peace of mind.

We also value the growth and well-being of every employee, upholding a humanistic management philosophy and continuously creating a positive and friendly work environment. We offer comprehensive educational and training resources and career development opportunities. We welcome passionate individuals who are willing to challenge themselves with high-paying bonuses to join us and create extraordinary value."
https://www.beautyworldtaipei.com/m/company.aspx?eid=BWT2026&id=1403&f=,"Country
Taiwan
Website
Booth
A0603","尚未提供資訊
No Data To Display"
https://www.beautyworldtaipei.com/m/company.aspx?eid=BWT2026&id=1524&f=,"Country
Taiwan
Website
Booth
D2736","我們遵循，ESG與SDＧs理念與指標，並通過BSCI驗證與B型企業認證。
除了更嚴格慎選供應鏈與合作夥伴，在成分來源與跨域合作上，更加強與在地及人文連結，深化社會面向。
身為RE100的會員，設下2030年100%使用綠電的目標。

我們以最高標準要求自己，無論是醫藥級純水系統，到通過歐盟最高規格PIF認證邁向國際，與歐美百貨與頂級飯店合作，成為台灣生物纖維面膜保養領導品牌。

前進、超越、突破框架
實現保養肌膚與永續未來的承諾

Company Mission
Our mission is to deliver safe, highly effective skincare solutions to global markets. Through the expansion of our in-house brands and OEM
partnerships, Jola International reaches diverse international markets with products that meet the highest standards of efficacy and quality.
Supported by our own research and development facilities and Taiwan’s only independent efficacy and clinical testing centers, we transform
ingredients into trustworthy products that customers can rely on.
Aligned with our mission, we are also dedicated to ESG principles, integrating sustainable practices, social responsibility, and transparent
governance into every aspect of our operations. This commitment strengthens our role as a responsible leader in the global skincare market."
https://www.beautyworldtaipei.com/m/company.aspx?eid=BWT2026&id=1472&f=,"Country
Taiwan
Website
Booth
D2228","伸佳企業

專業模具 ｜ 精密射出 ｜ 穩定量產交期

SIN JAR 自1991年成立以來，專注於壓克力（PMMA）化妝保養品包裝與禮品容器之設計與製造，擁有超過三十年的專業經驗，長期服務台灣及全球美妝品牌客戶。

我們具備完整的一站式製造能力，涵蓋產品設計、模具開發、精密射出成型，以及噴漆、印刷與燙金等後加工製程。從模具設計到量產射出，全面控管製程品質，確保產品穩定性與準時交期，滿足品牌對品質與上市時程的需求。

SIN JAR 持續以專業模具技術、穩定量產能力與嚴格品質管理為核心，協助客戶打造兼具設計感與市場競爭力的包裝，成為值得信賴的長期合作夥伴。

"
https://www.beautyworldtaipei.com/m/company.aspx?eid=BWT2026&id=1544&f=,"Country
Taiwan
Website
Booth
D3136","尚未提供資訊
No Data To Display"
https://www.beautyworldtaipei.com/m/company.aspx?eid=BWT2026&id=1489&f=,"Country
Taiwan
Website
Booth
D3036","尚未提供資訊
No Data To Display"
https://www.beautyworldtaipei.com/m/company.aspx?eid=BWT2026&id=1487&f=,"Country
Taiwan
Website
Booth
A0008","沛智科技(Genibuilder)由具備「以AI創造高商業價值」經驗的《財富》世界前 100 大企業資深專家，以及富有高度創新力的新世代工程師所組成，致力於以先進的AI科技，協助企業擺脫「系統與數據孤島」以及「人力資源短缺」兩大痛點。

為此開發的AACG (AI 加速企業成長) 平台® 與『Genii®』AI 代理，不僅能精簡並自動化繁瑣任務與複雜的工作流程，強化資料與權限管控，更能主動發掘具前瞻性的商業洞察與成長策略，進一步為客戶重塑企業的核心運作模式。

​​沛智科技的價值，是持續賦能客戶的企業與員工，讓人類得以釋放潛能並專注決策，加速企業客戶成長並為其構築堅實的永續競爭力。

Merging seasoned industry experts from the top 100 companies on the Fortune 500, who bring a proven track record of ""creating significant business value with AI"", with our new generation of highly innovative engineers, Genibuilder (沛智科技) uses advanced AI technology to help enterprises overcome two major pain points: ""system and data silos"" and ""human resource shortages"".​

The AACG (AI-Accelerated Corporate Growth) Platform® and ""Genii®"" AI agents, developed for this purpose, not only streamline and automate tedious tasks and complex workflows while strengthening data and access control, but also proactively uncover forward-thinking business insights and growth strategies, further reshaping clients' core operating models.

​Genibuilder's value is centered on continuously empowering clients' enterprises and employees, enabling humans to unleash their potential and focus on decision-making, accelerating client growth and building robust, sustainable competitiveness for them."
https://www.beautyworldtaipei.com/m/company.aspx?eid=BWT2026&id=1515&f=,"Country
Taiwan
Website
Booth
D2328","尚未提供資訊
No Data To Display"
https://www.beautyworldtaipei.com/m/company.aspx?eid=BWT2026&id=1375&f=,"Country
Taiwan
Website
Booth
A1306","亞御國際貿易有限公司是一家以 專業美容代理 為核心的成長型公司，專注於引進具市場潛力、實際能被美容現場運用的美容儀器與相關產品，陪伴合作店家一起把「專業」真正落實到經營與服務中。相信好的美容品牌來自於 專業累積、實戰經驗與持續優化。我們重視學習、溝通與實際執行力，能累積真正有價值的產業經驗。

Asia Royal International Trading Co., Ltd. is a growing company specializing in the professional distribution of beauty equipment and related products. We focus on introducing market-ready solutions that can be effectively applied in real salon settings, working closely with our partners to turn professionalism into tangible business and service value.

We believe that strong beauty brands are built through accumulated expertise, hands-on experience, and continuous optimization. At Asia Royal, we value learning, open communication, and execution ensuring the development of truly meaningful industry expertise."
https://www.beautyworldtaipei.com/m/company.aspx?eid=BWT2026&id=1462&f=,"Country
Taiwan
Website
Booth
A0110","尚未提供資訊
No Data To Display"
https://www.beautyworldtaipei.com/m/company.aspx?eid=BWT2026&id=1545&f=,"Country
Taiwan
Website
Booth
A0230","尚未提供資訊
No Data To Display"
https://www.beautyworldtaipei.com/m/company.aspx?eid=BWT2026&id=1556&f=,"Country
Taiwan
Website
Booth","延熙生醫股份有限公司（YonHee Biomedical） 專注於頭皮養護與生物科技應用，致力於為醫美診所、SPA與專業美容機構提供完整的頭皮健康管理解決方案。公司承襲超過30年的美妝與保養產業經驗，整合日韓生技合作資源，發展專業級頭皮養護產品與應用系統。

旗下品牌 Revexo 結合 外泌體（Exosomes）、PDRN 與多重胜肽 等生物科技成分，推出 髮根訊號組與活源精粹 等頭皮養護產品，可搭配專業頭皮養護療程與居家保養應用，協助維持頭皮健康環境與髮絲狀態。

延熙生醫除產品供應外，亦提供 療程設計、教育培訓與營運支持，協助合作夥伴建立具差異化的頭皮養護服務，發展長期且穩定的客群經營模式。

YonHee Biomedical Co., Ltd. specializes in scalp care and biotechnology applications, providing professional scalp health management solutions for aesthetic clinics, medical institutions, spas, and professional beauty salons. With more than 30 years of experience in the beauty and personal care industry, the company integrates biotechnology resources and product development expertise from Japan and Korea to develop professional scalp care products and treatment applications.

Its flagship brand Revexo combines bioactive ingredients such as Exosomes, PDRN, and multiple peptides, offering scalp care solutions including Hair Root Signal Ampoule and Revitalizing Essence. These products are designed for professional scalp care treatments and home care routines to help maintain a healthy scalp environment and improve the overall condition of hair.

In addition to product development, YonHee Biomedical also provides treatment concepts, professional education, and business support, helping partners establish differentiated scalp care services and develop long-term customer relationships."
https://www.beautyworldtaipei.com/m/company.aspx?eid=BWT2026&id=1417&f=,"Country
Taiwan
Website
Booth
A0023","『NEWTRAL』
每個人都是獨立個體、
自我標榜對自由和個體尊嚴的追求。
不分男女，
除毛也是一件很藝術的事情。



Newtral產品開發理念，並持用最貼心的親膚保養，給予私密肌膚安心呵護。

全產品線成分為「純素」，「不做動物實驗」，符合「環境友善」，不使用含Parabens, BHA, BHT, Tricoson等環境賀爾蒙的成分。
使用高科技的專利成分，並堅決不使用「酒精」、「色素」與有爭議性的防腐劑，打造低敏性的私密肌親膚保養品。

"
https://www.beautyworldtaipei.com/m/company.aspx?eid=BWT2026&id=1555&f=,"Country
Taiwan
Website
Booth
N2","C.I.B.A. 中華國際美容協會成立於民國83年，是台灣具有歷史與規模的美容專業組織之一，長期致力於推動美容教育、專業證照培訓與國際技術交流。
三十多年來，協會持續與國際美學機構合作，引進各國專業教育系統與國際競賽平台，協助美容從業人員提升技術能力並拓展國際視野。
本次台北國際美容保養展中，C.I.B.A. 將展示來自韓國的 KBP 專業個人色彩系統。KBP 透過數據化色彩分析與專利色卡進行精準診斷，並結合 骨骼風格分析，提供更完整的個人形象顧問系統，協助沙龍與形象顧問提升專業服務價值。
展會期間，現場亦提供 KBP 快速個人色彩診斷體驗，透過專業色卡分析，協助體驗者快速找到最適合自己的命定色彩。
此外，攤位亦將展示 C.I.B.A. 2026 年度行事曆與多項國際合作計畫，包含專業培訓課程、國際競賽與產業交流活動。
同時也將展出 今年度聯名推出的專業筋膜刀工具，結合美容技術與筋膜放鬆應用，提供美容與健康產業更多元的專業服務選擇。
歡迎業界人士與民眾蒞臨 C.I.B.A. 攤位，了解更多關於 個人色彩診斷、專業教育系統與國際合作機會！

C.I.B.A. (Chinese International Beauty Association) is one of Taiwan’s long-established professional beauty organizations, dedicated to promoting beauty education, professional certification, and international industry exchange.
For over 30 years, C.I.B.A. has collaborated with international beauty institutions to introduce advanced training systems, professional techniques, and global competitions, supporting beauty professionals in expanding their expertise and international perspectives.
At Beautyworld Taipei, C.I.B.A. will present the KBP Professional Personal Color System from Korea, which uses data-based color analysis and proprietary color cards to provide accurate personal color diagnosis. The system also integrates skeletal style analysis, offering a comprehensive approach to personal image consulting.
During the exhibition, visitors can experience a KBP Quick Personal Color Diagnosis, allowing participants to discover their most suitable color tones through a professional yet efficient analysis.
In addition, the booth will showcase C.I.B.A.’s 2026 annual programs and international events, as well as a co-branded professional fascia tool developed with industry experts, designed for beauty therapy and professional treatment applications.
Visitors are welcome to explore opportunities in personal color diagnosis, beauty education, professional certification, and international collaboration at the C.I.B.A. booth."
https://www.beautyworldtaipei.com/m/company.aspx?eid=BWT2026&id=1490&f=,"Country
Taiwan
Website
Booth
N4","尚未提供資訊
No Data To Display"
https://www.beautyworldtaipei.com/m/company.aspx?eid=BWT2026&id=1443&f=,"Country
Taiwan
Website
Booth
A1703","Bambistar起初專注於童裝與女裝的手工訂製設計，長期累積對版型比例、布料觸感與穿著舒適度的高度要求。
這些看似屬於時裝的細節，卻也正是美容產業工作者在長時間站立與高頻操作中，最容易被忽略、卻最需要被照顧的部分。

2023 年，我們與一位極具代表性的美髮設計師展開合作，
正式投入美容與美髮專用工作圍裙的研發。
從實際工作流程出發，反覆測試並調整每一個細節，
讓工作圍裙同時具備機能性、耐用度與專業形象。

Bambistar began as a handcrafted bespoke brand for childrenswear and womenswear, where attention to proportion, fabric, and comfort defines every design.
These sensibilities naturally extend to beauty professionals, whose long working hours demand garments that support both movement and focus.

In 2023, we partnered with a leading hair stylist to develop professional work aprons for the beauty and hair industry—thoughtfully designed through real-world testing to balance functionality, durability, and a refined professional presence."
https://www.beautyworldtaipei.com/m/company.aspx?eid=BWT2026&id=1455&f=,"Country
Taiwan
Website
Booth
D2618","尚未提供資訊
No Data To Display"
https://www.beautyworldtaipei.com/m/company.aspx?eid=BWT2026&id=1408&f=,"Country
Taiwan
Website
Booth
A0222","VB 成立於 2014 年，
品牌標語為 「專業品質，無可取代；享受美麗，無需等待。」
由品牌創辦人暨執行長 黃苡甯（安安 AnnAnn） 創立，致力打造具備國際規格、能與世界對話的台灣專業保養品牌。


隨著技術累積，VB 前瞻投入再生醫美與外泌體應用，專注於育膚與育髮市場，並成立苡安再生美學學院，建構「產品 × 技術 × 教學」的專業體系，培育美業人才並建立穩定通路。

2024 年，VB 代理韓國原裝積雪草植物外泌體產品 「舒顏泌 EXO SKIN REPAIR」，並於 2025 年上市。
目前 VB 已研發超過 40 項保養品，並於 2025 年受邀至越南河內擔任獨家外泌體技術教學指導單位，正式展開國際佈局。

VB正式與國際接軌，販售至韓國、日本、泰國、越南、新加坡等國家。

VB 將持續以「專業為本、安全為先」，讓世界看見來自台灣的再生美學實力。

VB was founded in 2014 with the brand slogan:
“Professional Quality, Irreplaceable; Beauty Enjoyed Without Waiting.”
Established by founder and CEO Huang Yi-Ning (AnnAnn), VB is dedicated to building a Taiwan-based professional skincare brand that meets international standards and speaks confidently to the global market.

With medical-aesthetic expertise at its core, VB has long been committed to dermatology, biochemical technology, and safe formulation applications. The brand places strong emphasis on ingredient stability and proven skin benefits. All VB products are developed according to medical-grade standards and have passed sensitivity tests and safety certifications, delivering safe, stable, and highly effective skincare solutions for different skin types.

As its technology continued to evolve, VB proactively entered the field of regenerative aesthetics and exosome applications, focusing on both skin rejuvenation and hair restoration. The brand also established the Yi-An Regenerative Aesthetics Academy, creating a professional ecosystem that integrates products × technology × education, nurturing beauty professionals and building sustainable distribution channels.

In 2024, VB became the exclusive distributor of the Korean-made Centella Asiatica plant exosome product “EXO SKIN REPAIR”, which officially launched in 2025. To date, VB has developed over 40 skincare products and, in 2025, was invited to Hanoi, Vietnam, as an official exosome technology training partner—marking a significant step in its international expansion.

Guided by the principles of “Professionalism First, Safety Always,” VB continues to showcase the strength of Taiwanese regenerative aesthetics on the global stage."
https://www.beautyworldtaipei.com/m/company.aspx?eid=BWT2026&id=1438&f=,"Country
Taiwan
Website
Booth
D1623","台灣廠商｜美淨生技有限公司

源自第一線美容師視角，秉持「讓保養變簡單」的初心，打造 MIT 專業沙龍品牌 CHIKO。

創辦人芊子深耕美業 17 年，熟悉肌膚問題，更理解經營現場的壓力與挑戰。
CHIKO 不只提供結合專利科技、強調「輕鬆操作 × 高效成果」的專業保養方案，更致力成為店家穩定獲利與升級轉型的長期夥伴。

本次展出重點：
▪ 智慧科技「二八縮時保養計畫」
▪ 沙龍熱銷明星品項
▪ 院線經營輔導與升級策略分享

無論您正在尋找同業合作價格、門店優化方案，或想掌握最新美業趨勢，歡迎蒞臨交流。

創業路上不孤單，CHIKO 與您並肩前行。

📍 攤位：D1623
💬 預約洽談 👉 https://lin.ee/eemmb3C

Taiwanese Exhibitor #MeiJingBiotech
Created from an esthetician's perspective with the mission to ""make skincare simple,"" we proudly present CHIKO, a premium MIT (Made in Taiwan) salon brand! ✨

With 17 years on the front lines, founder Qianzi truly gets the struggles of running a salon. We don’t just offer patented, ""Effortless yet Effective"" products—we are your dedicated business mentors 🏃‍♀️💨

This time, we’re showcasing our 28 Smart Tech Time-Saving Skincare Plan alongside our best-sellers!
Looking for exclusive industry deals, store makeovers, or just want to chat about beauty trends? Come say hi! You don't have to go it alone; CHIKO has your back 🤝

📍 Booth: D1623
💬 Book in advance here 👉 https://lin.ee/eemmb3C"
https://www.beautyworldtaipei.com/m/company.aspx?eid=BWT2026&id=1522&f=,"Country
Taiwan
Website
Booth
A0131","尚未提供資訊
No Data To Display"
https://www.beautyworldtaipei.com/m/company.aspx?eid=BWT2026&id=1550&f=,"Country
Taiwan
Website
Booth
P02","尚未提供資訊
No Data To Display"
https://www.beautyworldtaipei.com/m/company.aspx?eid=BWT2026&id=1551&f=,"Country
Taiwan
Website
Booth
D2821","尚未提供資訊
No Data To Display"
https://www.beautyworldtaipei.com/m/company.aspx?eid=BWT2026&id=1546&f=,"Country
Taiwan
Website
Booth
D2536","尚未提供資訊
No Data To Display"
https://www.beautyworldtaipei.com/m/company.aspx?eid=BWT2026&id=1401&f=,"Country
Taiwan
Website
Booth
D2527","NS+象徵著我們將「妳的美」再進化、再提升。
不是制式的標準，而是訂製屬於妳的獨特光彩。
醫學美容不僅是達成心之所向的途徑，更是對生活美感的嚮往與追求。
15年以上的深耕，深切感受到現今留美產業的層次差距
我們深信唯有「秉持至上的醫療安全」和「良好的醫病關係建立」，才能打造出堅如磐石的信任基石。

秉持六大服務理念，聘請業界各領域權威醫師，導入高規格醫學設備，整合各專業服務人員，讓療程效果盡善盡美，堅持自然之美之餘，也兼具精緻度、細膩度和流暢度。不只賦予美從內而外的自信散發，更期望。

美麗蛻變從「欣」開始，光彩奪目燦然一「莘」
讓欣莘陪伴妳邁向人生的Plus版本

NS+ symbolizes our further evolution and enhancement of ""Your Beauty.""
It's not about standardized formulas, but about creating a unique radiance tailored just for you.
Medical aesthetics is not only a means to achieve your desires, but also a yearning and pursuit of beauty in life.
With over 15 years of experience, we deeply understand the current gap in the quality of the US-based medical aesthetics industry.
We firmly believe that only by prioritizing medical safety and establishing a strong doctor-patient relationship can we build an unshakeable foundation of trust.

Upholding six core service principles, we employ leading physicians from various fields, utilize high-standard medical equipment, and integrate professional service personnel to ensure the best possible treatment results. We insist on natural beauty while also achieving refinement, delicacy, and smoothness. We not only give beauty an inner and outer confidence, but also aspire to...

A beautiful transformation begins with ""Xin,"" a radiant and dazzling ""Xin.""
Let XinXin accompany you on your journey to the Plus version of life."
https://www.beautyworldtaipei.com/m/company.aspx?eid=BWT2026&id=1448&f=,"Country
Taiwan
Website
Booth
N7","尚未提供資訊
No Data To Display"
https://www.beautyworldtaipei.com/m/company.aspx?eid=BWT2026&id=1526&f=,"Country
Taiwan
Website
Booth","德祁科技協同頂豪生活科技 致力於定義醫美產業的新標準，結合兩方研發實力，不僅提供植體，更提供結合「數位模擬、3D 客製與生物材料整合」提供精準設計與專利材料完美對接的一站式精準醫療解決方案 ：

1.全方位 3D 數位建模： 利用大尺寸 3D 電腦斷層掃描 (CT)，由專業工程師精確捕捉患者骨骼輪廓 。針對豐額、隆鼻、墊下巴及中臉墊片（蘋果肌與法令紋），規劃出長、寬、深、高皆 100% 契合的專屬方案 。
2.第三代仿活體異質軟骨： 採用美國 NuSil 醫療級原料，具備獨家專利的多孔性結構（平均孔徑約 200–400μm） 。此結構能讓自體細胞自然長入（Tissue Ingrowth），實現植體與骨骼的「生物性契合」，徹底解決傳統實心矽膠常見的莢膜攣縮與位移問題 。
3.數據導向的精準預測： 在手術前即可透過數位模擬推斷術後成果，並針對神經孔等危險區域進行避讓設計，大幅降低手術風險並縮短復原期 。
4.權威認證與高安全性： 產品不僅通過 ISO 10993 生物相容性測試，更同時榮獲台灣 TFDA 與美國 FDA (510k) 雙重上市許可，提供醫師與患者最堅實的信任基礎 。

AccuroDesign, in collaboration with CHTECH, is dedicated to defining new standards in the aesthetic industry. By integrating the R&D strengths of both entities. This approach seamlessly bridges precise 3D design with patented biomaterials, incorporating digital navigation, 3D customization, and biological integration to ensure a perfect fit for every patient.

Ｏne-stop precision medical solution：
1.100% Personalized Precision: We utilize high-resolution 3D CT data to map out every anatomical detail, creating implants for the forehead, mid-face, nose, and chin that fit like a second skin.
2.Third-Gen Bio-Integrative Technology: Our implants feature a patented porous structure (200–400μm) made from US-sourced NuSil medical-grade silicone. This allows for natural tissue ingrowth, ensuring long-term stability and significantly reducing the risk of capsular contracture or displacement.
3.Predictive Surgical Planning: Our digital workflow allows surgeons to visualize final results before the procedure, ensuring precision and safety while minimizing recovery time.
4.Dual-Certified Excellence: Our commitment to quality is backed by international standards (ISO 13485) and regulatory approvals from both the Taiwan TFDA and the US FDA."
https://www.beautyworldtaipei.com/m/company.aspx?eid=BWT2026&id=1528&f=,"Country
Taiwan
Website
Booth","博而美國際股份有限公司自1985年成立以來，持續引進全球先進醫療設備與創新技術，深耕台灣醫療市場逾三十年。服務涵蓋醫學美容、牙科、影像血管及大外科等領域，透過專業銷售與原廠認證維護服務，協助醫療院所打造安全、合法且高品質的醫療環境。醫美方面代理韓國品牌 麗珠蘭 產品，並推出醫療級診所通路保養品；同時攜手 訊聯細胞製藥 推動ANiKINE外泌體應用，布局再生醫學市場，實踐為生命服務的使命。

"
https://www.beautyworldtaipei.com/m/company.aspx?eid=BWT2026&id=1513&f=,"Country
Taiwan
Website
Booth
A1031","森下商行是一間由日本出發、結合生活美感與職人選物的風格品牌。

成立於2019，將來自日本的優質選品，包括服飾、保養品、生活小物等，透過快閃店、線上選物與社群內容，傳遞給喜歡質感生活的消費者。

2025年，亦成為日本有機植萃保養品牌soel的台灣區代理。
soel是來自日本福岡的植物系純淨保養品牌，秉持「回歸肌膚本質」的理念，以最少的添加、最溫柔的呵護，陪伴每一位消費者的肌膚日常。

Morishita Clothing Gift Company is a Japan-based company that combines aesthetics with artisan-selected items.

Established in 2019, dedicated to delivering high-quality Japanese products, Morishita has tended to customers through pop-up stores, online selections, and social media content.

Starting 2025, Morishita has also become the Taiwan distributor for the Japanese organic plant-based skincare brand, soel.
soel is an organic skincare brand from Japan, Fukuoka. Adhering to the philosophy of 'returning to the essence of the skin', soel provides the gentlest care with minimal additives, caring for every customer in their daily skincare routine.
"
https://www.beautyworldtaipei.com/m/company.aspx?eid=BWT2026&id=1471&f=,"Country
Taiwan
Website
Booth
D2936","絲爾維亞彩妝造型工作室由藝人指定彩妝師創立，堅持美感應該落實於生活，因此成立well&seek唯研系，以溫暖心意蒐集美的大小事。代理日本SMH絲密赫髮妝，方便易用的髮粉底與髮纖維+髮噴霧解決髮量困擾。同時引進韓國Karl&Hans髮肌保養，用簡單高效的保養實現美肌夢想。

Company Profile: Silvia Makeup & Styling Studio
Founded by a celebrity-preferred makeup artist, Silvia Makeup & Styling Studio is built on the belief that aesthetic beauty should be seamlessly integrated into everyday life. This vision led to the creation of our retail brand, well&seek, which meticulously curates the essentials of beauty with a heartfelt touch.
Our curated portfolio includes:
• SMH (Super Million Hair), Japan: As the authorized agent, we offer convenient hair foundations, fibers, and mist sprays designed to effortlessly solve thinning hair concerns.
• Karl & Hans, South Korea: We introduce this premium scalp and skin care line to help clients achieve their ""flawless skin dreams"" through simple yet highly effective routines.
At Silvia Makeup & Styling Studio, we combine professional artistry with world-class products to bring curated beauty to your lifestyle."
https://www.beautyworldtaipei.com/m/company.aspx?eid=BWT2026&id=1402&f=,"Country
Taiwan
Website
Booth
A0430","創立於 2010 年，愛美時尚美睫深耕美睫與熱蠟除毛產業，專注於專業技術服務、教育課程推廣、創業輔導與產品研發銷售，致力成為美業創業者最堅實的後盾。
目前旗下品牌包含：
▸ 韓國美妝｜MINIMERRY迷你美麗
▸ 美睫品牌｜EYESBEAUTY
▸ 門市沙龍｜Lane58
▸ 熱蠟品牌｜WAXXXX 法國專業熱蠟

▸ 教學事業、創業輔導與代理培訓等多項服務
我們相信，美業是一場長遠的事業，不只是技術，更是品牌經營的專業。
📍 品牌官網
https://www.eyesbeauty.com.tw
歡迎訂閱我們的頻道，掌握第一手美業趨勢與技術教學影片！

"
https://www.beautyworldtaipei.com/m/company.aspx?eid=BWT2026&id=1527&f=,"Country
Taiwan
Website
Vsit our official website
Booth","GC Aesthetics® 擁有超過40年的植入物研發與臨床經驗，產品已於歐洲、亞洲及中南美洲等全球70多個國家上市，過去10年更是累積逾300萬例使用經驗。
2023年，GC Aesthetics 正式進入台灣市場，並取得歐盟 CE 與台灣 TFDA 雙重認證，以嚴謹品質與專業技術，為醫師與求美者提供安心可靠的選擇。


"
https://www.beautyworldtaipei.com/m/company.aspx?eid=BWT2026&id=1468&f=,"Country
Taiwan
Website
Booth
A0822","尚未提供資訊
No Data To Display"
https://www.beautyworldtaipei.com/m/company.aspx?eid=BWT2026&id=1547&f=,"Country
Taiwan
Website
Booth
A0027","尚未提供資訊
No Data To Display"
https://www.beautyworldtaipei.com/m/company.aspx?eid=BWT2026&id=1525&f=,"Country
Taiwan
Website
Booth
D2624","來自泰國的香氛品牌 MITH，相信氣味不只是感官體驗，更是一種能喚醒記憶與情感的力量。
那些深藏於童年與成長歲月中的幸福片段，往往伴隨著愛、溫暖、笑容與笑聲，即使時光流逝，依然能在某個瞬間被重新喚起。對 MITH 而言，香氣正是連結記憶與情感的重要媒介。

MITH 品牌的創立初衷，正是希望成為承載美好回憶的象徵。品牌相信，許多珍貴的往日時光，也許會隨著時間漸漸模糊，但當熟悉的氣味再次出現，那些曾經令人感到幸福的畫面與情緒，也會隨之回到心中。透過香氛，MITH 希望帶領人們重新回到那些快樂、純粹且真摯的時刻。

品牌名稱 MITH，同時也蘊含多重意義。除了代表 Made in Thailand，展現品牌源自泰國的背景與精神外，在泰文的發音中，「MITH」也有著 朋友、友誼 的意涵。對品牌而言，氣味就像一段真誠的關係，不僅能傳遞溫度，也能拉近人與人之間的距離，讓香氣成為情感交流的一部分。

MITH 希望每一款香氣，都不只是單純的香水，而是一段關於記憶、情感與連結的延伸。當人們聞到某種氣味時，想起的或許是一個人、一段時光，或是一個曾經讓自己感到幸福的瞬間。這正是 MITH 所想傳遞的品牌價值：讓香氣成為美好記憶的入口，也成為情感延續的載體。

ABOUT MITH

Childhood memories that have never faded with happiness, love, warmth, smiles, and laughs leading to delighted emotion when these have been recalled.

MITH brand is established with its hope to be the representative reflecting happy memories of past days that seem to fade over time and returning to the happy memories.

MITH is the abbreviation for made in thailand.the way to pronounce a word “mith” in thai language also means friend or friendship and good fragrance conveys the meaning of good friendship."
https://www.beautyworldtaipei.com/m/company.aspx?eid=BWT2026&id=1458&f=,"Country
Taiwan
Website
Booth
D2621","尚未提供資訊
No Data To Display"
https://www.beautyworldtaipei.com/m/company.aspx?eid=BWT2026&id=1557&f=,"Country
Taiwan
Website
Booth","尚未提供資訊
No Data To Display"
https://www.beautyworldtaipei.com/m/company.aspx?eid=BWT2026&id=1518&f=,"Country
Taiwan
Website
Booth
P01","尚未提供資訊
No Data To Display"
https://www.beautyworldtaipei.com/m/company.aspx?eid=BWT2026&id=1423&f=,"Country
Taiwan
Website
Booth
A0033","尚未提供資訊
No Data To Display"
https://www.beautyworldtaipei.com/m/company.aspx?eid=BWT2026&id=1464&f=,"Country
Taiwan
Website
Booth
A0631","『TiMe』把空檔，變成你的下一個機會

在節奏急促的現代社會，人人都渴望用 最少的時間，完成最多的事。
然而，零碎的空檔卻常常被忽略、浪費──

TiMe 時米的誕生，讓瑣碎片刻，轉化為真正有價值的機會。
無論是學習新技能、展開斜槓工作，或是享受生活片刻。
TiMe 提供便利的即時服務，透過「時間」創造多元的選擇與可能。

每個人都值得善用自己的時間，換來理想的生活方式。
時間不只是流動的數字，而是承載著未來的無限選擇。

TiMe，是一種新的生活方式。

TiMe: Turn Your Free Moments into Your Next Opportunity

Life today moves fast. Everyone wants to achieve more in less time.
Yet the small gaps in our day are often overlooked and wasted.

That is why TiMe was created. TiMe helps you transform those spare moments into something truly valuable. Whether you want to learn a new skill, start a side project, or simply enjoy life a little more, TiMe makes it easy to take action immediately. By matching people through time, TiMe unlocks more choices and creates new possibilities for everyone.

Everyone deserves to use their time well and build the life they want. Time is not just numbers on a clock. It is the gateway to future opportunities.

TiMe is a new way to live."
